image_id,image_path,object_name,confidence,xmin,ymin,xmax,ymax,objects_detected
Flickr30K/4468542868.jpg,/content/Image_captioning_Local/Flickr30K/flickr30k_images/flickr30k_images/flickr30k_images/4468542868.jpg,person,0.7624965906143188,12.146371841430664,123.83265686035156,331.1992492675781,500.0,1
Flickr30K/4469010721.jpg,/content/Image_captioning_Local/Flickr30K/flickr30k_images/flickr30k_images/flickr30k_images/4469010721.jpg,person,0.939896285533905,137.4094696044922,232.3507843017578,249.7864990234375,497.35211181640625,3
Flickr30K/4469010721.jpg,/content/Image_captioning_Local/Flickr30K/flickr30k_images/flickr30k_images/flickr30k_images/4469010721.jpg,handbag,0.2891992926597595,139.02345275878906,276.5771484375,183.68678283691406,392.47027587890625,3
Flickr30K/4469010721.jpg,/content/Image_captioning_Local/Flickr30K/flickr30k_images/flickr30k_images/flickr30k_images/4469010721.jpg,car,0.26164478063583374,0.0,272.79205322265625,32.20845031738281,296.768798828125,3
Flickr30K/446901798.jpg,/content/Image_captioning_Local/Flickr30K/flickr30k_images/flickr30k_images/flickr30k_images/446901798.jpg,person,0.8856713175773621,155.02197265625,56.49508285522461,285.2694396972656,393.40380859375,2
Flickr30K/446901798.jpg,/content/Image_captioning_Local/Flickr30K/flickr30k_images/flickr30k_images/flickr30k_images/446901798.jpg,dog,0.8223052620887756,83.40418243408203,300.7309265136719,150.40159606933594,406.2326354980469,2
Flickr30K/446902008.jpg,/content/Image_captioning_Local/Flickr30K/flickr30k_images/flickr30k_images/flickr30k_images/446902008.jpg,person,0.8998013138771057,111.87696838378906,81.98968505859375,243.05386352539062,296.8207702636719,1
Flickr30K/446902206.jpg,/content/Image_captioning_Local/Flickr30K/flickr30k_images/flickr30k_images/flickr30k_images/446902206.jpg,person,0.9287171363830566,211.6384735107422,274.1885986328125,278.22576904296875,458.9881896972656,4
Flickr30K/446902206.jpg,/content/Image_captioning_Local/Flickr30K/flickr30k_images/flickr30k_images/flickr30k_images/446902206.jpg,person,0.9072641730308533,109.52659606933594,313.5996398925781,143.94512939453125,438.2986145019531,4
Flickr30K/446902206.jpg,/content/Image_captioning_Local/Flickr30K/flickr30k_images/flickr30k_images/flickr30k_images/446902206.jpg,person,0.871156632900238,184.99891662597656,278.0863342285156,207.90255737304688,353.29913330078125,4
Flickr30K/446902206.jpg,/content/Image_captioning_Local/Flickr30K/flickr30k_images/flickr30k_images/flickr30k_images/446902206.jpg,dog,0.7703452110290527,256.0179138183594,396.7832336425781,298.140869140625,464.7943420410156,4
Flickr30K/446902282.jpg,/content/Image_captioning_Local/Flickr30K/flickr30k_images/flickr30k_images/flickr30k_images/446902282.jpg,person,0.9256910681724548,126.17861938476562,183.54774475097656,195.92230224609375,365.5974426269531,2
Flickr30K/446902282.jpg,/content/Image_captioning_Local/Flickr30K/flickr30k_images/flickr30k_images/flickr30k_images/446902282.jpg,person,0.8917891383171082,172.92391967773438,146.65252685546875,219.02745056152344,297.278564453125,2
Flickr30K/446907949.jpg,/content/Image_captioning_Local/Flickr30K/flickr30k_images/flickr30k_images/flickr30k_images/446907949.jpg,person,0.8973546028137207,192.85914611816406,105.78451538085938,241.14682006835938,229.44078063964844,3
Flickr30K/446907949.jpg,/content/Image_captioning_Local/Flickr30K/flickr30k_images/flickr30k_images/flickr30k_images/446907949.jpg,person,0.8945142030715942,273.6882629394531,130.2421112060547,313.7068786621094,233.87704467773438,3
Flickr30K/446907949.jpg,/content/Image_captioning_Local/Flickr30K/flickr30k_images/flickr30k_images/flickr30k_images/446907949.jpg,backpack,0.3264773190021515,205.73480224609375,124.67410278320312,228.91986083984375,147.24314880371094,3
Flickr30K/446908917.jpg,/content/Image_captioning_Local/Flickr30K/flickr30k_images/flickr30k_images/flickr30k_images/446908917.jpg,person,0.8864057064056396,134.9041748046875,127.13038635253906,177.31761169433594,226.4066925048828,4
Flickr30K/446908917.jpg,/content/Image_captioning_Local/Flickr30K/flickr30k_images/flickr30k_images/flickr30k_images/446908917.jpg,car,0.8730509281158447,205.615478515625,103.14852905273438,466.50958251953125,269.9009704589844,4
Flickr30K/446908917.jpg,/content/Image_captioning_Local/Flickr30K/flickr30k_images/flickr30k_images/flickr30k_images/446908917.jpg,suitcase,0.3213668763637543,183.14541625976562,202.1414337158203,201.5768280029297,224.20277404785156,4
Flickr30K/446908917.jpg,/content/Image_captioning_Local/Flickr30K/flickr30k_images/flickr30k_images/flickr30k_images/446908917.jpg,truck,0.2960238754749298,36.07108688354492,65.57109069824219,321.57666015625,219.2067413330078,4
Flickr30K/4469153514.jpg,/content/Image_captioning_Local/Flickr30K/flickr30k_images/flickr30k_images/flickr30k_images/4469153514.jpg,person,0.8999847769737244,7.108348846435547,155.9948272705078,49.288063049316406,284.5539855957031,8
Flickr30K/4469153514.jpg,/content/Image_captioning_Local/Flickr30K/flickr30k_images/flickr30k_images/flickr30k_images/4469153514.jpg,person,0.8572889566421509,190.08868408203125,145.55075073242188,253.6916961669922,261.5120544433594,8
Flickr30K/4469153514.jpg,/content/Image_captioning_Local/Flickr30K/flickr30k_images/flickr30k_images/flickr30k_images/4469153514.jpg,person,0.8437519669532776,429.6148681640625,173.54922485351562,469.0675354003906,275.1716003417969,8
Flickr30K/4469153514.jpg,/content/Image_captioning_Local/Flickr30K/flickr30k_images/flickr30k_images/flickr30k_images/4469153514.jpg,person,0.6646129488945007,169.46746826171875,95.89305114746094,207.89947509765625,145.71737670898438,8
Flickr30K/4469153514.jpg,/content/Image_captioning_Local/Flickr30K/flickr30k_images/flickr30k_images/flickr30k_images/4469153514.jpg,person,0.6132696866989136,147.6606903076172,126.48943328857422,175.60194396972656,188.47274780273438,8
Flickr30K/4469153514.jpg,/content/Image_captioning_Local/Flickr30K/flickr30k_images/flickr30k_images/flickr30k_images/4469153514.jpg,handbag,0.4836936891078949,38.439796447753906,188.79385375976562,55.35992431640625,217.88720703125,8
Flickr30K/4469153514.jpg,/content/Image_captioning_Local/Flickr30K/flickr30k_images/flickr30k_images/flickr30k_images/4469153514.jpg,person,0.47144684195518494,423.66937255859375,83.44779205322266,466.00299072265625,179.30502319335938,8
Flickr30K/4469153514.jpg,/content/Image_captioning_Local/Flickr30K/flickr30k_images/flickr30k_images/flickr30k_images/4469153514.jpg,kite,0.25650933384895325,41.66054153442383,150.72683715820312,178.55674743652344,262.7834777832031,8
Flickr30K/4469164358.jpg,/content/Image_captioning_Local/Flickr30K/flickr30k_images/flickr30k_images/flickr30k_images/4469164358.jpg,person,0.7948060631752014,124.69636535644531,27.426433563232422,353.8982849121094,500.0,2
Flickr30K/4469164358.jpg,/content/Image_captioning_Local/Flickr30K/flickr30k_images/flickr30k_images/flickr30k_images/4469164358.jpg,baseball bat,0.4370126724243164,23.27176856994629,314.5306701660156,178.36436462402344,446.3384094238281,2
Flickr30K/4469625273.jpg,/content/Image_captioning_Local/Flickr30K/flickr30k_images/flickr30k_images/flickr30k_images/4469625273.jpg,person,0.8320168256759644,20.363819122314453,60.756587982177734,338.7751159667969,375.6987609863281,2
Flickr30K/4469625273.jpg,/content/Image_captioning_Local/Flickr30K/flickr30k_images/flickr30k_images/flickr30k_images/4469625273.jpg,person,0.39051365852355957,410.63800048828125,187.6967315673828,496.553955078125,376.7784729003906,2
Flickr30K/4469735380.jpg,/content/Image_captioning_Local/Flickr30K/flickr30k_images/flickr30k_images/flickr30k_images/4469735380.jpg,person,0.9064975380897522,215.84312438964844,40.85218811035156,340.4300842285156,216.21463012695312,10
Flickr30K/4469735380.jpg,/content/Image_captioning_Local/Flickr30K/flickr30k_images/flickr30k_images/flickr30k_images/4469735380.jpg,bowl,0.8560036420822144,338.4400329589844,263.4760437011719,460.5605163574219,357.5350341796875,10
Flickr30K/4469735380.jpg,/content/Image_captioning_Local/Flickr30K/flickr30k_images/flickr30k_images/flickr30k_images/4469735380.jpg,bowl,0.8045107126235962,453.1396789550781,210.58657836914062,500.0,261.0068054199219,10
Flickr30K/4469735380.jpg,/content/Image_captioning_Local/Flickr30K/flickr30k_images/flickr30k_images/flickr30k_images/4469735380.jpg,bowl,0.7304714918136597,368.28814697265625,194.62144470214844,468.7139587402344,283.54803466796875,10
Flickr30K/4469735380.jpg,/content/Image_captioning_Local/Flickr30K/flickr30k_images/flickr30k_images/flickr30k_images/4469735380.jpg,spoon,0.7293265461921692,425.6392822265625,182.60507202148438,445.32647705078125,230.4737091064453,10
Flickr30K/4469735380.jpg,/content/Image_captioning_Local/Flickr30K/flickr30k_images/flickr30k_images/flickr30k_images/4469735380.jpg,person,0.7252688407897949,1.7985165119171143,2.5572896003723145,190.7906951904297,374.5814208984375,10
Flickr30K/4469735380.jpg,/content/Image_captioning_Local/Flickr30K/flickr30k_images/flickr30k_images/flickr30k_images/4469735380.jpg,bowl,0.5163873434066772,212.76287841796875,232.13246154785156,254.4922332763672,269.8912353515625,10
Flickr30K/4469735380.jpg,/content/Image_captioning_Local/Flickr30K/flickr30k_images/flickr30k_images/flickr30k_images/4469735380.jpg,spoon,0.3412347435951233,355.3098449707031,228.56614685058594,399.52813720703125,247.60707092285156,10
Flickr30K/4469735380.jpg,/content/Image_captioning_Local/Flickr30K/flickr30k_images/flickr30k_images/flickr30k_images/4469735380.jpg,spoon,0.2915797233581543,221.7394561767578,228.199462890625,236.54144287109375,256.8713073730469,10
Flickr30K/4469735380.jpg,/content/Image_captioning_Local/Flickr30K/flickr30k_images/flickr30k_images/flickr30k_images/4469735380.jpg,spoon,0.2818874418735504,214.3179931640625,230.09498596191406,253.75790405273438,268.4346008300781,10
Flickr30K/4469777013.jpg,/content/Image_captioning_Local/Flickr30K/flickr30k_images/flickr30k_images/flickr30k_images/4469777013.jpg,person,0.9184731841087341,125.8411636352539,171.9412384033203,369.43463134765625,478.3002014160156,2
Flickr30K/4469777013.jpg,/content/Image_captioning_Local/Flickr30K/flickr30k_images/flickr30k_images/flickr30k_images/4469777013.jpg,baseball bat,0.3691096603870392,96.96305847167969,220.6960906982422,157.3760528564453,335.3638000488281,2
Flickr30K/4469878736.jpg,/content/Image_captioning_Local/Flickr30K/flickr30k_images/flickr30k_images/flickr30k_images/4469878736.jpg,person,0.8968138098716736,232.77919006347656,179.6273651123047,278.30126953125,345.0634460449219,2
Flickr30K/4469878736.jpg,/content/Image_captioning_Local/Flickr30K/flickr30k_images/flickr30k_images/flickr30k_images/4469878736.jpg,handbag,0.3119724690914154,228.56619262695312,258.5890197753906,243.01068115234375,276.1003112792969,2
Flickr30K/4470057820.jpg,/content/Image_captioning_Local/Flickr30K/flickr30k_images/flickr30k_images/flickr30k_images/4470057820.jpg,person,0.8434385061264038,295.3934326171875,46.91634750366211,349.00665283203125,97.78822326660156,7
Flickr30K/4470057820.jpg,/content/Image_captioning_Local/Flickr30K/flickr30k_images/flickr30k_images/flickr30k_images/4470057820.jpg,person,0.6527865529060364,165.48069763183594,60.89063262939453,187.94837951660156,105.67385864257812,7
Flickr30K/4470057820.jpg,/content/Image_captioning_Local/Flickr30K/flickr30k_images/flickr30k_images/flickr30k_images/4470057820.jpg,suitcase,0.6181578040122986,46.72856521606445,240.09182739257812,141.97152709960938,333.0,7
Flickr30K/4470057820.jpg,/content/Image_captioning_Local/Flickr30K/flickr30k_images/flickr30k_images/flickr30k_images/4470057820.jpg,person,0.6165021657943726,201.76441955566406,64.70282745361328,223.7081298828125,105.79164123535156,7
Flickr30K/4470057820.jpg,/content/Image_captioning_Local/Flickr30K/flickr30k_images/flickr30k_images/flickr30k_images/4470057820.jpg,person,0.42781323194503784,132.03868103027344,73.45120239257812,150.5601348876953,108.72998046875,7
Flickr30K/4470057820.jpg,/content/Image_captioning_Local/Flickr30K/flickr30k_images/flickr30k_images/flickr30k_images/4470057820.jpg,skateboard,0.2858136296272278,291.4139404296875,76.17604064941406,342.3271789550781,104.08856964111328,7
Flickr30K/4470057820.jpg,/content/Image_captioning_Local/Flickr30K/flickr30k_images/flickr30k_images/flickr30k_images/4470057820.jpg,skateboard,0.28025951981544495,305.37481689453125,82.8983154296875,352.0301818847656,107.0413589477539,7
Flickr30K/4470113445.jpg,/content/Image_captioning_Local/Flickr30K/flickr30k_images/flickr30k_images/flickr30k_images/4470113445.jpg,person,0.8832224011421204,78.87810516357422,76.60897064208984,277.6415710449219,500.0,2
Flickr30K/4470113445.jpg,/content/Image_captioning_Local/Flickr30K/flickr30k_images/flickr30k_images/flickr30k_images/4470113445.jpg,remote,0.4561366140842438,197.4497528076172,302.0617980957031,215.7680206298828,320.4422912597656,2
Flickr30K/4470208353.jpg,/content/Image_captioning_Local/Flickr30K/flickr30k_images/flickr30k_images/flickr30k_images/4470208353.jpg,person,0.8903672695159912,178.83543395996094,155.66700744628906,232.6691131591797,284.3674621582031,5
Flickr30K/4470208353.jpg,/content/Image_captioning_Local/Flickr30K/flickr30k_images/flickr30k_images/flickr30k_images/4470208353.jpg,person,0.862218976020813,293.38720703125,157.71685791015625,333.0,313.5451354980469,5
Flickr30K/4470208353.jpg,/content/Image_captioning_Local/Flickr30K/flickr30k_images/flickr30k_images/flickr30k_images/4470208353.jpg,person,0.6485859155654907,143.69863891601562,169.15042114257812,181.5959930419922,259.91204833984375,5
Flickr30K/4470208353.jpg,/content/Image_captioning_Local/Flickr30K/flickr30k_images/flickr30k_images/flickr30k_images/4470208353.jpg,handbag,0.5053858757019043,174.81112670898438,221.10955810546875,197.8973846435547,255.2314453125,5
Flickr30K/4470208353.jpg,/content/Image_captioning_Local/Flickr30K/flickr30k_images/flickr30k_images/flickr30k_images/4470208353.jpg,person,0.3815423250198364,51.67562484741211,59.58714294433594,163.94662475585938,330.8739013671875,5
Flickr30K/4470667650.jpg,/content/Image_captioning_Local/Flickr30K/flickr30k_images/flickr30k_images/flickr30k_images/4470667650.jpg,person,0.8516553640365601,437.2063293457031,229.0607452392578,472.298095703125,293.55767822265625,7
Flickr30K/4470667650.jpg,/content/Image_captioning_Local/Flickr30K/flickr30k_images/flickr30k_images/flickr30k_images/4470667650.jpg,person,0.8334488272666931,340.50457763671875,229.90176391601562,374.7865295410156,293.4019470214844,7
Flickr30K/4470667650.jpg,/content/Image_captioning_Local/Flickr30K/flickr30k_images/flickr30k_images/flickr30k_images/4470667650.jpg,person,0.7751138210296631,242.7012176513672,230.33836364746094,279.6014099121094,293.2737121582031,7
Flickr30K/4470667650.jpg,/content/Image_captioning_Local/Flickr30K/flickr30k_images/flickr30k_images/flickr30k_images/4470667650.jpg,person,0.7432301044464111,183.49295043945312,224.33297729492188,233.44998168945312,300.3059997558594,7
Flickr30K/4470667650.jpg,/content/Image_captioning_Local/Flickr30K/flickr30k_images/flickr30k_images/flickr30k_images/4470667650.jpg,person,0.663010835647583,218.6025848388672,230.5695343017578,251.00186157226562,295.25860595703125,7
Flickr30K/4470667650.jpg,/content/Image_captioning_Local/Flickr30K/flickr30k_images/flickr30k_images/flickr30k_images/4470667650.jpg,person,0.3615327775478363,40.72344970703125,230.222412109375,67.75402069091797,295.0356140136719,7
Flickr30K/4470667650.jpg,/content/Image_captioning_Local/Flickr30K/flickr30k_images/flickr30k_images/flickr30k_images/4470667650.jpg,motorcycle,0.27687641978263855,33.13046646118164,231.4444122314453,69.39093017578125,296.4661560058594,7
Flickr30K/4470861434.jpg,/content/Image_captioning_Local/Flickr30K/flickr30k_images/flickr30k_images/flickr30k_images/4470861434.jpg,person,0.7910189032554626,28.81050682067871,51.40576171875,168.09030151367188,485.7130126953125,2
Flickr30K/4470861434.jpg,/content/Image_captioning_Local/Flickr30K/flickr30k_images/flickr30k_images/flickr30k_images/4470861434.jpg,person,0.7660349011421204,137.7879180908203,54.944740295410156,300.923828125,454.5140686035156,2
Flickr30K/4470892454.jpg,/content/Image_captioning_Local/Flickr30K/flickr30k_images/flickr30k_images/flickr30k_images/4470892454.jpg,person,0.805426299571991,17.677032470703125,58.455013275146484,276.9235534667969,372.3462219238281,2
Flickr30K/4470892454.jpg,/content/Image_captioning_Local/Flickr30K/flickr30k_images/flickr30k_images/flickr30k_images/4470892454.jpg,chair,0.26205816864967346,248.73898315429688,296.9703674316406,333.3799743652344,373.7488708496094,2
Flickr30K/4470892676.jpg,/content/Image_captioning_Local/Flickr30K/flickr30k_images/flickr30k_images/flickr30k_images/4470892676.jpg,person,0.698712944984436,81.23130798339844,54.56184005737305,323.500244140625,372.82220458984375,1
Flickr30K/4471009222.jpg,/content/Image_captioning_Local/Flickr30K/flickr30k_images/flickr30k_images/flickr30k_images/4471009222.jpg,person,0.8980686664581299,73.93759155273438,179.71438598632812,107.57327270507812,285.5826416015625,8
Flickr30K/4471009222.jpg,/content/Image_captioning_Local/Flickr30K/flickr30k_images/flickr30k_images/flickr30k_images/4471009222.jpg,person,0.7909892797470093,150.25672912597656,191.70753479003906,200.8639373779297,346.7952575683594,8
Flickr30K/4471009222.jpg,/content/Image_captioning_Local/Flickr30K/flickr30k_images/flickr30k_images/flickr30k_images/4471009222.jpg,person,0.697011411190033,102.58856201171875,192.0775604248047,160.85891723632812,387.6238708496094,8
Flickr30K/4471009222.jpg,/content/Image_captioning_Local/Flickr30K/flickr30k_images/flickr30k_images/flickr30k_images/4471009222.jpg,person,0.6692410111427307,140.82908630371094,180.17002868652344,162.73675537109375,227.2684783935547,8
Flickr30K/4471009222.jpg,/content/Image_captioning_Local/Flickr30K/flickr30k_images/flickr30k_images/flickr30k_images/4471009222.jpg,person,0.562853991985321,184.14466857910156,183.2184600830078,224.20880126953125,268.7686767578125,8
Flickr30K/4471009222.jpg,/content/Image_captioning_Local/Flickr30K/flickr30k_images/flickr30k_images/flickr30k_images/4471009222.jpg,handbag,0.4078083038330078,111.30943298339844,233.71438598632812,161.0728759765625,301.77764892578125,8
Flickr30K/4471009222.jpg,/content/Image_captioning_Local/Flickr30K/flickr30k_images/flickr30k_images/flickr30k_images/4471009222.jpg,backpack,0.33519670367240906,168.46664428710938,215.1406707763672,197.1140594482422,270.07421875,8
Flickr30K/4471009222.jpg,/content/Image_captioning_Local/Flickr30K/flickr30k_images/flickr30k_images/flickr30k_images/4471009222.jpg,handbag,0.31610703468322754,194.07611083984375,276.42510986328125,209.20347595214844,306.0224609375,8
Flickr30K/447111935.jpg,/content/Image_captioning_Local/Flickr30K/flickr30k_images/flickr30k_images/flickr30k_images/447111935.jpg,dog,0.7302790880203247,200.7852020263672,125.05848693847656,408.11468505859375,326.44964599609375,2
Flickr30K/447111935.jpg,/content/Image_captioning_Local/Flickr30K/flickr30k_images/flickr30k_images/flickr30k_images/447111935.jpg,dog,0.514912486076355,47.48383712768555,88.7073974609375,248.4396514892578,252.99789428710938,2
Flickr30K/4471427610.jpg,/content/Image_captioning_Local/Flickr30K/flickr30k_images/flickr30k_images/flickr30k_images/4471427610.jpg,person,0.8842607140541077,23.04016876220703,60.57164764404297,141.10208129882812,316.7782897949219,4
Flickr30K/4471427610.jpg,/content/Image_captioning_Local/Flickr30K/flickr30k_images/flickr30k_images/flickr30k_images/4471427610.jpg,person,0.8727331757545471,130.36456298828125,46.94976806640625,287.0970764160156,458.73089599609375,4
Flickr30K/4471427610.jpg,/content/Image_captioning_Local/Flickr30K/flickr30k_images/flickr30k_images/flickr30k_images/4471427610.jpg,bicycle,0.6846571564674377,39.72616958618164,171.15423583984375,113.06855773925781,351.3162841796875,4
Flickr30K/4471427610.jpg,/content/Image_captioning_Local/Flickr30K/flickr30k_images/flickr30k_images/flickr30k_images/4471427610.jpg,bicycle,0.44441312551498413,158.65626525878906,249.4964141845703,231.42428588867188,500.0,4
Flickr30K/4471667766.jpg,/content/Image_captioning_Local/Flickr30K/flickr30k_images/flickr30k_images/flickr30k_images/4471667766.jpg,person,0.8252874612808228,28.7724609375,85.75271606445312,188.57861328125,317.75860595703125,3
Flickr30K/4471667766.jpg,/content/Image_captioning_Local/Flickr30K/flickr30k_images/flickr30k_images/flickr30k_images/4471667766.jpg,person,0.5450267195701599,176.21432495117188,98.66416931152344,262.6753845214844,308.4086608886719,3
Flickr30K/4471667766.jpg,/content/Image_captioning_Local/Flickr30K/flickr30k_images/flickr30k_images/flickr30k_images/4471667766.jpg,handbag,0.4462945759296417,146.40184020996094,181.219482421875,189.85914611816406,225.37969970703125,3
Flickr30K/447239398.jpg,/content/Image_captioning_Local/Flickr30K/flickr30k_images/flickr30k_images/flickr30k_images/447239398.jpg,person,0.9294204115867615,40.959190368652344,7.713812828063965,184.444091796875,368.00433349609375,5
Flickr30K/447239398.jpg,/content/Image_captioning_Local/Flickr30K/flickr30k_images/flickr30k_images/flickr30k_images/447239398.jpg,person,0.9124878644943237,260.3336486816406,70.8208236694336,341.71942138671875,337.4687805175781,5
Flickr30K/447239398.jpg,/content/Image_captioning_Local/Flickr30K/flickr30k_images/flickr30k_images/flickr30k_images/447239398.jpg,person,0.8913341164588928,354.04351806640625,0.8926570415496826,485.962158203125,365.1241149902344,5
Flickr30K/447239398.jpg,/content/Image_captioning_Local/Flickr30K/flickr30k_images/flickr30k_images/flickr30k_images/447239398.jpg,person,0.8650437593460083,152.48851013183594,24.240367889404297,262.4148254394531,361.4513244628906,5
Flickr30K/447239398.jpg,/content/Image_captioning_Local/Flickr30K/flickr30k_images/flickr30k_images/flickr30k_images/447239398.jpg,person,0.681384801864624,457.0093994140625,62.46505355834961,499.945556640625,341.74407958984375,5
Flickr30K/4472409061.jpg,/content/Image_captioning_Local/Flickr30K/flickr30k_images/flickr30k_images/flickr30k_images/4472409061.jpg,person,0.9099587202072144,237.84230041503906,83.75267028808594,317.9358215332031,298.818603515625,16
Flickr30K/4472409061.jpg,/content/Image_captioning_Local/Flickr30K/flickr30k_images/flickr30k_images/flickr30k_images/4472409061.jpg,person,0.877673864364624,390.0495910644531,92.20448303222656,462.9233703613281,252.2195281982422,16
Flickr30K/4472409061.jpg,/content/Image_captioning_Local/Flickr30K/flickr30k_images/flickr30k_images/flickr30k_images/4472409061.jpg,person,0.8348193764686584,97.04523468017578,95.09069061279297,123.84567260742188,172.64964294433594,16
Flickr30K/4472409061.jpg,/content/Image_captioning_Local/Flickr30K/flickr30k_images/flickr30k_images/flickr30k_images/4472409061.jpg,person,0.7969855070114136,121.13728332519531,87.29850769042969,146.28016662597656,154.21815490722656,16
Flickr30K/4472409061.jpg,/content/Image_captioning_Local/Flickr30K/flickr30k_images/flickr30k_images/flickr30k_images/4472409061.jpg,person,0.7969630360603333,62.76309585571289,93.6059799194336,81.12210083007812,145.340087890625,16
Flickr30K/4472409061.jpg,/content/Image_captioning_Local/Flickr30K/flickr30k_images/flickr30k_images/flickr30k_images/4472409061.jpg,person,0.7959867119789124,3.9043381214141846,94.01712799072266,24.344127655029297,148.20895385742188,16
Flickr30K/4472409061.jpg,/content/Image_captioning_Local/Flickr30K/flickr30k_images/flickr30k_images/flickr30k_images/4472409061.jpg,person,0.7396162748336792,148.27943420410156,98.89080810546875,167.41146850585938,152.68914794921875,16
Flickr30K/4472409061.jpg,/content/Image_captioning_Local/Flickr30K/flickr30k_images/flickr30k_images/flickr30k_images/4472409061.jpg,person,0.7013036012649536,478.7499084472656,70.91472625732422,500.0,133.04498291015625,16
Flickr30K/4472409061.jpg,/content/Image_captioning_Local/Flickr30K/flickr30k_images/flickr30k_images/flickr30k_images/4472409061.jpg,person,0.5389944314956665,323.5033874511719,95.00135803222656,347.94500732421875,122.9053955078125,16
Flickr30K/4472409061.jpg,/content/Image_captioning_Local/Flickr30K/flickr30k_images/flickr30k_images/flickr30k_images/4472409061.jpg,person,0.5211027264595032,352.1274108886719,88.50859832763672,371.6888427734375,128.29949951171875,16
Flickr30K/4472409061.jpg,/content/Image_captioning_Local/Flickr30K/flickr30k_images/flickr30k_images/flickr30k_images/4472409061.jpg,person,0.47357308864593506,49.26475143432617,94.6163558959961,59.52699661254883,123.87542724609375,16
Flickr30K/4472409061.jpg,/content/Image_captioning_Local/Flickr30K/flickr30k_images/flickr30k_images/flickr30k_images/4472409061.jpg,person,0.440395712852478,173.73275756835938,93.44419860839844,186.0365447998047,126.09488677978516,16
Flickr30K/4472409061.jpg,/content/Image_captioning_Local/Flickr30K/flickr30k_images/flickr30k_images/flickr30k_images/4472409061.jpg,person,0.4094926714897156,376.81146240234375,93.26832580566406,407.3104248046875,127.24440002441406,16
Flickr30K/4472409061.jpg,/content/Image_captioning_Local/Flickr30K/flickr30k_images/flickr30k_images/flickr30k_images/4472409061.jpg,person,0.3884134888648987,408.43768310546875,91.7432632446289,425.0970458984375,119.62134552001953,16
Flickr30K/4472409061.jpg,/content/Image_captioning_Local/Flickr30K/flickr30k_images/flickr30k_images/flickr30k_images/4472409061.jpg,person,0.3445951044559479,315.24334716796875,88.49655151367188,330.6042175292969,120.85077667236328,16
Flickr30K/4472409061.jpg,/content/Image_captioning_Local/Flickr30K/flickr30k_images/flickr30k_images/flickr30k_images/4472409061.jpg,person,0.31699439883232117,36.1333122253418,97.11734771728516,47.745662689208984,129.6925506591797,16
Flickr30K/4472750626.jpg,/content/Image_captioning_Local/Flickr30K/flickr30k_images/flickr30k_images/flickr30k_images/4472750626.jpg,car,0.9113038182258606,138.44638061523438,143.65696716308594,333.0,236.8948211669922,2
Flickr30K/4472750626.jpg,/content/Image_captioning_Local/Flickr30K/flickr30k_images/flickr30k_images/flickr30k_images/4472750626.jpg,person,0.8306094408035278,81.91974639892578,140.1454620361328,189.3007049560547,500.0,2
Flickr30K/4473229124.jpg,/content/Image_captioning_Local/Flickr30K/flickr30k_images/flickr30k_images/flickr30k_images/4473229124.jpg,person,0.9513504505157471,3.4906089305877686,9.649621963500977,110.66706085205078,283.5982666015625,8
Flickr30K/4473229124.jpg,/content/Image_captioning_Local/Flickr30K/flickr30k_images/flickr30k_images/flickr30k_images/4473229124.jpg,person,0.9249030947685242,202.09974670410156,34.94744110107422,310.0597839355469,283.5172119140625,8
Flickr30K/4473229124.jpg,/content/Image_captioning_Local/Flickr30K/flickr30k_images/flickr30k_images/flickr30k_images/4473229124.jpg,person,0.9208018779754639,401.5222473144531,46.61956024169922,489.94952392578125,289.205078125,8
Flickr30K/4473229124.jpg,/content/Image_captioning_Local/Flickr30K/flickr30k_images/flickr30k_images/flickr30k_images/4473229124.jpg,car,0.8113731741905212,484.67474365234375,141.15457153320312,500.0,179.57119750976562,8
Flickr30K/4473229124.jpg,/content/Image_captioning_Local/Flickr30K/flickr30k_images/flickr30k_images/flickr30k_images/4473229124.jpg,person,0.7995688319206238,363.21734619140625,126.01091766357422,379.30450439453125,162.8711395263672,8
Flickr30K/4473229124.jpg,/content/Image_captioning_Local/Flickr30K/flickr30k_images/flickr30k_images/flickr30k_images/4473229124.jpg,person,0.7774949669837952,378.5736999511719,128.827880859375,393.7909240722656,162.41404724121094,8
Flickr30K/4473229124.jpg,/content/Image_captioning_Local/Flickr30K/flickr30k_images/flickr30k_images/flickr30k_images/4473229124.jpg,sports ball,0.6553459167480469,236.48422241210938,171.59356689453125,279.63873291015625,213.59429931640625,8
Flickr30K/4473229124.jpg,/content/Image_captioning_Local/Flickr30K/flickr30k_images/flickr30k_images/flickr30k_images/4473229124.jpg,handbag,0.5311612486839294,400.0205078125,102.60238647460938,447.62811279296875,167.5070343017578,8
Flickr30K/4473275393.jpg,/content/Image_captioning_Local/Flickr30K/flickr30k_images/flickr30k_images/flickr30k_images/4473275393.jpg,person,0.7838172912597656,328.41705322265625,72.43255615234375,480.4974060058594,317.153564453125,4
Flickr30K/4473275393.jpg,/content/Image_captioning_Local/Flickr30K/flickr30k_images/flickr30k_images/flickr30k_images/4473275393.jpg,person,0.6782935857772827,223.09207153320312,37.7701301574707,328.44677734375,265.42901611328125,4
Flickr30K/4473275393.jpg,/content/Image_captioning_Local/Flickr30K/flickr30k_images/flickr30k_images/flickr30k_images/4473275393.jpg,motorcycle,0.43971943855285645,332.8025207519531,137.5095672607422,483.1640625,398.6662292480469,4
Flickr30K/4473275393.jpg,/content/Image_captioning_Local/Flickr30K/flickr30k_images/flickr30k_images/flickr30k_images/4473275393.jpg,person,0.3243989944458008,464.3039245605469,25.430683135986328,499.8319091796875,105.23524475097656,4
Flickr30K/4473464019.jpg,/content/Image_captioning_Local/Flickr30K/flickr30k_images/flickr30k_images/flickr30k_images/4473464019.jpg,person,0.8763644099235535,169.68943786621094,90.6294174194336,370.8890686035156,335.09515380859375,5
Flickr30K/4473464019.jpg,/content/Image_captioning_Local/Flickr30K/flickr30k_images/flickr30k_images/flickr30k_images/4473464019.jpg,person,0.5869850516319275,0.24154186248779297,157.9568328857422,110.53258514404297,333.12493896484375,5
Flickr30K/4473464019.jpg,/content/Image_captioning_Local/Flickr30K/flickr30k_images/flickr30k_images/flickr30k_images/4473464019.jpg,person,0.5850726962089539,104.25241088867188,44.809417724609375,213.06788635253906,263.0263366699219,5
Flickr30K/4473464019.jpg,/content/Image_captioning_Local/Flickr30K/flickr30k_images/flickr30k_images/flickr30k_images/4473464019.jpg,person,0.5466243028640747,227.7275390625,46.038848876953125,319.3725280761719,130.93389892578125,5
Flickr30K/4473464019.jpg,/content/Image_captioning_Local/Flickr30K/flickr30k_images/flickr30k_images/flickr30k_images/4473464019.jpg,person,0.5216488838195801,348.9173278808594,0.3066420555114746,419.9552917480469,112.71796417236328,5
Flickr30K/4473562541.jpg,/content/Image_captioning_Local/Flickr30K/flickr30k_images/flickr30k_images/flickr30k_images/4473562541.jpg,person,0.9129181504249573,328.302490234375,73.25337219238281,499.74755859375,368.3960876464844,29
Flickr30K/4473562541.jpg,/content/Image_captioning_Local/Flickr30K/flickr30k_images/flickr30k_images/flickr30k_images/4473562541.jpg,chair,0.8558352589607239,68.27780151367188,146.82083129882812,130.62359619140625,249.44873046875,29
Flickr30K/4473562541.jpg,/content/Image_captioning_Local/Flickr30K/flickr30k_images/flickr30k_images/flickr30k_images/4473562541.jpg,chair,0.8477385640144348,103.06057739257812,252.94927978515625,304.5224304199219,374.5292053222656,29
Flickr30K/4473562541.jpg,/content/Image_captioning_Local/Flickr30K/flickr30k_images/flickr30k_images/flickr30k_images/4473562541.jpg,person,0.8243744373321533,273.242919921875,113.81350708007812,353.5787353515625,187.84866333007812,29
Flickr30K/4473562541.jpg,/content/Image_captioning_Local/Flickr30K/flickr30k_images/flickr30k_images/flickr30k_images/4473562541.jpg,chair,0.710502028465271,277.19439697265625,92.6563949584961,307.82562255859375,140.48101806640625,29
Flickr30K/4473562541.jpg,/content/Image_captioning_Local/Flickr30K/flickr30k_images/flickr30k_images/flickr30k_images/4473562541.jpg,chair,0.686164379119873,37.984474182128906,109.87397766113281,80.12934112548828,175.9958038330078,29
Flickr30K/4473562541.jpg,/content/Image_captioning_Local/Flickr30K/flickr30k_images/flickr30k_images/flickr30k_images/4473562541.jpg,person,0.6787915825843811,469.5707702636719,54.80592346191406,492.5382995605469,92.02008056640625,29
Flickr30K/4473562541.jpg,/content/Image_captioning_Local/Flickr30K/flickr30k_images/flickr30k_images/flickr30k_images/4473562541.jpg,person,0.6737903356552124,332.4125061035156,68.15706634521484,374.3811950683594,118.09300231933594,29
Flickr30K/4473562541.jpg,/content/Image_captioning_Local/Flickr30K/flickr30k_images/flickr30k_images/flickr30k_images/4473562541.jpg,chair,0.6728624701499939,246.16717529296875,137.09921264648438,280.5802307128906,182.75656127929688,29
Flickr30K/4473562541.jpg,/content/Image_captioning_Local/Flickr30K/flickr30k_images/flickr30k_images/flickr30k_images/4473562541.jpg,person,0.6646881103515625,275.34881591796875,67.7853012084961,305.3240661621094,95.89248657226562,29
Flickr30K/4473562541.jpg,/content/Image_captioning_Local/Flickr30K/flickr30k_images/flickr30k_images/flickr30k_images/4473562541.jpg,person,0.6145061254501343,128.73370361328125,136.6140594482422,282.6289978027344,301.3194885253906,29
Flickr30K/4473562541.jpg,/content/Image_captioning_Local/Flickr30K/flickr30k_images/flickr30k_images/flickr30k_images/4473562541.jpg,chair,0.6060925126075745,128.69911193847656,101.7083969116211,181.66278076171875,149.66395568847656,29
Flickr30K/4473562541.jpg,/content/Image_captioning_Local/Flickr30K/flickr30k_images/flickr30k_images/flickr30k_images/4473562541.jpg,person,0.5920815467834473,72.94142150878906,47.47018814086914,109.71804809570312,101.35188293457031,29
Flickr30K/4473562541.jpg,/content/Image_captioning_Local/Flickr30K/flickr30k_images/flickr30k_images/flickr30k_images/4473562541.jpg,person,0.5876356959342957,160.55337524414062,90.15843963623047,264.7272644042969,192.61419677734375,29
Flickr30K/4473562541.jpg,/content/Image_captioning_Local/Flickr30K/flickr30k_images/flickr30k_images/flickr30k_images/4473562541.jpg,person,0.5848467946052551,123.78707885742188,78.38719940185547,171.97328186035156,140.79115295410156,29
Flickr30K/4473562541.jpg,/content/Image_captioning_Local/Flickr30K/flickr30k_images/flickr30k_images/flickr30k_images/4473562541.jpg,chair,0.5632310509681702,74.5552749633789,123.711669921875,136.1387481689453,157.71449279785156,29
Flickr30K/4473562541.jpg,/content/Image_captioning_Local/Flickr30K/flickr30k_images/flickr30k_images/flickr30k_images/4473562541.jpg,person,0.5565929412841797,47.59823226928711,76.69361877441406,108.18326568603516,127.22354888916016,29
Flickr30K/4473562541.jpg,/content/Image_captioning_Local/Flickr30K/flickr30k_images/flickr30k_images/flickr30k_images/4473562541.jpg,person,0.5105147957801819,222.6847381591797,94.90169525146484,281.9921875,178.44300842285156,29
Flickr30K/4473562541.jpg,/content/Image_captioning_Local/Flickr30K/flickr30k_images/flickr30k_images/flickr30k_images/4473562541.jpg,person,0.4656309485435486,388.4015808105469,55.56001663208008,409.9889831542969,80.218505859375,29
Flickr30K/4473562541.jpg,/content/Image_captioning_Local/Flickr30K/flickr30k_images/flickr30k_images/flickr30k_images/4473562541.jpg,person,0.37165626883506775,53.61597442626953,81.32158660888672,70.13603210449219,97.52806091308594,29
Flickr30K/4473562541.jpg,/content/Image_captioning_Local/Flickr30K/flickr30k_images/flickr30k_images/flickr30k_images/4473562541.jpg,chair,0.3604055941104889,459.3171081542969,106.6156234741211,497.4106750488281,145.35311889648438,29
Flickr30K/4473562541.jpg,/content/Image_captioning_Local/Flickr30K/flickr30k_images/flickr30k_images/flickr30k_images/4473562541.jpg,chair,0.33186987042427063,229.26556396484375,89.55529022216797,251.86302185058594,113.5629653930664,29
Flickr30K/4473562541.jpg,/content/Image_captioning_Local/Flickr30K/flickr30k_images/flickr30k_images/flickr30k_images/4473562541.jpg,person,0.31131359934806824,409.30914306640625,62.95246887207031,420.9783020019531,82.60462188720703,29
Flickr30K/4473562541.jpg,/content/Image_captioning_Local/Flickr30K/flickr30k_images/flickr30k_images/flickr30k_images/4473562541.jpg,person,0.29881390929222107,50.80693817138672,78.78282165527344,75.39329528808594,104.36091613769531,29
Flickr30K/4473562541.jpg,/content/Image_captioning_Local/Flickr30K/flickr30k_images/flickr30k_images/flickr30k_images/4473562541.jpg,person,0.29380112886428833,117.52035522460938,77.21330261230469,138.2342529296875,103.50299835205078,29
Flickr30K/4473562541.jpg,/content/Image_captioning_Local/Flickr30K/flickr30k_images/flickr30k_images/flickr30k_images/4473562541.jpg,dining table,0.2808259129524231,301.4228515625,95.56581115722656,337.9543151855469,119.21499633789062,29
Flickr30K/4473562541.jpg,/content/Image_captioning_Local/Flickr30K/flickr30k_images/flickr30k_images/flickr30k_images/4473562541.jpg,chair,0.27542537450790405,151.40725708007812,103.86589813232422,180.0645294189453,139.64572143554688,29
Flickr30K/4473562541.jpg,/content/Image_captioning_Local/Flickr30K/flickr30k_images/flickr30k_images/flickr30k_images/4473562541.jpg,dining table,0.25864070653915405,98.61254119873047,107.61698150634766,143.52752685546875,124.0931396484375,29
Flickr30K/4473562541.jpg,/content/Image_captioning_Local/Flickr30K/flickr30k_images/flickr30k_images/flickr30k_images/4473562541.jpg,person,0.2569226622581482,248.7081298828125,132.74038696289062,302.0776062011719,184.3912811279297,29
Flickr30K/447357501.jpg,/content/Image_captioning_Local/Flickr30K/flickr30k_images/flickr30k_images/flickr30k_images/447357501.jpg,person,0.9106065034866333,193.95498657226562,50.092369079589844,320.4700012207031,316.4809265136719,19
Flickr30K/447357501.jpg,/content/Image_captioning_Local/Flickr30K/flickr30k_images/flickr30k_images/flickr30k_images/447357501.jpg,bird,0.866734504699707,20.447254180908203,197.89599609375,61.540687561035156,266.85699462890625,19
Flickr30K/447357501.jpg,/content/Image_captioning_Local/Flickr30K/flickr30k_images/flickr30k_images/flickr30k_images/447357501.jpg,bird,0.79063880443573,447.4061584472656,199.66261291503906,486.58575439453125,253.76307678222656,19
Flickr30K/447357501.jpg,/content/Image_captioning_Local/Flickr30K/flickr30k_images/flickr30k_images/flickr30k_images/447357501.jpg,bird,0.7126680612564087,0.4115790128707886,184.72743225097656,25.992712020874023,246.87872314453125,19
Flickr30K/447357501.jpg,/content/Image_captioning_Local/Flickr30K/flickr30k_images/flickr30k_images/flickr30k_images/447357501.jpg,bird,0.6942619681358337,470.5767517089844,236.0701141357422,499.7732238769531,268.64031982421875,19
Flickr30K/447357501.jpg,/content/Image_captioning_Local/Flickr30K/flickr30k_images/flickr30k_images/flickr30k_images/447357501.jpg,bird,0.6449556350708008,198.61325073242188,189.7036590576172,234.32701110839844,260.36053466796875,19
Flickr30K/447357501.jpg,/content/Image_captioning_Local/Flickr30K/flickr30k_images/flickr30k_images/flickr30k_images/447357501.jpg,bird,0.6141349077224731,412.02734375,202.20301818847656,450.1839599609375,225.43484497070312,19
Flickr30K/447357501.jpg,/content/Image_captioning_Local/Flickr30K/flickr30k_images/flickr30k_images/flickr30k_images/447357501.jpg,bird,0.5381371974945068,360.1419372558594,212.7946319580078,401.0797424316406,262.7297058105469,19
Flickr30K/447357501.jpg,/content/Image_captioning_Local/Flickr30K/flickr30k_images/flickr30k_images/flickr30k_images/447357501.jpg,bird,0.5324803590774536,100.85567474365234,201.21778869628906,195.51795959472656,273.2459411621094,19
Flickr30K/447357501.jpg,/content/Image_captioning_Local/Flickr30K/flickr30k_images/flickr30k_images/flickr30k_images/447357501.jpg,bird,0.5195653438568115,340.989013671875,227.6503143310547,380.2512512207031,275.0276184082031,19
Flickr30K/447357501.jpg,/content/Image_captioning_Local/Flickr30K/flickr30k_images/flickr30k_images/flickr30k_images/447357501.jpg,bird,0.4826730787754059,121.00603485107422,189.230224609375,200.68228149414062,225.97735595703125,19
Flickr30K/447357501.jpg,/content/Image_captioning_Local/Flickr30K/flickr30k_images/flickr30k_images/flickr30k_images/447357501.jpg,bird,0.4209096133708954,55.22780990600586,180.03094482421875,120.31035614013672,253.0327606201172,19
Flickr30K/447357501.jpg,/content/Image_captioning_Local/Flickr30K/flickr30k_images/flickr30k_images/flickr30k_images/447357501.jpg,bird,0.41491520404815674,317.2368469238281,200.23057556152344,368.4826354980469,247.18453979492188,19
Flickr30K/447357501.jpg,/content/Image_captioning_Local/Flickr30K/flickr30k_images/flickr30k_images/flickr30k_images/447357501.jpg,bird,0.3947640061378479,219.8448486328125,190.64120483398438,247.44593811035156,251.83096313476562,19
Flickr30K/447357501.jpg,/content/Image_captioning_Local/Flickr30K/flickr30k_images/flickr30k_images/flickr30k_images/447357501.jpg,bird,0.356388658285141,88.4898681640625,176.1593780517578,123.50847625732422,219.3572998046875,19
Flickr30K/447357501.jpg,/content/Image_captioning_Local/Flickr30K/flickr30k_images/flickr30k_images/flickr30k_images/447357501.jpg,bird,0.3314633071422577,320.788818359375,195.1862335205078,349.8624267578125,224.4662322998047,19
Flickr30K/447357501.jpg,/content/Image_captioning_Local/Flickr30K/flickr30k_images/flickr30k_images/flickr30k_images/447357501.jpg,bird,0.29946574568748474,480.42779541015625,186.82632446289062,499.499267578125,234.97738647460938,19
Flickr30K/447357501.jpg,/content/Image_captioning_Local/Flickr30K/flickr30k_images/flickr30k_images/flickr30k_images/447357501.jpg,bird,0.2924515902996063,389.9452819824219,185.59552001953125,407.4145812988281,211.56854248046875,19
Flickr30K/447357501.jpg,/content/Image_captioning_Local/Flickr30K/flickr30k_images/flickr30k_images/flickr30k_images/447357501.jpg,bird,0.25322458148002625,344.18609619140625,192.28834533691406,363.2504577636719,213.25741577148438,19
Flickr30K/4473826637.jpg,/content/Image_captioning_Local/Flickr30K/flickr30k_images/flickr30k_images/flickr30k_images/4473826637.jpg,person,0.835927426815033,202.2064666748047,140.2179412841797,262.9906311035156,305.02093505859375,3
Flickr30K/4473826637.jpg,/content/Image_captioning_Local/Flickr30K/flickr30k_images/flickr30k_images/flickr30k_images/4473826637.jpg,person,0.8017229437828064,261.90447998046875,154.21002197265625,317.40631103515625,303.7597961425781,3
Flickr30K/4473826637.jpg,/content/Image_captioning_Local/Flickr30K/flickr30k_images/flickr30k_images/flickr30k_images/4473826637.jpg,handbag,0.2572917938232422,201.5086212158203,210.60804748535156,243.28121948242188,254.41941833496094,3
Flickr30K/4474030521.jpg,/content/Image_captioning_Local/Flickr30K/flickr30k_images/flickr30k_images/flickr30k_images/4474030521.jpg,person,0.9154365658760071,27.36271095275879,226.13656616210938,129.72921752929688,496.26702880859375,16
Flickr30K/4474030521.jpg,/content/Image_captioning_Local/Flickr30K/flickr30k_images/flickr30k_images/flickr30k_images/4474030521.jpg,umbrella,0.8479796648025513,24.711185455322266,176.50547790527344,173.98265075683594,234.72537231445312,16
Flickr30K/4474030521.jpg,/content/Image_captioning_Local/Flickr30K/flickr30k_images/flickr30k_images/flickr30k_images/4474030521.jpg,umbrella,0.8400482535362244,220.72702026367188,186.97421264648438,292.8118591308594,286.8971252441406,16
Flickr30K/4474030521.jpg,/content/Image_captioning_Local/Flickr30K/flickr30k_images/flickr30k_images/flickr30k_images/4474030521.jpg,person,0.8138464689254761,145.740966796875,229.1758575439453,176.3021240234375,305.11187744140625,16
Flickr30K/4474030521.jpg,/content/Image_captioning_Local/Flickr30K/flickr30k_images/flickr30k_images/flickr30k_images/4474030521.jpg,person,0.7976579070091248,2.0142853260040283,208.41128540039062,25.598447799682617,274.0027160644531,16
Flickr30K/4474030521.jpg,/content/Image_captioning_Local/Flickr30K/flickr30k_images/flickr30k_images/flickr30k_images/4474030521.jpg,person,0.7612312436103821,182.5123291015625,200.1556396484375,206.64830017089844,282.09930419921875,16
Flickr30K/4474030521.jpg,/content/Image_captioning_Local/Flickr30K/flickr30k_images/flickr30k_images/flickr30k_images/4474030521.jpg,person,0.7318884134292603,288.8992919921875,204.0417022705078,315.14691162109375,280.0196838378906,16
Flickr30K/4474030521.jpg,/content/Image_captioning_Local/Flickr30K/flickr30k_images/flickr30k_images/flickr30k_images/4474030521.jpg,person,0.6619410514831543,230.3379364013672,237.08326721191406,297.5690612792969,376.7369384765625,16
Flickr30K/4474030521.jpg,/content/Image_captioning_Local/Flickr30K/flickr30k_images/flickr30k_images/flickr30k_images/4474030521.jpg,handbag,0.5927843451499939,93.27622985839844,252.89418029785156,133.4503631591797,357.5006103515625,16
Flickr30K/4474030521.jpg,/content/Image_captioning_Local/Flickr30K/flickr30k_images/flickr30k_images/flickr30k_images/4474030521.jpg,umbrella,0.5808192491531372,215.63636779785156,190.1138153076172,245.31329345703125,204.23619079589844,16
Flickr30K/4474030521.jpg,/content/Image_captioning_Local/Flickr30K/flickr30k_images/flickr30k_images/flickr30k_images/4474030521.jpg,umbrella,0.4488101601600647,132.7899932861328,220.1678466796875,176.67613220214844,237.3605499267578,16
Flickr30K/4474030521.jpg,/content/Image_captioning_Local/Flickr30K/flickr30k_images/flickr30k_images/flickr30k_images/4474030521.jpg,person,0.4274936020374298,106.51834106445312,227.34051513671875,142.97023010253906,308.7325134277344,16
Flickr30K/4474030521.jpg,/content/Image_captioning_Local/Flickr30K/flickr30k_images/flickr30k_images/flickr30k_images/4474030521.jpg,person,0.34333208203315735,315.26824951171875,201.31492614746094,332.51348876953125,274.85443115234375,16
Flickr30K/4474030521.jpg,/content/Image_captioning_Local/Flickr30K/flickr30k_images/flickr30k_images/flickr30k_images/4474030521.jpg,person,0.31314095854759216,200.14193725585938,203.00169372558594,221.49560546875,276.2092590332031,16
Flickr30K/4474030521.jpg,/content/Image_captioning_Local/Flickr30K/flickr30k_images/flickr30k_images/flickr30k_images/4474030521.jpg,person,0.31224703788757324,31.242340087890625,225.9429931640625,61.50896072387695,278.02642822265625,16
Flickr30K/4474030521.jpg,/content/Image_captioning_Local/Flickr30K/flickr30k_images/flickr30k_images/flickr30k_images/4474030521.jpg,person,0.29267072677612305,77.3836898803711,223.5575408935547,116.90311431884766,260.6610412597656,16
Flickr30K/4474053436.jpg,/content/Image_captioning_Local/Flickr30K/flickr30k_images/flickr30k_images/flickr30k_images/4474053436.jpg,person,0.8813899755477905,392.8653564453125,57.105838775634766,482.7349548339844,261.8411560058594,1
Flickr30K/4474230746.jpg,/content/Image_captioning_Local/Flickr30K/flickr30k_images/flickr30k_images/flickr30k_images/4474230746.jpg,person,0.6141481399536133,51.55131912231445,220.7129669189453,191.7817840576172,472.8854675292969,1
Flickr30K/447430161.jpg,/content/Image_captioning_Local/Flickr30K/flickr30k_images/flickr30k_images/flickr30k_images/447430161.jpg,person,0.8519404530525208,10.150792121887207,297.54144287109375,37.355464935302734,359.626708984375,18
Flickr30K/447430161.jpg,/content/Image_captioning_Local/Flickr30K/flickr30k_images/flickr30k_images/flickr30k_images/447430161.jpg,person,0.7579694390296936,242.1413116455078,276.39898681640625,276.3065490722656,341.6673278808594,18
Flickr30K/447430161.jpg,/content/Image_captioning_Local/Flickr30K/flickr30k_images/flickr30k_images/flickr30k_images/447430161.jpg,person,0.6268858909606934,169.37350463867188,290.16241455078125,213.34805297851562,358.239990234375,18
Flickr30K/447430161.jpg,/content/Image_captioning_Local/Flickr30K/flickr30k_images/flickr30k_images/flickr30k_images/447430161.jpg,person,0.5372596383094788,289.2201232910156,261.397705078125,313.9712219238281,305.4779357910156,18
Flickr30K/447430161.jpg,/content/Image_captioning_Local/Flickr30K/flickr30k_images/flickr30k_images/flickr30k_images/447430161.jpg,person,0.47411778569221497,350.8497009277344,279.4914855957031,365.6622314453125,300.8021545410156,18
Flickr30K/447430161.jpg,/content/Image_captioning_Local/Flickr30K/flickr30k_images/flickr30k_images/flickr30k_images/447430161.jpg,person,0.46443772315979004,432.839111328125,265.6908264160156,453.0998229980469,313.8466491699219,18
Flickr30K/447430161.jpg,/content/Image_captioning_Local/Flickr30K/flickr30k_images/flickr30k_images/flickr30k_images/447430161.jpg,person,0.46177592873573303,228.9999237060547,252.359130859375,251.12269592285156,308.3248291015625,18
Flickr30K/447430161.jpg,/content/Image_captioning_Local/Flickr30K/flickr30k_images/flickr30k_images/flickr30k_images/447430161.jpg,person,0.43920546770095825,324.9819641113281,246.47427368164062,339.3486328125,299.9806823730469,18
Flickr30K/447430161.jpg,/content/Image_captioning_Local/Flickr30K/flickr30k_images/flickr30k_images/flickr30k_images/447430161.jpg,person,0.43049001693725586,112.43788146972656,282.5016174316406,155.02261352539062,334.00738525390625,18
Flickr30K/447430161.jpg,/content/Image_captioning_Local/Flickr30K/flickr30k_images/flickr30k_images/flickr30k_images/447430161.jpg,chair,0.4052676558494568,168.0609893798828,317.931640625,212.73609924316406,361.919677734375,18
Flickr30K/447430161.jpg,/content/Image_captioning_Local/Flickr30K/flickr30k_images/flickr30k_images/flickr30k_images/447430161.jpg,chair,0.3609682321548462,119.96582794189453,312.3891906738281,159.87850952148438,363.56402587890625,18
Flickr30K/447430161.jpg,/content/Image_captioning_Local/Flickr30K/flickr30k_images/flickr30k_images/flickr30k_images/447430161.jpg,person,0.2803828716278076,155.477294921875,267.1236267089844,181.81488037109375,306.2684631347656,18
Flickr30K/447430161.jpg,/content/Image_captioning_Local/Flickr30K/flickr30k_images/flickr30k_images/flickr30k_images/447430161.jpg,person,0.2787208557128906,23.123872756958008,262.9612121582031,34.383888244628906,294.0663146972656,18
Flickr30K/447430161.jpg,/content/Image_captioning_Local/Flickr30K/flickr30k_images/flickr30k_images/flickr30k_images/447430161.jpg,person,0.2610548734664917,33.24448013305664,260.37548828125,44.39815139770508,299.8532409667969,18
Flickr30K/447430161.jpg,/content/Image_captioning_Local/Flickr30K/flickr30k_images/flickr30k_images/flickr30k_images/447430161.jpg,person,0.2573700547218323,476.67669677734375,267.3836364746094,487.15423583984375,295.1434631347656,18
Flickr30K/447430161.jpg,/content/Image_captioning_Local/Flickr30K/flickr30k_images/flickr30k_images/flickr30k_images/447430161.jpg,person,0.25535690784454346,0.0,262.931884765625,9.979142189025879,296.32086181640625,18
Flickr30K/447430161.jpg,/content/Image_captioning_Local/Flickr30K/flickr30k_images/flickr30k_images/flickr30k_images/447430161.jpg,person,0.25523123145103455,380.8464660644531,266.2003173828125,395.5050354003906,292.859375,18
Flickr30K/447430161.jpg,/content/Image_captioning_Local/Flickr30K/flickr30k_images/flickr30k_images/flickr30k_images/447430161.jpg,person,0.25475260615348816,485.0574951171875,269.7195739746094,499.17291259765625,295.5145263671875,18
Flickr30K/4474429098.jpg,/content/Image_captioning_Local/Flickr30K/flickr30k_images/flickr30k_images/flickr30k_images/4474429098.jpg,laptop,0.8793186545372009,0.7365226745605469,281.20892333984375,244.77645874023438,495.62969970703125,2
Flickr30K/4474429098.jpg,/content/Image_captioning_Local/Flickr30K/flickr30k_images/flickr30k_images/flickr30k_images/4474429098.jpg,person,0.7911233305931091,109.83416748046875,78.26092529296875,372.09710693359375,482.1654357910156,2
Flickr30K/4474749623.jpg,/content/Image_captioning_Local/Flickr30K/flickr30k_images/flickr30k_images/flickr30k_images/4474749623.jpg,umbrella,0.8962773084640503,251.2555389404297,122.91605377197266,458.583740234375,256.1528015136719,12
Flickr30K/4474749623.jpg,/content/Image_captioning_Local/Flickr30K/flickr30k_images/flickr30k_images/flickr30k_images/4474749623.jpg,person,0.8925855159759521,253.2864532470703,226.02989196777344,381.1068115234375,329.4417724609375,12
Flickr30K/4474749623.jpg,/content/Image_captioning_Local/Flickr30K/flickr30k_images/flickr30k_images/flickr30k_images/4474749623.jpg,person,0.8629962205886841,49.94183349609375,225.57740783691406,184.41366577148438,329.1834716796875,12
Flickr30K/4474749623.jpg,/content/Image_captioning_Local/Flickr30K/flickr30k_images/flickr30k_images/flickr30k_images/4474749623.jpg,person,0.7714248299598694,0.0,221.40248107910156,32.74835968017578,329.2469177246094,12
Flickr30K/4474749623.jpg,/content/Image_captioning_Local/Flickr30K/flickr30k_images/flickr30k_images/flickr30k_images/4474749623.jpg,umbrella,0.7660360932350159,0.0,136.14483642578125,276.45697021484375,230.5725555419922,12
Flickr30K/4474749623.jpg,/content/Image_captioning_Local/Flickr30K/flickr30k_images/flickr30k_images/flickr30k_images/4474749623.jpg,car,0.762566864490509,133.28225708007812,225.2346954345703,176.4894256591797,264.8964538574219,12
Flickr30K/4474749623.jpg,/content/Image_captioning_Local/Flickr30K/flickr30k_images/flickr30k_images/flickr30k_images/4474749623.jpg,car,0.7347092628479004,260.4888000488281,219.6522674560547,304.1772766113281,273.7295227050781,12
Flickr30K/4474749623.jpg,/content/Image_captioning_Local/Flickr30K/flickr30k_images/flickr30k_images/flickr30k_images/4474749623.jpg,car,0.6705410480499268,34.442420959472656,226.81703186035156,95.861328125,258.459228515625,12
Flickr30K/4474749623.jpg,/content/Image_captioning_Local/Flickr30K/flickr30k_images/flickr30k_images/flickr30k_images/4474749623.jpg,car,0.5754751563072205,165.5129852294922,214.00888061523438,264.497802734375,270.9138488769531,12
Flickr30K/4474749623.jpg,/content/Image_captioning_Local/Flickr30K/flickr30k_images/flickr30k_images/flickr30k_images/4474749623.jpg,umbrella,0.374839186668396,0.0,183.76565551757812,15.290176391601562,201.36785888671875,12
Flickr30K/4474749623.jpg,/content/Image_captioning_Local/Flickr30K/flickr30k_images/flickr30k_images/flickr30k_images/4474749623.jpg,car,0.35112208127975464,348.105224609375,244.6166229248047,381.2063293457031,272.6210021972656,12
Flickr30K/4474749623.jpg,/content/Image_captioning_Local/Flickr30K/flickr30k_images/flickr30k_images/flickr30k_images/4474749623.jpg,handbag,0.2646556794643402,133.05474853515625,263.3906555175781,183.84512329101562,331.4747619628906,12
Flickr30K/4474806698.jpg,/content/Image_captioning_Local/Flickr30K/flickr30k_images/flickr30k_images/flickr30k_images/4474806698.jpg,person,0.8923456072807312,23.049509048461914,41.073055267333984,287.6040344238281,332.78961181640625,3
Flickr30K/4474806698.jpg,/content/Image_captioning_Local/Flickr30K/flickr30k_images/flickr30k_images/flickr30k_images/4474806698.jpg,person,0.7356601357460022,0.0,37.50205612182617,78.82334899902344,284.3605651855469,3
Flickr30K/4474806698.jpg,/content/Image_captioning_Local/Flickr30K/flickr30k_images/flickr30k_images/flickr30k_images/4474806698.jpg,person,0.6543341875076294,2.957879066467285,20.38038444519043,51.862831115722656,101.33180236816406,3
Flickr30K/447510779.jpg,/content/Image_captioning_Local/Flickr30K/flickr30k_images/flickr30k_images/flickr30k_images/447510779.jpg,person,0.9150214195251465,298.0121154785156,70.32609558105469,496.423828125,332.3949279785156,4
Flickr30K/447510779.jpg,/content/Image_captioning_Local/Flickr30K/flickr30k_images/flickr30k_images/flickr30k_images/447510779.jpg,person,0.6811767816543579,471.39239501953125,217.20899963378906,498.77410888671875,277.17401123046875,4
Flickr30K/447510779.jpg,/content/Image_captioning_Local/Flickr30K/flickr30k_images/flickr30k_images/flickr30k_images/447510779.jpg,person,0.45674794912338257,110.09977722167969,60.767059326171875,158.91534423828125,94.74140167236328,4
Flickr30K/447510779.jpg,/content/Image_captioning_Local/Flickr30K/flickr30k_images/flickr30k_images/flickr30k_images/447510779.jpg,backpack,0.28555387258529663,116.1823959350586,64.7153549194336,158.655517578125,95.1758804321289,4
Flickr30K/4475326892.jpg,/content/Image_captioning_Local/Flickr30K/flickr30k_images/flickr30k_images/flickr30k_images/4475326892.jpg,person,0.8356719613075256,116.27986145019531,82.26760864257812,150.85861206054688,180.58187866210938,12
Flickr30K/4475326892.jpg,/content/Image_captioning_Local/Flickr30K/flickr30k_images/flickr30k_images/flickr30k_images/4475326892.jpg,person,0.8061578869819641,77.55880737304688,74.3467025756836,117.86088562011719,180.24659729003906,12
Flickr30K/4475326892.jpg,/content/Image_captioning_Local/Flickr30K/flickr30k_images/flickr30k_images/flickr30k_images/4475326892.jpg,person,0.7553467154502869,238.68350219726562,107.47306060791016,460.2113342285156,328.5298767089844,12
Flickr30K/4475326892.jpg,/content/Image_captioning_Local/Flickr30K/flickr30k_images/flickr30k_images/flickr30k_images/4475326892.jpg,person,0.7075305581092834,165.41526794433594,90.82359313964844,189.2523956298828,164.04791259765625,12
Flickr30K/4475326892.jpg,/content/Image_captioning_Local/Flickr30K/flickr30k_images/flickr30k_images/flickr30k_images/4475326892.jpg,dining table,0.6850636005401611,0.8758306503295898,214.49298095703125,260.19720458984375,329.642578125,12
Flickr30K/4475326892.jpg,/content/Image_captioning_Local/Flickr30K/flickr30k_images/flickr30k_images/flickr30k_images/4475326892.jpg,person,0.6581358909606934,215.17076110839844,19.631057739257812,413.8010559082031,239.3545684814453,12
Flickr30K/4475326892.jpg,/content/Image_captioning_Local/Flickr30K/flickr30k_images/flickr30k_images/flickr30k_images/4475326892.jpg,person,0.6519631147384644,233.1602325439453,78.25988006591797,274.4639587402344,157.99496459960938,12
Flickr30K/4475326892.jpg,/content/Image_captioning_Local/Flickr30K/flickr30k_images/flickr30k_images/flickr30k_images/4475326892.jpg,dining table,0.41103869676589966,89.68704986572266,178.22720336914062,216.72410583496094,221.1915283203125,12
Flickr30K/4475326892.jpg,/content/Image_captioning_Local/Flickr30K/flickr30k_images/flickr30k_images/flickr30k_images/4475326892.jpg,person,0.3707251250743866,0.0,54.63460159301758,105.64460754394531,243.21864318847656,12
Flickr30K/4475326892.jpg,/content/Image_captioning_Local/Flickr30K/flickr30k_images/flickr30k_images/flickr30k_images/4475326892.jpg,chair,0.2913039028644562,193.37460327148438,173.31301879882812,225.21116638183594,223.53518676757812,12
Flickr30K/4475326892.jpg,/content/Image_captioning_Local/Flickr30K/flickr30k_images/flickr30k_images/flickr30k_images/4475326892.jpg,person,0.27609145641326904,291.11126708984375,75.8038101196289,316.1568603515625,103.70943450927734,12
Flickr30K/4475326892.jpg,/content/Image_captioning_Local/Flickr30K/flickr30k_images/flickr30k_images/flickr30k_images/4475326892.jpg,person,0.26114290952682495,31.140846252441406,110.43827819824219,58.13301086425781,148.46102905273438,12
Flickr30K/4475333077.jpg,/content/Image_captioning_Local/Flickr30K/flickr30k_images/flickr30k_images/flickr30k_images/4475333077.jpg,car,0.7899941205978394,35.6722297668457,172.16952514648438,112.83595275878906,236.0797119140625,57
Flickr30K/4475333077.jpg,/content/Image_captioning_Local/Flickr30K/flickr30k_images/flickr30k_images/flickr30k_images/4475333077.jpg,car,0.7759189605712891,235.56341552734375,176.04629516601562,287.71124267578125,237.8643798828125,57
Flickr30K/4475333077.jpg,/content/Image_captioning_Local/Flickr30K/flickr30k_images/flickr30k_images/flickr30k_images/4475333077.jpg,car,0.720920741558075,3.618739604949951,89.15897369384766,44.884193420410156,114.26362609863281,57
Flickr30K/4475333077.jpg,/content/Image_captioning_Local/Flickr30K/flickr30k_images/flickr30k_images/flickr30k_images/4475333077.jpg,bus,0.702205240726471,279.74859619140625,45.058685302734375,328.290283203125,121.05062103271484,57
Flickr30K/4475333077.jpg,/content/Image_captioning_Local/Flickr30K/flickr30k_images/flickr30k_images/flickr30k_images/4475333077.jpg,bus,0.6857390403747559,312.5472717285156,49.34044647216797,358.2486267089844,98.24686431884766,57
Flickr30K/4475333077.jpg,/content/Image_captioning_Local/Flickr30K/flickr30k_images/flickr30k_images/flickr30k_images/4475333077.jpg,person,0.6855415105819702,378.313232421875,250.91064453125,406.6769104003906,308.0435485839844,57
Flickr30K/4475333077.jpg,/content/Image_captioning_Local/Flickr30K/flickr30k_images/flickr30k_images/flickr30k_images/4475333077.jpg,motorcycle,0.6692423820495605,464.3021240234375,269.36029052734375,499.93634033203125,321.207275390625,57
Flickr30K/4475333077.jpg,/content/Image_captioning_Local/Flickr30K/flickr30k_images/flickr30k_images/flickr30k_images/4475333077.jpg,person,0.6369897723197937,245.33631896972656,237.64691162109375,274.69537353515625,294.8716125488281,57
Flickr30K/4475333077.jpg,/content/Image_captioning_Local/Flickr30K/flickr30k_images/flickr30k_images/flickr30k_images/4475333077.jpg,bus,0.6318503618240356,149.21759033203125,54.4110221862793,202.44830322265625,109.92558288574219,57
Flickr30K/4475333077.jpg,/content/Image_captioning_Local/Flickr30K/flickr30k_images/flickr30k_images/flickr30k_images/4475333077.jpg,motorcycle,0.624729573726654,2.6616334915161133,237.9255828857422,35.245262145996094,276.4889831542969,57
Flickr30K/4475333077.jpg,/content/Image_captioning_Local/Flickr30K/flickr30k_images/flickr30k_images/flickr30k_images/4475333077.jpg,motorcycle,0.6194320321083069,375.4494323730469,271.634521484375,406.7171630859375,321.5628967285156,57
Flickr30K/4475333077.jpg,/content/Image_captioning_Local/Flickr30K/flickr30k_images/flickr30k_images/flickr30k_images/4475333077.jpg,car,0.6062973737716675,173.19992065429688,130.7986297607422,214.29946899414062,173.475830078125,57
Flickr30K/4475333077.jpg,/content/Image_captioning_Local/Flickr30K/flickr30k_images/flickr30k_images/flickr30k_images/4475333077.jpg,motorcycle,0.6033855676651001,32.702301025390625,235.8054656982422,71.32250213623047,279.7659912109375,57
Flickr30K/4475333077.jpg,/content/Image_captioning_Local/Flickr30K/flickr30k_images/flickr30k_images/flickr30k_images/4475333077.jpg,person,0.5856305360794067,280.12933349609375,220.0326385498047,304.538818359375,272.12518310546875,57
Flickr30K/4475333077.jpg,/content/Image_captioning_Local/Flickr30K/flickr30k_images/flickr30k_images/flickr30k_images/4475333077.jpg,car,0.5804674029350281,243.03292846679688,106.79192352294922,274.38818359375,138.8627471923828,57
Flickr30K/4475333077.jpg,/content/Image_captioning_Local/Flickr30K/flickr30k_images/flickr30k_images/flickr30k_images/4475333077.jpg,truck,0.5514852404594421,337.5617370605469,110.71701049804688,396.53076171875,179.40924072265625,57
Flickr30K/4475333077.jpg,/content/Image_captioning_Local/Flickr30K/flickr30k_images/flickr30k_images/flickr30k_images/4475333077.jpg,motorcycle,0.5477683544158936,335.5526428222656,228.80982971191406,357.8215026855469,271.0149230957031,57
Flickr30K/4475333077.jpg,/content/Image_captioning_Local/Flickr30K/flickr30k_images/flickr30k_images/flickr30k_images/4475333077.jpg,motorcycle,0.5365777015686035,80.96936798095703,247.87843322753906,108.74095153808594,284.5746765136719,57
Flickr30K/4475333077.jpg,/content/Image_captioning_Local/Flickr30K/flickr30k_images/flickr30k_images/flickr30k_images/4475333077.jpg,truck,0.5325773358345032,129.54847717285156,162.08351135253906,200.06776428222656,268.20233154296875,57
Flickr30K/4475333077.jpg,/content/Image_captioning_Local/Flickr30K/flickr30k_images/flickr30k_images/flickr30k_images/4475333077.jpg,car,0.5275688767433167,244.96188354492188,136.37225341796875,285.396484375,186.20274353027344,57
Flickr30K/4475333077.jpg,/content/Image_captioning_Local/Flickr30K/flickr30k_images/flickr30k_images/flickr30k_images/4475333077.jpg,person,0.5242970585823059,80.30374145507812,223.80380249023438,113.18534851074219,274.82586669921875,57
Flickr30K/4475333077.jpg,/content/Image_captioning_Local/Flickr30K/flickr30k_images/flickr30k_images/flickr30k_images/4475333077.jpg,person,0.5231536626815796,206.0700225830078,208.7667694091797,232.01687622070312,260.8613586425781,57
Flickr30K/4475333077.jpg,/content/Image_captioning_Local/Flickr30K/flickr30k_images/flickr30k_images/flickr30k_images/4475333077.jpg,motorcycle,0.5178915858268738,421.54998779296875,262.09442138671875,448.1588439941406,315.695556640625,57
Flickr30K/4475333077.jpg,/content/Image_captioning_Local/Flickr30K/flickr30k_images/flickr30k_images/flickr30k_images/4475333077.jpg,motorcycle,0.5038716793060303,281.9518127441406,245.6026611328125,305.7416076660156,281.21136474609375,57
Flickr30K/4475333077.jpg,/content/Image_captioning_Local/Flickr30K/flickr30k_images/flickr30k_images/flickr30k_images/4475333077.jpg,truck,0.5003045797348022,116.37350463867188,93.87312316894531,164.37095642089844,149.3710479736328,57
Flickr30K/4475333077.jpg,/content/Image_captioning_Local/Flickr30K/flickr30k_images/flickr30k_images/flickr30k_images/4475333077.jpg,car,0.4983159601688385,299.50799560546875,132.64012145996094,330.8003845214844,173.40040588378906,57
Flickr30K/4475333077.jpg,/content/Image_captioning_Local/Flickr30K/flickr30k_images/flickr30k_images/flickr30k_images/4475333077.jpg,motorcycle,0.49576616287231445,306.63720703125,229.0601043701172,326.8342590332031,267.4559020996094,57
Flickr30K/4475333077.jpg,/content/Image_captioning_Local/Flickr30K/flickr30k_images/flickr30k_images/flickr30k_images/4475333077.jpg,person,0.49338972568511963,464.49261474609375,246.08187866210938,494.5459289550781,300.7086181640625,57
Flickr30K/4475333077.jpg,/content/Image_captioning_Local/Flickr30K/flickr30k_images/flickr30k_images/flickr30k_images/4475333077.jpg,car,0.4911564886569977,192.61026000976562,111.55793762207031,224.64199829101562,143.630859375,57
Flickr30K/4475333077.jpg,/content/Image_captioning_Local/Flickr30K/flickr30k_images/flickr30k_images/flickr30k_images/4475333077.jpg,person,0.4658384323120117,336.446533203125,210.16683959960938,358.3527526855469,264.0919189453125,57
Flickr30K/4475333077.jpg,/content/Image_captioning_Local/Flickr30K/flickr30k_images/flickr30k_images/flickr30k_images/4475333077.jpg,motorcycle,0.46296584606170654,203.40916442871094,232.9714813232422,235.32489013671875,271.07049560546875,57
Flickr30K/4475333077.jpg,/content/Image_captioning_Local/Flickr30K/flickr30k_images/flickr30k_images/flickr30k_images/4475333077.jpg,car,0.46082431077957153,97.4246826171875,138.34559631347656,149.13674926757812,178.56857299804688,57
Flickr30K/4475333077.jpg,/content/Image_captioning_Local/Flickr30K/flickr30k_images/flickr30k_images/flickr30k_images/4475333077.jpg,person,0.4530235826969147,302.5409240722656,206.958251953125,330.7856140136719,260.80926513671875,57
Flickr30K/4475333077.jpg,/content/Image_captioning_Local/Flickr30K/flickr30k_images/flickr30k_images/flickr30k_images/4475333077.jpg,bus,0.44972971081733704,268.6924743652344,27.33740234375,298.7837219238281,74.1543197631836,57
Flickr30K/4475333077.jpg,/content/Image_captioning_Local/Flickr30K/flickr30k_images/flickr30k_images/flickr30k_images/4475333077.jpg,motorcycle,0.4472208619117737,374.205078125,225.03297424316406,394.3590087890625,260.2137756347656,57
Flickr30K/4475333077.jpg,/content/Image_captioning_Local/Flickr30K/flickr30k_images/flickr30k_images/flickr30k_images/4475333077.jpg,truck,0.4454502761363983,318.40887451171875,149.8741455078125,386.37823486328125,231.19790649414062,57
Flickr30K/4475333077.jpg,/content/Image_captioning_Local/Flickr30K/flickr30k_images/flickr30k_images/flickr30k_images/4475333077.jpg,person,0.441636323928833,104.495849609375,200.4237823486328,128.3464813232422,242.13951110839844,57
Flickr30K/4475333077.jpg,/content/Image_captioning_Local/Flickr30K/flickr30k_images/flickr30k_images/flickr30k_images/4475333077.jpg,motorcycle,0.43446409702301025,243.76573181152344,258.6997375488281,276.0239562988281,315.1047668457031,57
Flickr30K/4475333077.jpg,/content/Image_captioning_Local/Flickr30K/flickr30k_images/flickr30k_images/flickr30k_images/4475333077.jpg,car,0.39558303356170654,183.46481323242188,118.36781311035156,221.4244384765625,160.90673828125,57
Flickr30K/4475333077.jpg,/content/Image_captioning_Local/Flickr30K/flickr30k_images/flickr30k_images/flickr30k_images/4475333077.jpg,bus,0.3953576683998108,242.74630737304688,37.65341567993164,265.96087646484375,73.00424194335938,57
Flickr30K/4475333077.jpg,/content/Image_captioning_Local/Flickr30K/flickr30k_images/flickr30k_images/flickr30k_images/4475333077.jpg,bus,0.3815600275993347,291.33270263671875,27.72762107849121,316.907470703125,49.603336334228516,57
Flickr30K/4475333077.jpg,/content/Image_captioning_Local/Flickr30K/flickr30k_images/flickr30k_images/flickr30k_images/4475333077.jpg,motorcycle,0.3711766302585602,102.24710845947266,213.31915283203125,128.39108276367188,250.68545532226562,57
Flickr30K/4475333077.jpg,/content/Image_captioning_Local/Flickr30K/flickr30k_images/flickr30k_images/flickr30k_images/4475333077.jpg,traffic light,0.33380916714668274,399.80462646484375,57.120853424072266,426.34173583984375,81.30581665039062,57
Flickr30K/4475333077.jpg,/content/Image_captioning_Local/Flickr30K/flickr30k_images/flickr30k_images/flickr30k_images/4475333077.jpg,traffic light,0.327646404504776,400.0702819824219,75.79904174804688,409.48046875,90.94105529785156,57
Flickr30K/4475333077.jpg,/content/Image_captioning_Local/Flickr30K/flickr30k_images/flickr30k_images/flickr30k_images/4475333077.jpg,person,0.3218440115451813,10.016454696655273,218.29122924804688,36.513465881347656,256.5824890136719,57
Flickr30K/4475333077.jpg,/content/Image_captioning_Local/Flickr30K/flickr30k_images/flickr30k_images/flickr30k_images/4475333077.jpg,person,0.31791216135025024,446.1417541503906,146.85740661621094,463.753662109375,181.2089385986328,57
Flickr30K/4475333077.jpg,/content/Image_captioning_Local/Flickr30K/flickr30k_images/flickr30k_images/flickr30k_images/4475333077.jpg,car,0.30667591094970703,127.25403594970703,163.49716186523438,200.80320739746094,267.4615783691406,57
Flickr30K/4475333077.jpg,/content/Image_captioning_Local/Flickr30K/flickr30k_images/flickr30k_images/flickr30k_images/4475333077.jpg,person,0.30501583218574524,31.879186630249023,172.55906677246094,52.612083435058594,206.39381408691406,57
Flickr30K/4475333077.jpg,/content/Image_captioning_Local/Flickr30K/flickr30k_images/flickr30k_images/flickr30k_images/4475333077.jpg,person,0.29587647318840027,211.6376190185547,191.55642700195312,233.34271240234375,220.54798889160156,57
Flickr30K/4475333077.jpg,/content/Image_captioning_Local/Flickr30K/flickr30k_images/flickr30k_images/flickr30k_images/4475333077.jpg,person,0.29155004024505615,211.65513610839844,172.15208435058594,229.7957000732422,202.5501251220703,57
Flickr30K/4475333077.jpg,/content/Image_captioning_Local/Flickr30K/flickr30k_images/flickr30k_images/flickr30k_images/4475333077.jpg,motorcycle,0.2869154214859009,402.5136413574219,235.8096160888672,422.4241638183594,273.40704345703125,57
Flickr30K/4475333077.jpg,/content/Image_captioning_Local/Flickr30K/flickr30k_images/flickr30k_images/flickr30k_images/4475333077.jpg,car,0.2848255932331085,210.63986206054688,79.44496154785156,231.86849975585938,99.82014465332031,57
Flickr30K/4475333077.jpg,/content/Image_captioning_Local/Flickr30K/flickr30k_images/flickr30k_images/flickr30k_images/4475333077.jpg,person,0.28210705518722534,295.95733642578125,188.73426818847656,314.52227783203125,231.61976623535156,57
Flickr30K/4475333077.jpg,/content/Image_captioning_Local/Flickr30K/flickr30k_images/flickr30k_images/flickr30k_images/4475333077.jpg,person,0.27437373995780945,37.831668853759766,220.96913146972656,65.54727172851562,260.9118347167969,57
Flickr30K/4475333077.jpg,/content/Image_captioning_Local/Flickr30K/flickr30k_images/flickr30k_images/flickr30k_images/4475333077.jpg,motorcycle,0.27302658557891846,32.95655059814453,243.8486328125,53.28430938720703,281.3410949707031,57
Flickr30K/4475333077.jpg,/content/Image_captioning_Local/Flickr30K/flickr30k_images/flickr30k_images/flickr30k_images/4475333077.jpg,person,0.25453871488571167,426.7234802246094,186.69793701171875,446.28802490234375,216.53616333007812,57
Flickr30K/4475333077.jpg,/content/Image_captioning_Local/Flickr30K/flickr30k_images/flickr30k_images/flickr30k_images/4475333077.jpg,motorcycle,0.25133830308914185,79.27547454833984,225.1321258544922,113.75064849853516,280.174072265625,57
Flickr30K/4475414865.jpg,/content/Image_captioning_Local/Flickr30K/flickr30k_images/flickr30k_images/flickr30k_images/4475414865.jpg,motorcycle,0.8918001055717468,73.78826141357422,164.54000854492188,153.81472778320312,228.24935913085938,7
Flickr30K/4475414865.jpg,/content/Image_captioning_Local/Flickr30K/flickr30k_images/flickr30k_images/flickr30k_images/4475414865.jpg,motorcycle,0.7575053572654724,369.68011474609375,192.52818298339844,449.3350830078125,262.22259521484375,7
Flickr30K/4475414865.jpg,/content/Image_captioning_Local/Flickr30K/flickr30k_images/flickr30k_images/flickr30k_images/4475414865.jpg,person,0.6572993993759155,308.5284118652344,171.70123291015625,351.96649169921875,251.69004821777344,7
Flickr30K/4475414865.jpg,/content/Image_captioning_Local/Flickr30K/flickr30k_images/flickr30k_images/flickr30k_images/4475414865.jpg,person,0.5944749712944031,397.1674499511719,175.35043334960938,439.5823059082031,236.90557861328125,7
Flickr30K/4475414865.jpg,/content/Image_captioning_Local/Flickr30K/flickr30k_images/flickr30k_images/flickr30k_images/4475414865.jpg,motorcycle,0.5735315680503845,205.3650360107422,155.7099609375,270.9247131347656,212.02757263183594,7
Flickr30K/4475414865.jpg,/content/Image_captioning_Local/Flickr30K/flickr30k_images/flickr30k_images/flickr30k_images/4475414865.jpg,person,0.5145596265792847,203.58140563964844,130.9801788330078,243.70315551757812,218.54397583007812,7
Flickr30K/4475414865.jpg,/content/Image_captioning_Local/Flickr30K/flickr30k_images/flickr30k_images/flickr30k_images/4475414865.jpg,motorcycle,0.4491610825061798,306.0304260253906,203.09986877441406,349.5970153808594,255.81036376953125,7
Flickr30K/4475525978.jpg,/content/Image_captioning_Local/Flickr30K/flickr30k_images/flickr30k_images/flickr30k_images/4475525978.jpg,person,0.9121498465538025,116.0277099609375,164.45960998535156,201.4111785888672,425.6955261230469,6
Flickr30K/4475525978.jpg,/content/Image_captioning_Local/Flickr30K/flickr30k_images/flickr30k_images/flickr30k_images/4475525978.jpg,umbrella,0.7810807228088379,85.74778747558594,125.11009979248047,231.25660705566406,178.0978240966797,6
Flickr30K/4475525978.jpg,/content/Image_captioning_Local/Flickr30K/flickr30k_images/flickr30k_images/flickr30k_images/4475525978.jpg,person,0.7061989903450012,245.2171630859375,151.0399627685547,262.1222229003906,207.38893127441406,6
Flickr30K/4475525978.jpg,/content/Image_captioning_Local/Flickr30K/flickr30k_images/flickr30k_images/flickr30k_images/4475525978.jpg,person,0.5054382085800171,259.8802185058594,163.74497985839844,275.84503173828125,208.37144470214844,6
Flickr30K/4475525978.jpg,/content/Image_captioning_Local/Flickr30K/flickr30k_images/flickr30k_images/flickr30k_images/4475525978.jpg,person,0.47273868322372437,276.4405212402344,167.00672912597656,295.67852783203125,208.98585510253906,6
Flickr30K/4475525978.jpg,/content/Image_captioning_Local/Flickr30K/flickr30k_images/flickr30k_images/flickr30k_images/4475525978.jpg,handbag,0.4175374209880829,118.2130126953125,194.63705444335938,145.50244140625,285.9731140136719,6
Flickr30K/4475656804.jpg,/content/Image_captioning_Local/Flickr30K/flickr30k_images/flickr30k_images/flickr30k_images/4475656804.jpg,umbrella,0.8718661665916443,26.563566207885742,158.95565795898438,208.0150146484375,250.305419921875,15
Flickr30K/4475656804.jpg,/content/Image_captioning_Local/Flickr30K/flickr30k_images/flickr30k_images/flickr30k_images/4475656804.jpg,person,0.7660648226737976,50.83134841918945,230.74179077148438,150.130126953125,467.380126953125,15
Flickr30K/4475656804.jpg,/content/Image_captioning_Local/Flickr30K/flickr30k_images/flickr30k_images/flickr30k_images/4475656804.jpg,bicycle,0.7125503420829773,250.8258514404297,267.517822265625,299.0954284667969,319.0340270996094,15
Flickr30K/4475656804.jpg,/content/Image_captioning_Local/Flickr30K/flickr30k_images/flickr30k_images/flickr30k_images/4475656804.jpg,person,0.6939244270324707,17.379886627197266,232.487060546875,52.975303649902344,338.8163146972656,15
Flickr30K/4475656804.jpg,/content/Image_captioning_Local/Flickr30K/flickr30k_images/flickr30k_images/flickr30k_images/4475656804.jpg,backpack,0.6247276067733765,67.80377197265625,245.44448852539062,133.1219024658203,324.2158508300781,15
Flickr30K/4475656804.jpg,/content/Image_captioning_Local/Flickr30K/flickr30k_images/flickr30k_images/flickr30k_images/4475656804.jpg,person,0.5035887360572815,179.7747802734375,234.51402282714844,198.54042053222656,281.22589111328125,15
Flickr30K/4475656804.jpg,/content/Image_captioning_Local/Flickr30K/flickr30k_images/flickr30k_images/flickr30k_images/4475656804.jpg,person,0.5035567879676819,246.55137634277344,231.78555297851562,273.8305969238281,305.8445129394531,15
Flickr30K/4475656804.jpg,/content/Image_captioning_Local/Flickr30K/flickr30k_images/flickr30k_images/flickr30k_images/4475656804.jpg,person,0.494863897562027,317.36016845703125,223.2288360595703,333.0,289.34521484375,15
Flickr30K/4475656804.jpg,/content/Image_captioning_Local/Flickr30K/flickr30k_images/flickr30k_images/flickr30k_images/4475656804.jpg,person,0.4907122552394867,283.294189453125,226.1545867919922,306.8836364746094,287.2425842285156,15
Flickr30K/4475656804.jpg,/content/Image_captioning_Local/Flickr30K/flickr30k_images/flickr30k_images/flickr30k_images/4475656804.jpg,person,0.4230565130710602,144.49090576171875,233.01705932617188,180.2987518310547,353.04559326171875,15
Flickr30K/4475656804.jpg,/content/Image_captioning_Local/Flickr30K/flickr30k_images/flickr30k_images/flickr30k_images/4475656804.jpg,person,0.3926389515399933,3.7008941173553467,236.49098205566406,23.37424087524414,284.2527770996094,15
Flickr30K/4475656804.jpg,/content/Image_captioning_Local/Flickr30K/flickr30k_images/flickr30k_images/flickr30k_images/4475656804.jpg,person,0.3884035050868988,268.8620300292969,243.20364379882812,293.8938903808594,314.310546875,15
Flickr30K/4475656804.jpg,/content/Image_captioning_Local/Flickr30K/flickr30k_images/flickr30k_images/flickr30k_images/4475656804.jpg,person,0.36961373686790466,199.15432739257812,231.37831115722656,225.831787109375,291.4372863769531,15
Flickr30K/4475656804.jpg,/content/Image_captioning_Local/Flickr30K/flickr30k_images/flickr30k_images/flickr30k_images/4475656804.jpg,umbrella,0.2662430703639984,193.86685180664062,222.69850158691406,236.986572265625,241.04881286621094,15
Flickr30K/4475656804.jpg,/content/Image_captioning_Local/Flickr30K/flickr30k_images/flickr30k_images/flickr30k_images/4475656804.jpg,person,0.2528168261051178,126.3083724975586,242.26882934570312,164.24916076660156,365.0617980957031,15
Flickr30K/4475663002.jpg,/content/Image_captioning_Local/Flickr30K/flickr30k_images/flickr30k_images/flickr30k_images/4475663002.jpg,person,0.9142902493476868,162.7847442626953,204.9008331298828,249.84271240234375,492.9653625488281,3
Flickr30K/4475663002.jpg,/content/Image_captioning_Local/Flickr30K/flickr30k_images/flickr30k_images/flickr30k_images/4475663002.jpg,traffic light,0.6565539836883545,40.23793411254883,32.143436431884766,125.60956573486328,103.76130676269531,3
Flickr30K/4475663002.jpg,/content/Image_captioning_Local/Flickr30K/flickr30k_images/flickr30k_images/flickr30k_images/4475663002.jpg,handbag,0.3716640770435333,141.10031127929688,349.3562316894531,186.31143188476562,428.98516845703125,3
Flickr30K/4475688604.jpg,/content/Image_captioning_Local/Flickr30K/flickr30k_images/flickr30k_images/flickr30k_images/4475688604.jpg,person,0.9018869996070862,35.21245193481445,6.646323204040527,316.8754577636719,500.0,2
Flickr30K/4475688604.jpg,/content/Image_captioning_Local/Flickr30K/flickr30k_images/flickr30k_images/flickr30k_images/4475688604.jpg,skateboard,0.7832614779472351,2.459794282913208,407.75994873046875,96.15913391113281,499.51324462890625,2
Flickr30K/4475940174.jpg,/content/Image_captioning_Local/Flickr30K/flickr30k_images/flickr30k_images/flickr30k_images/4475940174.jpg,chair,0.8922194838523865,149.94351196289062,257.84515380859375,233.17083740234375,331.5598449707031,38
Flickr30K/4475940174.jpg,/content/Image_captioning_Local/Flickr30K/flickr30k_images/flickr30k_images/flickr30k_images/4475940174.jpg,person,0.8719276189804077,83.87677764892578,181.33184814453125,149.112060546875,330.27716064453125,38
Flickr30K/4475940174.jpg,/content/Image_captioning_Local/Flickr30K/flickr30k_images/flickr30k_images/flickr30k_images/4475940174.jpg,chair,0.8563237190246582,381.55023193359375,273.11309814453125,448.9127197265625,331.69573974609375,38
Flickr30K/4475940174.jpg,/content/Image_captioning_Local/Flickr30K/flickr30k_images/flickr30k_images/flickr30k_images/4475940174.jpg,person,0.763657808303833,304.1243591308594,116.23831176757812,355.8941955566406,224.45335388183594,38
Flickr30K/4475940174.jpg,/content/Image_captioning_Local/Flickr30K/flickr30k_images/flickr30k_images/flickr30k_images/4475940174.jpg,chair,0.7536944150924683,175.88055419921875,182.74578857421875,218.3767547607422,260.4093933105469,38
Flickr30K/4475940174.jpg,/content/Image_captioning_Local/Flickr30K/flickr30k_images/flickr30k_images/flickr30k_images/4475940174.jpg,person,0.7379582524299622,152.28907775878906,108.31262969970703,217.12142944335938,222.28057861328125,38
Flickr30K/4475940174.jpg,/content/Image_captioning_Local/Flickr30K/flickr30k_images/flickr30k_images/flickr30k_images/4475940174.jpg,chair,0.723285973072052,37.127159118652344,151.9680938720703,83.91191864013672,234.82374572753906,38
Flickr30K/4475940174.jpg,/content/Image_captioning_Local/Flickr30K/flickr30k_images/flickr30k_images/flickr30k_images/4475940174.jpg,chair,0.7163326144218445,102.39942169189453,102.98542785644531,138.03884887695312,128.90481567382812,38
Flickr30K/4475940174.jpg,/content/Image_captioning_Local/Flickr30K/flickr30k_images/flickr30k_images/flickr30k_images/4475940174.jpg,chair,0.7161756753921509,267.8478088378906,283.8236999511719,327.83953857421875,332.3783874511719,38
Flickr30K/4475940174.jpg,/content/Image_captioning_Local/Flickr30K/flickr30k_images/flickr30k_images/flickr30k_images/4475940174.jpg,chair,0.7142899632453918,429.8896789550781,119.73431396484375,470.6822509765625,210.70887756347656,38
Flickr30K/4475940174.jpg,/content/Image_captioning_Local/Flickr30K/flickr30k_images/flickr30k_images/flickr30k_images/4475940174.jpg,chair,0.6969268918037415,258.69482421875,192.60708618164062,303.7418212890625,297.0340576171875,38
Flickr30K/4475940174.jpg,/content/Image_captioning_Local/Flickr30K/flickr30k_images/flickr30k_images/flickr30k_images/4475940174.jpg,dining table,0.6876484155654907,291.44525146484375,221.47421264648438,411.297607421875,328.574951171875,38
Flickr30K/4475940174.jpg,/content/Image_captioning_Local/Flickr30K/flickr30k_images/flickr30k_images/flickr30k_images/4475940174.jpg,chair,0.6788275837898254,484.2992248535156,207.42239379882812,499.96942138671875,324.29388427734375,38
Flickr30K/4475940174.jpg,/content/Image_captioning_Local/Flickr30K/flickr30k_images/flickr30k_images/flickr30k_images/4475940174.jpg,chair,0.6669532060623169,97.08031463623047,6.3058671951293945,118.9366455078125,44.69457244873047,38
Flickr30K/4475940174.jpg,/content/Image_captioning_Local/Flickr30K/flickr30k_images/flickr30k_images/flickr30k_images/4475940174.jpg,chair,0.6629626750946045,374.26702880859375,164.97506713867188,410.76312255859375,227.29840087890625,38
Flickr30K/4475940174.jpg,/content/Image_captioning_Local/Flickr30K/flickr30k_images/flickr30k_images/flickr30k_images/4475940174.jpg,chair,0.658272385597229,3.218421459197998,289.9678039550781,66.30958557128906,332.6955261230469,38
Flickr30K/4475940174.jpg,/content/Image_captioning_Local/Flickr30K/flickr30k_images/flickr30k_images/flickr30k_images/4475940174.jpg,chair,0.6444321274757385,270.1727600097656,117.01538848876953,284.3061828613281,154.16104125976562,38
Flickr30K/4475940174.jpg,/content/Image_captioning_Local/Flickr30K/flickr30k_images/flickr30k_images/flickr30k_images/4475940174.jpg,chair,0.61673903465271,69.53105926513672,234.37437438964844,104.54989624023438,324.2229919433594,38
Flickr30K/4475940174.jpg,/content/Image_captioning_Local/Flickr30K/flickr30k_images/flickr30k_images/flickr30k_images/4475940174.jpg,chair,0.6106037497520447,65.13290405273438,104.581787109375,97.20738220214844,132.29627990722656,38
Flickr30K/4475940174.jpg,/content/Image_captioning_Local/Flickr30K/flickr30k_images/flickr30k_images/flickr30k_images/4475940174.jpg,chair,0.5835888981819153,347.919921875,161.9882049560547,372.73089599609375,224.7672119140625,38
Flickr30K/4475940174.jpg,/content/Image_captioning_Local/Flickr30K/flickr30k_images/flickr30k_images/flickr30k_images/4475940174.jpg,dining table,0.575470507144928,22.112232208251953,121.5240249633789,161.5915985107422,204.1441650390625,38
Flickr30K/4475940174.jpg,/content/Image_captioning_Local/Flickr30K/flickr30k_images/flickr30k_images/flickr30k_images/4475940174.jpg,chair,0.5739219784736633,385.8742980957031,188.86923217773438,427.1094665527344,252.30165100097656,38
Flickr30K/4475940174.jpg,/content/Image_captioning_Local/Flickr30K/flickr30k_images/flickr30k_images/flickr30k_images/4475940174.jpg,person,0.5058702826499939,297.8228454589844,62.264007568359375,343.5266418457031,142.60003662109375,38
Flickr30K/4475940174.jpg,/content/Image_captioning_Local/Flickr30K/flickr30k_images/flickr30k_images/flickr30k_images/4475940174.jpg,chair,0.40186214447021484,11.343391418457031,127.46598815917969,42.55672073364258,217.80441284179688,38
Flickr30K/4475940174.jpg,/content/Image_captioning_Local/Flickr30K/flickr30k_images/flickr30k_images/flickr30k_images/4475940174.jpg,chair,0.3859713673591614,294.1458740234375,182.58212280273438,319.1095886230469,234.3665771484375,38
Flickr30K/4475940174.jpg,/content/Image_captioning_Local/Flickr30K/flickr30k_images/flickr30k_images/flickr30k_images/4475940174.jpg,chair,0.38234132528305054,171.53591918945312,50.04481506347656,188.3415985107422,74.35401916503906,38
Flickr30K/4475940174.jpg,/content/Image_captioning_Local/Flickr30K/flickr30k_images/flickr30k_images/flickr30k_images/4475940174.jpg,person,0.35714593529701233,332.1902160644531,99.17355346679688,383.6015319824219,212.09225463867188,38
Flickr30K/4475940174.jpg,/content/Image_captioning_Local/Flickr30K/flickr30k_images/flickr30k_images/flickr30k_images/4475940174.jpg,chair,0.34766581654548645,22.545516967773438,116.91551208496094,45.391963958740234,153.8433074951172,38
Flickr30K/4475940174.jpg,/content/Image_captioning_Local/Flickr30K/flickr30k_images/flickr30k_images/flickr30k_images/4475940174.jpg,chair,0.3447979986667633,0.07863640785217285,194.9882049560547,14.72970199584961,264.106689453125,38
Flickr30K/4475940174.jpg,/content/Image_captioning_Local/Flickr30K/flickr30k_images/flickr30k_images/flickr30k_images/4475940174.jpg,chair,0.32863423228263855,110.93853759765625,45.48237991333008,145.6570281982422,77.50749969482422,38
Flickr30K/4475940174.jpg,/content/Image_captioning_Local/Flickr30K/flickr30k_images/flickr30k_images/flickr30k_images/4475940174.jpg,dining table,0.30924293398857117,343.03204345703125,125.5440673828125,433.1090087890625,202.21499633789062,38
Flickr30K/4475940174.jpg,/content/Image_captioning_Local/Flickr30K/flickr30k_images/flickr30k_images/flickr30k_images/4475940174.jpg,chair,0.300861656665802,68.78013610839844,185.5377197265625,102.61894226074219,256.8727111816406,38
Flickr30K/4475940174.jpg,/content/Image_captioning_Local/Flickr30K/flickr30k_images/flickr30k_images/flickr30k_images/4475940174.jpg,dining table,0.2801206111907959,123.74405670166016,228.03733825683594,207.4751434326172,326.4544982910156,38
Flickr30K/4475940174.jpg,/content/Image_captioning_Local/Flickr30K/flickr30k_images/flickr30k_images/flickr30k_images/4475940174.jpg,person,0.27708491683006287,338.4177551269531,26.503307342529297,374.6414489746094,78.11365509033203,38
Flickr30K/4475940174.jpg,/content/Image_captioning_Local/Flickr30K/flickr30k_images/flickr30k_images/flickr30k_images/4475940174.jpg,chair,0.2654537260532379,393.0101013183594,229.8382568359375,428.4844055175781,280.2377014160156,38
Flickr30K/4475940174.jpg,/content/Image_captioning_Local/Flickr30K/flickr30k_images/flickr30k_images/flickr30k_images/4475940174.jpg,chair,0.2646178603172302,60.94676971435547,30.149883270263672,88.14861297607422,83.99981689453125,38
Flickr30K/4475940174.jpg,/content/Image_captioning_Local/Flickr30K/flickr30k_images/flickr30k_images/flickr30k_images/4475940174.jpg,chair,0.26152750849723816,384.83282470703125,14.063447952270508,406.5834655761719,74.03921508789062,38
Flickr30K/4475940174.jpg,/content/Image_captioning_Local/Flickr30K/flickr30k_images/flickr30k_images/flickr30k_images/4475940174.jpg,chair,0.2600727379322052,142.70872497558594,52.2108154296875,164.60366821289062,73.51518249511719,38
Flickr30K/4475974227.jpg,/content/Image_captioning_Local/Flickr30K/flickr30k_images/flickr30k_images/flickr30k_images/4475974227.jpg,person,0.9324512481689453,416.3977966308594,130.7532958984375,497.47796630859375,313.9778747558594,4
Flickr30K/4475974227.jpg,/content/Image_captioning_Local/Flickr30K/flickr30k_images/flickr30k_images/flickr30k_images/4475974227.jpg,person,0.897775411605835,69.1739501953125,156.78939819335938,132.55215454101562,298.4403076171875,4
Flickr30K/4475974227.jpg,/content/Image_captioning_Local/Flickr30K/flickr30k_images/flickr30k_images/flickr30k_images/4475974227.jpg,truck,0.5682897567749023,135.84205627441406,164.70455932617188,207.955078125,195.0838623046875,4
Flickr30K/4475974227.jpg,/content/Image_captioning_Local/Flickr30K/flickr30k_images/flickr30k_images/flickr30k_images/4475974227.jpg,car,0.48195546865463257,135.3272247314453,164.51402282714844,207.42449951171875,195.03236389160156,4
Flickr30K/4476210151.jpg,/content/Image_captioning_Local/Flickr30K/flickr30k_images/flickr30k_images/flickr30k_images/4476210151.jpg,person,0.2518147826194763,29.83003807067871,83.35908508300781,270.2965393066406,398.3133850097656,1
Flickr30K/4476440464.jpg,/content/Image_captioning_Local/Flickr30K/flickr30k_images/flickr30k_images/flickr30k_images/4476440464.jpg,person,0.6918779015541077,27.639616012573242,141.0997314453125,183.5956268310547,328.9011535644531,7
Flickr30K/4476440464.jpg,/content/Image_captioning_Local/Flickr30K/flickr30k_images/flickr30k_images/flickr30k_images/4476440464.jpg,person,0.6684916615486145,31.54897689819336,87.25519561767578,74.81140899658203,159.13229370117188,7
Flickr30K/4476440464.jpg,/content/Image_captioning_Local/Flickr30K/flickr30k_images/flickr30k_images/flickr30k_images/4476440464.jpg,person,0.6587426662445068,242.32101440429688,133.5349578857422,500.0,328.3827209472656,7
Flickr30K/4476440464.jpg,/content/Image_captioning_Local/Flickr30K/flickr30k_images/flickr30k_images/flickr30k_images/4476440464.jpg,person,0.5891080498695374,2.7296929359436035,122.16444396972656,45.2297248840332,182.83018493652344,7
Flickr30K/4476440464.jpg,/content/Image_captioning_Local/Flickr30K/flickr30k_images/flickr30k_images/flickr30k_images/4476440464.jpg,person,0.4853709936141968,175.74136352539062,16.60870933532715,298.5378112792969,228.86572265625,7
Flickr30K/4476440464.jpg,/content/Image_captioning_Local/Flickr30K/flickr30k_images/flickr30k_images/flickr30k_images/4476440464.jpg,chair,0.3549349904060364,16.8754940032959,185.0546112060547,61.85074996948242,276.27532958984375,7
Flickr30K/4476440464.jpg,/content/Image_captioning_Local/Flickr30K/flickr30k_images/flickr30k_images/flickr30k_images/4476440464.jpg,person,0.2779942452907562,7.501599311828613,141.45867919921875,53.45463562011719,214.28782653808594,7
Flickr30K/4476454760.jpg,/content/Image_captioning_Local/Flickr30K/flickr30k_images/flickr30k_images/flickr30k_images/4476454760.jpg,person,0.8814894556999207,296.9129333496094,71.61742401123047,485.7601318359375,365.792724609375,5
Flickr30K/4476454760.jpg,/content/Image_captioning_Local/Flickr30K/flickr30k_images/flickr30k_images/flickr30k_images/4476454760.jpg,person,0.8419033885002136,39.5228271484375,61.334564208984375,221.1020050048828,369.51171875,5
Flickr30K/4476454760.jpg,/content/Image_captioning_Local/Flickr30K/flickr30k_images/flickr30k_images/flickr30k_images/4476454760.jpg,person,0.7883279919624329,201.9199676513672,170.42410278320312,384.2906188964844,369.7934265136719,5
Flickr30K/4476454760.jpg,/content/Image_captioning_Local/Flickr30K/flickr30k_images/flickr30k_images/flickr30k_images/4476454760.jpg,person,0.7311684489250183,0.21344348788261414,181.48887634277344,22.35480308532715,352.1503601074219,5
Flickr30K/4476454760.jpg,/content/Image_captioning_Local/Flickr30K/flickr30k_images/flickr30k_images/flickr30k_images/4476454760.jpg,person,0.5290151834487915,147.61776733398438,95.80793762207031,246.3238067626953,254.714111328125,5
Flickr30K/4476827011.jpg,/content/Image_captioning_Local/Flickr30K/flickr30k_images/flickr30k_images/flickr30k_images/4476827011.jpg,person,0.8835759162902832,321.18853759765625,88.48887634277344,370.0552062988281,218.75772094726562,9
Flickr30K/4476827011.jpg,/content/Image_captioning_Local/Flickr30K/flickr30k_images/flickr30k_images/flickr30k_images/4476827011.jpg,person,0.836796760559082,189.4814910888672,96.29496002197266,226.32411193847656,196.8811798095703,9
Flickr30K/4476827011.jpg,/content/Image_captioning_Local/Flickr30K/flickr30k_images/flickr30k_images/flickr30k_images/4476827011.jpg,person,0.8318967223167419,255.6080322265625,93.71944427490234,296.4385070800781,206.35748291015625,9
Flickr30K/4476827011.jpg,/content/Image_captioning_Local/Flickr30K/flickr30k_images/flickr30k_images/flickr30k_images/4476827011.jpg,person,0.8179984092712402,173.2385711669922,100.29841613769531,193.89013671875,196.40318298339844,9
Flickr30K/4476827011.jpg,/content/Image_captioning_Local/Flickr30K/flickr30k_images/flickr30k_images/flickr30k_images/4476827011.jpg,person,0.8117509484291077,146.8162384033203,96.6933822631836,176.8597412109375,197.91952514648438,9
Flickr30K/4476827011.jpg,/content/Image_captioning_Local/Flickr30K/flickr30k_images/flickr30k_images/flickr30k_images/4476827011.jpg,person,0.8050351738929749,127.09477233886719,96.56465911865234,154.51962280273438,196.24838256835938,9
Flickr30K/4476827011.jpg,/content/Image_captioning_Local/Flickr30K/flickr30k_images/flickr30k_images/flickr30k_images/4476827011.jpg,person,0.733295202255249,243.1388397216797,104.57350158691406,265.72900390625,199.3994903564453,9
Flickr30K/4476827011.jpg,/content/Image_captioning_Local/Flickr30K/flickr30k_images/flickr30k_images/flickr30k_images/4476827011.jpg,backpack,0.28833866119384766,218.67137145996094,112.05018615722656,231.85992431640625,135.24850463867188,9
Flickr30K/4476827011.jpg,/content/Image_captioning_Local/Flickr30K/flickr30k_images/flickr30k_images/flickr30k_images/4476827011.jpg,person,0.28673797845840454,210.7138214111328,104.92576599121094,230.94529724121094,166.26771545410156,9
Flickr30K/447686870.jpg,/content/Image_captioning_Local/Flickr30K/flickr30k_images/flickr30k_images/flickr30k_images/447686870.jpg,person,0.9023343324661255,204.95693969726562,134.13938903808594,300.79754638671875,355.8006286621094,1
Flickr30K/447691737.jpg,/content/Image_captioning_Local/Flickr30K/flickr30k_images/flickr30k_images/flickr30k_images/447691737.jpg,person,0.8801729679107666,63.377052307128906,121.90583038330078,116.3890609741211,278.9576721191406,20
Flickr30K/447691737.jpg,/content/Image_captioning_Local/Flickr30K/flickr30k_images/flickr30k_images/flickr30k_images/447691737.jpg,person,0.8773728013038635,0.19431114196777344,120.55287170410156,83.91340637207031,331.43524169921875,20
Flickr30K/447691737.jpg,/content/Image_captioning_Local/Flickr30K/flickr30k_images/flickr30k_images/flickr30k_images/447691737.jpg,person,0.8731248378753662,371.8400573730469,119.07997131347656,460.38140869140625,299.4521484375,20
Flickr30K/447691737.jpg,/content/Image_captioning_Local/Flickr30K/flickr30k_images/flickr30k_images/flickr30k_images/447691737.jpg,person,0.8421895503997803,338.4237060546875,124.72105407714844,376.6116027832031,251.09439086914062,20
Flickr30K/447691737.jpg,/content/Image_captioning_Local/Flickr30K/flickr30k_images/flickr30k_images/flickr30k_images/447691737.jpg,person,0.8377922177314758,448.3629150390625,116.70148468017578,500.0,232.33416748046875,20
Flickr30K/447691737.jpg,/content/Image_captioning_Local/Flickr30K/flickr30k_images/flickr30k_images/flickr30k_images/447691737.jpg,person,0.8110333681106567,183.93597412109375,96.33368682861328,303.4734802246094,330.46368408203125,20
Flickr30K/447691737.jpg,/content/Image_captioning_Local/Flickr30K/flickr30k_images/flickr30k_images/flickr30k_images/447691737.jpg,person,0.783638596534729,268.6396789550781,109.58840942382812,323.78240966796875,301.766357421875,20
Flickr30K/447691737.jpg,/content/Image_captioning_Local/Flickr30K/flickr30k_images/flickr30k_images/flickr30k_images/447691737.jpg,person,0.7103992700576782,137.79217529296875,126.78146362304688,183.56216430664062,281.5243225097656,20
Flickr30K/447691737.jpg,/content/Image_captioning_Local/Flickr30K/flickr30k_images/flickr30k_images/flickr30k_images/447691737.jpg,suitcase,0.7030572891235352,305.0845947265625,215.7191925048828,354.1580810546875,282.1025085449219,20
Flickr30K/447691737.jpg,/content/Image_captioning_Local/Flickr30K/flickr30k_images/flickr30k_images/flickr30k_images/447691737.jpg,handbag,0.5391535758972168,153.58526611328125,210.2946319580078,186.39974975585938,264.9184265136719,20
Flickr30K/447691737.jpg,/content/Image_captioning_Local/Flickr30K/flickr30k_images/flickr30k_images/flickr30k_images/447691737.jpg,car,0.5015740394592285,36.852359771728516,143.94137573242188,53.71260070800781,156.71771240234375,20
Flickr30K/447691737.jpg,/content/Image_captioning_Local/Flickr30K/flickr30k_images/flickr30k_images/flickr30k_images/447691737.jpg,person,0.4831964373588562,299.2621154785156,87.60198974609375,337.81353759765625,225.00958251953125,20
Flickr30K/447691737.jpg,/content/Image_captioning_Local/Flickr30K/flickr30k_images/flickr30k_images/flickr30k_images/447691737.jpg,person,0.47634223103523254,250.525146484375,120.14336395263672,279.3500061035156,181.37359619140625,20
Flickr30K/447691737.jpg,/content/Image_captioning_Local/Flickr30K/flickr30k_images/flickr30k_images/flickr30k_images/447691737.jpg,handbag,0.46163812279701233,377.38812255859375,156.04840087890625,398.44158935546875,208.8931121826172,20
Flickr30K/447691737.jpg,/content/Image_captioning_Local/Flickr30K/flickr30k_images/flickr30k_images/flickr30k_images/447691737.jpg,backpack,0.37470269203186035,350.2351379394531,145.5579833984375,369.0158996582031,174.04971313476562,20
Flickr30K/447691737.jpg,/content/Image_captioning_Local/Flickr30K/flickr30k_images/flickr30k_images/flickr30k_images/447691737.jpg,car,0.3663816452026367,106.07630920410156,147.04263305664062,122.04823303222656,158.54832458496094,20
Flickr30K/447691737.jpg,/content/Image_captioning_Local/Flickr30K/flickr30k_images/flickr30k_images/flickr30k_images/447691737.jpg,person,0.29871901869773865,362.8755187988281,126.6917953491211,375.9147644042969,152.1626739501953,20
Flickr30K/447691737.jpg,/content/Image_captioning_Local/Flickr30K/flickr30k_images/flickr30k_images/flickr30k_images/447691737.jpg,person,0.28107964992523193,129.0518035888672,143.25392150878906,137.5546417236328,165.59140014648438,20
Flickr30K/447691737.jpg,/content/Image_captioning_Local/Flickr30K/flickr30k_images/flickr30k_images/flickr30k_images/447691737.jpg,handbag,0.2663056254386902,58.914058685302734,181.71612548828125,79.63478088378906,205.41136169433594,20
Flickr30K/447691737.jpg,/content/Image_captioning_Local/Flickr30K/flickr30k_images/flickr30k_images/flickr30k_images/447691737.jpg,person,0.2658059895038605,480.56927490234375,118.08402252197266,500.0,200.9484100341797,20
Flickr30K/4477151008.jpg,/content/Image_captioning_Local/Flickr30K/flickr30k_images/flickr30k_images/flickr30k_images/4477151008.jpg,person,0.6207811832427979,6.509285926818848,3.689146041870117,308.7113037109375,500.0,2
Flickr30K/4477151008.jpg,/content/Image_captioning_Local/Flickr30K/flickr30k_images/flickr30k_images/flickr30k_images/4477151008.jpg,tie,0.29513245820999146,45.58252716064453,228.75320434570312,113.51289367675781,500.0,2
Flickr30K/4477151562.jpg,/content/Image_captioning_Local/Flickr30K/flickr30k_images/flickr30k_images/flickr30k_images/4477151562.jpg,person,0.8536278605461121,146.64535522460938,250.28257751464844,186.8904571533203,366.8155517578125,16
Flickr30K/4477151562.jpg,/content/Image_captioning_Local/Flickr30K/flickr30k_images/flickr30k_images/flickr30k_images/4477151562.jpg,person,0.8267763257026672,113.46807861328125,263.6377258300781,149.1563262939453,364.2987365722656,16
Flickr30K/4477151562.jpg,/content/Image_captioning_Local/Flickr30K/flickr30k_images/flickr30k_images/flickr30k_images/4477151562.jpg,person,0.8133836984634399,67.4161148071289,258.0146484375,104.28652954101562,353.68743896484375,16
Flickr30K/4477151562.jpg,/content/Image_captioning_Local/Flickr30K/flickr30k_images/flickr30k_images/flickr30k_images/4477151562.jpg,person,0.7332420945167542,225.8178253173828,266.5589904785156,243.760009765625,331.7271423339844,16
Flickr30K/4477151562.jpg,/content/Image_captioning_Local/Flickr30K/flickr30k_images/flickr30k_images/flickr30k_images/4477151562.jpg,person,0.6002171039581299,0.5414783954620361,249.3582305908203,28.94805145263672,368.06646728515625,16
Flickr30K/4477151562.jpg,/content/Image_captioning_Local/Flickr30K/flickr30k_images/flickr30k_images/flickr30k_images/4477151562.jpg,person,0.5912181735038757,26.672178268432617,252.44781494140625,68.56132507324219,365.5274963378906,16
Flickr30K/4477151562.jpg,/content/Image_captioning_Local/Flickr30K/flickr30k_images/flickr30k_images/flickr30k_images/4477151562.jpg,handbag,0.5741275548934937,174.04542541503906,312.5258483886719,192.3900604248047,347.1085205078125,16
Flickr30K/4477151562.jpg,/content/Image_captioning_Local/Flickr30K/flickr30k_images/flickr30k_images/flickr30k_images/4477151562.jpg,person,0.5528883337974548,213.61927795410156,266.5199890136719,229.28829956054688,305.81787109375,16
Flickr30K/4477151562.jpg,/content/Image_captioning_Local/Flickr30K/flickr30k_images/flickr30k_images/flickr30k_images/4477151562.jpg,person,0.5312721729278564,99.31375122070312,261.8460693359375,121.39630126953125,346.786865234375,16
Flickr30K/4477151562.jpg,/content/Image_captioning_Local/Flickr30K/flickr30k_images/flickr30k_images/flickr30k_images/4477151562.jpg,motorcycle,0.5269595980644226,3.760552406311035,308.8423767089844,58.70255661010742,404.3246154785156,16
Flickr30K/4477151562.jpg,/content/Image_captioning_Local/Flickr30K/flickr30k_images/flickr30k_images/flickr30k_images/4477151562.jpg,person,0.5012445449829102,195.1361846923828,270.1621398925781,208.6632537841797,307.84576416015625,16
Flickr30K/4477151562.jpg,/content/Image_captioning_Local/Flickr30K/flickr30k_images/flickr30k_images/flickr30k_images/4477151562.jpg,person,0.3968217372894287,216.11788940429688,266.4126892089844,239.8212127685547,315.1407165527344,16
Flickr30K/4477151562.jpg,/content/Image_captioning_Local/Flickr30K/flickr30k_images/flickr30k_images/flickr30k_images/4477151562.jpg,umbrella,0.3795326054096222,111.75208282470703,253.1636199951172,147.94369506835938,270.2392578125,16
Flickr30K/4477151562.jpg,/content/Image_captioning_Local/Flickr30K/flickr30k_images/flickr30k_images/flickr30k_images/4477151562.jpg,person,0.28854528069496155,208.45193481445312,267.27081298828125,221.53353881835938,305.4510192871094,16
Flickr30K/4477151562.jpg,/content/Image_captioning_Local/Flickr30K/flickr30k_images/flickr30k_images/flickr30k_images/4477151562.jpg,person,0.2858738601207733,187.046630859375,271.6773376464844,198.56405639648438,305.6705322265625,16
Flickr30K/4477151562.jpg,/content/Image_captioning_Local/Flickr30K/flickr30k_images/flickr30k_images/flickr30k_images/4477151562.jpg,person,0.2746944725513458,142.05923461914062,267.5086364746094,152.65774536132812,284.6902770996094,16
Flickr30K/447722389.jpg,/content/Image_captioning_Local/Flickr30K/flickr30k_images/flickr30k_images/flickr30k_images/447722389.jpg,dog,0.9051128625869751,0.5444467067718506,285.7822570800781,81.77499389648438,382.1277770996094,3
Flickr30K/447722389.jpg,/content/Image_captioning_Local/Flickr30K/flickr30k_images/flickr30k_images/flickr30k_images/447722389.jpg,dog,0.8031840920448303,50.24762725830078,46.54460144042969,242.23208618164062,369.82135009765625,3
Flickr30K/447722389.jpg,/content/Image_captioning_Local/Flickr30K/flickr30k_images/flickr30k_images/flickr30k_images/447722389.jpg,cow,0.4229870140552521,230.9256591796875,218.13177490234375,333.0,377.7235412597656,3
Flickr30K/447733067.jpg,/content/Image_captioning_Local/Flickr30K/flickr30k_images/flickr30k_images/flickr30k_images/447733067.jpg,person,0.8199891448020935,171.850341796875,13.910931587219238,314.2921447753906,323.60845947265625,8
Flickr30K/447733067.jpg,/content/Image_captioning_Local/Flickr30K/flickr30k_images/flickr30k_images/flickr30k_images/447733067.jpg,person,0.7989984154701233,0.20593702793121338,10.172242164611816,93.21011352539062,328.3399658203125,8
Flickr30K/447733067.jpg,/content/Image_captioning_Local/Flickr30K/flickr30k_images/flickr30k_images/flickr30k_images/447733067.jpg,person,0.6464073657989502,81.27977752685547,0.0,117.2486801147461,48.86726760864258,8
Flickr30K/447733067.jpg,/content/Image_captioning_Local/Flickr30K/flickr30k_images/flickr30k_images/flickr30k_images/447733067.jpg,person,0.5479019284248352,40.393367767333984,13.209027290344238,123.51866912841797,329.2137756347656,8
Flickr30K/447733067.jpg,/content/Image_captioning_Local/Flickr30K/flickr30k_images/flickr30k_images/flickr30k_images/447733067.jpg,car,0.509231686592102,81.56935119628906,45.210750579833984,159.3936767578125,139.06787109375,8
Flickr30K/447733067.jpg,/content/Image_captioning_Local/Flickr30K/flickr30k_images/flickr30k_images/flickr30k_images/447733067.jpg,person,0.40711426734924316,292.34197998046875,2.2154629230499268,348.41802978515625,143.593505859375,8
Flickr30K/447733067.jpg,/content/Image_captioning_Local/Flickr30K/flickr30k_images/flickr30k_images/flickr30k_images/447733067.jpg,person,0.3658713400363922,127.80443572998047,0.4215657711029053,161.84376525878906,68.84410095214844,8
Flickr30K/447733067.jpg,/content/Image_captioning_Local/Flickr30K/flickr30k_images/flickr30k_images/flickr30k_images/447733067.jpg,handbag,0.27987217903137207,147.79835510253906,60.246639251708984,187.7894744873047,175.03077697753906,8
Flickr30K/4477467862.jpg,/content/Image_captioning_Local/Flickr30K/flickr30k_images/flickr30k_images/flickr30k_images/4477467862.jpg,cell phone,0.6937655210494995,103.11186218261719,270.3201904296875,145.7783660888672,331.78369140625,4
Flickr30K/4477467862.jpg,/content/Image_captioning_Local/Flickr30K/flickr30k_images/flickr30k_images/flickr30k_images/4477467862.jpg,person,0.6667191982269287,222.17063903808594,59.729225158691406,497.9922180175781,329.6761474609375,4
Flickr30K/4477467862.jpg,/content/Image_captioning_Local/Flickr30K/flickr30k_images/flickr30k_images/flickr30k_images/4477467862.jpg,cell phone,0.5724743008613586,122.25642395019531,201.1002960205078,160.12326049804688,268.17913818359375,4
Flickr30K/4477467862.jpg,/content/Image_captioning_Local/Flickr30K/flickr30k_images/flickr30k_images/flickr30k_images/4477467862.jpg,cell phone,0.30762922763824463,126.7841567993164,202.8922576904297,156.52110290527344,225.81019592285156,4
Flickr30K/4477602852.jpg,/content/Image_captioning_Local/Flickr30K/flickr30k_images/flickr30k_images/flickr30k_images/4477602852.jpg,person,0.8926151990890503,69.73957061767578,89.7135009765625,139.26507568359375,278.02728271484375,5
Flickr30K/4477602852.jpg,/content/Image_captioning_Local/Flickr30K/flickr30k_images/flickr30k_images/flickr30k_images/4477602852.jpg,person,0.855866551399231,116.8365249633789,45.75127410888672,288.7858581542969,278.83404541015625,5
Flickr30K/4477602852.jpg,/content/Image_captioning_Local/Flickr30K/flickr30k_images/flickr30k_images/flickr30k_images/4477602852.jpg,person,0.7885450124740601,306.9506530761719,70.98572540283203,362.92315673828125,266.1272277832031,5
Flickr30K/4477602852.jpg,/content/Image_captioning_Local/Flickr30K/flickr30k_images/flickr30k_images/flickr30k_images/4477602852.jpg,person,0.6694039702415466,163.353759765625,13.431119918823242,248.3377227783203,121.25994873046875,5
Flickr30K/4477602852.jpg,/content/Image_captioning_Local/Flickr30K/flickr30k_images/flickr30k_images/flickr30k_images/4477602852.jpg,person,0.5028252601623535,243.48292541503906,10.307478904724121,310.6496887207031,189.05799865722656,5
Flickr30K/4477683613.jpg,/content/Image_captioning_Local/Flickr30K/flickr30k_images/flickr30k_images/flickr30k_images/4477683613.jpg,person,0.8743603229522705,391.81524658203125,174.05929565429688,472.7049255371094,319.8600158691406,20
Flickr30K/4477683613.jpg,/content/Image_captioning_Local/Flickr30K/flickr30k_images/flickr30k_images/flickr30k_images/4477683613.jpg,person,0.8321139812469482,369.67572021484375,177.98316955566406,416.74176025390625,319.64312744140625,20
Flickr30K/4477683613.jpg,/content/Image_captioning_Local/Flickr30K/flickr30k_images/flickr30k_images/flickr30k_images/4477683613.jpg,person,0.8144252896308899,120.47335052490234,189.4259033203125,173.25485229492188,319.0576171875,20
Flickr30K/4477683613.jpg,/content/Image_captioning_Local/Flickr30K/flickr30k_images/flickr30k_images/flickr30k_images/4477683613.jpg,person,0.7960664629936218,11.764102935791016,177.6663360595703,80.8380126953125,317.9150695800781,20
Flickr30K/4477683613.jpg,/content/Image_captioning_Local/Flickr30K/flickr30k_images/flickr30k_images/flickr30k_images/4477683613.jpg,person,0.7212449312210083,204.486083984375,204.9507598876953,234.24000549316406,281.61309814453125,20
Flickr30K/4477683613.jpg,/content/Image_captioning_Local/Flickr30K/flickr30k_images/flickr30k_images/flickr30k_images/4477683613.jpg,person,0.6905136704444885,52.138065338134766,177.5625,92.93339538574219,236.5366668701172,20
Flickr30K/4477683613.jpg,/content/Image_captioning_Local/Flickr30K/flickr30k_images/flickr30k_images/flickr30k_images/4477683613.jpg,person,0.6636186838150024,230.11024475097656,205.6125946044922,255.7354278564453,278.6880187988281,20
Flickr30K/4477683613.jpg,/content/Image_captioning_Local/Flickr30K/flickr30k_images/flickr30k_images/flickr30k_images/4477683613.jpg,person,0.6424931883811951,166.400146484375,201.05857849121094,187.0171356201172,261.26116943359375,20
Flickr30K/4477683613.jpg,/content/Image_captioning_Local/Flickr30K/flickr30k_images/flickr30k_images/flickr30k_images/4477683613.jpg,traffic light,0.5575436949729919,370.5314636230469,65.8519287109375,386.902099609375,92.36793518066406,20
Flickr30K/4477683613.jpg,/content/Image_captioning_Local/Flickr30K/flickr30k_images/flickr30k_images/flickr30k_images/4477683613.jpg,person,0.556997537612915,261.9067077636719,195.7263641357422,274.0965270996094,238.15744018554688,20
Flickr30K/4477683613.jpg,/content/Image_captioning_Local/Flickr30K/flickr30k_images/flickr30k_images/flickr30k_images/4477683613.jpg,person,0.53700190782547,183.8500518798828,191.15232849121094,199.12786865234375,237.24656677246094,20
Flickr30K/4477683613.jpg,/content/Image_captioning_Local/Flickr30K/flickr30k_images/flickr30k_images/flickr30k_images/4477683613.jpg,person,0.5210763812065125,79.15168762207031,180.05078125,98.89810180664062,220.5464630126953,20
Flickr30K/4477683613.jpg,/content/Image_captioning_Local/Flickr30K/flickr30k_images/flickr30k_images/flickr30k_images/4477683613.jpg,person,0.40776586532592773,282.2818908691406,197.6055908203125,297.16876220703125,237.63291931152344,20
Flickr30K/4477683613.jpg,/content/Image_captioning_Local/Flickr30K/flickr30k_images/flickr30k_images/flickr30k_images/4477683613.jpg,handbag,0.40282467007637024,245.21641540527344,221.33090209960938,257.58538818359375,244.56040954589844,20
Flickr30K/4477683613.jpg,/content/Image_captioning_Local/Flickr30K/flickr30k_images/flickr30k_images/flickr30k_images/4477683613.jpg,person,0.38363197445869446,352.3218994140625,205.8646240234375,377.4673767089844,276.07354736328125,20
Flickr30K/4477683613.jpg,/content/Image_captioning_Local/Flickr30K/flickr30k_images/flickr30k_images/flickr30k_images/4477683613.jpg,person,0.37936559319496155,485.93341064453125,236.546630859375,499.6825256347656,317.0823974609375,20
Flickr30K/4477683613.jpg,/content/Image_captioning_Local/Flickr30K/flickr30k_images/flickr30k_images/flickr30k_images/4477683613.jpg,person,0.3770391643047333,332.1401672363281,209.5613250732422,343.9486083984375,231.89476013183594,20
Flickr30K/4477683613.jpg,/content/Image_captioning_Local/Flickr30K/flickr30k_images/flickr30k_images/flickr30k_images/4477683613.jpg,person,0.3424322009086609,481.170166015625,192.46954345703125,498.3419494628906,240.19656372070312,20
Flickr30K/4477683613.jpg,/content/Image_captioning_Local/Flickr30K/flickr30k_images/flickr30k_images/flickr30k_images/4477683613.jpg,handbag,0.28454720973968506,203.28440856933594,223.2015380859375,218.21484375,246.0692138671875,20
Flickr30K/4477683613.jpg,/content/Image_captioning_Local/Flickr30K/flickr30k_images/flickr30k_images/flickr30k_images/4477683613.jpg,person,0.2647412419319153,206.7373046875,189.49615478515625,220.15707397460938,217.14303588867188,20
Flickr30K/4477742117.jpg,/content/Image_captioning_Local/Flickr30K/flickr30k_images/flickr30k_images/flickr30k_images/4477742117.jpg,person,0.8871728777885437,37.362308502197266,62.32249069213867,123.48320770263672,326.76959228515625,17
Flickr30K/4477742117.jpg,/content/Image_captioning_Local/Flickr30K/flickr30k_images/flickr30k_images/flickr30k_images/4477742117.jpg,person,0.841373860836029,159.92112731933594,48.60879898071289,249.87754821777344,320.2879943847656,17
Flickr30K/4477742117.jpg,/content/Image_captioning_Local/Flickr30K/flickr30k_images/flickr30k_images/flickr30k_images/4477742117.jpg,person,0.7716501951217651,276.18890380859375,83.43327331542969,370.0325012207031,330.0843200683594,17
Flickr30K/4477742117.jpg,/content/Image_captioning_Local/Flickr30K/flickr30k_images/flickr30k_images/flickr30k_images/4477742117.jpg,handbag,0.7440946102142334,210.46133422851562,96.02361297607422,271.8768005371094,212.60739135742188,17
Flickr30K/4477742117.jpg,/content/Image_captioning_Local/Flickr30K/flickr30k_images/flickr30k_images/flickr30k_images/4477742117.jpg,person,0.7326753735542297,143.4644317626953,34.57582473754883,163.58546447753906,81.43623352050781,17
Flickr30K/4477742117.jpg,/content/Image_captioning_Local/Flickr30K/flickr30k_images/flickr30k_images/flickr30k_images/4477742117.jpg,person,0.710385799407959,161.44515991210938,28.17506217956543,182.7904052734375,83.78030395507812,17
Flickr30K/4477742117.jpg,/content/Image_captioning_Local/Flickr30K/flickr30k_images/flickr30k_images/flickr30k_images/4477742117.jpg,handbag,0.7025684118270874,164.7327117919922,199.24923706054688,219.13656616210938,274.2083435058594,17
Flickr30K/4477742117.jpg,/content/Image_captioning_Local/Flickr30K/flickr30k_images/flickr30k_images/flickr30k_images/4477742117.jpg,person,0.6033560633659363,239.50572204589844,48.290138244628906,254.69512939453125,83.14801025390625,17
Flickr30K/4477742117.jpg,/content/Image_captioning_Local/Flickr30K/flickr30k_images/flickr30k_images/flickr30k_images/4477742117.jpg,person,0.504594087600708,255.1861572265625,45.45273208618164,265.4734802246094,79.63603973388672,17
Flickr30K/4477742117.jpg,/content/Image_captioning_Local/Flickr30K/flickr30k_images/flickr30k_images/flickr30k_images/4477742117.jpg,bench,0.46640896797180176,434.1687316894531,72.60530853271484,475.6692810058594,111.56678009033203,17
Flickr30K/4477742117.jpg,/content/Image_captioning_Local/Flickr30K/flickr30k_images/flickr30k_images/flickr30k_images/4477742117.jpg,handbag,0.4138750433921814,35.77536392211914,106.28518676757812,65.13269805908203,195.32894897460938,17
Flickr30K/4477742117.jpg,/content/Image_captioning_Local/Flickr30K/flickr30k_images/flickr30k_images/flickr30k_images/4477742117.jpg,cell phone,0.36296024918556213,103.19536590576172,77.17383575439453,115.250244140625,90.65955352783203,17
Flickr30K/4477742117.jpg,/content/Image_captioning_Local/Flickr30K/flickr30k_images/flickr30k_images/flickr30k_images/4477742117.jpg,person,0.35999664664268494,214.79586791992188,35.768394470214844,229.5365753173828,75.1253890991211,17
Flickr30K/4477742117.jpg,/content/Image_captioning_Local/Flickr30K/flickr30k_images/flickr30k_images/flickr30k_images/4477742117.jpg,handbag,0.2782871723175049,345.78558349609375,187.53094482421875,370.1263122558594,223.65899658203125,17
Flickr30K/4477742117.jpg,/content/Image_captioning_Local/Flickr30K/flickr30k_images/flickr30k_images/flickr30k_images/4477742117.jpg,person,0.2623082399368286,279.4163818359375,42.54985427856445,286.8209533691406,66.2396240234375,17
Flickr30K/4477742117.jpg,/content/Image_captioning_Local/Flickr30K/flickr30k_images/flickr30k_images/flickr30k_images/4477742117.jpg,cell phone,0.25852036476135254,88.9559097290039,77.50469207763672,102.547119140625,95.56561279296875,17
Flickr30K/4477742117.jpg,/content/Image_captioning_Local/Flickr30K/flickr30k_images/flickr30k_images/flickr30k_images/4477742117.jpg,person,0.25004979968070984,178.0498504638672,32.61425018310547,191.86764526367188,81.1349105834961,17
Flickr30K/4477743551.jpg,/content/Image_captioning_Local/Flickr30K/flickr30k_images/flickr30k_images/flickr30k_images/4477743551.jpg,person,0.7847076058387756,108.61517333984375,33.00591278076172,377.45751953125,333.0,4
Flickr30K/4477743551.jpg,/content/Image_captioning_Local/Flickr30K/flickr30k_images/flickr30k_images/flickr30k_images/4477743551.jpg,chair,0.6146411895751953,162.07154846191406,150.5078125,378.3453063964844,331.76812744140625,4
Flickr30K/4477743551.jpg,/content/Image_captioning_Local/Flickr30K/flickr30k_images/flickr30k_images/flickr30k_images/4477743551.jpg,cell phone,0.5408766269683838,238.5804901123047,116.84939575195312,262.8399963378906,148.48263549804688,4
Flickr30K/4477743551.jpg,/content/Image_captioning_Local/Flickr30K/flickr30k_images/flickr30k_images/flickr30k_images/4477743551.jpg,person,0.4720824062824249,43.986549377441406,1.4347493648529053,68.83827209472656,17.16751480102539,4
Flickr30K/4477801634.jpg,/content/Image_captioning_Local/Flickr30K/flickr30k_images/flickr30k_images/flickr30k_images/4477801634.jpg,person,0.9075097441673279,330.55120849609375,0.9504616260528564,428.4345703125,147.05335998535156,17
Flickr30K/4477801634.jpg,/content/Image_captioning_Local/Flickr30K/flickr30k_images/flickr30k_images/flickr30k_images/4477801634.jpg,person,0.8570821285247803,423.8622741699219,161.1846923828125,499.77435302734375,277.9796142578125,17
Flickr30K/4477801634.jpg,/content/Image_captioning_Local/Flickr30K/flickr30k_images/flickr30k_images/flickr30k_images/4477801634.jpg,person,0.8492467403411865,329.189697265625,155.26638793945312,426.2439270019531,283.821533203125,17
Flickr30K/4477801634.jpg,/content/Image_captioning_Local/Flickr30K/flickr30k_images/flickr30k_images/flickr30k_images/4477801634.jpg,person,0.822750985622406,175.84519958496094,0.3233492374420166,253.7464599609375,147.78335571289062,17
Flickr30K/4477801634.jpg,/content/Image_captioning_Local/Flickr30K/flickr30k_images/flickr30k_images/flickr30k_images/4477801634.jpg,person,0.8084579110145569,234.70761108398438,0.0,339.14691162109375,161.81979370117188,17
Flickr30K/4477801634.jpg,/content/Image_captioning_Local/Flickr30K/flickr30k_images/flickr30k_images/flickr30k_images/4477801634.jpg,person,0.8020511865615845,241.5762939453125,152.7600555419922,316.0987854003906,264.01092529296875,17
Flickr30K/4477801634.jpg,/content/Image_captioning_Local/Flickr30K/flickr30k_images/flickr30k_images/flickr30k_images/4477801634.jpg,cup,0.7930849194526672,60.451942443847656,66.2054214477539,76.02423095703125,87.05708312988281,17
Flickr30K/4477801634.jpg,/content/Image_captioning_Local/Flickr30K/flickr30k_images/flickr30k_images/flickr30k_images/4477801634.jpg,person,0.747857928276062,305.2719421386719,172.75064086914062,365.4939880371094,270.1803894042969,17
Flickr30K/4477801634.jpg,/content/Image_captioning_Local/Flickr30K/flickr30k_images/flickr30k_images/flickr30k_images/4477801634.jpg,person,0.7431803345680237,0.0,56.490509033203125,212.28787231445312,328.7037048339844,17
Flickr30K/4477801634.jpg,/content/Image_captioning_Local/Flickr30K/flickr30k_images/flickr30k_images/flickr30k_images/4477801634.jpg,person,0.7225476503372192,479.92095947265625,0.46686530113220215,499.9707336425781,75.40299224853516,17
Flickr30K/4477801634.jpg,/content/Image_captioning_Local/Flickr30K/flickr30k_images/flickr30k_images/flickr30k_images/4477801634.jpg,person,0.5752988457679749,0.89445561170578,0.0,36.809574127197266,49.14491653442383,17
Flickr30K/4477801634.jpg,/content/Image_captioning_Local/Flickr30K/flickr30k_images/flickr30k_images/flickr30k_images/4477801634.jpg,person,0.5124481916427612,135.79437255859375,0.3074347972869873,189.4723358154297,60.88654327392578,17
Flickr30K/4477801634.jpg,/content/Image_captioning_Local/Flickr30K/flickr30k_images/flickr30k_images/flickr30k_images/4477801634.jpg,person,0.44952043890953064,6.421685218811035,0.0,129.57723999023438,51.037567138671875,17
Flickr30K/4477801634.jpg,/content/Image_captioning_Local/Flickr30K/flickr30k_images/flickr30k_images/flickr30k_images/4477801634.jpg,person,0.40634584426879883,89.10162353515625,0.0,130.54217529296875,31.97016143798828,17
Flickr30K/4477801634.jpg,/content/Image_captioning_Local/Flickr30K/flickr30k_images/flickr30k_images/flickr30k_images/4477801634.jpg,person,0.37956854701042175,424.2055969238281,0.249558687210083,457.18280029296875,66.87689208984375,17
Flickr30K/4477801634.jpg,/content/Image_captioning_Local/Flickr30K/flickr30k_images/flickr30k_images/flickr30k_images/4477801634.jpg,handbag,0.2901375889778137,417.3242492675781,41.147010803222656,465.40679931640625,115.25993347167969,17
Flickr30K/4477801634.jpg,/content/Image_captioning_Local/Flickr30K/flickr30k_images/flickr30k_images/flickr30k_images/4477801634.jpg,backpack,0.26733359694480896,416.9092102050781,45.204227447509766,465.25830078125,115.27762603759766,17
Flickr30K/447800028.jpg,/content/Image_captioning_Local/Flickr30K/flickr30k_images/flickr30k_images/flickr30k_images/447800028.jpg,dog,0.916711151599884,154.12820434570312,46.844173431396484,363.253173828125,161.02447509765625,1
Flickr30K/4478063110.jpg,/content/Image_captioning_Local/Flickr30K/flickr30k_images/flickr30k_images/flickr30k_images/4478063110.jpg,person,0.6532260179519653,2.5990426540374756,0.0,284.26629638671875,319.7882080078125,2
Flickr30K/4478063110.jpg,/content/Image_captioning_Local/Flickr30K/flickr30k_images/flickr30k_images/flickr30k_images/4478063110.jpg,sink,0.35276660323143005,0.0,286.14398193359375,333.0,498.79473876953125,2
Flickr30K/4478357614.jpg,/content/Image_captioning_Local/Flickr30K/flickr30k_images/flickr30k_images/flickr30k_images/4478357614.jpg,person,0.9029649496078491,220.73788452148438,55.12480163574219,346.7156066894531,314.9927062988281,7
Flickr30K/4478357614.jpg,/content/Image_captioning_Local/Flickr30K/flickr30k_images/flickr30k_images/flickr30k_images/4478357614.jpg,person,0.8683001399040222,429.12353515625,59.66010665893555,466.9247131347656,182.3580322265625,7
Flickr30K/4478357614.jpg,/content/Image_captioning_Local/Flickr30K/flickr30k_images/flickr30k_images/flickr30k_images/4478357614.jpg,tie,0.7782338857650757,269.6762390136719,104.62491607666016,290.2518005371094,189.94390869140625,7
Flickr30K/4478357614.jpg,/content/Image_captioning_Local/Flickr30K/flickr30k_images/flickr30k_images/flickr30k_images/4478357614.jpg,handbag,0.7419531345367432,302.64996337890625,195.76702880859375,372.25225830078125,265.774169921875,7
Flickr30K/4478357614.jpg,/content/Image_captioning_Local/Flickr30K/flickr30k_images/flickr30k_images/flickr30k_images/4478357614.jpg,chair,0.7101140022277832,185.15684509277344,185.9212646484375,253.03890991210938,291.8952331542969,7
Flickr30K/4478357614.jpg,/content/Image_captioning_Local/Flickr30K/flickr30k_images/flickr30k_images/flickr30k_images/4478357614.jpg,car,0.5560723543167114,453.31787109375,57.84342956542969,499.504150390625,148.43931579589844,7
Flickr30K/4478357614.jpg,/content/Image_captioning_Local/Flickr30K/flickr30k_images/flickr30k_images/flickr30k_images/4478357614.jpg,handbag,0.3130546808242798,451.4075622558594,80.89054107666016,469.0326232910156,117.34678649902344,7
Flickr30K/4478363092.jpg,/content/Image_captioning_Local/Flickr30K/flickr30k_images/flickr30k_images/flickr30k_images/4478363092.jpg,bicycle,0.8628203272819519,169.72840881347656,165.8124237060547,324.31903076171875,287.0849304199219,3
Flickr30K/4478363092.jpg,/content/Image_captioning_Local/Flickr30K/flickr30k_images/flickr30k_images/flickr30k_images/4478363092.jpg,person,0.7758139371871948,210.15765380859375,91.65512084960938,312.32794189453125,242.45053100585938,3
Flickr30K/4478363092.jpg,/content/Image_captioning_Local/Flickr30K/flickr30k_images/flickr30k_images/flickr30k_images/4478363092.jpg,person,0.7519544363021851,171.12620544433594,70.66108703613281,245.8170166015625,253.82017517089844,3
Flickr30K/4478570809.jpg,/content/Image_captioning_Local/Flickr30K/flickr30k_images/flickr30k_images/flickr30k_images/4478570809.jpg,person,0.7861990928649902,234.85409545898438,157.19493103027344,500.0,423.733154296875,3
Flickr30K/4478570809.jpg,/content/Image_captioning_Local/Flickr30K/flickr30k_images/flickr30k_images/flickr30k_images/4478570809.jpg,bench,0.6068370938301086,186.00376892089844,239.20652770996094,382.3352355957031,410.9270935058594,3
Flickr30K/4478570809.jpg,/content/Image_captioning_Local/Flickr30K/flickr30k_images/flickr30k_images/flickr30k_images/4478570809.jpg,car,0.35785478353500366,439.73089599609375,103.99034118652344,499.99261474609375,173.7351837158203,3
Flickr30K/4478571009.jpg,/content/Image_captioning_Local/Flickr30K/flickr30k_images/flickr30k_images/flickr30k_images/4478571009.jpg,person,0.8550703525543213,48.65833282470703,77.4830551147461,140.8036346435547,369.13226318359375,3
Flickr30K/4478571009.jpg,/content/Image_captioning_Local/Flickr30K/flickr30k_images/flickr30k_images/flickr30k_images/4478571009.jpg,handbag,0.46080100536346436,37.9522705078125,249.54054260253906,75.0411376953125,309.11529541015625,3
Flickr30K/4478571009.jpg,/content/Image_captioning_Local/Flickr30K/flickr30k_images/flickr30k_images/flickr30k_images/4478571009.jpg,handbag,0.256398469209671,60.33504104614258,280.70361328125,112.00299072265625,364.7184143066406,3
Flickr30K/4478669459.jpg,/content/Image_captioning_Local/Flickr30K/flickr30k_images/flickr30k_images/flickr30k_images/4478669459.jpg,bed,0.37198010087013245,7.47685432434082,6.808376312255859,499.36627197265625,372.3586120605469,1
Flickr30K/4478794627.jpg,/content/Image_captioning_Local/Flickr30K/flickr30k_images/flickr30k_images/flickr30k_images/4478794627.jpg,person,0.8882755637168884,32.457733154296875,116.4041519165039,210.77096557617188,374.9383544921875,19
Flickr30K/4478794627.jpg,/content/Image_captioning_Local/Flickr30K/flickr30k_images/flickr30k_images/flickr30k_images/4478794627.jpg,person,0.8820415735244751,332.32476806640625,155.28993225097656,391.05914306640625,262.51715087890625,19
Flickr30K/4478794627.jpg,/content/Image_captioning_Local/Flickr30K/flickr30k_images/flickr30k_images/flickr30k_images/4478794627.jpg,person,0.7447162866592407,204.6170654296875,162.95184326171875,216.12753295898438,200.59304809570312,19
Flickr30K/4478794627.jpg,/content/Image_captioning_Local/Flickr30K/flickr30k_images/flickr30k_images/flickr30k_images/4478794627.jpg,person,0.7366129159927368,283.0527648925781,159.4053955078125,295.31390380859375,198.7537078857422,19
Flickr30K/4478794627.jpg,/content/Image_captioning_Local/Flickr30K/flickr30k_images/flickr30k_images/flickr30k_images/4478794627.jpg,person,0.732485294342041,328.3240661621094,154.371826171875,343.63446044921875,197.31407165527344,19
Flickr30K/4478794627.jpg,/content/Image_captioning_Local/Flickr30K/flickr30k_images/flickr30k_images/flickr30k_images/4478794627.jpg,person,0.7016739845275879,301.0047302246094,157.00161743164062,313.93853759765625,197.44627380371094,19
Flickr30K/4478794627.jpg,/content/Image_captioning_Local/Flickr30K/flickr30k_images/flickr30k_images/flickr30k_images/4478794627.jpg,person,0.6626811027526855,477.2377624511719,151.00759887695312,493.4544982910156,193.27740478515625,19
Flickr30K/4478794627.jpg,/content/Image_captioning_Local/Flickr30K/flickr30k_images/flickr30k_images/flickr30k_images/4478794627.jpg,handbag,0.6599581241607666,379.672607421875,209.47113037109375,397.84124755859375,247.43203735351562,19
Flickr30K/4478794627.jpg,/content/Image_captioning_Local/Flickr30K/flickr30k_images/flickr30k_images/flickr30k_images/4478794627.jpg,person,0.5750991106033325,174.2604217529297,160.04139709472656,191.63204956054688,200.52944946289062,19
Flickr30K/4478794627.jpg,/content/Image_captioning_Local/Flickr30K/flickr30k_images/flickr30k_images/flickr30k_images/4478794627.jpg,person,0.5625010132789612,312.12945556640625,162.69888305664062,327.10723876953125,197.184326171875,19
Flickr30K/4478794627.jpg,/content/Image_captioning_Local/Flickr30K/flickr30k_images/flickr30k_images/flickr30k_images/4478794627.jpg,person,0.5606691241264343,186.0717315673828,160.96449279785156,196.96783447265625,198.98838806152344,19
Flickr30K/4478794627.jpg,/content/Image_captioning_Local/Flickr30K/flickr30k_images/flickr30k_images/flickr30k_images/4478794627.jpg,handbag,0.4651375114917755,53.67372512817383,285.9106750488281,188.96136474609375,383.651123046875,19
Flickr30K/4478794627.jpg,/content/Image_captioning_Local/Flickr30K/flickr30k_images/flickr30k_images/flickr30k_images/4478794627.jpg,person,0.4603874087333679,466.7503356933594,150.48175048828125,480.82073974609375,193.16415405273438,19
Flickr30K/4478794627.jpg,/content/Image_captioning_Local/Flickr30K/flickr30k_images/flickr30k_images/flickr30k_images/4478794627.jpg,person,0.42301827669143677,390.89111328125,154.5662841796875,418.55279541015625,193.436767578125,19
Flickr30K/4478794627.jpg,/content/Image_captioning_Local/Flickr30K/flickr30k_images/flickr30k_images/flickr30k_images/4478794627.jpg,person,0.40401554107666016,419.642578125,158.122802734375,434.1381530761719,191.5680694580078,19
Flickr30K/4478794627.jpg,/content/Image_captioning_Local/Flickr30K/flickr30k_images/flickr30k_images/flickr30k_images/4478794627.jpg,person,0.3793697655200958,372.2914123535156,156.29339599609375,391.6714782714844,192.99440002441406,19
Flickr30K/4478794627.jpg,/content/Image_captioning_Local/Flickr30K/flickr30k_images/flickr30k_images/flickr30k_images/4478794627.jpg,cell phone,0.3032866418361664,79.53009033203125,231.52796936035156,111.93830871582031,256.17333984375,19
Flickr30K/4478794627.jpg,/content/Image_captioning_Local/Flickr30K/flickr30k_images/flickr30k_images/flickr30k_images/4478794627.jpg,person,0.26599565148353577,389.2035217285156,179.76443481445312,423.2130126953125,225.74522399902344,19
Flickr30K/4478794627.jpg,/content/Image_captioning_Local/Flickr30K/flickr30k_images/flickr30k_images/flickr30k_images/4478794627.jpg,person,0.25034406781196594,12.569096565246582,163.2628631591797,28.33971405029297,202.32102966308594,19
Flickr30K/4478838764.jpg,/content/Image_captioning_Local/Flickr30K/flickr30k_images/flickr30k_images/flickr30k_images/4478838764.jpg,person,0.9241176247596741,131.58265686035156,71.07471466064453,207.0435791015625,195.2709503173828,14
Flickr30K/4478838764.jpg,/content/Image_captioning_Local/Flickr30K/flickr30k_images/flickr30k_images/flickr30k_images/4478838764.jpg,person,0.8324635624885559,52.22344207763672,38.597023010253906,65.7920150756836,60.25065231323242,14
Flickr30K/4478838764.jpg,/content/Image_captioning_Local/Flickr30K/flickr30k_images/flickr30k_images/flickr30k_images/4478838764.jpg,person,0.8215447068214417,363.15655517578125,91.87342071533203,422.09368896484375,199.88919067382812,14
Flickr30K/4478838764.jpg,/content/Image_captioning_Local/Flickr30K/flickr30k_images/flickr30k_images/flickr30k_images/4478838764.jpg,person,0.7724760174751282,69.05712127685547,19.68950080871582,77.767333984375,40.17835998535156,14
Flickr30K/4478838764.jpg,/content/Image_captioning_Local/Flickr30K/flickr30k_images/flickr30k_images/flickr30k_images/4478838764.jpg,person,0.7122182250022888,236.48052978515625,79.71583557128906,262.5303649902344,142.16224670410156,14
Flickr30K/4478838764.jpg,/content/Image_captioning_Local/Flickr30K/flickr30k_images/flickr30k_images/flickr30k_images/4478838764.jpg,person,0.6762834787368774,316.6615905761719,98.7674560546875,347.1534118652344,174.59048461914062,14
Flickr30K/4478838764.jpg,/content/Image_captioning_Local/Flickr30K/flickr30k_images/flickr30k_images/flickr30k_images/4478838764.jpg,skis,0.5849854350090027,93.23734283447266,185.54629516601562,210.52474975585938,200.55941772460938,14
Flickr30K/4478838764.jpg,/content/Image_captioning_Local/Flickr30K/flickr30k_images/flickr30k_images/flickr30k_images/4478838764.jpg,person,0.5476676225662231,257.0756530761719,89.30350494384766,273.36895751953125,147.4755859375,14
Flickr30K/4478838764.jpg,/content/Image_captioning_Local/Flickr30K/flickr30k_images/flickr30k_images/flickr30k_images/4478838764.jpg,person,0.5362372994422913,351.68316650390625,90.4147720336914,389.83404541015625,191.5309600830078,14
Flickr30K/4478838764.jpg,/content/Image_captioning_Local/Flickr30K/flickr30k_images/flickr30k_images/flickr30k_images/4478838764.jpg,person,0.5238279104232788,273.1346130371094,89.3612060546875,293.67279052734375,154.19479370117188,14
Flickr30K/4478838764.jpg,/content/Image_captioning_Local/Flickr30K/flickr30k_images/flickr30k_images/flickr30k_images/4478838764.jpg,person,0.4747065007686615,286.4530944824219,92.11105346679688,308.7928466796875,157.69622802734375,14
Flickr30K/4478838764.jpg,/content/Image_captioning_Local/Flickr30K/flickr30k_images/flickr30k_images/flickr30k_images/4478838764.jpg,skis,0.45411327481269836,340.8866271972656,190.26084899902344,446.84027099609375,205.25856018066406,14
Flickr30K/4478838764.jpg,/content/Image_captioning_Local/Flickr30K/flickr30k_images/flickr30k_images/flickr30k_images/4478838764.jpg,person,0.36668476462364197,343.6958923339844,102.20697784423828,368.8844909667969,185.6134796142578,14
Flickr30K/4478838764.jpg,/content/Image_captioning_Local/Flickr30K/flickr30k_images/flickr30k_images/flickr30k_images/4478838764.jpg,person,0.31353405117988586,303.594970703125,97.66963958740234,330.5941162109375,169.89520263671875,14
Flickr30K/4478960177.jpg,/content/Image_captioning_Local/Flickr30K/flickr30k_images/flickr30k_images/flickr30k_images/4478960177.jpg,umbrella,0.8741855621337891,45.66595458984375,15.215998649597168,273.9194641113281,144.33306884765625,13
Flickr30K/4478960177.jpg,/content/Image_captioning_Local/Flickr30K/flickr30k_images/flickr30k_images/flickr30k_images/4478960177.jpg,person,0.8273265361785889,41.44622802734375,220.47250366210938,77.91220092773438,317.1567077636719,13
Flickr30K/4478960177.jpg,/content/Image_captioning_Local/Flickr30K/flickr30k_images/flickr30k_images/flickr30k_images/4478960177.jpg,person,0.7520588636398315,236.44924926757812,184.79278564453125,309.5804748535156,417.7475891113281,13
Flickr30K/4478960177.jpg,/content/Image_captioning_Local/Flickr30K/flickr30k_images/flickr30k_images/flickr30k_images/4478960177.jpg,person,0.7281917929649353,175.814697265625,151.66525268554688,250.5150604248047,430.8904724121094,13
Flickr30K/4478960177.jpg,/content/Image_captioning_Local/Flickr30K/flickr30k_images/flickr30k_images/flickr30k_images/4478960177.jpg,person,0.727806568145752,53.77094650268555,83.12246704101562,213.22903442382812,495.2969665527344,13
Flickr30K/4478960177.jpg,/content/Image_captioning_Local/Flickr30K/flickr30k_images/flickr30k_images/flickr30k_images/4478960177.jpg,truck,0.6712777614593506,295.58447265625,265.4545593261719,370.5567932128906,324.98114013671875,13
Flickr30K/4478960177.jpg,/content/Image_captioning_Local/Flickr30K/flickr30k_images/flickr30k_images/flickr30k_images/4478960177.jpg,handbag,0.41360339522361755,165.41439819335938,160.4309844970703,205.16917419433594,328.4154052734375,13
Flickr30K/4478960177.jpg,/content/Image_captioning_Local/Flickr30K/flickr30k_images/flickr30k_images/flickr30k_images/4478960177.jpg,backpack,0.4135879576206207,227.4892578125,202.16966247558594,264.62255859375,296.5595703125,13
Flickr30K/4478960177.jpg,/content/Image_captioning_Local/Flickr30K/flickr30k_images/flickr30k_images/flickr30k_images/4478960177.jpg,handbag,0.35741618275642395,31.11528778076172,271.118896484375,47.21749496459961,305.37554931640625,13
Flickr30K/4478960177.jpg,/content/Image_captioning_Local/Flickr30K/flickr30k_images/flickr30k_images/flickr30k_images/4478960177.jpg,car,0.2942945957183838,373.5150451660156,280.6363525390625,396.71490478515625,322.6048889160156,13
Flickr30K/4478960177.jpg,/content/Image_captioning_Local/Flickr30K/flickr30k_images/flickr30k_images/flickr30k_images/4478960177.jpg,cell phone,0.28468647599220276,136.53607177734375,134.50799560546875,151.138427734375,146.873291015625,13
Flickr30K/4478960177.jpg,/content/Image_captioning_Local/Flickr30K/flickr30k_images/flickr30k_images/flickr30k_images/4478960177.jpg,truck,0.2641626298427582,376.2695617675781,277.8454284667969,397.4387512207031,322.1529541015625,13
Flickr30K/4478960177.jpg,/content/Image_captioning_Local/Flickr30K/flickr30k_images/flickr30k_images/flickr30k_images/4478960177.jpg,handbag,0.2624266743659973,227.39642333984375,202.1239013671875,264.9597473144531,292.1103210449219,13
Flickr30K/4478989677.jpg,/content/Image_captioning_Local/Flickr30K/flickr30k_images/flickr30k_images/flickr30k_images/4478989677.jpg,person,0.8387096524238586,103.76101684570312,4.720520973205566,361.9418029785156,500.0,1
Flickr30K/4479231616.jpg,/content/Image_captioning_Local/Flickr30K/flickr30k_images/flickr30k_images/flickr30k_images/4479231616.jpg,person,0.6435658931732178,88.59001922607422,78.48572540283203,314.8019714355469,500.0,5
Flickr30K/4479231616.jpg,/content/Image_captioning_Local/Flickr30K/flickr30k_images/flickr30k_images/flickr30k_images/4479231616.jpg,cup,0.395597904920578,301.9472351074219,199.51351928710938,332.3068542480469,236.0412139892578,5
Flickr30K/4479231616.jpg,/content/Image_captioning_Local/Flickr30K/flickr30k_images/flickr30k_images/flickr30k_images/4479231616.jpg,person,0.31566593050956726,297.6097717285156,130.53591918945312,332.0404968261719,178.06301879882812,5
Flickr30K/4479231616.jpg,/content/Image_captioning_Local/Flickr30K/flickr30k_images/flickr30k_images/flickr30k_images/4479231616.jpg,person,0.30187350511550903,1.557987928390503,65.9979248046875,118.04780578613281,401.0499572753906,5
Flickr30K/4479231616.jpg,/content/Image_captioning_Local/Flickr30K/flickr30k_images/flickr30k_images/flickr30k_images/4479231616.jpg,chair,0.2800004482269287,73.01748657226562,243.00999450683594,198.61361694335938,492.903564453125,5
Flickr30K/4479254009.jpg,/content/Image_captioning_Local/Flickr30K/flickr30k_images/flickr30k_images/flickr30k_images/4479254009.jpg,motorcycle,0.8803644180297852,37.37802505493164,93.4386215209961,248.7290802001953,318.3006896972656,8
Flickr30K/4479254009.jpg,/content/Image_captioning_Local/Flickr30K/flickr30k_images/flickr30k_images/flickr30k_images/4479254009.jpg,person,0.8336783647537231,390.01507568359375,17.435758590698242,475.4012451171875,271.0787353515625,8
Flickr30K/4479254009.jpg,/content/Image_captioning_Local/Flickr30K/flickr30k_images/flickr30k_images/flickr30k_images/4479254009.jpg,person,0.8277145624160767,65.11846923828125,53.71832275390625,212.06593322753906,255.2898406982422,8
Flickr30K/4479254009.jpg,/content/Image_captioning_Local/Flickr30K/flickr30k_images/flickr30k_images/flickr30k_images/4479254009.jpg,person,0.7281564474105835,8.839449882507324,107.07061004638672,28.78911781311035,164.85533142089844,8
Flickr30K/4479254009.jpg,/content/Image_captioning_Local/Flickr30K/flickr30k_images/flickr30k_images/flickr30k_images/4479254009.jpg,backpack,0.7050319910049438,383.9946594238281,48.08951187133789,446.6485900878906,155.88180541992188,8
Flickr30K/4479254009.jpg,/content/Image_captioning_Local/Flickr30K/flickr30k_images/flickr30k_images/flickr30k_images/4479254009.jpg,person,0.5593979954719543,466.3246154785156,50.29637145996094,499.7847595214844,254.11944580078125,8
Flickr30K/4479254009.jpg,/content/Image_captioning_Local/Flickr30K/flickr30k_images/flickr30k_images/flickr30k_images/4479254009.jpg,person,0.5076102614402771,41.00747299194336,103.40003967285156,62.687103271484375,142.75140380859375,8
Flickr30K/4479254009.jpg,/content/Image_captioning_Local/Flickr30K/flickr30k_images/flickr30k_images/flickr30k_images/4479254009.jpg,person,0.36527734994888306,467.5188903808594,29.32729148864746,500.0,90.51851654052734,8
Flickr30K/4479282254.jpg,/content/Image_captioning_Local/Flickr30K/flickr30k_images/flickr30k_images/flickr30k_images/4479282254.jpg,person,0.4598366916179657,126.43413543701172,275.3902587890625,246.0142364501953,487.45269775390625,1
Flickr30K/4479330885.jpg,/content/Image_captioning_Local/Flickr30K/flickr30k_images/flickr30k_images/flickr30k_images/4479330885.jpg,person,0.9210147857666016,298.485107421875,139.0940704345703,357.13055419921875,292.3423156738281,16
Flickr30K/4479330885.jpg,/content/Image_captioning_Local/Flickr30K/flickr30k_images/flickr30k_images/flickr30k_images/4479330885.jpg,person,0.8959445357322693,371.3937072753906,107.843017578125,500.0,327.0650329589844,16
Flickr30K/4479330885.jpg,/content/Image_captioning_Local/Flickr30K/flickr30k_images/flickr30k_images/flickr30k_images/4479330885.jpg,person,0.882949709892273,189.51783752441406,160.7276153564453,261.44171142578125,309.58721923828125,16
Flickr30K/4479330885.jpg,/content/Image_captioning_Local/Flickr30K/flickr30k_images/flickr30k_images/flickr30k_images/4479330885.jpg,person,0.8721840977668762,84.68083190917969,131.95928955078125,146.0662078857422,320.3816833496094,16
Flickr30K/4479330885.jpg,/content/Image_captioning_Local/Flickr30K/flickr30k_images/flickr30k_images/flickr30k_images/4479330885.jpg,person,0.8458108305931091,153.59591674804688,167.92738342285156,201.0968475341797,314.2123107910156,16
Flickr30K/4479330885.jpg,/content/Image_captioning_Local/Flickr30K/flickr30k_images/flickr30k_images/flickr30k_images/4479330885.jpg,person,0.6708166003227234,233.02175903320312,130.17127990722656,295.5438232421875,265.0565490722656,16
Flickr30K/4479330885.jpg,/content/Image_captioning_Local/Flickr30K/flickr30k_images/flickr30k_images/flickr30k_images/4479330885.jpg,person,0.6101970672607422,142.2184600830078,79.26040649414062,173.65647888183594,132.8876495361328,16
Flickr30K/4479330885.jpg,/content/Image_captioning_Local/Flickr30K/flickr30k_images/flickr30k_images/flickr30k_images/4479330885.jpg,person,0.6015177965164185,3.8323192596435547,145.03079223632812,71.12782287597656,332.4391784667969,16
Flickr30K/4479330885.jpg,/content/Image_captioning_Local/Flickr30K/flickr30k_images/flickr30k_images/flickr30k_images/4479330885.jpg,handbag,0.500629723072052,417.5082702636719,178.58334350585938,496.5323791503906,330.24945068359375,16
Flickr30K/4479330885.jpg,/content/Image_captioning_Local/Flickr30K/flickr30k_images/flickr30k_images/flickr30k_images/4479330885.jpg,traffic light,0.46134519577026367,58.880287170410156,105.5531234741211,69.05073547363281,126.63943481445312,16
Flickr30K/4479330885.jpg,/content/Image_captioning_Local/Flickr30K/flickr30k_images/flickr30k_images/flickr30k_images/4479330885.jpg,person,0.44163042306900024,43.291439056396484,157.17391967773438,57.175540924072266,186.3686981201172,16
Flickr30K/4479330885.jpg,/content/Image_captioning_Local/Flickr30K/flickr30k_images/flickr30k_images/flickr30k_images/4479330885.jpg,handbag,0.3979959189891815,34.834617614746094,189.58177185058594,77.34382629394531,282.4768981933594,16
Flickr30K/4479330885.jpg,/content/Image_captioning_Local/Flickr30K/flickr30k_images/flickr30k_images/flickr30k_images/4479330885.jpg,handbag,0.37371644377708435,235.03184509277344,155.5386505126953,269.7911682128906,224.42526245117188,16
Flickr30K/4479330885.jpg,/content/Image_captioning_Local/Flickr30K/flickr30k_images/flickr30k_images/flickr30k_images/4479330885.jpg,handbag,0.3670368194580078,238.08432006835938,181.22604370117188,264.2908935546875,220.3644561767578,16
Flickr30K/4479330885.jpg,/content/Image_captioning_Local/Flickr30K/flickr30k_images/flickr30k_images/flickr30k_images/4479330885.jpg,person,0.3654955327510834,118.9560317993164,84.40596771240234,134.36788940429688,111.00135040283203,16
Flickr30K/4479330885.jpg,/content/Image_captioning_Local/Flickr30K/flickr30k_images/flickr30k_images/flickr30k_images/4479330885.jpg,tie,0.3265969455242157,325.353515625,162.9215545654297,335.5091247558594,213.6809539794922,16
Flickr30K/4479482872.jpg,/content/Image_captioning_Local/Flickr30K/flickr30k_images/flickr30k_images/flickr30k_images/4479482872.jpg,bird,0.9102411270141602,212.9993438720703,343.18023681640625,266.82537841796875,445.0157165527344,2
Flickr30K/4479482872.jpg,/content/Image_captioning_Local/Flickr30K/flickr30k_images/flickr30k_images/flickr30k_images/4479482872.jpg,person,0.8084434866905212,73.7262954711914,59.18755340576172,150.71043395996094,130.91998291015625,2
Flickr30K/4479587916.jpg,/content/Image_captioning_Local/Flickr30K/flickr30k_images/flickr30k_images/flickr30k_images/4479587916.jpg,person,0.669474720954895,4.0574493408203125,59.63575744628906,182.10206604003906,496.1361999511719,3
Flickr30K/4479587916.jpg,/content/Image_captioning_Local/Flickr30K/flickr30k_images/flickr30k_images/flickr30k_images/4479587916.jpg,remote,0.3686067759990692,79.0433120727539,189.4695587158203,104.2448501586914,205.09576416015625,3
Flickr30K/4479587916.jpg,/content/Image_captioning_Local/Flickr30K/flickr30k_images/flickr30k_images/flickr30k_images/4479587916.jpg,car,0.3400241434574127,3.5963118076324463,225.3798065185547,330.0594482421875,456.93682861328125,3
Flickr30K/4479738973.jpg,/content/Image_captioning_Local/Flickr30K/flickr30k_images/flickr30k_images/flickr30k_images/4479738973.jpg,car,0.8108695149421692,422.35113525390625,226.0399169921875,455.3746643066406,259.80413818359375,12
Flickr30K/4479738973.jpg,/content/Image_captioning_Local/Flickr30K/flickr30k_images/flickr30k_images/flickr30k_images/4479738973.jpg,car,0.6491754055023193,466.75482177734375,227.2589874267578,498.3899230957031,252.7789306640625,12
Flickr30K/4479738973.jpg,/content/Image_captioning_Local/Flickr30K/flickr30k_images/flickr30k_images/flickr30k_images/4479738973.jpg,person,0.6217964887619019,458.49066162109375,231.0078887939453,470.69720458984375,260.3621826171875,12
Flickr30K/4479738973.jpg,/content/Image_captioning_Local/Flickr30K/flickr30k_images/flickr30k_images/flickr30k_images/4479738973.jpg,motorcycle,0.5176712870597839,458.3235168457031,237.95571899414062,471.3631286621094,262.1286315917969,12
Flickr30K/4479738973.jpg,/content/Image_captioning_Local/Flickr30K/flickr30k_images/flickr30k_images/flickr30k_images/4479738973.jpg,person,0.41138124465942383,359.1629333496094,242.99078369140625,394.3560791015625,270.50677490234375,12
Flickr30K/4479738973.jpg,/content/Image_captioning_Local/Flickr30K/flickr30k_images/flickr30k_images/flickr30k_images/4479738973.jpg,car,0.37576165795326233,328.02142333984375,229.94525146484375,427.6792907714844,324.4198913574219,12
Flickr30K/4479738973.jpg,/content/Image_captioning_Local/Flickr30K/flickr30k_images/flickr30k_images/flickr30k_images/4479738973.jpg,stop sign,0.33941519260406494,73.29576110839844,233.1452178955078,100.14886474609375,254.92294311523438,12
Flickr30K/4479738973.jpg,/content/Image_captioning_Local/Flickr30K/flickr30k_images/flickr30k_images/flickr30k_images/4479738973.jpg,car,0.3206198513507843,486.24176025390625,231.0890655517578,500.0,251.12405395507812,12
Flickr30K/4479738973.jpg,/content/Image_captioning_Local/Flickr30K/flickr30k_images/flickr30k_images/flickr30k_images/4479738973.jpg,car,0.28467047214508057,407.5359802246094,231.95233154296875,437.5440979003906,304.87493896484375,12
Flickr30K/4479738973.jpg,/content/Image_captioning_Local/Flickr30K/flickr30k_images/flickr30k_images/flickr30k_images/4479738973.jpg,motorcycle,0.2821614742279053,327.9216613769531,229.99325561523438,423.90374755859375,325.1179504394531,12
Flickr30K/4479738973.jpg,/content/Image_captioning_Local/Flickr30K/flickr30k_images/flickr30k_images/flickr30k_images/4479738973.jpg,car,0.2655193507671356,377.0433044433594,225.05447387695312,437.8468933105469,304.1326904296875,12
Flickr30K/4479738973.jpg,/content/Image_captioning_Local/Flickr30K/flickr30k_images/flickr30k_images/flickr30k_images/4479738973.jpg,truck,0.2546623647212982,329.52996826171875,231.30560302734375,422.6365966796875,324.45367431640625,12
Flickr30K/4479855590.jpg,/content/Image_captioning_Local/Flickr30K/flickr30k_images/flickr30k_images/flickr30k_images/4479855590.jpg,person,0.41084855794906616,174.88885498046875,183.58203125,291.8782653808594,380.8437805175781,1
Flickr30K/4479891313.jpg,/content/Image_captioning_Local/Flickr30K/flickr30k_images/flickr30k_images/flickr30k_images/4479891313.jpg,person,0.9141929745674133,124.20396423339844,171.64324951171875,248.88558959960938,481.1842041015625,4
Flickr30K/4479891313.jpg,/content/Image_captioning_Local/Flickr30K/flickr30k_images/flickr30k_images/flickr30k_images/4479891313.jpg,person,0.8129459023475647,0.0,150.99542236328125,126.29292297363281,486.470703125,4
Flickr30K/4479891313.jpg,/content/Image_captioning_Local/Flickr30K/flickr30k_images/flickr30k_images/flickr30k_images/4479891313.jpg,person,0.803788423538208,233.7949981689453,196.3018341064453,278.36663818359375,304.01263427734375,4
Flickr30K/4479891313.jpg,/content/Image_captioning_Local/Flickr30K/flickr30k_images/flickr30k_images/flickr30k_images/4479891313.jpg,person,0.43410080671310425,292.8636169433594,245.2647247314453,333.3655700683594,306.5007629394531,4
Flickr30K/4480006240.jpg,/content/Image_captioning_Local/Flickr30K/flickr30k_images/flickr30k_images/flickr30k_images/4480006240.jpg,person,0.9164051413536072,178.17010498046875,224.60365295410156,275.7168884277344,462.3477478027344,9
Flickr30K/4480006240.jpg,/content/Image_captioning_Local/Flickr30K/flickr30k_images/flickr30k_images/flickr30k_images/4480006240.jpg,person,0.8865050077438354,123.16046905517578,113.29309844970703,171.2711639404297,282.5704345703125,9
Flickr30K/4480006240.jpg,/content/Image_captioning_Local/Flickr30K/flickr30k_images/flickr30k_images/flickr30k_images/4480006240.jpg,person,0.8327836990356445,31.992889404296875,11.54170036315918,110.79785919189453,223.47996520996094,9
Flickr30K/4480006240.jpg,/content/Image_captioning_Local/Flickr30K/flickr30k_images/flickr30k_images/flickr30k_images/4480006240.jpg,person,0.8015034198760986,16.91766929626465,33.63251495361328,49.400699615478516,150.13784790039062,9
Flickr30K/4480006240.jpg,/content/Image_captioning_Local/Flickr30K/flickr30k_images/flickr30k_images/flickr30k_images/4480006240.jpg,person,0.6923882961273193,152.7076416015625,0.0,307.6607971191406,328.981201171875,9
Flickr30K/4480006240.jpg,/content/Image_captioning_Local/Flickr30K/flickr30k_images/flickr30k_images/flickr30k_images/4480006240.jpg,person,0.6887297630310059,296.3506774902344,65.13785552978516,323.9819030761719,133.35263061523438,9
Flickr30K/4480006240.jpg,/content/Image_captioning_Local/Flickr30K/flickr30k_images/flickr30k_images/flickr30k_images/4480006240.jpg,person,0.5517343282699585,258.7997131347656,12.61395263671875,299.7632141113281,82.26383972167969,9
Flickr30K/4480006240.jpg,/content/Image_captioning_Local/Flickr30K/flickr30k_images/flickr30k_images/flickr30k_images/4480006240.jpg,person,0.4337138235569,0.0,191.7405242919922,79.1908950805664,496.0884704589844,9
Flickr30K/4480006240.jpg,/content/Image_captioning_Local/Flickr30K/flickr30k_images/flickr30k_images/flickr30k_images/4480006240.jpg,handbag,0.25654131174087524,70.09781646728516,84.30549621582031,100.79461669921875,112.72358703613281,9
Flickr30K/4480270643.jpg,/content/Image_captioning_Local/Flickr30K/flickr30k_images/flickr30k_images/flickr30k_images/4480270643.jpg,person,0.824547529220581,138.06500244140625,400.38262939453125,164.76077270507812,451.52606201171875,1
Flickr30K/4480393247.jpg,/content/Image_captioning_Local/Flickr30K/flickr30k_images/flickr30k_images/flickr30k_images/4480393247.jpg,car,0.9138972163200378,25.407114028930664,48.825801849365234,83.68406677246094,72.3139419555664,15
Flickr30K/4480393247.jpg,/content/Image_captioning_Local/Flickr30K/flickr30k_images/flickr30k_images/flickr30k_images/4480393247.jpg,person,0.9025294184684753,137.54913330078125,15.609794616699219,211.29527282714844,199.24192810058594,15
Flickr30K/4480393247.jpg,/content/Image_captioning_Local/Flickr30K/flickr30k_images/flickr30k_images/flickr30k_images/4480393247.jpg,car,0.8592991828918457,0.0,106.05311584472656,49.99364471435547,199.39894104003906,15
Flickr30K/4480393247.jpg,/content/Image_captioning_Local/Flickr30K/flickr30k_images/flickr30k_images/flickr30k_images/4480393247.jpg,person,0.8494613766670227,192.61900329589844,43.85086441040039,217.41952514648438,129.60342407226562,15
Flickr30K/4480393247.jpg,/content/Image_captioning_Local/Flickr30K/flickr30k_images/flickr30k_images/flickr30k_images/4480393247.jpg,person,0.8320850729942322,227.7021942138672,40.930702209472656,253.05996704101562,107.56134796142578,15
Flickr30K/4480393247.jpg,/content/Image_captioning_Local/Flickr30K/flickr30k_images/flickr30k_images/flickr30k_images/4480393247.jpg,person,0.7580652832984924,272.5052795410156,44.46129608154297,294.0785827636719,100.30460357666016,15
Flickr30K/4480393247.jpg,/content/Image_captioning_Local/Flickr30K/flickr30k_images/flickr30k_images/flickr30k_images/4480393247.jpg,person,0.7007633447647095,304.65704345703125,35.65938949584961,329.9826965332031,71.65008544921875,15
Flickr30K/4480393247.jpg,/content/Image_captioning_Local/Flickr30K/flickr30k_images/flickr30k_images/flickr30k_images/4480393247.jpg,person,0.5810338854789734,273.2720947265625,4.774606227874756,411.091796875,287.2702941894531,15
Flickr30K/4480393247.jpg,/content/Image_captioning_Local/Flickr30K/flickr30k_images/flickr30k_images/flickr30k_images/4480393247.jpg,car,0.558840274810791,315.3895263671875,42.42050552368164,492.309814453125,117.04356384277344,15
Flickr30K/4480393247.jpg,/content/Image_captioning_Local/Flickr30K/flickr30k_images/flickr30k_images/flickr30k_images/4480393247.jpg,person,0.3811893165111542,268.8959655761719,45.61954879760742,279.5165100097656,84.08435821533203,15
Flickr30K/4480393247.jpg,/content/Image_captioning_Local/Flickr30K/flickr30k_images/flickr30k_images/flickr30k_images/4480393247.jpg,tie,0.3480166494846344,155.48800659179688,45.13142013549805,164.24237060546875,82.99200439453125,15
Flickr30K/4480393247.jpg,/content/Image_captioning_Local/Flickr30K/flickr30k_images/flickr30k_images/flickr30k_images/4480393247.jpg,person,0.29955267906188965,424.9833984375,49.54009246826172,435.2551574707031,62.74933624267578,15
Flickr30K/4480393247.jpg,/content/Image_captioning_Local/Flickr30K/flickr30k_images/flickr30k_images/flickr30k_images/4480393247.jpg,car,0.29785242676734924,494.6761169433594,71.29141998291016,499.912841796875,96.27261352539062,15
Flickr30K/4480393247.jpg,/content/Image_captioning_Local/Flickr30K/flickr30k_images/flickr30k_images/flickr30k_images/4480393247.jpg,person,0.27346891164779663,462.2973937988281,57.5500373840332,473.1306457519531,71.85615539550781,15
Flickr30K/4480393247.jpg,/content/Image_captioning_Local/Flickr30K/flickr30k_images/flickr30k_images/flickr30k_images/4480393247.jpg,person,0.2552400529384613,398.02630615234375,49.45945739746094,419.2747497558594,67.18893432617188,15
Flickr30K/4480498252.jpg,/content/Image_captioning_Local/Flickr30K/flickr30k_images/flickr30k_images/flickr30k_images/4480498252.jpg,dog,0.9014102220535278,129.8504180908203,186.45245361328125,246.34637451171875,290.8713684082031,5
Flickr30K/4480498252.jpg,/content/Image_captioning_Local/Flickr30K/flickr30k_images/flickr30k_images/flickr30k_images/4480498252.jpg,person,0.8961153626441956,266.7539978027344,44.785682678222656,340.95269775390625,279.7335205078125,5
Flickr30K/4480498252.jpg,/content/Image_captioning_Local/Flickr30K/flickr30k_images/flickr30k_images/flickr30k_images/4480498252.jpg,person,0.8938474059104919,29.466121673583984,45.24080276489258,97.37313079833984,220.99099731445312,5
Flickr30K/4480498252.jpg,/content/Image_captioning_Local/Flickr30K/flickr30k_images/flickr30k_images/flickr30k_images/4480498252.jpg,person,0.8686992526054382,222.32923889160156,57.945556640625,284.4969787597656,254.02708435058594,5
Flickr30K/4480498252.jpg,/content/Image_captioning_Local/Flickr30K/flickr30k_images/flickr30k_images/flickr30k_images/4480498252.jpg,traffic light,0.4263129234313965,162.7931671142578,0.0013232231140136719,182.2096710205078,36.998504638671875,5
Flickr30K/4480560554.jpg,/content/Image_captioning_Local/Flickr30K/flickr30k_images/flickr30k_images/flickr30k_images/4480560554.jpg,person,0.8427029848098755,266.4048767089844,180.56729125976562,291.9916687011719,217.32437133789062,16
Flickr30K/4480560554.jpg,/content/Image_captioning_Local/Flickr30K/flickr30k_images/flickr30k_images/flickr30k_images/4480560554.jpg,car,0.8192810416221619,262.8697814941406,402.97454833984375,308.8187561035156,437.36138916015625,16
Flickr30K/4480560554.jpg,/content/Image_captioning_Local/Flickr30K/flickr30k_images/flickr30k_images/flickr30k_images/4480560554.jpg,car,0.6649236679077148,17.623197555541992,397.1479797363281,40.022216796875,410.807373046875,16
Flickr30K/4480560554.jpg,/content/Image_captioning_Local/Flickr30K/flickr30k_images/flickr30k_images/flickr30k_images/4480560554.jpg,car,0.6632000207901001,58.813262939453125,399.0274658203125,76.28998565673828,420.7283020019531,16
Flickr30K/4480560554.jpg,/content/Image_captioning_Local/Flickr30K/flickr30k_images/flickr30k_images/flickr30k_images/4480560554.jpg,car,0.6432230472564697,69.11911010742188,396.589599609375,120.37853240966797,433.69268798828125,16
Flickr30K/4480560554.jpg,/content/Image_captioning_Local/Flickr30K/flickr30k_images/flickr30k_images/flickr30k_images/4480560554.jpg,car,0.6408634185791016,202.90208435058594,402.5362548828125,251.30657958984375,444.0589294433594,16
Flickr30K/4480560554.jpg,/content/Image_captioning_Local/Flickr30K/flickr30k_images/flickr30k_images/flickr30k_images/4480560554.jpg,car,0.6389179229736328,193.70724487304688,391.5976867675781,220.56637573242188,415.8453063964844,16
Flickr30K/4480560554.jpg,/content/Image_captioning_Local/Flickr30K/flickr30k_images/flickr30k_images/flickr30k_images/4480560554.jpg,car,0.5810960531234741,174.2122344970703,397.0323181152344,187.8993682861328,413.6400146484375,16
Flickr30K/4480560554.jpg,/content/Image_captioning_Local/Flickr30K/flickr30k_images/flickr30k_images/flickr30k_images/4480560554.jpg,car,0.5755296349525452,38.93245315551758,397.08074951171875,52.27769470214844,407.9542541503906,16
Flickr30K/4480560554.jpg,/content/Image_captioning_Local/Flickr30K/flickr30k_images/flickr30k_images/flickr30k_images/4480560554.jpg,person,0.5341472029685974,10.339689254760742,176.79232788085938,24.697124481201172,212.3112030029297,16
Flickr30K/4480560554.jpg,/content/Image_captioning_Local/Flickr30K/flickr30k_images/flickr30k_images/flickr30k_images/4480560554.jpg,car,0.4328617751598358,50.7406120300293,397.4638366699219,61.49324035644531,406.28399658203125,16
Flickr30K/4480560554.jpg,/content/Image_captioning_Local/Flickr30K/flickr30k_images/flickr30k_images/flickr30k_images/4480560554.jpg,car,0.4177681803703308,0.0,398.6617126464844,15.233367919921875,412.91522216796875,16
Flickr30K/4480560554.jpg,/content/Image_captioning_Local/Flickr30K/flickr30k_images/flickr30k_images/flickr30k_images/4480560554.jpg,car,0.3880346417427063,84.554931640625,390.2851257324219,98.05512237548828,398.91656494140625,16
Flickr30K/4480560554.jpg,/content/Image_captioning_Local/Flickr30K/flickr30k_images/flickr30k_images/flickr30k_images/4480560554.jpg,clock,0.317240446805954,95.68388366699219,221.07632446289062,118.0805435180664,244.03732299804688,16
Flickr30K/4480560554.jpg,/content/Image_captioning_Local/Flickr30K/flickr30k_images/flickr30k_images/flickr30k_images/4480560554.jpg,car,0.30578404664993286,24.200653076171875,396.8337097167969,52.42578887939453,408.87109375,16
Flickr30K/4480560554.jpg,/content/Image_captioning_Local/Flickr30K/flickr30k_images/flickr30k_images/flickr30k_images/4480560554.jpg,car,0.26190659403800964,137.7092742919922,393.8544006347656,179.30258178710938,425.5383605957031,16
Flickr30K/4480643343.jpg,/content/Image_captioning_Local/Flickr30K/flickr30k_images/flickr30k_images/flickr30k_images/4480643343.jpg,car,0.8626936078071594,63.10683059692383,67.90815734863281,144.09510803222656,127.26972961425781,9
Flickr30K/4480643343.jpg,/content/Image_captioning_Local/Flickr30K/flickr30k_images/flickr30k_images/flickr30k_images/4480643343.jpg,person,0.8271738290786743,1.331770420074463,30.16448974609375,63.027095794677734,148.15345764160156,9
Flickr30K/4480643343.jpg,/content/Image_captioning_Local/Flickr30K/flickr30k_images/flickr30k_images/flickr30k_images/4480643343.jpg,motorcycle,0.6793059706687927,0.0,89.0001449584961,102.2378921508789,165.06187438964844,9
Flickr30K/4480643343.jpg,/content/Image_captioning_Local/Flickr30K/flickr30k_images/flickr30k_images/flickr30k_images/4480643343.jpg,person,0.6354367136955261,273.22344970703125,37.76873016357422,403.1222839355469,336.93634033203125,9
Flickr30K/4480643343.jpg,/content/Image_captioning_Local/Flickr30K/flickr30k_images/flickr30k_images/flickr30k_images/4480643343.jpg,person,0.4988710284233093,256.27099609375,22.317752838134766,327.44378662109375,170.73770141601562,9
Flickr30K/4480643343.jpg,/content/Image_captioning_Local/Flickr30K/flickr30k_images/flickr30k_images/flickr30k_images/4480643343.jpg,bicycle,0.3779319226741791,215.3157501220703,105.32791900634766,280.294189453125,193.71034240722656,9
Flickr30K/4480643343.jpg,/content/Image_captioning_Local/Flickr30K/flickr30k_images/flickr30k_images/flickr30k_images/4480643343.jpg,person,0.2907654047012329,457.9658508300781,43.10757827758789,498.7532653808594,118.72164916992188,9
Flickr30K/4480643343.jpg,/content/Image_captioning_Local/Flickr30K/flickr30k_images/flickr30k_images/flickr30k_images/4480643343.jpg,person,0.27204588055610657,134.4471435546875,21.66554069519043,243.92506408691406,208.4632110595703,9
Flickr30K/4480643343.jpg,/content/Image_captioning_Local/Flickr30K/flickr30k_images/flickr30k_images/flickr30k_images/4480643343.jpg,person,0.25835680961608887,305.82147216796875,22.692241668701172,339.7970275878906,88.96831512451172,9
Flickr30K/4480923732.jpg,/content/Image_captioning_Local/Flickr30K/flickr30k_images/flickr30k_images/flickr30k_images/4480923732.jpg,cell phone,0.6561051607131958,212.921875,170.74099731445312,235.59573364257812,204.95948791503906,3
Flickr30K/4480923732.jpg,/content/Image_captioning_Local/Flickr30K/flickr30k_images/flickr30k_images/flickr30k_images/4480923732.jpg,person,0.5308552980422974,116.12608337402344,124.05980682373047,259.09033203125,389.6845397949219,3
Flickr30K/4480923732.jpg,/content/Image_captioning_Local/Flickr30K/flickr30k_images/flickr30k_images/flickr30k_images/4480923732.jpg,person,0.40488001704216003,228.74166870117188,199.65353393554688,358.7403869628906,481.88055419921875,3
Flickr30K/4480972884.jpg,/content/Image_captioning_Local/Flickr30K/flickr30k_images/flickr30k_images/flickr30k_images/4480972884.jpg,car,0.895552933216095,392.2327575683594,200.4169921875,499.983154296875,245.40921020507812,13
Flickr30K/4480972884.jpg,/content/Image_captioning_Local/Flickr30K/flickr30k_images/flickr30k_images/flickr30k_images/4480972884.jpg,car,0.8742579221725464,248.99444580078125,193.0583038330078,400.51727294921875,246.52810668945312,13
Flickr30K/4480972884.jpg,/content/Image_captioning_Local/Flickr30K/flickr30k_images/flickr30k_images/flickr30k_images/4480972884.jpg,person,0.8658311367034912,147.60707092285156,182.458740234375,205.24575805664062,350.26116943359375,13
Flickr30K/4480972884.jpg,/content/Image_captioning_Local/Flickr30K/flickr30k_images/flickr30k_images/flickr30k_images/4480972884.jpg,person,0.7679189443588257,222.041748046875,192.41702270507812,233.2716522216797,223.4739532470703,13
Flickr30K/4480972884.jpg,/content/Image_captioning_Local/Flickr30K/flickr30k_images/flickr30k_images/flickr30k_images/4480972884.jpg,person,0.7505448460578918,441.9976806640625,183.52220153808594,456.8011779785156,201.11529541015625,13
Flickr30K/4480972884.jpg,/content/Image_captioning_Local/Flickr30K/flickr30k_images/flickr30k_images/flickr30k_images/4480972884.jpg,person,0.6788303256034851,246.3834991455078,188.9843292236328,257.6524963378906,221.47686767578125,13
Flickr30K/4480972884.jpg,/content/Image_captioning_Local/Flickr30K/flickr30k_images/flickr30k_images/flickr30k_images/4480972884.jpg,person,0.5954138040542603,260.4447937011719,189.37745666503906,275.23883056640625,214.75782775878906,13
Flickr30K/4480972884.jpg,/content/Image_captioning_Local/Flickr30K/flickr30k_images/flickr30k_images/flickr30k_images/4480972884.jpg,handbag,0.5635063648223877,142.5708770751953,208.9022674560547,174.2428741455078,273.5376892089844,13
Flickr30K/4480972884.jpg,/content/Image_captioning_Local/Flickr30K/flickr30k_images/flickr30k_images/flickr30k_images/4480972884.jpg,person,0.3839658498764038,286.79803466796875,180.8206787109375,297.18756103515625,199.77867126464844,13
Flickr30K/4480972884.jpg,/content/Image_captioning_Local/Flickr30K/flickr30k_images/flickr30k_images/flickr30k_images/4480972884.jpg,bus,0.3307449221611023,254.8488311767578,163.33062744140625,363.1654968261719,209.31808471679688,13
Flickr30K/4480972884.jpg,/content/Image_captioning_Local/Flickr30K/flickr30k_images/flickr30k_images/flickr30k_images/4480972884.jpg,cell phone,0.29899686574935913,195.1317596435547,220.85752868652344,203.82969665527344,227.16732788085938,13
Flickr30K/4480972884.jpg,/content/Image_captioning_Local/Flickr30K/flickr30k_images/flickr30k_images/flickr30k_images/4480972884.jpg,person,0.28664183616638184,247.36602783203125,188.5789794921875,268.8862609863281,219.33106994628906,13
Flickr30K/4480972884.jpg,/content/Image_captioning_Local/Flickr30K/flickr30k_images/flickr30k_images/flickr30k_images/4480972884.jpg,handbag,0.27428725361824036,169.82998657226562,235.7371826171875,196.11399841308594,274.364990234375,13
Flickr30K/4480997710.jpg,/content/Image_captioning_Local/Flickr30K/flickr30k_images/flickr30k_images/flickr30k_images/4480997710.jpg,umbrella,0.8998379707336426,31.46631622314453,2.5685667991638184,242.9310760498047,119.04279327392578,9
Flickr30K/4480997710.jpg,/content/Image_captioning_Local/Flickr30K/flickr30k_images/flickr30k_images/flickr30k_images/4480997710.jpg,car,0.8304964900016785,258.2411193847656,184.32293701171875,300.81158447265625,235.6303253173828,9
Flickr30K/4480997710.jpg,/content/Image_captioning_Local/Flickr30K/flickr30k_images/flickr30k_images/flickr30k_images/4480997710.jpg,person,0.6590144038200378,0.0,167.56358337402344,9.998092651367188,231.64529418945312,9
Flickr30K/4480997710.jpg,/content/Image_captioning_Local/Flickr30K/flickr30k_images/flickr30k_images/flickr30k_images/4480997710.jpg,refrigerator,0.6184752583503723,293.64825439453125,0.0,497.7892761230469,371.097412109375,9
Flickr30K/4480997710.jpg,/content/Image_captioning_Local/Flickr30K/flickr30k_images/flickr30k_images/flickr30k_images/4480997710.jpg,handbag,0.555168628692627,214.46759033203125,189.0145721435547,251.55490112304688,267.6610412597656,9
Flickr30K/4480997710.jpg,/content/Image_captioning_Local/Flickr30K/flickr30k_images/flickr30k_images/flickr30k_images/4480997710.jpg,person,0.4871785044670105,155.20339965820312,86.14219665527344,252.28338623046875,374.1697692871094,9
Flickr30K/4480997710.jpg,/content/Image_captioning_Local/Flickr30K/flickr30k_images/flickr30k_images/flickr30k_images/4480997710.jpg,backpack,0.4783781170845032,45.479583740234375,135.0776824951172,169.55270385742188,369.7113037109375,9
Flickr30K/4480997710.jpg,/content/Image_captioning_Local/Flickr30K/flickr30k_images/flickr30k_images/flickr30k_images/4480997710.jpg,person,0.31770360469818115,19.24000358581543,54.394161224365234,201.92613220214844,367.739013671875,9
Flickr30K/4480997710.jpg,/content/Image_captioning_Local/Flickr30K/flickr30k_images/flickr30k_images/flickr30k_images/4480997710.jpg,handbag,0.29255974292755127,158.91029357910156,99.19520568847656,274.3000793457031,350.7409973144531,9
Flickr30K/4481066026.jpg,/content/Image_captioning_Local/Flickr30K/flickr30k_images/flickr30k_images/flickr30k_images/4481066026.jpg,car,0.8759392499923706,0.921294093132019,307.8796081542969,51.0126838684082,333.90106201171875,15
Flickr30K/4481066026.jpg,/content/Image_captioning_Local/Flickr30K/flickr30k_images/flickr30k_images/flickr30k_images/4481066026.jpg,car,0.8499494194984436,47.05983352661133,305.9134521484375,97.40331268310547,333.9510498046875,15
Flickr30K/4481066026.jpg,/content/Image_captioning_Local/Flickr30K/flickr30k_images/flickr30k_images/flickr30k_images/4481066026.jpg,person,0.8447932004928589,437.621826171875,190.56375122070312,492.0582275390625,356.1615905761719,15
Flickr30K/4481066026.jpg,/content/Image_captioning_Local/Flickr30K/flickr30k_images/flickr30k_images/flickr30k_images/4481066026.jpg,person,0.7218801379203796,55.1258430480957,0.0,249.1807861328125,375.0,15
Flickr30K/4481066026.jpg,/content/Image_captioning_Local/Flickr30K/flickr30k_images/flickr30k_images/flickr30k_images/4481066026.jpg,person,0.7199500203132629,271.86981201171875,19.171655654907227,475.2294921875,369.3918762207031,15
Flickr30K/4481066026.jpg,/content/Image_captioning_Local/Flickr30K/flickr30k_images/flickr30k_images/flickr30k_images/4481066026.jpg,handbag,0.599308431148529,280.4821472167969,128.61227416992188,400.3040771484375,324.0590515136719,15
Flickr30K/4481066026.jpg,/content/Image_captioning_Local/Flickr30K/flickr30k_images/flickr30k_images/flickr30k_images/4481066026.jpg,person,0.5804206728935242,258.5898742675781,294.90118408203125,275.20965576171875,325.7686767578125,15
Flickr30K/4481066026.jpg,/content/Image_captioning_Local/Flickr30K/flickr30k_images/flickr30k_images/flickr30k_images/4481066026.jpg,motorcycle,0.5697965621948242,0.5608230829238892,342.3004150390625,55.499732971191406,374.41864013671875,15
Flickr30K/4481066026.jpg,/content/Image_captioning_Local/Flickr30K/flickr30k_images/flickr30k_images/flickr30k_images/4481066026.jpg,car,0.45975375175476074,480.2971496582031,287.4299621582031,499.862060546875,306.1728820800781,15
Flickr30K/4481066026.jpg,/content/Image_captioning_Local/Flickr30K/flickr30k_images/flickr30k_images/flickr30k_images/4481066026.jpg,handbag,0.4262591004371643,405.73406982421875,209.62025451660156,458.1133728027344,261.1343688964844,15
Flickr30K/4481066026.jpg,/content/Image_captioning_Local/Flickr30K/flickr30k_images/flickr30k_images/flickr30k_images/4481066026.jpg,cell phone,0.3212966322898865,382.86651611328125,171.0087127685547,401.0793762207031,180.9874267578125,15
Flickr30K/4481066026.jpg,/content/Image_captioning_Local/Flickr30K/flickr30k_images/flickr30k_images/flickr30k_images/4481066026.jpg,person,0.319440096616745,0.24202466011047363,302.341064453125,7.650455951690674,313.14013671875,15
Flickr30K/4481066026.jpg,/content/Image_captioning_Local/Flickr30K/flickr30k_images/flickr30k_images/flickr30k_images/4481066026.jpg,person,0.291514128446579,240.31512451171875,295.4451599121094,254.98812866210938,323.5891418457031,15
Flickr30K/4481066026.jpg,/content/Image_captioning_Local/Flickr30K/flickr30k_images/flickr30k_images/flickr30k_images/4481066026.jpg,person,0.27773264050483704,48.59614562988281,304.51361083984375,56.96516036987305,314.9618835449219,15
Flickr30K/4481066026.jpg,/content/Image_captioning_Local/Flickr30K/flickr30k_images/flickr30k_images/flickr30k_images/4481066026.jpg,car,0.2673790454864502,0.0,310.1734313964844,6.296572208404541,334.0314636230469,15
Flickr30K/4481066172.jpg,/content/Image_captioning_Local/Flickr30K/flickr30k_images/flickr30k_images/flickr30k_images/4481066172.jpg,person,0.9292096495628357,202.99542236328125,104.57807922363281,265.9124755859375,310.3086853027344,8
Flickr30K/4481066172.jpg,/content/Image_captioning_Local/Flickr30K/flickr30k_images/flickr30k_images/flickr30k_images/4481066172.jpg,person,0.8976969122886658,303.0927429199219,145.74342346191406,342.8956298828125,247.9128875732422,8
Flickr30K/4481066172.jpg,/content/Image_captioning_Local/Flickr30K/flickr30k_images/flickr30k_images/flickr30k_images/4481066172.jpg,person,0.8515452742576599,50.60091018676758,88.81257629394531,145.95278930664062,365.8055419921875,8
Flickr30K/4481066172.jpg,/content/Image_captioning_Local/Flickr30K/flickr30k_images/flickr30k_images/flickr30k_images/4481066172.jpg,traffic light,0.7467698454856873,255.61367797851562,13.905805587768555,279.7505187988281,63.73571014404297,8
Flickr30K/4481066172.jpg,/content/Image_captioning_Local/Flickr30K/flickr30k_images/flickr30k_images/flickr30k_images/4481066172.jpg,bicycle,0.6981455683708191,27.215702056884766,161.18722534179688,57.210636138916016,208.7144775390625,8
Flickr30K/4481066172.jpg,/content/Image_captioning_Local/Flickr30K/flickr30k_images/flickr30k_images/flickr30k_images/4481066172.jpg,traffic light,0.6447395086288452,464.2335510253906,51.32062530517578,474.9721984863281,82.44080352783203,8
Flickr30K/4481066172.jpg,/content/Image_captioning_Local/Flickr30K/flickr30k_images/flickr30k_images/flickr30k_images/4481066172.jpg,person,0.3378293812274933,492.2166748046875,123.58684539794922,500.0,171.46096801757812,8
Flickr30K/4481066172.jpg,/content/Image_captioning_Local/Flickr30K/flickr30k_images/flickr30k_images/flickr30k_images/4481066172.jpg,parking meter,0.2639828622341156,389.2859191894531,150.6364288330078,400.3905334472656,174.1896209716797,8
Flickr30K/4481311242.jpg,/content/Image_captioning_Local/Flickr30K/flickr30k_images/flickr30k_images/flickr30k_images/4481311242.jpg,person,0.8221291899681091,186.54232788085938,0.0,491.85882568359375,248.374267578125,3
Flickr30K/4481311242.jpg,/content/Image_captioning_Local/Flickr30K/flickr30k_images/flickr30k_images/flickr30k_images/4481311242.jpg,bird,0.3609711825847626,15.65066909790039,95.98114776611328,28.244152069091797,114.73316955566406,3
Flickr30K/4481311242.jpg,/content/Image_captioning_Local/Flickr30K/flickr30k_images/flickr30k_images/flickr30k_images/4481311242.jpg,bowl,0.2697276473045349,373.4993591308594,216.2860565185547,497.6865234375,332.30523681640625,3
Flickr30K/4481348193.jpg,/content/Image_captioning_Local/Flickr30K/flickr30k_images/flickr30k_images/flickr30k_images/4481348193.jpg,person,0.8298054337501526,92.02836608886719,231.30958557128906,113.6409912109375,286.4164733886719,9
Flickr30K/4481348193.jpg,/content/Image_captioning_Local/Flickr30K/flickr30k_images/flickr30k_images/flickr30k_images/4481348193.jpg,person,0.7622486352920532,137.84146118164062,233.59683227539062,152.4852752685547,277.0479431152344,9
Flickr30K/4481348193.jpg,/content/Image_captioning_Local/Flickr30K/flickr30k_images/flickr30k_images/flickr30k_images/4481348193.jpg,person,0.7474035620689392,7.090502738952637,235.6323699951172,28.449722290039062,292.84844970703125,9
Flickr30K/4481348193.jpg,/content/Image_captioning_Local/Flickr30K/flickr30k_images/flickr30k_images/flickr30k_images/4481348193.jpg,person,0.7391462922096252,175.87203979492188,233.1798095703125,189.51776123046875,276.49114990234375,9
Flickr30K/4481348193.jpg,/content/Image_captioning_Local/Flickr30K/flickr30k_images/flickr30k_images/flickr30k_images/4481348193.jpg,person,0.6243515014648438,155.4190673828125,230.8842010498047,173.27430725097656,277.9156494140625,9
Flickr30K/4481348193.jpg,/content/Image_captioning_Local/Flickr30K/flickr30k_images/flickr30k_images/flickr30k_images/4481348193.jpg,person,0.4214309751987457,147.89540100097656,233.38351440429688,158.69850158691406,276.4822082519531,9
Flickr30K/4481348193.jpg,/content/Image_captioning_Local/Flickr30K/flickr30k_images/flickr30k_images/flickr30k_images/4481348193.jpg,person,0.4010101556777954,213.38140869140625,233.68572998046875,223.31178283691406,247.1557159423828,9
Flickr30K/4481348193.jpg,/content/Image_captioning_Local/Flickr30K/flickr30k_images/flickr30k_images/flickr30k_images/4481348193.jpg,person,0.3631862998008728,165.2480010986328,231.27708435058594,177.6901092529297,278.0711669921875,9
Flickr30K/4481348193.jpg,/content/Image_captioning_Local/Flickr30K/flickr30k_images/flickr30k_images/flickr30k_images/4481348193.jpg,person,0.3435080051422119,0.553902268409729,246.2786865234375,12.076593399047852,293.8362731933594,9
Flickr30K/4481383970.jpg,/content/Image_captioning_Local/Flickr30K/flickr30k_images/flickr30k_images/flickr30k_images/4481383970.jpg,person,0.9160236716270447,344.1866760253906,132.27584838867188,404.4689636230469,233.61172485351562,23
Flickr30K/4481383970.jpg,/content/Image_captioning_Local/Flickr30K/flickr30k_images/flickr30k_images/flickr30k_images/4481383970.jpg,person,0.8885575532913208,0.0,136.24180603027344,49.47443771362305,279.2472839355469,23
Flickr30K/4481383970.jpg,/content/Image_captioning_Local/Flickr30K/flickr30k_images/flickr30k_images/flickr30k_images/4481383970.jpg,person,0.8212326765060425,54.2530517578125,148.04244995117188,79.29053497314453,204.479736328125,23
Flickr30K/4481383970.jpg,/content/Image_captioning_Local/Flickr30K/flickr30k_images/flickr30k_images/flickr30k_images/4481383970.jpg,person,0.7805036306381226,159.975830078125,137.69503784179688,182.58255004882812,187.46263122558594,23
Flickr30K/4481383970.jpg,/content/Image_captioning_Local/Flickr30K/flickr30k_images/flickr30k_images/flickr30k_images/4481383970.jpg,car,0.7625617384910583,208.09812927246094,147.18328857421875,240.77439880371094,164.93917846679688,23
Flickr30K/4481383970.jpg,/content/Image_captioning_Local/Flickr30K/flickr30k_images/flickr30k_images/flickr30k_images/4481383970.jpg,person,0.7569503784179688,398.1626892089844,147.78729248046875,412.1474304199219,172.9108428955078,23
Flickr30K/4481383970.jpg,/content/Image_captioning_Local/Flickr30K/flickr30k_images/flickr30k_images/flickr30k_images/4481383970.jpg,person,0.7234714031219482,73.95974731445312,144.1033477783203,91.1039047241211,193.841796875,23
Flickr30K/4481383970.jpg,/content/Image_captioning_Local/Flickr30K/flickr30k_images/flickr30k_images/flickr30k_images/4481383970.jpg,bicycle,0.7105742692947388,166.24490356445312,163.4044952392578,182.96888732910156,192.7884521484375,23
Flickr30K/4481383970.jpg,/content/Image_captioning_Local/Flickr30K/flickr30k_images/flickr30k_images/flickr30k_images/4481383970.jpg,traffic light,0.6061338782310486,68.519287109375,96.09820556640625,75.71621704101562,115.22504425048828,23
Flickr30K/4481383970.jpg,/content/Image_captioning_Local/Flickr30K/flickr30k_images/flickr30k_images/flickr30k_images/4481383970.jpg,person,0.5572717785835266,454.78082275390625,145.9211883544922,466.33294677734375,175.05604553222656,23
Flickr30K/4481383970.jpg,/content/Image_captioning_Local/Flickr30K/flickr30k_images/flickr30k_images/flickr30k_images/4481383970.jpg,car,0.5012978315353394,239.3514862060547,151.82582092285156,264.2087707519531,167.50045776367188,23
Flickr30K/4481383970.jpg,/content/Image_captioning_Local/Flickr30K/flickr30k_images/flickr30k_images/flickr30k_images/4481383970.jpg,backpack,0.49904921650886536,378.6730041503906,150.70574951171875,393.0112609863281,174.57244873046875,23
Flickr30K/4481383970.jpg,/content/Image_captioning_Local/Flickr30K/flickr30k_images/flickr30k_images/flickr30k_images/4481383970.jpg,handbag,0.4881272614002228,33.4251708984375,164.19180297851562,55.743896484375,204.29788208007812,23
Flickr30K/4481383970.jpg,/content/Image_captioning_Local/Flickr30K/flickr30k_images/flickr30k_images/flickr30k_images/4481383970.jpg,person,0.4784536361694336,332.7918701171875,147.156982421875,346.23297119140625,171.54615783691406,23
Flickr30K/4481383970.jpg,/content/Image_captioning_Local/Flickr30K/flickr30k_images/flickr30k_images/flickr30k_images/4481383970.jpg,handbag,0.45056936144828796,83.99393463134766,174.28875732421875,94.43107604980469,191.76174926757812,23
Flickr30K/4481383970.jpg,/content/Image_captioning_Local/Flickr30K/flickr30k_images/flickr30k_images/flickr30k_images/4481383970.jpg,person,0.42309635877609253,422.19085693359375,145.6717071533203,435.24932861328125,173.80300903320312,23
Flickr30K/4481383970.jpg,/content/Image_captioning_Local/Flickr30K/flickr30k_images/flickr30k_images/flickr30k_images/4481383970.jpg,person,0.4106311798095703,438.4339294433594,146.5671844482422,449.16552734375,173.82763671875,23
Flickr30K/4481383970.jpg,/content/Image_captioning_Local/Flickr30K/flickr30k_images/flickr30k_images/flickr30k_images/4481383970.jpg,person,0.37632232904434204,257.6971740722656,147.21856689453125,272.04736328125,168.8703155517578,23
Flickr30K/4481383970.jpg,/content/Image_captioning_Local/Flickr30K/flickr30k_images/flickr30k_images/flickr30k_images/4481383970.jpg,bicycle,0.35348787903785706,83.8988037109375,174.68930053710938,93.44569396972656,194.066162109375,23
Flickr30K/4481383970.jpg,/content/Image_captioning_Local/Flickr30K/flickr30k_images/flickr30k_images/flickr30k_images/4481383970.jpg,person,0.33293604850769043,276.7388000488281,149.16749572753906,285.06719970703125,166.55465698242188,23
Flickr30K/4481383970.jpg,/content/Image_captioning_Local/Flickr30K/flickr30k_images/flickr30k_images/flickr30k_images/4481383970.jpg,person,0.3076252043247223,41.341087341308594,147.42962646484375,55.26301956176758,182.44190979003906,23
Flickr30K/4481383970.jpg,/content/Image_captioning_Local/Flickr30K/flickr30k_images/flickr30k_images/flickr30k_images/4481383970.jpg,backpack,0.2865341603755951,57.96165466308594,158.38412475585938,76.62919616699219,178.4821319580078,23
Flickr30K/4481383970.jpg,/content/Image_captioning_Local/Flickr30K/flickr30k_images/flickr30k_images/flickr30k_images/4481383970.jpg,person,0.27126196026802063,243.83079528808594,151.38746643066406,273.8507080078125,169.3091583251953,23
Flickr30K/4481546417.jpg,/content/Image_captioning_Local/Flickr30K/flickr30k_images/flickr30k_images/flickr30k_images/4481546417.jpg,bicycle,0.912993848323822,372.9210510253906,260.4024963378906,459.0923767089844,316.7062683105469,9
Flickr30K/4481546417.jpg,/content/Image_captioning_Local/Flickr30K/flickr30k_images/flickr30k_images/flickr30k_images/4481546417.jpg,person,0.9058894515037537,66.33735656738281,222.68698120117188,107.66976165771484,303.27349853515625,9
Flickr30K/4481546417.jpg,/content/Image_captioning_Local/Flickr30K/flickr30k_images/flickr30k_images/flickr30k_images/4481546417.jpg,person,0.8394001722335815,135.42706298828125,223.0353546142578,159.18031311035156,303.1565856933594,9
Flickr30K/4481546417.jpg,/content/Image_captioning_Local/Flickr30K/flickr30k_images/flickr30k_images/flickr30k_images/4481546417.jpg,person,0.8042548894882202,214.53521728515625,229.74391174316406,244.20664978027344,307.2192077636719,9
Flickr30K/4481546417.jpg,/content/Image_captioning_Local/Flickr30K/flickr30k_images/flickr30k_images/flickr30k_images/4481546417.jpg,person,0.7672865986824036,160.5186767578125,224.68185424804688,185.20880126953125,294.970458984375,9
Flickr30K/4481546417.jpg,/content/Image_captioning_Local/Flickr30K/flickr30k_images/flickr30k_images/flickr30k_images/4481546417.jpg,person,0.7397835850715637,111.70327758789062,227.38180541992188,139.63804626464844,304.8697509765625,9
Flickr30K/4481546417.jpg,/content/Image_captioning_Local/Flickr30K/flickr30k_images/flickr30k_images/flickr30k_images/4481546417.jpg,person,0.7007375955581665,168.21144104003906,242.960693359375,210.1300048828125,305.7110900878906,9
Flickr30K/4481546417.jpg,/content/Image_captioning_Local/Flickr30K/flickr30k_images/flickr30k_images/flickr30k_images/4481546417.jpg,backpack,0.4447530508041382,231.27285766601562,248.0856170654297,244.1781768798828,271.3188781738281,9
Flickr30K/4481546417.jpg,/content/Image_captioning_Local/Flickr30K/flickr30k_images/flickr30k_images/flickr30k_images/4481546417.jpg,skateboard,0.371766060590744,157.7839813232422,293.825439453125,219.02000427246094,311.4385070800781,9
Flickr30K/4481839800.jpg,/content/Image_captioning_Local/Flickr30K/flickr30k_images/flickr30k_images/flickr30k_images/4481839800.jpg,person,0.8841047883033752,277.9111022949219,156.719970703125,316.85858154296875,260.8251647949219,3
Flickr30K/4481839800.jpg,/content/Image_captioning_Local/Flickr30K/flickr30k_images/flickr30k_images/flickr30k_images/4481839800.jpg,car,0.7074921727180481,123.01506805419922,164.9832000732422,252.50790405273438,217.85052490234375,3
Flickr30K/4481839800.jpg,/content/Image_captioning_Local/Flickr30K/flickr30k_images/flickr30k_images/flickr30k_images/4481839800.jpg,bowl,0.25848865509033203,274.9779052734375,308.494384765625,306.25115966796875,327.45684814453125,3
Flickr30K/4481983593.jpg,/content/Image_captioning_Local/Flickr30K/flickr30k_images/flickr30k_images/flickr30k_images/4481983593.jpg,cup,0.8116394877433777,140.5792694091797,329.1354675292969,173.1026153564453,374.8850402832031,13
Flickr30K/4481983593.jpg,/content/Image_captioning_Local/Flickr30K/flickr30k_images/flickr30k_images/flickr30k_images/4481983593.jpg,person,0.8062939643859863,188.92971801757812,199.13926696777344,330.7330627441406,371.3485107421875,13
Flickr30K/4481983593.jpg,/content/Image_captioning_Local/Flickr30K/flickr30k_images/flickr30k_images/flickr30k_images/4481983593.jpg,person,0.7831299304962158,180.56150817871094,109.45674133300781,253.38583374023438,172.37808227539062,13
Flickr30K/4481983593.jpg,/content/Image_captioning_Local/Flickr30K/flickr30k_images/flickr30k_images/flickr30k_images/4481983593.jpg,person,0.7053954005241394,73.7623062133789,107.98654174804688,127.59668731689453,240.036865234375,13
Flickr30K/4481983593.jpg,/content/Image_captioning_Local/Flickr30K/flickr30k_images/flickr30k_images/flickr30k_images/4481983593.jpg,person,0.7053871750831604,0.8112311363220215,187.35601806640625,53.77596664428711,305.9817199707031,13
Flickr30K/4481983593.jpg,/content/Image_captioning_Local/Flickr30K/flickr30k_images/flickr30k_images/flickr30k_images/4481983593.jpg,person,0.6611322164535522,119.76403045654297,123.63622283935547,156.34152221679688,219.9775390625,13
Flickr30K/4481983593.jpg,/content/Image_captioning_Local/Flickr30K/flickr30k_images/flickr30k_images/flickr30k_images/4481983593.jpg,person,0.5140693187713623,290.90911865234375,165.6598358154297,339.128662109375,235.16009521484375,13
Flickr30K/4481983593.jpg,/content/Image_captioning_Local/Flickr30K/flickr30k_images/flickr30k_images/flickr30k_images/4481983593.jpg,person,0.5071434378623962,188.29672241210938,167.44290161132812,244.62115478515625,312.0171203613281,13
Flickr30K/4481983593.jpg,/content/Image_captioning_Local/Flickr30K/flickr30k_images/flickr30k_images/flickr30k_images/4481983593.jpg,person,0.48700928688049316,296.7423400878906,146.87144470214844,337.0022277832031,199.72445678710938,13
Flickr30K/4481983593.jpg,/content/Image_captioning_Local/Flickr30K/flickr30k_images/flickr30k_images/flickr30k_images/4481983593.jpg,person,0.43847909569740295,341.2899475097656,148.47264099121094,391.731201171875,236.69332885742188,13
Flickr30K/4481983593.jpg,/content/Image_captioning_Local/Flickr30K/flickr30k_images/flickr30k_images/flickr30k_images/4481983593.jpg,potted plant,0.36128902435302734,426.1894836425781,174.15737915039062,486.46112060546875,266.2701721191406,13
Flickr30K/4481983593.jpg,/content/Image_captioning_Local/Flickr30K/flickr30k_images/flickr30k_images/flickr30k_images/4481983593.jpg,person,0.3493488132953644,393.0172119140625,148.01690673828125,441.1387939453125,197.87257385253906,13
Flickr30K/4481983593.jpg,/content/Image_captioning_Local/Flickr30K/flickr30k_images/flickr30k_images/flickr30k_images/4481983593.jpg,tv,0.2651446461677551,483.08221435546875,203.66883850097656,499.95660400390625,269.3855895996094,13
Flickr30K/4482109273.jpg,/content/Image_captioning_Local/Flickr30K/flickr30k_images/flickr30k_images/flickr30k_images/4482109273.jpg,person,0.868598461151123,246.6921844482422,129.6732177734375,314.36199951171875,257.3901062011719,4
Flickr30K/4482109273.jpg,/content/Image_captioning_Local/Flickr30K/flickr30k_images/flickr30k_images/flickr30k_images/4482109273.jpg,person,0.6008157134056091,191.34791564941406,128.88755798339844,243.81494140625,259.5660705566406,4
Flickr30K/4482109273.jpg,/content/Image_captioning_Local/Flickr30K/flickr30k_images/flickr30k_images/flickr30k_images/4482109273.jpg,cow,0.5542190670967102,148.8647003173828,186.26458740234375,171.20394897460938,216.15478515625,4
Flickr30K/4482109273.jpg,/content/Image_captioning_Local/Flickr30K/flickr30k_images/flickr30k_images/flickr30k_images/4482109273.jpg,horse,0.3181413412094116,190.63031005859375,130.8407745361328,244.15328979492188,258.82373046875,4
Flickr30K/448227389.jpg,/content/Image_captioning_Local/Flickr30K/flickr30k_images/flickr30k_images/flickr30k_images/448227389.jpg,car,0.856188178062439,30.15166473388672,235.5050506591797,80.24571990966797,264.8778991699219,14
Flickr30K/448227389.jpg,/content/Image_captioning_Local/Flickr30K/flickr30k_images/flickr30k_images/flickr30k_images/448227389.jpg,person,0.8507357835769653,113.01998901367188,188.36813354492188,201.59014892578125,362.30560302734375,14
Flickr30K/448227389.jpg,/content/Image_captioning_Local/Flickr30K/flickr30k_images/flickr30k_images/flickr30k_images/448227389.jpg,car,0.7680408358573914,79.56977081298828,234.4185791015625,116.3656005859375,263.803466796875,14
Flickr30K/448227389.jpg,/content/Image_captioning_Local/Flickr30K/flickr30k_images/flickr30k_images/flickr30k_images/448227389.jpg,person,0.7000201940536499,321.5356750488281,213.78842163085938,339.47320556640625,265.9948425292969,14
Flickr30K/448227389.jpg,/content/Image_captioning_Local/Flickr30K/flickr30k_images/flickr30k_images/flickr30k_images/448227389.jpg,person,0.6894038319587708,341.6509704589844,210.70611572265625,363.1070251464844,270.4879455566406,14
Flickr30K/448227389.jpg,/content/Image_captioning_Local/Flickr30K/flickr30k_images/flickr30k_images/flickr30k_images/448227389.jpg,bicycle,0.6822073459625244,0.9963452816009521,255.9948272705078,14.197999000549316,287.59210205078125,14
Flickr30K/448227389.jpg,/content/Image_captioning_Local/Flickr30K/flickr30k_images/flickr30k_images/flickr30k_images/448227389.jpg,bicycle,0.627439558506012,357.281982421875,243.35043334960938,375.0,294.3019714355469,14
Flickr30K/448227389.jpg,/content/Image_captioning_Local/Flickr30K/flickr30k_images/flickr30k_images/flickr30k_images/448227389.jpg,person,0.5207430720329285,0.0,232.46484375,16.368812561035156,282.69842529296875,14
Flickr30K/448227389.jpg,/content/Image_captioning_Local/Flickr30K/flickr30k_images/flickr30k_images/flickr30k_images/448227389.jpg,bicycle,0.45580819249153137,311.76611328125,241.80186462402344,347.05413818359375,272.8027038574219,14
Flickr30K/448227389.jpg,/content/Image_captioning_Local/Flickr30K/flickr30k_images/flickr30k_images/flickr30k_images/448227389.jpg,bicycle,0.4486183822154999,282.9082336425781,237.8246612548828,312.262939453125,282.9493713378906,14
Flickr30K/448227389.jpg,/content/Image_captioning_Local/Flickr30K/flickr30k_images/flickr30k_images/flickr30k_images/448227389.jpg,person,0.3730970621109009,299.06048583984375,216.52235412597656,312.1325988769531,240.73934936523438,14
Flickr30K/448227389.jpg,/content/Image_captioning_Local/Flickr30K/flickr30k_images/flickr30k_images/flickr30k_images/448227389.jpg,bicycle,0.33418700098991394,344.3643493652344,239.08753967285156,364.20947265625,274.0384521484375,14
Flickr30K/448227389.jpg,/content/Image_captioning_Local/Flickr30K/flickr30k_images/flickr30k_images/flickr30k_images/448227389.jpg,bicycle,0.3161354064941406,264.27117919921875,246.80397033691406,285.8089294433594,283.8966064453125,14
Flickr30K/448227389.jpg,/content/Image_captioning_Local/Flickr30K/flickr30k_images/flickr30k_images/flickr30k_images/448227389.jpg,car,0.2756715416908264,0.0,235.4137725830078,18.49462890625,273.1124267578125,14
Flickr30K/448252603.jpg,/content/Image_captioning_Local/Flickr30K/flickr30k_images/flickr30k_images/flickr30k_images/448252603.jpg,person,0.8786427974700928,206.2735595703125,165.7504119873047,344.7975769042969,302.44464111328125,2
Flickr30K/448252603.jpg,/content/Image_captioning_Local/Flickr30K/flickr30k_images/flickr30k_images/flickr30k_images/448252603.jpg,backpack,0.6071804165840149,320.3204650878906,212.29800415039062,354.4465026855469,267.9030456542969,2
Flickr30K/448257345.jpg,/content/Image_captioning_Local/Flickr30K/flickr30k_images/flickr30k_images/flickr30k_images/448257345.jpg,fork,0.8872656226158142,1.4483749866485596,346.2763977050781,140.087646484375,480.30889892578125,3
Flickr30K/448257345.jpg,/content/Image_captioning_Local/Flickr30K/flickr30k_images/flickr30k_images/flickr30k_images/448257345.jpg,chair,0.6563801169395447,0.04805922508239746,48.943603515625,66.73689270019531,149.08367919921875,3
Flickr30K/448257345.jpg,/content/Image_captioning_Local/Flickr30K/flickr30k_images/flickr30k_images/flickr30k_images/448257345.jpg,dog,0.5919280052185059,146.32894897460938,30.550134658813477,375.0,353.78070068359375,3
Flickr30K/4482614684.jpg,/content/Image_captioning_Local/Flickr30K/flickr30k_images/flickr30k_images/flickr30k_images/4482614684.jpg,person,0.7698937654495239,71.69158172607422,157.51193237304688,157.04014587402344,376.2059631347656,4
Flickr30K/4482614684.jpg,/content/Image_captioning_Local/Flickr30K/flickr30k_images/flickr30k_images/flickr30k_images/4482614684.jpg,motorcycle,0.7576548457145691,33.57553482055664,223.13134765625,220.8048858642578,405.1301574707031,4
Flickr30K/4482614684.jpg,/content/Image_captioning_Local/Flickr30K/flickr30k_images/flickr30k_images/flickr30k_images/4482614684.jpg,person,0.4101856052875519,141.70468139648438,189.1282501220703,182.5083465576172,234.9141387939453,4
Flickr30K/4482614684.jpg,/content/Image_captioning_Local/Flickr30K/flickr30k_images/flickr30k_images/flickr30k_images/4482614684.jpg,traffic light,0.3392121493816376,261.0018615722656,86.83992767333984,276.93609619140625,130.20899963378906,4
Flickr30K/4482773167.jpg,/content/Image_captioning_Local/Flickr30K/flickr30k_images/flickr30k_images/flickr30k_images/4482773167.jpg,person,0.8317142724990845,268.973388671875,7.289743423461914,499.72601318359375,363.769775390625,3
Flickr30K/4482773167.jpg,/content/Image_captioning_Local/Flickr30K/flickr30k_images/flickr30k_images/flickr30k_images/4482773167.jpg,person,0.6580716967582703,213.95855712890625,88.1555404663086,344.5058898925781,352.78802490234375,3
Flickr30K/4482773167.jpg,/content/Image_captioning_Local/Flickr30K/flickr30k_images/flickr30k_images/flickr30k_images/4482773167.jpg,laptop,0.33675700426101685,1.5527129173278809,17.924880981445312,230.26327514648438,370.8423156738281,3
Flickr30K/4482794481.jpg,/content/Image_captioning_Local/Flickr30K/flickr30k_images/flickr30k_images/flickr30k_images/4482794481.jpg,person,0.8820891976356506,1.2965261936187744,333.2988586425781,42.0399169921875,455.5612487792969,2
Flickr30K/4482794481.jpg,/content/Image_captioning_Local/Flickr30K/flickr30k_images/flickr30k_images/flickr30k_images/4482794481.jpg,bus,0.6211535334587097,49.39546585083008,152.59042358398438,375.0,472.6723327636719,2
Flickr30K/4482796342.jpg,/content/Image_captioning_Local/Flickr30K/flickr30k_images/flickr30k_images/flickr30k_images/4482796342.jpg,person,0.9168820381164551,153.81813049316406,121.60551452636719,261.4973449707031,496.0934753417969,5
Flickr30K/4482796342.jpg,/content/Image_captioning_Local/Flickr30K/flickr30k_images/flickr30k_images/flickr30k_images/4482796342.jpg,car,0.426553875207901,22.6018123626709,157.67247009277344,36.835567474365234,162.9886474609375,5
Flickr30K/4482796342.jpg,/content/Image_captioning_Local/Flickr30K/flickr30k_images/flickr30k_images/flickr30k_images/4482796342.jpg,handbag,0.3970746695995331,191.87689208984375,352.75408935546875,254.90545654296875,417.7508239746094,5
Flickr30K/4482796342.jpg,/content/Image_captioning_Local/Flickr30K/flickr30k_images/flickr30k_images/flickr30k_images/4482796342.jpg,car,0.37328025698661804,56.692378997802734,157.4851837158203,69.91073608398438,168.3440399169922,5
Flickr30K/4482796342.jpg,/content/Image_captioning_Local/Flickr30K/flickr30k_images/flickr30k_images/flickr30k_images/4482796342.jpg,car,0.30267035961151123,0.0,158.58871459960938,11.18060302734375,166.81272888183594,5
Flickr30K/4482890905.jpg,/content/Image_captioning_Local/Flickr30K/flickr30k_images/flickr30k_images/flickr30k_images/4482890905.jpg,person,0.9305680394172668,200.89468383789062,69.72388458251953,413.06109619140625,326.20928955078125,9
Flickr30K/4482890905.jpg,/content/Image_captioning_Local/Flickr30K/flickr30k_images/flickr30k_images/flickr30k_images/4482890905.jpg,person,0.8706555962562561,25.710285186767578,133.623046875,97.86237335205078,325.75677490234375,9
Flickr30K/4482890905.jpg,/content/Image_captioning_Local/Flickr30K/flickr30k_images/flickr30k_images/flickr30k_images/4482890905.jpg,person,0.8700147271156311,86.23698425292969,141.57493591308594,149.72499084472656,325.06512451171875,9
Flickr30K/4482890905.jpg,/content/Image_captioning_Local/Flickr30K/flickr30k_images/flickr30k_images/flickr30k_images/4482890905.jpg,person,0.8281980752944946,420.9174499511719,123.98385620117188,480.0835266113281,275.842529296875,9
Flickr30K/4482890905.jpg,/content/Image_captioning_Local/Flickr30K/flickr30k_images/flickr30k_images/flickr30k_images/4482890905.jpg,person,0.7746100425720215,0.0,124.3225326538086,42.525367736816406,325.8917541503906,9
Flickr30K/4482890905.jpg,/content/Image_captioning_Local/Flickr30K/flickr30k_images/flickr30k_images/flickr30k_images/4482890905.jpg,person,0.7118645906448364,153.28240966796875,123.77217102050781,204.5927276611328,314.2080993652344,9
Flickr30K/4482890905.jpg,/content/Image_captioning_Local/Flickr30K/flickr30k_images/flickr30k_images/flickr30k_images/4482890905.jpg,person,0.36623266339302063,195.9973602294922,140.2117919921875,288.0199279785156,322.6272888183594,9
Flickr30K/4482890905.jpg,/content/Image_captioning_Local/Flickr30K/flickr30k_images/flickr30k_images/flickr30k_images/4482890905.jpg,person,0.25191158056259155,146.2409210205078,164.8101348876953,161.30406188964844,248.2924041748047,9
Flickr30K/4482890905.jpg,/content/Image_captioning_Local/Flickr30K/flickr30k_images/flickr30k_images/flickr30k_images/4482890905.jpg,chair,0.2518880367279053,95.3863525390625,282.5383605957031,150.3600311279297,329.5790100097656,9
Flickr30K/4482946929.jpg,/content/Image_captioning_Local/Flickr30K/flickr30k_images/flickr30k_images/flickr30k_images/4482946929.jpg,person,0.9088528752326965,27.44357681274414,229.77015686035156,138.6597900390625,330.89190673828125,13
Flickr30K/4482946929.jpg,/content/Image_captioning_Local/Flickr30K/flickr30k_images/flickr30k_images/flickr30k_images/4482946929.jpg,person,0.8180521130561829,138.34519958496094,221.53607177734375,200.85105895996094,331.66815185546875,13
Flickr30K/4482946929.jpg,/content/Image_captioning_Local/Flickr30K/flickr30k_images/flickr30k_images/flickr30k_images/4482946929.jpg,person,0.7393392324447632,423.00286865234375,258.2945251464844,499.2818298339844,330.7271728515625,13
Flickr30K/4482946929.jpg,/content/Image_captioning_Local/Flickr30K/flickr30k_images/flickr30k_images/flickr30k_images/4482946929.jpg,potted plant,0.7226228713989258,1.5718460083007812,204.68292236328125,73.28338623046875,290.7176513671875,13
Flickr30K/4482946929.jpg,/content/Image_captioning_Local/Flickr30K/flickr30k_images/flickr30k_images/flickr30k_images/4482946929.jpg,person,0.7151437401771545,178.12216186523438,193.38121032714844,315.8526306152344,328.68560791015625,13
Flickr30K/4482946929.jpg,/content/Image_captioning_Local/Flickr30K/flickr30k_images/flickr30k_images/flickr30k_images/4482946929.jpg,person,0.6439449191093445,293.75177001953125,255.52435302734375,357.1340637207031,330.2976989746094,13
Flickr30K/4482946929.jpg,/content/Image_captioning_Local/Flickr30K/flickr30k_images/flickr30k_images/flickr30k_images/4482946929.jpg,person,0.5669274926185608,286.9693298339844,187.1492156982422,476.50848388671875,330.9230651855469,13
Flickr30K/4482946929.jpg,/content/Image_captioning_Local/Flickr30K/flickr30k_images/flickr30k_images/flickr30k_images/4482946929.jpg,person,0.49519115686416626,97.74422454833984,222.3531494140625,141.9691162109375,301.44384765625,13
Flickr30K/4482946929.jpg,/content/Image_captioning_Local/Flickr30K/flickr30k_images/flickr30k_images/flickr30k_images/4482946929.jpg,person,0.37958016991615295,481.0033264160156,203.20399475097656,499.99176025390625,271.778076171875,13
Flickr30K/4482946929.jpg,/content/Image_captioning_Local/Flickr30K/flickr30k_images/flickr30k_images/flickr30k_images/4482946929.jpg,traffic light,0.3186727464199066,0.0910494476556778,170.86697387695312,6.652596473693848,196.1780548095703,13
Flickr30K/4482946929.jpg,/content/Image_captioning_Local/Flickr30K/flickr30k_images/flickr30k_images/flickr30k_images/4482946929.jpg,person,0.31053847074508667,98.0970230102539,224.0264129638672,125.7236328125,241.32177734375,13
Flickr30K/4482946929.jpg,/content/Image_captioning_Local/Flickr30K/flickr30k_images/flickr30k_images/flickr30k_images/4482946929.jpg,person,0.308627188205719,126.42400360107422,227.73297119140625,156.58111572265625,299.95831298828125,13
Flickr30K/4482946929.jpg,/content/Image_captioning_Local/Flickr30K/flickr30k_images/flickr30k_images/flickr30k_images/4482946929.jpg,person,0.2873724400997162,133.49514770507812,228.54583740234375,159.1051483154297,267.8287353515625,13
Flickr30K/4483161364.jpg,/content/Image_captioning_Local/Flickr30K/flickr30k_images/flickr30k_images/flickr30k_images/4483161364.jpg,person,0.8614661693572998,1.3459324836730957,0.0,209.40675354003906,327.7397155761719,4
Flickr30K/4483161364.jpg,/content/Image_captioning_Local/Flickr30K/flickr30k_images/flickr30k_images/flickr30k_images/4483161364.jpg,person,0.7933963537216187,185.5962677001953,15.742331504821777,338.5373229980469,321.6264343261719,4
Flickr30K/4483161364.jpg,/content/Image_captioning_Local/Flickr30K/flickr30k_images/flickr30k_images/flickr30k_images/4483161364.jpg,person,0.792891800403595,276.2281799316406,0.8984744548797607,500.0,329.35400390625,4
Flickr30K/4483161364.jpg,/content/Image_captioning_Local/Flickr30K/flickr30k_images/flickr30k_images/flickr30k_images/4483161364.jpg,person,0.6211469769477844,313.17529296875,115.07208251953125,344.03570556640625,223.53744506835938,4
Flickr30K/4483334217.jpg,/content/Image_captioning_Local/Flickr30K/flickr30k_images/flickr30k_images/flickr30k_images/4483334217.jpg,person,0.8106444478034973,165.7093048095703,33.272300720214844,279.0423278808594,163.9732666015625,2
Flickr30K/4483334217.jpg,/content/Image_captioning_Local/Flickr30K/flickr30k_images/flickr30k_images/flickr30k_images/4483334217.jpg,bicycle,0.7099725008010864,190.2371063232422,83.94894409179688,339.31207275390625,213.2108154296875,2
Flickr30K/4483343442.jpg,/content/Image_captioning_Local/Flickr30K/flickr30k_images/flickr30k_images/flickr30k_images/4483343442.jpg,person,0.9124318957328796,40.60762405395508,70.27430725097656,146.69192504882812,471.1922302246094,14
Flickr30K/4483343442.jpg,/content/Image_captioning_Local/Flickr30K/flickr30k_images/flickr30k_images/flickr30k_images/4483343442.jpg,person,0.8933219313621521,141.947509765625,69.74205780029297,271.4616394042969,471.75439453125,14
Flickr30K/4483343442.jpg,/content/Image_captioning_Local/Flickr30K/flickr30k_images/flickr30k_images/flickr30k_images/4483343442.jpg,car,0.8537910580635071,153.09422302246094,39.129859924316406,194.9564208984375,67.92332458496094,14
Flickr30K/4483343442.jpg,/content/Image_captioning_Local/Flickr30K/flickr30k_images/flickr30k_images/flickr30k_images/4483343442.jpg,car,0.8450613021850586,111.94390869140625,65.81609344482422,331.6399230957031,214.66751098632812,14
Flickr30K/4483343442.jpg,/content/Image_captioning_Local/Flickr30K/flickr30k_images/flickr30k_images/flickr30k_images/4483343442.jpg,person,0.7486460208892822,58.50182342529297,37.51175308227539,75.90435028076172,74.16496276855469,14
Flickr30K/4483343442.jpg,/content/Image_captioning_Local/Flickr30K/flickr30k_images/flickr30k_images/flickr30k_images/4483343442.jpg,car,0.7023817300796509,90.82439422607422,33.33179473876953,117.2159652709961,70.1976547241211,14
Flickr30K/4483343442.jpg,/content/Image_captioning_Local/Flickr30K/flickr30k_images/flickr30k_images/flickr30k_images/4483343442.jpg,car,0.6874387860298157,113.04635620117188,30.973386764526367,154.35044860839844,78.89749908447266,14
Flickr30K/4483343442.jpg,/content/Image_captioning_Local/Flickr30K/flickr30k_images/flickr30k_images/flickr30k_images/4483343442.jpg,car,0.6688915491104126,245.15003967285156,31.859176635742188,292.0221862792969,67.11638641357422,14
Flickr30K/4483343442.jpg,/content/Image_captioning_Local/Flickr30K/flickr30k_images/flickr30k_images/flickr30k_images/4483343442.jpg,person,0.5711511373519897,206.3069305419922,33.24740982055664,216.39794921875,60.54032516479492,14
Flickr30K/4483343442.jpg,/content/Image_captioning_Local/Flickr30K/flickr30k_images/flickr30k_images/flickr30k_images/4483343442.jpg,car,0.551712155342102,33.044795989990234,33.483314514160156,44.660980224609375,52.68449783325195,14
Flickr30K/4483343442.jpg,/content/Image_captioning_Local/Flickr30K/flickr30k_images/flickr30k_images/flickr30k_images/4483343442.jpg,car,0.5185005068778992,67.25119018554688,37.24372100830078,90.72023010253906,59.85004806518555,14
Flickr30K/4483343442.jpg,/content/Image_captioning_Local/Flickr30K/flickr30k_images/flickr30k_images/flickr30k_images/4483343442.jpg,car,0.41406235098838806,214.84967041015625,36.8333740234375,243.5677490234375,50.11811065673828,14
Flickr30K/4483343442.jpg,/content/Image_captioning_Local/Flickr30K/flickr30k_images/flickr30k_images/flickr30k_images/4483343442.jpg,handbag,0.3591022789478302,144.6250457763672,245.0327911376953,165.87863159179688,304.5732116699219,14
Flickr30K/4483343442.jpg,/content/Image_captioning_Local/Flickr30K/flickr30k_images/flickr30k_images/flickr30k_images/4483343442.jpg,person,0.3428346514701843,303.48992919921875,39.01304626464844,314.08319091796875,61.02267074584961,14
Flickr30K/4483432356.jpg,/content/Image_captioning_Local/Flickr30K/flickr30k_images/flickr30k_images/flickr30k_images/4483432356.jpg,person,0.8040542602539062,334.5364074707031,52.42835235595703,449.4615173339844,288.90191650390625,4
Flickr30K/4483432356.jpg,/content/Image_captioning_Local/Flickr30K/flickr30k_images/flickr30k_images/flickr30k_images/4483432356.jpg,kite,0.6242265701293945,414.011962890625,32.263267517089844,452.654541015625,61.85520935058594,4
Flickr30K/4483432356.jpg,/content/Image_captioning_Local/Flickr30K/flickr30k_images/flickr30k_images/flickr30k_images/4483432356.jpg,person,0.5758153200149536,138.914306640625,105.13435363769531,430.2442626953125,369.63311767578125,4
Flickr30K/4483432356.jpg,/content/Image_captioning_Local/Flickr30K/flickr30k_images/flickr30k_images/flickr30k_images/4483432356.jpg,car,0.549469530582428,0.0,1.0931015014648438,34.67239761352539,42.83525848388672,4
Flickr30K/4483555682.jpg,/content/Image_captioning_Local/Flickr30K/flickr30k_images/flickr30k_images/flickr30k_images/4483555682.jpg,person,0.8923503160476685,142.17172241210938,88.04133605957031,345.8932800292969,328.86688232421875,13
Flickr30K/4483555682.jpg,/content/Image_captioning_Local/Flickr30K/flickr30k_images/flickr30k_images/flickr30k_images/4483555682.jpg,person,0.8050721287727356,69.16200256347656,262.2879943847656,142.9171142578125,330.58331298828125,13
Flickr30K/4483555682.jpg,/content/Image_captioning_Local/Flickr30K/flickr30k_images/flickr30k_images/flickr30k_images/4483555682.jpg,person,0.7844637632369995,0.0,262.03521728515625,61.53438186645508,330.7041931152344,13
Flickr30K/4483555682.jpg,/content/Image_captioning_Local/Flickr30K/flickr30k_images/flickr30k_images/flickr30k_images/4483555682.jpg,person,0.7481094002723694,406.95599365234375,156.0292510986328,499.1403503417969,329.83544921875,13
Flickr30K/4483555682.jpg,/content/Image_captioning_Local/Flickr30K/flickr30k_images/flickr30k_images/flickr30k_images/4483555682.jpg,person,0.7132253050804138,352.1161193847656,214.8253631591797,440.31396484375,329.4520568847656,13
Flickr30K/4483555682.jpg,/content/Image_captioning_Local/Flickr30K/flickr30k_images/flickr30k_images/flickr30k_images/4483555682.jpg,frisbee,0.6529116630554199,306.4486083984375,186.37416076660156,338.7012939453125,215.8018798828125,13
Flickr30K/4483555682.jpg,/content/Image_captioning_Local/Flickr30K/flickr30k_images/flickr30k_images/flickr30k_images/4483555682.jpg,person,0.6159467101097107,301.4085998535156,245.7824249267578,343.2074890136719,291.0909729003906,13
Flickr30K/4483555682.jpg,/content/Image_captioning_Local/Flickr30K/flickr30k_images/flickr30k_images/flickr30k_images/4483555682.jpg,sports ball,0.5874421000480652,306.8052978515625,185.9221954345703,338.4722900390625,215.3036651611328,13
Flickr30K/4483555682.jpg,/content/Image_captioning_Local/Flickr30K/flickr30k_images/flickr30k_images/flickr30k_images/4483555682.jpg,person,0.5084468722343445,231.5358123779297,282.2594299316406,295.7919006347656,331.2596435546875,13
Flickr30K/4483555682.jpg,/content/Image_captioning_Local/Flickr30K/flickr30k_images/flickr30k_images/flickr30k_images/4483555682.jpg,person,0.47896069288253784,21.44241714477539,251.21849060058594,48.38785934448242,272.6677551269531,13
Flickr30K/4483555682.jpg,/content/Image_captioning_Local/Flickr30K/flickr30k_images/flickr30k_images/flickr30k_images/4483555682.jpg,person,0.44574540853500366,58.670448303222656,252.22732543945312,94.72357940673828,319.5656433105469,13
Flickr30K/4483555682.jpg,/content/Image_captioning_Local/Flickr30K/flickr30k_images/flickr30k_images/flickr30k_images/4483555682.jpg,person,0.3171852231025696,354.6766662597656,264.24566650390625,386.2720031738281,305.7540283203125,13
Flickr30K/4483555682.jpg,/content/Image_captioning_Local/Flickr30K/flickr30k_images/flickr30k_images/flickr30k_images/4483555682.jpg,umbrella,0.28409498929977417,0.4303395748138428,140.3005828857422,193.53659057617188,212.79441833496094,13
Flickr30K/4483576244.jpg,/content/Image_captioning_Local/Flickr30K/flickr30k_images/flickr30k_images/flickr30k_images/4483576244.jpg,person,0.8451815843582153,450.08331298828125,38.828330993652344,499.8999938964844,317.3599548339844,19
Flickr30K/4483576244.jpg,/content/Image_captioning_Local/Flickr30K/flickr30k_images/flickr30k_images/flickr30k_images/4483576244.jpg,person,0.8312250971794128,0.4422098398208618,70.41820526123047,40.556396484375,291.40997314453125,19
Flickr30K/4483576244.jpg,/content/Image_captioning_Local/Flickr30K/flickr30k_images/flickr30k_images/flickr30k_images/4483576244.jpg,person,0.7693201303482056,368.84423828125,29.084522247314453,462.2373046875,317.2746887207031,19
Flickr30K/4483576244.jpg,/content/Image_captioning_Local/Flickr30K/flickr30k_images/flickr30k_images/flickr30k_images/4483576244.jpg,person,0.7333758473396301,94.0284194946289,58.599082946777344,192.8059844970703,326.9282531738281,19
Flickr30K/4483576244.jpg,/content/Image_captioning_Local/Flickr30K/flickr30k_images/flickr30k_images/flickr30k_images/4483576244.jpg,person,0.6844477653503418,431.095703125,29.730409622192383,478.26318359375,96.49810028076172,19
Flickr30K/4483576244.jpg,/content/Image_captioning_Local/Flickr30K/flickr30k_images/flickr30k_images/flickr30k_images/4483576244.jpg,handbag,0.6743807792663574,35.41997528076172,171.21327209472656,80.67605590820312,222.75540161132812,19
Flickr30K/4483576244.jpg,/content/Image_captioning_Local/Flickr30K/flickr30k_images/flickr30k_images/flickr30k_images/4483576244.jpg,person,0.6217207312583923,268.927490234375,66.74451446533203,403.4725341796875,324.09918212890625,19
Flickr30K/4483576244.jpg,/content/Image_captioning_Local/Flickr30K/flickr30k_images/flickr30k_images/flickr30k_images/4483576244.jpg,person,0.5991294384002686,337.3037414550781,31.48414421081543,376.1600036621094,77.64298248291016,19
Flickr30K/4483576244.jpg,/content/Image_captioning_Local/Flickr30K/flickr30k_images/flickr30k_images/flickr30k_images/4483576244.jpg,person,0.5431203842163086,54.045711517333984,59.59412384033203,100.85303497314453,222.4000244140625,19
Flickr30K/4483576244.jpg,/content/Image_captioning_Local/Flickr30K/flickr30k_images/flickr30k_images/flickr30k_images/4483576244.jpg,person,0.5154304504394531,133.93235778808594,38.696842193603516,188.1764373779297,95.22615051269531,19
Flickr30K/4483576244.jpg,/content/Image_captioning_Local/Flickr30K/flickr30k_images/flickr30k_images/flickr30k_images/4483576244.jpg,handbag,0.5129799842834473,176.63143920898438,91.96544647216797,306.63861083984375,222.24929809570312,19
Flickr30K/4483576244.jpg,/content/Image_captioning_Local/Flickr30K/flickr30k_images/flickr30k_images/flickr30k_images/4483576244.jpg,person,0.45528078079223633,120.69015502929688,34.2811164855957,301.55908203125,328.08935546875,19
Flickr30K/4483576244.jpg,/content/Image_captioning_Local/Flickr30K/flickr30k_images/flickr30k_images/flickr30k_images/4483576244.jpg,handbag,0.45436912775039673,370.2306213378906,178.88426208496094,429.47210693359375,262.7824401855469,19
Flickr30K/4483576244.jpg,/content/Image_captioning_Local/Flickr30K/flickr30k_images/flickr30k_images/flickr30k_images/4483576244.jpg,handbag,0.42371881008148193,137.7055206298828,229.39479064941406,194.13702392578125,330.9698486328125,19
Flickr30K/4483576244.jpg,/content/Image_captioning_Local/Flickr30K/flickr30k_images/flickr30k_images/flickr30k_images/4483576244.jpg,person,0.41390666365623474,165.5099639892578,40.45476150512695,194.86834716796875,90.98209381103516,19
Flickr30K/4483576244.jpg,/content/Image_captioning_Local/Flickr30K/flickr30k_images/flickr30k_images/flickr30k_images/4483576244.jpg,person,0.4137861430644989,25.874042510986328,54.39419174194336,83.38252258300781,281.439697265625,19
Flickr30K/4483576244.jpg,/content/Image_captioning_Local/Flickr30K/flickr30k_images/flickr30k_images/flickr30k_images/4483576244.jpg,frisbee,0.40354061126708984,188.9364471435547,204.283447265625,288.42279052734375,260.92108154296875,19
Flickr30K/4483576244.jpg,/content/Image_captioning_Local/Flickr30K/flickr30k_images/flickr30k_images/flickr30k_images/4483576244.jpg,person,0.2884032428264618,75.488525390625,65.96176147460938,102.39647674560547,108.64429473876953,19
Flickr30K/4483576244.jpg,/content/Image_captioning_Local/Flickr30K/flickr30k_images/flickr30k_images/flickr30k_images/4483576244.jpg,person,0.2561841905117035,133.58587646484375,39.075035095214844,168.97694396972656,71.50141906738281,19
Flickr30K/4483752409.jpg,/content/Image_captioning_Local/Flickr30K/flickr30k_images/flickr30k_images/flickr30k_images/4483752409.jpg,person,0.9053791165351868,70.29158782958984,127.26248168945312,134.01791381835938,338.91888427734375,6
Flickr30K/4483752409.jpg,/content/Image_captioning_Local/Flickr30K/flickr30k_images/flickr30k_images/flickr30k_images/4483752409.jpg,person,0.9005168080329895,209.17050170898438,122.60475158691406,271.18603515625,336.7000732421875,6
Flickr30K/4483752409.jpg,/content/Image_captioning_Local/Flickr30K/flickr30k_images/flickr30k_images/flickr30k_images/4483752409.jpg,person,0.8593674898147583,327.3743591308594,124.98587036132812,445.0003662109375,339.2702941894531,6
Flickr30K/4483752409.jpg,/content/Image_captioning_Local/Flickr30K/flickr30k_images/flickr30k_images/flickr30k_images/4483752409.jpg,backpack,0.5630006790161133,354.4560546875,177.81480407714844,404.6357116699219,245.5059051513672,6
Flickr30K/4483752409.jpg,/content/Image_captioning_Local/Flickr30K/flickr30k_images/flickr30k_images/flickr30k_images/4483752409.jpg,handbag,0.39360636472702026,107.41606140136719,192.00755310058594,133.76718139648438,227.00338745117188,6
Flickr30K/4483752409.jpg,/content/Image_captioning_Local/Flickr30K/flickr30k_images/flickr30k_images/flickr30k_images/4483752409.jpg,backpack,0.25646814703941345,332.5372314453125,137.12869262695312,432.94854736328125,313.21588134765625,6
Flickr30K/4483766693.jpg,/content/Image_captioning_Local/Flickr30K/flickr30k_images/flickr30k_images/flickr30k_images/4483766693.jpg,person,0.8949238657951355,118.61978912353516,59.89424133300781,217.1578369140625,351.5270690917969,2
Flickr30K/4483766693.jpg,/content/Image_captioning_Local/Flickr30K/flickr30k_images/flickr30k_images/flickr30k_images/4483766693.jpg,car,0.2818775773048401,129.0605926513672,217.8549041748047,151.7218780517578,273.50689697265625,2
Flickr30K/4483767237.jpg,/content/Image_captioning_Local/Flickr30K/flickr30k_images/flickr30k_images/flickr30k_images/4483767237.jpg,person,0.7832149863243103,6.513714790344238,28.375112533569336,237.17333984375,366.7449951171875,2
Flickr30K/4483767237.jpg,/content/Image_captioning_Local/Flickr30K/flickr30k_images/flickr30k_images/flickr30k_images/4483767237.jpg,car,0.28746461868286133,345.34698486328125,83.55354309082031,498.12188720703125,312.2187194824219,2
Flickr30K/4483932274.jpg,/content/Image_captioning_Local/Flickr30K/flickr30k_images/flickr30k_images/flickr30k_images/4483932274.jpg,person,0.9245883822441101,133.25253295898438,306.17767333984375,182.23818969726562,481.2425231933594,2
Flickr30K/4483932274.jpg,/content/Image_captioning_Local/Flickr30K/flickr30k_images/flickr30k_images/flickr30k_images/4483932274.jpg,person,0.7411854267120361,377.2680358886719,261.6051330566406,393.6650390625,295.8457336425781,2
Flickr30K/4483989917.jpg,/content/Image_captioning_Local/Flickr30K/flickr30k_images/flickr30k_images/flickr30k_images/4483989917.jpg,person,0.9232243299484253,274.4424133300781,75.62014770507812,450.14349365234375,371.95263671875,6
Flickr30K/4483989917.jpg,/content/Image_captioning_Local/Flickr30K/flickr30k_images/flickr30k_images/flickr30k_images/4483989917.jpg,person,0.7554916739463806,454.6435241699219,131.5414276123047,499.8344421386719,367.09307861328125,6
Flickr30K/4483989917.jpg,/content/Image_captioning_Local/Flickr30K/flickr30k_images/flickr30k_images/flickr30k_images/4483989917.jpg,cell phone,0.6208969354629517,381.62237548828125,137.81048583984375,399.0678405761719,160.21087646484375,6
Flickr30K/4483989917.jpg,/content/Image_captioning_Local/Flickr30K/flickr30k_images/flickr30k_images/flickr30k_images/4483989917.jpg,handbag,0.4568594694137573,252.3875732421875,280.819091796875,316.1676940917969,374.2392883300781,6
Flickr30K/4483989917.jpg,/content/Image_captioning_Local/Flickr30K/flickr30k_images/flickr30k_images/flickr30k_images/4483989917.jpg,cell phone,0.2930451035499573,331.7468566894531,183.5553436279297,350.95635986328125,206.33786010742188,6
Flickr30K/4483989917.jpg,/content/Image_captioning_Local/Flickr30K/flickr30k_images/flickr30k_images/flickr30k_images/4483989917.jpg,person,0.26598498225212097,440.4381408691406,129.85145568847656,480.1485595703125,359.3173828125,6
Flickr30K/4483996189.jpg,/content/Image_captioning_Local/Flickr30K/flickr30k_images/flickr30k_images/flickr30k_images/4483996189.jpg,person,0.8646140694618225,23.10137176513672,318.8506164550781,94.7945327758789,442.30645751953125,6
Flickr30K/4483996189.jpg,/content/Image_captioning_Local/Flickr30K/flickr30k_images/flickr30k_images/flickr30k_images/4483996189.jpg,person,0.8409430384635925,207.8828125,139.23388671875,249.45814514160156,224.6873321533203,6
Flickr30K/4483996189.jpg,/content/Image_captioning_Local/Flickr30K/flickr30k_images/flickr30k_images/flickr30k_images/4483996189.jpg,person,0.8387032151222229,260.6253967285156,316.2915344238281,318.8817443847656,447.92974853515625,6
Flickr30K/4483996189.jpg,/content/Image_captioning_Local/Flickr30K/flickr30k_images/flickr30k_images/flickr30k_images/4483996189.jpg,person,0.8329610228538513,188.0543212890625,312.35748291015625,271.36529541015625,445.0970764160156,6
Flickr30K/4483996189.jpg,/content/Image_captioning_Local/Flickr30K/flickr30k_images/flickr30k_images/flickr30k_images/4483996189.jpg,person,0.8319553136825562,97.38674926757812,318.6874694824219,172.86801147460938,446.1920166015625,6
Flickr30K/4483996189.jpg,/content/Image_captioning_Local/Flickr30K/flickr30k_images/flickr30k_images/flickr30k_images/4483996189.jpg,person,0.336223304271698,150.41021728515625,311.6512145996094,179.41517639160156,379.5268859863281,6
Flickr30K/4484143736.jpg,/content/Image_captioning_Local/Flickr30K/flickr30k_images/flickr30k_images/flickr30k_images/4484143736.jpg,person,0.8442790508270264,240.12069702148438,30.271684646606445,500.0,340.5125732421875,5
Flickr30K/4484143736.jpg,/content/Image_captioning_Local/Flickr30K/flickr30k_images/flickr30k_images/flickr30k_images/4484143736.jpg,chair,0.4115104675292969,267.44085693359375,227.29978942871094,445.9320983886719,344.28118896484375,5
Flickr30K/4484143736.jpg,/content/Image_captioning_Local/Flickr30K/flickr30k_images/flickr30k_images/flickr30k_images/4484143736.jpg,clock,0.33528923988342285,68.7225112915039,0.0,139.22293090820312,73.4592056274414,5
Flickr30K/4484143736.jpg,/content/Image_captioning_Local/Flickr30K/flickr30k_images/flickr30k_images/flickr30k_images/4484143736.jpg,chair,0.33204105496406555,6.167152404785156,316.83502197265625,103.24467468261719,444.74810791015625,5
Flickr30K/4484143736.jpg,/content/Image_captioning_Local/Flickr30K/flickr30k_images/flickr30k_images/flickr30k_images/4484143736.jpg,cup,0.2816411256790161,161.6038818359375,159.3095703125,177.50680541992188,172.61280822753906,5
Flickr30K/4484161964.jpg,/content/Image_captioning_Local/Flickr30K/flickr30k_images/flickr30k_images/flickr30k_images/4484161964.jpg,person,0.8762776851654053,86.39662170410156,70.89454650878906,174.5880584716797,229.4307403564453,19
Flickr30K/4484161964.jpg,/content/Image_captioning_Local/Flickr30K/flickr30k_images/flickr30k_images/flickr30k_images/4484161964.jpg,person,0.8225122094154358,0.5603700876235962,182.1479034423828,89.81796264648438,331.7865295410156,19
Flickr30K/4484161964.jpg,/content/Image_captioning_Local/Flickr30K/flickr30k_images/flickr30k_images/flickr30k_images/4484161964.jpg,person,0.8060320019721985,180.33172607421875,96.93079376220703,243.28634643554688,211.37442016601562,19
Flickr30K/4484161964.jpg,/content/Image_captioning_Local/Flickr30K/flickr30k_images/flickr30k_images/flickr30k_images/4484161964.jpg,bottle,0.8030834794044495,111.54965209960938,208.20751953125,132.02708435058594,268.1868896484375,19
Flickr30K/4484161964.jpg,/content/Image_captioning_Local/Flickr30K/flickr30k_images/flickr30k_images/flickr30k_images/4484161964.jpg,bowl,0.7841489315032959,72.2784194946289,273.4473571777344,127.4958724975586,303.17169189453125,19
Flickr30K/4484161964.jpg,/content/Image_captioning_Local/Flickr30K/flickr30k_images/flickr30k_images/flickr30k_images/4484161964.jpg,bottle,0.7641559839248657,93.00414276123047,189.5308074951172,112.65982055664062,239.0147247314453,19
Flickr30K/4484161964.jpg,/content/Image_captioning_Local/Flickr30K/flickr30k_images/flickr30k_images/flickr30k_images/4484161964.jpg,cup,0.7402611970901489,129.58302307128906,303.8398132324219,150.76345825195312,333.6043701171875,19
Flickr30K/4484161964.jpg,/content/Image_captioning_Local/Flickr30K/flickr30k_images/flickr30k_images/flickr30k_images/4484161964.jpg,person,0.6837325096130371,240.9718475341797,93.68335723876953,294.43572998046875,173.27401733398438,19
Flickr30K/4484161964.jpg,/content/Image_captioning_Local/Flickr30K/flickr30k_images/flickr30k_images/flickr30k_images/4484161964.jpg,person,0.6651751399040222,272.263427734375,148.09689331054688,355.3695068359375,269.425048828125,19
Flickr30K/4484161964.jpg,/content/Image_captioning_Local/Flickr30K/flickr30k_images/flickr30k_images/flickr30k_images/4484161964.jpg,person,0.6592861413955688,207.73252868652344,153.61158752441406,286.17437744140625,235.19737243652344,19
Flickr30K/4484161964.jpg,/content/Image_captioning_Local/Flickr30K/flickr30k_images/flickr30k_images/flickr30k_images/4484161964.jpg,person,0.637781023979187,245.09298706054688,202.09791564941406,371.10955810546875,331.11676025390625,19
Flickr30K/4484161964.jpg,/content/Image_captioning_Local/Flickr30K/flickr30k_images/flickr30k_images/flickr30k_images/4484161964.jpg,cup,0.49904486536979675,83.7593765258789,225.72984313964844,95.29924011230469,241.95761108398438,19
Flickr30K/4484161964.jpg,/content/Image_captioning_Local/Flickr30K/flickr30k_images/flickr30k_images/flickr30k_images/4484161964.jpg,bottle,0.4662944972515106,137.2095489501953,234.8133087158203,166.99368286132812,292.40045166015625,19
Flickr30K/4484161964.jpg,/content/Image_captioning_Local/Flickr30K/flickr30k_images/flickr30k_images/flickr30k_images/4484161964.jpg,bottle,0.44105684757232666,134.12338256835938,205.70289611816406,154.63572692871094,251.23402404785156,19
Flickr30K/4484161964.jpg,/content/Image_captioning_Local/Flickr30K/flickr30k_images/flickr30k_images/flickr30k_images/4484161964.jpg,pizza,0.39490047097206116,480.1139831542969,159.82797241210938,499.9158935546875,188.76644897460938,19
Flickr30K/4484161964.jpg,/content/Image_captioning_Local/Flickr30K/flickr30k_images/flickr30k_images/flickr30k_images/4484161964.jpg,cup,0.37464338541030884,137.23764038085938,237.82598876953125,166.95628356933594,293.948974609375,19
Flickr30K/4484161964.jpg,/content/Image_captioning_Local/Flickr30K/flickr30k_images/flickr30k_images/flickr30k_images/4484161964.jpg,cup,0.3223106563091278,188.15011596679688,234.5808563232422,206.7190704345703,263.0292053222656,19
Flickr30K/4484161964.jpg,/content/Image_captioning_Local/Flickr30K/flickr30k_images/flickr30k_images/flickr30k_images/4484161964.jpg,pizza,0.3054419457912445,201.6819305419922,296.6396484375,240.4761962890625,323.63067626953125,19
Flickr30K/4484161964.jpg,/content/Image_captioning_Local/Flickr30K/flickr30k_images/flickr30k_images/flickr30k_images/4484161964.jpg,chair,0.25794076919555664,338.5683898925781,161.4219207763672,435.51531982421875,289.7836608886719,19
Flickr30K/4484418092.jpg,/content/Image_captioning_Local/Flickr30K/flickr30k_images/flickr30k_images/flickr30k_images/4484418092.jpg,person,0.864204466342926,115.96527099609375,42.074012756347656,313.034423828125,369.6683044433594,7
Flickr30K/4484418092.jpg,/content/Image_captioning_Local/Flickr30K/flickr30k_images/flickr30k_images/flickr30k_images/4484418092.jpg,person,0.82021164894104,325.0669860839844,6.822764873504639,468.3084411621094,361.8605041503906,7
Flickr30K/4484418092.jpg,/content/Image_captioning_Local/Flickr30K/flickr30k_images/flickr30k_images/flickr30k_images/4484418092.jpg,person,0.4784039855003357,457.8644714355469,17.378223419189453,500.0,335.9263916015625,7
Flickr30K/4484418092.jpg,/content/Image_captioning_Local/Flickr30K/flickr30k_images/flickr30k_images/flickr30k_images/4484418092.jpg,person,0.3790394961833954,254.37142944335938,41.08708953857422,369.4114990234375,360.4150390625,7
Flickr30K/4484418092.jpg,/content/Image_captioning_Local/Flickr30K/flickr30k_images/flickr30k_images/flickr30k_images/4484418092.jpg,handbag,0.37594252824783325,444.96630859375,190.11573791503906,478.12908935546875,270.3128356933594,7
Flickr30K/4484418092.jpg,/content/Image_captioning_Local/Flickr30K/flickr30k_images/flickr30k_images/flickr30k_images/4484418092.jpg,person,0.29704558849334717,258.7460021972656,48.43675994873047,329.321533203125,209.0382843017578,7
Flickr30K/4484418092.jpg,/content/Image_captioning_Local/Flickr30K/flickr30k_images/flickr30k_images/flickr30k_images/4484418092.jpg,handbag,0.25911661982536316,128.62997436523438,128.82017517089844,181.2669219970703,301.61920166015625,7
Flickr30K/4484418942.jpg,/content/Image_captioning_Local/Flickr30K/flickr30k_images/flickr30k_images/flickr30k_images/4484418942.jpg,person,0.570181667804718,147.23829650878906,35.71132278442383,378.3644714355469,371.9468078613281,6
Flickr30K/4484418942.jpg,/content/Image_captioning_Local/Flickr30K/flickr30k_images/flickr30k_images/flickr30k_images/4484418942.jpg,handbag,0.4441889822483063,204.9205322265625,215.68756103515625,362.3141784667969,357.275146484375,6
Flickr30K/4484418942.jpg,/content/Image_captioning_Local/Flickr30K/flickr30k_images/flickr30k_images/flickr30k_images/4484418942.jpg,cup,0.33759400248527527,140.7003173828125,195.08399963378906,168.44015502929688,239.67904663085938,6
Flickr30K/4484418942.jpg,/content/Image_captioning_Local/Flickr30K/flickr30k_images/flickr30k_images/flickr30k_images/4484418942.jpg,bench,0.31159719824790955,350.69024658203125,186.5762939453125,498.2244567871094,371.2756042480469,6
Flickr30K/4484418942.jpg,/content/Image_captioning_Local/Flickr30K/flickr30k_images/flickr30k_images/flickr30k_images/4484418942.jpg,tennis racket,0.2621798813343048,354.1964416503906,188.42349243164062,499.01544189453125,371.0424499511719,6
Flickr30K/4484418942.jpg,/content/Image_captioning_Local/Flickr30K/flickr30k_images/flickr30k_images/flickr30k_images/4484418942.jpg,bottle,0.2537028193473816,134.15158081054688,197.1212921142578,167.61253356933594,240.059326171875,6
Flickr30K/4484420794.jpg,/content/Image_captioning_Local/Flickr30K/flickr30k_images/flickr30k_images/flickr30k_images/4484420794.jpg,bowl,0.8916702270507812,229.7373046875,243.50369262695312,344.34027099609375,316.4060974121094,7
Flickr30K/4484420794.jpg,/content/Image_captioning_Local/Flickr30K/flickr30k_images/flickr30k_images/flickr30k_images/4484420794.jpg,person,0.7682796716690063,0.0,0.0,248.742919921875,486.825927734375,7
Flickr30K/4484420794.jpg,/content/Image_captioning_Local/Flickr30K/flickr30k_images/flickr30k_images/flickr30k_images/4484420794.jpg,person,0.6140295267105103,251.704833984375,0.4512786865234375,303.8793029785156,193.42762756347656,7
Flickr30K/4484420794.jpg,/content/Image_captioning_Local/Flickr30K/flickr30k_images/flickr30k_images/flickr30k_images/4484420794.jpg,bowl,0.5386357307434082,344.9010009765625,232.1898956298828,375.0,266.3437805175781,7
Flickr30K/4484420794.jpg,/content/Image_captioning_Local/Flickr30K/flickr30k_images/flickr30k_images/flickr30k_images/4484420794.jpg,potted plant,0.47560369968414307,301.2417907714844,0.0,341.32427978515625,49.47221755981445,7
Flickr30K/4484420794.jpg,/content/Image_captioning_Local/Flickr30K/flickr30k_images/flickr30k_images/flickr30k_images/4484420794.jpg,broccoli,0.28970369696617126,310.7646179199219,355.95550537109375,374.5724182128906,499.2608947753906,7
Flickr30K/4484420794.jpg,/content/Image_captioning_Local/Flickr30K/flickr30k_images/flickr30k_images/flickr30k_images/4484420794.jpg,knife,0.25000283122062683,149.43789672851562,387.00494384765625,215.36207580566406,488.0995788574219,7
Flickr30K/4484549063.jpg,/content/Image_captioning_Local/Flickr30K/flickr30k_images/flickr30k_images/flickr30k_images/4484549063.jpg,person,0.6855015754699707,39.09251022338867,132.5150909423828,264.5464782714844,448.17938232421875,2
Flickr30K/4484549063.jpg,/content/Image_captioning_Local/Flickr30K/flickr30k_images/flickr30k_images/flickr30k_images/4484549063.jpg,bench,0.28070345520973206,43.0025634765625,157.3996124267578,266.7503967285156,451.0804748535156,2
Flickr30K/4484601315.jpg,/content/Image_captioning_Local/Flickr30K/flickr30k_images/flickr30k_images/flickr30k_images/4484601315.jpg,person,0.8360234498977661,122.8770980834961,89.736328125,253.38072204589844,370.38330078125,5
Flickr30K/4484601315.jpg,/content/Image_captioning_Local/Flickr30K/flickr30k_images/flickr30k_images/flickr30k_images/4484601315.jpg,person,0.8052647709846497,63.398170471191406,303.0267639160156,94.30635070800781,376.8711242675781,5
Flickr30K/4484601315.jpg,/content/Image_captioning_Local/Flickr30K/flickr30k_images/flickr30k_images/flickr30k_images/4484601315.jpg,person,0.6970574259757996,2.5093302726745605,308.3246154785156,48.1625862121582,377.5636901855469,5
Flickr30K/4484601315.jpg,/content/Image_captioning_Local/Flickr30K/flickr30k_images/flickr30k_images/flickr30k_images/4484601315.jpg,sandwich,0.6875767707824707,260.9594421386719,283.65447998046875,334.5343017578125,337.31378173828125,5
Flickr30K/4484601315.jpg,/content/Image_captioning_Local/Flickr30K/flickr30k_images/flickr30k_images/flickr30k_images/4484601315.jpg,handbag,0.3361816704273224,6.993199825286865,313.36773681640625,43.02618408203125,376.8824462890625,5
Flickr30K/4484605010.jpg,/content/Image_captioning_Local/Flickr30K/flickr30k_images/flickr30k_images/flickr30k_images/4484605010.jpg,car,0.8790645003318787,0.22346079349517822,279.7983093261719,44.970550537109375,342.29620361328125,13
Flickr30K/4484605010.jpg,/content/Image_captioning_Local/Flickr30K/flickr30k_images/flickr30k_images/flickr30k_images/4484605010.jpg,car,0.8481504321098328,417.9894104003906,277.392822265625,499.6212463378906,343.8034973144531,13
Flickr30K/4484605010.jpg,/content/Image_captioning_Local/Flickr30K/flickr30k_images/flickr30k_images/flickr30k_images/4484605010.jpg,car,0.8471179604530334,17.066654205322266,278.1191711425781,78.37980651855469,337.7098083496094,13
Flickr30K/4484605010.jpg,/content/Image_captioning_Local/Flickr30K/flickr30k_images/flickr30k_images/flickr30k_images/4484605010.jpg,car,0.8387277722358704,397.7490234375,291.51019287109375,433.8552551269531,344.349853515625,13
Flickr30K/4484605010.jpg,/content/Image_captioning_Local/Flickr30K/flickr30k_images/flickr30k_images/flickr30k_images/4484605010.jpg,car,0.8209440112113953,186.71766662597656,279.04754638671875,211.03219604492188,294.0173034667969,13
Flickr30K/4484605010.jpg,/content/Image_captioning_Local/Flickr30K/flickr30k_images/flickr30k_images/flickr30k_images/4484605010.jpg,car,0.7948973178863525,50.78322982788086,278.29595947265625,107.0536880493164,321.4746398925781,13
Flickr30K/4484605010.jpg,/content/Image_captioning_Local/Flickr30K/flickr30k_images/flickr30k_images/flickr30k_images/4484605010.jpg,car,0.7650190591812134,252.3672637939453,280.7387390136719,281.57464599609375,301.30072021484375,13
Flickr30K/4484605010.jpg,/content/Image_captioning_Local/Flickr30K/flickr30k_images/flickr30k_images/flickr30k_images/4484605010.jpg,car,0.7287401556968689,87.27510833740234,275.7984619140625,129.06890869140625,311.15570068359375,13
Flickr30K/4484605010.jpg,/content/Image_captioning_Local/Flickr30K/flickr30k_images/flickr30k_images/flickr30k_images/4484605010.jpg,person,0.6873891353607178,225.4128875732422,274.9770202636719,247.25927734375,316.5428161621094,13
Flickr30K/4484605010.jpg,/content/Image_captioning_Local/Flickr30K/flickr30k_images/flickr30k_images/flickr30k_images/4484605010.jpg,stop sign,0.6143457889556885,380.36285400390625,248.1395721435547,394.29901123046875,262.4379577636719,13
Flickr30K/4484605010.jpg,/content/Image_captioning_Local/Flickr30K/flickr30k_images/flickr30k_images/flickr30k_images/4484605010.jpg,bicycle,0.6109523773193359,223.49513244628906,292.68389892578125,246.9105987548828,322.9207458496094,13
Flickr30K/4484605010.jpg,/content/Image_captioning_Local/Flickr30K/flickr30k_images/flickr30k_images/flickr30k_images/4484605010.jpg,motorcycle,0.4125000536441803,223.47166442871094,292.87530517578125,247.32687377929688,323.7037048339844,13
Flickr30K/4484605010.jpg,/content/Image_captioning_Local/Flickr30K/flickr30k_images/flickr30k_images/flickr30k_images/4484605010.jpg,stop sign,0.2510944902896881,89.3714599609375,255.08676147460938,97.38349151611328,266.8678283691406,13
Flickr30K/4484638832.jpg,/content/Image_captioning_Local/Flickr30K/flickr30k_images/flickr30k_images/flickr30k_images/4484638832.jpg,person,0.8852965831756592,294.2996520996094,66.7450180053711,495.6009826660156,272.69842529296875,3
Flickr30K/4484638832.jpg,/content/Image_captioning_Local/Flickr30K/flickr30k_images/flickr30k_images/flickr30k_images/4484638832.jpg,person,0.7061306238174438,81.24099731445312,2.779817581176758,136.78814697265625,113.42298889160156,3
Flickr30K/4484638832.jpg,/content/Image_captioning_Local/Flickr30K/flickr30k_images/flickr30k_images/flickr30k_images/4484638832.jpg,bicycle,0.6044989228248596,146.26817321777344,44.80059051513672,233.39910888671875,109.08567810058594,3
Flickr30K/4484642726.jpg,/content/Image_captioning_Local/Flickr30K/flickr30k_images/flickr30k_images/flickr30k_images/4484642726.jpg,person,0.8347923159599304,252.849365234375,74.42591094970703,365.4709167480469,279.0992431640625,13
Flickr30K/4484642726.jpg,/content/Image_captioning_Local/Flickr30K/flickr30k_images/flickr30k_images/flickr30k_images/4484642726.jpg,car,0.8001236915588379,211.9978485107422,163.1822509765625,282.9956970214844,252.4901885986328,13
Flickr30K/4484642726.jpg,/content/Image_captioning_Local/Flickr30K/flickr30k_images/flickr30k_images/flickr30k_images/4484642726.jpg,car,0.798717737197876,348.29962158203125,131.05580139160156,483.41790771484375,244.89089965820312,13
Flickr30K/4484642726.jpg,/content/Image_captioning_Local/Flickr30K/flickr30k_images/flickr30k_images/flickr30k_images/4484642726.jpg,car,0.7548069953918457,2.5238990783691406,165.05198669433594,186.89630126953125,265.8431091308594,13
Flickr30K/4484642726.jpg,/content/Image_captioning_Local/Flickr30K/flickr30k_images/flickr30k_images/flickr30k_images/4484642726.jpg,car,0.7257975935935974,0.18499493598937988,92.85960388183594,123.69143676757812,161.40280151367188,13
Flickr30K/4484642726.jpg,/content/Image_captioning_Local/Flickr30K/flickr30k_images/flickr30k_images/flickr30k_images/4484642726.jpg,car,0.7091584801673889,166.7168731689453,165.5996551513672,202.77981567382812,215.77322387695312,13
Flickr30K/4484642726.jpg,/content/Image_captioning_Local/Flickr30K/flickr30k_images/flickr30k_images/flickr30k_images/4484642726.jpg,car,0.6910092234611511,442.40673828125,182.18756103515625,499.5434875488281,273.120361328125,13
Flickr30K/4484642726.jpg,/content/Image_captioning_Local/Flickr30K/flickr30k_images/flickr30k_images/flickr30k_images/4484642726.jpg,car,0.595280110836029,340.1815185546875,140.025146484375,428.6969299316406,180.22097778320312,13
Flickr30K/4484642726.jpg,/content/Image_captioning_Local/Flickr30K/flickr30k_images/flickr30k_images/flickr30k_images/4484642726.jpg,car,0.3722958266735077,119.21973419189453,139.86666870117188,160.86390686035156,167.8782196044922,13
Flickr30K/4484642726.jpg,/content/Image_captioning_Local/Flickr30K/flickr30k_images/flickr30k_images/flickr30k_images/4484642726.jpg,cell phone,0.3366874158382416,288.44500732421875,103.46234130859375,301.9491882324219,117.22700500488281,13
Flickr30K/4484642726.jpg,/content/Image_captioning_Local/Flickr30K/flickr30k_images/flickr30k_images/flickr30k_images/4484642726.jpg,car,0.3331703841686249,203.9455108642578,160.1624755859375,232.75672912597656,189.39822387695312,13
Flickr30K/4484642726.jpg,/content/Image_captioning_Local/Flickr30K/flickr30k_images/flickr30k_images/flickr30k_images/4484642726.jpg,car,0.3249881863594055,91.44217681884766,131.930419921875,130.04505920410156,165.50767517089844,13
Flickr30K/4484642726.jpg,/content/Image_captioning_Local/Flickr30K/flickr30k_images/flickr30k_images/flickr30k_images/4484642726.jpg,car,0.3219850957393646,213.17332458496094,153.3240509033203,370.2480163574219,252.94163513183594,13
Flickr30K/4484644842.jpg,/content/Image_captioning_Local/Flickr30K/flickr30k_images/flickr30k_images/flickr30k_images/4484644842.jpg,person,0.8316259384155273,22.580665588378906,1.3895928859710693,193.00762939453125,205.5114288330078,10
Flickr30K/4484644842.jpg,/content/Image_captioning_Local/Flickr30K/flickr30k_images/flickr30k_images/flickr30k_images/4484644842.jpg,person,0.7914806604385376,230.2909393310547,134.22169494628906,264.2500915527344,244.18788146972656,10
Flickr30K/4484644842.jpg,/content/Image_captioning_Local/Flickr30K/flickr30k_images/flickr30k_images/flickr30k_images/4484644842.jpg,person,0.7801316976547241,256.5086669921875,119.53754425048828,316.1944580078125,312.7697448730469,10
Flickr30K/4484644842.jpg,/content/Image_captioning_Local/Flickr30K/flickr30k_images/flickr30k_images/flickr30k_images/4484644842.jpg,person,0.7738514542579651,309.52362060546875,42.792694091796875,460.80560302734375,330.4048156738281,10
Flickr30K/4484644842.jpg,/content/Image_captioning_Local/Flickr30K/flickr30k_images/flickr30k_images/flickr30k_images/4484644842.jpg,person,0.7449261546134949,171.98629760742188,116.39189910888672,230.22097778320312,212.34486389160156,10
Flickr30K/4484644842.jpg,/content/Image_captioning_Local/Flickr30K/flickr30k_images/flickr30k_images/flickr30k_images/4484644842.jpg,person,0.6634655594825745,398.00213623046875,101.72345733642578,419.8001708984375,136.223388671875,10
Flickr30K/4484644842.jpg,/content/Image_captioning_Local/Flickr30K/flickr30k_images/flickr30k_images/flickr30k_images/4484644842.jpg,person,0.6458121538162231,446.9143981933594,27.406471252441406,499.65228271484375,331.2296447753906,10
Flickr30K/4484644842.jpg,/content/Image_captioning_Local/Flickr30K/flickr30k_images/flickr30k_images/flickr30k_images/4484644842.jpg,person,0.5565118193626404,443.4023742675781,134.53158569335938,468.7139587402344,187.83010864257812,10
Flickr30K/4484644842.jpg,/content/Image_captioning_Local/Flickr30K/flickr30k_images/flickr30k_images/flickr30k_images/4484644842.jpg,person,0.4708617329597473,322.41717529296875,117.89579772949219,355.2339172363281,150.7254180908203,10
Flickr30K/4484644842.jpg,/content/Image_captioning_Local/Flickr30K/flickr30k_images/flickr30k_images/flickr30k_images/4484644842.jpg,person,0.320278525352478,300.0821228027344,117.78530883789062,361.1881103515625,315.6107482910156,10
Flickr30K/4484802872.jpg,/content/Image_captioning_Local/Flickr30K/flickr30k_images/flickr30k_images/flickr30k_images/4484802872.jpg,person,0.9183387756347656,348.8204650878906,170.26194763183594,492.26904296875,498.9234924316406,5
Flickr30K/4484802872.jpg,/content/Image_captioning_Local/Flickr30K/flickr30k_images/flickr30k_images/flickr30k_images/4484802872.jpg,person,0.9023677110671997,253.0944366455078,171.39443969726562,364.36962890625,500.0,5
Flickr30K/4484802872.jpg,/content/Image_captioning_Local/Flickr30K/flickr30k_images/flickr30k_images/flickr30k_images/4484802872.jpg,person,0.7307880520820618,0.6216433048248291,161.43763732910156,133.63865661621094,488.9684753417969,5
Flickr30K/4484802872.jpg,/content/Image_captioning_Local/Flickr30K/flickr30k_images/flickr30k_images/flickr30k_images/4484802872.jpg,suitcase,0.5141028761863708,87.92642974853516,281.0370178222656,192.253662109375,418.00335693359375,5
Flickr30K/4484802872.jpg,/content/Image_captioning_Local/Flickr30K/flickr30k_images/flickr30k_images/flickr30k_images/4484802872.jpg,tie,0.3056298494338989,284.12835693359375,237.41844177246094,309.08563232421875,290.08837890625,5
Flickr30K/4484818089.jpg,/content/Image_captioning_Local/Flickr30K/flickr30k_images/flickr30k_images/flickr30k_images/4484818089.jpg,person,0.9008327722549438,434.1372985839844,176.22463989257812,466.5535583496094,260.6325988769531,7
Flickr30K/4484818089.jpg,/content/Image_captioning_Local/Flickr30K/flickr30k_images/flickr30k_images/flickr30k_images/4484818089.jpg,person,0.805047869682312,146.45364379882812,120.76785278320312,196.27041625976562,321.7955017089844,7
Flickr30K/4484818089.jpg,/content/Image_captioning_Local/Flickr30K/flickr30k_images/flickr30k_images/flickr30k_images/4484818089.jpg,person,0.6649118065834045,114.15029907226562,137.8553466796875,162.2584228515625,324.7735900878906,7
Flickr30K/4484818089.jpg,/content/Image_captioning_Local/Flickr30K/flickr30k_images/flickr30k_images/flickr30k_images/4484818089.jpg,handbag,0.5938944220542908,106.02377319335938,238.50912475585938,137.88084411621094,293.462890625,7
Flickr30K/4484818089.jpg,/content/Image_captioning_Local/Flickr30K/flickr30k_images/flickr30k_images/flickr30k_images/4484818089.jpg,handbag,0.37853753566741943,181.8985137939453,227.18763732910156,199.789794921875,278.17010498046875,7
Flickr30K/4484818089.jpg,/content/Image_captioning_Local/Flickr30K/flickr30k_images/flickr30k_images/flickr30k_images/4484818089.jpg,traffic light,0.2894934415817261,454.7257385253906,0.20948052406311035,499.6751708984375,33.69643020629883,7
Flickr30K/4484818089.jpg,/content/Image_captioning_Local/Flickr30K/flickr30k_images/flickr30k_images/flickr30k_images/4484818089.jpg,bench,0.28644034266471863,5.644991874694824,176.85107421875,72.903076171875,260.18017578125,7
Flickr30K/448493587.jpg,/content/Image_captioning_Local/Flickr30K/flickr30k_images/flickr30k_images/flickr30k_images/448493587.jpg,bus,0.7206318974494934,444.1647644042969,88.46757507324219,499.3719177246094,206.433837890625,11
Flickr30K/448493587.jpg,/content/Image_captioning_Local/Flickr30K/flickr30k_images/flickr30k_images/flickr30k_images/448493587.jpg,person,0.6839338541030884,365.0408630371094,159.74652099609375,388.4114990234375,215.71990966796875,11
Flickr30K/448493587.jpg,/content/Image_captioning_Local/Flickr30K/flickr30k_images/flickr30k_images/flickr30k_images/448493587.jpg,person,0.6757657527923584,111.35115814208984,50.71726989746094,225.9264678955078,206.32620239257812,11
Flickr30K/448493587.jpg,/content/Image_captioning_Local/Flickr30K/flickr30k_images/flickr30k_images/flickr30k_images/448493587.jpg,horse,0.6698630452156067,0.0,84.58472442626953,302.47991943359375,358.74658203125,11
Flickr30K/448493587.jpg,/content/Image_captioning_Local/Flickr30K/flickr30k_images/flickr30k_images/flickr30k_images/448493587.jpg,person,0.584368884563446,411.2552185058594,150.95816040039062,429.9277648925781,171.48899841308594,11
Flickr30K/448493587.jpg,/content/Image_captioning_Local/Flickr30K/flickr30k_images/flickr30k_images/flickr30k_images/448493587.jpg,person,0.5783026814460754,391.60552978515625,146.73326110839844,413.407958984375,180.8145751953125,11
Flickr30K/448493587.jpg,/content/Image_captioning_Local/Flickr30K/flickr30k_images/flickr30k_images/flickr30k_images/448493587.jpg,car,0.5413418412208557,0.21778643131256104,140.98193359375,36.44194793701172,166.74525451660156,11
Flickr30K/448493587.jpg,/content/Image_captioning_Local/Flickr30K/flickr30k_images/flickr30k_images/flickr30k_images/448493587.jpg,car,0.41383805871009827,425.4407958984375,142.58377075195312,455.85821533203125,168.32797241210938,11
Flickr30K/448493587.jpg,/content/Image_captioning_Local/Flickr30K/flickr30k_images/flickr30k_images/flickr30k_images/448493587.jpg,car,0.3772493898868561,245.5778350830078,167.24378967285156,292.8857116699219,193.236328125,11
Flickr30K/448493587.jpg,/content/Image_captioning_Local/Flickr30K/flickr30k_images/flickr30k_images/flickr30k_images/448493587.jpg,person,0.36016330122947693,437.2494201660156,150.11257934570312,475.322021484375,255.73748779296875,11
Flickr30K/448493587.jpg,/content/Image_captioning_Local/Flickr30K/flickr30k_images/flickr30k_images/flickr30k_images/448493587.jpg,person,0.29982608556747437,363.11871337890625,147.27224731445312,376.51470947265625,170.0095672607422,11
Flickr30K/4485023402.jpg,/content/Image_captioning_Local/Flickr30K/flickr30k_images/flickr30k_images/flickr30k_images/4485023402.jpg,chair,0.8848073482513428,79.7166976928711,240.65277099609375,236.76748657226562,331.1181640625,9
Flickr30K/4485023402.jpg,/content/Image_captioning_Local/Flickr30K/flickr30k_images/flickr30k_images/flickr30k_images/4485023402.jpg,person,0.871196448802948,80.58611297607422,115.58842468261719,312.7102355957031,323.0729675292969,9
Flickr30K/4485023402.jpg,/content/Image_captioning_Local/Flickr30K/flickr30k_images/flickr30k_images/flickr30k_images/4485023402.jpg,cup,0.8659606575965881,47.47713851928711,196.9766845703125,74.05931091308594,222.59881591796875,9
Flickr30K/4485023402.jpg,/content/Image_captioning_Local/Flickr30K/flickr30k_images/flickr30k_images/flickr30k_images/4485023402.jpg,tv,0.8072994947433472,304.858642578125,126.3834457397461,429.9759521484375,245.14707946777344,9
Flickr30K/4485023402.jpg,/content/Image_captioning_Local/Flickr30K/flickr30k_images/flickr30k_images/flickr30k_images/4485023402.jpg,chair,0.7136461734771729,339.31060791015625,214.70994567871094,492.488525390625,331.4774169921875,9
Flickr30K/4485023402.jpg,/content/Image_captioning_Local/Flickr30K/flickr30k_images/flickr30k_images/flickr30k_images/4485023402.jpg,tv,0.6441285610198975,177.24807739257812,129.2523651123047,302.1494445800781,245.44503784179688,9
Flickr30K/4485023402.jpg,/content/Image_captioning_Local/Flickr30K/flickr30k_images/flickr30k_images/flickr30k_images/4485023402.jpg,chair,0.5866593718528748,161.90151977539062,298.4809265136719,291.6922607421875,332.2044372558594,9
Flickr30K/4485023402.jpg,/content/Image_captioning_Local/Flickr30K/flickr30k_images/flickr30k_images/flickr30k_images/4485023402.jpg,keyboard,0.397014856338501,297.4282531738281,272.2964172363281,350.3821716308594,299.90850830078125,9
Flickr30K/4485023402.jpg,/content/Image_captioning_Local/Flickr30K/flickr30k_images/flickr30k_images/flickr30k_images/4485023402.jpg,tv,0.27971044182777405,0.0,118.234375,113.77985382080078,214.86050415039062,9
Flickr30K/4485090958.jpg,/content/Image_captioning_Local/Flickr30K/flickr30k_images/flickr30k_images/flickr30k_images/4485090958.jpg,person,0.8648354411125183,117.0011978149414,115.3472900390625,229.97100830078125,331.43609619140625,6
Flickr30K/4485090958.jpg,/content/Image_captioning_Local/Flickr30K/flickr30k_images/flickr30k_images/flickr30k_images/4485090958.jpg,person,0.847374439239502,369.79571533203125,195.06060791015625,437.9776611328125,330.47991943359375,6
Flickr30K/4485090958.jpg,/content/Image_captioning_Local/Flickr30K/flickr30k_images/flickr30k_images/flickr30k_images/4485090958.jpg,person,0.8263352513313293,337.78948974609375,227.79896545410156,372.5065612792969,292.00164794921875,6
Flickr30K/4485090958.jpg,/content/Image_captioning_Local/Flickr30K/flickr30k_images/flickr30k_images/flickr30k_images/4485090958.jpg,backpack,0.6261497139930725,391.18817138671875,208.0301055908203,418.5442810058594,241.21873474121094,6
Flickr30K/4485090958.jpg,/content/Image_captioning_Local/Flickr30K/flickr30k_images/flickr30k_images/flickr30k_images/4485090958.jpg,handbag,0.624045729637146,180.81307983398438,182.84182739257812,229.837890625,303.8465881347656,6
Flickr30K/4485090958.jpg,/content/Image_captioning_Local/Flickr30K/flickr30k_images/flickr30k_images/flickr30k_images/4485090958.jpg,person,0.5690747499465942,292.6105041503906,264.2515563964844,322.23089599609375,330.673828125,6
Flickr30K/4485475920.jpg,/content/Image_captioning_Local/Flickr30K/flickr30k_images/flickr30k_images/flickr30k_images/4485475920.jpg,person,0.8777522444725037,383.3030090332031,89.22462463378906,485.8375549316406,323.6701354980469,12
Flickr30K/4485475920.jpg,/content/Image_captioning_Local/Flickr30K/flickr30k_images/flickr30k_images/flickr30k_images/4485475920.jpg,person,0.8385821580886841,309.5271301269531,103.531494140625,416.5622253417969,323.97216796875,12
Flickr30K/4485475920.jpg,/content/Image_captioning_Local/Flickr30K/flickr30k_images/flickr30k_images/flickr30k_images/4485475920.jpg,person,0.8278627395629883,215.38552856445312,162.59283447265625,250.26002502441406,250.68521118164062,12
Flickr30K/4485475920.jpg,/content/Image_captioning_Local/Flickr30K/flickr30k_images/flickr30k_images/flickr30k_images/4485475920.jpg,person,0.8006610870361328,191.6532440185547,154.74526977539062,220.11997985839844,249.2613525390625,12
Flickr30K/4485475920.jpg,/content/Image_captioning_Local/Flickr30K/flickr30k_images/flickr30k_images/flickr30k_images/4485475920.jpg,person,0.7953488826751709,119.33087158203125,119.84308624267578,194.45846557617188,339.43975830078125,12
Flickr30K/4485475920.jpg,/content/Image_captioning_Local/Flickr30K/flickr30k_images/flickr30k_images/flickr30k_images/4485475920.jpg,person,0.7148457765579224,74.50296783447266,111.36146545410156,154.58071899414062,340.64129638671875,12
Flickr30K/4485475920.jpg,/content/Image_captioning_Local/Flickr30K/flickr30k_images/flickr30k_images/flickr30k_images/4485475920.jpg,traffic light,0.7072375416755676,75.36345672607422,113.99250030517578,89.73323059082031,139.2425079345703,12
Flickr30K/4485475920.jpg,/content/Image_captioning_Local/Flickr30K/flickr30k_images/flickr30k_images/flickr30k_images/4485475920.jpg,traffic light,0.6993154287338257,263.1409606933594,0.42583346366882324,314.16424560546875,26.311796188354492,12
Flickr30K/4485475920.jpg,/content/Image_captioning_Local/Flickr30K/flickr30k_images/flickr30k_images/flickr30k_images/4485475920.jpg,person,0.689633309841156,449.6691589355469,135.45057678222656,499.51190185546875,248.60899353027344,12
Flickr30K/4485475920.jpg,/content/Image_captioning_Local/Flickr30K/flickr30k_images/flickr30k_images/flickr30k_images/4485475920.jpg,traffic light,0.6799456477165222,1.0983452796936035,29.53146743774414,33.4737663269043,98.56887817382812,12
Flickr30K/4485475920.jpg,/content/Image_captioning_Local/Flickr30K/flickr30k_images/flickr30k_images/flickr30k_images/4485475920.jpg,bicycle,0.6328524947166443,49.32157516479492,196.5504608154297,85.05248260498047,261.4791259765625,12
Flickr30K/4485475920.jpg,/content/Image_captioning_Local/Flickr30K/flickr30k_images/flickr30k_images/flickr30k_images/4485475920.jpg,person,0.3564271926879883,367.9359436035156,126.80474853515625,399.81011962890625,237.3190460205078,12
Flickr30K/4485484248.jpg,/content/Image_captioning_Local/Flickr30K/flickr30k_images/flickr30k_images/flickr30k_images/4485484248.jpg,person,0.8228309750556946,83.59613037109375,70.35333251953125,182.41896057128906,359.2687683105469,17
Flickr30K/4485484248.jpg,/content/Image_captioning_Local/Flickr30K/flickr30k_images/flickr30k_images/flickr30k_images/4485484248.jpg,person,0.7850937843322754,323.7196350097656,122.60010528564453,349.7511291503906,154.89450073242188,17
Flickr30K/4485484248.jpg,/content/Image_captioning_Local/Flickr30K/flickr30k_images/flickr30k_images/flickr30k_images/4485484248.jpg,person,0.7575380206108093,372.538330078125,88.28608703613281,456.1204528808594,339.5970153808594,17
Flickr30K/4485484248.jpg,/content/Image_captioning_Local/Flickr30K/flickr30k_images/flickr30k_images/flickr30k_images/4485484248.jpg,person,0.7009859085083008,226.57720947265625,75.04444122314453,325.89508056640625,347.0133361816406,17
Flickr30K/4485484248.jpg,/content/Image_captioning_Local/Flickr30K/flickr30k_images/flickr30k_images/flickr30k_images/4485484248.jpg,person,0.6673638820648193,82.66190338134766,67.59333801269531,132.63204956054688,174.76455688476562,17
Flickr30K/4485484248.jpg,/content/Image_captioning_Local/Flickr30K/flickr30k_images/flickr30k_images/flickr30k_images/4485484248.jpg,bicycle,0.6495874524116516,412.97601318359375,220.1235809326172,461.41839599609375,387.5868225097656,17
Flickr30K/4485484248.jpg,/content/Image_captioning_Local/Flickr30K/flickr30k_images/flickr30k_images/flickr30k_images/4485484248.jpg,person,0.6473436951637268,370.1595764160156,128.1593017578125,390.1036376953125,154.53526306152344,17
Flickr30K/4485484248.jpg,/content/Image_captioning_Local/Flickr30K/flickr30k_images/flickr30k_images/flickr30k_images/4485484248.jpg,chair,0.5815011858940125,0.0,164.67674255371094,32.44156265258789,210.93309020996094,17
Flickr30K/4485484248.jpg,/content/Image_captioning_Local/Flickr30K/flickr30k_images/flickr30k_images/flickr30k_images/4485484248.jpg,chair,0.571397066116333,29.037830352783203,162.50462341308594,65.9098129272461,217.63400268554688,17
Flickr30K/4485484248.jpg,/content/Image_captioning_Local/Flickr30K/flickr30k_images/flickr30k_images/flickr30k_images/4485484248.jpg,handbag,0.5688497424125671,194.05563354492188,114.71065521240234,241.90072631835938,192.35292053222656,17
Flickr30K/4485484248.jpg,/content/Image_captioning_Local/Flickr30K/flickr30k_images/flickr30k_images/flickr30k_images/4485484248.jpg,handbag,0.5398349165916443,296.503173828125,144.93975830078125,332.4820861816406,221.7764892578125,17
Flickr30K/4485484248.jpg,/content/Image_captioning_Local/Flickr30K/flickr30k_images/flickr30k_images/flickr30k_images/4485484248.jpg,person,0.47872647643089294,199.561767578125,83.45186614990234,251.63429260253906,270.3506164550781,17
Flickr30K/4485484248.jpg,/content/Image_captioning_Local/Flickr30K/flickr30k_images/flickr30k_images/flickr30k_images/4485484248.jpg,handbag,0.4732346832752228,165.287353515625,203.4628448486328,194.40846252441406,266.9685363769531,17
Flickr30K/4485484248.jpg,/content/Image_captioning_Local/Flickr30K/flickr30k_images/flickr30k_images/flickr30k_images/4485484248.jpg,person,0.40467002987861633,353.2930603027344,124.93557739257812,372.61138916015625,154.20262145996094,17
Flickr30K/4485484248.jpg,/content/Image_captioning_Local/Flickr30K/flickr30k_images/flickr30k_images/flickr30k_images/4485484248.jpg,chair,0.36329105496406555,0.1338273286819458,167.79339599609375,10.953333854675293,209.964111328125,17
Flickr30K/4485484248.jpg,/content/Image_captioning_Local/Flickr30K/flickr30k_images/flickr30k_images/flickr30k_images/4485484248.jpg,umbrella,0.2811616361141205,67.00875091552734,1.7255306243896484,106.00267791748047,64.81568908691406,17
Flickr30K/4485484248.jpg,/content/Image_captioning_Local/Flickr30K/flickr30k_images/flickr30k_images/flickr30k_images/4485484248.jpg,umbrella,0.25940749049186707,97.74166870117188,46.755008697509766,291.3450622558594,87.82098388671875,17
Flickr30K/4485496402.jpg,/content/Image_captioning_Local/Flickr30K/flickr30k_images/flickr30k_images/flickr30k_images/4485496402.jpg,person,0.6545019745826721,220.08612060546875,118.83161163330078,235.07325744628906,137.7576141357422,3
Flickr30K/4485496402.jpg,/content/Image_captioning_Local/Flickr30K/flickr30k_images/flickr30k_images/flickr30k_images/4485496402.jpg,surfboard,0.3971550762653351,219.602294921875,129.75306701660156,235.30955505371094,138.90457153320312,3
Flickr30K/4485496402.jpg,/content/Image_captioning_Local/Flickr30K/flickr30k_images/flickr30k_images/flickr30k_images/4485496402.jpg,surfboard,0.3784079849720001,219.77801513671875,119.90375518798828,236.134521484375,139.33348083496094,3
Flickr30K/4485496482.jpg,/content/Image_captioning_Local/Flickr30K/flickr30k_images/flickr30k_images/flickr30k_images/4485496482.jpg,person,0.829201340675354,287.5356750488281,172.3086700439453,363.56915283203125,401.74188232421875,2
Flickr30K/4485496482.jpg,/content/Image_captioning_Local/Flickr30K/flickr30k_images/flickr30k_images/flickr30k_images/4485496482.jpg,person,0.6867835521697998,192.29981994628906,293.9851989746094,211.93844604492188,339.7889709472656,2
Flickr30K/44856031.jpg,/content/Image_captioning_Local/Flickr30K/flickr30k_images/flickr30k_images/flickr30k_images/44856031.jpg,dog,0.9183927774429321,121.82097625732422,75.49720764160156,305.742919921875,326.2261047363281,1
Flickr30K/4485658806.jpg,/content/Image_captioning_Local/Flickr30K/flickr30k_images/flickr30k_images/flickr30k_images/4485658806.jpg,person,0.8574402332305908,162.98428344726562,407.6668395996094,196.0673370361328,466.1344909667969,4
Flickr30K/4485658806.jpg,/content/Image_captioning_Local/Flickr30K/flickr30k_images/flickr30k_images/flickr30k_images/4485658806.jpg,person,0.8368648886680603,30.764202117919922,413.5022277832031,57.86151885986328,469.3512878417969,4
Flickr30K/4485658806.jpg,/content/Image_captioning_Local/Flickr30K/flickr30k_images/flickr30k_images/flickr30k_images/4485658806.jpg,person,0.6965271234512329,94.7850341796875,413.1264343261719,115.8310317993164,466.408203125,4
Flickr30K/4485658806.jpg,/content/Image_captioning_Local/Flickr30K/flickr30k_images/flickr30k_images/flickr30k_images/4485658806.jpg,fire hydrant,0.5364852547645569,55.708980560302734,442.0751037597656,70.1333999633789,473.51727294921875,4
Flickr30K/448590900.jpg,/content/Image_captioning_Local/Flickr30K/flickr30k_images/flickr30k_images/flickr30k_images/448590900.jpg,sheep,0.38179317116737366,327.5756530761719,183.13381958007812,363.642333984375,211.85162353515625,1
Flickr30K/4486280757.jpg,/content/Image_captioning_Local/Flickr30K/flickr30k_images/flickr30k_images/flickr30k_images/4486280757.jpg,person,0.8891592621803284,183.1721954345703,104.680419921875,303.599609375,288.95361328125,2
Flickr30K/4486280757.jpg,/content/Image_captioning_Local/Flickr30K/flickr30k_images/flickr30k_images/flickr30k_images/4486280757.jpg,surfboard,0.677513837814331,32.4252815246582,240.8133544921875,111.1927719116211,298.9346008300781,2
Flickr30K/4486352233.jpg,/content/Image_captioning_Local/Flickr30K/flickr30k_images/flickr30k_images/flickr30k_images/4486352233.jpg,dog,0.937215268611908,20.602333068847656,58.42559814453125,166.5055694580078,281.55963134765625,5
Flickr30K/4486352233.jpg,/content/Image_captioning_Local/Flickr30K/flickr30k_images/flickr30k_images/flickr30k_images/4486352233.jpg,dog,0.8231098651885986,182.7498016357422,90.02941131591797,243.13552856445312,199.79049682617188,5
Flickr30K/4486352233.jpg,/content/Image_captioning_Local/Flickr30K/flickr30k_images/flickr30k_images/flickr30k_images/4486352233.jpg,person,0.568662703037262,403.0204162597656,0.0,454.91510009765625,96.43750762939453,5
Flickr30K/4486352233.jpg,/content/Image_captioning_Local/Flickr30K/flickr30k_images/flickr30k_images/flickr30k_images/4486352233.jpg,sheep,0.5189484357833862,463.3650817871094,58.838706970214844,500.0,172.51780700683594,5
Flickr30K/4486352233.jpg,/content/Image_captioning_Local/Flickr30K/flickr30k_images/flickr30k_images/flickr30k_images/4486352233.jpg,truck,0.41693052649497986,317.00531005859375,0.0,500.0,89.31300354003906,5
Flickr30K/4486403483.jpg,/content/Image_captioning_Local/Flickr30K/flickr30k_images/flickr30k_images/flickr30k_images/4486403483.jpg,dog,0.8246660828590393,264.1322021484375,93.58026123046875,470.1014404296875,360.5298767089844,5
Flickr30K/4486403483.jpg,/content/Image_captioning_Local/Flickr30K/flickr30k_images/flickr30k_images/flickr30k_images/4486403483.jpg,person,0.630920946598053,17.85808753967285,15.957868576049805,209.95330810546875,335.85821533203125,5
Flickr30K/4486403483.jpg,/content/Image_captioning_Local/Flickr30K/flickr30k_images/flickr30k_images/flickr30k_images/4486403483.jpg,person,0.6308524012565613,430.3825988769531,205.65553283691406,445.7557067871094,231.0048065185547,5
Flickr30K/4486403483.jpg,/content/Image_captioning_Local/Flickr30K/flickr30k_images/flickr30k_images/flickr30k_images/4486403483.jpg,person,0.6196474432945251,346.33544921875,244.58143615722656,365.3580017089844,288.4043884277344,5
Flickr30K/4486403483.jpg,/content/Image_captioning_Local/Flickr30K/flickr30k_images/flickr30k_images/flickr30k_images/4486403483.jpg,dog,0.2709633409976959,197.1071014404297,167.51744079589844,281.2321472167969,253.52203369140625,5
Flickr30K/4486439055.jpg,/content/Image_captioning_Local/Flickr30K/flickr30k_images/flickr30k_images/flickr30k_images/4486439055.jpg,person,0.9314132928848267,142.29986572265625,85.48419189453125,287.80352783203125,230.53419494628906,4
Flickr30K/4486439055.jpg,/content/Image_captioning_Local/Flickr30K/flickr30k_images/flickr30k_images/flickr30k_images/4486439055.jpg,handbag,0.39260396361351013,149.82583618164062,193.49017333984375,170.32691955566406,213.8661346435547,4
Flickr30K/4486439055.jpg,/content/Image_captioning_Local/Flickr30K/flickr30k_images/flickr30k_images/flickr30k_images/4486439055.jpg,bench,0.30662959814071655,255.80587768554688,148.5556640625,362.4855651855469,192.49114990234375,4
Flickr30K/4486439055.jpg,/content/Image_captioning_Local/Flickr30K/flickr30k_images/flickr30k_images/flickr30k_images/4486439055.jpg,bench,0.30071935057640076,481.2947692871094,158.73617553710938,499.9056396484375,190.596435546875,4
Flickr30K/4486440297.jpg,/content/Image_captioning_Local/Flickr30K/flickr30k_images/flickr30k_images/flickr30k_images/4486440297.jpg,person,0.93404620885849,261.17236328125,4.8972487449646,457.66717529296875,371.1627502441406,5
Flickr30K/4486440297.jpg,/content/Image_captioning_Local/Flickr30K/flickr30k_images/flickr30k_images/flickr30k_images/4486440297.jpg,person,0.876724898815155,48.88896942138672,13.100814819335938,211.546142578125,372.2058410644531,5
Flickr30K/4486440297.jpg,/content/Image_captioning_Local/Flickr30K/flickr30k_images/flickr30k_images/flickr30k_images/4486440297.jpg,person,0.872430682182312,234.32473754882812,84.23970031738281,278.98541259765625,136.65740966796875,5
Flickr30K/4486440297.jpg,/content/Image_captioning_Local/Flickr30K/flickr30k_images/flickr30k_images/flickr30k_images/4486440297.jpg,person,0.8403799533843994,171.8751983642578,86.93816375732422,224.156005859375,135.38279724121094,5
Flickr30K/4486440297.jpg,/content/Image_captioning_Local/Flickr30K/flickr30k_images/flickr30k_images/flickr30k_images/4486440297.jpg,person,0.5890949964523315,26.533485412597656,53.66343307495117,77.39381408691406,170.96409606933594,5
Flickr30K/4486440791.jpg,/content/Image_captioning_Local/Flickr30K/flickr30k_images/flickr30k_images/flickr30k_images/4486440791.jpg,person,0.9208954572677612,217.3236541748047,55.267967224121094,402.85235595703125,370.35986328125,2
Flickr30K/4486440791.jpg,/content/Image_captioning_Local/Flickr30K/flickr30k_images/flickr30k_images/flickr30k_images/4486440791.jpg,bottle,0.6816908717155457,374.6375427246094,214.0688934326172,393.12469482421875,260.67828369140625,2
Flickr30K/4486441469.jpg,/content/Image_captioning_Local/Flickr30K/flickr30k_images/flickr30k_images/flickr30k_images/4486441469.jpg,person,0.8946337699890137,173.75721740722656,3.9467811584472656,286.9684753417969,368.30181884765625,7
Flickr30K/4486441469.jpg,/content/Image_captioning_Local/Flickr30K/flickr30k_images/flickr30k_images/flickr30k_images/4486441469.jpg,person,0.8772540092468262,66.65773010253906,63.378692626953125,121.4791259765625,189.47842407226562,7
Flickr30K/4486441469.jpg,/content/Image_captioning_Local/Flickr30K/flickr30k_images/flickr30k_images/flickr30k_images/4486441469.jpg,person,0.8686038851737976,108.5161361694336,57.0755615234375,149.84036254882812,181.18959045410156,7
Flickr30K/4486441469.jpg,/content/Image_captioning_Local/Flickr30K/flickr30k_images/flickr30k_images/flickr30k_images/4486441469.jpg,car,0.7423856258392334,417.6721496582031,82.48507690429688,484.85040283203125,185.57415771484375,7
Flickr30K/4486441469.jpg,/content/Image_captioning_Local/Flickr30K/flickr30k_images/flickr30k_images/flickr30k_images/4486441469.jpg,bicycle,0.538595974445343,289.5837097167969,109.049560546875,341.0670166015625,201.47691345214844,7
Flickr30K/4486441469.jpg,/content/Image_captioning_Local/Flickr30K/flickr30k_images/flickr30k_images/flickr30k_images/4486441469.jpg,person,0.3614027202129364,464.6773376464844,90.28692626953125,499.765869140625,256.11895751953125,7
Flickr30K/4486441469.jpg,/content/Image_captioning_Local/Flickr30K/flickr30k_images/flickr30k_images/flickr30k_images/4486441469.jpg,person,0.338125616312027,4.089790344238281,69.81178283691406,64.93888854980469,237.9468994140625,7
Flickr30K/4486484038.jpg,/content/Image_captioning_Local/Flickr30K/flickr30k_images/flickr30k_images/flickr30k_images/4486484038.jpg,car,0.8540059924125671,400.748046875,114.22066497802734,499.04193115234375,328.4784851074219,10
Flickr30K/4486484038.jpg,/content/Image_captioning_Local/Flickr30K/flickr30k_images/flickr30k_images/flickr30k_images/4486484038.jpg,person,0.7044304013252258,29.862106323242188,14.094018936157227,162.3688201904297,335.0583801269531,10
Flickr30K/4486484038.jpg,/content/Image_captioning_Local/Flickr30K/flickr30k_images/flickr30k_images/flickr30k_images/4486484038.jpg,car,0.6539585590362549,246.8501739501953,134.9179229736328,434.9516296386719,296.9231262207031,10
Flickr30K/4486484038.jpg,/content/Image_captioning_Local/Flickr30K/flickr30k_images/flickr30k_images/flickr30k_images/4486484038.jpg,car,0.6413145065307617,217.9308624267578,140.2779541015625,321.3860778808594,191.0572052001953,10
Flickr30K/4486484038.jpg,/content/Image_captioning_Local/Flickr30K/flickr30k_images/flickr30k_images/flickr30k_images/4486484038.jpg,car,0.39368268847465515,0.0,100.29267120361328,268.75811767578125,300.92913818359375,10
Flickr30K/4486484038.jpg,/content/Image_captioning_Local/Flickr30K/flickr30k_images/flickr30k_images/flickr30k_images/4486484038.jpg,handbag,0.39314359426498413,59.25466537475586,96.11068725585938,124.16250610351562,196.9696807861328,10
Flickr30K/4486484038.jpg,/content/Image_captioning_Local/Flickr30K/flickr30k_images/flickr30k_images/flickr30k_images/4486484038.jpg,car,0.3705049753189087,182.32327270507812,118.91990661621094,253.17523193359375,151.11215209960938,10
Flickr30K/4486484038.jpg,/content/Image_captioning_Local/Flickr30K/flickr30k_images/flickr30k_images/flickr30k_images/4486484038.jpg,person,0.304048091173172,279.47283935546875,73.84342193603516,306.8109130859375,95.9264907836914,10
Flickr30K/4486484038.jpg,/content/Image_captioning_Local/Flickr30K/flickr30k_images/flickr30k_images/flickr30k_images/4486484038.jpg,car,0.30214226245880127,0.24425983428955078,109.59913635253906,67.25871276855469,208.82037353515625,10
Flickr30K/4486484038.jpg,/content/Image_captioning_Local/Flickr30K/flickr30k_images/flickr30k_images/flickr30k_images/4486484038.jpg,cell phone,0.27194082736968994,133.24098205566406,144.36195373535156,152.96978759765625,156.49087524414062,10
Flickr30K/448658518.jpg,/content/Image_captioning_Local/Flickr30K/flickr30k_images/flickr30k_images/flickr30k_images/448658518.jpg,person,0.9254645109176636,201.22091674804688,245.12158203125,304.4950866699219,449.5430603027344,3
Flickr30K/448658518.jpg,/content/Image_captioning_Local/Flickr30K/flickr30k_images/flickr30k_images/flickr30k_images/448658518.jpg,traffic light,0.6537248492240906,167.77279663085938,83.48924255371094,223.06072998046875,132.1013641357422,3
Flickr30K/448658518.jpg,/content/Image_captioning_Local/Flickr30K/flickr30k_images/flickr30k_images/flickr30k_images/448658518.jpg,traffic light,0.4582745134830475,184.8586883544922,131.0358123779297,238.156982421875,177.86642456054688,3
Flickr30K/4486617530.jpg,/content/Image_captioning_Local/Flickr30K/flickr30k_images/flickr30k_images/flickr30k_images/4486617530.jpg,person,0.8920693397521973,45.92650604248047,39.18766784667969,266.9368896484375,500.0,1
Flickr30K/4486660330.jpg,/content/Image_captioning_Local/Flickr30K/flickr30k_images/flickr30k_images/flickr30k_images/4486660330.jpg,person,0.9463226795196533,0.4693448543548584,131.00650024414062,142.90289306640625,366.3010559082031,6
Flickr30K/4486660330.jpg,/content/Image_captioning_Local/Flickr30K/flickr30k_images/flickr30k_images/flickr30k_images/4486660330.jpg,person,0.9224991798400879,157.41314697265625,129.59954833984375,312.5477294921875,314.4358825683594,6
Flickr30K/4486660330.jpg,/content/Image_captioning_Local/Flickr30K/flickr30k_images/flickr30k_images/flickr30k_images/4486660330.jpg,person,0.9154440760612488,329.7816162109375,119.26555633544922,490.92694091796875,302.15155029296875,6
Flickr30K/4486660330.jpg,/content/Image_captioning_Local/Flickr30K/flickr30k_images/flickr30k_images/flickr30k_images/4486660330.jpg,cup,0.8688587546348572,87.78052520751953,310.9962463378906,120.9267578125,353.4400939941406,6
Flickr30K/4486660330.jpg,/content/Image_captioning_Local/Flickr30K/flickr30k_images/flickr30k_images/flickr30k_images/4486660330.jpg,cup,0.6915502548217773,326.9761657714844,249.07879638671875,352.2090148925781,277.7742004394531,6
Flickr30K/4486660330.jpg,/content/Image_captioning_Local/Flickr30K/flickr30k_images/flickr30k_images/flickr30k_images/4486660330.jpg,dining table,0.3276596665382385,16.81370735168457,279.63629150390625,500.0,368.60968017578125,6
Flickr30K/448679362.jpg,/content/Image_captioning_Local/Flickr30K/flickr30k_images/flickr30k_images/flickr30k_images/448679362.jpg,person,0.6173250675201416,202.21266174316406,98.28340148925781,400.96783447265625,332.51129150390625,4
Flickr30K/448679362.jpg,/content/Image_captioning_Local/Flickr30K/flickr30k_images/flickr30k_images/flickr30k_images/448679362.jpg,tv,0.6141473054885864,66.94190216064453,109.0267333984375,154.5513458251953,235.44053649902344,4
Flickr30K/448679362.jpg,/content/Image_captioning_Local/Flickr30K/flickr30k_images/flickr30k_images/flickr30k_images/448679362.jpg,keyboard,0.5490415096282959,150.63958740234375,240.73538208007812,213.04981994628906,276.1040344238281,4
Flickr30K/448679362.jpg,/content/Image_captioning_Local/Flickr30K/flickr30k_images/flickr30k_images/flickr30k_images/448679362.jpg,mouse,0.4186350405216217,205.68270874023438,257.6602478027344,225.3268280029297,269.3392333984375,4
Flickr30K/4486982499.jpg,/content/Image_captioning_Local/Flickr30K/flickr30k_images/flickr30k_images/flickr30k_images/4486982499.jpg,bicycle,0.8669959306716919,57.57685852050781,51.590484619140625,415.2468566894531,303.635498046875,3
Flickr30K/4486982499.jpg,/content/Image_captioning_Local/Flickr30K/flickr30k_images/flickr30k_images/flickr30k_images/4486982499.jpg,car,0.7598096132278442,429.2597351074219,59.852237701416016,499.4754333496094,106.72099304199219,3
Flickr30K/4486982499.jpg,/content/Image_captioning_Local/Flickr30K/flickr30k_images/flickr30k_images/flickr30k_images/4486982499.jpg,car,0.5816503167152405,411.9759521484375,63.965553283691406,447.458740234375,98.01322937011719,3
Flickr30K/4487186202.jpg,/content/Image_captioning_Local/Flickr30K/flickr30k_images/flickr30k_images/flickr30k_images/4487186202.jpg,chair,0.5789758563041687,276.4960632324219,52.676849365234375,327.7186584472656,89.8785400390625,4
Flickr30K/4487186202.jpg,/content/Image_captioning_Local/Flickr30K/flickr30k_images/flickr30k_images/flickr30k_images/4487186202.jpg,laptop,0.5369415879249573,197.33665466308594,73.62926483154297,327.75433349609375,236.82925415039062,4
Flickr30K/4487186202.jpg,/content/Image_captioning_Local/Flickr30K/flickr30k_images/flickr30k_images/flickr30k_images/4487186202.jpg,chair,0.5253458023071289,250.88259887695312,62.46969223022461,283.1688232421875,83.62735748291016,4
Flickr30K/4487186202.jpg,/content/Image_captioning_Local/Flickr30K/flickr30k_images/flickr30k_images/flickr30k_images/4487186202.jpg,person,0.42831137776374817,79.8197250366211,55.33861541748047,500.0,328.0484619140625,4
Flickr30K/4487209262.jpg,/content/Image_captioning_Local/Flickr30K/flickr30k_images/flickr30k_images/flickr30k_images/4487209262.jpg,person,0.9093132019042969,307.0125732421875,71.07640075683594,420.22052001953125,258.26837158203125,3
Flickr30K/4487209262.jpg,/content/Image_captioning_Local/Flickr30K/flickr30k_images/flickr30k_images/flickr30k_images/4487209262.jpg,bicycle,0.9075115919113159,47.69358825683594,96.94223022460938,319.0081787109375,262.48846435546875,3
Flickr30K/4487209262.jpg,/content/Image_captioning_Local/Flickr30K/flickr30k_images/flickr30k_images/flickr30k_images/4487209262.jpg,person,0.71254563331604,104.975830078125,104.67314910888672,182.96376037597656,204.7210235595703,3
Flickr30K/4487287116.jpg,/content/Image_captioning_Local/Flickr30K/flickr30k_images/flickr30k_images/flickr30k_images/4487287116.jpg,person,0.7668946981430054,263.89959716796875,112.32039642333984,425.9552917480469,273.0441589355469,3
Flickr30K/4487287116.jpg,/content/Image_captioning_Local/Flickr30K/flickr30k_images/flickr30k_images/flickr30k_images/4487287116.jpg,umbrella,0.5157680511474609,61.87062072753906,34.3524169921875,435.1046142578125,279.3106994628906,3
Flickr30K/4487287116.jpg,/content/Image_captioning_Local/Flickr30K/flickr30k_images/flickr30k_images/flickr30k_images/4487287116.jpg,umbrella,0.27840131521224976,267.0667419433594,258.6331787109375,458.9664306640625,331.07086181640625,3
Flickr30K/4487337334.jpg,/content/Image_captioning_Local/Flickr30K/flickr30k_images/flickr30k_images/flickr30k_images/4487337334.jpg,person,0.8924799561500549,113.8061294555664,4.9220380783081055,218.31639099121094,251.3556671142578,13
Flickr30K/4487337334.jpg,/content/Image_captioning_Local/Flickr30K/flickr30k_images/flickr30k_images/flickr30k_images/4487337334.jpg,person,0.8513861298561096,452.42919921875,15.667247772216797,500.0,196.47779846191406,13
Flickr30K/4487337334.jpg,/content/Image_captioning_Local/Flickr30K/flickr30k_images/flickr30k_images/flickr30k_images/4487337334.jpg,person,0.8508341908454895,223.56553649902344,4.093509674072266,347.4664611816406,224.51426696777344,13
Flickr30K/4487337334.jpg,/content/Image_captioning_Local/Flickr30K/flickr30k_images/flickr30k_images/flickr30k_images/4487337334.jpg,person,0.7316218614578247,265.3642272949219,115.18647766113281,436.15966796875,321.7738037109375,13
Flickr30K/4487337334.jpg,/content/Image_captioning_Local/Flickr30K/flickr30k_images/flickr30k_images/flickr30k_images/4487337334.jpg,person,0.6925779581069946,68.5776138305664,54.67498779296875,125.23356628417969,221.58473205566406,13
Flickr30K/4487337334.jpg,/content/Image_captioning_Local/Flickr30K/flickr30k_images/flickr30k_images/flickr30k_images/4487337334.jpg,person,0.6531502604484558,18.689329147338867,10.699230194091797,81.5571517944336,235.19020080566406,13
Flickr30K/4487337334.jpg,/content/Image_captioning_Local/Flickr30K/flickr30k_images/flickr30k_images/flickr30k_images/4487337334.jpg,person,0.6359269618988037,0.0,14.0270414352417,39.3815803527832,246.76470947265625,13
Flickr30K/4487337334.jpg,/content/Image_captioning_Local/Flickr30K/flickr30k_images/flickr30k_images/flickr30k_images/4487337334.jpg,person,0.6251112222671509,292.402099609375,47.42290496826172,350.0968322753906,119.64263916015625,13
Flickr30K/4487337334.jpg,/content/Image_captioning_Local/Flickr30K/flickr30k_images/flickr30k_images/flickr30k_images/4487337334.jpg,person,0.4833018183708191,69.90965270996094,15.070128440856934,106.23857116699219,86.11579895019531,13
Flickr30K/4487337334.jpg,/content/Image_captioning_Local/Flickr30K/flickr30k_images/flickr30k_images/flickr30k_images/4487337334.jpg,person,0.426202654838562,444.5069885253906,63.02277374267578,467.0799865722656,192.45462036132812,13
Flickr30K/4487337334.jpg,/content/Image_captioning_Local/Flickr30K/flickr30k_images/flickr30k_images/flickr30k_images/4487337334.jpg,person,0.37136200070381165,192.83544921875,35.59117889404297,239.35263061523438,202.3426513671875,13
Flickr30K/4487337334.jpg,/content/Image_captioning_Local/Flickr30K/flickr30k_images/flickr30k_images/flickr30k_images/4487337334.jpg,refrigerator,0.27691465616226196,346.0702819824219,2.9530107975006104,447.8843688964844,188.72100830078125,13
Flickr30K/4487337334.jpg,/content/Image_captioning_Local/Flickr30K/flickr30k_images/flickr30k_images/flickr30k_images/4487337334.jpg,handbag,0.26348698139190674,66.46713256835938,153.14407348632812,87.32028198242188,185.75076293945312,13
Flickr30K/4487371472.jpg,/content/Image_captioning_Local/Flickr30K/flickr30k_images/flickr30k_images/flickr30k_images/4487371472.jpg,person,0.9109246730804443,1.144653558731079,4.0470123291015625,107.84268188476562,377.7231140136719,15
Flickr30K/4487371472.jpg,/content/Image_captioning_Local/Flickr30K/flickr30k_images/flickr30k_images/flickr30k_images/4487371472.jpg,person,0.9028698205947876,115.4041976928711,189.6085662841797,349.8179626464844,494.7898254394531,15
Flickr30K/4487371472.jpg,/content/Image_captioning_Local/Flickr30K/flickr30k_images/flickr30k_images/flickr30k_images/4487371472.jpg,person,0.8903733491897583,98.87722778320312,36.54961395263672,163.1940460205078,223.87644958496094,15
Flickr30K/4487371472.jpg,/content/Image_captioning_Local/Flickr30K/flickr30k_images/flickr30k_images/flickr30k_images/4487371472.jpg,person,0.8811476230621338,159.68276977539062,46.379302978515625,215.06517028808594,228.39920043945312,15
Flickr30K/4487371472.jpg,/content/Image_captioning_Local/Flickr30K/flickr30k_images/flickr30k_images/flickr30k_images/4487371472.jpg,person,0.7683455348014832,407.611083984375,41.900028228759766,452.65960693359375,103.35363006591797,15
Flickr30K/4487371472.jpg,/content/Image_captioning_Local/Flickr30K/flickr30k_images/flickr30k_images/flickr30k_images/4487371472.jpg,person,0.7620872259140015,260.6733093261719,38.02836990356445,329.3825378417969,180.92581176757812,15
Flickr30K/4487371472.jpg,/content/Image_captioning_Local/Flickr30K/flickr30k_images/flickr30k_images/flickr30k_images/4487371472.jpg,person,0.671379566192627,339.17926025390625,43.8798713684082,367.74517822265625,102.63468933105469,15
Flickr30K/4487371472.jpg,/content/Image_captioning_Local/Flickr30K/flickr30k_images/flickr30k_images/flickr30k_images/4487371472.jpg,person,0.6703788638114929,478.854736328125,40.04207229614258,500.0,109.66248321533203,15
Flickr30K/4487371472.jpg,/content/Image_captioning_Local/Flickr30K/flickr30k_images/flickr30k_images/flickr30k_images/4487371472.jpg,person,0.5989523530006409,458.7100830078125,33.089515686035156,489.7059326171875,105.1990737915039,15
Flickr30K/4487371472.jpg,/content/Image_captioning_Local/Flickr30K/flickr30k_images/flickr30k_images/flickr30k_images/4487371472.jpg,handbag,0.5859200358390808,227.03518676757812,297.2029113769531,350.0707092285156,487.7427062988281,15
Flickr30K/4487371472.jpg,/content/Image_captioning_Local/Flickr30K/flickr30k_images/flickr30k_images/flickr30k_images/4487371472.jpg,person,0.5713838338851929,83.16092681884766,21.142520904541016,119.4459457397461,100.09617614746094,15
Flickr30K/4487371472.jpg,/content/Image_captioning_Local/Flickr30K/flickr30k_images/flickr30k_images/flickr30k_images/4487371472.jpg,handbag,0.5148977637290955,1.311078667640686,63.12158203125,68.65281677246094,185.46116638183594,15
Flickr30K/4487371472.jpg,/content/Image_captioning_Local/Flickr30K/flickr30k_images/flickr30k_images/flickr30k_images/4487371472.jpg,person,0.3659322261810303,303.56341552734375,39.22876739501953,327.35382080078125,69.8014907836914,15
Flickr30K/4487371472.jpg,/content/Image_captioning_Local/Flickr30K/flickr30k_images/flickr30k_images/flickr30k_images/4487371472.jpg,person,0.290545254945755,305.35870361328125,71.54875946044922,356.4780578613281,171.67738342285156,15
Flickr30K/4487371472.jpg,/content/Image_captioning_Local/Flickr30K/flickr30k_images/flickr30k_images/flickr30k_images/4487371472.jpg,person,0.2723540663719177,320.327392578125,47.62560272216797,341.1841125488281,84.65858459472656,15
Flickr30K/4487408903.jpg,/content/Image_captioning_Local/Flickr30K/flickr30k_images/flickr30k_images/flickr30k_images/4487408903.jpg,bicycle,0.7465725541114807,22.634172439575195,205.96762084960938,93.13867950439453,253.02142333984375,3
Flickr30K/4487408903.jpg,/content/Image_captioning_Local/Flickr30K/flickr30k_images/flickr30k_images/flickr30k_images/4487408903.jpg,person,0.6972569823265076,87.91961669921875,213.25167846679688,124.90982818603516,254.2124786376953,3
Flickr30K/4487408903.jpg,/content/Image_captioning_Local/Flickr30K/flickr30k_images/flickr30k_images/flickr30k_images/4487408903.jpg,person,0.2844388484954834,72.90290832519531,208.84991455078125,98.7868881225586,242.39315795898438,3
Flickr30K/4488011793.jpg,/content/Image_captioning_Local/Flickr30K/flickr30k_images/flickr30k_images/flickr30k_images/4488011793.jpg,person,0.7969257235527039,202.66944885253906,52.18134689331055,285.3227233886719,325.63787841796875,1
Flickr30K/448803467.jpg,/content/Image_captioning_Local/Flickr30K/flickr30k_images/flickr30k_images/flickr30k_images/448803467.jpg,person,0.8382899761199951,316.1487121582031,79.25389862060547,426.3756408691406,212.4611358642578,5
Flickr30K/448803467.jpg,/content/Image_captioning_Local/Flickr30K/flickr30k_images/flickr30k_images/flickr30k_images/448803467.jpg,person,0.7846934199333191,157.75709533691406,58.75584030151367,213.2500457763672,228.97100830078125,5
Flickr30K/448803467.jpg,/content/Image_captioning_Local/Flickr30K/flickr30k_images/flickr30k_images/flickr30k_images/448803467.jpg,person,0.7798756957054138,438.5365905761719,7.093125343322754,496.44683837890625,188.0426788330078,5
Flickr30K/448803467.jpg,/content/Image_captioning_Local/Flickr30K/flickr30k_images/flickr30k_images/flickr30k_images/448803467.jpg,person,0.7050363421440125,278.97039794921875,145.9465789794922,347.00213623046875,313.10400390625,5
Flickr30K/448803467.jpg,/content/Image_captioning_Local/Flickr30K/flickr30k_images/flickr30k_images/flickr30k_images/448803467.jpg,person,0.6214348673820496,250.3232421875,151.5598602294922,301.7734375,288.39483642578125,5
Flickr30K/4488188880.jpg,/content/Image_captioning_Local/Flickr30K/flickr30k_images/flickr30k_images/flickr30k_images/4488188880.jpg,person,0.8810381293296814,29.461944580078125,0.0,293.5221252441406,278.2146301269531,4
Flickr30K/4488188880.jpg,/content/Image_captioning_Local/Flickr30K/flickr30k_images/flickr30k_images/flickr30k_images/4488188880.jpg,person,0.554707944393158,0.039771199226379395,83.4969253540039,32.60272979736328,274.0786437988281,4
Flickr30K/4488188880.jpg,/content/Image_captioning_Local/Flickr30K/flickr30k_images/flickr30k_images/flickr30k_images/4488188880.jpg,person,0.3833479583263397,138.62008666992188,66.60353088378906,190.55604553222656,155.2641143798828,4
Flickr30K/4488188880.jpg,/content/Image_captioning_Local/Flickr30K/flickr30k_images/flickr30k_images/flickr30k_images/4488188880.jpg,person,0.26077598333358765,67.10494995117188,48.215057373046875,257.1155090332031,200.41551208496094,4
Flickr30K/4488485439.jpg,/content/Image_captioning_Local/Flickr30K/flickr30k_images/flickr30k_images/flickr30k_images/4488485439.jpg,person,0.8690833449363708,0.0,52.938453674316406,67.23369598388672,189.56884765625,13
Flickr30K/4488485439.jpg,/content/Image_captioning_Local/Flickr30K/flickr30k_images/flickr30k_images/flickr30k_images/4488485439.jpg,person,0.815934419631958,271.4893493652344,73.57494354248047,319.8495178222656,162.3167724609375,13
Flickr30K/4488485439.jpg,/content/Image_captioning_Local/Flickr30K/flickr30k_images/flickr30k_images/flickr30k_images/4488485439.jpg,person,0.7943686246871948,388.9239196777344,35.38872528076172,500.0,328.3362121582031,13
Flickr30K/4488485439.jpg,/content/Image_captioning_Local/Flickr30K/flickr30k_images/flickr30k_images/flickr30k_images/4488485439.jpg,person,0.7796759605407715,151.1661376953125,56.77656555175781,255.8546600341797,257.28656005859375,13
Flickr30K/4488485439.jpg,/content/Image_captioning_Local/Flickr30K/flickr30k_images/flickr30k_images/flickr30k_images/4488485439.jpg,person,0.776814877986908,89.11461639404297,98.78839874267578,139.70928955078125,237.78628540039062,13
Flickr30K/4488485439.jpg,/content/Image_captioning_Local/Flickr30K/flickr30k_images/flickr30k_images/flickr30k_images/4488485439.jpg,person,0.7669469118118286,295.47998046875,110.85140991210938,360.713623046875,282.4187927246094,13
Flickr30K/4488485439.jpg,/content/Image_captioning_Local/Flickr30K/flickr30k_images/flickr30k_images/flickr30k_images/4488485439.jpg,person,0.7507879137992859,131.60353088378906,73.3892593383789,185.8572998046875,250.9439697265625,13
Flickr30K/4488485439.jpg,/content/Image_captioning_Local/Flickr30K/flickr30k_images/flickr30k_images/flickr30k_images/4488485439.jpg,person,0.6562351584434509,82.6594009399414,68.97111511230469,121.37738800048828,150.42465209960938,13
Flickr30K/4488485439.jpg,/content/Image_captioning_Local/Flickr30K/flickr30k_images/flickr30k_images/flickr30k_images/4488485439.jpg,person,0.6548934578895569,167.02455139160156,97.99479675292969,320.3924560546875,293.1554870605469,13
Flickr30K/4488485439.jpg,/content/Image_captioning_Local/Flickr30K/flickr30k_images/flickr30k_images/flickr30k_images/4488485439.jpg,person,0.5657275915145874,54.7826042175293,80.10515594482422,93.90843200683594,214.01210021972656,13
Flickr30K/4488485439.jpg,/content/Image_captioning_Local/Flickr30K/flickr30k_images/flickr30k_images/flickr30k_images/4488485439.jpg,person,0.5546509623527527,253.0528564453125,62.118309020996094,287.2646789550781,104.88497924804688,13
Flickr30K/4488485439.jpg,/content/Image_captioning_Local/Flickr30K/flickr30k_images/flickr30k_images/flickr30k_images/4488485439.jpg,person,0.5162749886512756,313.24139404296875,58.241825103759766,477.35089111328125,325.8812255859375,13
Flickr30K/4488485439.jpg,/content/Image_captioning_Local/Flickr30K/flickr30k_images/flickr30k_images/flickr30k_images/4488485439.jpg,person,0.4359789192676544,29.688560485839844,76.32186889648438,48.85395050048828,95.32368469238281,13
Flickr30K/44885232.jpg,/content/Image_captioning_Local/Flickr30K/flickr30k_images/flickr30k_images/flickr30k_images/44885232.jpg,person,0.9423858523368835,47.74113464355469,69.735107421875,247.1294403076172,461.6282043457031,4
Flickr30K/44885232.jpg,/content/Image_captioning_Local/Flickr30K/flickr30k_images/flickr30k_images/flickr30k_images/44885232.jpg,potted plant,0.48647812008857727,63.097900390625,110.1790771484375,108.4156494140625,152.30938720703125,4
Flickr30K/44885232.jpg,/content/Image_captioning_Local/Flickr30K/flickr30k_images/flickr30k_images/flickr30k_images/44885232.jpg,couch,0.45568379759788513,0.0,289.4050598144531,109.47087097167969,500.0,4
Flickr30K/44885232.jpg,/content/Image_captioning_Local/Flickr30K/flickr30k_images/flickr30k_images/flickr30k_images/44885232.jpg,couch,0.2642843723297119,175.54762268066406,268.0325012207031,297.8028869628906,441.03900146484375,4
Flickr30K/4488874349.jpg,/content/Image_captioning_Local/Flickr30K/flickr30k_images/flickr30k_images/flickr30k_images/4488874349.jpg,person,0.8864517211914062,262.5842590332031,224.1219024658203,353.5064697265625,448.967041015625,13
Flickr30K/4488874349.jpg,/content/Image_captioning_Local/Flickr30K/flickr30k_images/flickr30k_images/flickr30k_images/4488874349.jpg,person,0.8260622620582581,150.8086395263672,221.4020233154297,229.65762329101562,443.22332763671875,13
Flickr30K/4488874349.jpg,/content/Image_captioning_Local/Flickr30K/flickr30k_images/flickr30k_images/flickr30k_images/4488874349.jpg,person,0.8032240271568298,9.170860290527344,217.67640686035156,86.3707504272461,435.41741943359375,13
Flickr30K/4488874349.jpg,/content/Image_captioning_Local/Flickr30K/flickr30k_images/flickr30k_images/flickr30k_images/4488874349.jpg,person,0.731898307800293,97.78195190429688,264.5288391113281,132.25848388671875,396.33831787109375,13
Flickr30K/4488874349.jpg,/content/Image_captioning_Local/Flickr30K/flickr30k_images/flickr30k_images/flickr30k_images/4488874349.jpg,person,0.6450612545013428,125.51734161376953,271.58184814453125,150.9236602783203,369.4931640625,13
Flickr30K/4488874349.jpg,/content/Image_captioning_Local/Flickr30K/flickr30k_images/flickr30k_images/flickr30k_images/4488874349.jpg,person,0.5987074971199036,223.30809020996094,260.33563232421875,264.3257141113281,394.85650634765625,13
Flickr30K/4488874349.jpg,/content/Image_captioning_Local/Flickr30K/flickr30k_images/flickr30k_images/flickr30k_images/4488874349.jpg,car,0.5753186941146851,0.9052753448486328,292.5102233886719,22.945331573486328,357.31988525390625,13
Flickr30K/4488874349.jpg,/content/Image_captioning_Local/Flickr30K/flickr30k_images/flickr30k_images/flickr30k_images/4488874349.jpg,person,0.4715030789375305,323.9052734375,232.8207244873047,338.52081298828125,257.70770263671875,13
Flickr30K/4488874349.jpg,/content/Image_captioning_Local/Flickr30K/flickr30k_images/flickr30k_images/flickr30k_images/4488874349.jpg,potted plant,0.46448343992233276,23.475271224975586,109.42768096923828,77.50435638427734,135.53921508789062,13
Flickr30K/4488874349.jpg,/content/Image_captioning_Local/Flickr30K/flickr30k_images/flickr30k_images/flickr30k_images/4488874349.jpg,person,0.4525602459907532,71.87399291992188,259.27117919921875,125.67436981201172,405.6311950683594,13
Flickr30K/4488874349.jpg,/content/Image_captioning_Local/Flickr30K/flickr30k_images/flickr30k_images/flickr30k_images/4488874349.jpg,person,0.43163180351257324,247.59144592285156,258.9181213378906,279.6407165527344,381.2169189453125,13
Flickr30K/4488874349.jpg,/content/Image_captioning_Local/Flickr30K/flickr30k_images/flickr30k_images/flickr30k_images/4488874349.jpg,book,0.3640960156917572,273.2016906738281,288.5109558105469,306.0968322753906,314.2393798828125,13
Flickr30K/4488874349.jpg,/content/Image_captioning_Local/Flickr30K/flickr30k_images/flickr30k_images/flickr30k_images/4488874349.jpg,tie,0.3618578314781189,43.76539611816406,249.31735229492188,54.74070739746094,302.7434387207031,13
Flickr30K/4488908417.jpg,/content/Image_captioning_Local/Flickr30K/flickr30k_images/flickr30k_images/flickr30k_images/4488908417.jpg,person,0.9310489296913147,130.71823120117188,150.8775634765625,244.77951049804688,373.1104431152344,6
Flickr30K/4488908417.jpg,/content/Image_captioning_Local/Flickr30K/flickr30k_images/flickr30k_images/flickr30k_images/4488908417.jpg,car,0.8872770667076111,224.2735137939453,152.71746826171875,449.5418701171875,292.35565185546875,6
Flickr30K/4488908417.jpg,/content/Image_captioning_Local/Flickr30K/flickr30k_images/flickr30k_images/flickr30k_images/4488908417.jpg,person,0.8850998878479004,442.4100036621094,133.98243713378906,498.74468994140625,292.4250793457031,6
Flickr30K/4488908417.jpg,/content/Image_captioning_Local/Flickr30K/flickr30k_images/flickr30k_images/flickr30k_images/4488908417.jpg,car,0.8802059292793274,85.28760528564453,160.39950561523438,161.16407775878906,201.22340393066406,6
Flickr30K/4488908417.jpg,/content/Image_captioning_Local/Flickr30K/flickr30k_images/flickr30k_images/flickr30k_images/4488908417.jpg,car,0.7263727784156799,382.3791198730469,147.6823272705078,424.4637145996094,171.81935119628906,6
Flickr30K/4488908417.jpg,/content/Image_captioning_Local/Flickr30K/flickr30k_images/flickr30k_images/flickr30k_images/4488908417.jpg,car,0.509463906288147,418.7676086425781,143.7419891357422,458.9255676269531,170.87025451660156,6
Flickr30K/4488946680.jpg,/content/Image_captioning_Local/Flickr30K/flickr30k_images/flickr30k_images/flickr30k_images/4488946680.jpg,person,0.9172267913818359,210.07846069335938,96.03076934814453,423.7351379394531,326.1690673828125,10
Flickr30K/4488946680.jpg,/content/Image_captioning_Local/Flickr30K/flickr30k_images/flickr30k_images/flickr30k_images/4488946680.jpg,wine glass,0.8352760672569275,300.74658203125,278.0838928222656,344.2857360839844,332.1714782714844,10
Flickr30K/4488946680.jpg,/content/Image_captioning_Local/Flickr30K/flickr30k_images/flickr30k_images/flickr30k_images/4488946680.jpg,wine glass,0.7035700678825378,347.54595947265625,304.81964111328125,398.2573547363281,332.2508239746094,10
Flickr30K/4488946680.jpg,/content/Image_captioning_Local/Flickr30K/flickr30k_images/flickr30k_images/flickr30k_images/4488946680.jpg,cup,0.5732742547988892,429.06427001953125,251.94940185546875,455.0409240722656,291.55364990234375,10
Flickr30K/4488946680.jpg,/content/Image_captioning_Local/Flickr30K/flickr30k_images/flickr30k_images/flickr30k_images/4488946680.jpg,person,0.520074188709259,465.9416198730469,105.82730865478516,500.0,153.3406524658203,10
Flickr30K/4488946680.jpg,/content/Image_captioning_Local/Flickr30K/flickr30k_images/flickr30k_images/flickr30k_images/4488946680.jpg,bed,0.513233482837677,0.2633392810821533,285.55804443359375,60.512733459472656,331.02215576171875,10
Flickr30K/4488946680.jpg,/content/Image_captioning_Local/Flickr30K/flickr30k_images/flickr30k_images/flickr30k_images/4488946680.jpg,cup,0.4919176995754242,450.82550048828125,244.84304809570312,472.20355224609375,280.31793212890625,10
Flickr30K/4488946680.jpg,/content/Image_captioning_Local/Flickr30K/flickr30k_images/flickr30k_images/flickr30k_images/4488946680.jpg,cup,0.3286959230899811,347.3171081542969,304.5866394042969,398.9300842285156,332.15850830078125,10
Flickr30K/4488946680.jpg,/content/Image_captioning_Local/Flickr30K/flickr30k_images/flickr30k_images/flickr30k_images/4488946680.jpg,bowl,0.2867084741592407,463.2981262207031,275.52996826171875,494.6098327636719,291.5107116699219,10
Flickr30K/4488946680.jpg,/content/Image_captioning_Local/Flickr30K/flickr30k_images/flickr30k_images/flickr30k_images/4488946680.jpg,cup,0.27373775839805603,446.8068542480469,214.6801300048828,464.4244689941406,247.45175170898438,10
Flickr30K/4488994542.jpg,/content/Image_captioning_Local/Flickr30K/flickr30k_images/flickr30k_images/flickr30k_images/4488994542.jpg,person,0.752318799495697,13.659847259521484,109.55841827392578,301.5172119140625,328.1824035644531,8
Flickr30K/4488994542.jpg,/content/Image_captioning_Local/Flickr30K/flickr30k_images/flickr30k_images/flickr30k_images/4488994542.jpg,person,0.7265438437461853,0.0,161.3450927734375,32.14221954345703,291.3916931152344,8
Flickr30K/4488994542.jpg,/content/Image_captioning_Local/Flickr30K/flickr30k_images/flickr30k_images/flickr30k_images/4488994542.jpg,person,0.7003255486488342,238.57701110839844,6.492132186889648,414.34088134765625,327.0856018066406,8
Flickr30K/4488994542.jpg,/content/Image_captioning_Local/Flickr30K/flickr30k_images/flickr30k_images/flickr30k_images/4488994542.jpg,person,0.5798705816268921,473.065673828125,113.96543884277344,500.0,324.57598876953125,8
Flickr30K/4488994542.jpg,/content/Image_captioning_Local/Flickr30K/flickr30k_images/flickr30k_images/flickr30k_images/4488994542.jpg,cell phone,0.48356619477272034,388.2803039550781,97.42839813232422,402.2279357910156,118.6880111694336,8
Flickr30K/4488994542.jpg,/content/Image_captioning_Local/Flickr30K/flickr30k_images/flickr30k_images/flickr30k_images/4488994542.jpg,person,0.46197062730789185,58.840049743652344,144.1887664794922,118.82837677001953,249.87847900390625,8
Flickr30K/4488994542.jpg,/content/Image_captioning_Local/Flickr30K/flickr30k_images/flickr30k_images/flickr30k_images/4488994542.jpg,cell phone,0.4448532462120056,59.14316940307617,183.74130249023438,75.9162368774414,220.5596160888672,8
Flickr30K/4488994542.jpg,/content/Image_captioning_Local/Flickr30K/flickr30k_images/flickr30k_images/flickr30k_images/4488994542.jpg,person,0.33425092697143555,374.87066650390625,151.31556701660156,488.0363464355469,324.4891052246094,8
Flickr30K/448916362.jpg,/content/Image_captioning_Local/Flickr30K/flickr30k_images/flickr30k_images/flickr30k_images/448916362.jpg,dog,0.8098477125167847,203.3155975341797,7.243269920349121,412.2554931640625,327.23199462890625,1
Flickr30K/4489393182.jpg,/content/Image_captioning_Local/Flickr30K/flickr30k_images/flickr30k_images/flickr30k_images/4489393182.jpg,person,0.9002529978752136,234.42955017089844,109.66500854492188,324.4068298339844,259.3799133300781,1
Flickr30K/4489494169.jpg,/content/Image_captioning_Local/Flickr30K/flickr30k_images/flickr30k_images/flickr30k_images/4489494169.jpg,person,0.7621217370033264,132.25836181640625,34.39484786987305,376.3316650390625,349.94219970703125,3
Flickr30K/4489494169.jpg,/content/Image_captioning_Local/Flickr30K/flickr30k_images/flickr30k_images/flickr30k_images/4489494169.jpg,skateboard,0.4103791117668152,219.86854553222656,234.07229614257812,437.37286376953125,363.38934326171875,3
Flickr30K/4489494169.jpg,/content/Image_captioning_Local/Flickr30K/flickr30k_images/flickr30k_images/flickr30k_images/4489494169.jpg,person,0.3668845593929291,285.1360778808594,8.45787525177002,500.0,356.0366516113281,3
Flickr30K/4489591327.jpg,/content/Image_captioning_Local/Flickr30K/flickr30k_images/flickr30k_images/flickr30k_images/4489591327.jpg,person,0.9048430919647217,68.3370361328125,160.9781036376953,113.80403900146484,290.8597106933594,16
Flickr30K/4489591327.jpg,/content/Image_captioning_Local/Flickr30K/flickr30k_images/flickr30k_images/flickr30k_images/4489591327.jpg,person,0.8728004097938538,315.7265319824219,170.92091369628906,342.70941162109375,236.81924438476562,16
Flickr30K/4489591327.jpg,/content/Image_captioning_Local/Flickr30K/flickr30k_images/flickr30k_images/flickr30k_images/4489591327.jpg,person,0.8688669204711914,360.302734375,166.11180114746094,389.565673828125,243.93377685546875,16
Flickr30K/4489591327.jpg,/content/Image_captioning_Local/Flickr30K/flickr30k_images/flickr30k_images/flickr30k_images/4489591327.jpg,person,0.8168738484382629,218.24119567871094,164.86146545410156,237.3859100341797,222.35968017578125,16
Flickr30K/4489591327.jpg,/content/Image_captioning_Local/Flickr30K/flickr30k_images/flickr30k_images/flickr30k_images/4489591327.jpg,person,0.7986125946044922,235.07479858398438,160.6357879638672,254.5590362548828,219.49742126464844,16
Flickr30K/4489591327.jpg,/content/Image_captioning_Local/Flickr30K/flickr30k_images/flickr30k_images/flickr30k_images/4489591327.jpg,person,0.763737678527832,134.4187469482422,173.78094482421875,162.669677734375,228.9121856689453,16
Flickr30K/4489591327.jpg,/content/Image_captioning_Local/Flickr30K/flickr30k_images/flickr30k_images/flickr30k_images/4489591327.jpg,person,0.7492160797119141,258.2059020996094,168.85104370117188,276.53204345703125,219.68994140625,16
Flickr30K/4489591327.jpg,/content/Image_captioning_Local/Flickr30K/flickr30k_images/flickr30k_images/flickr30k_images/4489591327.jpg,person,0.7459955215454102,295.8240051269531,171.16690063476562,312.80706787109375,221.24948120117188,16
Flickr30K/4489591327.jpg,/content/Image_captioning_Local/Flickr30K/flickr30k_images/flickr30k_images/flickr30k_images/4489591327.jpg,person,0.7309512495994568,277.60791015625,166.71995544433594,298.5073547363281,220.2372589111328,16
Flickr30K/4489591327.jpg,/content/Image_captioning_Local/Flickr30K/flickr30k_images/flickr30k_images/flickr30k_images/4489591327.jpg,person,0.7128051519393921,174.61854553222656,167.62356567382812,190.80490112304688,217.19876098632812,16
Flickr30K/4489591327.jpg,/content/Image_captioning_Local/Flickr30K/flickr30k_images/flickr30k_images/flickr30k_images/4489591327.jpg,suitcase,0.6315025687217712,309.14190673828125,206.91722106933594,322.16656494140625,225.0367889404297,16
Flickr30K/4489591327.jpg,/content/Image_captioning_Local/Flickr30K/flickr30k_images/flickr30k_images/flickr30k_images/4489591327.jpg,person,0.5807265639305115,190.50857543945312,167.23301696777344,206.07579040527344,214.13958740234375,16
Flickr30K/4489591327.jpg,/content/Image_captioning_Local/Flickr30K/flickr30k_images/flickr30k_images/flickr30k_images/4489591327.jpg,person,0.5802879929542542,180.18206787109375,165.98541259765625,200.19778442382812,219.75733947753906,16
Flickr30K/4489591327.jpg,/content/Image_captioning_Local/Flickr30K/flickr30k_images/flickr30k_images/flickr30k_images/4489591327.jpg,person,0.3304840624332428,309.5943908691406,172.03602600097656,317.70977783203125,206.3376007080078,16
Flickr30K/4489591327.jpg,/content/Image_captioning_Local/Flickr30K/flickr30k_images/flickr30k_images/flickr30k_images/4489591327.jpg,handbag,0.3047676086425781,308.9743347167969,207.1462860107422,323.09796142578125,225.6421356201172,16
Flickr30K/4489591327.jpg,/content/Image_captioning_Local/Flickr30K/flickr30k_images/flickr30k_images/flickr30k_images/4489591327.jpg,backpack,0.29056140780448914,131.87863159179688,178.3196258544922,152.1249237060547,200.74903869628906,16
Flickr30K/4489731.jpg,/content/Image_captioning_Local/Flickr30K/flickr30k_images/flickr30k_images/flickr30k_images/4489731.jpg,bottle,0.8708463311195374,371.6613464355469,278.6041564941406,414.07464599609375,373.62860107421875,14
Flickr30K/4489731.jpg,/content/Image_captioning_Local/Flickr30K/flickr30k_images/flickr30k_images/flickr30k_images/4489731.jpg,person,0.844719409942627,249.8167266845703,104.81877136230469,318.9959411621094,233.40817260742188,14
Flickr30K/4489731.jpg,/content/Image_captioning_Local/Flickr30K/flickr30k_images/flickr30k_images/flickr30k_images/4489731.jpg,person,0.8405696749687195,25.84056854248047,124.0909194946289,240.97006225585938,365.359130859375,14
Flickr30K/4489731.jpg,/content/Image_captioning_Local/Flickr30K/flickr30k_images/flickr30k_images/flickr30k_images/4489731.jpg,person,0.7678334712982178,390.847900390625,89.47967529296875,447.832763671875,304.26763916015625,14
Flickr30K/4489731.jpg,/content/Image_captioning_Local/Flickr30K/flickr30k_images/flickr30k_images/flickr30k_images/4489731.jpg,bottle,0.7490077614784241,249.34494018554688,293.1604919433594,292.5614013671875,374.0982971191406,14
Flickr30K/4489731.jpg,/content/Image_captioning_Local/Flickr30K/flickr30k_images/flickr30k_images/flickr30k_images/4489731.jpg,bottle,0.6769309043884277,316.05145263671875,325.2397155761719,353.9609069824219,373.3120422363281,14
Flickr30K/4489731.jpg,/content/Image_captioning_Local/Flickr30K/flickr30k_images/flickr30k_images/flickr30k_images/4489731.jpg,person,0.6513165831565857,305.3167724609375,122.73004913330078,403.5726623535156,335.42431640625,14
Flickr30K/4489731.jpg,/content/Image_captioning_Local/Flickr30K/flickr30k_images/flickr30k_images/flickr30k_images/4489731.jpg,bottle,0.649456799030304,184.5692138671875,279.447509765625,228.6099395751953,374.5909118652344,14
Flickr30K/4489731.jpg,/content/Image_captioning_Local/Flickr30K/flickr30k_images/flickr30k_images/flickr30k_images/4489731.jpg,bottle,0.6149213910102844,196.8980712890625,240.27108764648438,219.005615234375,280.51165771484375,14
Flickr30K/4489731.jpg,/content/Image_captioning_Local/Flickr30K/flickr30k_images/flickr30k_images/flickr30k_images/4489731.jpg,bottle,0.5564496517181396,218.20008850097656,255.2034149169922,240.2897186279297,291.6764831542969,14
Flickr30K/4489731.jpg,/content/Image_captioning_Local/Flickr30K/flickr30k_images/flickr30k_images/flickr30k_images/4489731.jpg,cup,0.5509567856788635,159.62013244628906,302.06927490234375,180.28244018554688,344.7677001953125,14
Flickr30K/4489731.jpg,/content/Image_captioning_Local/Flickr30K/flickr30k_images/flickr30k_images/flickr30k_images/4489731.jpg,person,0.5381289720535278,30.598562240600586,102.36104583740234,112.5052490234375,230.92108154296875,14
Flickr30K/4489731.jpg,/content/Image_captioning_Local/Flickr30K/flickr30k_images/flickr30k_images/flickr30k_images/4489731.jpg,person,0.39337337017059326,25.218639373779297,101.89049530029297,119.8733901977539,363.29937744140625,14
Flickr30K/4489731.jpg,/content/Image_captioning_Local/Flickr30K/flickr30k_images/flickr30k_images/flickr30k_images/4489731.jpg,bottle,0.38961371779441833,172.446533203125,244.5453338623047,195.27919006347656,297.024658203125,14
Flickr30K/4489804619.jpg,/content/Image_captioning_Local/Flickr30K/flickr30k_images/flickr30k_images/flickr30k_images/4489804619.jpg,person,0.9075722694396973,72.74565124511719,158.4582977294922,121.13575744628906,289.1105041503906,2
Flickr30K/4489804619.jpg,/content/Image_captioning_Local/Flickr30K/flickr30k_images/flickr30k_images/flickr30k_images/4489804619.jpg,person,0.9072691798210144,107.28795623779297,194.2861785888672,155.82859802246094,298.0555419921875,2
Flickr30K/4489812039.jpg,/content/Image_captioning_Local/Flickr30K/flickr30k_images/flickr30k_images/flickr30k_images/4489812039.jpg,person,0.8340983390808105,281.4988708496094,129.84230041503906,323.2003173828125,204.02243041992188,3
Flickr30K/4489812039.jpg,/content/Image_captioning_Local/Flickr30K/flickr30k_images/flickr30k_images/flickr30k_images/4489812039.jpg,motorcycle,0.7828372716903687,252.13661193847656,168.6145782470703,341.69195556640625,221.75135803222656,3
Flickr30K/4489812039.jpg,/content/Image_captioning_Local/Flickr30K/flickr30k_images/flickr30k_images/flickr30k_images/4489812039.jpg,person,0.26422205567359924,259.7754821777344,159.11590576171875,336.6694030761719,220.45957946777344,3
Flickr30K/4489833894.jpg,/content/Image_captioning_Local/Flickr30K/flickr30k_images/flickr30k_images/flickr30k_images/4489833894.jpg,sports ball,0.9112064838409424,175.61119079589844,215.43402099609375,199.37574768066406,237.22877502441406,5
Flickr30K/4489833894.jpg,/content/Image_captioning_Local/Flickr30K/flickr30k_images/flickr30k_images/flickr30k_images/4489833894.jpg,baseball glove,0.8601427674293518,3.014969825744629,263.74810791015625,53.19941711425781,308.1807556152344,5
Flickr30K/4489833894.jpg,/content/Image_captioning_Local/Flickr30K/flickr30k_images/flickr30k_images/flickr30k_images/4489833894.jpg,person,0.8135470747947693,166.5052947998047,155.4711456298828,321.5943908691406,432.21002197265625,5
Flickr30K/4489833894.jpg,/content/Image_captioning_Local/Flickr30K/flickr30k_images/flickr30k_images/flickr30k_images/4489833894.jpg,person,0.7893638610839844,8.413100242614746,136.93753051757812,173.54542541503906,472.2598876953125,5
Flickr30K/4489833894.jpg,/content/Image_captioning_Local/Flickr30K/flickr30k_images/flickr30k_images/flickr30k_images/4489833894.jpg,baseball glove,0.6104400753974915,249.88577270507812,195.84860229492188,298.7217102050781,247.0603485107422,5
Flickr30K/4489839598.jpg,/content/Image_captioning_Local/Flickr30K/flickr30k_images/flickr30k_images/flickr30k_images/4489839598.jpg,person,0.8818511962890625,3.676724433898926,23.68931770324707,322.65240478515625,500.0,5
Flickr30K/4489839598.jpg,/content/Image_captioning_Local/Flickr30K/flickr30k_images/flickr30k_images/flickr30k_images/4489839598.jpg,person,0.7383818626403809,1.8318712711334229,0.5584418773651123,114.12346649169922,144.1510009765625,5
Flickr30K/4489839598.jpg,/content/Image_captioning_Local/Flickr30K/flickr30k_images/flickr30k_images/flickr30k_images/4489839598.jpg,chair,0.43793532252311707,0.007152557373046875,310.485595703125,65.40245819091797,495.1493835449219,5
Flickr30K/4489839598.jpg,/content/Image_captioning_Local/Flickr30K/flickr30k_images/flickr30k_images/flickr30k_images/4489839598.jpg,person,0.4215576946735382,0.439298152923584,74.19325256347656,76.97845458984375,331.7142333984375,5
Flickr30K/4489839598.jpg,/content/Image_captioning_Local/Flickr30K/flickr30k_images/flickr30k_images/flickr30k_images/4489839598.jpg,person,0.26758500933647156,235.65708923339844,72.919677734375,343.8408508300781,473.67486572265625,5
Flickr30K/4489840302.jpg,/content/Image_captioning_Local/Flickr30K/flickr30k_images/flickr30k_images/flickr30k_images/4489840302.jpg,person,0.9053861498832703,26.139545440673828,32.11991882324219,252.25390625,500.0,2
Flickr30K/4489840302.jpg,/content/Image_captioning_Local/Flickr30K/flickr30k_images/flickr30k_images/flickr30k_images/4489840302.jpg,remote,0.27669233083724976,93.19432067871094,403.7996826171875,122.29135131835938,449.4033203125,2
Flickr30K/4489857517.jpg,/content/Image_captioning_Local/Flickr30K/flickr30k_images/flickr30k_images/flickr30k_images/4489857517.jpg,person,0.8938241004943848,146.5738525390625,215.94200134277344,226.84524536132812,481.4358215332031,5
Flickr30K/4489857517.jpg,/content/Image_captioning_Local/Flickr30K/flickr30k_images/flickr30k_images/flickr30k_images/4489857517.jpg,person,0.8543334007263184,69.80020141601562,242.4771728515625,149.07284545898438,491.1195373535156,5
Flickr30K/4489857517.jpg,/content/Image_captioning_Local/Flickr30K/flickr30k_images/flickr30k_images/flickr30k_images/4489857517.jpg,car,0.835080623626709,0.40165185928344727,285.2672119140625,80.05885314941406,475.47894287109375,5
Flickr30K/4489857517.jpg,/content/Image_captioning_Local/Flickr30K/flickr30k_images/flickr30k_images/flickr30k_images/4489857517.jpg,stop sign,0.8162785172462463,187.93368530273438,35.06196212768555,266.7595520019531,127.33423614501953,5
Flickr30K/4489857517.jpg,/content/Image_captioning_Local/Flickr30K/flickr30k_images/flickr30k_images/flickr30k_images/4489857517.jpg,handbag,0.6523404121398926,68.58036041259766,279.12677001953125,108.91716766357422,374.7174987792969,5
Flickr30K/44904567.jpg,/content/Image_captioning_Local/Flickr30K/flickr30k_images/flickr30k_images/flickr30k_images/44904567.jpg,person,0.848963737487793,31.705677032470703,278.63946533203125,353.46807861328125,499.94549560546875,1
Flickr30K/4490635744.jpg,/content/Image_captioning_Local/Flickr30K/flickr30k_images/flickr30k_images/flickr30k_images/4490635744.jpg,person,0.9041661024093628,331.56591796875,32.082252502441406,437.09429931640625,365.897705078125,16
Flickr30K/4490635744.jpg,/content/Image_captioning_Local/Flickr30K/flickr30k_images/flickr30k_images/flickr30k_images/4490635744.jpg,person,0.9041048288345337,120.79940032958984,265.48046875,261.470947265625,427.9818420410156,16
Flickr30K/4490635744.jpg,/content/Image_captioning_Local/Flickr30K/flickr30k_images/flickr30k_images/flickr30k_images/4490635744.jpg,person,0.8957139849662781,2.4831771850585938,270.0506286621094,130.9912872314453,427.05499267578125,16
Flickr30K/4490635744.jpg,/content/Image_captioning_Local/Flickr30K/flickr30k_images/flickr30k_images/flickr30k_images/4490635744.jpg,person,0.8860957622528076,215.64039611816406,34.77902603149414,325.4893798828125,363.0260925292969,16
Flickr30K/4490635744.jpg,/content/Image_captioning_Local/Flickr30K/flickr30k_images/flickr30k_images/flickr30k_images/4490635744.jpg,person,0.6343333125114441,0.04795938730239868,289.86517333984375,36.73408508300781,426.5013732910156,16
Flickr30K/4490635744.jpg,/content/Image_captioning_Local/Flickr30K/flickr30k_images/flickr30k_images/flickr30k_images/4490635744.jpg,person,0.5394435524940491,177.02088928222656,203.10723876953125,210.62049865722656,287.12738037109375,16
Flickr30K/4490635744.jpg,/content/Image_captioning_Local/Flickr30K/flickr30k_images/flickr30k_images/flickr30k_images/4490635744.jpg,person,0.48089855909347534,157.14205932617188,200.13687133789062,183.1874237060547,270.935791015625,16
Flickr30K/4490635744.jpg,/content/Image_captioning_Local/Flickr30K/flickr30k_images/flickr30k_images/flickr30k_images/4490635744.jpg,person,0.45729705691337585,105.5840835571289,197.297607421875,133.52734375,305.6513671875,16
Flickr30K/4490635744.jpg,/content/Image_captioning_Local/Flickr30K/flickr30k_images/flickr30k_images/flickr30k_images/4490635744.jpg,person,0.44616439938545227,16.922931671142578,148.73741149902344,54.418087005615234,204.49070739746094,16
Flickr30K/4490635744.jpg,/content/Image_captioning_Local/Flickr30K/flickr30k_images/flickr30k_images/flickr30k_images/4490635744.jpg,person,0.43921998143196106,451.3804016113281,206.36117553710938,479.5752868652344,298.8791198730469,16
Flickr30K/4490635744.jpg,/content/Image_captioning_Local/Flickr30K/flickr30k_images/flickr30k_images/flickr30k_images/4490635744.jpg,person,0.4154307246208191,472.41827392578125,206.55067443847656,498.7587585449219,298.4603576660156,16
Flickr30K/4490635744.jpg,/content/Image_captioning_Local/Flickr30K/flickr30k_images/flickr30k_images/flickr30k_images/4490635744.jpg,person,0.4065985083580017,488.5235900878906,203.6930389404297,500.0,229.1463623046875,16
Flickr30K/4490635744.jpg,/content/Image_captioning_Local/Flickr30K/flickr30k_images/flickr30k_images/flickr30k_images/4490635744.jpg,person,0.37681862711906433,53.74160385131836,167.7893829345703,89.1192855834961,220.55160522460938,16
Flickr30K/4490635744.jpg,/content/Image_captioning_Local/Flickr30K/flickr30k_images/flickr30k_images/flickr30k_images/4490635744.jpg,person,0.35976266860961914,139.9705810546875,197.4374237060547,161.7937469482422,275.4248962402344,16
Flickr30K/4490635744.jpg,/content/Image_captioning_Local/Flickr30K/flickr30k_images/flickr30k_images/flickr30k_images/4490635744.jpg,person,0.34163564443588257,209.2419891357422,204.19248962402344,242.5078582763672,301.9268493652344,16
Flickr30K/4490635744.jpg,/content/Image_captioning_Local/Flickr30K/flickr30k_images/flickr30k_images/flickr30k_images/4490635744.jpg,person,0.32508429884910583,318.8260803222656,197.47520446777344,344.09423828125,294.74237060546875,16
Flickr30K/4490660229.jpg,/content/Image_captioning_Local/Flickr30K/flickr30k_images/flickr30k_images/flickr30k_images/4490660229.jpg,car,0.7280976176261902,255.3580780029297,32.706905364990234,321.8207702636719,85.02192687988281,11
Flickr30K/4490660229.jpg,/content/Image_captioning_Local/Flickr30K/flickr30k_images/flickr30k_images/flickr30k_images/4490660229.jpg,person,0.649598240852356,15.255230903625488,28.771448135375977,162.13751220703125,482.9802551269531,11
Flickr30K/4490660229.jpg,/content/Image_captioning_Local/Flickr30K/flickr30k_images/flickr30k_images/flickr30k_images/4490660229.jpg,person,0.6205276250839233,126.38556671142578,17.961669921875,248.7200927734375,462.7514953613281,11
Flickr30K/4490660229.jpg,/content/Image_captioning_Local/Flickr30K/flickr30k_images/flickr30k_images/flickr30k_images/4490660229.jpg,car,0.5955985188484192,220.34402465820312,17.182117462158203,268.4805908203125,73.88420104980469,11
Flickr30K/4490660229.jpg,/content/Image_captioning_Local/Flickr30K/flickr30k_images/flickr30k_images/flickr30k_images/4490660229.jpg,car,0.5687565207481384,10.480457305908203,25.02783203125,51.41454315185547,66.3192138671875,11
Flickr30K/4490660229.jpg,/content/Image_captioning_Local/Flickr30K/flickr30k_images/flickr30k_images/flickr30k_images/4490660229.jpg,car,0.46578162908554077,187.0179901123047,17.77583885192871,230.9727020263672,63.2484016418457,11
Flickr30K/4490660229.jpg,/content/Image_captioning_Local/Flickr30K/flickr30k_images/flickr30k_images/flickr30k_images/4490660229.jpg,car,0.39907175302505493,57.96364974975586,25.42571449279785,107.88230895996094,74.61495971679688,11
Flickr30K/4490660229.jpg,/content/Image_captioning_Local/Flickr30K/flickr30k_images/flickr30k_images/flickr30k_images/4490660229.jpg,person,0.3323209285736084,0.43258070945739746,77.9306640625,50.518314361572266,336.69378662109375,11
Flickr30K/4490660229.jpg,/content/Image_captioning_Local/Flickr30K/flickr30k_images/flickr30k_images/flickr30k_images/4490660229.jpg,person,0.31860676407814026,2.765089273452759,59.398712158203125,50.97590255737305,185.5849151611328,11
Flickr30K/4490660229.jpg,/content/Image_captioning_Local/Flickr30K/flickr30k_images/flickr30k_images/flickr30k_images/4490660229.jpg,car,0.31732818484306335,267.2850341796875,10.79413890838623,320.4389953613281,41.79904556274414,11
Flickr30K/4490660229.jpg,/content/Image_captioning_Local/Flickr30K/flickr30k_images/flickr30k_images/flickr30k_images/4490660229.jpg,person,0.2982744872570038,30.110389709472656,57.20329284667969,55.792816162109375,94.16344451904297,11
Flickr30K/4490814834.jpg,/content/Image_captioning_Local/Flickr30K/flickr30k_images/flickr30k_images/flickr30k_images/4490814834.jpg,horse,0.8886995911598206,169.17996215820312,123.02932739257812,363.2093505859375,298.1998291015625,2
Flickr30K/4490814834.jpg,/content/Image_captioning_Local/Flickr30K/flickr30k_images/flickr30k_images/flickr30k_images/4490814834.jpg,person,0.730468213558197,352.28448486328125,123.7688217163086,408.7806091308594,216.8231964111328,2
Flickr30K/4491028316.jpg,/content/Image_captioning_Local/Flickr30K/flickr30k_images/flickr30k_images/flickr30k_images/4491028316.jpg,person,0.8008544445037842,7.246160507202148,116.50928497314453,379.6853942871094,463.228515625,1
Flickr30K/4491044489.jpg,/content/Image_captioning_Local/Flickr30K/flickr30k_images/flickr30k_images/flickr30k_images/4491044489.jpg,person,0.7229896187782288,365.3743896484375,218.4221954345703,377.5579528808594,252.7791748046875,4
Flickr30K/4491044489.jpg,/content/Image_captioning_Local/Flickr30K/flickr30k_images/flickr30k_images/flickr30k_images/4491044489.jpg,person,0.7123651504516602,266.7387390136719,214.9661102294922,282.01397705078125,253.25469970703125,4
Flickr30K/4491044489.jpg,/content/Image_captioning_Local/Flickr30K/flickr30k_images/flickr30k_images/flickr30k_images/4491044489.jpg,boat,0.5035853385925293,194.917236328125,236.8670654296875,409.6837463378906,264.1409606933594,4
Flickr30K/4491044489.jpg,/content/Image_captioning_Local/Flickr30K/flickr30k_images/flickr30k_images/flickr30k_images/4491044489.jpg,umbrella,0.3079521358013153,373.915771484375,212.269287109375,408.83282470703125,233.14892578125,4
Flickr30K/4491246659.jpg,/content/Image_captioning_Local/Flickr30K/flickr30k_images/flickr30k_images/flickr30k_images/4491246659.jpg,person,0.33393558859825134,66.24969482421875,283.8786926269531,276.0455017089844,391.3619689941406,1
Flickr30K/4491304968.jpg,/content/Image_captioning_Local/Flickr30K/flickr30k_images/flickr30k_images/flickr30k_images/4491304968.jpg,person,0.8450069427490234,219.2993621826172,188.12060546875,386.35797119140625,332.07513427734375,25
Flickr30K/4491304968.jpg,/content/Image_captioning_Local/Flickr30K/flickr30k_images/flickr30k_images/flickr30k_images/4491304968.jpg,person,0.7785991430282593,112.94841766357422,158.06143188476562,252.6937713623047,329.99285888671875,25
Flickr30K/4491304968.jpg,/content/Image_captioning_Local/Flickr30K/flickr30k_images/flickr30k_images/flickr30k_images/4491304968.jpg,person,0.7014230489730835,0.16171038150787354,181.99644470214844,17.643564224243164,288.3988037109375,25
Flickr30K/4491304968.jpg,/content/Image_captioning_Local/Flickr30K/flickr30k_images/flickr30k_images/flickr30k_images/4491304968.jpg,person,0.6533677577972412,364.9691162109375,220.08123779296875,392.3831787109375,332.1388854980469,25
Flickr30K/4491304968.jpg,/content/Image_captioning_Local/Flickr30K/flickr30k_images/flickr30k_images/flickr30k_images/4491304968.jpg,person,0.6496087312698364,438.7484130859375,245.60494995117188,453.7845153808594,287.99945068359375,25
Flickr30K/4491304968.jpg,/content/Image_captioning_Local/Flickr30K/flickr30k_images/flickr30k_images/flickr30k_images/4491304968.jpg,person,0.582757294178009,72.13872528076172,190.06121826171875,86.66952514648438,228.37139892578125,25
Flickr30K/4491304968.jpg,/content/Image_captioning_Local/Flickr30K/flickr30k_images/flickr30k_images/flickr30k_images/4491304968.jpg,person,0.5500670075416565,417.45556640625,243.47084045410156,430.2029724121094,284.6070556640625,25
Flickr30K/4491304968.jpg,/content/Image_captioning_Local/Flickr30K/flickr30k_images/flickr30k_images/flickr30k_images/4491304968.jpg,handbag,0.5127617120742798,138.66583251953125,215.20008850097656,176.40040588378906,278.9493103027344,25
Flickr30K/4491304968.jpg,/content/Image_captioning_Local/Flickr30K/flickr30k_images/flickr30k_images/flickr30k_images/4491304968.jpg,person,0.5076388716697693,39.800682067871094,184.1836395263672,51.6700553894043,225.32057189941406,25
Flickr30K/4491304968.jpg,/content/Image_captioning_Local/Flickr30K/flickr30k_images/flickr30k_images/flickr30k_images/4491304968.jpg,traffic light,0.46720901131629944,132.17562866210938,153.57215881347656,143.41915893554688,169.42779541015625,25
Flickr30K/4491304968.jpg,/content/Image_captioning_Local/Flickr30K/flickr30k_images/flickr30k_images/flickr30k_images/4491304968.jpg,traffic light,0.4308467507362366,124.8714828491211,172.89361572265625,134.46856689453125,184.55868530273438,25
Flickr30K/4491304968.jpg,/content/Image_captioning_Local/Flickr30K/flickr30k_images/flickr30k_images/flickr30k_images/4491304968.jpg,person,0.421608030796051,128.4742431640625,204.61163330078125,141.0175323486328,231.5391082763672,25
Flickr30K/4491304968.jpg,/content/Image_captioning_Local/Flickr30K/flickr30k_images/flickr30k_images/flickr30k_images/4491304968.jpg,person,0.40585651993751526,263.2218017578125,221.1488037109375,275.4376525878906,241.26803588867188,25
Flickr30K/4491304968.jpg,/content/Image_captioning_Local/Flickr30K/flickr30k_images/flickr30k_images/flickr30k_images/4491304968.jpg,person,0.379614919424057,44.550453186035156,185.35987854003906,59.21662902832031,225.0708770751953,25
Flickr30K/4491304968.jpg,/content/Image_captioning_Local/Flickr30K/flickr30k_images/flickr30k_images/flickr30k_images/4491304968.jpg,person,0.3633400797843933,64.88177490234375,193.13946533203125,76.34588623046875,225.61907958984375,25
Flickr30K/4491304968.jpg,/content/Image_captioning_Local/Flickr30K/flickr30k_images/flickr30k_images/flickr30k_images/4491304968.jpg,person,0.34911614656448364,34.118560791015625,183.98941040039062,46.526275634765625,223.8157958984375,25
Flickr30K/4491304968.jpg,/content/Image_captioning_Local/Flickr30K/flickr30k_images/flickr30k_images/flickr30k_images/4491304968.jpg,skateboard,0.34672510623931885,0.0,273.6509094238281,10.320634841918945,288.06756591796875,25
Flickr30K/4491304968.jpg,/content/Image_captioning_Local/Flickr30K/flickr30k_images/flickr30k_images/flickr30k_images/4491304968.jpg,person,0.3164234161376953,27.777591705322266,186.330078125,42.95494842529297,222.8892364501953,25
Flickr30K/4491304968.jpg,/content/Image_captioning_Local/Flickr30K/flickr30k_images/flickr30k_images/flickr30k_images/4491304968.jpg,person,0.29087531566619873,51.58449935913086,188.04583740234375,64.3360824584961,224.62405395507812,25
Flickr30K/4491304968.jpg,/content/Image_captioning_Local/Flickr30K/flickr30k_images/flickr30k_images/flickr30k_images/4491304968.jpg,person,0.2852647304534912,424.9617614746094,244.63018798828125,439.0113830566406,285.5740051269531,25
Flickr30K/4491304968.jpg,/content/Image_captioning_Local/Flickr30K/flickr30k_images/flickr30k_images/flickr30k_images/4491304968.jpg,person,0.2831934690475464,315.93609619140625,220.67625427246094,377.24102783203125,330.96832275390625,25
Flickr30K/4491304968.jpg,/content/Image_captioning_Local/Flickr30K/flickr30k_images/flickr30k_images/flickr30k_images/4491304968.jpg,person,0.2753238081932068,243.56248474121094,218.4417266845703,257.2633056640625,247.0328369140625,25
Flickr30K/4491304968.jpg,/content/Image_captioning_Local/Flickr30K/flickr30k_images/flickr30k_images/flickr30k_images/4491304968.jpg,handbag,0.2724287509918213,384.38592529296875,247.0570831298828,408.99420166015625,280.5177917480469,25
Flickr30K/4491304968.jpg,/content/Image_captioning_Local/Flickr30K/flickr30k_images/flickr30k_images/flickr30k_images/4491304968.jpg,person,0.2613097131252289,86.23839569091797,194.4405059814453,99.78913879394531,223.90451049804688,25
Flickr30K/4491304968.jpg,/content/Image_captioning_Local/Flickr30K/flickr30k_images/flickr30k_images/flickr30k_images/4491304968.jpg,person,0.2562146484851837,253.3137969970703,222.8727569580078,264.4978332519531,248.84750366210938,25
Flickr30K/4491508699.jpg,/content/Image_captioning_Local/Flickr30K/flickr30k_images/flickr30k_images/flickr30k_images/4491508699.jpg,person,0.7206826210021973,263.1181945800781,16.515653610229492,337.5919189453125,188.14437866210938,4
Flickr30K/4491508699.jpg,/content/Image_captioning_Local/Flickr30K/flickr30k_images/flickr30k_images/flickr30k_images/4491508699.jpg,person,0.6602045893669128,250.7389373779297,161.88587951660156,357.1991882324219,299.60943603515625,4
Flickr30K/4491508699.jpg,/content/Image_captioning_Local/Flickr30K/flickr30k_images/flickr30k_images/flickr30k_images/4491508699.jpg,person,0.6372279524803162,50.73215866088867,152.77447509765625,340.9219665527344,500.0,4
Flickr30K/4491508699.jpg,/content/Image_captioning_Local/Flickr30K/flickr30k_images/flickr30k_images/flickr30k_images/4491508699.jpg,person,0.3589863181114197,162.13247680664062,152.3489990234375,270.0526428222656,282.9053039550781,4
Flickr30K/4491852454.jpg,/content/Image_captioning_Local/Flickr30K/flickr30k_images/flickr30k_images/flickr30k_images/4491852454.jpg,person,0.9131181836128235,103.32650756835938,343.9076232910156,276.0656433105469,481.04571533203125,4
Flickr30K/4491852454.jpg,/content/Image_captioning_Local/Flickr30K/flickr30k_images/flickr30k_images/flickr30k_images/4491852454.jpg,person,0.8408927917480469,146.03787231445312,192.35598754882812,204.79449462890625,367.4116516113281,4
Flickr30K/4491852454.jpg,/content/Image_captioning_Local/Flickr30K/flickr30k_images/flickr30k_images/flickr30k_images/4491852454.jpg,person,0.4747640788555145,129.9705047607422,225.7577667236328,150.55780029296875,287.73406982421875,4
Flickr30K/4491852454.jpg,/content/Image_captioning_Local/Flickr30K/flickr30k_images/flickr30k_images/flickr30k_images/4491852454.jpg,stop sign,0.361350953578949,175.6282501220703,110.47956848144531,203.0333251953125,151.00367736816406,4
Flickr30K/4491975570.jpg,/content/Image_captioning_Local/Flickr30K/flickr30k_images/flickr30k_images/flickr30k_images/4491975570.jpg,car,0.8632930517196655,0.5535662174224854,127.43621063232422,45.91911315917969,182.80320739746094,12
Flickr30K/4491975570.jpg,/content/Image_captioning_Local/Flickr30K/flickr30k_images/flickr30k_images/flickr30k_images/4491975570.jpg,person,0.7644917964935303,174.1793670654297,128.42459106445312,211.81561279296875,174.6398468017578,12
Flickr30K/4491975570.jpg,/content/Image_captioning_Local/Flickr30K/flickr30k_images/flickr30k_images/flickr30k_images/4491975570.jpg,person,0.6897376775741577,281.03240966796875,110.01811218261719,309.5625915527344,157.9539337158203,12
Flickr30K/4491975570.jpg,/content/Image_captioning_Local/Flickr30K/flickr30k_images/flickr30k_images/flickr30k_images/4491975570.jpg,car,0.673233151435852,409.7428283691406,88.81282043457031,499.3343505859375,154.9001007080078,12
Flickr30K/4491975570.jpg,/content/Image_captioning_Local/Flickr30K/flickr30k_images/flickr30k_images/flickr30k_images/4491975570.jpg,person,0.6730857491493225,256.9127502441406,114.83721923828125,277.0272216796875,162.6600341796875,12
Flickr30K/4491975570.jpg,/content/Image_captioning_Local/Flickr30K/flickr30k_images/flickr30k_images/flickr30k_images/4491975570.jpg,person,0.6519283056259155,144.88223266601562,92.20511627197266,177.17613220214844,171.49014282226562,12
Flickr30K/4491975570.jpg,/content/Image_captioning_Local/Flickr30K/flickr30k_images/flickr30k_images/flickr30k_images/4491975570.jpg,car,0.6408698558807373,336.195556640625,91.96471405029297,426.1537170410156,155.82855224609375,12
Flickr30K/4491975570.jpg,/content/Image_captioning_Local/Flickr30K/flickr30k_images/flickr30k_images/flickr30k_images/4491975570.jpg,person,0.49684256315231323,118.08321380615234,137.40921020507812,152.5055389404297,175.54002380371094,12
Flickr30K/4491975570.jpg,/content/Image_captioning_Local/Flickr30K/flickr30k_images/flickr30k_images/flickr30k_images/4491975570.jpg,car,0.4855440557003021,75.09451293945312,95.47380828857422,268.9939880371094,169.15347290039062,12
Flickr30K/4491975570.jpg,/content/Image_captioning_Local/Flickr30K/flickr30k_images/flickr30k_images/flickr30k_images/4491975570.jpg,car,0.278908371925354,72.175048828125,96.780029296875,156.9913330078125,162.20095825195312,12
Flickr30K/4491975570.jpg,/content/Image_captioning_Local/Flickr30K/flickr30k_images/flickr30k_images/flickr30k_images/4491975570.jpg,skateboard,0.2555994987487793,144.4043426513672,164.0801239013672,175.31776428222656,175.68414306640625,12
Flickr30K/4491975570.jpg,/content/Image_captioning_Local/Flickr30K/flickr30k_images/flickr30k_images/flickr30k_images/4491975570.jpg,person,0.2549201548099518,68.16475677490234,94.72413635253906,264.03619384765625,171.45433044433594,12
Flickr30K/449233992.jpg,/content/Image_captioning_Local/Flickr30K/flickr30k_images/flickr30k_images/flickr30k_images/449233992.jpg,person,0.8845713138580322,232.38742065429688,314.0310363769531,284.384765625,479.78704833984375,16
Flickr30K/449233992.jpg,/content/Image_captioning_Local/Flickr30K/flickr30k_images/flickr30k_images/flickr30k_images/449233992.jpg,person,0.8679016828536987,188.2765350341797,317.2423095703125,235.14666748046875,470.4831237792969,16
Flickr30K/449233992.jpg,/content/Image_captioning_Local/Flickr30K/flickr30k_images/flickr30k_images/flickr30k_images/449233992.jpg,person,0.8600257635116577,82.65205383300781,334.6470031738281,127.64767456054688,467.48773193359375,16
Flickr30K/449233992.jpg,/content/Image_captioning_Local/Flickr30K/flickr30k_images/flickr30k_images/flickr30k_images/449233992.jpg,person,0.857468843460083,134.3245086669922,297.2978820800781,195.69964599609375,477.8493957519531,16
Flickr30K/449233992.jpg,/content/Image_captioning_Local/Flickr30K/flickr30k_images/flickr30k_images/flickr30k_images/449233992.jpg,person,0.7970904111862183,0.8487939834594727,293.8017578125,54.744075775146484,481.54754638671875,16
Flickr30K/449233992.jpg,/content/Image_captioning_Local/Flickr30K/flickr30k_images/flickr30k_images/flickr30k_images/449233992.jpg,person,0.7840931415557861,318.74688720703125,307.1275329589844,375.0,500.0,16
Flickr30K/449233992.jpg,/content/Image_captioning_Local/Flickr30K/flickr30k_images/flickr30k_images/flickr30k_images/449233992.jpg,person,0.6907272934913635,113.8489990234375,285.3365478515625,152.4803466796875,458.2253112792969,16
Flickr30K/449233992.jpg,/content/Image_captioning_Local/Flickr30K/flickr30k_images/flickr30k_images/flickr30k_images/449233992.jpg,train,0.6891056299209595,292.1694030761719,205.65667724609375,375.0,257.70416259765625,16
Flickr30K/449233992.jpg,/content/Image_captioning_Local/Flickr30K/flickr30k_images/flickr30k_images/flickr30k_images/449233992.jpg,person,0.6577470302581787,288.29254150390625,297.84149169921875,343.49151611328125,492.826416015625,16
Flickr30K/449233992.jpg,/content/Image_captioning_Local/Flickr30K/flickr30k_images/flickr30k_images/flickr30k_images/449233992.jpg,person,0.559540331363678,72.25325012207031,309.91705322265625,87.60411834716797,345.001708984375,16
Flickr30K/449233992.jpg,/content/Image_captioning_Local/Flickr30K/flickr30k_images/flickr30k_images/flickr30k_images/449233992.jpg,handbag,0.5268791317939758,145.63162231445312,321.51690673828125,184.22605895996094,374.7029724121094,16
Flickr30K/449233992.jpg,/content/Image_captioning_Local/Flickr30K/flickr30k_images/flickr30k_images/flickr30k_images/449233992.jpg,stop sign,0.3414487838745117,63.835323333740234,18.597484588623047,301.8448791503906,323.2339172363281,16
Flickr30K/449233992.jpg,/content/Image_captioning_Local/Flickr30K/flickr30k_images/flickr30k_images/flickr30k_images/449233992.jpg,person,0.30666011571884155,348.57244873046875,249.71453857421875,359.2696228027344,277.39776611328125,16
Flickr30K/449233992.jpg,/content/Image_captioning_Local/Flickr30K/flickr30k_images/flickr30k_images/flickr30k_images/449233992.jpg,person,0.29205718636512756,56.8226203918457,308.912109375,73.44497680664062,345.775390625,16
Flickr30K/449233992.jpg,/content/Image_captioning_Local/Flickr30K/flickr30k_images/flickr30k_images/flickr30k_images/449233992.jpg,umbrella,0.28476253151893616,63.424049377441406,21.71059799194336,301.6204833984375,318.60699462890625,16
Flickr30K/449233992.jpg,/content/Image_captioning_Local/Flickr30K/flickr30k_images/flickr30k_images/flickr30k_images/449233992.jpg,handbag,0.27501243352890015,280.7124938964844,371.60992431640625,303.70086669921875,422.5339050292969,16
Flickr30K/449236667.jpg,/content/Image_captioning_Local/Flickr30K/flickr30k_images/flickr30k_images/flickr30k_images/449236667.jpg,person,0.9239295721054077,155.0624542236328,190.26312255859375,202.98492431640625,293.84857177734375,1
Flickr30K/4492480277.jpg,/content/Image_captioning_Local/Flickr30K/flickr30k_images/flickr30k_images/flickr30k_images/4492480277.jpg,person,0.854332447052002,241.4997100830078,158.71693420410156,308.296630859375,250.2949981689453,1
Flickr30K/449287870.jpg,/content/Image_captioning_Local/Flickr30K/flickr30k_images/flickr30k_images/flickr30k_images/449287870.jpg,person,0.8889898061752319,123.44771575927734,46.68462371826172,278.7301940917969,461.8795471191406,1
Flickr30K/4493008657.jpg,/content/Image_captioning_Local/Flickr30K/flickr30k_images/flickr30k_images/flickr30k_images/4493008657.jpg,person,0.8410327434539795,283.1092834472656,146.12266540527344,345.4438781738281,237.11392211914062,2
Flickr30K/4493008657.jpg,/content/Image_captioning_Local/Flickr30K/flickr30k_images/flickr30k_images/flickr30k_images/4493008657.jpg,person,0.770228922367096,338.78363037109375,141.54515075683594,414.6051330566406,261.0521240234375,2
Flickr30K/4493330346.jpg,/content/Image_captioning_Local/Flickr30K/flickr30k_images/flickr30k_images/flickr30k_images/4493330346.jpg,person,0.8408893346786499,40.000553131103516,147.71987915039062,89.44387817382812,290.6465759277344,17
Flickr30K/4493330346.jpg,/content/Image_captioning_Local/Flickr30K/flickr30k_images/flickr30k_images/flickr30k_images/4493330346.jpg,person,0.8199523687362671,347.113525390625,159.13851928710938,382.959716796875,252.45472717285156,17
Flickr30K/4493330346.jpg,/content/Image_captioning_Local/Flickr30K/flickr30k_images/flickr30k_images/flickr30k_images/4493330346.jpg,person,0.785182535648346,91.91375732421875,136.4560546875,141.69631958007812,278.13958740234375,17
Flickr30K/4493330346.jpg,/content/Image_captioning_Local/Flickr30K/flickr30k_images/flickr30k_images/flickr30k_images/4493330346.jpg,person,0.7709545493125916,224.88760375976562,157.83062744140625,259.279052734375,249.54095458984375,17
Flickr30K/4493330346.jpg,/content/Image_captioning_Local/Flickr30K/flickr30k_images/flickr30k_images/flickr30k_images/4493330346.jpg,person,0.7363817095756531,386.7245788574219,146.14999389648438,426.5148620605469,237.40155029296875,17
Flickr30K/4493330346.jpg,/content/Image_captioning_Local/Flickr30K/flickr30k_images/flickr30k_images/flickr30k_images/4493330346.jpg,person,0.729734480381012,194.04713439941406,152.6997833251953,229.25320434570312,256.326171875,17
Flickr30K/4493330346.jpg,/content/Image_captioning_Local/Flickr30K/flickr30k_images/flickr30k_images/flickr30k_images/4493330346.jpg,person,0.69325852394104,134.94544982910156,147.50485229492188,176.74871826171875,269.5758361816406,17
Flickr30K/4493330346.jpg,/content/Image_captioning_Local/Flickr30K/flickr30k_images/flickr30k_images/flickr30k_images/4493330346.jpg,person,0.6704709529876709,0.0,149.53697204589844,23.793434143066406,317.23065185546875,17
Flickr30K/4493330346.jpg,/content/Image_captioning_Local/Flickr30K/flickr30k_images/flickr30k_images/flickr30k_images/4493330346.jpg,person,0.6643282175064087,464.1659851074219,143.95828247070312,495.57427978515625,238.1671905517578,17
Flickr30K/4493330346.jpg,/content/Image_captioning_Local/Flickr30K/flickr30k_images/flickr30k_images/flickr30k_images/4493330346.jpg,umbrella,0.6475104689598083,415.2000427246094,145.554443359375,449.68414306640625,158.8289794921875,17
Flickr30K/4493330346.jpg,/content/Image_captioning_Local/Flickr30K/flickr30k_images/flickr30k_images/flickr30k_images/4493330346.jpg,person,0.5535049438476562,278.3626403808594,165.98899841308594,309.3642883300781,249.5809326171875,17
Flickr30K/4493330346.jpg,/content/Image_captioning_Local/Flickr30K/flickr30k_images/flickr30k_images/flickr30k_images/4493330346.jpg,person,0.5084035992622375,16.83713722229004,143.74766540527344,48.33956527709961,244.07530212402344,17
Flickr30K/4493330346.jpg,/content/Image_captioning_Local/Flickr30K/flickr30k_images/flickr30k_images/flickr30k_images/4493330346.jpg,person,0.4868800640106201,415.3067932128906,153.0477752685547,440.828857421875,218.86227416992188,17
Flickr30K/4493330346.jpg,/content/Image_captioning_Local/Flickr30K/flickr30k_images/flickr30k_images/flickr30k_images/4493330346.jpg,person,0.44364631175994873,441.42633056640625,144.65065002441406,466.1122741699219,225.1040496826172,17
Flickr30K/4493330346.jpg,/content/Image_captioning_Local/Flickr30K/flickr30k_images/flickr30k_images/flickr30k_images/4493330346.jpg,umbrella,0.4180164635181427,271.3898010253906,159.7342987060547,313.4451599121094,180.83724975585938,17
Flickr30K/4493330346.jpg,/content/Image_captioning_Local/Flickr30K/flickr30k_images/flickr30k_images/flickr30k_images/4493330346.jpg,person,0.4132590889930725,170.1515655517578,153.7485809326172,196.10919189453125,260.0987243652344,17
Flickr30K/4493330346.jpg,/content/Image_captioning_Local/Flickr30K/flickr30k_images/flickr30k_images/flickr30k_images/4493330346.jpg,person,0.3148278295993805,330.3704833984375,172.18251037597656,349.9311218261719,234.06167602539062,17
Flickr30K/4493390025.jpg,/content/Image_captioning_Local/Flickr30K/flickr30k_images/flickr30k_images/flickr30k_images/4493390025.jpg,person,0.8574728965759277,186.82313537597656,116.74980163574219,278.27874755859375,392.938720703125,11
Flickr30K/4493390025.jpg,/content/Image_captioning_Local/Flickr30K/flickr30k_images/flickr30k_images/flickr30k_images/4493390025.jpg,person,0.7155411243438721,168.14266967773438,142.9751739501953,203.16262817382812,226.9961395263672,11
Flickr30K/4493390025.jpg,/content/Image_captioning_Local/Flickr30K/flickr30k_images/flickr30k_images/flickr30k_images/4493390025.jpg,person,0.52374666929245,464.8211364746094,179.603515625,475.2660827636719,207.9814453125,11
Flickr30K/4493390025.jpg,/content/Image_captioning_Local/Flickr30K/flickr30k_images/flickr30k_images/flickr30k_images/4493390025.jpg,person,0.4889976382255554,474.770263671875,178.60426330566406,486.9048156738281,208.2691192626953,11
Flickr30K/4493390025.jpg,/content/Image_captioning_Local/Flickr30K/flickr30k_images/flickr30k_images/flickr30k_images/4493390025.jpg,person,0.45958825945854187,436.5797424316406,179.5065460205078,446.7293395996094,207.88052368164062,11
Flickr30K/4493390025.jpg,/content/Image_captioning_Local/Flickr30K/flickr30k_images/flickr30k_images/flickr30k_images/4493390025.jpg,person,0.43963703513145447,488.4398498535156,179.2432861328125,499.6813659667969,210.21534729003906,11
Flickr30K/4493390025.jpg,/content/Image_captioning_Local/Flickr30K/flickr30k_images/flickr30k_images/flickr30k_images/4493390025.jpg,person,0.40405842661857605,447.7419738769531,179.22598266601562,459.0775451660156,207.95542907714844,11
Flickr30K/4493390025.jpg,/content/Image_captioning_Local/Flickr30K/flickr30k_images/flickr30k_images/flickr30k_images/4493390025.jpg,person,0.37081626057624817,453.4684753417969,180.1165008544922,464.4731140136719,207.5059356689453,11
Flickr30K/4493390025.jpg,/content/Image_captioning_Local/Flickr30K/flickr30k_images/flickr30k_images/flickr30k_images/4493390025.jpg,person,0.3439408242702484,427.44573974609375,182.1783447265625,436.7406311035156,206.9413604736328,11
Flickr30K/4493390025.jpg,/content/Image_captioning_Local/Flickr30K/flickr30k_images/flickr30k_images/flickr30k_images/4493390025.jpg,person,0.3216121792793274,0.0,189.6512451171875,16.0662899017334,223.88563537597656,11
Flickr30K/4493390025.jpg,/content/Image_captioning_Local/Flickr30K/flickr30k_images/flickr30k_images/flickr30k_images/4493390025.jpg,person,0.2627788484096527,439.4918518066406,179.3616180419922,452.6790771484375,207.8002471923828,11
Flickr30K/449352117.jpg,/content/Image_captioning_Local/Flickr30K/flickr30k_images/flickr30k_images/flickr30k_images/449352117.jpg,,,,,,,0
Flickr30K/4493628129.jpg,/content/Image_captioning_Local/Flickr30K/flickr30k_images/flickr30k_images/flickr30k_images/4493628129.jpg,person,0.9107549786567688,329.93524169921875,134.97557067871094,403.3157958984375,380.5944519042969,7
Flickr30K/4493628129.jpg,/content/Image_captioning_Local/Flickr30K/flickr30k_images/flickr30k_images/flickr30k_images/4493628129.jpg,person,0.8308338522911072,9.545999526977539,89.90478515625,104.86846923828125,347.0235290527344,7
Flickr30K/4493628129.jpg,/content/Image_captioning_Local/Flickr30K/flickr30k_images/flickr30k_images/flickr30k_images/4493628129.jpg,person,0.7518259286880493,130.28521728515625,86.2579345703125,183.0404815673828,198.007080078125,7
Flickr30K/4493628129.jpg,/content/Image_captioning_Local/Flickr30K/flickr30k_images/flickr30k_images/flickr30k_images/4493628129.jpg,person,0.6366579532623291,75.2529525756836,62.15663146972656,372.81317138671875,499.95404052734375,7
Flickr30K/4493628129.jpg,/content/Image_captioning_Local/Flickr30K/flickr30k_images/flickr30k_images/flickr30k_images/4493628129.jpg,person,0.5879655480384827,0.0,123.75901794433594,28.385284423828125,327.2213439941406,7
Flickr30K/4493628129.jpg,/content/Image_captioning_Local/Flickr30K/flickr30k_images/flickr30k_images/flickr30k_images/4493628129.jpg,person,0.5496461391448975,91.80585479736328,126.09625244140625,131.42477416992188,263.689453125,7
Flickr30K/4493628129.jpg,/content/Image_captioning_Local/Flickr30K/flickr30k_images/flickr30k_images/flickr30k_images/4493628129.jpg,person,0.42809975147247314,394.33245849609375,165.24093627929688,420.0,387.07025146484375,7
Flickr30K/4493639153.jpg,/content/Image_captioning_Local/Flickr30K/flickr30k_images/flickr30k_images/flickr30k_images/4493639153.jpg,person,0.5330187678337097,0.0,159.86422729492188,37.617767333984375,474.3623352050781,6
Flickr30K/4493639153.jpg,/content/Image_captioning_Local/Flickr30K/flickr30k_images/flickr30k_images/flickr30k_images/4493639153.jpg,person,0.5256589651107788,53.1474609375,38.158870697021484,306.9449462890625,492.17938232421875,6
Flickr30K/4493639153.jpg,/content/Image_captioning_Local/Flickr30K/flickr30k_images/flickr30k_images/flickr30k_images/4493639153.jpg,handbag,0.48261260986328125,26.483165740966797,208.0597381591797,89.63872528076172,330.09796142578125,6
Flickr30K/4493639153.jpg,/content/Image_captioning_Local/Flickr30K/flickr30k_images/flickr30k_images/flickr30k_images/4493639153.jpg,person,0.3969716727733612,10.610687255859375,159.91213989257812,105.27733612060547,500.0,6
Flickr30K/4493639153.jpg,/content/Image_captioning_Local/Flickr30K/flickr30k_images/flickr30k_images/flickr30k_images/4493639153.jpg,handbag,0.3126247227191925,27.3958797454834,251.81507873535156,72.52890014648438,328.0420837402344,6
Flickr30K/4493639153.jpg,/content/Image_captioning_Local/Flickr30K/flickr30k_images/flickr30k_images/flickr30k_images/4493639153.jpg,cell phone,0.28348156809806824,58.81717300415039,308.0939025878906,123.84662628173828,331.7982482910156,6
Flickr30K/4493641563.jpg,/content/Image_captioning_Local/Flickr30K/flickr30k_images/flickr30k_images/flickr30k_images/4493641563.jpg,clock,0.7524424195289612,77.48733520507812,16.1624755859375,105.7099609375,47.87969970703125,6
Flickr30K/4493641563.jpg,/content/Image_captioning_Local/Flickr30K/flickr30k_images/flickr30k_images/flickr30k_images/4493641563.jpg,person,0.7159541249275208,60.654659271240234,104.31424713134766,199.36056518554688,497.6548767089844,6
Flickr30K/4493641563.jpg,/content/Image_captioning_Local/Flickr30K/flickr30k_images/flickr30k_images/flickr30k_images/4493641563.jpg,person,0.6852080821990967,16.737764358520508,320.002685546875,52.02843475341797,400.70208740234375,6
Flickr30K/4493641563.jpg,/content/Image_captioning_Local/Flickr30K/flickr30k_images/flickr30k_images/flickr30k_images/4493641563.jpg,person,0.6749393343925476,0.0,314.9862976074219,25.645519256591797,442.4349365234375,6
Flickr30K/4493641563.jpg,/content/Image_captioning_Local/Flickr30K/flickr30k_images/flickr30k_images/flickr30k_images/4493641563.jpg,person,0.4616195857524872,146.85702514648438,80.51922607421875,354.4617614746094,500.0,6
Flickr30K/4493641563.jpg,/content/Image_captioning_Local/Flickr30K/flickr30k_images/flickr30k_images/flickr30k_images/4493641563.jpg,person,0.26363450288772583,15.82654094696045,319.7100524902344,26.44122314453125,338.3106994628906,6
Flickr30K/449377293.jpg,/content/Image_captioning_Local/Flickr30K/flickr30k_images/flickr30k_images/flickr30k_images/449377293.jpg,bench,0.9174049496650696,9.024739265441895,205.22091674804688,308.27532958984375,343.15997314453125,4
Flickr30K/449377293.jpg,/content/Image_captioning_Local/Flickr30K/flickr30k_images/flickr30k_images/flickr30k_images/449377293.jpg,person,0.8233734965324402,112.41482543945312,196.6566619873047,188.07899475097656,281.3305969238281,4
Flickr30K/449377293.jpg,/content/Image_captioning_Local/Flickr30K/flickr30k_images/flickr30k_images/flickr30k_images/449377293.jpg,sports ball,0.6223320960998535,170.25961303710938,318.15924072265625,189.51614379882812,336.3978271484375,4
Flickr30K/449377293.jpg,/content/Image_captioning_Local/Flickr30K/flickr30k_images/flickr30k_images/flickr30k_images/449377293.jpg,person,0.5535383820533752,401.6188659667969,190.2516326904297,414.7097473144531,205.92236328125,4
Flickr30K/4493888517.jpg,/content/Image_captioning_Local/Flickr30K/flickr30k_images/flickr30k_images/flickr30k_images/4493888517.jpg,person,0.9068853855133057,52.31565856933594,62.1861572265625,160.93759155273438,374.8868103027344,7
Flickr30K/4493888517.jpg,/content/Image_captioning_Local/Flickr30K/flickr30k_images/flickr30k_images/flickr30k_images/4493888517.jpg,person,0.9031611680984497,398.8489685058594,150.68966674804688,432.7101135253906,253.7404327392578,7
Flickr30K/4493888517.jpg,/content/Image_captioning_Local/Flickr30K/flickr30k_images/flickr30k_images/flickr30k_images/4493888517.jpg,person,0.866265058517456,0.0,66.61588287353516,60.960758209228516,337.5957946777344,7
Flickr30K/4493888517.jpg,/content/Image_captioning_Local/Flickr30K/flickr30k_images/flickr30k_images/flickr30k_images/4493888517.jpg,person,0.7937487959861755,122.11676025390625,52.746700286865234,369.9738464355469,371.65289306640625,7
Flickr30K/4493888517.jpg,/content/Image_captioning_Local/Flickr30K/flickr30k_images/flickr30k_images/flickr30k_images/4493888517.jpg,person,0.7407287359237671,327.5738220214844,150.4319610595703,358.1862487792969,233.41046142578125,7
Flickr30K/4493888517.jpg,/content/Image_captioning_Local/Flickr30K/flickr30k_images/flickr30k_images/flickr30k_images/4493888517.jpg,backpack,0.2794272005558014,0.0,97.29361724853516,52.682830810546875,196.96969604492188,7
Flickr30K/4493888517.jpg,/content/Image_captioning_Local/Flickr30K/flickr30k_images/flickr30k_images/flickr30k_images/4493888517.jpg,person,0.2788928747177124,447.8528137207031,165.03195190429688,461.3206787109375,192.14939880371094,7
Flickr30K/4493888960.jpg,/content/Image_captioning_Local/Flickr30K/flickr30k_images/flickr30k_images/flickr30k_images/4493888960.jpg,person,0.5687351822853088,0.0,2.7684807777404785,469.2231140136719,375.0,1
Flickr30K/4494029358.jpg,/content/Image_captioning_Local/Flickr30K/flickr30k_images/flickr30k_images/flickr30k_images/4494029358.jpg,person,0.8778588771820068,136.3848876953125,175.3084716796875,251.56906127929688,346.8757019042969,16
Flickr30K/4494029358.jpg,/content/Image_captioning_Local/Flickr30K/flickr30k_images/flickr30k_images/flickr30k_images/4494029358.jpg,chair,0.8472773432731628,133.5277862548828,244.68223571777344,214.60804748535156,352.5775451660156,16
Flickr30K/4494029358.jpg,/content/Image_captioning_Local/Flickr30K/flickr30k_images/flickr30k_images/flickr30k_images/4494029358.jpg,person,0.8420559167861938,226.96568298339844,184.97097778320312,327.7766418457031,327.2691955566406,16
Flickr30K/4494029358.jpg,/content/Image_captioning_Local/Flickr30K/flickr30k_images/flickr30k_images/flickr30k_images/4494029358.jpg,car,0.8093355298042297,340.5362548828125,181.28590393066406,406.8062744140625,222.0661163330078,16
Flickr30K/4494029358.jpg,/content/Image_captioning_Local/Flickr30K/flickr30k_images/flickr30k_images/flickr30k_images/4494029358.jpg,person,0.7919495105743408,403.2040710449219,119.93689727783203,474.2989501953125,226.21893310546875,16
Flickr30K/4494029358.jpg,/content/Image_captioning_Local/Flickr30K/flickr30k_images/flickr30k_images/flickr30k_images/4494029358.jpg,bottle,0.7250941395759583,390.6629333496094,218.2152557373047,405.6912536621094,256.0091857910156,16
Flickr30K/4494029358.jpg,/content/Image_captioning_Local/Flickr30K/flickr30k_images/flickr30k_images/flickr30k_images/4494029358.jpg,person,0.713918149471283,479.96478271484375,146.38671875,500.0,234.92140197753906,16
Flickr30K/4494029358.jpg,/content/Image_captioning_Local/Flickr30K/flickr30k_images/flickr30k_images/flickr30k_images/4494029358.jpg,bottle,0.6722018718719482,413.531494140625,219.98104858398438,427.4217529296875,259.5799560546875,16
Flickr30K/4494029358.jpg,/content/Image_captioning_Local/Flickr30K/flickr30k_images/flickr30k_images/flickr30k_images/4494029358.jpg,dining table,0.5478421449661255,375.3596496582031,244.29591369628906,499.4782409667969,362.95452880859375,16
Flickr30K/4494029358.jpg,/content/Image_captioning_Local/Flickr30K/flickr30k_images/flickr30k_images/flickr30k_images/4494029358.jpg,bottle,0.5397677421569824,466.5822448730469,197.0709991455078,490.34124755859375,260.151123046875,16
Flickr30K/4494029358.jpg,/content/Image_captioning_Local/Flickr30K/flickr30k_images/flickr30k_images/flickr30k_images/4494029358.jpg,bottle,0.5165578126907349,433.8369445800781,220.2384033203125,449.35797119140625,260.88677978515625,16
Flickr30K/4494029358.jpg,/content/Image_captioning_Local/Flickr30K/flickr30k_images/flickr30k_images/flickr30k_images/4494029358.jpg,bottle,0.4849441647529602,454.8703308105469,222.0041961669922,471.3628845214844,261.1399841308594,16
Flickr30K/4494029358.jpg,/content/Image_captioning_Local/Flickr30K/flickr30k_images/flickr30k_images/flickr30k_images/4494029358.jpg,bottle,0.3870168626308441,425.703369140625,220.10986328125,435.9530029296875,257.8550109863281,16
Flickr30K/4494029358.jpg,/content/Image_captioning_Local/Flickr30K/flickr30k_images/flickr30k_images/flickr30k_images/4494029358.jpg,bottle,0.3580634295940399,414.2470703125,218.5891876220703,449.4417724609375,261.2359313964844,16
Flickr30K/4494029358.jpg,/content/Image_captioning_Local/Flickr30K/flickr30k_images/flickr30k_images/flickr30k_images/4494029358.jpg,bottle,0.3559742271900177,457.7569580078125,192.2228546142578,472.7384033203125,225.30929565429688,16
Flickr30K/4494029358.jpg,/content/Image_captioning_Local/Flickr30K/flickr30k_images/flickr30k_images/flickr30k_images/4494029358.jpg,bottle,0.3395431637763977,403.635009765625,219.1683349609375,414.6702880859375,255.88922119140625,16
Flickr30K/4494075018.jpg,/content/Image_captioning_Local/Flickr30K/flickr30k_images/flickr30k_images/flickr30k_images/4494075018.jpg,person,0.9257001280784607,310.1880798339844,183.2611846923828,413.5715026855469,331.70904541015625,7
Flickr30K/4494075018.jpg,/content/Image_captioning_Local/Flickr30K/flickr30k_images/flickr30k_images/flickr30k_images/4494075018.jpg,boat,0.8229309916496277,0.0,206.3525390625,164.9366912841797,255.74786376953125,7
Flickr30K/4494075018.jpg,/content/Image_captioning_Local/Flickr30K/flickr30k_images/flickr30k_images/flickr30k_images/4494075018.jpg,person,0.6733203530311584,60.502235412597656,187.20030212402344,80.65892791748047,210.22128295898438,7
Flickr30K/4494075018.jpg,/content/Image_captioning_Local/Flickr30K/flickr30k_images/flickr30k_images/flickr30k_images/4494075018.jpg,person,0.5324298143386841,0.0,193.22898864746094,11.694433212280273,209.8240203857422,7
Flickr30K/4494075018.jpg,/content/Image_captioning_Local/Flickr30K/flickr30k_images/flickr30k_images/flickr30k_images/4494075018.jpg,person,0.5262014269828796,21.61400604248047,191.6707763671875,38.219383239746094,208.23008728027344,7
Flickr30K/4494075018.jpg,/content/Image_captioning_Local/Flickr30K/flickr30k_images/flickr30k_images/flickr30k_images/4494075018.jpg,person,0.3997056186199188,10.135780334472656,192.6840362548828,23.813922882080078,208.87770080566406,7
Flickr30K/4494075018.jpg,/content/Image_captioning_Local/Flickr30K/flickr30k_images/flickr30k_images/flickr30k_images/4494075018.jpg,person,0.2911686301231384,13.552591323852539,191.8486785888672,28.834423065185547,214.4737548828125,7
Flickr30K/4494095559.jpg,/content/Image_captioning_Local/Flickr30K/flickr30k_images/flickr30k_images/flickr30k_images/4494095559.jpg,person,0.8951432704925537,382.8059387207031,154.3356475830078,422.8446044921875,315.81427001953125,9
Flickr30K/4494095559.jpg,/content/Image_captioning_Local/Flickr30K/flickr30k_images/flickr30k_images/flickr30k_images/4494095559.jpg,car,0.8829765319824219,141.5619354248047,156.81155395507812,175.6001434326172,170.1722412109375,9
Flickr30K/4494095559.jpg,/content/Image_captioning_Local/Flickr30K/flickr30k_images/flickr30k_images/flickr30k_images/4494095559.jpg,car,0.8595513701438904,79.68512725830078,155.2140655517578,105.99581909179688,173.00982666015625,9
Flickr30K/4494095559.jpg,/content/Image_captioning_Local/Flickr30K/flickr30k_images/flickr30k_images/flickr30k_images/4494095559.jpg,car,0.8399520516395569,10.470459938049316,183.79750061035156,43.16089630126953,207.09304809570312,9
Flickr30K/4494095559.jpg,/content/Image_captioning_Local/Flickr30K/flickr30k_images/flickr30k_images/flickr30k_images/4494095559.jpg,car,0.7349807024002075,174.78521728515625,157.13381958007812,192.25479125976562,169.47369384765625,9
Flickr30K/4494095559.jpg,/content/Image_captioning_Local/Flickr30K/flickr30k_images/flickr30k_images/flickr30k_images/4494095559.jpg,car,0.7045139074325562,5.982030868530273,155.32069396972656,33.88555145263672,170.0875244140625,9
Flickr30K/4494095559.jpg,/content/Image_captioning_Local/Flickr30K/flickr30k_images/flickr30k_images/flickr30k_images/4494095559.jpg,car,0.6485278606414795,0.2541393041610718,176.29232788085938,9.324539184570312,188.21229553222656,9
Flickr30K/4494095559.jpg,/content/Image_captioning_Local/Flickr30K/flickr30k_images/flickr30k_images/flickr30k_images/4494095559.jpg,skateboard,0.6282469630241394,393.72540283203125,303.8138427734375,420.4850158691406,316.90081787109375,9
Flickr30K/4494095559.jpg,/content/Image_captioning_Local/Flickr30K/flickr30k_images/flickr30k_images/flickr30k_images/4494095559.jpg,car,0.6079199910163879,0.5942202806472778,156.20028686523438,19.189781188964844,170.49391174316406,9
Flickr30K/4494282798.jpg,/content/Image_captioning_Local/Flickr30K/flickr30k_images/flickr30k_images/flickr30k_images/4494282798.jpg,person,0.823844850063324,31.651329040527344,27.190256118774414,321.98797607421875,500.0,7
Flickr30K/4494282798.jpg,/content/Image_captioning_Local/Flickr30K/flickr30k_images/flickr30k_images/flickr30k_images/4494282798.jpg,person,0.7639651894569397,0.0,104.38518524169922,38.94099044799805,284.93157958984375,7
Flickr30K/4494282798.jpg,/content/Image_captioning_Local/Flickr30K/flickr30k_images/flickr30k_images/flickr30k_images/4494282798.jpg,person,0.7595459818840027,269.6231384277344,73.54468536376953,336.52386474609375,186.62960815429688,7
Flickr30K/4494282798.jpg,/content/Image_captioning_Local/Flickr30K/flickr30k_images/flickr30k_images/flickr30k_images/4494282798.jpg,person,0.6732348799705505,338.1510314941406,115.02852630615234,373.76055908203125,197.24502563476562,7
Flickr30K/4494282798.jpg,/content/Image_captioning_Local/Flickr30K/flickr30k_images/flickr30k_images/flickr30k_images/4494282798.jpg,person,0.6721385717391968,37.234466552734375,108.39366912841797,82.46229553222656,280.65753173828125,7
Flickr30K/4494282798.jpg,/content/Image_captioning_Local/Flickr30K/flickr30k_images/flickr30k_images/flickr30k_images/4494282798.jpg,cell phone,0.5829758644104004,284.4431457519531,359.0926208496094,362.5772399902344,409.56988525390625,7
Flickr30K/4494282798.jpg,/content/Image_captioning_Local/Flickr30K/flickr30k_images/flickr30k_images/flickr30k_images/4494282798.jpg,backpack,0.5456324815750122,291.25982666015625,165.71661376953125,359.60498046875,352.20599365234375,7
Flickr30K/449451920.jpg,/content/Image_captioning_Local/Flickr30K/flickr30k_images/flickr30k_images/flickr30k_images/449451920.jpg,person,0.9074418544769287,87.89543151855469,121.34528350830078,302.83837890625,370.3157958984375,4
Flickr30K/449451920.jpg,/content/Image_captioning_Local/Flickr30K/flickr30k_images/flickr30k_images/flickr30k_images/449451920.jpg,bottle,0.8050987124443054,144.42213439941406,110.38892364501953,166.74996948242188,167.68887329101562,4
Flickr30K/449451920.jpg,/content/Image_captioning_Local/Flickr30K/flickr30k_images/flickr30k_images/flickr30k_images/449451920.jpg,bottle,0.39407971501350403,453.4915771484375,89.59512329101562,466.5740966796875,121.54714965820312,4
Flickr30K/449451920.jpg,/content/Image_captioning_Local/Flickr30K/flickr30k_images/flickr30k_images/flickr30k_images/449451920.jpg,bottle,0.3244464695453644,202.27969360351562,60.66840744018555,213.33702087402344,85.59152221679688,4
Flickr30K/4494936715.jpg,/content/Image_captioning_Local/Flickr30K/flickr30k_images/flickr30k_images/flickr30k_images/4494936715.jpg,person,0.7986559867858887,4.255312919616699,48.306358337402344,180.8065185546875,392.8731384277344,5
Flickr30K/4494936715.jpg,/content/Image_captioning_Local/Flickr30K/flickr30k_images/flickr30k_images/flickr30k_images/4494936715.jpg,person,0.7642718553543091,157.03253173828125,32.84449768066406,364.1460876464844,395.9374084472656,5
Flickr30K/4494936715.jpg,/content/Image_captioning_Local/Flickr30K/flickr30k_images/flickr30k_images/flickr30k_images/4494936715.jpg,person,0.6133250594139099,335.7455139160156,60.2285041809082,499.281982421875,394.2869567871094,5
Flickr30K/4494936715.jpg,/content/Image_captioning_Local/Flickr30K/flickr30k_images/flickr30k_images/flickr30k_images/4494936715.jpg,frisbee,0.4159714877605438,253.806396484375,198.80950927734375,343.7893371582031,280.8634338378906,5
Flickr30K/4494936715.jpg,/content/Image_captioning_Local/Flickr30K/flickr30k_images/flickr30k_images/flickr30k_images/4494936715.jpg,frisbee,0.27752527594566345,175.67015075683594,167.1158447265625,267.19769287109375,248.9013214111328,5
Flickr30K/4495033915.jpg,/content/Image_captioning_Local/Flickr30K/flickr30k_images/flickr30k_images/flickr30k_images/4495033915.jpg,person,0.9094807505607605,94.05510711669922,375.4805603027344,253.5221405029297,500.0,3
Flickr30K/4495033915.jpg,/content/Image_captioning_Local/Flickr30K/flickr30k_images/flickr30k_images/flickr30k_images/4495033915.jpg,cell phone,0.5235198140144348,184.643798828125,381.90679931640625,203.1186065673828,411.04144287109375,3
Flickr30K/4495033915.jpg,/content/Image_captioning_Local/Flickr30K/flickr30k_images/flickr30k_images/flickr30k_images/4495033915.jpg,clock,0.4820172190666199,224.47366333007812,298.6524658203125,241.73489379882812,318.7089538574219,3
Flickr30K/4495174902.jpg,/content/Image_captioning_Local/Flickr30K/flickr30k_images/flickr30k_images/flickr30k_images/4495174902.jpg,person,0.814955472946167,353.0953063964844,141.00299072265625,378.5648193359375,215.56906127929688,6
Flickr30K/4495174902.jpg,/content/Image_captioning_Local/Flickr30K/flickr30k_images/flickr30k_images/flickr30k_images/4495174902.jpg,person,0.6581223607063293,265.1318054199219,151.14454650878906,300.6706237792969,225.1331787109375,6
Flickr30K/4495174902.jpg,/content/Image_captioning_Local/Flickr30K/flickr30k_images/flickr30k_images/flickr30k_images/4495174902.jpg,person,0.5825388431549072,337.1071472167969,151.66552734375,357.2591857910156,213.47500610351562,6
Flickr30K/4495174902.jpg,/content/Image_captioning_Local/Flickr30K/flickr30k_images/flickr30k_images/flickr30k_images/4495174902.jpg,person,0.5355011224746704,295.2798156738281,137.69598388671875,323.8091735839844,224.9295196533203,6
Flickr30K/4495174902.jpg,/content/Image_captioning_Local/Flickr30K/flickr30k_images/flickr30k_images/flickr30k_images/4495174902.jpg,person,0.5179960131645203,249.06246948242188,133.2406005859375,273.763916015625,197.8096923828125,6
Flickr30K/4495174902.jpg,/content/Image_captioning_Local/Flickr30K/flickr30k_images/flickr30k_images/flickr30k_images/4495174902.jpg,person,0.25145748257637024,320.3417663574219,154.251953125,341.3979187011719,212.93411254882812,6
Flickr30K/44953142.jpg,/content/Image_captioning_Local/Flickr30K/flickr30k_images/flickr30k_images/flickr30k_images/44953142.jpg,chair,0.6895275115966797,284.7947998046875,38.0120849609375,329.2996826171875,106.00577545166016,2
Flickr30K/44953142.jpg,/content/Image_captioning_Local/Flickr30K/flickr30k_images/flickr30k_images/flickr30k_images/44953142.jpg,person,0.33585941791534424,177.5163116455078,33.524749755859375,392.89813232421875,456.37115478515625,2
Flickr30K/44953144.jpg,/content/Image_captioning_Local/Flickr30K/flickr30k_images/flickr30k_images/flickr30k_images/44953144.jpg,person,0.9338901042938232,2.5382161140441895,16.052276611328125,234.31414794921875,360.1554260253906,10
Flickr30K/44953144.jpg,/content/Image_captioning_Local/Flickr30K/flickr30k_images/flickr30k_images/flickr30k_images/44953144.jpg,horse,0.8200898766517639,325.4352111816406,146.27740478515625,471.576171875,355.73822021484375,10
Flickr30K/44953144.jpg,/content/Image_captioning_Local/Flickr30K/flickr30k_images/flickr30k_images/flickr30k_images/44953144.jpg,car,0.7261468768119812,354.29638671875,124.14347839355469,389.7069091796875,139.76316833496094,10
Flickr30K/44953144.jpg,/content/Image_captioning_Local/Flickr30K/flickr30k_images/flickr30k_images/flickr30k_images/44953144.jpg,chair,0.4687308669090271,249.13735961914062,151.7925567626953,262.25677490234375,168.2355194091797,10
Flickr30K/44953144.jpg,/content/Image_captioning_Local/Flickr30K/flickr30k_images/flickr30k_images/flickr30k_images/44953144.jpg,chair,0.44459110498428345,258.3902587890625,147.5388946533203,275.9544677734375,167.62619018554688,10
Flickr30K/44953144.jpg,/content/Image_captioning_Local/Flickr30K/flickr30k_images/flickr30k_images/flickr30k_images/44953144.jpg,bench,0.43516361713409424,162.12281799316406,138.47608947753906,189.43728637695312,153.6182403564453,10
Flickr30K/44953144.jpg,/content/Image_captioning_Local/Flickr30K/flickr30k_images/flickr30k_images/flickr30k_images/44953144.jpg,person,0.4016871452331543,471.34796142578125,123.4272232055664,476.29913330078125,137.31103515625,10
Flickr30K/44953144.jpg,/content/Image_captioning_Local/Flickr30K/flickr30k_images/flickr30k_images/flickr30k_images/44953144.jpg,person,0.3473570644855499,33.23438262939453,126.03361511230469,44.3056526184082,139.22030639648438,10
Flickr30K/44953144.jpg,/content/Image_captioning_Local/Flickr30K/flickr30k_images/flickr30k_images/flickr30k_images/44953144.jpg,chair,0.3405645191669464,264.66900634765625,145.58975219726562,283.8963317871094,167.27096557617188,10
Flickr30K/44953144.jpg,/content/Image_captioning_Local/Flickr30K/flickr30k_images/flickr30k_images/flickr30k_images/44953144.jpg,bench,0.2965940237045288,306.6295166015625,141.61080932617188,324.7429504394531,157.67340087890625,10
Flickr30K/4495413170.jpg,/content/Image_captioning_Local/Flickr30K/flickr30k_images/flickr30k_images/flickr30k_images/4495413170.jpg,person,0.8672739267349243,0.0,0.0,93.7256088256836,285.6216125488281,14
Flickr30K/4495413170.jpg,/content/Image_captioning_Local/Flickr30K/flickr30k_images/flickr30k_images/flickr30k_images/4495413170.jpg,person,0.8658952116966248,87.86453247070312,12.442416191101074,126.72735595703125,142.9899444580078,14
Flickr30K/4495413170.jpg,/content/Image_captioning_Local/Flickr30K/flickr30k_images/flickr30k_images/flickr30k_images/4495413170.jpg,person,0.8055445551872253,207.26206970214844,0.0,264.0365905761719,207.1448974609375,14
Flickr30K/4495413170.jpg,/content/Image_captioning_Local/Flickr30K/flickr30k_images/flickr30k_images/flickr30k_images/4495413170.jpg,person,0.7170957922935486,151.0801544189453,5.4056525230407715,200.49180603027344,155.46145629882812,14
Flickr30K/4495413170.jpg,/content/Image_captioning_Local/Flickr30K/flickr30k_images/flickr30k_images/flickr30k_images/4495413170.jpg,person,0.711378276348114,267.9584655761719,0.0,331.46087646484375,185.97869873046875,14
Flickr30K/4495413170.jpg,/content/Image_captioning_Local/Flickr30K/flickr30k_images/flickr30k_images/flickr30k_images/4495413170.jpg,backpack,0.6550127267837524,139.88442993164062,31.523221969604492,169.52340698242188,81.95032501220703,14
Flickr30K/4495413170.jpg,/content/Image_captioning_Local/Flickr30K/flickr30k_images/flickr30k_images/flickr30k_images/4495413170.jpg,person,0.6153159737586975,188.0014190673828,4.2363762855529785,223.77560424804688,160.32884216308594,14
Flickr30K/4495413170.jpg,/content/Image_captioning_Local/Flickr30K/flickr30k_images/flickr30k_images/flickr30k_images/4495413170.jpg,person,0.5914885401725769,250.1427459716797,0.0,280.9605712890625,175.56634521484375,14
Flickr30K/4495413170.jpg,/content/Image_captioning_Local/Flickr30K/flickr30k_images/flickr30k_images/flickr30k_images/4495413170.jpg,person,0.45348361134529114,332.9794616699219,4.4294891357421875,446.06085205078125,267.12139892578125,14
Flickr30K/4495413170.jpg,/content/Image_captioning_Local/Flickr30K/flickr30k_images/flickr30k_images/flickr30k_images/4495413170.jpg,handbag,0.4094618260860443,319.6031799316406,41.135223388671875,335.802490234375,89.83255004882812,14
Flickr30K/4495413170.jpg,/content/Image_captioning_Local/Flickr30K/flickr30k_images/flickr30k_images/flickr30k_images/4495413170.jpg,handbag,0.3329709470272064,368.0169677734375,13.901633262634277,431.99859619140625,134.5920867919922,14
Flickr30K/4495413170.jpg,/content/Image_captioning_Local/Flickr30K/flickr30k_images/flickr30k_images/flickr30k_images/4495413170.jpg,handbag,0.3002142608165741,298.2933044433594,7.291811943054199,336.2379455566406,92.87523651123047,14
Flickr30K/4495413170.jpg,/content/Image_captioning_Local/Flickr30K/flickr30k_images/flickr30k_images/flickr30k_images/4495413170.jpg,backpack,0.2736472487449646,212.02108764648438,7.912313938140869,254.88035583496094,79.12015533447266,14
Flickr30K/4495413170.jpg,/content/Image_captioning_Local/Flickr30K/flickr30k_images/flickr30k_images/flickr30k_images/4495413170.jpg,person,0.2521435618400574,181.496826171875,0.0,208.25350952148438,42.179412841796875,14
Flickr30K/449568654.jpg,/content/Image_captioning_Local/Flickr30K/flickr30k_images/flickr30k_images/flickr30k_images/449568654.jpg,person,0.7955099940299988,28.605133056640625,33.260093688964844,64.22925567626953,145.5888671875,5
Flickr30K/449568654.jpg,/content/Image_captioning_Local/Flickr30K/flickr30k_images/flickr30k_images/flickr30k_images/449568654.jpg,person,0.6471582055091858,287.0449523925781,82.22486114501953,319.3061828613281,160.30911254882812,5
Flickr30K/449568654.jpg,/content/Image_captioning_Local/Flickr30K/flickr30k_images/flickr30k_images/flickr30k_images/449568654.jpg,person,0.5684407949447632,51.320106506347656,21.0273380279541,300.92724609375,313.33917236328125,5
Flickr30K/449568654.jpg,/content/Image_captioning_Local/Flickr30K/flickr30k_images/flickr30k_images/flickr30k_images/449568654.jpg,person,0.4197854697704315,27.4716796875,32.08061981201172,63.35236358642578,82.97859954833984,5
Flickr30K/449568654.jpg,/content/Image_captioning_Local/Flickr30K/flickr30k_images/flickr30k_images/flickr30k_images/449568654.jpg,person,0.2898988127708435,317.54608154296875,102.31951141357422,332.7557678222656,139.94491577148438,5
Flickr30K/4495716228.jpg,/content/Image_captioning_Local/Flickr30K/flickr30k_images/flickr30k_images/flickr30k_images/4495716228.jpg,person,0.9361570477485657,257.3926086425781,92.18401336669922,312.0882873535156,243.37144470214844,6
Flickr30K/4495716228.jpg,/content/Image_captioning_Local/Flickr30K/flickr30k_images/flickr30k_images/flickr30k_images/4495716228.jpg,person,0.9360666871070862,184.55035400390625,81.58824920654297,251.90884399414062,217.98141479492188,6
Flickr30K/4495716228.jpg,/content/Image_captioning_Local/Flickr30K/flickr30k_images/flickr30k_images/flickr30k_images/4495716228.jpg,person,0.9355207085609436,368.0343933105469,129.9610137939453,423.9659423828125,273.6519775390625,6
Flickr30K/4495716228.jpg,/content/Image_captioning_Local/Flickr30K/flickr30k_images/flickr30k_images/flickr30k_images/4495716228.jpg,person,0.9305115938186646,17.35009002685547,86.3930435180664,130.3732452392578,204.2797088623047,6
Flickr30K/4495716228.jpg,/content/Image_captioning_Local/Flickr30K/flickr30k_images/flickr30k_images/flickr30k_images/4495716228.jpg,person,0.9239130616188049,434.051513671875,122.37117004394531,491.425048828125,284.53009033203125,6
Flickr30K/4495716228.jpg,/content/Image_captioning_Local/Flickr30K/flickr30k_images/flickr30k_images/flickr30k_images/4495716228.jpg,baseball glove,0.3483169972896576,433.7427673339844,204.68507385253906,441.2239685058594,221.0541229248047,6
Flickr30K/4495921495.jpg,/content/Image_captioning_Local/Flickr30K/flickr30k_images/flickr30k_images/flickr30k_images/4495921495.jpg,person,0.8166523575782776,165.49179077148438,27.885276794433594,317.01416015625,235.40957641601562,2
Flickr30K/4495921495.jpg,/content/Image_captioning_Local/Flickr30K/flickr30k_images/flickr30k_images/flickr30k_images/4495921495.jpg,bicycle,0.4015480875968933,152.0106964111328,137.19122314453125,337.307373046875,273.1752624511719,2
Flickr30K/4495952951.jpg,/content/Image_captioning_Local/Flickr30K/flickr30k_images/flickr30k_images/flickr30k_images/4495952951.jpg,person,0.9029864072799683,180.43849182128906,199.0618896484375,307.54144287109375,469.671630859375,1
Flickr30K/4496551407.jpg,/content/Image_captioning_Local/Flickr30K/flickr30k_images/flickr30k_images/flickr30k_images/4496551407.jpg,person,0.9216731786727905,36.347930908203125,144.78903198242188,209.71441650390625,317.57745361328125,2
Flickr30K/4496551407.jpg,/content/Image_captioning_Local/Flickr30K/flickr30k_images/flickr30k_images/flickr30k_images/4496551407.jpg,tie,0.7994242310523987,153.3490753173828,267.5460510253906,184.15411376953125,319.539794921875,2
Flickr30K/449669516.jpg,/content/Image_captioning_Local/Flickr30K/flickr30k_images/flickr30k_images/flickr30k_images/449669516.jpg,person,0.5887691378593445,177.38819885253906,33.52577590942383,484.3699035644531,500.0,1
Flickr30K/4496738245.jpg,/content/Image_captioning_Local/Flickr30K/flickr30k_images/flickr30k_images/flickr30k_images/4496738245.jpg,car,0.8181407451629639,0.7634520530700684,234.85964965820312,130.35897827148438,279.4334411621094,9
Flickr30K/4496738245.jpg,/content/Image_captioning_Local/Flickr30K/flickr30k_images/flickr30k_images/flickr30k_images/4496738245.jpg,person,0.6779230833053589,387.8710632324219,71.4027328491211,464.89056396484375,170.7563934326172,9
Flickr30K/4496738245.jpg,/content/Image_captioning_Local/Flickr30K/flickr30k_images/flickr30k_images/flickr30k_images/4496738245.jpg,person,0.6725361943244934,171.86085510253906,64.11339569091797,233.6302032470703,177.09329223632812,9
Flickr30K/4496738245.jpg,/content/Image_captioning_Local/Flickr30K/flickr30k_images/flickr30k_images/flickr30k_images/4496738245.jpg,backpack,0.6173755526542664,302.309814453125,112.86015319824219,350.93572998046875,170.80564880371094,9
Flickr30K/4496738245.jpg,/content/Image_captioning_Local/Flickr30K/flickr30k_images/flickr30k_images/flickr30k_images/4496738245.jpg,person,0.6138162016868591,216.56117248535156,66.7782974243164,322.1124572753906,177.0162353515625,9
Flickr30K/4496738245.jpg,/content/Image_captioning_Local/Flickr30K/flickr30k_images/flickr30k_images/flickr30k_images/4496738245.jpg,person,0.4693150520324707,386.00238037109375,68.64288330078125,467.7391052246094,287.36663818359375,9
Flickr30K/4496738245.jpg,/content/Image_captioning_Local/Flickr30K/flickr30k_images/flickr30k_images/flickr30k_images/4496738245.jpg,person,0.33889636397361755,317.8150634765625,61.69236373901367,383.8485107421875,307.55926513671875,9
Flickr30K/4496738245.jpg,/content/Image_captioning_Local/Flickr30K/flickr30k_images/flickr30k_images/flickr30k_images/4496738245.jpg,person,0.3327997624874115,180.9529571533203,61.508018493652344,329.8582763671875,332.5270080566406,9
Flickr30K/4496738245.jpg,/content/Image_captioning_Local/Flickr30K/flickr30k_images/flickr30k_images/flickr30k_images/4496738245.jpg,person,0.3310216963291168,332.14111328125,65.44014739990234,381.4617614746094,172.41748046875,9
Flickr30K/449684978.jpg,/content/Image_captioning_Local/Flickr30K/flickr30k_images/flickr30k_images/flickr30k_images/449684978.jpg,person,0.7914401292800903,48.0517578125,236.1067352294922,136.18417358398438,330.6678161621094,5
Flickr30K/449684978.jpg,/content/Image_captioning_Local/Flickr30K/flickr30k_images/flickr30k_images/flickr30k_images/449684978.jpg,person,0.7883166670799255,101.96243286132812,12.674015998840332,323.2022705078125,332.35260009765625,5
Flickr30K/449684978.jpg,/content/Image_captioning_Local/Flickr30K/flickr30k_images/flickr30k_images/flickr30k_images/449684978.jpg,person,0.7242915630340576,340.6861877441406,169.70892333984375,438.75335693359375,329.4927673339844,5
Flickr30K/449684978.jpg,/content/Image_captioning_Local/Flickr30K/flickr30k_images/flickr30k_images/flickr30k_images/449684978.jpg,skateboard,0.5324835181236267,347.3573303222656,266.64080810546875,449.5008544921875,332.0997314453125,5
Flickr30K/449684978.jpg,/content/Image_captioning_Local/Flickr30K/flickr30k_images/flickr30k_images/flickr30k_images/449684978.jpg,tennis racket,0.3442961573600769,198.34141540527344,28.2440242767334,335.9403076171875,160.89939880371094,5
Flickr30K/449687289.jpg,/content/Image_captioning_Local/Flickr30K/flickr30k_images/flickr30k_images/flickr30k_images/449687289.jpg,person,0.694826066493988,81.66617584228516,47.38132858276367,259.1739196777344,484.8218078613281,4
Flickr30K/449687289.jpg,/content/Image_captioning_Local/Flickr30K/flickr30k_images/flickr30k_images/flickr30k_images/449687289.jpg,clock,0.29690486192703247,60.740142822265625,40.15007781982422,114.30301666259766,83.18144989013672,4
Flickr30K/449687289.jpg,/content/Image_captioning_Local/Flickr30K/flickr30k_images/flickr30k_images/flickr30k_images/449687289.jpg,tennis racket,0.2952059507369995,172.4547576904297,320.3917236328125,298.64923095703125,497.9168395996094,4
Flickr30K/449687289.jpg,/content/Image_captioning_Local/Flickr30K/flickr30k_images/flickr30k_images/flickr30k_images/449687289.jpg,tennis racket,0.2701522707939148,149.77174377441406,237.31227111816406,251.71652221679688,488.9134521484375,4
Flickr30K/4497204386.jpg,/content/Image_captioning_Local/Flickr30K/flickr30k_images/flickr30k_images/flickr30k_images/4497204386.jpg,sports ball,0.9374017119407654,44.60954666137695,393.7619934082031,138.83909606933594,491.6978759765625,3
Flickr30K/4497204386.jpg,/content/Image_captioning_Local/Flickr30K/flickr30k_images/flickr30k_images/flickr30k_images/4497204386.jpg,person,0.8613235950469971,48.65733337402344,14.668774604797363,222.30816650390625,370.9341125488281,3
Flickr30K/4497204386.jpg,/content/Image_captioning_Local/Flickr30K/flickr30k_images/flickr30k_images/flickr30k_images/4497204386.jpg,skateboard,0.5282877683639526,175.28224182128906,123.25685119628906,227.56610107421875,185.36788940429688,3
Flickr30K/4497207612.jpg,/content/Image_captioning_Local/Flickr30K/flickr30k_images/flickr30k_images/flickr30k_images/4497207612.jpg,person,0.8089350461959839,399.4970703125,122.05886840820312,469.0740051269531,330.28082275390625,3
Flickr30K/4497207612.jpg,/content/Image_captioning_Local/Flickr30K/flickr30k_images/flickr30k_images/flickr30k_images/4497207612.jpg,handbag,0.6075929999351501,402.1011962890625,150.6947784423828,454.7558288574219,233.16452026367188,3
Flickr30K/4497207612.jpg,/content/Image_captioning_Local/Flickr30K/flickr30k_images/flickr30k_images/flickr30k_images/4497207612.jpg,person,0.3957638740539551,487.2598571777344,198.19114685058594,499.582763671875,256.1441650390625,3
Flickr30K/449726718.jpg,/content/Image_captioning_Local/Flickr30K/flickr30k_images/flickr30k_images/flickr30k_images/449726718.jpg,person,0.9118118286132812,273.76812744140625,50.649166107177734,376.89312744140625,265.6872253417969,3
Flickr30K/449726718.jpg,/content/Image_captioning_Local/Flickr30K/flickr30k_images/flickr30k_images/flickr30k_images/449726718.jpg,bicycle,0.7902423739433289,275.9055480957031,137.79270935058594,341.6564025878906,277.85028076171875,3
Flickr30K/449726718.jpg,/content/Image_captioning_Local/Flickr30K/flickr30k_images/flickr30k_images/flickr30k_images/449726718.jpg,handbag,0.25211405754089355,284.7415771484375,140.1359100341797,341.2980651855469,178.96495056152344,3
Flickr30K/4497283483.jpg,/content/Image_captioning_Local/Flickr30K/flickr30k_images/flickr30k_images/flickr30k_images/4497283483.jpg,person,0.9094313383102417,34.68618392944336,148.4213409423828,210.45556640625,245.7915802001953,3
Flickr30K/4497283483.jpg,/content/Image_captioning_Local/Flickr30K/flickr30k_images/flickr30k_images/flickr30k_images/4497283483.jpg,person,0.8858697414398193,123.17191314697266,34.8698844909668,313.3095703125,217.62449645996094,3
Flickr30K/4497283483.jpg,/content/Image_captioning_Local/Flickr30K/flickr30k_images/flickr30k_images/flickr30k_images/4497283483.jpg,sports ball,0.4182913601398468,338.7809143066406,138.6389923095703,345.1560363769531,144.84202575683594,3
Flickr30K/4497490074.jpg,/content/Image_captioning_Local/Flickr30K/flickr30k_images/flickr30k_images/flickr30k_images/4497490074.jpg,person,0.8550357818603516,255.3505401611328,46.185123443603516,495.0733642578125,367.91864013671875,10
Flickr30K/4497490074.jpg,/content/Image_captioning_Local/Flickr30K/flickr30k_images/flickr30k_images/flickr30k_images/4497490074.jpg,cup,0.8300170302391052,87.76052856445312,256.39556884765625,132.4296112060547,311.1329345703125,10
Flickr30K/4497490074.jpg,/content/Image_captioning_Local/Flickr30K/flickr30k_images/flickr30k_images/flickr30k_images/4497490074.jpg,cup,0.656323254108429,229.5572052001953,269.8013916015625,256.0281066894531,315.5729675292969,10
Flickr30K/4497490074.jpg,/content/Image_captioning_Local/Flickr30K/flickr30k_images/flickr30k_images/flickr30k_images/4497490074.jpg,cup,0.48168686032295227,143.3601531982422,193.34573364257812,168.1419219970703,236.20791625976562,10
Flickr30K/4497490074.jpg,/content/Image_captioning_Local/Flickr30K/flickr30k_images/flickr30k_images/flickr30k_images/4497490074.jpg,cup,0.37587225437164307,185.20947265625,204.76971435546875,211.4779510498047,249.05047607421875,10
Flickr30K/4497490074.jpg,/content/Image_captioning_Local/Flickr30K/flickr30k_images/flickr30k_images/flickr30k_images/4497490074.jpg,cup,0.3614805042743683,283.1191711425781,171.71237182617188,309.7226867675781,204.46131896972656,10
Flickr30K/4497490074.jpg,/content/Image_captioning_Local/Flickr30K/flickr30k_images/flickr30k_images/flickr30k_images/4497490074.jpg,cup,0.3499205410480499,232.5144805908203,269.1192932128906,280.9168701171875,312.4729919433594,10
Flickr30K/4497490074.jpg,/content/Image_captioning_Local/Flickr30K/flickr30k_images/flickr30k_images/flickr30k_images/4497490074.jpg,cup,0.34598129987716675,165.0764923095703,213.83900451660156,198.55567932128906,250.18777465820312,10
Flickr30K/4497490074.jpg,/content/Image_captioning_Local/Flickr30K/flickr30k_images/flickr30k_images/flickr30k_images/4497490074.jpg,person,0.30038025975227356,20.15819549560547,59.25741195678711,37.616859436035156,102.1373291015625,10
Flickr30K/4497490074.jpg,/content/Image_captioning_Local/Flickr30K/flickr30k_images/flickr30k_images/flickr30k_images/4497490074.jpg,person,0.2942788004875183,4.997516632080078,46.20101547241211,26.26999282836914,106.29158020019531,10
Flickr30K/449764037.jpg,/content/Image_captioning_Local/Flickr30K/flickr30k_images/flickr30k_images/flickr30k_images/449764037.jpg,person,0.5605874061584473,176.3794708251953,130.29940795898438,322.75994873046875,500.0,2
Flickr30K/449764037.jpg,/content/Image_captioning_Local/Flickr30K/flickr30k_images/flickr30k_images/flickr30k_images/449764037.jpg,person,0.46798792481422424,61.30204772949219,204.0357666015625,306.71319580078125,500.0,2
Flickr30K/449775807.jpg,/content/Image_captioning_Local/Flickr30K/flickr30k_images/flickr30k_images/flickr30k_images/449775807.jpg,person,0.8624735474586487,236.19325256347656,97.56266784667969,294.90911865234375,161.36767578125,7
Flickr30K/449775807.jpg,/content/Image_captioning_Local/Flickr30K/flickr30k_images/flickr30k_images/flickr30k_images/449775807.jpg,person,0.82695472240448,192.95748901367188,91.23490142822266,222.8786163330078,147.7268524169922,7
Flickr30K/449775807.jpg,/content/Image_captioning_Local/Flickr30K/flickr30k_images/flickr30k_images/flickr30k_images/449775807.jpg,person,0.7346160411834717,218.545654296875,98.39901733398438,241.12841796875,144.262451171875,7
Flickr30K/449775807.jpg,/content/Image_captioning_Local/Flickr30K/flickr30k_images/flickr30k_images/flickr30k_images/449775807.jpg,person,0.6985453963279724,118.63668060302734,101.73600006103516,160.541748046875,154.9966583251953,7
Flickr30K/449775807.jpg,/content/Image_captioning_Local/Flickr30K/flickr30k_images/flickr30k_images/flickr30k_images/449775807.jpg,person,0.6892217993736267,73.91455078125,102.64334869384766,128.43516540527344,150.3970184326172,7
Flickr30K/449775807.jpg,/content/Image_captioning_Local/Flickr30K/flickr30k_images/flickr30k_images/flickr30k_images/449775807.jpg,boat,0.36927497386932373,34.108306884765625,132.33340454101562,332.6722412109375,191.36807250976562,7
Flickr30K/449775807.jpg,/content/Image_captioning_Local/Flickr30K/flickr30k_images/flickr30k_images/flickr30k_images/449775807.jpg,person,0.32034265995025635,103.26441192626953,102.39703369140625,129.80462646484375,150.5400390625,7
Flickr30K/4497873178.jpg,/content/Image_captioning_Local/Flickr30K/flickr30k_images/flickr30k_images/flickr30k_images/4497873178.jpg,horse,0.9006443619728088,53.183746337890625,151.3028564453125,256.10858154296875,352.0356750488281,7
Flickr30K/4497873178.jpg,/content/Image_captioning_Local/Flickr30K/flickr30k_images/flickr30k_images/flickr30k_images/4497873178.jpg,car,0.8413674831390381,381.2472229003906,168.01206970214844,466.60675048828125,222.315673828125,7
Flickr30K/4497873178.jpg,/content/Image_captioning_Local/Flickr30K/flickr30k_images/flickr30k_images/flickr30k_images/4497873178.jpg,car,0.7824671864509583,51.45451354980469,223.96630859375,117.33243560791016,274.4281311035156,7
Flickr30K/4497873178.jpg,/content/Image_captioning_Local/Flickr30K/flickr30k_images/flickr30k_images/flickr30k_images/4497873178.jpg,person,0.7608090043067932,268.67156982421875,125.60242462158203,324.51678466796875,215.1944580078125,7
Flickr30K/4497873178.jpg,/content/Image_captioning_Local/Flickr30K/flickr30k_images/flickr30k_images/flickr30k_images/4497873178.jpg,person,0.6508644223213196,362.52142333984375,181.61756896972656,390.9188537597656,224.4716339111328,7
Flickr30K/4497873178.jpg,/content/Image_captioning_Local/Flickr30K/flickr30k_images/flickr30k_images/flickr30k_images/4497873178.jpg,person,0.427590548992157,346.64215087890625,181.2613525390625,367.34088134765625,208.77804565429688,7
Flickr30K/4497873178.jpg,/content/Image_captioning_Local/Flickr30K/flickr30k_images/flickr30k_images/flickr30k_images/4497873178.jpg,potted plant,0.316737562417984,245.74685668945312,162.83306884765625,265.3530578613281,187.2877655029297,7
Flickr30K/4498393852.jpg,/content/Image_captioning_Local/Flickr30K/flickr30k_images/flickr30k_images/flickr30k_images/4498393852.jpg,person,0.9285414814949036,260.4098815917969,50.08200454711914,362.7830505371094,235.39828491210938,3
Flickr30K/4498393852.jpg,/content/Image_captioning_Local/Flickr30K/flickr30k_images/flickr30k_images/flickr30k_images/4498393852.jpg,person,0.8953813910484314,218.20631408691406,67.71382141113281,271.2248229980469,245.84942626953125,3
Flickr30K/4498393852.jpg,/content/Image_captioning_Local/Flickr30K/flickr30k_images/flickr30k_images/flickr30k_images/4498393852.jpg,person,0.752068817615509,380.24468994140625,54.069435119628906,462.47955322265625,230.70687866210938,3
Flickr30K/4499295511.jpg,/content/Image_captioning_Local/Flickr30K/flickr30k_images/flickr30k_images/flickr30k_images/4499295511.jpg,person,0.9095640778541565,174.30072021484375,66.53311920166016,287.638671875,328.5339660644531,6
Flickr30K/4499295511.jpg,/content/Image_captioning_Local/Flickr30K/flickr30k_images/flickr30k_images/flickr30k_images/4499295511.jpg,person,0.8678237795829773,284.20758056640625,67.79082489013672,407.90228271484375,330.5256042480469,6
Flickr30K/4499295511.jpg,/content/Image_captioning_Local/Flickr30K/flickr30k_images/flickr30k_images/flickr30k_images/4499295511.jpg,person,0.8548169136047363,0.0,65.02433776855469,114.7401351928711,322.9669189453125,6
Flickr30K/4499295511.jpg,/content/Image_captioning_Local/Flickr30K/flickr30k_images/flickr30k_images/flickr30k_images/4499295511.jpg,handbag,0.5625548958778381,309.32196044921875,276.6120910644531,381.09649658203125,331.1689147949219,6
Flickr30K/4499295511.jpg,/content/Image_captioning_Local/Flickr30K/flickr30k_images/flickr30k_images/flickr30k_images/4499295511.jpg,handbag,0.4654836356639862,290.58123779296875,156.63096618652344,358.87518310546875,215.0554962158203,6
Flickr30K/4499295511.jpg,/content/Image_captioning_Local/Flickr30K/flickr30k_images/flickr30k_images/flickr30k_images/4499295511.jpg,bench,0.2690389156341553,379.00250244140625,166.1694793701172,499.77197265625,321.8685302734375,6
Flickr30K/4499296995.jpg,/content/Image_captioning_Local/Flickr30K/flickr30k_images/flickr30k_images/flickr30k_images/4499296995.jpg,person,0.9027618169784546,235.6221466064453,139.4947509765625,322.4058837890625,302.28460693359375,6
Flickr30K/4499296995.jpg,/content/Image_captioning_Local/Flickr30K/flickr30k_images/flickr30k_images/flickr30k_images/4499296995.jpg,person,0.8981516361236572,312.1571960449219,46.40547561645508,395.9784851074219,306.60211181640625,6
Flickr30K/4499296995.jpg,/content/Image_captioning_Local/Flickr30K/flickr30k_images/flickr30k_images/flickr30k_images/4499296995.jpg,person,0.7986270785331726,101.12593078613281,33.491676330566406,148.22158813476562,271.090576171875,6
Flickr30K/4499296995.jpg,/content/Image_captioning_Local/Flickr30K/flickr30k_images/flickr30k_images/flickr30k_images/4499296995.jpg,handbag,0.441387414932251,381.3862609863281,183.24551391601562,404.296875,228.7495574951172,6
Flickr30K/4499296995.jpg,/content/Image_captioning_Local/Flickr30K/flickr30k_images/flickr30k_images/flickr30k_images/4499296995.jpg,person,0.28358158469200134,7.8114471435546875,200.6399383544922,21.305471420288086,260.0611572265625,6
Flickr30K/4499296995.jpg,/content/Image_captioning_Local/Flickr30K/flickr30k_images/flickr30k_images/flickr30k_images/4499296995.jpg,suitcase,0.25340211391448975,375.65020751953125,228.4955291748047,397.89642333984375,280.98529052734375,6
Flickr30K/4499553575.jpg,/content/Image_captioning_Local/Flickr30K/flickr30k_images/flickr30k_images/flickr30k_images/4499553575.jpg,person,0.90985107421875,198.30140686035156,298.6573486328125,252.76971435546875,443.8778076171875,17
Flickr30K/4499553575.jpg,/content/Image_captioning_Local/Flickr30K/flickr30k_images/flickr30k_images/flickr30k_images/4499553575.jpg,person,0.8210664391517639,0.31792521476745605,324.01763916015625,69.77523803710938,500.0,17
Flickr30K/4499553575.jpg,/content/Image_captioning_Local/Flickr30K/flickr30k_images/flickr30k_images/flickr30k_images/4499553575.jpg,person,0.8052442669868469,59.99361801147461,385.6493835449219,112.39571380615234,499.48138427734375,17
Flickr30K/4499553575.jpg,/content/Image_captioning_Local/Flickr30K/flickr30k_images/flickr30k_images/flickr30k_images/4499553575.jpg,person,0.7177939414978027,138.62710571289062,227.81422424316406,160.67208862304688,271.0435485839844,17
Flickr30K/4499553575.jpg,/content/Image_captioning_Local/Flickr30K/flickr30k_images/flickr30k_images/flickr30k_images/4499553575.jpg,kite,0.5780705809593201,264.6330261230469,123.74713134765625,315.6001281738281,181.29534912109375,17
Flickr30K/4499553575.jpg,/content/Image_captioning_Local/Flickr30K/flickr30k_images/flickr30k_images/flickr30k_images/4499553575.jpg,person,0.5478523969650269,4.079759120941162,196.2932891845703,22.64483642578125,245.3291473388672,17
Flickr30K/4499553575.jpg,/content/Image_captioning_Local/Flickr30K/flickr30k_images/flickr30k_images/flickr30k_images/4499553575.jpg,person,0.4703496992588043,19.797521591186523,212.13441467285156,41.992431640625,265.32550048828125,17
Flickr30K/4499553575.jpg,/content/Image_captioning_Local/Flickr30K/flickr30k_images/flickr30k_images/flickr30k_images/4499553575.jpg,kite,0.4364009201526642,296.969970703125,157.1870574951172,332.76275634765625,218.22360229492188,17
Flickr30K/4499553575.jpg,/content/Image_captioning_Local/Flickr30K/flickr30k_images/flickr30k_images/flickr30k_images/4499553575.jpg,person,0.4182266592979431,148.7017364501953,134.48489379882812,157.40267944335938,160.5400390625,17
Flickr30K/4499553575.jpg,/content/Image_captioning_Local/Flickr30K/flickr30k_images/flickr30k_images/flickr30k_images/4499553575.jpg,person,0.35290390253067017,0.0,282.8264465332031,26.818960189819336,339.9742431640625,17
Flickr30K/4499553575.jpg,/content/Image_captioning_Local/Flickr30K/flickr30k_images/flickr30k_images/flickr30k_images/4499553575.jpg,kite,0.3506993353366852,234.9957733154297,105.24481201171875,271.30438232421875,157.998046875,17
Flickr30K/4499553575.jpg,/content/Image_captioning_Local/Flickr30K/flickr30k_images/flickr30k_images/flickr30k_images/4499553575.jpg,person,0.31911569833755493,166.2792510986328,133.41748046875,175.90476989746094,159.71009826660156,17
Flickr30K/4499553575.jpg,/content/Image_captioning_Local/Flickr30K/flickr30k_images/flickr30k_images/flickr30k_images/4499553575.jpg,person,0.3090610206127167,41.662044525146484,156.21449279785156,52.728981018066406,189.934326171875,17
Flickr30K/4499553575.jpg,/content/Image_captioning_Local/Flickr30K/flickr30k_images/flickr30k_images/flickr30k_images/4499553575.jpg,person,0.28253084421157837,164.3250732421875,126.77853393554688,172.44674682617188,156.7564697265625,17
Flickr30K/4499553575.jpg,/content/Image_captioning_Local/Flickr30K/flickr30k_images/flickr30k_images/flickr30k_images/4499553575.jpg,tennis racket,0.27667298913002014,235.58511352539062,348.4840087890625,246.29855346679688,391.2563171386719,17
Flickr30K/4499553575.jpg,/content/Image_captioning_Local/Flickr30K/flickr30k_images/flickr30k_images/flickr30k_images/4499553575.jpg,person,0.2737264633178711,28.130727767944336,199.5431365966797,43.87803649902344,220.12997436523438,17
Flickr30K/4499553575.jpg,/content/Image_captioning_Local/Flickr30K/flickr30k_images/flickr30k_images/flickr30k_images/4499553575.jpg,person,0.25855642557144165,7.8672590255737305,249.95143127441406,38.72549057006836,300.969482421875,17
Flickr30K/4499568652.jpg,/content/Image_captioning_Local/Flickr30K/flickr30k_images/flickr30k_images/flickr30k_images/4499568652.jpg,person,0.8333194255828857,226.280517578125,9.442520141601562,376.97149658203125,330.0142517089844,5
Flickr30K/4499568652.jpg,/content/Image_captioning_Local/Flickr30K/flickr30k_images/flickr30k_images/flickr30k_images/4499568652.jpg,person,0.7414287328720093,15.322362899780273,0.0,159.63697814941406,259.3092041015625,5
Flickr30K/4499568652.jpg,/content/Image_captioning_Local/Flickr30K/flickr30k_images/flickr30k_images/flickr30k_images/4499568652.jpg,person,0.43990206718444824,0.0,82.83975982666016,46.5914306640625,262.91162109375,5
Flickr30K/4499568652.jpg,/content/Image_captioning_Local/Flickr30K/flickr30k_images/flickr30k_images/flickr30k_images/4499568652.jpg,cell phone,0.35011231899261475,112.17405700683594,34.53913116455078,130.3567352294922,58.91531753540039,5
Flickr30K/4499568652.jpg,/content/Image_captioning_Local/Flickr30K/flickr30k_images/flickr30k_images/flickr30k_images/4499568652.jpg,remote,0.25000977516174316,348.3797912597656,151.46127319335938,377.2265319824219,185.84165954589844,5
Flickr30K/4499880603.jpg,/content/Image_captioning_Local/Flickr30K/flickr30k_images/flickr30k_images/flickr30k_images/4499880603.jpg,person,0.9180315732955933,86.24685668945312,132.97686767578125,198.2699737548828,344.8553466796875,20
Flickr30K/4499880603.jpg,/content/Image_captioning_Local/Flickr30K/flickr30k_images/flickr30k_images/flickr30k_images/4499880603.jpg,person,0.8999050259590149,349.853271484375,135.0579071044922,433.9260559082031,360.75628662109375,20
Flickr30K/4499880603.jpg,/content/Image_captioning_Local/Flickr30K/flickr30k_images/flickr30k_images/flickr30k_images/4499880603.jpg,person,0.8860251307487488,206.10902404785156,153.66873168945312,312.8215026855469,352.3388977050781,20
Flickr30K/4499880603.jpg,/content/Image_captioning_Local/Flickr30K/flickr30k_images/flickr30k_images/flickr30k_images/4499880603.jpg,bench,0.7708051204681396,469.3440856933594,308.1166076660156,500.0,332.7691345214844,20
Flickr30K/4499880603.jpg,/content/Image_captioning_Local/Flickr30K/flickr30k_images/flickr30k_images/flickr30k_images/4499880603.jpg,person,0.6687972545623779,1.3492300510406494,47.26129913330078,42.96979904174805,110.56204986572266,20
Flickr30K/4499880603.jpg,/content/Image_captioning_Local/Flickr30K/flickr30k_images/flickr30k_images/flickr30k_images/4499880603.jpg,person,0.6550951600074768,23.370351791381836,10.126697540283203,73.4201431274414,95.03813934326172,20
Flickr30K/4499880603.jpg,/content/Image_captioning_Local/Flickr30K/flickr30k_images/flickr30k_images/flickr30k_images/4499880603.jpg,person,0.6335129737854004,456.44342041015625,21.471006393432617,500.0,79.81204986572266,20
Flickr30K/4499880603.jpg,/content/Image_captioning_Local/Flickr30K/flickr30k_images/flickr30k_images/flickr30k_images/4499880603.jpg,person,0.6194557547569275,341.57757568359375,19.266063690185547,402.8589172363281,94.1163558959961,20
Flickr30K/4499880603.jpg,/content/Image_captioning_Local/Flickr30K/flickr30k_images/flickr30k_images/flickr30k_images/4499880603.jpg,person,0.6177511811256409,58.468414306640625,11.674463272094727,110.35086059570312,80.96731567382812,20
Flickr30K/4499880603.jpg,/content/Image_captioning_Local/Flickr30K/flickr30k_images/flickr30k_images/flickr30k_images/4499880603.jpg,person,0.5985929369926453,150.6686248779297,11.467653274536133,206.16566467285156,87.72940826416016,20
Flickr30K/4499880603.jpg,/content/Image_captioning_Local/Flickr30K/flickr30k_images/flickr30k_images/flickr30k_images/4499880603.jpg,person,0.5818988084793091,411.28656005859375,42.000221252441406,445.94287109375,90.00349426269531,20
Flickr30K/4499880603.jpg,/content/Image_captioning_Local/Flickr30K/flickr30k_images/flickr30k_images/flickr30k_images/4499880603.jpg,person,0.5029816031455994,257.60235595703125,19.092220306396484,308.4145202636719,89.67259216308594,20
Flickr30K/4499880603.jpg,/content/Image_captioning_Local/Flickr30K/flickr30k_images/flickr30k_images/flickr30k_images/4499880603.jpg,person,0.4888633191585541,194.88233947753906,137.7684783935547,239.454833984375,194.0012664794922,20
Flickr30K/4499880603.jpg,/content/Image_captioning_Local/Flickr30K/flickr30k_images/flickr30k_images/flickr30k_images/4499880603.jpg,person,0.464952290058136,309.6618957519531,16.184885025024414,372.34576416015625,97.61717224121094,20
Flickr30K/4499880603.jpg,/content/Image_captioning_Local/Flickr30K/flickr30k_images/flickr30k_images/flickr30k_images/4499880603.jpg,person,0.4562978744506836,272.3629455566406,107.83468627929688,328.7580871582031,182.70484924316406,20
Flickr30K/4499880603.jpg,/content/Image_captioning_Local/Flickr30K/flickr30k_images/flickr30k_images/flickr30k_images/4499880603.jpg,person,0.4437490701675415,0.0,7.406246662139893,23.504011154174805,80.38469696044922,20
Flickr30K/4499880603.jpg,/content/Image_captioning_Local/Flickr30K/flickr30k_images/flickr30k_images/flickr30k_images/4499880603.jpg,person,0.3283291459083557,301.8060302734375,111.05426788330078,363.6582946777344,175.9886932373047,20
Flickr30K/4499880603.jpg,/content/Image_captioning_Local/Flickr30K/flickr30k_images/flickr30k_images/flickr30k_images/4499880603.jpg,person,0.3113521635532379,339.7879333496094,109.05947875976562,373.59539794921875,162.38291931152344,20
Flickr30K/4499880603.jpg,/content/Image_captioning_Local/Flickr30K/flickr30k_images/flickr30k_images/flickr30k_images/4499880603.jpg,person,0.3047792613506317,210.2509307861328,26.453882217407227,243.37994384765625,70.81977081298828,20
Flickr30K/4499880603.jpg,/content/Image_captioning_Local/Flickr30K/flickr30k_images/flickr30k_images/flickr30k_images/4499880603.jpg,frisbee,0.26674410700798035,356.85211181640625,134.1209259033203,392.6922912597656,163.8993682861328,20
Flickr30K/4500116307.jpg,/content/Image_captioning_Local/Flickr30K/flickr30k_images/flickr30k_images/flickr30k_images/4500116307.jpg,person,0.7963641285896301,140.84622192382812,100.02491760253906,341.2695617675781,333.0,1
Flickr30K/4500450876.jpg,/content/Image_captioning_Local/Flickr30K/flickr30k_images/flickr30k_images/flickr30k_images/4500450876.jpg,person,0.8909163475036621,371.3500671386719,86.90345001220703,456.7215576171875,297.07623291015625,3
Flickr30K/4500450876.jpg,/content/Image_captioning_Local/Flickr30K/flickr30k_images/flickr30k_images/flickr30k_images/4500450876.jpg,car,0.7777382135391235,253.63905334472656,131.2917022705078,339.2330322265625,175.85475158691406,3
Flickr30K/4500450876.jpg,/content/Image_captioning_Local/Flickr30K/flickr30k_images/flickr30k_images/flickr30k_images/4500450876.jpg,person,0.6960073113441467,78.32196807861328,2.323812246322632,291.1495361328125,326.1406555175781,3
Flickr30K/4500612934.jpg,/content/Image_captioning_Local/Flickr30K/flickr30k_images/flickr30k_images/flickr30k_images/4500612934.jpg,person,0.8348717093467712,146.8587646484375,35.829933166503906,248.14007568359375,148.6830291748047,2
Flickr30K/4500612934.jpg,/content/Image_captioning_Local/Flickr30K/flickr30k_images/flickr30k_images/flickr30k_images/4500612934.jpg,snowboard,0.47731509804725647,185.5045623779297,108.45103454589844,225.20672607421875,159.89317321777344,2
Flickr30K/4500680119.jpg,/content/Image_captioning_Local/Flickr30K/flickr30k_images/flickr30k_images/flickr30k_images/4500680119.jpg,person,0.9358934760093689,354.418701171875,27.713459014892578,495.0782165527344,332.779296875,8
Flickr30K/4500680119.jpg,/content/Image_captioning_Local/Flickr30K/flickr30k_images/flickr30k_images/flickr30k_images/4500680119.jpg,person,0.933575451374054,2.0756006240844727,11.250442504882812,230.65774536132812,326.45916748046875,8
Flickr30K/4500680119.jpg,/content/Image_captioning_Local/Flickr30K/flickr30k_images/flickr30k_images/flickr30k_images/4500680119.jpg,bottle,0.6812362670898438,300.5718688964844,32.36763000488281,320.12445068359375,90.6307601928711,8
Flickr30K/4500680119.jpg,/content/Image_captioning_Local/Flickr30K/flickr30k_images/flickr30k_images/flickr30k_images/4500680119.jpg,bottle,0.6584325432777405,318.08612060546875,31.72956085205078,337.8028564453125,92.85948944091797,8
Flickr30K/4500680119.jpg,/content/Image_captioning_Local/Flickr30K/flickr30k_images/flickr30k_images/flickr30k_images/4500680119.jpg,bottle,0.6470093131065369,281.0142517089844,33.557682037353516,300.8886413574219,90.74369049072266,8
Flickr30K/4500680119.jpg,/content/Image_captioning_Local/Flickr30K/flickr30k_images/flickr30k_images/flickr30k_images/4500680119.jpg,bottle,0.6339168548583984,336.48162841796875,33.87277603149414,356.3319091796875,93.17172241210938,8
Flickr30K/4500680119.jpg,/content/Image_captioning_Local/Flickr30K/flickr30k_images/flickr30k_images/flickr30k_images/4500680119.jpg,cell phone,0.590816855430603,194.34161376953125,82.33013916015625,210.53323364257812,111.95780944824219,8
Flickr30K/4500680119.jpg,/content/Image_captioning_Local/Flickr30K/flickr30k_images/flickr30k_images/flickr30k_images/4500680119.jpg,handbag,0.33583196997642517,370.17254638671875,191.35525512695312,399.7453308105469,276.4029235839844,8
Flickr30K/4500680173.jpg,/content/Image_captioning_Local/Flickr30K/flickr30k_images/flickr30k_images/flickr30k_images/4500680173.jpg,person,0.8873505592346191,84.1053695678711,12.750458717346191,268.7282409667969,500.0,10
Flickr30K/4500680173.jpg,/content/Image_captioning_Local/Flickr30K/flickr30k_images/flickr30k_images/flickr30k_images/4500680173.jpg,person,0.7224904298782349,271.2503967285156,4.990184307098389,329.0589904785156,205.5928192138672,10
Flickr30K/4500680173.jpg,/content/Image_captioning_Local/Flickr30K/flickr30k_images/flickr30k_images/flickr30k_images/4500680173.jpg,car,0.6086068749427795,14.795351028442383,1.0026679039001465,61.43096160888672,33.43784713745117,10
Flickr30K/4500680173.jpg,/content/Image_captioning_Local/Flickr30K/flickr30k_images/flickr30k_images/flickr30k_images/4500680173.jpg,car,0.5625344514846802,19.585926055908203,0.6036177277565002,143.42245483398438,37.368690490722656,10
Flickr30K/4500680173.jpg,/content/Image_captioning_Local/Flickr30K/flickr30k_images/flickr30k_images/flickr30k_images/4500680173.jpg,car,0.4314033091068268,236.47311401367188,13.526403427124023,283.1227111816406,71.5210189819336,10
Flickr30K/4500680173.jpg,/content/Image_captioning_Local/Flickr30K/flickr30k_images/flickr30k_images/flickr30k_images/4500680173.jpg,person,0.4116049110889435,188.88108825683594,1.4548063278198242,235.8327178955078,115.46583557128906,10
Flickr30K/4500680173.jpg,/content/Image_captioning_Local/Flickr30K/flickr30k_images/flickr30k_images/flickr30k_images/4500680173.jpg,backpack,0.3634490370750427,195.90065002441406,93.3471450805664,271.0575256347656,197.15113830566406,10
Flickr30K/4500680173.jpg,/content/Image_captioning_Local/Flickr30K/flickr30k_images/flickr30k_images/flickr30k_images/4500680173.jpg,handbag,0.33849668502807617,223.20408630371094,308.2044982910156,281.9263000488281,455.0446472167969,10
Flickr30K/4500680173.jpg,/content/Image_captioning_Local/Flickr30K/flickr30k_images/flickr30k_images/flickr30k_images/4500680173.jpg,car,0.2756423354148865,92.58536529541016,1.0665907859802246,145.15122985839844,37.4171142578125,10
Flickr30K/4500680173.jpg,/content/Image_captioning_Local/Flickr30K/flickr30k_images/flickr30k_images/flickr30k_images/4500680173.jpg,car,0.2702808678150177,9.415263175964355,28.984493255615234,28.7454776763916,109.0200424194336,10
Flickr30K/4500719212.jpg,/content/Image_captioning_Local/Flickr30K/flickr30k_images/flickr30k_images/flickr30k_images/4500719212.jpg,person,0.7279495596885681,174.36778259277344,133.336181640625,359.8087158203125,330.18304443359375,3
Flickr30K/4500719212.jpg,/content/Image_captioning_Local/Flickr30K/flickr30k_images/flickr30k_images/flickr30k_images/4500719212.jpg,chair,0.3530586063861847,0.15667974948883057,224.68624877929688,26.391891479492188,330.21331787109375,3
Flickr30K/4500719212.jpg,/content/Image_captioning_Local/Flickr30K/flickr30k_images/flickr30k_images/flickr30k_images/4500719212.jpg,dining table,0.27549809217453003,0.8195817470550537,139.05422973632812,106.07750701904297,263.94097900390625,3
Flickr30K/4500780064.jpg,/content/Image_captioning_Local/Flickr30K/flickr30k_images/flickr30k_images/flickr30k_images/4500780064.jpg,person,0.7245182394981384,137.03372192382812,180.11270141601562,323.9832458496094,494.90460205078125,1
Flickr30K/4500795424.jpg,/content/Image_captioning_Local/Flickr30K/flickr30k_images/flickr30k_images/flickr30k_images/4500795424.jpg,person,0.901679515838623,229.47511291503906,17.98184585571289,305.3847351074219,175.05345153808594,15
Flickr30K/4500795424.jpg,/content/Image_captioning_Local/Flickr30K/flickr30k_images/flickr30k_images/flickr30k_images/4500795424.jpg,person,0.8936839699745178,32.21803283691406,42.39581298828125,125.5168685913086,314.4007568359375,15
Flickr30K/4500795424.jpg,/content/Image_captioning_Local/Flickr30K/flickr30k_images/flickr30k_images/flickr30k_images/4500795424.jpg,person,0.8756104111671448,297.7828674316406,4.14808988571167,378.8321228027344,141.87562561035156,15
Flickr30K/4500795424.jpg,/content/Image_captioning_Local/Flickr30K/flickr30k_images/flickr30k_images/flickr30k_images/4500795424.jpg,person,0.7684388160705566,376.1387023925781,29.43691635131836,402.7652587890625,83.27981567382812,15
Flickr30K/4500795424.jpg,/content/Image_captioning_Local/Flickr30K/flickr30k_images/flickr30k_images/flickr30k_images/4500795424.jpg,person,0.7315399050712585,131.39956665039062,37.38904571533203,156.8370819091797,78.84880065917969,15
Flickr30K/4500795424.jpg,/content/Image_captioning_Local/Flickr30K/flickr30k_images/flickr30k_images/flickr30k_images/4500795424.jpg,person,0.726813554763794,404.1282043457031,45.60795593261719,427.7104797363281,86.42433166503906,15
Flickr30K/4500795424.jpg,/content/Image_captioning_Local/Flickr30K/flickr30k_images/flickr30k_images/flickr30k_images/4500795424.jpg,person,0.6949953436851501,78.41118621826172,9.204548835754395,137.39320373535156,211.30604553222656,15
Flickr30K/4500795424.jpg,/content/Image_captioning_Local/Flickr30K/flickr30k_images/flickr30k_images/flickr30k_images/4500795424.jpg,person,0.596963107585907,271.22845458984375,17.60194969177246,304.7477111816406,83.57141876220703,15
Flickr30K/4500795424.jpg,/content/Image_captioning_Local/Flickr30K/flickr30k_images/flickr30k_images/flickr30k_images/4500795424.jpg,bowl,0.5763082504272461,139.8191375732422,177.214599609375,187.67071533203125,210.27276611328125,15
Flickr30K/4500795424.jpg,/content/Image_captioning_Local/Flickr30K/flickr30k_images/flickr30k_images/flickr30k_images/4500795424.jpg,person,0.4439249634742737,177.50160217285156,27.55017852783203,201.20556640625,81.58667755126953,15
Flickr30K/4500795424.jpg,/content/Image_captioning_Local/Flickr30K/flickr30k_images/flickr30k_images/flickr30k_images/4500795424.jpg,person,0.39676034450531006,43.709720611572266,29.356414794921875,80.1094741821289,65.28490447998047,15
Flickr30K/4500795424.jpg,/content/Image_captioning_Local/Flickr30K/flickr30k_images/flickr30k_images/flickr30k_images/4500795424.jpg,person,0.38000309467315674,222.30474853515625,29.70738983154297,239.77987670898438,49.467857360839844,15
Flickr30K/4500795424.jpg,/content/Image_captioning_Local/Flickr30K/flickr30k_images/flickr30k_images/flickr30k_images/4500795424.jpg,handbag,0.3637992739677429,0.10496973991394043,203.17674255371094,54.22543716430664,297.3943176269531,15
Flickr30K/4500795424.jpg,/content/Image_captioning_Local/Flickr30K/flickr30k_images/flickr30k_images/flickr30k_images/4500795424.jpg,person,0.3183150291442871,0.0,46.14287185668945,11.248393058776855,62.782962799072266,15
Flickr30K/4500795424.jpg,/content/Image_captioning_Local/Flickr30K/flickr30k_images/flickr30k_images/flickr30k_images/4500795424.jpg,person,0.30397653579711914,178.38539123535156,27.494853973388672,199.3201141357422,49.27191162109375,15
Flickr30K/4501090611.jpg,/content/Image_captioning_Local/Flickr30K/flickr30k_images/flickr30k_images/flickr30k_images/4501090611.jpg,person,0.933204174041748,113.01190948486328,232.3172607421875,204.63418579101562,451.6833190917969,8
Flickr30K/4501090611.jpg,/content/Image_captioning_Local/Flickr30K/flickr30k_images/flickr30k_images/flickr30k_images/4501090611.jpg,person,0.923740565776825,222.73423767089844,236.70907592773438,272.7293701171875,382.01446533203125,8
Flickr30K/4501090611.jpg,/content/Image_captioning_Local/Flickr30K/flickr30k_images/flickr30k_images/flickr30k_images/4501090611.jpg,truck,0.7717425227165222,2.7813494205474854,198.010986328125,80.31700134277344,303.4776916503906,8
Flickr30K/4501090611.jpg,/content/Image_captioning_Local/Flickr30K/flickr30k_images/flickr30k_images/flickr30k_images/4501090611.jpg,person,0.7224996089935303,213.63783264160156,228.2447052001953,237.0410919189453,304.7156677246094,8
Flickr30K/4501090611.jpg,/content/Image_captioning_Local/Flickr30K/flickr30k_images/flickr30k_images/flickr30k_images/4501090611.jpg,person,0.6350398063659668,202.44598388671875,239.8907470703125,218.2420196533203,297.2665100097656,8
Flickr30K/4501090611.jpg,/content/Image_captioning_Local/Flickr30K/flickr30k_images/flickr30k_images/flickr30k_images/4501090611.jpg,person,0.6283705234527588,177.22659301757812,233.5725555419922,199.012939453125,275.74346923828125,8
Flickr30K/4501090611.jpg,/content/Image_captioning_Local/Flickr30K/flickr30k_images/flickr30k_images/flickr30k_images/4501090611.jpg,person,0.46593302488327026,51.85701370239258,248.53172302246094,68.88460540771484,276.550048828125,8
Flickr30K/4501090611.jpg,/content/Image_captioning_Local/Flickr30K/flickr30k_images/flickr30k_images/flickr30k_images/4501090611.jpg,handbag,0.4587169587612152,255.78631591796875,258.3536682128906,273.4619140625,308.21014404296875,8
Flickr30K/4501102617.jpg,/content/Image_captioning_Local/Flickr30K/flickr30k_images/flickr30k_images/flickr30k_images/4501102617.jpg,person,0.9200674891471863,16.471633911132812,33.69508361816406,98.6617431640625,247.5966033935547,8
Flickr30K/4501102617.jpg,/content/Image_captioning_Local/Flickr30K/flickr30k_images/flickr30k_images/flickr30k_images/4501102617.jpg,person,0.818063497543335,144.5216064453125,109.39653015136719,231.09750366210938,250.1812286376953,8
Flickr30K/4501102617.jpg,/content/Image_captioning_Local/Flickr30K/flickr30k_images/flickr30k_images/flickr30k_images/4501102617.jpg,person,0.7668493390083313,346.629150390625,13.259238243103027,447.95733642578125,322.1905822753906,8
Flickr30K/4501102617.jpg,/content/Image_captioning_Local/Flickr30K/flickr30k_images/flickr30k_images/flickr30k_images/4501102617.jpg,person,0.7438963055610657,91.63309478759766,68.91033172607422,124.11238098144531,132.6540985107422,8
Flickr30K/4501102617.jpg,/content/Image_captioning_Local/Flickr30K/flickr30k_images/flickr30k_images/flickr30k_images/4501102617.jpg,handbag,0.5914421081542969,375.89599609375,55.9526252746582,441.2518615722656,206.5713653564453,8
Flickr30K/4501102617.jpg,/content/Image_captioning_Local/Flickr30K/flickr30k_images/flickr30k_images/flickr30k_images/4501102617.jpg,cell phone,0.474800169467926,349.0494384765625,81.11304473876953,364.09600830078125,91.4233627319336,8
Flickr30K/4501102617.jpg,/content/Image_captioning_Local/Flickr30K/flickr30k_images/flickr30k_images/flickr30k_images/4501102617.jpg,handbag,0.38386476039886475,69.09313201904297,203.67689514160156,118.75862884521484,258.4631042480469,8
Flickr30K/4501102617.jpg,/content/Image_captioning_Local/Flickr30K/flickr30k_images/flickr30k_images/flickr30k_images/4501102617.jpg,backpack,0.2963888645172119,394.86083984375,58.70066452026367,483.957275390625,151.1626434326172,8
Flickr30K/4501260537.jpg,/content/Image_captioning_Local/Flickr30K/flickr30k_images/flickr30k_images/flickr30k_images/4501260537.jpg,person,0.9130218029022217,70.73411560058594,5.035138130187988,214.87646484375,380.4339294433594,2
Flickr30K/4501260537.jpg,/content/Image_captioning_Local/Flickr30K/flickr30k_images/flickr30k_images/flickr30k_images/4501260537.jpg,sports ball,0.7256541848182678,74.25572204589844,182.74261474609375,97.63528442382812,201.05892944335938,2
Flickr30K/4501314206.jpg,/content/Image_captioning_Local/Flickr30K/flickr30k_images/flickr30k_images/flickr30k_images/4501314206.jpg,person,0.9170818328857422,0.06495118141174316,30.90972328186035,151.0122528076172,328.6959533691406,15
Flickr30K/4501314206.jpg,/content/Image_captioning_Local/Flickr30K/flickr30k_images/flickr30k_images/flickr30k_images/4501314206.jpg,person,0.7869454622268677,242.0518341064453,53.7611198425293,377.3820495605469,326.566650390625,15
Flickr30K/4501314206.jpg,/content/Image_captioning_Local/Flickr30K/flickr30k_images/flickr30k_images/flickr30k_images/4501314206.jpg,person,0.774144172668457,375.8735656738281,48.80440902709961,498.87103271484375,333.0,15
Flickr30K/4501314206.jpg,/content/Image_captioning_Local/Flickr30K/flickr30k_images/flickr30k_images/flickr30k_images/4501314206.jpg,person,0.7218869924545288,135.3375701904297,59.020835876464844,265.6894836425781,329.9871520996094,15
Flickr30K/4501314206.jpg,/content/Image_captioning_Local/Flickr30K/flickr30k_images/flickr30k_images/flickr30k_images/4501314206.jpg,handbag,0.6449573040008545,261.406982421875,211.71786499023438,328.4894104003906,328.6942443847656,15
Flickr30K/4501314206.jpg,/content/Image_captioning_Local/Flickr30K/flickr30k_images/flickr30k_images/flickr30k_images/4501314206.jpg,person,0.5936116576194763,117.18373107910156,99.05653381347656,147.63035583496094,164.50962829589844,15
Flickr30K/4501314206.jpg,/content/Image_captioning_Local/Flickr30K/flickr30k_images/flickr30k_images/flickr30k_images/4501314206.jpg,person,0.5758454203605652,348.8347473144531,92.18318939208984,387.8220520019531,239.86180114746094,15
Flickr30K/4501314206.jpg,/content/Image_captioning_Local/Flickr30K/flickr30k_images/flickr30k_images/flickr30k_images/4501314206.jpg,handbag,0.5406724810600281,126.24083709716797,208.78968811035156,162.54393005371094,269.18768310546875,15
Flickr30K/4501314206.jpg,/content/Image_captioning_Local/Flickr30K/flickr30k_images/flickr30k_images/flickr30k_images/4501314206.jpg,cell phone,0.4627077877521515,220.43045043945312,187.07492065429688,237.2984619140625,201.04705810546875,15
Flickr30K/4501314206.jpg,/content/Image_captioning_Local/Flickr30K/flickr30k_images/flickr30k_images/flickr30k_images/4501314206.jpg,person,0.37509772181510925,199.2614288330078,61.459285736083984,277.7113952636719,186.69044494628906,15
Flickr30K/4501314206.jpg,/content/Image_captioning_Local/Flickr30K/flickr30k_images/flickr30k_images/flickr30k_images/4501314206.jpg,person,0.32703086733818054,141.83828735351562,102.43940734863281,169.21353149414062,141.4775848388672,15
Flickr30K/4501314206.jpg,/content/Image_captioning_Local/Flickr30K/flickr30k_images/flickr30k_images/flickr30k_images/4501314206.jpg,person,0.31891804933547974,0.3777638077735901,239.48252868652344,20.789648056030273,330.3965148925781,15
Flickr30K/4501314206.jpg,/content/Image_captioning_Local/Flickr30K/flickr30k_images/flickr30k_images/flickr30k_images/4501314206.jpg,person,0.27499672770500183,110.03999328613281,98.34407043457031,148.12335205078125,248.4903106689453,15
Flickr30K/4501314206.jpg,/content/Image_captioning_Local/Flickr30K/flickr30k_images/flickr30k_images/flickr30k_images/4501314206.jpg,handbag,0.26535889506340027,225.9327392578125,284.929443359375,262.0539245605469,332.99359130859375,15
Flickr30K/4501314206.jpg,/content/Image_captioning_Local/Flickr30K/flickr30k_images/flickr30k_images/flickr30k_images/4501314206.jpg,handbag,0.26200157403945923,224.3714141845703,210.13319396972656,261.7745056152344,330.27191162109375,15
Flickr30K/4501347788.jpg,/content/Image_captioning_Local/Flickr30K/flickr30k_images/flickr30k_images/flickr30k_images/4501347788.jpg,person,0.8396461606025696,5.190891265869141,74.88674926757812,289.1419982910156,495.9158935546875,5
Flickr30K/4501347788.jpg,/content/Image_captioning_Local/Flickr30K/flickr30k_images/flickr30k_images/flickr30k_images/4501347788.jpg,person,0.5448816418647766,17.22633171081543,117.49913787841797,40.153831481933594,163.43495178222656,5
Flickr30K/4501347788.jpg,/content/Image_captioning_Local/Flickr30K/flickr30k_images/flickr30k_images/flickr30k_images/4501347788.jpg,person,0.5381134748458862,0.0,92.72404479980469,21.062725067138672,217.15524291992188,5
Flickr30K/4501347788.jpg,/content/Image_captioning_Local/Flickr30K/flickr30k_images/flickr30k_images/flickr30k_images/4501347788.jpg,person,0.4780702590942383,113.528564453125,139.2899169921875,153.20802307128906,232.87960815429688,5
Flickr30K/4501347788.jpg,/content/Image_captioning_Local/Flickr30K/flickr30k_images/flickr30k_images/flickr30k_images/4501347788.jpg,person,0.28661197423934937,8.94509506225586,100.69406127929688,37.16630172729492,191.1458740234375,5
Flickr30K/450138714.jpg,/content/Image_captioning_Local/Flickr30K/flickr30k_images/flickr30k_images/flickr30k_images/450138714.jpg,person,0.9175534844398499,239.42959594726562,47.339500427246094,433.3462219238281,291.0015563964844,7
Flickr30K/450138714.jpg,/content/Image_captioning_Local/Flickr30K/flickr30k_images/flickr30k_images/flickr30k_images/450138714.jpg,person,0.8958344459533691,62.78770446777344,72.76837921142578,255.81558227539062,369.0498352050781,7
Flickr30K/450138714.jpg,/content/Image_captioning_Local/Flickr30K/flickr30k_images/flickr30k_images/flickr30k_images/450138714.jpg,cup,0.8062239289283752,366.6640930175781,266.52880859375,422.27410888671875,329.0102233886719,7
Flickr30K/450138714.jpg,/content/Image_captioning_Local/Flickr30K/flickr30k_images/flickr30k_images/flickr30k_images/450138714.jpg,cup,0.6895284652709961,253.14950561523438,319.2810363769531,319.76165771484375,373.1023864746094,7
Flickr30K/450138714.jpg,/content/Image_captioning_Local/Flickr30K/flickr30k_images/flickr30k_images/flickr30k_images/450138714.jpg,pizza,0.46744251251220703,290.2264404296875,312.4097595214844,362.0938415527344,352.0783996582031,7
Flickr30K/450138714.jpg,/content/Image_captioning_Local/Flickr30K/flickr30k_images/flickr30k_images/flickr30k_images/450138714.jpg,dining table,0.3733765780925751,60.14733123779297,283.47283935546875,473.51678466796875,371.0852966308594,7
Flickr30K/450138714.jpg,/content/Image_captioning_Local/Flickr30K/flickr30k_images/flickr30k_images/flickr30k_images/450138714.jpg,cup,0.33033791184425354,270.931396484375,360.68243408203125,335.6551818847656,374.9273681640625,7
Flickr30K/4501622942.jpg,/content/Image_captioning_Local/Flickr30K/flickr30k_images/flickr30k_images/flickr30k_images/4501622942.jpg,person,0.9085146188735962,246.912841796875,60.22954559326172,333.13232421875,306.7568359375,3
Flickr30K/4501622942.jpg,/content/Image_captioning_Local/Flickr30K/flickr30k_images/flickr30k_images/flickr30k_images/4501622942.jpg,person,0.8437908291816711,187.23179626464844,38.028343200683594,261.8945007324219,303.256591796875,3
Flickr30K/4501622942.jpg,/content/Image_captioning_Local/Flickr30K/flickr30k_images/flickr30k_images/flickr30k_images/4501622942.jpg,frisbee,0.5671374797821045,319.7312927246094,181.74485778808594,332.4413146972656,196.83108520507812,3
Flickr30K/4501954896.jpg,/content/Image_captioning_Local/Flickr30K/flickr30k_images/flickr30k_images/flickr30k_images/4501954896.jpg,person,0.8114026188850403,54.98130798339844,74.66604614257812,295.6954345703125,319.0785827636719,6
Flickr30K/4501954896.jpg,/content/Image_captioning_Local/Flickr30K/flickr30k_images/flickr30k_images/flickr30k_images/4501954896.jpg,vase,0.6956889033317566,246.49166870117188,191.88864135742188,264.5647888183594,217.07537841796875,6
Flickr30K/4501954896.jpg,/content/Image_captioning_Local/Flickr30K/flickr30k_images/flickr30k_images/flickr30k_images/4501954896.jpg,couch,0.645837128162384,266.0472412109375,317.1336975097656,332.9834899902344,405.369140625,6
Flickr30K/4501954896.jpg,/content/Image_captioning_Local/Flickr30K/flickr30k_images/flickr30k_images/flickr30k_images/4501954896.jpg,couch,0.44073382019996643,0.18555521965026855,314.0711669921875,28.62381362915039,416.50067138671875,6
Flickr30K/4501954896.jpg,/content/Image_captioning_Local/Flickr30K/flickr30k_images/flickr30k_images/flickr30k_images/4501954896.jpg,couch,0.3675006926059723,208.60044860839844,375.2529602050781,332.1974792480469,498.5649719238281,6
Flickr30K/4501954896.jpg,/content/Image_captioning_Local/Flickr30K/flickr30k_images/flickr30k_images/flickr30k_images/4501954896.jpg,bottle,0.2570957839488983,309.6213684082031,294.79241943359375,317.2370910644531,318.3967590332031,6
Flickr30K/4502378197.jpg,/content/Image_captioning_Local/Flickr30K/flickr30k_images/flickr30k_images/flickr30k_images/4502378197.jpg,person,0.8196852803230286,42.101097106933594,35.76551818847656,273.2601623535156,392.41241455078125,7
Flickr30K/4502378197.jpg,/content/Image_captioning_Local/Flickr30K/flickr30k_images/flickr30k_images/flickr30k_images/4502378197.jpg,traffic light,0.7272401452064514,472.4994201660156,39.00404357910156,483.4028625488281,64.67288970947266,7
Flickr30K/4502378197.jpg,/content/Image_captioning_Local/Flickr30K/flickr30k_images/flickr30k_images/flickr30k_images/4502378197.jpg,person,0.7183694839477539,479.03399658203125,78.18751525878906,490.0689697265625,108.80720520019531,7
Flickr30K/4502378197.jpg,/content/Image_captioning_Local/Flickr30K/flickr30k_images/flickr30k_images/flickr30k_images/4502378197.jpg,traffic light,0.6004223227500916,420.18621826171875,44.27119064331055,431.0030822753906,70.91363525390625,7
Flickr30K/4502378197.jpg,/content/Image_captioning_Local/Flickr30K/flickr30k_images/flickr30k_images/flickr30k_images/4502378197.jpg,person,0.5511504411697388,400.791748046875,77.79878234863281,409.7969970703125,92.86810302734375,7
Flickr30K/4502378197.jpg,/content/Image_captioning_Local/Flickr30K/flickr30k_images/flickr30k_images/flickr30k_images/4502378197.jpg,traffic light,0.5055902600288391,458.0527648925781,39.13130569458008,467.6325378417969,65.28627014160156,7
Flickr30K/4502378197.jpg,/content/Image_captioning_Local/Flickr30K/flickr30k_images/flickr30k_images/flickr30k_images/4502378197.jpg,person,0.4554174244403839,412.2425537109375,76.88585662841797,420.8546142578125,93.80079650878906,7
Flickr30K/4502384999.jpg,/content/Image_captioning_Local/Flickr30K/flickr30k_images/flickr30k_images/flickr30k_images/4502384999.jpg,person,0.922075092792511,318.8249816894531,100.20281982421875,422.5921630859375,273.68115234375,6
Flickr30K/4502384999.jpg,/content/Image_captioning_Local/Flickr30K/flickr30k_images/flickr30k_images/flickr30k_images/4502384999.jpg,person,0.8896186351776123,63.91117477416992,55.29795455932617,160.2609100341797,327.9511413574219,6
Flickr30K/4502384999.jpg,/content/Image_captioning_Local/Flickr30K/flickr30k_images/flickr30k_images/flickr30k_images/4502384999.jpg,bottle,0.7954838871955872,318.8857727050781,240.40721130371094,328.89874267578125,270.44891357421875,6
Flickr30K/4502384999.jpg,/content/Image_captioning_Local/Flickr30K/flickr30k_images/flickr30k_images/flickr30k_images/4502384999.jpg,bottle,0.4077812433242798,485.8609313964844,206.93173217773438,495.0391845703125,228.90972900390625,6
Flickr30K/4502384999.jpg,/content/Image_captioning_Local/Flickr30K/flickr30k_images/flickr30k_images/flickr30k_images/4502384999.jpg,backpack,0.38913601636886597,401.9782409667969,193.21694946289062,473.7035217285156,270.2477111816406,6
Flickr30K/4502384999.jpg,/content/Image_captioning_Local/Flickr30K/flickr30k_images/flickr30k_images/flickr30k_images/4502384999.jpg,backpack,0.3046364188194275,410.2147521972656,192.52835083007812,470.1488952636719,230.8380126953125,6
Flickr30K/4502461485.jpg,/content/Image_captioning_Local/Flickr30K/flickr30k_images/flickr30k_images/flickr30k_images/4502461485.jpg,person,0.8894129991531372,18.988300323486328,142.50938415527344,113.44831085205078,394.503662109375,6
Flickr30K/4502461485.jpg,/content/Image_captioning_Local/Flickr30K/flickr30k_images/flickr30k_images/flickr30k_images/4502461485.jpg,person,0.8670294284820557,176.86915588378906,164.61260986328125,231.9327392578125,319.279541015625,6
Flickr30K/4502461485.jpg,/content/Image_captioning_Local/Flickr30K/flickr30k_images/flickr30k_images/flickr30k_images/4502461485.jpg,person,0.8568822741508484,247.88687133789062,155.52333068847656,298.7851867675781,328.7831115722656,6
Flickr30K/4502461485.jpg,/content/Image_captioning_Local/Flickr30K/flickr30k_images/flickr30k_images/flickr30k_images/4502461485.jpg,person,0.732029139995575,334.3236999511719,152.93408203125,375.0,336.06146240234375,6
Flickr30K/4502461485.jpg,/content/Image_captioning_Local/Flickr30K/flickr30k_images/flickr30k_images/flickr30k_images/4502461485.jpg,person,0.6479945182800293,293.4197998046875,158.3547821044922,344.3214416503906,313.25579833984375,6
Flickr30K/4502461485.jpg,/content/Image_captioning_Local/Flickr30K/flickr30k_images/flickr30k_images/flickr30k_images/4502461485.jpg,person,0.5445888042449951,223.708251953125,175.55487060546875,259.5252380371094,323.7496032714844,6
Flickr30K/4502489690.jpg,/content/Image_captioning_Local/Flickr30K/flickr30k_images/flickr30k_images/flickr30k_images/4502489690.jpg,person,0.8195568919181824,183.9989471435547,284.9740295410156,205.13890075683594,343.70843505859375,9
Flickr30K/4502489690.jpg,/content/Image_captioning_Local/Flickr30K/flickr30k_images/flickr30k_images/flickr30k_images/4502489690.jpg,person,0.7872149348258972,156.92408752441406,279.1612854003906,170.58604431152344,309.19049072265625,9
Flickr30K/4502489690.jpg,/content/Image_captioning_Local/Flickr30K/flickr30k_images/flickr30k_images/flickr30k_images/4502489690.jpg,person,0.7739480137825012,352.56744384765625,281.0265197753906,363.4682312011719,308.73907470703125,9
Flickr30K/4502489690.jpg,/content/Image_captioning_Local/Flickr30K/flickr30k_images/flickr30k_images/flickr30k_images/4502489690.jpg,person,0.6889464855194092,317.5513000488281,278.39739990234375,327.68658447265625,305.1629638671875,9
Flickr30K/4502489690.jpg,/content/Image_captioning_Local/Flickr30K/flickr30k_images/flickr30k_images/flickr30k_images/4502489690.jpg,person,0.6169210076332092,278.21539306640625,282.0664367675781,287.35479736328125,300.2429504394531,9
Flickr30K/4502489690.jpg,/content/Image_captioning_Local/Flickr30K/flickr30k_images/flickr30k_images/flickr30k_images/4502489690.jpg,traffic light,0.4186158776283264,47.137306213378906,109.01380920410156,109.23567199707031,147.1189422607422,9
Flickr30K/4502489690.jpg,/content/Image_captioning_Local/Flickr30K/flickr30k_images/flickr30k_images/flickr30k_images/4502489690.jpg,person,0.36981791257858276,314.27008056640625,278.1084899902344,323.2766418457031,303.2934875488281,9
Flickr30K/4502489690.jpg,/content/Image_captioning_Local/Flickr30K/flickr30k_images/flickr30k_images/flickr30k_images/4502489690.jpg,person,0.3322969675064087,305.099853515625,280.8466796875,312.31646728515625,293.7005310058594,9
Flickr30K/4502489690.jpg,/content/Image_captioning_Local/Flickr30K/flickr30k_images/flickr30k_images/flickr30k_images/4502489690.jpg,clock,0.29419299960136414,314.20556640625,0.10209977626800537,328.7799072265625,30.02245330810547,9
Flickr30K/4502968133.jpg,/content/Image_captioning_Local/Flickr30K/flickr30k_images/flickr30k_images/flickr30k_images/4502968133.jpg,person,0.9350168108940125,202.00743103027344,68.24883270263672,292.8868408203125,214.6605987548828,3
Flickr30K/4502968133.jpg,/content/Image_captioning_Local/Flickr30K/flickr30k_images/flickr30k_images/flickr30k_images/4502968133.jpg,skis,0.5740930438041687,154.52781677246094,200.82907104492188,321.238037109375,229.91943359375,3
Flickr30K/4502968133.jpg,/content/Image_captioning_Local/Flickr30K/flickr30k_images/flickr30k_images/flickr30k_images/4502968133.jpg,car,0.5649154782295227,33.43463134765625,227.1004638671875,433.8245849609375,437.33697509765625,3
Flickr30K/4503067869.jpg,/content/Image_captioning_Local/Flickr30K/flickr30k_images/flickr30k_images/flickr30k_images/4503067869.jpg,person,0.8896079659461975,280.1720275878906,63.683135986328125,445.75079345703125,331.45159912109375,15
Flickr30K/4503067869.jpg,/content/Image_captioning_Local/Flickr30K/flickr30k_images/flickr30k_images/flickr30k_images/4503067869.jpg,person,0.7620038390159607,190.2118682861328,119.93272399902344,247.70108032226562,315.5418701171875,15
Flickr30K/4503067869.jpg,/content/Image_captioning_Local/Flickr30K/flickr30k_images/flickr30k_images/flickr30k_images/4503067869.jpg,person,0.7602412700653076,21.40233612060547,69.18602752685547,194.6706085205078,329.9637756347656,15
Flickr30K/4503067869.jpg,/content/Image_captioning_Local/Flickr30K/flickr30k_images/flickr30k_images/flickr30k_images/4503067869.jpg,person,0.7436250448226929,388.4915466308594,128.77935791015625,446.461669921875,315.22833251953125,15
Flickr30K/4503067869.jpg,/content/Image_captioning_Local/Flickr30K/flickr30k_images/flickr30k_images/flickr30k_images/4503067869.jpg,person,0.7127607464790344,43.81298065185547,68.13468170166016,115.30431365966797,175.67491149902344,15
Flickr30K/4503067869.jpg,/content/Image_captioning_Local/Flickr30K/flickr30k_images/flickr30k_images/flickr30k_images/4503067869.jpg,person,0.7094919085502625,150.30764770507812,108.59332275390625,200.26156616210938,300.7638854980469,15
Flickr30K/4503067869.jpg,/content/Image_captioning_Local/Flickr30K/flickr30k_images/flickr30k_images/flickr30k_images/4503067869.jpg,umbrella,0.6597017049789429,153.55836486816406,79.94267272949219,236.02041625976562,139.09654235839844,15
Flickr30K/4503067869.jpg,/content/Image_captioning_Local/Flickr30K/flickr30k_images/flickr30k_images/flickr30k_images/4503067869.jpg,handbag,0.6471537947654724,193.1795654296875,153.166748046875,235.76744079589844,217.85104370117188,15
Flickr30K/4503067869.jpg,/content/Image_captioning_Local/Flickr30K/flickr30k_images/flickr30k_images/flickr30k_images/4503067869.jpg,car,0.6233901381492615,436.8703918457031,181.55950927734375,500.0,273.7421875,15
Flickr30K/4503067869.jpg,/content/Image_captioning_Local/Flickr30K/flickr30k_images/flickr30k_images/flickr30k_images/4503067869.jpg,person,0.40116646885871887,1.8387153148651123,40.981990814208984,43.910343170166016,155.24807739257812,15
Flickr30K/4503067869.jpg,/content/Image_captioning_Local/Flickr30K/flickr30k_images/flickr30k_images/flickr30k_images/4503067869.jpg,person,0.3735843598842621,226.75628662109375,134.50808715820312,254.4217529296875,266.8920593261719,15
Flickr30K/4503067869.jpg,/content/Image_captioning_Local/Flickr30K/flickr30k_images/flickr30k_images/flickr30k_images/4503067869.jpg,person,0.34584563970565796,252.7790069580078,125.60932922363281,296.7586669921875,271.2206115722656,15
Flickr30K/4503067869.jpg,/content/Image_captioning_Local/Flickr30K/flickr30k_images/flickr30k_images/flickr30k_images/4503067869.jpg,backpack,0.304008424282074,19.251834869384766,132.72938537597656,152.53726196289062,308.1365051269531,15
Flickr30K/4503067869.jpg,/content/Image_captioning_Local/Flickr30K/flickr30k_images/flickr30k_images/flickr30k_images/4503067869.jpg,handbag,0.3025701940059662,192.36050415039062,117.41452026367188,243.7785186767578,314.9340515136719,15
Flickr30K/4503067869.jpg,/content/Image_captioning_Local/Flickr30K/flickr30k_images/flickr30k_images/flickr30k_images/4503067869.jpg,car,0.2641032636165619,246.61581420898438,149.17926025390625,289.24615478515625,271.47821044921875,15
Flickr30K/4503423229.jpg,/content/Image_captioning_Local/Flickr30K/flickr30k_images/flickr30k_images/flickr30k_images/4503423229.jpg,person,0.8189942240715027,421.5561828613281,246.21400451660156,447.3079833984375,277.822021484375,18
Flickr30K/4503423229.jpg,/content/Image_captioning_Local/Flickr30K/flickr30k_images/flickr30k_images/flickr30k_images/4503423229.jpg,person,0.8016276955604553,209.72396850585938,17.713314056396484,235.983154296875,72.13538360595703,18
Flickr30K/4503423229.jpg,/content/Image_captioning_Local/Flickr30K/flickr30k_images/flickr30k_images/flickr30k_images/4503423229.jpg,person,0.7636183500289917,315.09197998046875,21.86703109741211,338.9878234863281,76.72978973388672,18
Flickr30K/4503423229.jpg,/content/Image_captioning_Local/Flickr30K/flickr30k_images/flickr30k_images/flickr30k_images/4503423229.jpg,car,0.7608522772789001,311.5910949707031,275.5085754394531,500.0,330.6399841308594,18
Flickr30K/4503423229.jpg,/content/Image_captioning_Local/Flickr30K/flickr30k_images/flickr30k_images/flickr30k_images/4503423229.jpg,person,0.7493033409118652,271.2226867675781,145.76637268066406,304.552734375,215.0464324951172,18
Flickr30K/4503423229.jpg,/content/Image_captioning_Local/Flickr30K/flickr30k_images/flickr30k_images/flickr30k_images/4503423229.jpg,person,0.7425103187561035,193.37355041503906,84.90770721435547,211.1524658203125,141.77597045898438,18
Flickr30K/4503423229.jpg,/content/Image_captioning_Local/Flickr30K/flickr30k_images/flickr30k_images/flickr30k_images/4503423229.jpg,person,0.7178142666816711,279.0101318359375,28.624088287353516,306.2803039550781,75.79336547851562,18
Flickr30K/4503423229.jpg,/content/Image_captioning_Local/Flickr30K/flickr30k_images/flickr30k_images/flickr30k_images/4503423229.jpg,person,0.6816409826278687,190.09547424316406,14.065438270568848,206.5198974609375,71.25679016113281,18
Flickr30K/4503423229.jpg,/content/Image_captioning_Local/Flickr30K/flickr30k_images/flickr30k_images/flickr30k_images/4503423229.jpg,person,0.6022283434867859,271.1968688964844,250.86767578125,306.9831237792969,312.47418212890625,18
Flickr30K/4503423229.jpg,/content/Image_captioning_Local/Flickr30K/flickr30k_images/flickr30k_images/flickr30k_images/4503423229.jpg,person,0.5992755889892578,50.57422637939453,270.43133544921875,68.30032348632812,297.4303283691406,18
Flickr30K/4503423229.jpg,/content/Image_captioning_Local/Flickr30K/flickr30k_images/flickr30k_images/flickr30k_images/4503423229.jpg,person,0.5919400453567505,308.596435546875,94.99317932128906,337.4691467285156,145.94281005859375,18
Flickr30K/4503423229.jpg,/content/Image_captioning_Local/Flickr30K/flickr30k_images/flickr30k_images/flickr30k_images/4503423229.jpg,person,0.5750619173049927,27.2305850982666,270.32366943359375,44.68844985961914,301.27252197265625,18
Flickr30K/4503423229.jpg,/content/Image_captioning_Local/Flickr30K/flickr30k_images/flickr30k_images/flickr30k_images/4503423229.jpg,person,0.540719747543335,413.633056640625,290.8248291015625,437.29925537109375,309.1031188964844,18
Flickr30K/4503423229.jpg,/content/Image_captioning_Local/Flickr30K/flickr30k_images/flickr30k_images/flickr30k_images/4503423229.jpg,person,0.5197029709815979,167.46986389160156,147.8146514892578,191.63429260253906,214.49217224121094,18
Flickr30K/4503423229.jpg,/content/Image_captioning_Local/Flickr30K/flickr30k_images/flickr30k_images/flickr30k_images/4503423229.jpg,person,0.4921458661556244,316.04364013671875,245.4435577392578,336.160888671875,303.6366271972656,18
Flickr30K/4503423229.jpg,/content/Image_captioning_Local/Flickr30K/flickr30k_images/flickr30k_images/flickr30k_images/4503423229.jpg,person,0.45803186297416687,169.66909790039062,256.950927734375,193.22296142578125,291.1988525390625,18
Flickr30K/4503423229.jpg,/content/Image_captioning_Local/Flickr30K/flickr30k_images/flickr30k_images/flickr30k_images/4503423229.jpg,person,0.4572695791721344,0.16997754573822021,275.4540710449219,9.540681838989258,329.59527587890625,18
Flickr30K/4503423229.jpg,/content/Image_captioning_Local/Flickr30K/flickr30k_images/flickr30k_images/flickr30k_images/4503423229.jpg,person,0.3210071325302124,177.29757690429688,256.3265075683594,208.4869384765625,290.0375671386719,18
Flickr30K/4503476760.jpg,/content/Image_captioning_Local/Flickr30K/flickr30k_images/flickr30k_images/flickr30k_images/4503476760.jpg,cell phone,0.4003750681877136,194.1670379638672,99.2772216796875,238.9473876953125,141.61181640625,4
Flickr30K/4503476760.jpg,/content/Image_captioning_Local/Flickr30K/flickr30k_images/flickr30k_images/flickr30k_images/4503476760.jpg,remote,0.36593523621559143,194.39222717285156,99.7700424194336,236.31175231933594,140.92111206054688,4
Flickr30K/4503476760.jpg,/content/Image_captioning_Local/Flickr30K/flickr30k_images/flickr30k_images/flickr30k_images/4503476760.jpg,person,0.3090451955795288,70.1822509765625,21.920753479003906,496.9422302246094,280.07501220703125,4
Flickr30K/4503476760.jpg,/content/Image_captioning_Local/Flickr30K/flickr30k_images/flickr30k_images/flickr30k_images/4503476760.jpg,bed,0.25154635310173035,0.0,14.908361434936523,491.6904296875,372.202880859375,4
Flickr30K/4503611071.jpg,/content/Image_captioning_Local/Flickr30K/flickr30k_images/flickr30k_images/flickr30k_images/4503611071.jpg,person,0.8531747460365295,161.87069702148438,22.47161293029785,270.313720703125,215.7306671142578,2
Flickr30K/4503611071.jpg,/content/Image_captioning_Local/Flickr30K/flickr30k_images/flickr30k_images/flickr30k_images/4503611071.jpg,bicycle,0.43429434299468994,120.6716079711914,148.91419982910156,216.0708465576172,259.0974426269531,2
Flickr30K/4503659154.jpg,/content/Image_captioning_Local/Flickr30K/flickr30k_images/flickr30k_images/flickr30k_images/4503659154.jpg,person,0.8693922758102417,121.73931884765625,185.6959991455078,298.9906005859375,495.5065612792969,4
Flickr30K/4503659154.jpg,/content/Image_captioning_Local/Flickr30K/flickr30k_images/flickr30k_images/flickr30k_images/4503659154.jpg,snowboard,0.8005970120429993,37.83360290527344,254.32765197753906,105.06649017333984,500.0,4
Flickr30K/4503659154.jpg,/content/Image_captioning_Local/Flickr30K/flickr30k_images/flickr30k_images/flickr30k_images/4503659154.jpg,snowboard,0.6287285685539246,249.14456176757812,227.98609924316406,317.52764892578125,498.0257568359375,4
Flickr30K/4503659154.jpg,/content/Image_captioning_Local/Flickr30K/flickr30k_images/flickr30k_images/flickr30k_images/4503659154.jpg,person,0.6020696759223938,60.22152328491211,211.40078735351562,157.29501342773438,491.1227111816406,4
Flickr30K/4503698270.jpg,/content/Image_captioning_Local/Flickr30K/flickr30k_images/flickr30k_images/flickr30k_images/4503698270.jpg,truck,0.8723201155662537,236.10353088378906,47.478485107421875,498.6039123535156,260.18853759765625,7
Flickr30K/4503698270.jpg,/content/Image_captioning_Local/Flickr30K/flickr30k_images/flickr30k_images/flickr30k_images/4503698270.jpg,person,0.7924490571022034,23.15337371826172,143.00030517578125,55.43122100830078,236.03472900390625,7
Flickr30K/4503698270.jpg,/content/Image_captioning_Local/Flickr30K/flickr30k_images/flickr30k_images/flickr30k_images/4503698270.jpg,person,0.7469364404678345,55.560302734375,142.61654663085938,87.8098373413086,239.5393829345703,7
Flickr30K/4503698270.jpg,/content/Image_captioning_Local/Flickr30K/flickr30k_images/flickr30k_images/flickr30k_images/4503698270.jpg,traffic light,0.6119006872177124,216.63165283203125,100.02871704101562,224.95651245117188,115.5604476928711,7
Flickr30K/4503698270.jpg,/content/Image_captioning_Local/Flickr30K/flickr30k_images/flickr30k_images/flickr30k_images/4503698270.jpg,person,0.5547738671302795,106.23728942871094,152.31202697753906,118.2750473022461,176.55303955078125,7
Flickr30K/4503698270.jpg,/content/Image_captioning_Local/Flickr30K/flickr30k_images/flickr30k_images/flickr30k_images/4503698270.jpg,handbag,0.304513156414032,56.586246490478516,168.56436157226562,74.41697692871094,194.91943359375,7
Flickr30K/4503698270.jpg,/content/Image_captioning_Local/Flickr30K/flickr30k_images/flickr30k_images/flickr30k_images/4503698270.jpg,person,0.2544914782047272,100.870849609375,151.75820922851562,109.92520141601562,176.57872009277344,7
Flickr30K/4503699216.jpg,/content/Image_captioning_Local/Flickr30K/flickr30k_images/flickr30k_images/flickr30k_images/4503699216.jpg,person,0.6645225286483765,31.508350372314453,2.2600114345550537,176.53579711914062,150.5269775390625,6
Flickr30K/4503699216.jpg,/content/Image_captioning_Local/Flickr30K/flickr30k_images/flickr30k_images/flickr30k_images/4503699216.jpg,person,0.598171591758728,54.280601501464844,27.899372100830078,103.20634460449219,74.8814926147461,6
Flickr30K/4503699216.jpg,/content/Image_captioning_Local/Flickr30K/flickr30k_images/flickr30k_images/flickr30k_images/4503699216.jpg,remote,0.5350214838981628,379.0397033691406,264.2873229980469,459.5259704589844,372.0509948730469,6
Flickr30K/4503699216.jpg,/content/Image_captioning_Local/Flickr30K/flickr30k_images/flickr30k_images/flickr30k_images/4503699216.jpg,umbrella,0.5160054564476013,0.0,32.65828323364258,42.84187698364258,73.80195617675781,6
Flickr30K/4503699216.jpg,/content/Image_captioning_Local/Flickr30K/flickr30k_images/flickr30k_images/flickr30k_images/4503699216.jpg,person,0.3774298429489136,26.682662963867188,64.9328842163086,492.1797180175781,368.5765686035156,6
Flickr30K/4503699216.jpg,/content/Image_captioning_Local/Flickr30K/flickr30k_images/flickr30k_images/flickr30k_images/4503699216.jpg,umbrella,0.3409394323825836,15.966033935546875,6.4931511878967285,500.0,356.69256591796875,6
Flickr30K/4503700618.jpg,/content/Image_captioning_Local/Flickr30K/flickr30k_images/flickr30k_images/flickr30k_images/4503700618.jpg,person,0.9358065724372864,323.48992919921875,14.299887657165527,487.3564758300781,331.7846374511719,8
Flickr30K/4503700618.jpg,/content/Image_captioning_Local/Flickr30K/flickr30k_images/flickr30k_images/flickr30k_images/4503700618.jpg,person,0.8884919285774231,25.84332275390625,28.1575984954834,77.13786315917969,141.22877502441406,8
Flickr30K/4503700618.jpg,/content/Image_captioning_Local/Flickr30K/flickr30k_images/flickr30k_images/flickr30k_images/4503700618.jpg,car,0.8274000883102417,171.06936645507812,60.73934555053711,320.48199462890625,159.64788818359375,8
Flickr30K/4503700618.jpg,/content/Image_captioning_Local/Flickr30K/flickr30k_images/flickr30k_images/flickr30k_images/4503700618.jpg,umbrella,0.7423152923583984,182.97764587402344,17.751556396484375,262.6390686035156,65.50419616699219,8
Flickr30K/4503700618.jpg,/content/Image_captioning_Local/Flickr30K/flickr30k_images/flickr30k_images/flickr30k_images/4503700618.jpg,car,0.5324608683586121,49.70521926879883,62.67699432373047,278.9052429199219,156.55081176757812,8
Flickr30K/4503700618.jpg,/content/Image_captioning_Local/Flickr30K/flickr30k_images/flickr30k_images/flickr30k_images/4503700618.jpg,car,0.3363669812679291,54.905975341796875,92.14099884033203,103.06021118164062,145.94430541992188,8
Flickr30K/4503700618.jpg,/content/Image_captioning_Local/Flickr30K/flickr30k_images/flickr30k_images/flickr30k_images/4503700618.jpg,car,0.3300568759441376,307.76611328125,84.8818359375,350.0317687988281,210.36767578125,8
Flickr30K/4503700618.jpg,/content/Image_captioning_Local/Flickr30K/flickr30k_images/flickr30k_images/flickr30k_images/4503700618.jpg,person,0.3197630047798157,204.8861083984375,37.82798767089844,225.57321166992188,64.70100402832031,8
Flickr30K/4503931941.jpg,/content/Image_captioning_Local/Flickr30K/flickr30k_images/flickr30k_images/flickr30k_images/4503931941.jpg,car,0.920815110206604,265.59228515625,28.882736206054688,494.55059814453125,118.3473129272461,20
Flickr30K/4503931941.jpg,/content/Image_captioning_Local/Flickr30K/flickr30k_images/flickr30k_images/flickr30k_images/4503931941.jpg,person,0.9069846272468567,13.52078914642334,27.175861358642578,109.89811706542969,292.2792053222656,20
Flickr30K/4503931941.jpg,/content/Image_captioning_Local/Flickr30K/flickr30k_images/flickr30k_images/flickr30k_images/4503931941.jpg,person,0.8882541060447693,97.80394744873047,29.259580612182617,175.54576110839844,290.9967956542969,20
Flickr30K/4503931941.jpg,/content/Image_captioning_Local/Flickr30K/flickr30k_images/flickr30k_images/flickr30k_images/4503931941.jpg,car,0.8833444714546204,236.30999755859375,4.246396064758301,325.4472351074219,52.91623306274414,20
Flickr30K/4503931941.jpg,/content/Image_captioning_Local/Flickr30K/flickr30k_images/flickr30k_images/flickr30k_images/4503931941.jpg,car,0.8795996904373169,465.5353088378906,6.160366535186768,500.0,40.04145431518555,20
Flickr30K/4503931941.jpg,/content/Image_captioning_Local/Flickr30K/flickr30k_images/flickr30k_images/flickr30k_images/4503931941.jpg,person,0.8720397353172302,158.20213317871094,31.064897537231445,205.0205535888672,274.2986145019531,20
Flickr30K/4503931941.jpg,/content/Image_captioning_Local/Flickr30K/flickr30k_images/flickr30k_images/flickr30k_images/4503931941.jpg,car,0.8588694930076599,188.4464874267578,0.3421902656555176,216.33331298828125,20.879823684692383,20
Flickr30K/4503931941.jpg,/content/Image_captioning_Local/Flickr30K/flickr30k_images/flickr30k_images/flickr30k_images/4503931941.jpg,car,0.7563831210136414,29.901832580566406,0.0,63.0505256652832,23.944122314453125,20
Flickr30K/4503931941.jpg,/content/Image_captioning_Local/Flickr30K/flickr30k_images/flickr30k_images/flickr30k_images/4503931941.jpg,car,0.747173011302948,412.8760681152344,1.5025675296783447,469.1429748535156,55.47407150268555,20
Flickr30K/4503931941.jpg,/content/Image_captioning_Local/Flickr30K/flickr30k_images/flickr30k_images/flickr30k_images/4503931941.jpg,car,0.7192433476448059,0.8613958954811096,0.0,41.80244827270508,37.63459396362305,20
Flickr30K/4503931941.jpg,/content/Image_captioning_Local/Flickr30K/flickr30k_images/flickr30k_images/flickr30k_images/4503931941.jpg,person,0.5683345198631287,384.73443603515625,6.860190391540527,400.42877197265625,33.560401916503906,20
Flickr30K/4503931941.jpg,/content/Image_captioning_Local/Flickr30K/flickr30k_images/flickr30k_images/flickr30k_images/4503931941.jpg,person,0.535919725894928,368.5174255371094,38.826805114746094,389.80462646484375,59.02064514160156,20
Flickr30K/4503931941.jpg,/content/Image_captioning_Local/Flickr30K/flickr30k_images/flickr30k_images/flickr30k_images/4503931941.jpg,truck,0.5284589529037476,104.1533203125,0.0,156.96144104003906,31.538707733154297,20
Flickr30K/4503931941.jpg,/content/Image_captioning_Local/Flickr30K/flickr30k_images/flickr30k_images/flickr30k_images/4503931941.jpg,car,0.4886375665664673,357.9400634765625,0.0,400.77813720703125,25.317270278930664,20
Flickr30K/4503931941.jpg,/content/Image_captioning_Local/Flickr30K/flickr30k_images/flickr30k_images/flickr30k_images/4503931941.jpg,person,0.4884594678878784,68.81592559814453,0.1944899559020996,84.05697631835938,29.07419776916504,20
Flickr30K/4503931941.jpg,/content/Image_captioning_Local/Flickr30K/flickr30k_images/flickr30k_images/flickr30k_images/4503931941.jpg,car,0.48083335161209106,76.79595947265625,0.08450150489807129,105.70682525634766,18.789989471435547,20
Flickr30K/4503931941.jpg,/content/Image_captioning_Local/Flickr30K/flickr30k_images/flickr30k_images/flickr30k_images/4503931941.jpg,car,0.43386122584342957,104.33380889892578,0.0,156.55772399902344,31.19581413269043,20
Flickr30K/4503931941.jpg,/content/Image_captioning_Local/Flickr30K/flickr30k_images/flickr30k_images/flickr30k_images/4503931941.jpg,person,0.3863486051559448,159.6607666015625,1.064211130142212,169.405029296875,20.08903694152832,20
Flickr30K/4503931941.jpg,/content/Image_captioning_Local/Flickr30K/flickr30k_images/flickr30k_images/flickr30k_images/4503931941.jpg,car,0.32646244764328003,66.46157836914062,0.6718695163726807,89.42089080810547,25.89264488220215,20
Flickr30K/4503931941.jpg,/content/Image_captioning_Local/Flickr30K/flickr30k_images/flickr30k_images/flickr30k_images/4503931941.jpg,truck,0.31665876507759094,357.01129150390625,0.0,400.6182556152344,26.782041549682617,20
Flickr30K/4503962385.jpg,/content/Image_captioning_Local/Flickr30K/flickr30k_images/flickr30k_images/flickr30k_images/4503962385.jpg,person,0.9202495217323303,331.1776123046875,150.2047119140625,412.3329772949219,287.65863037109375,20
Flickr30K/4503962385.jpg,/content/Image_captioning_Local/Flickr30K/flickr30k_images/flickr30k_images/flickr30k_images/4503962385.jpg,person,0.9150887727737427,421.0317687988281,98.93276977539062,457.598388671875,182.80172729492188,20
Flickr30K/4503962385.jpg,/content/Image_captioning_Local/Flickr30K/flickr30k_images/flickr30k_images/flickr30k_images/4503962385.jpg,person,0.8454286456108093,461.8108825683594,106.92481994628906,491.5330810546875,181.20355224609375,20
Flickr30K/4503962385.jpg,/content/Image_captioning_Local/Flickr30K/flickr30k_images/flickr30k_images/flickr30k_images/4503962385.jpg,bus,0.771502673625946,0.16056597232818604,83.51972198486328,30.003515243530273,154.66702270507812,20
Flickr30K/4503962385.jpg,/content/Image_captioning_Local/Flickr30K/flickr30k_images/flickr30k_images/flickr30k_images/4503962385.jpg,car,0.70567786693573,0.33921003341674805,121.55814361572266,155.7828369140625,263.7012023925781,20
Flickr30K/4503962385.jpg,/content/Image_captioning_Local/Flickr30K/flickr30k_images/flickr30k_images/flickr30k_images/4503962385.jpg,traffic light,0.6440138220787048,79.73258209228516,41.40409851074219,131.29551696777344,83.83879852294922,20
Flickr30K/4503962385.jpg,/content/Image_captioning_Local/Flickr30K/flickr30k_images/flickr30k_images/flickr30k_images/4503962385.jpg,traffic light,0.5977444648742676,31.819459915161133,17.412155151367188,43.47964859008789,46.593101501464844,20
Flickr30K/4503962385.jpg,/content/Image_captioning_Local/Flickr30K/flickr30k_images/flickr30k_images/flickr30k_images/4503962385.jpg,car,0.5318297743797302,408.4602355957031,114.9444808959961,423.48822021484375,150.84869384765625,20
Flickr30K/4503962385.jpg,/content/Image_captioning_Local/Flickr30K/flickr30k_images/flickr30k_images/flickr30k_images/4503962385.jpg,traffic light,0.44208094477653503,466.6228332519531,70.73741149902344,473.630126953125,81.29641723632812,20
Flickr30K/4503962385.jpg,/content/Image_captioning_Local/Flickr30K/flickr30k_images/flickr30k_images/flickr30k_images/4503962385.jpg,person,0.40684646368026733,95.92108917236328,221.48773193359375,145.37632751464844,289.810546875,20
Flickr30K/4503962385.jpg,/content/Image_captioning_Local/Flickr30K/flickr30k_images/flickr30k_images/flickr30k_images/4503962385.jpg,handbag,0.37916675209999084,483.7760314941406,135.57041931152344,499.31884765625,158.535400390625,20
Flickr30K/4503962385.jpg,/content/Image_captioning_Local/Flickr30K/flickr30k_images/flickr30k_images/flickr30k_images/4503962385.jpg,bus,0.37642794847488403,407.0702209472656,88.1487045288086,435.10498046875,115.85909271240234,20
Flickr30K/4503962385.jpg,/content/Image_captioning_Local/Flickr30K/flickr30k_images/flickr30k_images/flickr30k_images/4503962385.jpg,car,0.3661472201347351,466.4520263671875,91.70743560791016,491.9619445800781,113.90861511230469,20
Flickr30K/4503962385.jpg,/content/Image_captioning_Local/Flickr30K/flickr30k_images/flickr30k_images/flickr30k_images/4503962385.jpg,car,0.3545483350753784,491.0086669921875,92.2671890258789,499.57427978515625,106.93832397460938,20
Flickr30K/4503962385.jpg,/content/Image_captioning_Local/Flickr30K/flickr30k_images/flickr30k_images/flickr30k_images/4503962385.jpg,truck,0.3495394289493561,175.46182250976562,79.32081604003906,240.18902587890625,134.25961303710938,20
Flickr30K/4503962385.jpg,/content/Image_captioning_Local/Flickr30K/flickr30k_images/flickr30k_images/flickr30k_images/4503962385.jpg,traffic light,0.34216001629829407,300.4959716796875,0.7346987724304199,314.0135803222656,16.161048889160156,20
Flickr30K/4503962385.jpg,/content/Image_captioning_Local/Flickr30K/flickr30k_images/flickr30k_images/flickr30k_images/4503962385.jpg,person,0.33173125982284546,492.8771057128906,105.36109161376953,500.0,138.2530059814453,20
Flickr30K/4503962385.jpg,/content/Image_captioning_Local/Flickr30K/flickr30k_images/flickr30k_images/flickr30k_images/4503962385.jpg,traffic light,0.32424548268318176,443.664306640625,71.43637084960938,452.29345703125,87.23655700683594,20
Flickr30K/4503962385.jpg,/content/Image_captioning_Local/Flickr30K/flickr30k_images/flickr30k_images/flickr30k_images/4503962385.jpg,skateboard,0.3153998851776123,199.05776977539062,269.387939453125,293.4981689453125,303.9281005859375,20
Flickr30K/4503962385.jpg,/content/Image_captioning_Local/Flickr30K/flickr30k_images/flickr30k_images/flickr30k_images/4503962385.jpg,truck,0.30674514174461365,407.1767883300781,90.56714630126953,431.58673095703125,116.60081481933594,20
Flickr30K/4504050190.jpg,/content/Image_captioning_Local/Flickr30K/flickr30k_images/flickr30k_images/flickr30k_images/4504050190.jpg,person,0.6937310099601746,0.38787126541137695,0.0,370.58282470703125,442.5351257324219,1
Flickr30K/450425195.jpg,/content/Image_captioning_Local/Flickr30K/flickr30k_images/flickr30k_images/flickr30k_images/450425195.jpg,person,0.8282005786895752,264.9285888671875,123.40541076660156,448.17352294921875,406.4654846191406,2
Flickr30K/450425195.jpg,/content/Image_captioning_Local/Flickr30K/flickr30k_images/flickr30k_images/flickr30k_images/450425195.jpg,bench,0.6353473663330078,203.80491638183594,190.12503051757812,479.3061828613281,432.7919921875,2
Flickr30K/4504411798.jpg,/content/Image_captioning_Local/Flickr30K/flickr30k_images/flickr30k_images/flickr30k_images/4504411798.jpg,person,0.8626209497451782,30.042816162109375,82.9623794555664,236.4798126220703,325.2638244628906,10
Flickr30K/4504411798.jpg,/content/Image_captioning_Local/Flickr30K/flickr30k_images/flickr30k_images/flickr30k_images/4504411798.jpg,person,0.8491124510765076,311.574951171875,2.1007955074310303,498.3673095703125,302.6702880859375,10
Flickr30K/4504411798.jpg,/content/Image_captioning_Local/Flickr30K/flickr30k_images/flickr30k_images/flickr30k_images/4504411798.jpg,bottle,0.8050110936164856,166.0201416015625,231.73471069335938,207.6577911376953,332.0789794921875,10
Flickr30K/4504411798.jpg,/content/Image_captioning_Local/Flickr30K/flickr30k_images/flickr30k_images/flickr30k_images/4504411798.jpg,chair,0.7847867608070374,0.0,212.87489318847656,38.136749267578125,330.31964111328125,10
Flickr30K/4504411798.jpg,/content/Image_captioning_Local/Flickr30K/flickr30k_images/flickr30k_images/flickr30k_images/4504411798.jpg,book,0.6249943375587463,247.7130584716797,88.15535736083984,331.76190185546875,137.59707641601562,10
Flickr30K/4504411798.jpg,/content/Image_captioning_Local/Flickr30K/flickr30k_images/flickr30k_images/flickr30k_images/4504411798.jpg,person,0.5457711815834045,424.64801025390625,0.8963048458099365,499.87066650390625,197.10755920410156,10
Flickr30K/4504411798.jpg,/content/Image_captioning_Local/Flickr30K/flickr30k_images/flickr30k_images/flickr30k_images/4504411798.jpg,person,0.5433242917060852,166.82379150390625,3.9122045040130615,319.0594787597656,270.78076171875,10
Flickr30K/4504411798.jpg,/content/Image_captioning_Local/Flickr30K/flickr30k_images/flickr30k_images/flickr30k_images/4504411798.jpg,person,0.2807731330394745,121.93695068359375,13.35136890411377,173.88845825195312,107.05008697509766,10
Flickr30K/4504411798.jpg,/content/Image_captioning_Local/Flickr30K/flickr30k_images/flickr30k_images/flickr30k_images/4504411798.jpg,dining table,0.25824347138404846,187.37109375,257.2960510253906,493.0536804199219,330.7394104003906,10
Flickr30K/4504411798.jpg,/content/Image_captioning_Local/Flickr30K/flickr30k_images/flickr30k_images/flickr30k_images/4504411798.jpg,book,0.2568422555923462,206.16610717773438,277.25177001953125,282.6994323730469,313.3672180175781,10
Flickr30K/4504478051.jpg,/content/Image_captioning_Local/Flickr30K/flickr30k_images/flickr30k_images/flickr30k_images/4504478051.jpg,person,0.6026439666748047,31.26998519897461,55.1936149597168,250.21884155273438,496.5111389160156,1
Flickr30K/450476929.jpg,/content/Image_captioning_Local/Flickr30K/flickr30k_images/flickr30k_images/flickr30k_images/450476929.jpg,person,0.7341747283935547,70.41202545166016,309.9493408203125,215.3179931640625,452.5697326660156,1
Flickr30K/4504942600.jpg,/content/Image_captioning_Local/Flickr30K/flickr30k_images/flickr30k_images/flickr30k_images/4504942600.jpg,person,0.7973136901855469,352.1083984375,89.05538177490234,381.2882385253906,177.41360473632812,6
Flickr30K/4504942600.jpg,/content/Image_captioning_Local/Flickr30K/flickr30k_images/flickr30k_images/flickr30k_images/4504942600.jpg,bench,0.5458524823188782,383.1012268066406,158.36703491210938,494.08258056640625,189.98143005371094,6
Flickr30K/4504942600.jpg,/content/Image_captioning_Local/Flickr30K/flickr30k_images/flickr30k_images/flickr30k_images/4504942600.jpg,person,0.5089425444602966,92.41070556640625,3.7218570709228516,353.5225830078125,364.6903381347656,6
Flickr30K/4504942600.jpg,/content/Image_captioning_Local/Flickr30K/flickr30k_images/flickr30k_images/flickr30k_images/4504942600.jpg,chair,0.4390730857849121,58.21859359741211,131.83953857421875,102.06014251708984,171.2450714111328,6
Flickr30K/4504942600.jpg,/content/Image_captioning_Local/Flickr30K/flickr30k_images/flickr30k_images/flickr30k_images/4504942600.jpg,surfboard,0.39727982878685,207.62387084960938,68.79339599609375,358.2272033691406,319.10601806640625,6
Flickr30K/4504942600.jpg,/content/Image_captioning_Local/Flickr30K/flickr30k_images/flickr30k_images/flickr30k_images/4504942600.jpg,surfboard,0.3045513331890106,205.595947265625,70.31977081298828,306.60565185546875,240.9156494140625,6
Flickr30K/4504942754.jpg,/content/Image_captioning_Local/Flickr30K/flickr30k_images/flickr30k_images/flickr30k_images/4504942754.jpg,person,0.8930863738059998,200.38345336914062,86.73894500732422,255.35133361816406,278.2284851074219,10
Flickr30K/4504942754.jpg,/content/Image_captioning_Local/Flickr30K/flickr30k_images/flickr30k_images/flickr30k_images/4504942754.jpg,car,0.8570337295532227,453.0321044921875,130.079833984375,499.763671875,226.22747802734375,10
Flickr30K/4504942754.jpg,/content/Image_captioning_Local/Flickr30K/flickr30k_images/flickr30k_images/flickr30k_images/4504942754.jpg,car,0.7845921516418457,390.6449279785156,138.10089111328125,471.1153869628906,215.54324340820312,10
Flickr30K/4504942754.jpg,/content/Image_captioning_Local/Flickr30K/flickr30k_images/flickr30k_images/flickr30k_images/4504942754.jpg,car,0.7835907936096191,339.04327392578125,147.52874755859375,399.1861267089844,203.7991485595703,10
Flickr30K/4504942754.jpg,/content/Image_captioning_Local/Flickr30K/flickr30k_images/flickr30k_images/flickr30k_images/4504942754.jpg,car,0.6576359868049622,299.7574768066406,143.99795532226562,348.7989501953125,188.15054321289062,10
Flickr30K/4504942754.jpg,/content/Image_captioning_Local/Flickr30K/flickr30k_images/flickr30k_images/flickr30k_images/4504942754.jpg,car,0.6399985551834106,325.61077880859375,149.58700561523438,354.250732421875,189.98179626464844,10
Flickr30K/4504942754.jpg,/content/Image_captioning_Local/Flickr30K/flickr30k_images/flickr30k_images/flickr30k_images/4504942754.jpg,car,0.5631201267242432,262.6032409667969,152.05014038085938,280.09661865234375,177.32289123535156,10
Flickr30K/4504942754.jpg,/content/Image_captioning_Local/Flickr30K/flickr30k_images/flickr30k_images/flickr30k_images/4504942754.jpg,car,0.5228729248046875,285.9053649902344,137.6456298828125,317.6673889160156,184.4216766357422,10
Flickr30K/4504942754.jpg,/content/Image_captioning_Local/Flickr30K/flickr30k_images/flickr30k_images/flickr30k_images/4504942754.jpg,parking meter,0.4067660868167877,299.3681335449219,143.69723510742188,344.8079833984375,187.0229949951172,10
Flickr30K/4504942754.jpg,/content/Image_captioning_Local/Flickr30K/flickr30k_images/flickr30k_images/flickr30k_images/4504942754.jpg,traffic light,0.39910632371902466,128.01480102539062,79.28106689453125,138.88330078125,111.65699768066406,10
Flickr30K/4505012194.jpg,/content/Image_captioning_Local/Flickr30K/flickr30k_images/flickr30k_images/flickr30k_images/4505012194.jpg,person,0.8287194967269897,56.50477981567383,0.0,240.20404052734375,424.1305847167969,4
Flickr30K/4505012194.jpg,/content/Image_captioning_Local/Flickr30K/flickr30k_images/flickr30k_images/flickr30k_images/4505012194.jpg,person,0.6942669153213501,238.3767852783203,29.204225540161133,291.70343017578125,221.17709350585938,4
Flickr30K/4505012194.jpg,/content/Image_captioning_Local/Flickr30K/flickr30k_images/flickr30k_images/flickr30k_images/4505012194.jpg,person,0.6892588138580322,293.9307556152344,28.6618709564209,332.8885498046875,253.828125,4
Flickr30K/4505012194.jpg,/content/Image_captioning_Local/Flickr30K/flickr30k_images/flickr30k_images/flickr30k_images/4505012194.jpg,person,0.6695321798324585,201.28834533691406,21.410202026367188,250.24049377441406,226.86410522460938,4
Flickr30K/4505032796.jpg,/content/Image_captioning_Local/Flickr30K/flickr30k_images/flickr30k_images/flickr30k_images/4505032796.jpg,person,0.7875810265541077,190.4175567626953,85.81519317626953,296.7342529296875,368.00341796875,10
Flickr30K/4505032796.jpg,/content/Image_captioning_Local/Flickr30K/flickr30k_images/flickr30k_images/flickr30k_images/4505032796.jpg,person,0.7781397104263306,385.50213623046875,140.25091552734375,450.9295349121094,369.30755615234375,10
Flickr30K/4505032796.jpg,/content/Image_captioning_Local/Flickr30K/flickr30k_images/flickr30k_images/flickr30k_images/4505032796.jpg,person,0.7557522058486938,20.87737274169922,65.32141876220703,247.49349975585938,369.3040771484375,10
Flickr30K/4505032796.jpg,/content/Image_captioning_Local/Flickr30K/flickr30k_images/flickr30k_images/flickr30k_images/4505032796.jpg,handbag,0.553289532661438,324.43328857421875,221.50192260742188,388.6917724609375,285.1716613769531,10
Flickr30K/4505032796.jpg,/content/Image_captioning_Local/Flickr30K/flickr30k_images/flickr30k_images/flickr30k_images/4505032796.jpg,person,0.5160545706748962,452.5975341796875,199.21560668945312,500.0,371.3304443359375,10
Flickr30K/4505032796.jpg,/content/Image_captioning_Local/Flickr30K/flickr30k_images/flickr30k_images/flickr30k_images/4505032796.jpg,person,0.47653692960739136,284.6064453125,132.45606994628906,390.81097412109375,363.701904296875,10
Flickr30K/4505032796.jpg,/content/Image_captioning_Local/Flickr30K/flickr30k_images/flickr30k_images/flickr30k_images/4505032796.jpg,handbag,0.3748834431171417,429.82330322265625,199.88255310058594,500.0,289.92529296875,10
Flickr30K/4505032796.jpg,/content/Image_captioning_Local/Flickr30K/flickr30k_images/flickr30k_images/flickr30k_images/4505032796.jpg,person,0.3731522262096405,489.76898193359375,144.61317443847656,500.0,193.36595153808594,10
Flickr30K/4505032796.jpg,/content/Image_captioning_Local/Flickr30K/flickr30k_images/flickr30k_images/flickr30k_images/4505032796.jpg,person,0.3688679337501526,398.2114562988281,133.6810760498047,498.0481262207031,374.00408935546875,10
Flickr30K/4505032796.jpg,/content/Image_captioning_Local/Flickr30K/flickr30k_images/flickr30k_images/flickr30k_images/4505032796.jpg,backpack,0.29849973320961,170.90969848632812,321.52899169921875,274.5987854003906,374.1100769042969,10
Flickr30K/450518960.jpg,/content/Image_captioning_Local/Flickr30K/flickr30k_images/flickr30k_images/flickr30k_images/450518960.jpg,person,0.8060252070426941,174.00013732910156,147.74391174316406,230.7384796142578,288.3524169921875,6
Flickr30K/450518960.jpg,/content/Image_captioning_Local/Flickr30K/flickr30k_images/flickr30k_images/flickr30k_images/450518960.jpg,person,0.7790057063102722,352.240478515625,106.06889343261719,367.5139465332031,132.67063903808594,6
Flickr30K/450518960.jpg,/content/Image_captioning_Local/Flickr30K/flickr30k_images/flickr30k_images/flickr30k_images/450518960.jpg,person,0.7618550658226013,100.39054107666016,145.20440673828125,151.2415771484375,279.1195373535156,6
Flickr30K/450518960.jpg,/content/Image_captioning_Local/Flickr30K/flickr30k_images/flickr30k_images/flickr30k_images/450518960.jpg,person,0.7222350835800171,477.40582275390625,110.96631622314453,488.7133483886719,137.64486694335938,6
Flickr30K/450518960.jpg,/content/Image_captioning_Local/Flickr30K/flickr30k_images/flickr30k_images/flickr30k_images/450518960.jpg,person,0.4075179100036621,111.00811767578125,108.2916259765625,118.98055267333984,124.61006927490234,6
Flickr30K/450518960.jpg,/content/Image_captioning_Local/Flickr30K/flickr30k_images/flickr30k_images/flickr30k_images/450518960.jpg,tennis racket,0.2594108283519745,183.7035369873047,177.21920776367188,197.8879852294922,197.92938232421875,6
Flickr30K/4505409459.jpg,/content/Image_captioning_Local/Flickr30K/flickr30k_images/flickr30k_images/flickr30k_images/4505409459.jpg,person,0.866570770740509,42.39948272705078,1.0131478309631348,257.4291076660156,382.0856628417969,3
Flickr30K/4505409459.jpg,/content/Image_captioning_Local/Flickr30K/flickr30k_images/flickr30k_images/flickr30k_images/4505409459.jpg,car,0.8588889241218567,222.72808837890625,29.331642150878906,335.57647705078125,129.7210235595703,3
Flickr30K/4505409459.jpg,/content/Image_captioning_Local/Flickr30K/flickr30k_images/flickr30k_images/flickr30k_images/4505409459.jpg,truck,0.29853594303131104,0.0,4.540472984313965,64.75859069824219,123.88572692871094,3
Flickr30K/4505835829.jpg,/content/Image_captioning_Local/Flickr30K/flickr30k_images/flickr30k_images/flickr30k_images/4505835829.jpg,person,0.8176846504211426,346.58612060546875,98.74236297607422,427.37335205078125,311.978759765625,4
Flickr30K/4505835829.jpg,/content/Image_captioning_Local/Flickr30K/flickr30k_images/flickr30k_images/flickr30k_images/4505835829.jpg,car,0.4135165512561798,276.927001953125,177.5107421875,378.8913269042969,247.87940979003906,4
Flickr30K/4505835829.jpg,/content/Image_captioning_Local/Flickr30K/flickr30k_images/flickr30k_images/flickr30k_images/4505835829.jpg,person,0.3783704936504364,186.54296875,42.796104431152344,215.32627868652344,114.13523864746094,4
Flickr30K/4505835829.jpg,/content/Image_captioning_Local/Flickr30K/flickr30k_images/flickr30k_images/flickr30k_images/4505835829.jpg,baseball glove,0.29159948229789734,338.8020324707031,157.53631591796875,359.89874267578125,177.428955078125,4
Flickr30K/4505846203.jpg,/content/Image_captioning_Local/Flickr30K/flickr30k_images/flickr30k_images/flickr30k_images/4505846203.jpg,person,0.881761908531189,206.61611938476562,199.85250854492188,257.34771728515625,329.926025390625,8
Flickr30K/4505846203.jpg,/content/Image_captioning_Local/Flickr30K/flickr30k_images/flickr30k_images/flickr30k_images/4505846203.jpg,person,0.8638127446174622,110.5650405883789,241.8956756591797,136.91529846191406,299.8228454589844,8
Flickr30K/4505846203.jpg,/content/Image_captioning_Local/Flickr30K/flickr30k_images/flickr30k_images/flickr30k_images/4505846203.jpg,person,0.7984046339988708,183.23776245117188,248.05776977539062,199.1302947998047,291.0840148925781,8
Flickr30K/4505846203.jpg,/content/Image_captioning_Local/Flickr30K/flickr30k_images/flickr30k_images/flickr30k_images/4505846203.jpg,person,0.7941246032714844,272.08233642578125,254.94482421875,288.7901306152344,304.7283020019531,8
Flickr30K/4505846203.jpg,/content/Image_captioning_Local/Flickr30K/flickr30k_images/flickr30k_images/flickr30k_images/4505846203.jpg,person,0.6432816982269287,333.42083740234375,242.89622497558594,363.79052734375,299.44696044921875,8
Flickr30K/4505846203.jpg,/content/Image_captioning_Local/Flickr30K/flickr30k_images/flickr30k_images/flickr30k_images/4505846203.jpg,person,0.6421394944190979,436.0516662597656,236.65512084960938,467.34197998046875,290.6298522949219,8
Flickr30K/4505846203.jpg,/content/Image_captioning_Local/Flickr30K/flickr30k_images/flickr30k_images/flickr30k_images/4505846203.jpg,motorcycle,0.5643426179885864,309.0113830566406,264.7718811035156,344.8834228515625,297.7098083496094,8
Flickr30K/4505846203.jpg,/content/Image_captioning_Local/Flickr30K/flickr30k_images/flickr30k_images/flickr30k_images/4505846203.jpg,person,0.3718790113925934,203.17581176757812,252.77468872070312,212.07530212402344,287.29974365234375,8
Flickr30K/4505867963.jpg,/content/Image_captioning_Local/Flickr30K/flickr30k_images/flickr30k_images/flickr30k_images/4505867963.jpg,person,0.8580555319786072,18.01256561279297,58.87150573730469,328.8825378417969,496.194091796875,2
Flickr30K/4505867963.jpg,/content/Image_captioning_Local/Flickr30K/flickr30k_images/flickr30k_images/flickr30k_images/4505867963.jpg,person,0.48109957575798035,238.28628540039062,208.18460083007812,332.0412292480469,416.79486083984375,2
Flickr30K/4505883129.jpg,/content/Image_captioning_Local/Flickr30K/flickr30k_images/flickr30k_images/flickr30k_images/4505883129.jpg,person,0.7701635956764221,2.1894872188568115,0.28526633977890015,101.81269836425781,35.2218017578125,3
Flickr30K/4505883129.jpg,/content/Image_captioning_Local/Flickr30K/flickr30k_images/flickr30k_images/flickr30k_images/4505883129.jpg,person,0.6329238414764404,4.970508575439453,16.894508361816406,238.26319885253906,312.1793518066406,3
Flickr30K/4505883129.jpg,/content/Image_captioning_Local/Flickr30K/flickr30k_images/flickr30k_images/flickr30k_images/4505883129.jpg,baseball bat,0.45500433444976807,49.33908462524414,58.384559631347656,122.01318359375,149.327392578125,3
Flickr30K/450596617.jpg,/content/Image_captioning_Local/Flickr30K/flickr30k_images/flickr30k_images/flickr30k_images/450596617.jpg,person,0.9160993099212646,74.30660247802734,36.06767654418945,220.33221435546875,326.9970397949219,2
Flickr30K/450596617.jpg,/content/Image_captioning_Local/Flickr30K/flickr30k_images/flickr30k_images/flickr30k_images/450596617.jpg,person,0.8616816401481628,199.78155517578125,38.091529846191406,298.35223388671875,330.0,2
Flickr30K/4506403189.jpg,/content/Image_captioning_Local/Flickr30K/flickr30k_images/flickr30k_images/flickr30k_images/4506403189.jpg,person,0.3771767318248749,4.024600982666016,64.72665405273438,416.29248046875,237.55776977539062,2
Flickr30K/4506403189.jpg,/content/Image_captioning_Local/Flickr30K/flickr30k_images/flickr30k_images/flickr30k_images/4506403189.jpg,backpack,0.3764425814151764,406.9073181152344,113.565185546875,500.0,216.94314575195312,2
Flickr30K/4506417051.jpg,/content/Image_captioning_Local/Flickr30K/flickr30k_images/flickr30k_images/flickr30k_images/4506417051.jpg,person,0.8641261458396912,60.54631042480469,170.32647705078125,168.9802703857422,450.2405090332031,2
Flickr30K/4506417051.jpg,/content/Image_captioning_Local/Flickr30K/flickr30k_images/flickr30k_images/flickr30k_images/4506417051.jpg,backpack,0.6986464858055115,89.95475006103516,208.91680908203125,156.49732971191406,307.9197998046875,2
Flickr30K/4506453685.jpg,/content/Image_captioning_Local/Flickr30K/flickr30k_images/flickr30k_images/flickr30k_images/4506453685.jpg,person,0.7779608368873596,129.90777587890625,178.17494201660156,178.62095642089844,262.7796936035156,2
Flickr30K/4506453685.jpg,/content/Image_captioning_Local/Flickr30K/flickr30k_images/flickr30k_images/flickr30k_images/4506453685.jpg,train,0.42317864298820496,12.2847318649292,9.493428230285645,498.34814453125,334.0,2
Flickr30K/4506480563.jpg,/content/Image_captioning_Local/Flickr30K/flickr30k_images/flickr30k_images/flickr30k_images/4506480563.jpg,person,0.6578526496887207,135.0411834716797,243.310302734375,239.8411102294922,274.27496337890625,4
Flickr30K/4506480563.jpg,/content/Image_captioning_Local/Flickr30K/flickr30k_images/flickr30k_images/flickr30k_images/4506480563.jpg,person,0.6351730227470398,11.261632919311523,248.8607635498047,110.81326293945312,300.73162841796875,4
Flickr30K/4506480563.jpg,/content/Image_captioning_Local/Flickr30K/flickr30k_images/flickr30k_images/flickr30k_images/4506480563.jpg,bench,0.4678777754306793,321.7039489746094,256.4571533203125,483.0569152832031,330.0210266113281,4
Flickr30K/4506480563.jpg,/content/Image_captioning_Local/Flickr30K/flickr30k_images/flickr30k_images/flickr30k_images/4506480563.jpg,bench,0.4632204473018646,217.81103515625,252.9513397216797,362.26507568359375,321.3929443359375,4
Flickr30K/4506837657.jpg,/content/Image_captioning_Local/Flickr30K/flickr30k_images/flickr30k_images/flickr30k_images/4506837657.jpg,person,0.8560411334037781,55.70179748535156,14.181733131408691,219.31214904785156,500.0,2
Flickr30K/4506837657.jpg,/content/Image_captioning_Local/Flickr30K/flickr30k_images/flickr30k_images/flickr30k_images/4506837657.jpg,person,0.4327535927295685,9.999174118041992,0.0,55.386966705322266,97.15988159179688,2
Flickr30K/4506868550.jpg,/content/Image_captioning_Local/Flickr30K/flickr30k_images/flickr30k_images/flickr30k_images/4506868550.jpg,person,0.8278986811637878,83.58819580078125,37.2451057434082,267.4189453125,325.6085205078125,11
Flickr30K/4506868550.jpg,/content/Image_captioning_Local/Flickr30K/flickr30k_images/flickr30k_images/flickr30k_images/4506868550.jpg,person,0.8034669160842896,300.81146240234375,63.59619140625,329.0803527832031,108.3849105834961,11
Flickr30K/4506868550.jpg,/content/Image_captioning_Local/Flickr30K/flickr30k_images/flickr30k_images/flickr30k_images/4506868550.jpg,person,0.7314717769622803,333.0100402832031,57.2600212097168,357.0007019042969,86.70608520507812,11
Flickr30K/4506868550.jpg,/content/Image_captioning_Local/Flickr30K/flickr30k_images/flickr30k_images/flickr30k_images/4506868550.jpg,handbag,0.6585812568664551,76.3436050415039,189.7517852783203,134.55072021484375,314.09576416015625,11
Flickr30K/4506868550.jpg,/content/Image_captioning_Local/Flickr30K/flickr30k_images/flickr30k_images/flickr30k_images/4506868550.jpg,car,0.6445578932762146,279.59832763671875,4.821327209472656,478.9588623046875,207.450927734375,11
Flickr30K/4506868550.jpg,/content/Image_captioning_Local/Flickr30K/flickr30k_images/flickr30k_images/flickr30k_images/4506868550.jpg,person,0.42827966809272766,251.69833374023438,65.3038558959961,265.9091491699219,128.86322021484375,11
Flickr30K/4506868550.jpg,/content/Image_captioning_Local/Flickr30K/flickr30k_images/flickr30k_images/flickr30k_images/4506868550.jpg,sandwich,0.3953655958175659,337.3585205078125,258.3097229003906,392.84222412109375,314.46051025390625,11
Flickr30K/4506868550.jpg,/content/Image_captioning_Local/Flickr30K/flickr30k_images/flickr30k_images/flickr30k_images/4506868550.jpg,sandwich,0.31042563915252686,340.2965087890625,191.50758361816406,421.09033203125,227.13551330566406,11
Flickr30K/4506868550.jpg,/content/Image_captioning_Local/Flickr30K/flickr30k_images/flickr30k_images/flickr30k_images/4506868550.jpg,dining table,0.27592378854751587,133.09483337402344,162.80038452148438,463.57440185546875,357.6283264160156,11
Flickr30K/4506868550.jpg,/content/Image_captioning_Local/Flickr30K/flickr30k_images/flickr30k_images/flickr30k_images/4506868550.jpg,cake,0.2585354149341583,451.13037109375,230.5315704345703,480.0,267.6188049316406,11
Flickr30K/4506868550.jpg,/content/Image_captioning_Local/Flickr30K/flickr30k_images/flickr30k_images/flickr30k_images/4506868550.jpg,sandwich,0.2500419318675995,365.69561767578125,249.69900512695312,419.26995849609375,277.8730773925781,11
Flickr30K/450688968.jpg,/content/Image_captioning_Local/Flickr30K/flickr30k_images/flickr30k_images/flickr30k_images/450688968.jpg,person,0.9226626753807068,226.3173828125,163.0648193359375,283.0487060546875,287.99334716796875,11
Flickr30K/450688968.jpg,/content/Image_captioning_Local/Flickr30K/flickr30k_images/flickr30k_images/flickr30k_images/450688968.jpg,person,0.8889903426170349,206.38685607910156,109.963623046875,252.44322204589844,206.47592163085938,11
Flickr30K/450688968.jpg,/content/Image_captioning_Local/Flickr30K/flickr30k_images/flickr30k_images/flickr30k_images/450688968.jpg,person,0.8870589733123779,342.10675048828125,119.33564758300781,392.98675537109375,200.4690704345703,11
Flickr30K/450688968.jpg,/content/Image_captioning_Local/Flickr30K/flickr30k_images/flickr30k_images/flickr30k_images/450688968.jpg,sports ball,0.8618935942649841,237.71908569335938,272.0244140625,258.1036376953125,289.8358459472656,11
Flickr30K/450688968.jpg,/content/Image_captioning_Local/Flickr30K/flickr30k_images/flickr30k_images/flickr30k_images/450688968.jpg,person,0.8066388368606567,132.96932983398438,113.72544860839844,184.67636108398438,190.3848876953125,11
Flickr30K/450688968.jpg,/content/Image_captioning_Local/Flickr30K/flickr30k_images/flickr30k_images/flickr30k_images/450688968.jpg,person,0.8006349205970764,321.3170166015625,98.1231460571289,355.0054016113281,175.44529724121094,11
Flickr30K/450688968.jpg,/content/Image_captioning_Local/Flickr30K/flickr30k_images/flickr30k_images/flickr30k_images/450688968.jpg,person,0.7729876637458801,427.5865173339844,93.51611328125,457.70745849609375,168.84622192382812,11
Flickr30K/450688968.jpg,/content/Image_captioning_Local/Flickr30K/flickr30k_images/flickr30k_images/flickr30k_images/450688968.jpg,person,0.6154535412788391,167.19691467285156,102.8743896484375,205.2778778076172,183.51617431640625,11
Flickr30K/450688968.jpg,/content/Image_captioning_Local/Flickr30K/flickr30k_images/flickr30k_images/flickr30k_images/450688968.jpg,person,0.4129945635795593,486.55242919921875,143.1519775390625,500.0,189.03453063964844,11
Flickr30K/450688968.jpg,/content/Image_captioning_Local/Flickr30K/flickr30k_images/flickr30k_images/flickr30k_images/450688968.jpg,person,0.39811447262763977,299.3843688964844,98.06021118164062,320.7303161621094,130.75033569335938,11
Flickr30K/450688968.jpg,/content/Image_captioning_Local/Flickr30K/flickr30k_images/flickr30k_images/flickr30k_images/450688968.jpg,sports ball,0.2638319432735443,95.96455383300781,166.13092041015625,103.65975189208984,170.50772094726562,11
Flickr30K/450697885.jpg,/content/Image_captioning_Local/Flickr30K/flickr30k_images/flickr30k_images/flickr30k_images/450697885.jpg,person,0.5056860446929932,80.19482421875,147.29953002929688,116.77428436279297,290.244873046875,14
Flickr30K/450697885.jpg,/content/Image_captioning_Local/Flickr30K/flickr30k_images/flickr30k_images/flickr30k_images/450697885.jpg,person,0.4458828568458557,355.8416748046875,151.3674774169922,388.5008850097656,230.58853149414062,14
Flickr30K/450697885.jpg,/content/Image_captioning_Local/Flickr30K/flickr30k_images/flickr30k_images/flickr30k_images/450697885.jpg,person,0.43039149045944214,244.33474731445312,172.10740661621094,281.5162658691406,294.95220947265625,14
Flickr30K/450697885.jpg,/content/Image_captioning_Local/Flickr30K/flickr30k_images/flickr30k_images/flickr30k_images/450697885.jpg,backpack,0.42725440859794617,367.6262512207031,317.44122314453125,420.3987731933594,374.5057678222656,14
Flickr30K/450697885.jpg,/content/Image_captioning_Local/Flickr30K/flickr30k_images/flickr30k_images/flickr30k_images/450697885.jpg,person,0.3919244110584259,0.6411239504814148,135.9812469482422,38.038475036621094,268.21453857421875,14
Flickr30K/450697885.jpg,/content/Image_captioning_Local/Flickr30K/flickr30k_images/flickr30k_images/flickr30k_images/450697885.jpg,person,0.37729117274284363,412.86181640625,263.8536376953125,499.835205078125,373.447021484375,14
Flickr30K/450697885.jpg,/content/Image_captioning_Local/Flickr30K/flickr30k_images/flickr30k_images/flickr30k_images/450697885.jpg,person,0.3658694922924042,152.22244262695312,191.98828125,210.73240661621094,300.8082275390625,14
Flickr30K/450697885.jpg,/content/Image_captioning_Local/Flickr30K/flickr30k_images/flickr30k_images/flickr30k_images/450697885.jpg,person,0.32984742522239685,228.81288146972656,304.28289794921875,286.5483703613281,374.21728515625,14
Flickr30K/450697885.jpg,/content/Image_captioning_Local/Flickr30K/flickr30k_images/flickr30k_images/flickr30k_images/450697885.jpg,person,0.30916959047317505,204.24169921875,172.02894592285156,244.3661651611328,285.4769592285156,14
Flickr30K/450697885.jpg,/content/Image_captioning_Local/Flickr30K/flickr30k_images/flickr30k_images/flickr30k_images/450697885.jpg,person,0.28233128786087036,0.0,61.05582809448242,17.3195743560791,119.4345932006836,14
Flickr30K/450697885.jpg,/content/Image_captioning_Local/Flickr30K/flickr30k_images/flickr30k_images/flickr30k_images/450697885.jpg,person,0.277192085981369,97.81230926513672,188.6606903076172,141.54763793945312,323.45654296875,14
Flickr30K/450697885.jpg,/content/Image_captioning_Local/Flickr30K/flickr30k_images/flickr30k_images/flickr30k_images/450697885.jpg,person,0.27708595991134644,340.38916015625,277.5423889160156,401.4714660644531,373.94677734375,14
Flickr30K/450697885.jpg,/content/Image_captioning_Local/Flickr30K/flickr30k_images/flickr30k_images/flickr30k_images/450697885.jpg,person,0.25980454683303833,282.8880920410156,199.98846435546875,322.3577575683594,316.74176025390625,14
Flickr30K/450697885.jpg,/content/Image_captioning_Local/Flickr30K/flickr30k_images/flickr30k_images/flickr30k_images/450697885.jpg,person,0.2544786334037781,123.79421997070312,343.0426025390625,161.80908203125,374.5710754394531,14
Flickr30K/450701207.jpg,/content/Image_captioning_Local/Flickr30K/flickr30k_images/flickr30k_images/flickr30k_images/450701207.jpg,person,0.9012491703033447,85.3110122680664,181.71133422851562,168.197509765625,372.8194580078125,14
Flickr30K/450701207.jpg,/content/Image_captioning_Local/Flickr30K/flickr30k_images/flickr30k_images/flickr30k_images/450701207.jpg,person,0.8690703511238098,373.1973571777344,136.10984802246094,427.2087097167969,298.0512390136719,14
Flickr30K/450701207.jpg,/content/Image_captioning_Local/Flickr30K/flickr30k_images/flickr30k_images/flickr30k_images/450701207.jpg,person,0.8676044344902039,436.50616455078125,275.0224914550781,480.78021240234375,374.1331481933594,14
Flickr30K/450701207.jpg,/content/Image_captioning_Local/Flickr30K/flickr30k_images/flickr30k_images/flickr30k_images/450701207.jpg,person,0.8155601024627686,277.5631408691406,208.75048828125,348.490478515625,373.2431945800781,14
Flickr30K/450701207.jpg,/content/Image_captioning_Local/Flickr30K/flickr30k_images/flickr30k_images/flickr30k_images/450701207.jpg,person,0.7918346524238586,414.06494140625,147.5679168701172,450.5364990234375,286.51739501953125,14
Flickr30K/450701207.jpg,/content/Image_captioning_Local/Flickr30K/flickr30k_images/flickr30k_images/flickr30k_images/450701207.jpg,person,0.7309286594390869,187.88323974609375,199.39706420898438,259.60498046875,372.3581237792969,14
Flickr30K/450701207.jpg,/content/Image_captioning_Local/Flickr30K/flickr30k_images/flickr30k_images/flickr30k_images/450701207.jpg,person,0.725803792476654,171.43862915039062,136.05752563476562,223.37925720214844,284.0457458496094,14
Flickr30K/450701207.jpg,/content/Image_captioning_Local/Flickr30K/flickr30k_images/flickr30k_images/flickr30k_images/450701207.jpg,person,0.6697713732719421,133.08555603027344,175.21905517578125,170.9996795654297,368.76593017578125,14
Flickr30K/450701207.jpg,/content/Image_captioning_Local/Flickr30K/flickr30k_images/flickr30k_images/flickr30k_images/450701207.jpg,person,0.6045660972595215,252.26040649414062,179.42881774902344,306.2359924316406,320.17523193359375,14
Flickr30K/450701207.jpg,/content/Image_captioning_Local/Flickr30K/flickr30k_images/flickr30k_images/flickr30k_images/450701207.jpg,person,0.5239065885543823,127.4200668334961,76.2625961303711,154.65231323242188,121.40074157714844,14
Flickr30K/450701207.jpg,/content/Image_captioning_Local/Flickr30K/flickr30k_images/flickr30k_images/flickr30k_images/450701207.jpg,person,0.400741308927536,314.2698974609375,190.5525665283203,353.34942626953125,370.9091796875,14
Flickr30K/450701207.jpg,/content/Image_captioning_Local/Flickr30K/flickr30k_images/flickr30k_images/flickr30k_images/450701207.jpg,sports ball,0.30855125188827515,36.644920349121094,205.42474365234375,48.367408752441406,211.22836303710938,14
Flickr30K/450701207.jpg,/content/Image_captioning_Local/Flickr30K/flickr30k_images/flickr30k_images/flickr30k_images/450701207.jpg,tie,0.2728535830974579,285.2127685546875,210.18218994140625,293.4305725097656,233.77566528320312,14
Flickr30K/450701207.jpg,/content/Image_captioning_Local/Flickr30K/flickr30k_images/flickr30k_images/flickr30k_images/450701207.jpg,person,0.25047755241394043,328.46136474609375,54.94902038574219,352.40521240234375,86.39729309082031,14
Flickr30K/450703803.jpg,/content/Image_captioning_Local/Flickr30K/flickr30k_images/flickr30k_images/flickr30k_images/450703803.jpg,person,0.8855668306350708,159.4031982421875,173.60018920898438,242.17689514160156,356.40496826171875,15
Flickr30K/450703803.jpg,/content/Image_captioning_Local/Flickr30K/flickr30k_images/flickr30k_images/flickr30k_images/450703803.jpg,person,0.8835641145706177,36.09024429321289,29.360544204711914,61.34229278564453,105.6728515625,15
Flickr30K/450703803.jpg,/content/Image_captioning_Local/Flickr30K/flickr30k_images/flickr30k_images/flickr30k_images/450703803.jpg,person,0.8638743162155151,449.0355529785156,37.10499954223633,478.44427490234375,88.67472076416016,15
Flickr30K/450703803.jpg,/content/Image_captioning_Local/Flickr30K/flickr30k_images/flickr30k_images/flickr30k_images/450703803.jpg,person,0.8563778400421143,79.01902770996094,25.845611572265625,99.66694641113281,90.57987976074219,15
Flickr30K/450703803.jpg,/content/Image_captioning_Local/Flickr30K/flickr30k_images/flickr30k_images/flickr30k_images/450703803.jpg,sports ball,0.8500236868858337,253.20425415039062,315.89044189453125,276.74542236328125,337.3342590332031,15
Flickr30K/450703803.jpg,/content/Image_captioning_Local/Flickr30K/flickr30k_images/flickr30k_images/flickr30k_images/450703803.jpg,person,0.8454204201698303,1.2227535247802734,208.46762084960938,136.18528747558594,369.8025817871094,15
Flickr30K/450703803.jpg,/content/Image_captioning_Local/Flickr30K/flickr30k_images/flickr30k_images/flickr30k_images/450703803.jpg,person,0.8413247466087341,4.512007713317871,25.40981674194336,27.487796783447266,100.97935485839844,15
Flickr30K/450703803.jpg,/content/Image_captioning_Local/Flickr30K/flickr30k_images/flickr30k_images/flickr30k_images/450703803.jpg,person,0.8291209936141968,361.6669006347656,44.89629364013672,381.368408203125,108.94546508789062,15
Flickr30K/450703803.jpg,/content/Image_captioning_Local/Flickr30K/flickr30k_images/flickr30k_images/flickr30k_images/450703803.jpg,person,0.8059911131858826,172.75921630859375,32.73585891723633,194.64016723632812,89.80115509033203,15
Flickr30K/450703803.jpg,/content/Image_captioning_Local/Flickr30K/flickr30k_images/flickr30k_images/flickr30k_images/450703803.jpg,person,0.8000819087028503,143.28817749023438,44.79107666015625,164.41329956054688,85.45970916748047,15
Flickr30K/450703803.jpg,/content/Image_captioning_Local/Flickr30K/flickr30k_images/flickr30k_images/flickr30k_images/450703803.jpg,person,0.7838677763938904,407.81536865234375,344.6201171875,444.5075988769531,373.76519775390625,15
Flickr30K/450703803.jpg,/content/Image_captioning_Local/Flickr30K/flickr30k_images/flickr30k_images/flickr30k_images/450703803.jpg,person,0.7825607061386108,331.5087890625,35.73397445678711,356.13818359375,100.46087646484375,15
Flickr30K/450703803.jpg,/content/Image_captioning_Local/Flickr30K/flickr30k_images/flickr30k_images/flickr30k_images/450703803.jpg,person,0.4527445435523987,236.778076171875,359.4010314941406,267.77490234375,374.614990234375,15
Flickr30K/450703803.jpg,/content/Image_captioning_Local/Flickr30K/flickr30k_images/flickr30k_images/flickr30k_images/450703803.jpg,baseball bat,0.3879033625125885,189.6029815673828,305.6338195800781,219.64230346679688,330.8027038574219,15
Flickr30K/450703803.jpg,/content/Image_captioning_Local/Flickr30K/flickr30k_images/flickr30k_images/flickr30k_images/450703803.jpg,person,0.27557432651519775,176.09678649902344,354.13629150390625,236.87045288085938,374.4234924316406,15
Flickr30K/4507048434.jpg,/content/Image_captioning_Local/Flickr30K/flickr30k_images/flickr30k_images/flickr30k_images/4507048434.jpg,person,0.8419655561447144,274.71392822265625,332.8310852050781,314.2242126464844,494.10858154296875,9
Flickr30K/4507048434.jpg,/content/Image_captioning_Local/Flickr30K/flickr30k_images/flickr30k_images/flickr30k_images/4507048434.jpg,traffic light,0.8076781630516052,264.84619140625,136.29832458496094,322.6304931640625,243.27410888671875,9
Flickr30K/4507048434.jpg,/content/Image_captioning_Local/Flickr30K/flickr30k_images/flickr30k_images/flickr30k_images/4507048434.jpg,donut,0.6090511679649353,95.42760467529297,270.8827209472656,150.8292236328125,301.58172607421875,9
Flickr30K/4507048434.jpg,/content/Image_captioning_Local/Flickr30K/flickr30k_images/flickr30k_images/flickr30k_images/4507048434.jpg,donut,0.584976851940155,112.70451354980469,286.58392333984375,170.8463897705078,322.16583251953125,9
Flickr30K/4507048434.jpg,/content/Image_captioning_Local/Flickr30K/flickr30k_images/flickr30k_images/flickr30k_images/4507048434.jpg,donut,0.5548158884048462,61.015350341796875,324.47991943359375,126.80106353759766,361.1898498535156,9
Flickr30K/4507048434.jpg,/content/Image_captioning_Local/Flickr30K/flickr30k_images/flickr30k_images/flickr30k_images/4507048434.jpg,donut,0.49590951204299927,63.29077911376953,297.7268371582031,112.52195739746094,330.9544677734375,9
Flickr30K/4507048434.jpg,/content/Image_captioning_Local/Flickr30K/flickr30k_images/flickr30k_images/flickr30k_images/4507048434.jpg,donut,0.3433576226234436,127.57036590576172,312.55316162109375,173.302490234375,353.0584411621094,9
Flickr30K/4507048434.jpg,/content/Image_captioning_Local/Flickr30K/flickr30k_images/flickr30k_images/flickr30k_images/4507048434.jpg,donut,0.3207800090312958,63.17011642456055,277.83868408203125,95.95050048828125,303.438720703125,9
Flickr30K/4507048434.jpg,/content/Image_captioning_Local/Flickr30K/flickr30k_images/flickr30k_images/flickr30k_images/4507048434.jpg,donut,0.30780747532844543,63.60758972167969,261.7388610839844,109.36012268066406,289.3346252441406,9
Flickr30K/4507050262.jpg,/content/Image_captioning_Local/Flickr30K/flickr30k_images/flickr30k_images/flickr30k_images/4507050262.jpg,bicycle,0.8668867945671082,86.76000213623047,325.5732421875,145.14932250976562,420.28875732421875,2
Flickr30K/4507050262.jpg,/content/Image_captioning_Local/Flickr30K/flickr30k_images/flickr30k_images/flickr30k_images/4507050262.jpg,person,0.7923665046691895,145.250244140625,265.9676513671875,196.26515197753906,394.66949462890625,2
Flickr30K/4507122041.jpg,/content/Image_captioning_Local/Flickr30K/flickr30k_images/flickr30k_images/flickr30k_images/4507122041.jpg,person,0.7868073582649231,418.37725830078125,161.03367614746094,439.40948486328125,220.5811004638672,14
Flickr30K/4507122041.jpg,/content/Image_captioning_Local/Flickr30K/flickr30k_images/flickr30k_images/flickr30k_images/4507122041.jpg,person,0.7350016236305237,458.77862548828125,157.91969299316406,476.88909912109375,207.75070190429688,14
Flickr30K/4507122041.jpg,/content/Image_captioning_Local/Flickr30K/flickr30k_images/flickr30k_images/flickr30k_images/4507122041.jpg,car,0.7013185024261475,35.64625930786133,130.65286254882812,81.19684600830078,210.2011260986328,14
Flickr30K/4507122041.jpg,/content/Image_captioning_Local/Flickr30K/flickr30k_images/flickr30k_images/flickr30k_images/4507122041.jpg,person,0.6996144652366638,42.796112060546875,81.63788604736328,382.77471923828125,324.90032958984375,14
Flickr30K/4507122041.jpg,/content/Image_captioning_Local/Flickr30K/flickr30k_images/flickr30k_images/flickr30k_images/4507122041.jpg,car,0.6885779500007629,180.36160278320312,139.7543182373047,216.7398681640625,169.68653869628906,14
Flickr30K/4507122041.jpg,/content/Image_captioning_Local/Flickr30K/flickr30k_images/flickr30k_images/flickr30k_images/4507122041.jpg,car,0.5788964033126831,194.4017333984375,130.35739135742188,230.92942810058594,164.9312744140625,14
Flickr30K/4507122041.jpg,/content/Image_captioning_Local/Flickr30K/flickr30k_images/flickr30k_images/flickr30k_images/4507122041.jpg,traffic light,0.5463958382606506,321.42291259765625,66.12696075439453,332.4457092285156,87.52483367919922,14
Flickr30K/4507122041.jpg,/content/Image_captioning_Local/Flickr30K/flickr30k_images/flickr30k_images/flickr30k_images/4507122041.jpg,car,0.48678937554359436,298.8976135253906,139.65750122070312,327.7001647949219,158.04701232910156,14
Flickr30K/4507122041.jpg,/content/Image_captioning_Local/Flickr30K/flickr30k_images/flickr30k_images/flickr30k_images/4507122041.jpg,traffic light,0.39711982011795044,306.7961730957031,67.47669219970703,315.63177490234375,86.36988830566406,14
Flickr30K/4507122041.jpg,/content/Image_captioning_Local/Flickr30K/flickr30k_images/flickr30k_images/flickr30k_images/4507122041.jpg,bus,0.3952215015888214,341.6224670410156,113.9901123046875,376.94732666015625,168.22415161132812,14
Flickr30K/4507122041.jpg,/content/Image_captioning_Local/Flickr30K/flickr30k_images/flickr30k_images/flickr30k_images/4507122041.jpg,person,0.3903101086616516,446.4419860839844,140.7107391357422,464.5216369628906,186.1941375732422,14
Flickr30K/4507122041.jpg,/content/Image_captioning_Local/Flickr30K/flickr30k_images/flickr30k_images/flickr30k_images/4507122041.jpg,backpack,0.3694964349269867,113.2078628540039,145.91448974609375,260.5513610839844,325.5254821777344,14
Flickr30K/4507122041.jpg,/content/Image_captioning_Local/Flickr30K/flickr30k_images/flickr30k_images/flickr30k_images/4507122041.jpg,handbag,0.3052466809749603,41.44344711303711,163.20948791503906,108.56387329101562,330.4947814941406,14
Flickr30K/4507122041.jpg,/content/Image_captioning_Local/Flickr30K/flickr30k_images/flickr30k_images/flickr30k_images/4507122041.jpg,person,0.29122769832611084,233.03399658203125,162.7655029296875,375.4187927246094,330.63226318359375,14
Flickr30K/4507268153.jpg,/content/Image_captioning_Local/Flickr30K/flickr30k_images/flickr30k_images/flickr30k_images/4507268153.jpg,person,0.8506417870521545,158.2265625,133.40708923339844,255.9016876220703,480.9654235839844,2
Flickr30K/4507268153.jpg,/content/Image_captioning_Local/Flickr30K/flickr30k_images/flickr30k_images/flickr30k_images/4507268153.jpg,person,0.7414898872375488,98.16768646240234,136.91136169433594,196.49932861328125,482.1839294433594,2
Flickr30K/450746926.jpg,/content/Image_captioning_Local/Flickr30K/flickr30k_images/flickr30k_images/flickr30k_images/450746926.jpg,person,0.8672847151756287,43.214599609375,149.5513153076172,94.62857818603516,228.5859832763672,28
Flickr30K/450746926.jpg,/content/Image_captioning_Local/Flickr30K/flickr30k_images/flickr30k_images/flickr30k_images/450746926.jpg,person,0.8420153856277466,0.0,162.89512634277344,47.19206619262695,234.62112426757812,28
Flickr30K/450746926.jpg,/content/Image_captioning_Local/Flickr30K/flickr30k_images/flickr30k_images/flickr30k_images/450746926.jpg,person,0.839049220085144,296.13226318359375,223.6494598388672,421.5227966308594,307.27020263671875,28
Flickr30K/450746926.jpg,/content/Image_captioning_Local/Flickr30K/flickr30k_images/flickr30k_images/flickr30k_images/450746926.jpg,person,0.8286846280097961,148.9219207763672,150.38919067382812,213.26992797851562,243.25637817382812,28
Flickr30K/450746926.jpg,/content/Image_captioning_Local/Flickr30K/flickr30k_images/flickr30k_images/flickr30k_images/450746926.jpg,person,0.7923606634140015,193.84823608398438,200.6927947998047,242.03634643554688,260.7394714355469,28
Flickr30K/450746926.jpg,/content/Image_captioning_Local/Flickr30K/flickr30k_images/flickr30k_images/flickr30k_images/450746926.jpg,person,0.7828825116157532,70.46984100341797,110.26327514648438,108.34646606445312,180.5873565673828,28
Flickr30K/450746926.jpg,/content/Image_captioning_Local/Flickr30K/flickr30k_images/flickr30k_images/flickr30k_images/450746926.jpg,bowl,0.7549673914909363,213.49168395996094,255.55221557617188,251.8932342529297,276.0032958984375,28
Flickr30K/450746926.jpg,/content/Image_captioning_Local/Flickr30K/flickr30k_images/flickr30k_images/flickr30k_images/450746926.jpg,person,0.7146148681640625,347.3151550292969,109.77458953857422,392.4302673339844,161.34176635742188,28
Flickr30K/450746926.jpg,/content/Image_captioning_Local/Flickr30K/flickr30k_images/flickr30k_images/flickr30k_images/450746926.jpg,person,0.7093573212623596,123.52682495117188,222.83766174316406,221.39834594726562,308.032470703125,28
Flickr30K/450746926.jpg,/content/Image_captioning_Local/Flickr30K/flickr30k_images/flickr30k_images/flickr30k_images/450746926.jpg,person,0.6875354647636414,106.06729888916016,170.45877075195312,168.5712127685547,241.3503875732422,28
Flickr30K/450746926.jpg,/content/Image_captioning_Local/Flickr30K/flickr30k_images/flickr30k_images/flickr30k_images/450746926.jpg,person,0.6428506970405579,274.4329833984375,94.53009796142578,321.8829040527344,160.34756469726562,28
Flickr30K/450746926.jpg,/content/Image_captioning_Local/Flickr30K/flickr30k_images/flickr30k_images/flickr30k_images/450746926.jpg,person,0.6402437090873718,21.677326202392578,117.22931671142578,72.61557006835938,199.38125610351562,28
Flickr30K/450746926.jpg,/content/Image_captioning_Local/Flickr30K/flickr30k_images/flickr30k_images/flickr30k_images/450746926.jpg,person,0.5636894702911377,368.3359069824219,201.48562622070312,436.12127685546875,299.64251708984375,28
Flickr30K/450746926.jpg,/content/Image_captioning_Local/Flickr30K/flickr30k_images/flickr30k_images/flickr30k_images/450746926.jpg,person,0.5265508890151978,427.9390869140625,283.4762878417969,467.5477600097656,308.5721435546875,28
Flickr30K/450746926.jpg,/content/Image_captioning_Local/Flickr30K/flickr30k_images/flickr30k_images/flickr30k_images/450746926.jpg,person,0.4933032989501953,0.19798874855041504,113.91253662109375,27.87570571899414,173.20704650878906,28
Flickr30K/450746926.jpg,/content/Image_captioning_Local/Flickr30K/flickr30k_images/flickr30k_images/flickr30k_images/450746926.jpg,person,0.45196548104286194,251.6787567138672,133.94622802734375,292.15826416015625,187.11260986328125,28
Flickr30K/450746926.jpg,/content/Image_captioning_Local/Flickr30K/flickr30k_images/flickr30k_images/flickr30k_images/450746926.jpg,person,0.43499863147735596,439.1656799316406,74.63467407226562,465.915771484375,110.51406860351562,28
Flickr30K/450746926.jpg,/content/Image_captioning_Local/Flickr30K/flickr30k_images/flickr30k_images/flickr30k_images/450746926.jpg,carrot,0.4201123118400574,29.359371185302734,285.367431640625,51.73720169067383,309.0,28
Flickr30K/450746926.jpg,/content/Image_captioning_Local/Flickr30K/flickr30k_images/flickr30k_images/flickr30k_images/450746926.jpg,person,0.3799390196800232,364.957763671875,29.939788818359375,396.40234375,93.75579071044922,28
Flickr30K/450746926.jpg,/content/Image_captioning_Local/Flickr30K/flickr30k_images/flickr30k_images/flickr30k_images/450746926.jpg,person,0.3622233271598816,241.77894592285156,40.639286041259766,276.38763427734375,81.78494262695312,28
Flickr30K/450746926.jpg,/content/Image_captioning_Local/Flickr30K/flickr30k_images/flickr30k_images/flickr30k_images/450746926.jpg,person,0.34281477332115173,191.2203369140625,69.96086120605469,233.92491149902344,108.63485717773438,28
Flickr30K/450746926.jpg,/content/Image_captioning_Local/Flickr30K/flickr30k_images/flickr30k_images/flickr30k_images/450746926.jpg,person,0.31991541385650635,238.39964294433594,62.75190734863281,277.73095703125,131.1209259033203,28
Flickr30K/450746926.jpg,/content/Image_captioning_Local/Flickr30K/flickr30k_images/flickr30k_images/flickr30k_images/450746926.jpg,apple,0.31167709827423096,145.98680114746094,135.8041229248047,210.3206329345703,160.65626525878906,28
Flickr30K/450746926.jpg,/content/Image_captioning_Local/Flickr30K/flickr30k_images/flickr30k_images/flickr30k_images/450746926.jpg,apple,0.2986811101436615,192.5218505859375,160.6823272705078,227.81944274902344,184.2835693359375,28
Flickr30K/450746926.jpg,/content/Image_captioning_Local/Flickr30K/flickr30k_images/flickr30k_images/flickr30k_images/450746926.jpg,orange,0.2976492643356323,1.8753349781036377,80.49215698242188,107.41169738769531,141.1349334716797,28
Flickr30K/450746926.jpg,/content/Image_captioning_Local/Flickr30K/flickr30k_images/flickr30k_images/flickr30k_images/450746926.jpg,person,0.2623291611671448,420.4217834472656,29.074424743652344,495.24383544921875,110.31184387207031,28
Flickr30K/450746926.jpg,/content/Image_captioning_Local/Flickr30K/flickr30k_images/flickr30k_images/flickr30k_images/450746926.jpg,person,0.26176270842552185,135.1333770751953,64.51000213623047,169.69949340820312,107.54251098632812,28
Flickr30K/450746926.jpg,/content/Image_captioning_Local/Flickr30K/flickr30k_images/flickr30k_images/flickr30k_images/450746926.jpg,person,0.2503052055835724,0.3042958676815033,132.44113159179688,20.491111755371094,195.87979125976562,28
Flickr30K/4507476204.jpg,/content/Image_captioning_Local/Flickr30K/flickr30k_images/flickr30k_images/flickr30k_images/4507476204.jpg,person,0.7389275431632996,267.75689697265625,81.27701568603516,333.0,495.71856689453125,8
Flickr30K/4507476204.jpg,/content/Image_captioning_Local/Flickr30K/flickr30k_images/flickr30k_images/flickr30k_images/4507476204.jpg,person,0.5919614434242249,119.37499237060547,32.67524337768555,277.11883544921875,500.0,8
Flickr30K/4507476204.jpg,/content/Image_captioning_Local/Flickr30K/flickr30k_images/flickr30k_images/flickr30k_images/4507476204.jpg,person,0.5169826149940491,72.3124771118164,0.3857731819152832,111.47108459472656,129.0879669189453,8
Flickr30K/4507476204.jpg,/content/Image_captioning_Local/Flickr30K/flickr30k_images/flickr30k_images/flickr30k_images/4507476204.jpg,person,0.4862948954105377,231.67068481445312,1.2206196784973145,284.37335205078125,186.8956756591797,8
Flickr30K/4507476204.jpg,/content/Image_captioning_Local/Flickr30K/flickr30k_images/flickr30k_images/flickr30k_images/4507476204.jpg,handbag,0.4631911516189575,180.7372283935547,143.45204162597656,280.0375671386719,283.20416259765625,8
Flickr30K/4507476204.jpg,/content/Image_captioning_Local/Flickr30K/flickr30k_images/flickr30k_images/flickr30k_images/4507476204.jpg,person,0.45202338695526123,156.37869262695312,0.0,245.76124572753906,62.62040710449219,8
Flickr30K/4507476204.jpg,/content/Image_captioning_Local/Flickr30K/flickr30k_images/flickr30k_images/flickr30k_images/4507476204.jpg,person,0.42977267503738403,265.6841735839844,0.19707679748535156,332.2732849121094,127.53343200683594,8
Flickr30K/4507476204.jpg,/content/Image_captioning_Local/Flickr30K/flickr30k_images/flickr30k_images/flickr30k_images/4507476204.jpg,potted plant,0.3462224304676056,77.91937255859375,85.37208557128906,138.03005981445312,185.07131958007812,8
Flickr30K/4507548183.jpg,/content/Image_captioning_Local/Flickr30K/flickr30k_images/flickr30k_images/flickr30k_images/4507548183.jpg,person,0.9188979864120483,159.30804443359375,32.25400924682617,253.75497436523438,237.1055908203125,1
Flickr30K/4507674665.jpg,/content/Image_captioning_Local/Flickr30K/flickr30k_images/flickr30k_images/flickr30k_images/4507674665.jpg,person,0.9279525279998779,88.86089324951172,204.22413635253906,172.07159423828125,442.32330322265625,10
Flickr30K/4507674665.jpg,/content/Image_captioning_Local/Flickr30K/flickr30k_images/flickr30k_images/flickr30k_images/4507674665.jpg,person,0.8961043357849121,43.14248275756836,224.94252014160156,86.70885467529297,343.7337646484375,10
Flickr30K/4507674665.jpg,/content/Image_captioning_Local/Flickr30K/flickr30k_images/flickr30k_images/flickr30k_images/4507674665.jpg,person,0.8253343105316162,217.22000122070312,231.4595947265625,236.46466064453125,293.66485595703125,10
Flickr30K/4507674665.jpg,/content/Image_captioning_Local/Flickr30K/flickr30k_images/flickr30k_images/flickr30k_images/4507674665.jpg,person,0.8097519278526306,232.67483520507812,235.22377014160156,254.3504180908203,292.8372497558594,10
Flickr30K/4507674665.jpg,/content/Image_captioning_Local/Flickr30K/flickr30k_images/flickr30k_images/flickr30k_images/4507674665.jpg,person,0.799577534198761,9.079326629638672,248.7529296875,26.693279266357422,292.38348388671875,10
Flickr30K/4507674665.jpg,/content/Image_captioning_Local/Flickr30K/flickr30k_images/flickr30k_images/flickr30k_images/4507674665.jpg,person,0.7894273996353149,190.15188598632812,237.22581481933594,210.8032684326172,294.11834716796875,10
Flickr30K/4507674665.jpg,/content/Image_captioning_Local/Flickr30K/flickr30k_images/flickr30k_images/flickr30k_images/4507674665.jpg,person,0.7809274792671204,361.6966247558594,219.1590118408203,382.578125,274.6761169433594,10
Flickr30K/4507674665.jpg,/content/Image_captioning_Local/Flickr30K/flickr30k_images/flickr30k_images/flickr30k_images/4507674665.jpg,person,0.7549335956573486,22.059513092041016,241.69070434570312,40.417415618896484,292.842041015625,10
Flickr30K/4507674665.jpg,/content/Image_captioning_Local/Flickr30K/flickr30k_images/flickr30k_images/flickr30k_images/4507674665.jpg,person,0.5602636933326721,205.20680236816406,235.39512634277344,222.45753479003906,290.6297302246094,10
Flickr30K/4507674665.jpg,/content/Image_captioning_Local/Flickr30K/flickr30k_images/flickr30k_images/flickr30k_images/4507674665.jpg,person,0.25662675499916077,79.15716552734375,231.63677978515625,88.00008392333984,248.27915954589844,10
Flickr30K/4507759454.jpg,/content/Image_captioning_Local/Flickr30K/flickr30k_images/flickr30k_images/flickr30k_images/4507759454.jpg,person,0.9354174733161926,134.5286102294922,75.46381378173828,285.7020568847656,333.0,21
Flickr30K/4507759454.jpg,/content/Image_captioning_Local/Flickr30K/flickr30k_images/flickr30k_images/flickr30k_images/4507759454.jpg,person,0.9171096086502075,65.1017074584961,113.23556518554688,165.6221923828125,333.0,21
Flickr30K/4507759454.jpg,/content/Image_captioning_Local/Flickr30K/flickr30k_images/flickr30k_images/flickr30k_images/4507759454.jpg,bicycle,0.8961005210876465,336.3125915527344,177.4567108154297,470.64666748046875,333.0,21
Flickr30K/4507759454.jpg,/content/Image_captioning_Local/Flickr30K/flickr30k_images/flickr30k_images/flickr30k_images/4507759454.jpg,car,0.8671557307243347,24.026647567749023,106.24813842773438,61.93039321899414,133.80279541015625,21
Flickr30K/4507759454.jpg,/content/Image_captioning_Local/Flickr30K/flickr30k_images/flickr30k_images/flickr30k_images/4507759454.jpg,person,0.8667939901351929,340.520751953125,69.42303466796875,461.4180603027344,305.3481750488281,21
Flickr30K/4507759454.jpg,/content/Image_captioning_Local/Flickr30K/flickr30k_images/flickr30k_images/flickr30k_images/4507759454.jpg,person,0.8366255760192871,477.95648193359375,107.83128356933594,499.8166198730469,166.3086700439453,21
Flickr30K/4507759454.jpg,/content/Image_captioning_Local/Flickr30K/flickr30k_images/flickr30k_images/flickr30k_images/4507759454.jpg,person,0.8304740190505981,77.04631042480469,78.81159210205078,129.5458221435547,153.8298797607422,21
Flickr30K/4507759454.jpg,/content/Image_captioning_Local/Flickr30K/flickr30k_images/flickr30k_images/flickr30k_images/4507759454.jpg,person,0.8087766766548157,435.9565124511719,103.26936340332031,461.11578369140625,166.197998046875,21
Flickr30K/4507759454.jpg,/content/Image_captioning_Local/Flickr30K/flickr30k_images/flickr30k_images/flickr30k_images/4507759454.jpg,person,0.7207075357437134,295.5867614746094,108.83915710449219,310.7267150878906,149.439697265625,21
Flickr30K/4507759454.jpg,/content/Image_captioning_Local/Flickr30K/flickr30k_images/flickr30k_images/flickr30k_images/4507759454.jpg,car,0.7121326327323914,144.59962463378906,113.28684997558594,179.22592163085938,142.0990447998047,21
Flickr30K/4507759454.jpg,/content/Image_captioning_Local/Flickr30K/flickr30k_images/flickr30k_images/flickr30k_images/4507759454.jpg,car,0.6733705997467041,0.0,104.15280151367188,17.88673973083496,153.45103454589844,21
Flickr30K/4507759454.jpg,/content/Image_captioning_Local/Flickr30K/flickr30k_images/flickr30k_images/flickr30k_images/4507759454.jpg,car,0.664008378982544,128.00514221191406,112.04554748535156,151.10597229003906,140.79420471191406,21
Flickr30K/4507759454.jpg,/content/Image_captioning_Local/Flickr30K/flickr30k_images/flickr30k_images/flickr30k_images/4507759454.jpg,person,0.6025046110153198,335.91650390625,112.64908599853516,348.5605163574219,150.7755584716797,21
Flickr30K/4507759454.jpg,/content/Image_captioning_Local/Flickr30K/flickr30k_images/flickr30k_images/flickr30k_images/4507759454.jpg,person,0.5505994558334351,320.8713073730469,112.31260681152344,339.0113830566406,153.73123168945312,21
Flickr30K/4507759454.jpg,/content/Image_captioning_Local/Flickr30K/flickr30k_images/flickr30k_images/flickr30k_images/4507759454.jpg,traffic light,0.5168947577476501,126.77006530761719,27.515714645385742,135.60020446777344,47.58951187133789,21
Flickr30K/4507759454.jpg,/content/Image_captioning_Local/Flickr30K/flickr30k_images/flickr30k_images/flickr30k_images/4507759454.jpg,traffic light,0.4925140142440796,140.24346923828125,28.743833541870117,148.0768280029297,46.535675048828125,21
Flickr30K/4507759454.jpg,/content/Image_captioning_Local/Flickr30K/flickr30k_images/flickr30k_images/flickr30k_images/4507759454.jpg,person,0.4333091974258423,316.0618591308594,111.67552185058594,330.6042785644531,155.12368774414062,21
Flickr30K/4507759454.jpg,/content/Image_captioning_Local/Flickr30K/flickr30k_images/flickr30k_images/flickr30k_images/4507759454.jpg,person,0.4087471663951874,273.4287414550781,105.72271728515625,288.0214538574219,149.69436645507812,21
Flickr30K/4507759454.jpg,/content/Image_captioning_Local/Flickr30K/flickr30k_images/flickr30k_images/flickr30k_images/4507759454.jpg,cell phone,0.35994669795036316,134.40724182128906,250.7008819580078,159.57901000976562,279.5860595703125,21
Flickr30K/4507759454.jpg,/content/Image_captioning_Local/Flickr30K/flickr30k_images/flickr30k_images/flickr30k_images/4507759454.jpg,person,0.32980915904045105,310.9809265136719,121.57711791992188,322.0641174316406,156.48255920410156,21
Flickr30K/4507759454.jpg,/content/Image_captioning_Local/Flickr30K/flickr30k_images/flickr30k_images/flickr30k_images/4507759454.jpg,person,0.2525840997695923,52.927833557128906,62.75926208496094,66.32496643066406,93.98787689208984,21
Flickr30K/4507759684.jpg,/content/Image_captioning_Local/Flickr30K/flickr30k_images/flickr30k_images/flickr30k_images/4507759684.jpg,person,0.918451726436615,0.0711679458618164,107.35437774658203,133.2973175048828,330.10064697265625,19
Flickr30K/4507759684.jpg,/content/Image_captioning_Local/Flickr30K/flickr30k_images/flickr30k_images/flickr30k_images/4507759684.jpg,person,0.890487551689148,179.31832885742188,76.77719116210938,310.4559020996094,332.0119934082031,19
Flickr30K/4507759684.jpg,/content/Image_captioning_Local/Flickr30K/flickr30k_images/flickr30k_images/flickr30k_images/4507759684.jpg,car,0.8751763105392456,96.89569091796875,118.65823364257812,136.6971893310547,160.95263671875,19
Flickr30K/4507759684.jpg,/content/Image_captioning_Local/Flickr30K/flickr30k_images/flickr30k_images/flickr30k_images/4507759684.jpg,person,0.8189238905906677,332.3906555175781,88.76911926269531,460.64715576171875,331.4520263671875,19
Flickr30K/4507759684.jpg,/content/Image_captioning_Local/Flickr30K/flickr30k_images/flickr30k_images/flickr30k_images/4507759684.jpg,person,0.8182886242866516,285.5421447753906,125.11778259277344,347.2847595214844,273.151123046875,19
Flickr30K/4507759684.jpg,/content/Image_captioning_Local/Flickr30K/flickr30k_images/flickr30k_images/flickr30k_images/4507759684.jpg,person,0.7812731266021729,457.0921936035156,130.50289916992188,480.33551025390625,197.3042449951172,19
Flickr30K/4507759684.jpg,/content/Image_captioning_Local/Flickr30K/flickr30k_images/flickr30k_images/flickr30k_images/4507759684.jpg,car,0.7679507732391357,0.0,100.62904357910156,55.27103042602539,154.1290283203125,19
Flickr30K/4507759684.jpg,/content/Image_captioning_Local/Flickr30K/flickr30k_images/flickr30k_images/flickr30k_images/4507759684.jpg,person,0.7089981436729431,432.6512756347656,136.03732299804688,458.174560546875,188.29151916503906,19
Flickr30K/4507759684.jpg,/content/Image_captioning_Local/Flickr30K/flickr30k_images/flickr30k_images/flickr30k_images/4507759684.jpg,traffic light,0.6783595085144043,279.505126953125,15.711301803588867,291.74993896484375,40.08333206176758,19
Flickr30K/4507759684.jpg,/content/Image_captioning_Local/Flickr30K/flickr30k_images/flickr30k_images/flickr30k_images/4507759684.jpg,car,0.6470248103141785,113.4072036743164,103.85413360595703,148.98028564453125,136.0953826904297,19
Flickr30K/4507759684.jpg,/content/Image_captioning_Local/Flickr30K/flickr30k_images/flickr30k_images/flickr30k_images/4507759684.jpg,car,0.6041887998580933,127.17062377929688,97.29842376708984,161.6349639892578,131.0922393798828,19
Flickr30K/4507759684.jpg,/content/Image_captioning_Local/Flickr30K/flickr30k_images/flickr30k_images/flickr30k_images/4507759684.jpg,traffic light,0.5832446813583374,262.7191467285156,15.736711502075195,274.6396484375,40.42064666748047,19
Flickr30K/4507759684.jpg,/content/Image_captioning_Local/Flickr30K/flickr30k_images/flickr30k_images/flickr30k_images/4507759684.jpg,car,0.5013123750686646,137.4510955810547,92.88612365722656,174.38442993164062,128.8888702392578,19
Flickr30K/4507759684.jpg,/content/Image_captioning_Local/Flickr30K/flickr30k_images/flickr30k_images/flickr30k_images/4507759684.jpg,car,0.457547128200531,176.0301513671875,89.81903076171875,204.91311645507812,114.33477783203125,19
Flickr30K/4507759684.jpg,/content/Image_captioning_Local/Flickr30K/flickr30k_images/flickr30k_images/flickr30k_images/4507759684.jpg,car,0.4059794843196869,0.18757358193397522,111.72230529785156,13.852587699890137,156.4788818359375,19
Flickr30K/4507759684.jpg,/content/Image_captioning_Local/Flickr30K/flickr30k_images/flickr30k_images/flickr30k_images/4507759684.jpg,handbag,0.3570850193500519,423.1097717285156,164.54722595214844,469.29010009765625,282.439453125,19
Flickr30K/4507759684.jpg,/content/Image_captioning_Local/Flickr30K/flickr30k_images/flickr30k_images/flickr30k_images/4507759684.jpg,truck,0.30372437834739685,205.1168975830078,75.52559661865234,245.85203552246094,116.81287384033203,19
Flickr30K/4507759684.jpg,/content/Image_captioning_Local/Flickr30K/flickr30k_images/flickr30k_images/flickr30k_images/4507759684.jpg,person,0.2855161428451538,68.13806915283203,97.12110137939453,90.62062072753906,113.63599395751953,19
Flickr30K/4507759684.jpg,/content/Image_captioning_Local/Flickr30K/flickr30k_images/flickr30k_images/flickr30k_images/4507759684.jpg,truck,0.25717082619667053,142.32337951660156,90.47748565673828,175.10678100585938,127.14776611328125,19
Flickr30K/4507759822.jpg,/content/Image_captioning_Local/Flickr30K/flickr30k_images/flickr30k_images/flickr30k_images/4507759822.jpg,person,0.9128325581550598,281.5048522949219,102.39834594726562,384.8648376464844,330.0464172363281,8
Flickr30K/4507759822.jpg,/content/Image_captioning_Local/Flickr30K/flickr30k_images/flickr30k_images/flickr30k_images/4507759822.jpg,car,0.8752891421318054,387.8283386230469,28.58080291748047,441.2384948730469,80.48440551757812,8
Flickr30K/4507759822.jpg,/content/Image_captioning_Local/Flickr30K/flickr30k_images/flickr30k_images/flickr30k_images/4507759822.jpg,car,0.8686522245407104,282.5971374511719,11.989253997802734,392.36859130859375,92.90372467041016,8
Flickr30K/4507759822.jpg,/content/Image_captioning_Local/Flickr30K/flickr30k_images/flickr30k_images/flickr30k_images/4507759822.jpg,person,0.7781885266304016,109.78348541259766,0.0,295.8086853027344,329.8833923339844,8
Flickr30K/4507759822.jpg,/content/Image_captioning_Local/Flickr30K/flickr30k_images/flickr30k_images/flickr30k_images/4507759822.jpg,car,0.7773684859275818,68.93573760986328,32.93104934692383,149.38815307617188,83.01807403564453,8
Flickr30K/4507759822.jpg,/content/Image_captioning_Local/Flickr30K/flickr30k_images/flickr30k_images/flickr30k_images/4507759822.jpg,person,0.686398446559906,442.81329345703125,102.09236145019531,499.98590087890625,325.19940185546875,8
Flickr30K/4507759822.jpg,/content/Image_captioning_Local/Flickr30K/flickr30k_images/flickr30k_images/flickr30k_images/4507759822.jpg,handbag,0.6109504103660583,163.76876831054688,122.45831298828125,258.8127136230469,291.36566162109375,8
Flickr30K/4507759822.jpg,/content/Image_captioning_Local/Flickr30K/flickr30k_images/flickr30k_images/flickr30k_images/4507759822.jpg,car,0.5066941976547241,211.07725524902344,0.5841553211212158,288.4714050292969,77.71025085449219,8
Flickr30K/4507759934.jpg,/content/Image_captioning_Local/Flickr30K/flickr30k_images/flickr30k_images/flickr30k_images/4507759934.jpg,person,0.919287383556366,164.06134033203125,117.26036071777344,276.0457458496094,329.4234619140625,16
Flickr30K/4507759934.jpg,/content/Image_captioning_Local/Flickr30K/flickr30k_images/flickr30k_images/flickr30k_images/4507759934.jpg,person,0.9086543917655945,79.16038513183594,27.92692756652832,171.75709533691406,333.0,16
Flickr30K/4507759934.jpg,/content/Image_captioning_Local/Flickr30K/flickr30k_images/flickr30k_images/flickr30k_images/4507759934.jpg,person,0.9086070656776428,265.470458984375,105.61163330078125,410.4765319824219,329.19921875,16
Flickr30K/4507759934.jpg,/content/Image_captioning_Local/Flickr30K/flickr30k_images/flickr30k_images/flickr30k_images/4507759934.jpg,person,0.8105091452598572,420.7388916015625,84.94261169433594,462.9096984863281,203.8897247314453,16
Flickr30K/4507759934.jpg,/content/Image_captioning_Local/Flickr30K/flickr30k_images/flickr30k_images/flickr30k_images/4507759934.jpg,car,0.7369765639305115,476.3057861328125,142.17762756347656,500.0,173.6236572265625,16
Flickr30K/4507759934.jpg,/content/Image_captioning_Local/Flickr30K/flickr30k_images/flickr30k_images/flickr30k_images/4507759934.jpg,backpack,0.6902170181274414,130.91427612304688,80.64082336425781,204.1876983642578,188.9416046142578,16
Flickr30K/4507759934.jpg,/content/Image_captioning_Local/Flickr30K/flickr30k_images/flickr30k_images/flickr30k_images/4507759934.jpg,car,0.6761904358863831,396.60333251953125,133.09152221679688,423.71429443359375,155.00758361816406,16
Flickr30K/4507759934.jpg,/content/Image_captioning_Local/Flickr30K/flickr30k_images/flickr30k_images/flickr30k_images/4507759934.jpg,bicycle,0.6574496030807495,423.4360656738281,143.60757446289062,453.7236328125,225.7393798828125,16
Flickr30K/4507759934.jpg,/content/Image_captioning_Local/Flickr30K/flickr30k_images/flickr30k_images/flickr30k_images/4507759934.jpg,car,0.6118506789207458,230.49061584472656,126.50733184814453,265.8669128417969,170.3813018798828,16
Flickr30K/4507759934.jpg,/content/Image_captioning_Local/Flickr30K/flickr30k_images/flickr30k_images/flickr30k_images/4507759934.jpg,car,0.5026935935020447,354.7455139160156,131.19155883789062,378.33306884765625,164.9232177734375,16
Flickr30K/4507759934.jpg,/content/Image_captioning_Local/Flickr30K/flickr30k_images/flickr30k_images/flickr30k_images/4507759934.jpg,traffic light,0.4376164376735687,255.26792907714844,81.5294189453125,260.95916748046875,98.08990478515625,16
Flickr30K/4507759934.jpg,/content/Image_captioning_Local/Flickr30K/flickr30k_images/flickr30k_images/flickr30k_images/4507759934.jpg,car,0.4272505044937134,463.1729736328125,115.32487487792969,492.9934997558594,142.23675537109375,16
Flickr30K/4507759934.jpg,/content/Image_captioning_Local/Flickr30K/flickr30k_images/flickr30k_images/flickr30k_images/4507759934.jpg,person,0.3910084664821625,264.843994140625,123.48828125,282.2539367675781,165.37823486328125,16
Flickr30K/4507759934.jpg,/content/Image_captioning_Local/Flickr30K/flickr30k_images/flickr30k_images/flickr30k_images/4507759934.jpg,person,0.3673758804798126,282.861328125,54.23652648925781,341.5646667480469,148.50115966796875,16
Flickr30K/4507759934.jpg,/content/Image_captioning_Local/Flickr30K/flickr30k_images/flickr30k_images/flickr30k_images/4507759934.jpg,truck,0.3394986391067505,463.4001159667969,115.84341430664062,492.3078918457031,142.99209594726562,16
Flickr30K/4507759934.jpg,/content/Image_captioning_Local/Flickr30K/flickr30k_images/flickr30k_images/flickr30k_images/4507759934.jpg,person,0.2929706871509552,256.75567626953125,124.29258728027344,272.86773681640625,168.37637329101562,16
Flickr30K/4507760036.jpg,/content/Image_captioning_Local/Flickr30K/flickr30k_images/flickr30k_images/flickr30k_images/4507760036.jpg,person,0.8701567053794861,119.0389175415039,97.58367156982422,242.71766662597656,329.45709228515625,10
Flickr30K/4507760036.jpg,/content/Image_captioning_Local/Flickr30K/flickr30k_images/flickr30k_images/flickr30k_images/4507760036.jpg,person,0.8663522601127625,337.69873046875,123.07563018798828,452.7719421386719,330.2913818359375,10
Flickr30K/4507760036.jpg,/content/Image_captioning_Local/Flickr30K/flickr30k_images/flickr30k_images/flickr30k_images/4507760036.jpg,person,0.7809188365936279,224.21824645996094,18.53702735900879,356.8984375,333.0,10
Flickr30K/4507760036.jpg,/content/Image_captioning_Local/Flickr30K/flickr30k_images/flickr30k_images/flickr30k_images/4507760036.jpg,car,0.7769740223884583,2.551877498626709,80.52204132080078,169.3743896484375,190.40667724609375,10
Flickr30K/4507760036.jpg,/content/Image_captioning_Local/Flickr30K/flickr30k_images/flickr30k_images/flickr30k_images/4507760036.jpg,person,0.7380048632621765,156.74168395996094,62.565940856933594,198.38099670410156,111.27713012695312,10
Flickr30K/4507760036.jpg,/content/Image_captioning_Local/Flickr30K/flickr30k_images/flickr30k_images/flickr30k_images/4507760036.jpg,truck,0.696148693561554,303.0116882324219,1.840895414352417,498.5356750488281,192.14744567871094,10
Flickr30K/4507760036.jpg,/content/Image_captioning_Local/Flickr30K/flickr30k_images/flickr30k_images/flickr30k_images/4507760036.jpg,person,0.693675696849823,434.5021667480469,22.99843406677246,476.663818359375,64.16416931152344,10
Flickr30K/4507760036.jpg,/content/Image_captioning_Local/Flickr30K/flickr30k_images/flickr30k_images/flickr30k_images/4507760036.jpg,person,0.6587526202201843,0.20354241132736206,87.19966888427734,16.937280654907227,217.91355895996094,10
Flickr30K/4507760036.jpg,/content/Image_captioning_Local/Flickr30K/flickr30k_images/flickr30k_images/flickr30k_images/4507760036.jpg,car,0.4011395573616028,489.52569580078125,115.0166015625,499.9585266113281,151.11126708984375,10
Flickr30K/4507760036.jpg,/content/Image_captioning_Local/Flickr30K/flickr30k_images/flickr30k_images/flickr30k_images/4507760036.jpg,person,0.26537325978279114,348.2647399902344,27.18569564819336,384.8857421875,62.76003646850586,10
Flickr30K/4507920407.jpg,/content/Image_captioning_Local/Flickr30K/flickr30k_images/flickr30k_images/flickr30k_images/4507920407.jpg,person,0.8972131013870239,199.35150146484375,156.48854064941406,240.02474975585938,278.32330322265625,11
Flickr30K/4507920407.jpg,/content/Image_captioning_Local/Flickr30K/flickr30k_images/flickr30k_images/flickr30k_images/4507920407.jpg,person,0.8727301955223083,230.87420654296875,204.16197204589844,360.9784240722656,358.9484558105469,11
Flickr30K/4507920407.jpg,/content/Image_captioning_Local/Flickr30K/flickr30k_images/flickr30k_images/flickr30k_images/4507920407.jpg,person,0.8039834499359131,91.28801727294922,176.19833374023438,124.02191162109375,256.7437744140625,11
Flickr30K/4507920407.jpg,/content/Image_captioning_Local/Flickr30K/flickr30k_images/flickr30k_images/flickr30k_images/4507920407.jpg,person,0.7772369384765625,44.07257843017578,180.56837463378906,69.63851165771484,263.1677551269531,11
Flickr30K/4507920407.jpg,/content/Image_captioning_Local/Flickr30K/flickr30k_images/flickr30k_images/flickr30k_images/4507920407.jpg,person,0.7544680833816528,139.40426635742188,182.98728942871094,161.81265258789062,251.00466918945312,11
Flickr30K/4507920407.jpg,/content/Image_captioning_Local/Flickr30K/flickr30k_images/flickr30k_images/flickr30k_images/4507920407.jpg,person,0.748744547367096,65.46024322509766,178.41746520996094,89.14397430419922,255.80923461914062,11
Flickr30K/4507920407.jpg,/content/Image_captioning_Local/Flickr30K/flickr30k_images/flickr30k_images/flickr30k_images/4507920407.jpg,bottle,0.7016910314559937,333.46844482421875,307.435546875,350.6116943359375,355.8735656738281,11
Flickr30K/4507920407.jpg,/content/Image_captioning_Local/Flickr30K/flickr30k_images/flickr30k_images/flickr30k_images/4507920407.jpg,person,0.6599187850952148,116.21971130371094,178.9186553955078,133.58221435546875,253.63641357421875,11
Flickr30K/4507920407.jpg,/content/Image_captioning_Local/Flickr30K/flickr30k_images/flickr30k_images/flickr30k_images/4507920407.jpg,person,0.534275472164154,127.93091583251953,183.3756866455078,143.1988067626953,248.17156982421875,11
Flickr30K/4507920407.jpg,/content/Image_captioning_Local/Flickr30K/flickr30k_images/flickr30k_images/flickr30k_images/4507920407.jpg,person,0.38935860991477966,83.85041046142578,180.02462768554688,99.27786254882812,240.24295043945312,11
Flickr30K/4507920407.jpg,/content/Image_captioning_Local/Flickr30K/flickr30k_images/flickr30k_images/flickr30k_images/4507920407.jpg,backpack,0.3826881945133209,286.7707824707031,304.935302734375,353.9795227050781,355.0806884765625,11
Flickr30K/4508096677.jpg,/content/Image_captioning_Local/Flickr30K/flickr30k_images/flickr30k_images/flickr30k_images/4508096677.jpg,person,0.8675841689109802,199.50711059570312,115.49288940429688,386.24041748046875,315.7866516113281,12
Flickr30K/4508096677.jpg,/content/Image_captioning_Local/Flickr30K/flickr30k_images/flickr30k_images/flickr30k_images/4508096677.jpg,person,0.7697908282279968,420.9808349609375,0.0,499.6219482421875,319.2198181152344,12
Flickr30K/4508096677.jpg,/content/Image_captioning_Local/Flickr30K/flickr30k_images/flickr30k_images/flickr30k_images/4508096677.jpg,person,0.7497234344482422,367.9887390136719,0.0,450.99139404296875,292.2719421386719,12
Flickr30K/4508096677.jpg,/content/Image_captioning_Local/Flickr30K/flickr30k_images/flickr30k_images/flickr30k_images/4508096677.jpg,person,0.6842657327651978,137.6373748779297,1.248866319656372,270.8582458496094,257.2539978027344,12
Flickr30K/4508096677.jpg,/content/Image_captioning_Local/Flickr30K/flickr30k_images/flickr30k_images/flickr30k_images/4508096677.jpg,person,0.6260790824890137,32.910377502441406,0.733870267868042,141.9940185546875,217.95492553710938,12
Flickr30K/4508096677.jpg,/content/Image_captioning_Local/Flickr30K/flickr30k_images/flickr30k_images/flickr30k_images/4508096677.jpg,bottle,0.6052576303482056,191.42819213867188,257.0132751464844,206.56576538085938,290.18572998046875,12
Flickr30K/4508096677.jpg,/content/Image_captioning_Local/Flickr30K/flickr30k_images/flickr30k_images/flickr30k_images/4508096677.jpg,person,0.5664441585540771,303.48089599609375,0.0,410.8084716796875,151.44076538085938,12
Flickr30K/4508096677.jpg,/content/Image_captioning_Local/Flickr30K/flickr30k_images/flickr30k_images/flickr30k_images/4508096677.jpg,person,0.504575788974762,0.20900815725326538,2.8190195560455322,31.655466079711914,213.90333557128906,12
Flickr30K/4508096677.jpg,/content/Image_captioning_Local/Flickr30K/flickr30k_images/flickr30k_images/flickr30k_images/4508096677.jpg,handbag,0.3764382302761078,128.88272094726562,43.67705154418945,154.2928009033203,97.99156951904297,12
Flickr30K/4508096677.jpg,/content/Image_captioning_Local/Flickr30K/flickr30k_images/flickr30k_images/flickr30k_images/4508096677.jpg,bottle,0.2915150821208954,136.98818969726562,243.33445739746094,154.83242797851562,275.9192199707031,12
Flickr30K/4508096677.jpg,/content/Image_captioning_Local/Flickr30K/flickr30k_images/flickr30k_images/flickr30k_images/4508096677.jpg,person,0.2779574990272522,21.047523498535156,5.3537187576293945,85.33308410644531,212.97386169433594,12
Flickr30K/4508096677.jpg,/content/Image_captioning_Local/Flickr30K/flickr30k_images/flickr30k_images/flickr30k_images/4508096677.jpg,wine glass,0.26635289192199707,153.14654541015625,280.3406066894531,178.96017456054688,311.8715515136719,12
Flickr30K/4508482982.jpg,/content/Image_captioning_Local/Flickr30K/flickr30k_images/flickr30k_images/flickr30k_images/4508482982.jpg,person,0.914170503616333,213.84112548828125,140.11080932617188,365.6111145019531,407.0586242675781,1
Flickr30K/4508496980.jpg,/content/Image_captioning_Local/Flickr30K/flickr30k_images/flickr30k_images/flickr30k_images/4508496980.jpg,person,0.9121211171150208,192.7886199951172,202.1350860595703,282.33056640625,467.88031005859375,15
Flickr30K/4508496980.jpg,/content/Image_captioning_Local/Flickr30K/flickr30k_images/flickr30k_images/flickr30k_images/4508496980.jpg,person,0.9119160771369934,337.41278076171875,224.38134765625,419.0111999511719,412.3686218261719,15
Flickr30K/4508496980.jpg,/content/Image_captioning_Local/Flickr30K/flickr30k_images/flickr30k_images/flickr30k_images/4508496980.jpg,person,0.8042635917663574,313.3179931640625,269.6282958984375,330.4292907714844,315.5408630371094,15
Flickr30K/4508496980.jpg,/content/Image_captioning_Local/Flickr30K/flickr30k_images/flickr30k_images/flickr30k_images/4508496980.jpg,car,0.7510378956794739,143.5668487548828,276.5903625488281,179.23155212402344,296.67523193359375,15
Flickr30K/4508496980.jpg,/content/Image_captioning_Local/Flickr30K/flickr30k_images/flickr30k_images/flickr30k_images/4508496980.jpg,person,0.7423292398452759,17.54831886291504,272.4634704589844,37.45157241821289,320.49102783203125,15
Flickr30K/4508496980.jpg,/content/Image_captioning_Local/Flickr30K/flickr30k_images/flickr30k_images/flickr30k_images/4508496980.jpg,car,0.667715311050415,13.280638694763184,271.1304626464844,83.67218017578125,311.0135192871094,15
Flickr30K/4508496980.jpg,/content/Image_captioning_Local/Flickr30K/flickr30k_images/flickr30k_images/flickr30k_images/4508496980.jpg,person,0.663882315158844,328.0959167480469,271.35430908203125,343.5110168457031,312.34039306640625,15
Flickr30K/4508496980.jpg,/content/Image_captioning_Local/Flickr30K/flickr30k_images/flickr30k_images/flickr30k_images/4508496980.jpg,car,0.5931831002235413,52.24713134765625,266.8521423339844,130.51852416992188,308.20111083984375,15
Flickr30K/4508496980.jpg,/content/Image_captioning_Local/Flickr30K/flickr30k_images/flickr30k_images/flickr30k_images/4508496980.jpg,car,0.5241081714630127,0.0,272.6121520996094,15.341160774230957,316.60552978515625,15
Flickr30K/4508496980.jpg,/content/Image_captioning_Local/Flickr30K/flickr30k_images/flickr30k_images/flickr30k_images/4508496980.jpg,truck,0.5144565105438232,104.17356872558594,258.07379150390625,145.02999877929688,302.4583740234375,15
Flickr30K/4508496980.jpg,/content/Image_captioning_Local/Flickr30K/flickr30k_images/flickr30k_images/flickr30k_images/4508496980.jpg,umbrella,0.43070441484451294,15.54507064819336,257.7008056640625,46.06427001953125,270.8914489746094,15
Flickr30K/4508496980.jpg,/content/Image_captioning_Local/Flickr30K/flickr30k_images/flickr30k_images/flickr30k_images/4508496980.jpg,book,0.37170714139938354,196.95965576171875,249.12152099609375,248.57546997070312,297.1931457519531,15
Flickr30K/4508496980.jpg,/content/Image_captioning_Local/Flickr30K/flickr30k_images/flickr30k_images/flickr30k_images/4508496980.jpg,car,0.3021438419818878,280.3948059082031,264.7985534667969,295.71112060546875,278.0908508300781,15
Flickr30K/4508496980.jpg,/content/Image_captioning_Local/Flickr30K/flickr30k_images/flickr30k_images/flickr30k_images/4508496980.jpg,car,0.28749334812164307,175.72984313964844,277.0212707519531,193.50637817382812,294.5599060058594,15
Flickr30K/4508496980.jpg,/content/Image_captioning_Local/Flickr30K/flickr30k_images/flickr30k_images/flickr30k_images/4508496980.jpg,car,0.2617291808128357,105.6583251953125,258.837890625,146.13641357421875,300.8081359863281,15
Flickr30K/4508508210.jpg,/content/Image_captioning_Local/Flickr30K/flickr30k_images/flickr30k_images/flickr30k_images/4508508210.jpg,person,0.8763989806175232,85.40331268310547,139.32215881347656,212.71632385253906,464.20880126953125,5
Flickr30K/4508508210.jpg,/content/Image_captioning_Local/Flickr30K/flickr30k_images/flickr30k_images/flickr30k_images/4508508210.jpg,bicycle,0.6539843082427979,210.956787109375,250.1770477294922,228.00543212890625,280.45001220703125,5
Flickr30K/4508508210.jpg,/content/Image_captioning_Local/Flickr30K/flickr30k_images/flickr30k_images/flickr30k_images/4508508210.jpg,tie,0.47830572724342346,148.61134338378906,200.23565673828125,156.70379638671875,217.89097595214844,5
Flickr30K/4508508210.jpg,/content/Image_captioning_Local/Flickr30K/flickr30k_images/flickr30k_images/flickr30k_images/4508508210.jpg,suitcase,0.46494537591934204,167.15426635742188,318.6696472167969,222.54681396484375,447.1037292480469,5
Flickr30K/4508508210.jpg,/content/Image_captioning_Local/Flickr30K/flickr30k_images/flickr30k_images/flickr30k_images/4508508210.jpg,traffic light,0.26647090911865234,246.0675048828125,156.12986755371094,261.10107421875,183.20425415039062,5
Flickr30K/4508639054.jpg,/content/Image_captioning_Local/Flickr30K/flickr30k_images/flickr30k_images/flickr30k_images/4508639054.jpg,person,0.6563671827316284,260.4828186035156,2.9931516647338867,304.4917907714844,88.38018035888672,8
Flickr30K/4508639054.jpg,/content/Image_captioning_Local/Flickr30K/flickr30k_images/flickr30k_images/flickr30k_images/4508639054.jpg,person,0.5498802661895752,212.68365478515625,4.589700698852539,333.0,486.0419616699219,8
Flickr30K/4508639054.jpg,/content/Image_captioning_Local/Flickr30K/flickr30k_images/flickr30k_images/flickr30k_images/4508639054.jpg,person,0.5393660664558411,228.77052307128906,19.36594581604004,266.6793518066406,86.15332794189453,8
Flickr30K/4508639054.jpg,/content/Image_captioning_Local/Flickr30K/flickr30k_images/flickr30k_images/flickr30k_images/4508639054.jpg,person,0.5384337306022644,221.70559692382812,59.37509536743164,282.0596923828125,161.34576416015625,8
Flickr30K/4508639054.jpg,/content/Image_captioning_Local/Flickr30K/flickr30k_images/flickr30k_images/flickr30k_images/4508639054.jpg,person,0.4760822653770447,7.489895820617676,30.007339477539062,206.85787963867188,492.9079895019531,8
Flickr30K/4508639054.jpg,/content/Image_captioning_Local/Flickr30K/flickr30k_images/flickr30k_images/flickr30k_images/4508639054.jpg,person,0.3926245868206024,158.81300354003906,43.22598648071289,243.6199188232422,223.7782745361328,8
Flickr30K/4508639054.jpg,/content/Image_captioning_Local/Flickr30K/flickr30k_images/flickr30k_images/flickr30k_images/4508639054.jpg,person,0.2570510804653168,0.3632009029388428,59.937049865722656,49.20574951171875,176.64854431152344,8
Flickr30K/4508639054.jpg,/content/Image_captioning_Local/Flickr30K/flickr30k_images/flickr30k_images/flickr30k_images/4508639054.jpg,person,0.2502136528491974,185.27650451660156,37.55570602416992,210.13870239257812,74.4691390991211,8
Flickr30K/4508668804.jpg,/content/Image_captioning_Local/Flickr30K/flickr30k_images/flickr30k_images/flickr30k_images/4508668804.jpg,person,0.9412083029747009,296.5633544921875,40.59394073486328,456.00067138671875,327.77703857421875,3
Flickr30K/4508668804.jpg,/content/Image_captioning_Local/Flickr30K/flickr30k_images/flickr30k_images/flickr30k_images/4508668804.jpg,person,0.8730827569961548,123.27597045898438,177.50485229492188,240.26620483398438,332.73736572265625,3
Flickr30K/4508668804.jpg,/content/Image_captioning_Local/Flickr30K/flickr30k_images/flickr30k_images/flickr30k_images/4508668804.jpg,suitcase,0.261379212141037,110.59803009033203,277.2388610839844,188.83995056152344,311.5501708984375,3
Flickr30K/4508785988.jpg,/content/Image_captioning_Local/Flickr30K/flickr30k_images/flickr30k_images/flickr30k_images/4508785988.jpg,person,0.9177195429801941,156.02879333496094,1.7158865928649902,335.56512451171875,186.70144653320312,17
Flickr30K/4508785988.jpg,/content/Image_captioning_Local/Flickr30K/flickr30k_images/flickr30k_images/flickr30k_images/4508785988.jpg,fire hydrant,0.9163236021995544,183.5053253173828,230.2399139404297,282.3204345703125,371.6085510253906,17
Flickr30K/4508785988.jpg,/content/Image_captioning_Local/Flickr30K/flickr30k_images/flickr30k_images/flickr30k_images/4508785988.jpg,skateboard,0.8568962216377258,238.28341674804688,177.1639404296875,344.7908020019531,216.86257934570312,17
Flickr30K/4508785988.jpg,/content/Image_captioning_Local/Flickr30K/flickr30k_images/flickr30k_images/flickr30k_images/4508785988.jpg,person,0.844424843788147,108.36042022705078,189.32275390625,131.8871307373047,257.4662170410156,17
Flickr30K/4508785988.jpg,/content/Image_captioning_Local/Flickr30K/flickr30k_images/flickr30k_images/flickr30k_images/4508785988.jpg,person,0.7758355140686035,5.419795036315918,172.1578826904297,41.03097152709961,267.7214050292969,17
Flickr30K/4508785988.jpg,/content/Image_captioning_Local/Flickr30K/flickr30k_images/flickr30k_images/flickr30k_images/4508785988.jpg,bicycle,0.7737948298454285,434.654296875,205.8419952392578,477.3487548828125,248.23757934570312,17
Flickr30K/4508785988.jpg,/content/Image_captioning_Local/Flickr30K/flickr30k_images/flickr30k_images/flickr30k_images/4508785988.jpg,person,0.7357774972915649,69.74851989746094,186.0848846435547,95.43172454833984,265.97198486328125,17
Flickr30K/4508785988.jpg,/content/Image_captioning_Local/Flickr30K/flickr30k_images/flickr30k_images/flickr30k_images/4508785988.jpg,person,0.7195587158203125,45.46895217895508,181.70962524414062,70.1136703491211,266.4196472167969,17
Flickr30K/4508785988.jpg,/content/Image_captioning_Local/Flickr30K/flickr30k_images/flickr30k_images/flickr30k_images/4508785988.jpg,person,0.6645112037658691,487.40655517578125,193.1304473876953,499.9585266113281,239.57562255859375,17
Flickr30K/4508785988.jpg,/content/Image_captioning_Local/Flickr30K/flickr30k_images/flickr30k_images/flickr30k_images/4508785988.jpg,person,0.6222698092460632,427.34503173828125,187.0655517578125,443.6555480957031,232.37423706054688,17
Flickr30K/4508785988.jpg,/content/Image_captioning_Local/Flickr30K/flickr30k_images/flickr30k_images/flickr30k_images/4508785988.jpg,person,0.5979957580566406,203.9130401611328,198.10528564453125,226.32615661621094,241.17431640625,17
Flickr30K/4508785988.jpg,/content/Image_captioning_Local/Flickr30K/flickr30k_images/flickr30k_images/flickr30k_images/4508785988.jpg,person,0.5447079539299011,477.8612976074219,190.19821166992188,491.9725341796875,236.49575805664062,17
Flickr30K/4508785988.jpg,/content/Image_captioning_Local/Flickr30K/flickr30k_images/flickr30k_images/flickr30k_images/4508785988.jpg,person,0.4939737915992737,444.0470275878906,182.38632202148438,465.72509765625,233.656005859375,17
Flickr30K/4508785988.jpg,/content/Image_captioning_Local/Flickr30K/flickr30k_images/flickr30k_images/flickr30k_images/4508785988.jpg,person,0.4353584051132202,462.9824523925781,187.15579223632812,480.22308349609375,236.67942810058594,17
Flickr30K/4508785988.jpg,/content/Image_captioning_Local/Flickr30K/flickr30k_images/flickr30k_images/flickr30k_images/4508785988.jpg,traffic light,0.43375879526138306,0.0,130.16586303710938,12.587295532226562,153.50985717773438,17
Flickr30K/4508785988.jpg,/content/Image_captioning_Local/Flickr30K/flickr30k_images/flickr30k_images/flickr30k_images/4508785988.jpg,person,0.425154447555542,222.14419555664062,200.7567901611328,233.4495849609375,233.77084350585938,17
Flickr30K/4508785988.jpg,/content/Image_captioning_Local/Flickr30K/flickr30k_images/flickr30k_images/flickr30k_images/4508785988.jpg,person,0.3901704251766205,469.05584716796875,188.3372039794922,487.29296875,233.57408142089844,17
Flickr30K/4508972634.jpg,/content/Image_captioning_Local/Flickr30K/flickr30k_images/flickr30k_images/flickr30k_images/4508972634.jpg,person,0.7484588623046875,385.3094482421875,0.0,498.5869445800781,328.8943786621094,14
Flickr30K/4508972634.jpg,/content/Image_captioning_Local/Flickr30K/flickr30k_images/flickr30k_images/flickr30k_images/4508972634.jpg,bottle,0.6261820197105408,244.06735229492188,123.45185089111328,262.83074951171875,166.08242797851562,14
Flickr30K/4508972634.jpg,/content/Image_captioning_Local/Flickr30K/flickr30k_images/flickr30k_images/flickr30k_images/4508972634.jpg,bottle,0.5213319063186646,208.9569854736328,126.88780212402344,225.47157287597656,167.85926818847656,14
Flickr30K/4508972634.jpg,/content/Image_captioning_Local/Flickr30K/flickr30k_images/flickr30k_images/flickr30k_images/4508972634.jpg,bottle,0.49654990434646606,225.66978454589844,130.8555908203125,240.99777221679688,162.17201232910156,14
Flickr30K/4508972634.jpg,/content/Image_captioning_Local/Flickr30K/flickr30k_images/flickr30k_images/flickr30k_images/4508972634.jpg,bottle,0.47248324751853943,261.4772033691406,128.2850799560547,276.98272705078125,161.47824096679688,14
Flickr30K/4508972634.jpg,/content/Image_captioning_Local/Flickr30K/flickr30k_images/flickr30k_images/flickr30k_images/4508972634.jpg,person,0.46607905626296997,0.26583969593048096,198.26193237304688,62.44257736206055,326.61700439453125,14
Flickr30K/4508972634.jpg,/content/Image_captioning_Local/Flickr30K/flickr30k_images/flickr30k_images/flickr30k_images/4508972634.jpg,bottle,0.4560686945915222,168.6294708251953,127.56900787353516,186.78501892089844,168.15972900390625,14
Flickr30K/4508972634.jpg,/content/Image_captioning_Local/Flickr30K/flickr30k_images/flickr30k_images/flickr30k_images/4508972634.jpg,bottle,0.43999889492988586,192.63027954101562,133.0343475341797,209.1474609375,170.07801818847656,14
Flickr30K/4508972634.jpg,/content/Image_captioning_Local/Flickr30K/flickr30k_images/flickr30k_images/flickr30k_images/4508972634.jpg,bottle,0.43135374784469604,305.25146484375,114.20955657958984,328.4573974609375,151.45140075683594,14
Flickr30K/4508972634.jpg,/content/Image_captioning_Local/Flickr30K/flickr30k_images/flickr30k_images/flickr30k_images/4508972634.jpg,bottle,0.3850318491458893,280.28472900390625,115.74330139160156,302.55975341796875,156.60647583007812,14
Flickr30K/4508972634.jpg,/content/Image_captioning_Local/Flickr30K/flickr30k_images/flickr30k_images/flickr30k_images/4508972634.jpg,person,0.3627104163169861,380.6161804199219,0.0,469.5516662597656,132.11306762695312,14
Flickr30K/4508972634.jpg,/content/Image_captioning_Local/Flickr30K/flickr30k_images/flickr30k_images/flickr30k_images/4508972634.jpg,cup,0.3420449495315552,193.96603393554688,184.8216552734375,218.57455444335938,220.2096405029297,14
Flickr30K/4508972634.jpg,/content/Image_captioning_Local/Flickr30K/flickr30k_images/flickr30k_images/flickr30k_images/4508972634.jpg,chair,0.31555184721946716,33.797119140625,266.3924560546875,81.25118255615234,332.0137634277344,14
Flickr30K/4508972634.jpg,/content/Image_captioning_Local/Flickr30K/flickr30k_images/flickr30k_images/flickr30k_images/4508972634.jpg,cup,0.26556265354156494,149.39268493652344,188.71044921875,173.14871215820312,219.30198669433594,14
Flickr30K/4508983604.jpg,/content/Image_captioning_Local/Flickr30K/flickr30k_images/flickr30k_images/flickr30k_images/4508983604.jpg,person,0.8577752709388733,392.25286865234375,189.52426147460938,481.0741882324219,331.5843505859375,13
Flickr30K/4508983604.jpg,/content/Image_captioning_Local/Flickr30K/flickr30k_images/flickr30k_images/flickr30k_images/4508983604.jpg,person,0.8567755222320557,229.8759002685547,191.66378784179688,352.0579833984375,330.3956604003906,13
Flickr30K/4508983604.jpg,/content/Image_captioning_Local/Flickr30K/flickr30k_images/flickr30k_images/flickr30k_images/4508983604.jpg,person,0.8288129568099976,92.21694946289062,231.6060791015625,234.8642120361328,330.96197509765625,13
Flickr30K/4508983604.jpg,/content/Image_captioning_Local/Flickr30K/flickr30k_images/flickr30k_images/flickr30k_images/4508983604.jpg,person,0.8010736107826233,0.5899101495742798,222.503662109375,77.461181640625,330.18255615234375,13
Flickr30K/4508983604.jpg,/content/Image_captioning_Local/Flickr30K/flickr30k_images/flickr30k_images/flickr30k_images/4508983604.jpg,person,0.7921963334083557,319.90631103515625,158.92617797851562,432.40350341796875,330.232666015625,13
Flickr30K/4508983604.jpg,/content/Image_captioning_Local/Flickr30K/flickr30k_images/flickr30k_images/flickr30k_images/4508983604.jpg,person,0.6522061228752136,156.04537963867188,190.73062133789062,231.10287475585938,311.4380798339844,13
Flickr30K/4508983604.jpg,/content/Image_captioning_Local/Flickr30K/flickr30k_images/flickr30k_images/flickr30k_images/4508983604.jpg,person,0.6455444097518921,113.88690185546875,175.49075317382812,164.443115234375,232.41285705566406,13
Flickr30K/4508983604.jpg,/content/Image_captioning_Local/Flickr30K/flickr30k_images/flickr30k_images/flickr30k_images/4508983604.jpg,person,0.6242101192474365,57.858665466308594,192.66294860839844,122.69456481933594,326.1377258300781,13
Flickr30K/4508983604.jpg,/content/Image_captioning_Local/Flickr30K/flickr30k_images/flickr30k_images/flickr30k_images/4508983604.jpg,umbrella,0.5798438787460327,134.2050323486328,155.21096801757812,164.9498291015625,167.26278686523438,13
Flickr30K/4508983604.jpg,/content/Image_captioning_Local/Flickr30K/flickr30k_images/flickr30k_images/flickr30k_images/4508983604.jpg,person,0.5196136832237244,0.8965373039245605,168.59693908691406,43.3682746887207,227.0663299560547,13
Flickr30K/4508983604.jpg,/content/Image_captioning_Local/Flickr30K/flickr30k_images/flickr30k_images/flickr30k_images/4508983604.jpg,person,0.416920930147171,464.729736328125,194.98544311523438,499.8218994140625,330.58673095703125,13
Flickr30K/4508983604.jpg,/content/Image_captioning_Local/Flickr30K/flickr30k_images/flickr30k_images/flickr30k_images/4508983604.jpg,person,0.3862159550189972,477.22314453125,161.0409698486328,499.7828063964844,228.55242919921875,13
Flickr30K/4508983604.jpg,/content/Image_captioning_Local/Flickr30K/flickr30k_images/flickr30k_images/flickr30k_images/4508983604.jpg,person,0.33098629117012024,206.3856658935547,198.71986389160156,255.47914123535156,283.2847900390625,13
Flickr30K/4508999124.jpg,/content/Image_captioning_Local/Flickr30K/flickr30k_images/flickr30k_images/flickr30k_images/4508999124.jpg,person,0.7349040508270264,1.5443801879882812,7.264238357543945,277.3283386230469,329.19989013671875,1
Flickr30K/4509092468.jpg,/content/Image_captioning_Local/Flickr30K/flickr30k_images/flickr30k_images/flickr30k_images/4509092468.jpg,person,0.9256744384765625,4.573202133178711,53.6888313293457,269.7406311035156,327.22021484375,13
Flickr30K/4509092468.jpg,/content/Image_captioning_Local/Flickr30K/flickr30k_images/flickr30k_images/flickr30k_images/4509092468.jpg,person,0.8218598365783691,393.3717041015625,208.7510986328125,422.49871826171875,291.5208740234375,13
Flickr30K/4509092468.jpg,/content/Image_captioning_Local/Flickr30K/flickr30k_images/flickr30k_images/flickr30k_images/4509092468.jpg,person,0.8181776404380798,273.1282043457031,218.42681884765625,315.5299987792969,332.8824157714844,13
Flickr30K/4509092468.jpg,/content/Image_captioning_Local/Flickr30K/flickr30k_images/flickr30k_images/flickr30k_images/4509092468.jpg,person,0.5697027444839478,328.232666015625,211.47279357910156,354.45709228515625,285.7167663574219,13
Flickr30K/4509092468.jpg,/content/Image_captioning_Local/Flickr30K/flickr30k_images/flickr30k_images/flickr30k_images/4509092468.jpg,person,0.5390163660049438,441.4919738769531,192.2133026123047,469.22491455078125,272.14404296875,13
Flickr30K/4509092468.jpg,/content/Image_captioning_Local/Flickr30K/flickr30k_images/flickr30k_images/flickr30k_images/4509092468.jpg,person,0.5243422985076904,346.3716735839844,215.30453491210938,367.2603454589844,277.2364807128906,13
Flickr30K/4509092468.jpg,/content/Image_captioning_Local/Flickr30K/flickr30k_images/flickr30k_images/flickr30k_images/4509092468.jpg,person,0.4596653878688812,316.7822265625,215.27041625976562,339.6580505371094,288.5109558105469,13
Flickr30K/4509092468.jpg,/content/Image_captioning_Local/Flickr30K/flickr30k_images/flickr30k_images/flickr30k_images/4509092468.jpg,clock,0.4163548946380615,315.8138732910156,89.10228729248047,324.2132263183594,101.0243911743164,13
Flickr30K/4509092468.jpg,/content/Image_captioning_Local/Flickr30K/flickr30k_images/flickr30k_images/flickr30k_images/4509092468.jpg,cell phone,0.3802831768989563,167.76287841796875,143.74742126464844,202.0939178466797,172.67918395996094,13
Flickr30K/4509092468.jpg,/content/Image_captioning_Local/Flickr30K/flickr30k_images/flickr30k_images/flickr30k_images/4509092468.jpg,person,0.37928059697151184,422.03082275390625,203.77772521972656,446.8801574707031,277.9085998535156,13
Flickr30K/4509092468.jpg,/content/Image_captioning_Local/Flickr30K/flickr30k_images/flickr30k_images/flickr30k_images/4509092468.jpg,cell phone,0.3490569293498993,161.19741821289062,144.26524353027344,172.5603485107422,167.4833984375,13
Flickr30K/4509092468.jpg,/content/Image_captioning_Local/Flickr30K/flickr30k_images/flickr30k_images/flickr30k_images/4509092468.jpg,person,0.34038907289505005,298.50054931640625,216.4204559326172,321.525634765625,296.6316223144531,13
Flickr30K/4509092468.jpg,/content/Image_captioning_Local/Flickr30K/flickr30k_images/flickr30k_images/flickr30k_images/4509092468.jpg,person,0.28420203924179077,372.80157470703125,199.82455444335938,390.3317565917969,256.9837951660156,13
Flickr30K/4509118472.jpg,/content/Image_captioning_Local/Flickr30K/flickr30k_images/flickr30k_images/flickr30k_images/4509118472.jpg,car,0.9118948578834534,0.2874135971069336,170.8422393798828,161.879638671875,328.3700866699219,8
Flickr30K/4509118472.jpg,/content/Image_captioning_Local/Flickr30K/flickr30k_images/flickr30k_images/flickr30k_images/4509118472.jpg,car,0.7958930134773254,235.40957641601562,162.4703369140625,492.1660461425781,263.2211608886719,8
Flickr30K/4509118472.jpg,/content/Image_captioning_Local/Flickr30K/flickr30k_images/flickr30k_images/flickr30k_images/4509118472.jpg,person,0.7947735786437988,71.55558776855469,123.96619415283203,109.07103729248047,242.4071502685547,8
Flickr30K/4509118472.jpg,/content/Image_captioning_Local/Flickr30K/flickr30k_images/flickr30k_images/flickr30k_images/4509118472.jpg,person,0.7862517237663269,256.64208984375,132.91067504882812,287.0623779296875,191.29537963867188,8
Flickr30K/4509118472.jpg,/content/Image_captioning_Local/Flickr30K/flickr30k_images/flickr30k_images/flickr30k_images/4509118472.jpg,person,0.7765095233917236,171.3250732421875,139.67733764648438,247.63043212890625,253.14035034179688,8
Flickr30K/4509118472.jpg,/content/Image_captioning_Local/Flickr30K/flickr30k_images/flickr30k_images/flickr30k_images/4509118472.jpg,person,0.6171902418136597,163.2136993408203,129.94529724121094,208.97698974609375,248.45936584472656,8
Flickr30K/4509118472.jpg,/content/Image_captioning_Local/Flickr30K/flickr30k_images/flickr30k_images/flickr30k_images/4509118472.jpg,person,0.5191726684570312,9.601621627807617,109.62905883789062,53.26428985595703,199.45225524902344,8
Flickr30K/4509118472.jpg,/content/Image_captioning_Local/Flickr30K/flickr30k_images/flickr30k_images/flickr30k_images/4509118472.jpg,person,0.3383394181728363,190.258056640625,139.66751098632812,248.39752197265625,199.46836853027344,8
Flickr30K/4509183066.jpg,/content/Image_captioning_Local/Flickr30K/flickr30k_images/flickr30k_images/flickr30k_images/4509183066.jpg,person,0.8767319321632385,405.9922180175781,98.60637664794922,465.0877990722656,260.45501708984375,6
Flickr30K/4509183066.jpg,/content/Image_captioning_Local/Flickr30K/flickr30k_images/flickr30k_images/flickr30k_images/4509183066.jpg,frisbee,0.8273054957389832,57.937835693359375,97.7169189453125,106.57743072509766,111.7166519165039,6
Flickr30K/4509183066.jpg,/content/Image_captioning_Local/Flickr30K/flickr30k_images/flickr30k_images/flickr30k_images/4509183066.jpg,frisbee,0.8134813904762268,409.5502014160156,169.36997985839844,429.4794921875,187.69741821289062,6
Flickr30K/4509183066.jpg,/content/Image_captioning_Local/Flickr30K/flickr30k_images/flickr30k_images/flickr30k_images/4509183066.jpg,person,0.7160028219223022,235.1317596435547,100.22053527832031,378.4559020996094,276.2701110839844,6
Flickr30K/4509183066.jpg,/content/Image_captioning_Local/Flickr30K/flickr30k_images/flickr30k_images/flickr30k_images/4509183066.jpg,person,0.7070974111557007,235.6636505126953,98.145751953125,293.2663879394531,263.6089172363281,6
Flickr30K/4509183066.jpg,/content/Image_captioning_Local/Flickr30K/flickr30k_images/flickr30k_images/flickr30k_images/4509183066.jpg,frisbee,0.29201123118400574,357.7036437988281,151.14967346191406,382.8706359863281,159.81982421875,6
Flickr30K/4509270396.jpg,/content/Image_captioning_Local/Flickr30K/flickr30k_images/flickr30k_images/flickr30k_images/4509270396.jpg,person,0.8016489148139954,43.832733154296875,87.79898071289062,199.15780639648438,493.80426025390625,6
Flickr30K/4509270396.jpg,/content/Image_captioning_Local/Flickr30K/flickr30k_images/flickr30k_images/flickr30k_images/4509270396.jpg,person,0.7103502154350281,0.5156904458999634,251.74526977539062,82.22412109375,467.7796325683594,6
Flickr30K/4509270396.jpg,/content/Image_captioning_Local/Flickr30K/flickr30k_images/flickr30k_images/flickr30k_images/4509270396.jpg,person,0.6729133725166321,258.6592102050781,31.413246154785156,417.0516052246094,492.4535827636719,6
Flickr30K/4509270396.jpg,/content/Image_captioning_Local/Flickr30K/flickr30k_images/flickr30k_images/flickr30k_images/4509270396.jpg,person,0.6479974985122681,205.92120361328125,133.81407165527344,290.4368591308594,481.4679260253906,6
Flickr30K/4509270396.jpg,/content/Image_captioning_Local/Flickr30K/flickr30k_images/flickr30k_images/flickr30k_images/4509270396.jpg,bottle,0.29831603169441223,12.243038177490234,216.2354736328125,53.273685455322266,250.912353515625,6
Flickr30K/4509270396.jpg,/content/Image_captioning_Local/Flickr30K/flickr30k_images/flickr30k_images/flickr30k_images/4509270396.jpg,person,0.25030627846717834,48.59029769897461,224.34921264648438,93.04053497314453,273.8960266113281,6
Flickr30K/4509404105.jpg,/content/Image_captioning_Local/Flickr30K/flickr30k_images/flickr30k_images/flickr30k_images/4509404105.jpg,person,0.8443096876144409,67.24027252197266,85.20525360107422,305.9827880859375,294.38970947265625,22
Flickr30K/4509404105.jpg,/content/Image_captioning_Local/Flickr30K/flickr30k_images/flickr30k_images/flickr30k_images/4509404105.jpg,traffic light,0.7940093278884888,394.6662902832031,22.13837432861328,403.219970703125,38.246768951416016,22
Flickr30K/4509404105.jpg,/content/Image_captioning_Local/Flickr30K/flickr30k_images/flickr30k_images/flickr30k_images/4509404105.jpg,person,0.7624146938323975,444.5649719238281,68.62916564941406,498.4818115234375,232.4107208251953,22
Flickr30K/4509404105.jpg,/content/Image_captioning_Local/Flickr30K/flickr30k_images/flickr30k_images/flickr30k_images/4509404105.jpg,person,0.6833105087280273,389.391845703125,70.22789001464844,452.6174011230469,234.87620544433594,22
Flickr30K/4509404105.jpg,/content/Image_captioning_Local/Flickr30K/flickr30k_images/flickr30k_images/flickr30k_images/4509404105.jpg,traffic light,0.6791974902153015,275.1120300292969,27.797704696655273,284.5210876464844,45.64719772338867,22
Flickr30K/4509404105.jpg,/content/Image_captioning_Local/Flickr30K/flickr30k_images/flickr30k_images/flickr30k_images/4509404105.jpg,person,0.6567762494087219,316.9921875,71.8718490600586,352.74090576171875,231.7294158935547,22
Flickr30K/4509404105.jpg,/content/Image_captioning_Local/Flickr30K/flickr30k_images/flickr30k_images/flickr30k_images/4509404105.jpg,traffic light,0.6460273861885071,412.6033935546875,22.49080467224121,421.921142578125,39.06452178955078,22
Flickr30K/4509404105.jpg,/content/Image_captioning_Local/Flickr30K/flickr30k_images/flickr30k_images/flickr30k_images/4509404105.jpg,person,0.6341437697410583,28.259014129638672,160.193115234375,92.01375579833984,267.7552185058594,22
Flickr30K/4509404105.jpg,/content/Image_captioning_Local/Flickr30K/flickr30k_images/flickr30k_images/flickr30k_images/4509404105.jpg,person,0.6216259598731995,254.73585510253906,69.6885986328125,323.2110595703125,239.22605895996094,22
Flickr30K/4509404105.jpg,/content/Image_captioning_Local/Flickr30K/flickr30k_images/flickr30k_images/flickr30k_images/4509404105.jpg,person,0.6199196577072144,345.4461364746094,66.82304382324219,396.65478515625,236.31524658203125,22
Flickr30K/4509404105.jpg,/content/Image_captioning_Local/Flickr30K/flickr30k_images/flickr30k_images/flickr30k_images/4509404105.jpg,person,0.5750623941421509,99.8397445678711,64.75869750976562,176.26683044433594,236.131591796875,22
Flickr30K/4509404105.jpg,/content/Image_captioning_Local/Flickr30K/flickr30k_images/flickr30k_images/flickr30k_images/4509404105.jpg,person,0.5743048787117004,0.0,128.3802947998047,40.925071716308594,256.5311279296875,22
Flickr30K/4509404105.jpg,/content/Image_captioning_Local/Flickr30K/flickr30k_images/flickr30k_images/flickr30k_images/4509404105.jpg,traffic light,0.5239951610565186,460.3760681152344,55.93305206298828,468.32464599609375,67.92469787597656,22
Flickr30K/4509404105.jpg,/content/Image_captioning_Local/Flickr30K/flickr30k_images/flickr30k_images/flickr30k_images/4509404105.jpg,handbag,0.4515496492385864,341.0790710449219,121.90850067138672,377.5065612792969,185.52267456054688,22
Flickr30K/4509404105.jpg,/content/Image_captioning_Local/Flickr30K/flickr30k_images/flickr30k_images/flickr30k_images/4509404105.jpg,person,0.43937820196151733,222.9971160888672,67.54229736328125,252.52516174316406,132.9478302001953,22
Flickr30K/4509404105.jpg,/content/Image_captioning_Local/Flickr30K/flickr30k_images/flickr30k_images/flickr30k_images/4509404105.jpg,handbag,0.43033912777900696,447.20281982421875,156.34434509277344,463.8447265625,191.7317657470703,22
Flickr30K/4509404105.jpg,/content/Image_captioning_Local/Flickr30K/flickr30k_images/flickr30k_images/flickr30k_images/4509404105.jpg,person,0.39554640650749207,480.1836853027344,72.86190032958984,499.70196533203125,229.583984375,22
Flickr30K/4509404105.jpg,/content/Image_captioning_Local/Flickr30K/flickr30k_images/flickr30k_images/flickr30k_images/4509404105.jpg,traffic light,0.35677143931388855,295.07342529296875,21.016233444213867,304.8819885253906,37.2591667175293,22
Flickr30K/4509404105.jpg,/content/Image_captioning_Local/Flickr30K/flickr30k_images/flickr30k_images/flickr30k_images/4509404105.jpg,person,0.3525782823562622,4.641194820404053,71.03995513916016,45.79125213623047,139.0458526611328,22
Flickr30K/4509404105.jpg,/content/Image_captioning_Local/Flickr30K/flickr30k_images/flickr30k_images/flickr30k_images/4509404105.jpg,person,0.2861979007720947,63.22364044189453,116.32735443115234,108.67962646484375,239.85833740234375,22
Flickr30K/4509404105.jpg,/content/Image_captioning_Local/Flickr30K/flickr30k_images/flickr30k_images/flickr30k_images/4509404105.jpg,handbag,0.278674840927124,342.5577087402344,68.69121551513672,394.9439392089844,235.21246337890625,22
Flickr30K/4509404105.jpg,/content/Image_captioning_Local/Flickr30K/flickr30k_images/flickr30k_images/flickr30k_images/4509404105.jpg,person,0.263339102268219,28.54220962524414,53.22571563720703,59.85702896118164,109.9344482421875,22
Flickr30K/4509412559.jpg,/content/Image_captioning_Local/Flickr30K/flickr30k_images/flickr30k_images/flickr30k_images/4509412559.jpg,person,0.8835153579711914,373.6944580078125,177.94366455078125,430.1900939941406,324.580322265625,34
Flickr30K/4509412559.jpg,/content/Image_captioning_Local/Flickr30K/flickr30k_images/flickr30k_images/flickr30k_images/4509412559.jpg,person,0.8655756115913391,143.8578338623047,193.29481506347656,190.99676513671875,334.97601318359375,34
Flickr30K/4509412559.jpg,/content/Image_captioning_Local/Flickr30K/flickr30k_images/flickr30k_images/flickr30k_images/4509412559.jpg,person,0.8005451560020447,0.860065221786499,178.02479553222656,42.86338806152344,337.4584655761719,34
Flickr30K/4509412559.jpg,/content/Image_captioning_Local/Flickr30K/flickr30k_images/flickr30k_images/flickr30k_images/4509412559.jpg,traffic light,0.7940385937690735,75.25200653076172,40.53025817871094,90.09584045410156,70.80977630615234,34
Flickr30K/4509412559.jpg,/content/Image_captioning_Local/Flickr30K/flickr30k_images/flickr30k_images/flickr30k_images/4509412559.jpg,person,0.777352511882782,269.35028076171875,223.58453369140625,364.3573303222656,360.27642822265625,34
Flickr30K/4509412559.jpg,/content/Image_captioning_Local/Flickr30K/flickr30k_images/flickr30k_images/flickr30k_images/4509412559.jpg,person,0.7352014780044556,252.99085998535156,189.79058837890625,289.7390441894531,326.63690185546875,34
Flickr30K/4509412559.jpg,/content/Image_captioning_Local/Flickr30K/flickr30k_images/flickr30k_images/flickr30k_images/4509412559.jpg,person,0.7314659357070923,437.099853515625,188.94534301757812,478.57781982421875,323.0298156738281,34
Flickr30K/4509412559.jpg,/content/Image_captioning_Local/Flickr30K/flickr30k_images/flickr30k_images/flickr30k_images/4509412559.jpg,person,0.729350745677948,33.95819854736328,196.63446044921875,71.43730926513672,331.3927001953125,34
Flickr30K/4509412559.jpg,/content/Image_captioning_Local/Flickr30K/flickr30k_images/flickr30k_images/flickr30k_images/4509412559.jpg,person,0.7245047092437744,216.30516052246094,188.33203125,256.9139404296875,330.8160400390625,34
Flickr30K/4509412559.jpg,/content/Image_captioning_Local/Flickr30K/flickr30k_images/flickr30k_images/flickr30k_images/4509412559.jpg,traffic light,0.6773257851600647,136.6908416748047,95.24945831298828,144.29837036132812,110.19475555419922,34
Flickr30K/4509412559.jpg,/content/Image_captioning_Local/Flickr30K/flickr30k_images/flickr30k_images/flickr30k_images/4509412559.jpg,person,0.6770936846733093,473.1860046386719,196.90237426757812,500.0,323.9869689941406,34
Flickr30K/4509412559.jpg,/content/Image_captioning_Local/Flickr30K/flickr30k_images/flickr30k_images/flickr30k_images/4509412559.jpg,person,0.6719793081283569,231.45616149902344,12.133354187011719,350.9316711425781,171.12374877929688,34
Flickr30K/4509412559.jpg,/content/Image_captioning_Local/Flickr30K/flickr30k_images/flickr30k_images/flickr30k_images/4509412559.jpg,person,0.6533094644546509,75.64218139648438,194.88656616210938,126.11954498291016,331.67791748046875,34
Flickr30K/4509412559.jpg,/content/Image_captioning_Local/Flickr30K/flickr30k_images/flickr30k_images/flickr30k_images/4509412559.jpg,traffic light,0.6106112003326416,241.18817138671875,92.22820281982422,249.239990234375,106.37271118164062,34
Flickr30K/4509412559.jpg,/content/Image_captioning_Local/Flickr30K/flickr30k_images/flickr30k_images/flickr30k_images/4509412559.jpg,traffic light,0.581437349319458,154.99166870117188,88.3877944946289,163.3394012451172,103.06229400634766,34
Flickr30K/4509412559.jpg,/content/Image_captioning_Local/Flickr30K/flickr30k_images/flickr30k_images/flickr30k_images/4509412559.jpg,person,0.554400622844696,116.39563751220703,209.2276611328125,147.9460906982422,324.7496032714844,34
Flickr30K/4509412559.jpg,/content/Image_captioning_Local/Flickr30K/flickr30k_images/flickr30k_images/flickr30k_images/4509412559.jpg,handbag,0.507057249546051,463.2987060546875,265.4584045410156,482.4762268066406,304.4629821777344,34
Flickr30K/4509412559.jpg,/content/Image_captioning_Local/Flickr30K/flickr30k_images/flickr30k_images/flickr30k_images/4509412559.jpg,car,0.5023841261863708,1.4303058385849,160.9852294921875,43.61909484863281,197.81094360351562,34
Flickr30K/4509412559.jpg,/content/Image_captioning_Local/Flickr30K/flickr30k_images/flickr30k_images/flickr30k_images/4509412559.jpg,person,0.4806360900402069,294.97052001953125,190.02101135253906,338.3946838378906,265.1451721191406,34
Flickr30K/4509412559.jpg,/content/Image_captioning_Local/Flickr30K/flickr30k_images/flickr30k_images/flickr30k_images/4509412559.jpg,person,0.451753169298172,182.95050048828125,253.0424346923828,219.73895263671875,328.49029541015625,34
Flickr30K/4509412559.jpg,/content/Image_captioning_Local/Flickr30K/flickr30k_images/flickr30k_images/flickr30k_images/4509412559.jpg,handbag,0.4156121611595154,413.669189453125,201.83639526367188,430.8871154785156,250.58131408691406,34
Flickr30K/4509412559.jpg,/content/Image_captioning_Local/Flickr30K/flickr30k_images/flickr30k_images/flickr30k_images/4509412559.jpg,person,0.40473616123199463,333.0789489746094,207.28826904296875,373.7129821777344,311.297607421875,34
Flickr30K/4509412559.jpg,/content/Image_captioning_Local/Flickr30K/flickr30k_images/flickr30k_images/flickr30k_images/4509412559.jpg,car,0.39902156591415405,160.85499572753906,142.1942901611328,177.832275390625,156.56478881835938,34
Flickr30K/4509412559.jpg,/content/Image_captioning_Local/Flickr30K/flickr30k_images/flickr30k_images/flickr30k_images/4509412559.jpg,person,0.37930020689964294,177.17771911621094,127.43675994873047,202.07467651367188,171.35179138183594,34
Flickr30K/4509412559.jpg,/content/Image_captioning_Local/Flickr30K/flickr30k_images/flickr30k_images/flickr30k_images/4509412559.jpg,handbag,0.368630588054657,273.199951171875,237.2388916015625,296.74310302734375,264.77374267578125,34
Flickr30K/4509412559.jpg,/content/Image_captioning_Local/Flickr30K/flickr30k_images/flickr30k_images/flickr30k_images/4509412559.jpg,person,0.36445701122283936,337.4858703613281,182.7047882080078,373.35015869140625,234.5211944580078,34
Flickr30K/4509412559.jpg,/content/Image_captioning_Local/Flickr30K/flickr30k_images/flickr30k_images/flickr30k_images/4509412559.jpg,person,0.35429075360298157,124.92230224609375,181.58009338378906,160.7541046142578,227.10287475585938,34
Flickr30K/4509412559.jpg,/content/Image_captioning_Local/Flickr30K/flickr30k_images/flickr30k_images/flickr30k_images/4509412559.jpg,person,0.3538559079170227,186.23797607421875,189.9954833984375,219.69015502929688,271.4400634765625,34
Flickr30K/4509412559.jpg,/content/Image_captioning_Local/Flickr30K/flickr30k_images/flickr30k_images/flickr30k_images/4509412559.jpg,person,0.32310590147972107,33.61532211303711,170.09017944335938,73.579345703125,225.857666015625,34
Flickr30K/4509412559.jpg,/content/Image_captioning_Local/Flickr30K/flickr30k_images/flickr30k_images/flickr30k_images/4509412559.jpg,traffic light,0.3225558400154114,153.13336181640625,50.943904876708984,165.70806884765625,63.17578125,34
Flickr30K/4509412559.jpg,/content/Image_captioning_Local/Flickr30K/flickr30k_images/flickr30k_images/flickr30k_images/4509412559.jpg,handbag,0.31437307596206665,216.732666015625,235.74063110351562,239.36831665039062,286.33087158203125,34
Flickr30K/4509412559.jpg,/content/Image_captioning_Local/Flickr30K/flickr30k_images/flickr30k_images/flickr30k_images/4509412559.jpg,traffic light,0.27399390935897827,384.39111328125,110.61392211914062,397.2607116699219,130.33094787597656,34
Flickr30K/4509412559.jpg,/content/Image_captioning_Local/Flickr30K/flickr30k_images/flickr30k_images/flickr30k_images/4509412559.jpg,car,0.26613563299179077,224.633544921875,143.45953369140625,249.83834838867188,156.9698028564453,34
Flickr30K/4509412559.jpg,/content/Image_captioning_Local/Flickr30K/flickr30k_images/flickr30k_images/flickr30k_images/4509412559.jpg,person,0.2533559501171112,103.88182067871094,183.41607666015625,128.73829650878906,227.66317749023438,34
Flickr30K/4509482298.jpg,/content/Image_captioning_Local/Flickr30K/flickr30k_images/flickr30k_images/flickr30k_images/4509482298.jpg,person,0.876114010810852,264.0219421386719,87.81982421875,320.33740234375,278.0813903808594,7
Flickr30K/4509482298.jpg,/content/Image_captioning_Local/Flickr30K/flickr30k_images/flickr30k_images/flickr30k_images/4509482298.jpg,person,0.7679775357246399,9.491914749145508,102.3039321899414,206.24118041992188,363.3162536621094,7
Flickr30K/4509482298.jpg,/content/Image_captioning_Local/Flickr30K/flickr30k_images/flickr30k_images/flickr30k_images/4509482298.jpg,person,0.6668799519538879,173.36337280273438,137.287841796875,251.10104370117188,247.0449981689453,7
Flickr30K/4509482298.jpg,/content/Image_captioning_Local/Flickr30K/flickr30k_images/flickr30k_images/flickr30k_images/4509482298.jpg,person,0.6242313981056213,89.90988159179688,114.85087585449219,173.4363555908203,236.56468200683594,7
Flickr30K/4509482298.jpg,/content/Image_captioning_Local/Flickr30K/flickr30k_images/flickr30k_images/flickr30k_images/4509482298.jpg,person,0.5097492337226868,227.2996368408203,146.53485107421875,257.1069641113281,235.31243896484375,7
Flickr30K/4509482298.jpg,/content/Image_captioning_Local/Flickr30K/flickr30k_images/flickr30k_images/flickr30k_images/4509482298.jpg,person,0.49170973896980286,146.20437622070312,139.82986450195312,202.03585815429688,229.33511352539062,7
Flickr30K/4509482298.jpg,/content/Image_captioning_Local/Flickr30K/flickr30k_images/flickr30k_images/flickr30k_images/4509482298.jpg,person,0.3783479928970337,129.90985107421875,128.55557250976562,322.6285400390625,378.334716796875,7
Flickr30K/4509496747.jpg,/content/Image_captioning_Local/Flickr30K/flickr30k_images/flickr30k_images/flickr30k_images/4509496747.jpg,person,0.8755877017974854,314.6289978027344,93.0372085571289,395.3336486816406,278.0269470214844,16
Flickr30K/4509496747.jpg,/content/Image_captioning_Local/Flickr30K/flickr30k_images/flickr30k_images/flickr30k_images/4509496747.jpg,person,0.7776334881782532,346.4348449707031,0.7066786289215088,406.30584716796875,69.48075866699219,16
Flickr30K/4509496747.jpg,/content/Image_captioning_Local/Flickr30K/flickr30k_images/flickr30k_images/flickr30k_images/4509496747.jpg,person,0.7727203965187073,205.07769775390625,12.750643730163574,312.49481201171875,287.6308288574219,16
Flickr30K/4509496747.jpg,/content/Image_captioning_Local/Flickr30K/flickr30k_images/flickr30k_images/flickr30k_images/4509496747.jpg,person,0.7471196055412292,134.61488342285156,0.7883667945861816,193.71275329589844,185.7136993408203,16
Flickr30K/4509496747.jpg,/content/Image_captioning_Local/Flickr30K/flickr30k_images/flickr30k_images/flickr30k_images/4509496747.jpg,person,0.7190535068511963,29.657703399658203,55.01049041748047,66.5855712890625,122.1793441772461,16
Flickr30K/4509496747.jpg,/content/Image_captioning_Local/Flickr30K/flickr30k_images/flickr30k_images/flickr30k_images/4509496747.jpg,bicycle,0.7149025201797485,145.48162841796875,128.6336669921875,354.7032775878906,280.5191345214844,16
Flickr30K/4509496747.jpg,/content/Image_captioning_Local/Flickr30K/flickr30k_images/flickr30k_images/flickr30k_images/4509496747.jpg,suitcase,0.6211555004119873,0.04572272300720215,157.1023712158203,92.03397369384766,234.17007446289062,16
Flickr30K/4509496747.jpg,/content/Image_captioning_Local/Flickr30K/flickr30k_images/flickr30k_images/flickr30k_images/4509496747.jpg,person,0.6084772944450378,398.70819091796875,0.68245530128479,449.34344482421875,71.42599487304688,16
Flickr30K/4509496747.jpg,/content/Image_captioning_Local/Flickr30K/flickr30k_images/flickr30k_images/flickr30k_images/4509496747.jpg,person,0.5085999965667725,456.01300048828125,0.9255588054656982,499.4507751464844,73.73501586914062,16
Flickr30K/4509496747.jpg,/content/Image_captioning_Local/Flickr30K/flickr30k_images/flickr30k_images/flickr30k_images/4509496747.jpg,person,0.5055474638938904,0.24972110986709595,53.88793182373047,18.760042190551758,115.22305297851562,16
Flickr30K/4509496747.jpg,/content/Image_captioning_Local/Flickr30K/flickr30k_images/flickr30k_images/flickr30k_images/4509496747.jpg,person,0.4736076295375824,278.8460693359375,5.843156814575195,381.858154296875,137.34576416015625,16
Flickr30K/4509496747.jpg,/content/Image_captioning_Local/Flickr30K/flickr30k_images/flickr30k_images/flickr30k_images/4509496747.jpg,bottle,0.45549890398979187,378.5824890136719,83.29015350341797,390.4785461425781,112.71338653564453,16
Flickr30K/4509496747.jpg,/content/Image_captioning_Local/Flickr30K/flickr30k_images/flickr30k_images/flickr30k_images/4509496747.jpg,cup,0.36773446202278137,343.52294921875,76.17851257324219,359.79339599609375,95.54298400878906,16
Flickr30K/4509496747.jpg,/content/Image_captioning_Local/Flickr30K/flickr30k_images/flickr30k_images/flickr30k_images/4509496747.jpg,person,0.3670061230659485,478.6573486328125,1.7626583576202393,500.0,62.161094665527344,16
Flickr30K/4509496747.jpg,/content/Image_captioning_Local/Flickr30K/flickr30k_images/flickr30k_images/flickr30k_images/4509496747.jpg,suitcase,0.35192087292671204,375.15753173828125,162.106201171875,480.6328430175781,253.12535095214844,16
Flickr30K/4509496747.jpg,/content/Image_captioning_Local/Flickr30K/flickr30k_images/flickr30k_images/flickr30k_images/4509496747.jpg,dining table,0.29718250036239624,298.0181884765625,75.88724517822266,481.0907897949219,158.61187744140625,16
Flickr30K/4509715457.jpg,/content/Image_captioning_Local/Flickr30K/flickr30k_images/flickr30k_images/flickr30k_images/4509715457.jpg,person,0.8186066150665283,44.11409378051758,161.7127227783203,224.0185089111328,500.0,2
Flickr30K/4509715457.jpg,/content/Image_captioning_Local/Flickr30K/flickr30k_images/flickr30k_images/flickr30k_images/4509715457.jpg,chair,0.2849527597427368,60.905094146728516,443.62530517578125,145.95086669921875,499.84136962890625,2
Flickr30K/4509762476.jpg,/content/Image_captioning_Local/Flickr30K/flickr30k_images/flickr30k_images/flickr30k_images/4509762476.jpg,person,0.7993258833885193,58.50810241699219,218.4373779296875,113.18447875976562,292.221435546875,6
Flickr30K/4509762476.jpg,/content/Image_captioning_Local/Flickr30K/flickr30k_images/flickr30k_images/flickr30k_images/4509762476.jpg,person,0.7919206619262695,38.968284606933594,212.7106170654297,77.60308074951172,270.1189880371094,6
Flickr30K/4509762476.jpg,/content/Image_captioning_Local/Flickr30K/flickr30k_images/flickr30k_images/flickr30k_images/4509762476.jpg,person,0.7837134599685669,0.0,207.91001892089844,37.383026123046875,321.67254638671875,6
Flickr30K/4509762476.jpg,/content/Image_captioning_Local/Flickr30K/flickr30k_images/flickr30k_images/flickr30k_images/4509762476.jpg,person,0.7689971327781677,22.117740631103516,185.17608642578125,222.09141540527344,352.3701171875,6
Flickr30K/4509762476.jpg,/content/Image_captioning_Local/Flickr30K/flickr30k_images/flickr30k_images/flickr30k_images/4509762476.jpg,person,0.4453175365924835,326.32940673828125,173.19667053222656,332.5501403808594,193.39256286621094,6
Flickr30K/4509762476.jpg,/content/Image_captioning_Local/Flickr30K/flickr30k_images/flickr30k_images/flickr30k_images/4509762476.jpg,person,0.29241466522216797,23.273712158203125,227.08575439453125,40.3216438293457,255.97950744628906,6
Flickr30K/4509790721.jpg,/content/Image_captioning_Local/Flickr30K/flickr30k_images/flickr30k_images/flickr30k_images/4509790721.jpg,person,0.7068185210227966,0.0,134.32652282714844,47.9456901550293,296.07843017578125,5
Flickr30K/4509790721.jpg,/content/Image_captioning_Local/Flickr30K/flickr30k_images/flickr30k_images/flickr30k_images/4509790721.jpg,person,0.6408235430717468,343.8529052734375,100.2822494506836,498.6893615722656,297.4013671875,5
Flickr30K/4509790721.jpg,/content/Image_captioning_Local/Flickr30K/flickr30k_images/flickr30k_images/flickr30k_images/4509790721.jpg,person,0.5901907086372375,27.738994598388672,119.36622619628906,165.1033172607422,294.36358642578125,5
Flickr30K/4509790721.jpg,/content/Image_captioning_Local/Flickr30K/flickr30k_images/flickr30k_images/flickr30k_images/4509790721.jpg,person,0.5857077240943909,84.22610473632812,26.642047882080078,374.394775390625,298.04705810546875,5
Flickr30K/4509790721.jpg,/content/Image_captioning_Local/Flickr30K/flickr30k_images/flickr30k_images/flickr30k_images/4509790721.jpg,person,0.25891825556755066,71.93425750732422,128.7060089111328,139.8223114013672,233.00103759765625,5
Flickr30K/4510049538.jpg,/content/Image_captioning_Local/Flickr30K/flickr30k_images/flickr30k_images/flickr30k_images/4510049538.jpg,person,0.8281117081642151,117.36664581298828,48.56454086303711,315.3510437011719,236.18402099609375,24
Flickr30K/4510049538.jpg,/content/Image_captioning_Local/Flickr30K/flickr30k_images/flickr30k_images/flickr30k_images/4510049538.jpg,person,0.8252331018447876,206.54974365234375,230.37515258789062,281.93060302734375,415.43377685546875,24
Flickr30K/4510049538.jpg,/content/Image_captioning_Local/Flickr30K/flickr30k_images/flickr30k_images/flickr30k_images/4510049538.jpg,person,0.7917607426643372,95.89215087890625,237.8818817138672,154.78298950195312,416.26348876953125,24
Flickr30K/4510049538.jpg,/content/Image_captioning_Local/Flickr30K/flickr30k_images/flickr30k_images/flickr30k_images/4510049538.jpg,traffic light,0.7742467522621155,89.59945678710938,68.61591339111328,106.77242279052734,103.155517578125,24
Flickr30K/4510049538.jpg,/content/Image_captioning_Local/Flickr30K/flickr30k_images/flickr30k_images/flickr30k_images/4510049538.jpg,traffic light,0.7734009027481079,27.21700096130371,110.59424591064453,36.352149963378906,128.11489868164062,24
Flickr30K/4510049538.jpg,/content/Image_captioning_Local/Flickr30K/flickr30k_images/flickr30k_images/flickr30k_images/4510049538.jpg,person,0.7576367855072021,45.657474517822266,237.80178833007812,95.96134185791016,410.7312316894531,24
Flickr30K/4510049538.jpg,/content/Image_captioning_Local/Flickr30K/flickr30k_images/flickr30k_images/flickr30k_images/4510049538.jpg,person,0.7140746116638184,279.48284912109375,241.51646423339844,333.0185852050781,412.5169677734375,24
Flickr30K/4510049538.jpg,/content/Image_captioning_Local/Flickr30K/flickr30k_images/flickr30k_images/flickr30k_images/4510049538.jpg,person,0.7081082463264465,146.76695251464844,264.55560302734375,193.90054321289062,407.1549377441406,24
Flickr30K/4510049538.jpg,/content/Image_captioning_Local/Flickr30K/flickr30k_images/flickr30k_images/flickr30k_images/4510049538.jpg,traffic light,0.6677612066268921,49.66557693481445,111.76414489746094,58.751922607421875,130.6456298828125,24
Flickr30K/4510049538.jpg,/content/Image_captioning_Local/Flickr30K/flickr30k_images/flickr30k_images/flickr30k_images/4510049538.jpg,person,0.667717456817627,0.9993493556976318,235.97268676757812,48.99052810668945,415.7296142578125,24
Flickr30K/4510049538.jpg,/content/Image_captioning_Local/Flickr30K/flickr30k_images/flickr30k_images/flickr30k_images/4510049538.jpg,person,0.591703474521637,128.99624633789062,196.1944122314453,161.07228088378906,245.99972534179688,24
Flickr30K/4510049538.jpg,/content/Image_captioning_Local/Flickr30K/flickr30k_images/flickr30k_images/flickr30k_images/4510049538.jpg,person,0.5891198515892029,192.6591796875,231.1042022705078,230.2521209716797,395.1415710449219,24
Flickr30K/4510049538.jpg,/content/Image_captioning_Local/Flickr30K/flickr30k_images/flickr30k_images/flickr30k_images/4510049538.jpg,traffic light,0.43184876441955566,105.74531555175781,151.5943603515625,112.19918823242188,165.06326293945312,24
Flickr30K/4510049538.jpg,/content/Image_captioning_Local/Flickr30K/flickr30k_images/flickr30k_images/flickr30k_images/4510049538.jpg,car,0.4294440746307373,29.403966903686523,181.68658447265625,83.09838104248047,212.77621459960938,24
Flickr30K/4510049538.jpg,/content/Image_captioning_Local/Flickr30K/flickr30k_images/flickr30k_images/flickr30k_images/4510049538.jpg,car,0.42846888303756714,116.75536346435547,185.95050048828125,159.82919311523438,208.946533203125,24
Flickr30K/4510049538.jpg,/content/Image_captioning_Local/Flickr30K/flickr30k_images/flickr30k_images/flickr30k_images/4510049538.jpg,handbag,0.4139779806137085,0.3558218479156494,296.889892578125,27.07715606689453,359.7662353515625,24
Flickr30K/4510049538.jpg,/content/Image_captioning_Local/Flickr30K/flickr30k_images/flickr30k_images/flickr30k_images/4510049538.jpg,car,0.30996179580688477,110.04492950439453,186.96046447753906,129.5347442626953,203.8950653076172,24
Flickr30K/4510049538.jpg,/content/Image_captioning_Local/Flickr30K/flickr30k_images/flickr30k_images/flickr30k_images/4510049538.jpg,person,0.28436118364334106,0.0,217.1112823486328,20.051210403442383,265.4200439453125,24
Flickr30K/4510049538.jpg,/content/Image_captioning_Local/Flickr30K/flickr30k_images/flickr30k_images/flickr30k_images/4510049538.jpg,person,0.28092294931411743,268.5755310058594,231.00262451171875,307.8209533691406,405.8946228027344,24
Flickr30K/4510049538.jpg,/content/Image_captioning_Local/Flickr30K/flickr30k_images/flickr30k_images/flickr30k_images/4510049538.jpg,person,0.2728777229785919,16.53447151184082,217.81234741210938,37.29931640625,246.89622497558594,24
Flickr30K/4510049538.jpg,/content/Image_captioning_Local/Flickr30K/flickr30k_images/flickr30k_images/flickr30k_images/4510049538.jpg,traffic light,0.27286645770072937,277.0062561035156,132.08424377441406,292.504638671875,153.85855102539062,24
Flickr30K/4510049538.jpg,/content/Image_captioning_Local/Flickr30K/flickr30k_images/flickr30k_images/flickr30k_images/4510049538.jpg,car,0.2727545201778412,15.39953327178955,177.23646545410156,37.08742141723633,193.44784545898438,24
Flickr30K/4510049538.jpg,/content/Image_captioning_Local/Flickr30K/flickr30k_images/flickr30k_images/flickr30k_images/4510049538.jpg,person,0.2598639726638794,40.23780059814453,236.84141540527344,59.640830993652344,270.28515625,24
Flickr30K/4510049538.jpg,/content/Image_captioning_Local/Flickr30K/flickr30k_images/flickr30k_images/flickr30k_images/4510049538.jpg,person,0.2579766511917114,79.72740173339844,230.40220642089844,109.27458190917969,275.3723449707031,24
Flickr30K/4510120267.jpg,/content/Image_captioning_Local/Flickr30K/flickr30k_images/flickr30k_images/flickr30k_images/4510120267.jpg,person,0.920499861240387,163.9757080078125,251.16868591308594,256.359619140625,442.47552490234375,1
Flickr30K/4510129002.jpg,/content/Image_captioning_Local/Flickr30K/flickr30k_images/flickr30k_images/flickr30k_images/4510129002.jpg,person,0.8985125422477722,124.39863586425781,71.77976989746094,180.0480194091797,220.68896484375,11
Flickr30K/4510129002.jpg,/content/Image_captioning_Local/Flickr30K/flickr30k_images/flickr30k_images/flickr30k_images/4510129002.jpg,person,0.859301745891571,199.12078857421875,87.18421173095703,241.0961456298828,188.41989135742188,11
Flickr30K/4510129002.jpg,/content/Image_captioning_Local/Flickr30K/flickr30k_images/flickr30k_images/flickr30k_images/4510129002.jpg,dog,0.8402038216590881,189.90928649902344,186.25535583496094,274.0729064941406,269.9943542480469,11
Flickr30K/4510129002.jpg,/content/Image_captioning_Local/Flickr30K/flickr30k_images/flickr30k_images/flickr30k_images/4510129002.jpg,person,0.8285708427429199,327.2540588378906,87.28800201416016,353.58697509765625,158.9129180908203,11
Flickr30K/4510129002.jpg,/content/Image_captioning_Local/Flickr30K/flickr30k_images/flickr30k_images/flickr30k_images/4510129002.jpg,bench,0.7966932058334351,414.1918640136719,115.91980743408203,442.0125427246094,145.65155029296875,11
Flickr30K/4510129002.jpg,/content/Image_captioning_Local/Flickr30K/flickr30k_images/flickr30k_images/flickr30k_images/4510129002.jpg,dog,0.7737579941749573,161.421875,181.51422119140625,179.6812286376953,212.22586059570312,11
Flickr30K/4510129002.jpg,/content/Image_captioning_Local/Flickr30K/flickr30k_images/flickr30k_images/flickr30k_images/4510129002.jpg,person,0.5727059841156006,372.9222717285156,95.63397979736328,380.3271789550781,114.10725402832031,11
Flickr30K/4510129002.jpg,/content/Image_captioning_Local/Flickr30K/flickr30k_images/flickr30k_images/flickr30k_images/4510129002.jpg,person,0.565788984298706,367.3905944824219,95.80799865722656,375.42193603515625,114.2213363647461,11
Flickr30K/4510129002.jpg,/content/Image_captioning_Local/Flickr30K/flickr30k_images/flickr30k_images/flickr30k_images/4510129002.jpg,dog,0.47793129086494446,186.98532104492188,171.33035278320312,236.17897033691406,231.97674560546875,11
Flickr30K/4510129002.jpg,/content/Image_captioning_Local/Flickr30K/flickr30k_images/flickr30k_images/flickr30k_images/4510129002.jpg,dog,0.2781227231025696,186.26321411132812,177.42007446289062,204.65113830566406,215.28427124023438,11
Flickr30K/4510129002.jpg,/content/Image_captioning_Local/Flickr30K/flickr30k_images/flickr30k_images/flickr30k_images/4510129002.jpg,dog,0.2508868873119354,212.3819580078125,168.332763671875,237.8874053955078,212.8988800048828,11
Flickr30K/4510135650.jpg,/content/Image_captioning_Local/Flickr30K/flickr30k_images/flickr30k_images/flickr30k_images/4510135650.jpg,person,0.891069769859314,133.86170959472656,179.41770935058594,212.88307189941406,471.8720397949219,2
Flickr30K/4510135650.jpg,/content/Image_captioning_Local/Flickr30K/flickr30k_images/flickr30k_images/flickr30k_images/4510135650.jpg,person,0.28943386673927307,5.706334114074707,198.59327697753906,71.17642974853516,485.3369140625,2
Flickr30K/4510318316.jpg,/content/Image_captioning_Local/Flickr30K/flickr30k_images/flickr30k_images/flickr30k_images/4510318316.jpg,person,0.5558958053588867,431.632080078125,226.6996612548828,451.9881591796875,256.0418395996094,2
Flickr30K/4510318316.jpg,/content/Image_captioning_Local/Flickr30K/flickr30k_images/flickr30k_images/flickr30k_images/4510318316.jpg,horse,0.3565669059753418,429.1644592285156,237.1437530517578,461.3321838378906,259.8216552734375,2
Flickr30K/4510387219.jpg,/content/Image_captioning_Local/Flickr30K/flickr30k_images/flickr30k_images/flickr30k_images/4510387219.jpg,person,0.8758887648582458,71.53498840332031,206.24627685546875,130.76206970214844,302.4269714355469,1
Flickr30K/4510479045.jpg,/content/Image_captioning_Local/Flickr30K/flickr30k_images/flickr30k_images/flickr30k_images/4510479045.jpg,person,0.7604175209999084,6.723594665527344,205.42344665527344,375.0,494.94537353515625,3
Flickr30K/4510479045.jpg,/content/Image_captioning_Local/Flickr30K/flickr30k_images/flickr30k_images/flickr30k_images/4510479045.jpg,cell phone,0.4128836393356323,118.94827270507812,307.6349792480469,152.0615997314453,373.7458801269531,3
Flickr30K/4510479045.jpg,/content/Image_captioning_Local/Flickr30K/flickr30k_images/flickr30k_images/flickr30k_images/4510479045.jpg,hot dog,0.3136654794216156,214.09962463378906,443.0757141113281,371.8161926269531,499.2049560546875,3
Flickr30K/4510551119.jpg,/content/Image_captioning_Local/Flickr30K/flickr30k_images/flickr30k_images/flickr30k_images/4510551119.jpg,person,0.8813639879226685,160.828369140625,155.5734100341797,374.658447265625,371.667724609375,7
Flickr30K/4510551119.jpg,/content/Image_captioning_Local/Flickr30K/flickr30k_images/flickr30k_images/flickr30k_images/4510551119.jpg,person,0.5685802698135376,100.0200424194336,304.66461181640625,151.35728454589844,364.3512268066406,7
Flickr30K/4510551119.jpg,/content/Image_captioning_Local/Flickr30K/flickr30k_images/flickr30k_images/flickr30k_images/4510551119.jpg,person,0.5594035983085632,0.09832009673118591,286.52783203125,19.042152404785156,359.2676696777344,7
Flickr30K/4510551119.jpg,/content/Image_captioning_Local/Flickr30K/flickr30k_images/flickr30k_images/flickr30k_images/4510551119.jpg,person,0.44803398847579956,153.4491729736328,176.5315704345703,195.74649047851562,217.5893096923828,7
Flickr30K/4510551119.jpg,/content/Image_captioning_Local/Flickr30K/flickr30k_images/flickr30k_images/flickr30k_images/4510551119.jpg,person,0.3739853501319885,169.61688232421875,95.57550048828125,203.28738403320312,132.91290283203125,7
Flickr30K/4510551119.jpg,/content/Image_captioning_Local/Flickr30K/flickr30k_images/flickr30k_images/flickr30k_images/4510551119.jpg,person,0.3734862208366394,174.58560180664062,134.9759063720703,199.4311981201172,175.26779174804688,7
Flickr30K/4510551119.jpg,/content/Image_captioning_Local/Flickr30K/flickr30k_images/flickr30k_images/flickr30k_images/4510551119.jpg,person,0.33314603567123413,116.1270751953125,134.1100616455078,155.82696533203125,177.06637573242188,7
Flickr30K/4510764354.jpg,/content/Image_captioning_Local/Flickr30K/flickr30k_images/flickr30k_images/flickr30k_images/4510764354.jpg,person,0.6048318147659302,110.63092041015625,93.9686050415039,269.7745666503906,496.7493896484375,1
Flickr30K/4510789820.jpg,/content/Image_captioning_Local/Flickr30K/flickr30k_images/flickr30k_images/flickr30k_images/4510789820.jpg,person,0.8150273561477661,137.63528442382812,214.51559448242188,154.47601318359375,269.75823974609375,5
Flickr30K/4510789820.jpg,/content/Image_captioning_Local/Flickr30K/flickr30k_images/flickr30k_images/flickr30k_images/4510789820.jpg,person,0.7475484609603882,160.57501220703125,211.0361785888672,173.7396240234375,249.54774475097656,5
Flickr30K/4510789820.jpg,/content/Image_captioning_Local/Flickr30K/flickr30k_images/flickr30k_images/flickr30k_images/4510789820.jpg,person,0.714394748210907,82.7999267578125,209.05731201171875,117.49571228027344,316.39910888671875,5
Flickr30K/4510789820.jpg,/content/Image_captioning_Local/Flickr30K/flickr30k_images/flickr30k_images/flickr30k_images/4510789820.jpg,person,0.5738405585289001,173.77906799316406,210.85797119140625,187.29833984375,245.94744873046875,5
Flickr30K/4510789820.jpg,/content/Image_captioning_Local/Flickr30K/flickr30k_images/flickr30k_images/flickr30k_images/4510789820.jpg,person,0.46087077260017395,152.7104949951172,214.02774047851562,161.90122985839844,242.5506591796875,5
Flickr30K/4510809964.jpg,/content/Image_captioning_Local/Flickr30K/flickr30k_images/flickr30k_images/flickr30k_images/4510809964.jpg,person,0.9261648654937744,427.9675598144531,151.60836791992188,499.08990478515625,373.42730712890625,8
Flickr30K/4510809964.jpg,/content/Image_captioning_Local/Flickr30K/flickr30k_images/flickr30k_images/flickr30k_images/4510809964.jpg,person,0.9108328819274902,338.30877685546875,103.62044525146484,437.5887451171875,372.6670837402344,8
Flickr30K/4510809964.jpg,/content/Image_captioning_Local/Flickr30K/flickr30k_images/flickr30k_images/flickr30k_images/4510809964.jpg,person,0.8895453214645386,183.52310180664062,207.33103942871094,234.56871032714844,375.0,8
Flickr30K/4510809964.jpg,/content/Image_captioning_Local/Flickr30K/flickr30k_images/flickr30k_images/flickr30k_images/4510809964.jpg,person,0.8592320680618286,213.07492065429688,30.373931884765625,333.9868469238281,370.8741149902344,8
Flickr30K/4510809964.jpg,/content/Image_captioning_Local/Flickr30K/flickr30k_images/flickr30k_images/flickr30k_images/4510809964.jpg,person,0.8071286082267761,0.0,187.22894287109375,81.88489532470703,371.89593505859375,8
Flickr30K/4510809964.jpg,/content/Image_captioning_Local/Flickr30K/flickr30k_images/flickr30k_images/flickr30k_images/4510809964.jpg,person,0.7194797992706299,56.51515579223633,92.65808868408203,186.1402130126953,372.9924621582031,8
Flickr30K/4510809964.jpg,/content/Image_captioning_Local/Flickr30K/flickr30k_images/flickr30k_images/flickr30k_images/4510809964.jpg,handbag,0.6348075270652771,110.40884399414062,234.76100158691406,201.73556518554688,326.76953125,8
Flickr30K/4510809964.jpg,/content/Image_captioning_Local/Flickr30K/flickr30k_images/flickr30k_images/flickr30k_images/4510809964.jpg,handbag,0.35428252816200256,99.56183624267578,248.8282012939453,130.3876953125,330.4134521484375,8
Flickr30K/451081733.jpg,/content/Image_captioning_Local/Flickr30K/flickr30k_images/flickr30k_images/flickr30k_images/451081733.jpg,person,0.8790791034698486,457.0599060058594,51.35980224609375,500.0,176.6600799560547,16
Flickr30K/451081733.jpg,/content/Image_captioning_Local/Flickr30K/flickr30k_images/flickr30k_images/flickr30k_images/451081733.jpg,person,0.7684922218322754,150.5421905517578,40.83320617675781,472.2533264160156,335.32904052734375,16
Flickr30K/451081733.jpg,/content/Image_captioning_Local/Flickr30K/flickr30k_images/flickr30k_images/flickr30k_images/451081733.jpg,person,0.7474550604820251,384.25762939453125,69.51952362060547,464.56695556640625,186.36558532714844,16
Flickr30K/451081733.jpg,/content/Image_captioning_Local/Flickr30K/flickr30k_images/flickr30k_images/flickr30k_images/451081733.jpg,person,0.6751305460929871,113.55270385742188,138.33876037597656,128.01162719726562,189.81175231933594,16
Flickr30K/451081733.jpg,/content/Image_captioning_Local/Flickr30K/flickr30k_images/flickr30k_images/flickr30k_images/451081733.jpg,person,0.6498932838439941,137.11708068847656,165.97955322265625,153.10630798339844,188.12315368652344,16
Flickr30K/451081733.jpg,/content/Image_captioning_Local/Flickr30K/flickr30k_images/flickr30k_images/flickr30k_images/451081733.jpg,person,0.5349405407905579,68.38033294677734,151.25735473632812,110.89704132080078,182.38255310058594,16
Flickr30K/451081733.jpg,/content/Image_captioning_Local/Flickr30K/flickr30k_images/flickr30k_images/flickr30k_images/451081733.jpg,kite,0.5003783106803894,109.73794555664062,27.194250106811523,117.91975402832031,32.64663314819336,16
Flickr30K/451081733.jpg,/content/Image_captioning_Local/Flickr30K/flickr30k_images/flickr30k_images/flickr30k_images/451081733.jpg,person,0.49318474531173706,13.920551300048828,141.27464294433594,25.663562774658203,164.93043518066406,16
Flickr30K/451081733.jpg,/content/Image_captioning_Local/Flickr30K/flickr30k_images/flickr30k_images/flickr30k_images/451081733.jpg,person,0.4841962158679962,415.6123046875,99.92557525634766,480.7638244628906,178.15509033203125,16
Flickr30K/451081733.jpg,/content/Image_captioning_Local/Flickr30K/flickr30k_images/flickr30k_images/flickr30k_images/451081733.jpg,person,0.47404345870018005,431.86627197265625,87.4132080078125,454.8050842285156,108.75566101074219,16
Flickr30K/451081733.jpg,/content/Image_captioning_Local/Flickr30K/flickr30k_images/flickr30k_images/flickr30k_images/451081733.jpg,person,0.40191224217414856,412.0184326171875,97.54505920410156,435.5296630859375,130.13856506347656,16
Flickr30K/451081733.jpg,/content/Image_captioning_Local/Flickr30K/flickr30k_images/flickr30k_images/flickr30k_images/451081733.jpg,person,0.39806222915649414,126.78502655029297,165.7071075439453,136.98118591308594,185.62451171875,16
Flickr30K/451081733.jpg,/content/Image_captioning_Local/Flickr30K/flickr30k_images/flickr30k_images/flickr30k_images/451081733.jpg,person,0.3782172203063965,87.42102813720703,138.9906005859375,96.8794174194336,161.1431121826172,16
Flickr30K/451081733.jpg,/content/Image_captioning_Local/Flickr30K/flickr30k_images/flickr30k_images/flickr30k_images/451081733.jpg,person,0.345018595457077,181.84388732910156,161.71734619140625,193.89854431152344,188.77947998046875,16
Flickr30K/451081733.jpg,/content/Image_captioning_Local/Flickr30K/flickr30k_images/flickr30k_images/flickr30k_images/451081733.jpg,person,0.3144579529762268,148.59568786621094,146.24095153808594,157.8686065673828,162.82577514648438,16
Flickr30K/451081733.jpg,/content/Image_captioning_Local/Flickr30K/flickr30k_images/flickr30k_images/flickr30k_images/451081733.jpg,handbag,0.25438377261161804,182.99362182617188,181.01803588867188,246.79913330078125,224.24061584472656,16
Flickr30K/4510875373.jpg,/content/Image_captioning_Local/Flickr30K/flickr30k_images/flickr30k_images/flickr30k_images/4510875373.jpg,person,0.8930838704109192,75.91131591796875,35.75181198120117,332.73504638671875,329.6953125,17
Flickr30K/4510875373.jpg,/content/Image_captioning_Local/Flickr30K/flickr30k_images/flickr30k_images/flickr30k_images/4510875373.jpg,person,0.8912643194198608,435.76788330078125,74.04531860351562,499.7020263671875,224.7489471435547,17
Flickr30K/4510875373.jpg,/content/Image_captioning_Local/Flickr30K/flickr30k_images/flickr30k_images/flickr30k_images/4510875373.jpg,chair,0.830693244934082,0.4490703344345093,291.1876525878906,83.01387786865234,331.07977294921875,17
Flickr30K/4510875373.jpg,/content/Image_captioning_Local/Flickr30K/flickr30k_images/flickr30k_images/flickr30k_images/4510875373.jpg,chair,0.8064215183258057,108.67051696777344,210.346435546875,194.2259063720703,316.1680908203125,17
Flickr30K/4510875373.jpg,/content/Image_captioning_Local/Flickr30K/flickr30k_images/flickr30k_images/flickr30k_images/4510875373.jpg,chair,0.7426098585128784,262.7262268066406,301.48248291015625,379.1462707519531,330.999267578125,17
Flickr30K/4510875373.jpg,/content/Image_captioning_Local/Flickr30K/flickr30k_images/flickr30k_images/flickr30k_images/4510875373.jpg,chair,0.723914623260498,64.89814758300781,181.932861328125,120.70233917236328,204.70669555664062,17
Flickr30K/4510875373.jpg,/content/Image_captioning_Local/Flickr30K/flickr30k_images/flickr30k_images/flickr30k_images/4510875373.jpg,chair,0.7165473103523254,9.998994827270508,213.9202117919922,112.7430191040039,300.4239501953125,17
Flickr30K/4510875373.jpg,/content/Image_captioning_Local/Flickr30K/flickr30k_images/flickr30k_images/flickr30k_images/4510875373.jpg,chair,0.5842326879501343,388.994873046875,186.8560028076172,441.37786865234375,282.602294921875,17
Flickr30K/4510875373.jpg,/content/Image_captioning_Local/Flickr30K/flickr30k_images/flickr30k_images/flickr30k_images/4510875373.jpg,chair,0.5159545540809631,0.05371272563934326,229.09669494628906,66.78849792480469,298.60662841796875,17
Flickr30K/4510875373.jpg,/content/Image_captioning_Local/Flickr30K/flickr30k_images/flickr30k_images/flickr30k_images/4510875373.jpg,chair,0.4911639094352722,0.0,189.08348083496094,38.16448974609375,203.125244140625,17
Flickr30K/4510875373.jpg,/content/Image_captioning_Local/Flickr30K/flickr30k_images/flickr30k_images/flickr30k_images/4510875373.jpg,person,0.4636923372745514,108.20111083984375,309.9825744628906,200.70677185058594,332.75030517578125,17
Flickr30K/4510875373.jpg,/content/Image_captioning_Local/Flickr30K/flickr30k_images/flickr30k_images/flickr30k_images/4510875373.jpg,person,0.453419953584671,383.097900390625,116.29199981689453,410.9110412597656,182.62498474121094,17
Flickr30K/4510875373.jpg,/content/Image_captioning_Local/Flickr30K/flickr30k_images/flickr30k_images/flickr30k_images/4510875373.jpg,chair,0.4488506019115448,146.13290405273438,188.99371337890625,192.01983642578125,205.21633911132812,17
Flickr30K/4510875373.jpg,/content/Image_captioning_Local/Flickr30K/flickr30k_images/flickr30k_images/flickr30k_images/4510875373.jpg,person,0.4076918363571167,393.4928894042969,114.74781036376953,443.8868408203125,195.24526977539062,17
Flickr30K/4510875373.jpg,/content/Image_captioning_Local/Flickr30K/flickr30k_images/flickr30k_images/flickr30k_images/4510875373.jpg,chair,0.40664029121398926,395.95819091796875,158.37274169921875,444.5980529785156,244.30227661132812,17
Flickr30K/4510875373.jpg,/content/Image_captioning_Local/Flickr30K/flickr30k_images/flickr30k_images/flickr30k_images/4510875373.jpg,person,0.38211897015571594,392.2967529296875,214.0889129638672,499.6976013183594,329.8393249511719,17
Flickr30K/4510875373.jpg,/content/Image_captioning_Local/Flickr30K/flickr30k_images/flickr30k_images/flickr30k_images/4510875373.jpg,person,0.3354668617248535,382.73419189453125,115.06834411621094,424.98895263671875,228.63150024414062,17
Flickr30K/45110113.jpg,/content/Image_captioning_Local/Flickr30K/flickr30k_images/flickr30k_images/flickr30k_images/45110113.jpg,person,0.8173637390136719,7.089757919311523,82.11803436279297,279.0179748535156,492.6039123535156,5
Flickr30K/45110113.jpg,/content/Image_captioning_Local/Flickr30K/flickr30k_images/flickr30k_images/flickr30k_images/45110113.jpg,person,0.7500617504119873,140.98167419433594,64.0218505859375,197.46609497070312,205.62289428710938,5
Flickr30K/45110113.jpg,/content/Image_captioning_Local/Flickr30K/flickr30k_images/flickr30k_images/flickr30k_images/45110113.jpg,book,0.6635616421699524,188.0154571533203,289.7637023925781,306.08892822265625,351.60699462890625,5
Flickr30K/45110113.jpg,/content/Image_captioning_Local/Flickr30K/flickr30k_images/flickr30k_images/flickr30k_images/45110113.jpg,chair,0.647819995880127,4.937136173248291,288.8868408203125,278.1644287109375,500.0,5
Flickr30K/45110113.jpg,/content/Image_captioning_Local/Flickr30K/flickr30k_images/flickr30k_images/flickr30k_images/45110113.jpg,chair,0.30156826972961426,0.0,200.1596221923828,26.788307189941406,291.3791809082031,5
Flickr30K/4511060196.jpg,/content/Image_captioning_Local/Flickr30K/flickr30k_images/flickr30k_images/flickr30k_images/4511060196.jpg,bench,0.8108292818069458,156.64193725585938,361.7210998535156,243.7295684814453,420.9730529785156,2
Flickr30K/4511060196.jpg,/content/Image_captioning_Local/Flickr30K/flickr30k_images/flickr30k_images/flickr30k_images/4511060196.jpg,person,0.6427898406982422,192.64593505859375,335.4481201171875,228.0576171875,402.529052734375,2
Flickr30K/4511110810.jpg,/content/Image_captioning_Local/Flickr30K/flickr30k_images/flickr30k_images/flickr30k_images/4511110810.jpg,person,0.6720421314239502,288.62255859375,43.72254180908203,499.997802734375,331.75286865234375,12
Flickr30K/4511110810.jpg,/content/Image_captioning_Local/Flickr30K/flickr30k_images/flickr30k_images/flickr30k_images/4511110810.jpg,bowl,0.5066625475883484,185.6000213623047,269.0311279296875,210.5702667236328,292.6607971191406,12
Flickr30K/4511110810.jpg,/content/Image_captioning_Local/Flickr30K/flickr30k_images/flickr30k_images/flickr30k_images/4511110810.jpg,bowl,0.49477264285087585,136.5042266845703,231.9437255859375,161.71913146972656,258.0786437988281,12
Flickr30K/4511110810.jpg,/content/Image_captioning_Local/Flickr30K/flickr30k_images/flickr30k_images/flickr30k_images/4511110810.jpg,cup,0.4846319258213043,306.9919128417969,198.37596130371094,334.61285400390625,227.93142700195312,12
Flickr30K/4511110810.jpg,/content/Image_captioning_Local/Flickr30K/flickr30k_images/flickr30k_images/flickr30k_images/4511110810.jpg,bowl,0.4346371293067932,0.7994472980499268,122.08161163330078,26.055585861206055,148.10662841796875,12
Flickr30K/4511110810.jpg,/content/Image_captioning_Local/Flickr30K/flickr30k_images/flickr30k_images/flickr30k_images/4511110810.jpg,bowl,0.4217569828033447,148.89962768554688,259.7865295410156,181.2371063232422,292.863525390625,12
Flickr30K/4511110810.jpg,/content/Image_captioning_Local/Flickr30K/flickr30k_images/flickr30k_images/flickr30k_images/4511110810.jpg,bowl,0.3626345694065094,25.584739685058594,112.37306213378906,48.00374984741211,134.86074829101562,12
Flickr30K/4511110810.jpg,/content/Image_captioning_Local/Flickr30K/flickr30k_images/flickr30k_images/flickr30k_images/4511110810.jpg,bowl,0.35768210887908936,193.30816650390625,199.43020629882812,217.70062255859375,223.9381561279297,12
Flickr30K/4511110810.jpg,/content/Image_captioning_Local/Flickr30K/flickr30k_images/flickr30k_images/flickr30k_images/4511110810.jpg,bowl,0.34567320346832275,125.31739807128906,197.33547973632812,163.2677001953125,229.2738494873047,12
Flickr30K/4511110810.jpg,/content/Image_captioning_Local/Flickr30K/flickr30k_images/flickr30k_images/flickr30k_images/4511110810.jpg,person,0.33881890773773193,200.4840850830078,104.6680908203125,268.75592041015625,175.32672119140625,12
Flickr30K/4511110810.jpg,/content/Image_captioning_Local/Flickr30K/flickr30k_images/flickr30k_images/flickr30k_images/4511110810.jpg,bowl,0.33387914299964905,111.76075744628906,310.70050048828125,146.7795867919922,333.0,12
Flickr30K/4511110810.jpg,/content/Image_captioning_Local/Flickr30K/flickr30k_images/flickr30k_images/flickr30k_images/4511110810.jpg,bowl,0.2693750560283661,156.13815307617188,220.3111114501953,181.3699493408203,244.81878662109375,12
Flickr30K/4511339699.jpg,/content/Image_captioning_Local/Flickr30K/flickr30k_images/flickr30k_images/flickr30k_images/4511339699.jpg,person,0.9235791563987732,256.8611755371094,275.61126708984375,354.3610534667969,500.0,21
Flickr30K/4511339699.jpg,/content/Image_captioning_Local/Flickr30K/flickr30k_images/flickr30k_images/flickr30k_images/4511339699.jpg,person,0.8747953176498413,350.9073181152344,249.2409210205078,500.0,498.0350341796875,21
Flickr30K/4511339699.jpg,/content/Image_captioning_Local/Flickr30K/flickr30k_images/flickr30k_images/flickr30k_images/4511339699.jpg,car,0.7708690166473389,322.31396484375,268.0370178222656,393.1618347167969,319.92083740234375,21
Flickr30K/4511339699.jpg,/content/Image_captioning_Local/Flickr30K/flickr30k_images/flickr30k_images/flickr30k_images/4511339699.jpg,person,0.769885241985321,96.34989929199219,266.04730224609375,288.14459228515625,497.67767333984375,21
Flickr30K/4511339699.jpg,/content/Image_captioning_Local/Flickr30K/flickr30k_images/flickr30k_images/flickr30k_images/4511339699.jpg,person,0.7411857843399048,62.98720169067383,291.2221374511719,114.4959716796875,461.71063232421875,21
Flickr30K/4511339699.jpg,/content/Image_captioning_Local/Flickr30K/flickr30k_images/flickr30k_images/flickr30k_images/4511339699.jpg,person,0.6266272664070129,109.60160827636719,307.23291015625,152.74545288085938,440.063720703125,21
Flickr30K/4511339699.jpg,/content/Image_captioning_Local/Flickr30K/flickr30k_images/flickr30k_images/flickr30k_images/4511339699.jpg,person,0.567738950252533,240.21206665039062,301.25927734375,276.8389587402344,388.0664367675781,21
Flickr30K/4511339699.jpg,/content/Image_captioning_Local/Flickr30K/flickr30k_images/flickr30k_images/flickr30k_images/4511339699.jpg,traffic light,0.5677084922790527,487.1216735839844,37.623409271240234,499.8313903808594,88.78742218017578,21
Flickr30K/4511339699.jpg,/content/Image_captioning_Local/Flickr30K/flickr30k_images/flickr30k_images/flickr30k_images/4511339699.jpg,traffic light,0.5368345379829407,169.18540954589844,216.42503356933594,220.16261291503906,250.76589965820312,21
Flickr30K/4511339699.jpg,/content/Image_captioning_Local/Flickr30K/flickr30k_images/flickr30k_images/flickr30k_images/4511339699.jpg,car,0.5054454207420349,320.5578308105469,286.1777648925781,368.6378479003906,363.0658874511719,21
Flickr30K/4511339699.jpg,/content/Image_captioning_Local/Flickr30K/flickr30k_images/flickr30k_images/flickr30k_images/4511339699.jpg,person,0.4721003472805023,440.75018310546875,256.2992858886719,452.2913513183594,293.4818420410156,21
Flickr30K/4511339699.jpg,/content/Image_captioning_Local/Flickr30K/flickr30k_images/flickr30k_images/flickr30k_images/4511339699.jpg,person,0.43519675731658936,93.4729232788086,288.85479736328125,121.81436157226562,332.666015625,21
Flickr30K/4511339699.jpg,/content/Image_captioning_Local/Flickr30K/flickr30k_images/flickr30k_images/flickr30k_images/4511339699.jpg,traffic light,0.4281991720199585,85.50587463378906,258.3927001953125,93.05228424072266,268.10394287109375,21
Flickr30K/4511339699.jpg,/content/Image_captioning_Local/Flickr30K/flickr30k_images/flickr30k_images/flickr30k_images/4511339699.jpg,person,0.42110270261764526,42.196006774902344,279.2449645996094,73.10357666015625,308.3480224609375,21
Flickr30K/4511339699.jpg,/content/Image_captioning_Local/Flickr30K/flickr30k_images/flickr30k_images/flickr30k_images/4511339699.jpg,car,0.3763587772846222,489.34930419921875,275.6268005371094,499.8320007324219,322.6129150390625,21
Flickr30K/4511339699.jpg,/content/Image_captioning_Local/Flickr30K/flickr30k_images/flickr30k_images/flickr30k_images/4511339699.jpg,person,0.3637348413467407,58.11375427246094,277.5494689941406,75.58863067626953,306.6001281738281,21
Flickr30K/4511339699.jpg,/content/Image_captioning_Local/Flickr30K/flickr30k_images/flickr30k_images/flickr30k_images/4511339699.jpg,traffic light,0.32932448387145996,407.8485107421875,170.80612182617188,437.1199951171875,222.7738800048828,21
Flickr30K/4511339699.jpg,/content/Image_captioning_Local/Flickr30K/flickr30k_images/flickr30k_images/flickr30k_images/4511339699.jpg,car,0.3254041075706482,132.63375854492188,275.96258544921875,173.00936889648438,305.5666809082031,21
Flickr30K/4511339699.jpg,/content/Image_captioning_Local/Flickr30K/flickr30k_images/flickr30k_images/flickr30k_images/4511339699.jpg,traffic light,0.28130799531936646,349.1793518066406,178.20953369140625,399.47296142578125,225.6885528564453,21
Flickr30K/4511339699.jpg,/content/Image_captioning_Local/Flickr30K/flickr30k_images/flickr30k_images/flickr30k_images/4511339699.jpg,car,0.2654240131378174,244.81480407714844,267.6224365234375,314.30523681640625,320.66961669921875,21
Flickr30K/4511339699.jpg,/content/Image_captioning_Local/Flickr30K/flickr30k_images/flickr30k_images/flickr30k_images/4511339699.jpg,person,0.26452866196632385,489.5173645019531,272.4612731933594,499.8197021484375,322.4418640136719,21
Flickr30K/4511353486.jpg,/content/Image_captioning_Local/Flickr30K/flickr30k_images/flickr30k_images/flickr30k_images/4511353486.jpg,person,0.7550731301307678,147.06060791015625,226.38485717773438,230.7851104736328,331.61737060546875,3
Flickr30K/4511353486.jpg,/content/Image_captioning_Local/Flickr30K/flickr30k_images/flickr30k_images/flickr30k_images/4511353486.jpg,backpack,0.6554228067398071,194.85118103027344,266.6587829589844,234.21490478515625,330.489501953125,3
Flickr30K/4511353486.jpg,/content/Image_captioning_Local/Flickr30K/flickr30k_images/flickr30k_images/flickr30k_images/4511353486.jpg,backpack,0.32581475377082825,163.91485595703125,242.8255615234375,235.7112579345703,331.2372741699219,3
Flickr30K/4511377649.jpg,/content/Image_captioning_Local/Flickr30K/flickr30k_images/flickr30k_images/flickr30k_images/4511377649.jpg,person,0.8683991432189941,141.43820190429688,130.54518127441406,247.00979614257812,459.7105407714844,6
Flickr30K/4511377649.jpg,/content/Image_captioning_Local/Flickr30K/flickr30k_images/flickr30k_images/flickr30k_images/4511377649.jpg,person,0.8350184559822083,229.33595275878906,158.817626953125,283.32379150390625,434.70550537109375,6
Flickr30K/4511377649.jpg,/content/Image_captioning_Local/Flickr30K/flickr30k_images/flickr30k_images/flickr30k_images/4511377649.jpg,bicycle,0.7878159284591675,93.49747467041016,195.35768127441406,143.0216827392578,267.0183410644531,6
Flickr30K/4511377649.jpg,/content/Image_captioning_Local/Flickr30K/flickr30k_images/flickr30k_images/flickr30k_images/4511377649.jpg,person,0.7470682859420776,122.09515380859375,134.66465759277344,158.76974487304688,248.69766235351562,6
Flickr30K/4511377649.jpg,/content/Image_captioning_Local/Flickr30K/flickr30k_images/flickr30k_images/flickr30k_images/4511377649.jpg,person,0.5323596596717834,292.02886962890625,120.12017822265625,329.74554443359375,175.20648193359375,6
Flickr30K/4511377649.jpg,/content/Image_captioning_Local/Flickr30K/flickr30k_images/flickr30k_images/flickr30k_images/4511377649.jpg,motorcycle,0.3962455093860626,261.9180908203125,148.65586853027344,332.8701171875,253.98910522460938,6
Flickr30K/4511383947.jpg,/content/Image_captioning_Local/Flickr30K/flickr30k_images/flickr30k_images/flickr30k_images/4511383947.jpg,person,0.7181193232536316,260.1710205078125,191.78077697753906,472.75714111328125,500.0,14
Flickr30K/4511383947.jpg,/content/Image_captioning_Local/Flickr30K/flickr30k_images/flickr30k_images/flickr30k_images/4511383947.jpg,person,0.7150323987007141,3.4336745738983154,283.63824462890625,139.7696075439453,498.62738037109375,14
Flickr30K/4511383947.jpg,/content/Image_captioning_Local/Flickr30K/flickr30k_images/flickr30k_images/flickr30k_images/4511383947.jpg,person,0.6950710415840149,410.0361328125,265.6444091796875,499.8616638183594,499.73968505859375,14
Flickr30K/4511383947.jpg,/content/Image_captioning_Local/Flickr30K/flickr30k_images/flickr30k_images/flickr30k_images/4511383947.jpg,person,0.6495099663734436,123.05108642578125,219.20730590820312,330.5982971191406,500.0,14
Flickr30K/4511383947.jpg,/content/Image_captioning_Local/Flickr30K/flickr30k_images/flickr30k_images/flickr30k_images/4511383947.jpg,umbrella,0.6168666481971741,96.26988220214844,136.08563232421875,301.9568786621094,220.58680725097656,14
Flickr30K/4511383947.jpg,/content/Image_captioning_Local/Flickr30K/flickr30k_images/flickr30k_images/flickr30k_images/4511383947.jpg,person,0.503811776638031,466.7510070800781,279.90325927734375,499.9031066894531,337.1423034667969,14
Flickr30K/4511383947.jpg,/content/Image_captioning_Local/Flickr30K/flickr30k_images/flickr30k_images/flickr30k_images/4511383947.jpg,hot dog,0.4210970997810364,361.9504089355469,311.5007019042969,415.6036376953125,341.7330627441406,14
Flickr30K/4511383947.jpg,/content/Image_captioning_Local/Flickr30K/flickr30k_images/flickr30k_images/flickr30k_images/4511383947.jpg,person,0.3561888039112091,43.58183288574219,275.15203857421875,98.0931625366211,336.2031555175781,14
Flickr30K/4511383947.jpg,/content/Image_captioning_Local/Flickr30K/flickr30k_images/flickr30k_images/flickr30k_images/4511383947.jpg,traffic light,0.35466474294662476,376.58001708984375,114.66529083251953,418.7373046875,201.99026489257812,14
Flickr30K/4511383947.jpg,/content/Image_captioning_Local/Flickr30K/flickr30k_images/flickr30k_images/flickr30k_images/4511383947.jpg,traffic light,0.33586210012435913,33.89360427856445,230.91717529296875,50.26829147338867,262.37164306640625,14
Flickr30K/4511383947.jpg,/content/Image_captioning_Local/Flickr30K/flickr30k_images/flickr30k_images/flickr30k_images/4511383947.jpg,car,0.29391005635261536,0.000762939453125,288.8471374511719,56.57097625732422,386.6129150390625,14
Flickr30K/4511383947.jpg,/content/Image_captioning_Local/Flickr30K/flickr30k_images/flickr30k_images/flickr30k_images/4511383947.jpg,sandwich,0.27747058868408203,361.2344665527344,312.46160888671875,415.3247375488281,341.29754638671875,14
Flickr30K/4511383947.jpg,/content/Image_captioning_Local/Flickr30K/flickr30k_images/flickr30k_images/flickr30k_images/4511383947.jpg,donut,0.2773069143295288,360.1539611816406,312.4895935058594,417.4060363769531,341.55987548828125,14
Flickr30K/4511383947.jpg,/content/Image_captioning_Local/Flickr30K/flickr30k_images/flickr30k_images/flickr30k_images/4511383947.jpg,person,0.2670930027961731,108.10913848876953,280.5107116699219,148.4120330810547,350.40277099609375,14
Flickr30K/4511574626.jpg,/content/Image_captioning_Local/Flickr30K/flickr30k_images/flickr30k_images/flickr30k_images/4511574626.jpg,person,0.9481439590454102,298.62646484375,65.00359344482422,463.94061279296875,328.9325256347656,10
Flickr30K/4511574626.jpg,/content/Image_captioning_Local/Flickr30K/flickr30k_images/flickr30k_images/flickr30k_images/4511574626.jpg,person,0.9240601658821106,23.56346893310547,92.09538269042969,152.39596557617188,330.6018371582031,10
Flickr30K/4511574626.jpg,/content/Image_captioning_Local/Flickr30K/flickr30k_images/flickr30k_images/flickr30k_images/4511574626.jpg,person,0.811951220035553,154.52769470214844,54.831485748291016,292.75274658203125,329.5994873046875,10
Flickr30K/4511574626.jpg,/content/Image_captioning_Local/Flickr30K/flickr30k_images/flickr30k_images/flickr30k_images/4511574626.jpg,bottle,0.5573415756225586,157.4057159423828,288.8824768066406,179.45574951171875,332.19842529296875,10
Flickr30K/4511574626.jpg,/content/Image_captioning_Local/Flickr30K/flickr30k_images/flickr30k_images/flickr30k_images/4511574626.jpg,bottle,0.5487987399101257,137.23292541503906,288.7840576171875,158.45663452148438,332.6225891113281,10
Flickr30K/4511574626.jpg,/content/Image_captioning_Local/Flickr30K/flickr30k_images/flickr30k_images/flickr30k_images/4511574626.jpg,cup,0.4311906397342682,20.426433563232422,118.97401428222656,40.468017578125,139.589111328125,10
Flickr30K/4511574626.jpg,/content/Image_captioning_Local/Flickr30K/flickr30k_images/flickr30k_images/flickr30k_images/4511574626.jpg,bottle,0.4308772385120392,266.6725769042969,272.8141784667969,293.0025939941406,330.4045104980469,10
Flickr30K/4511574626.jpg,/content/Image_captioning_Local/Flickr30K/flickr30k_images/flickr30k_images/flickr30k_images/4511574626.jpg,remote,0.3255879580974579,399.5729064941406,113.28477478027344,415.0795593261719,150.16513061523438,10
Flickr30K/4511574626.jpg,/content/Image_captioning_Local/Flickr30K/flickr30k_images/flickr30k_images/flickr30k_images/4511574626.jpg,cup,0.31807151436805725,39.15096664428711,124.3683090209961,63.4781494140625,172.75941467285156,10
Flickr30K/4511574626.jpg,/content/Image_captioning_Local/Flickr30K/flickr30k_images/flickr30k_images/flickr30k_images/4511574626.jpg,cup,0.27871212363243103,14.966294288635254,131.34571838378906,38.64980697631836,161.75167846679688,10
Flickr30K/4511584046.jpg,/content/Image_captioning_Local/Flickr30K/flickr30k_images/flickr30k_images/flickr30k_images/4511584046.jpg,person,0.8990659117698669,0.07623434066772461,9.23786735534668,215.72637939453125,326.262939453125,8
Flickr30K/4511584046.jpg,/content/Image_captioning_Local/Flickr30K/flickr30k_images/flickr30k_images/flickr30k_images/4511584046.jpg,person,0.8935195803642273,408.6723937988281,124.1170883178711,499.88494873046875,264.18719482421875,8
Flickr30K/4511584046.jpg,/content/Image_captioning_Local/Flickr30K/flickr30k_images/flickr30k_images/flickr30k_images/4511584046.jpg,person,0.8307994604110718,439.0491943359375,249.13027954101562,499.84039306640625,332.1988525390625,8
Flickr30K/4511584046.jpg,/content/Image_captioning_Local/Flickr30K/flickr30k_images/flickr30k_images/flickr30k_images/4511584046.jpg,person,0.8130275011062622,183.1159210205078,219.03359985351562,258.1398010253906,330.6524353027344,8
Flickr30K/4511584046.jpg,/content/Image_captioning_Local/Flickr30K/flickr30k_images/flickr30k_images/flickr30k_images/4511584046.jpg,bottle,0.7760806679725647,257.3773498535156,297.1705322265625,277.2149658203125,328.3011779785156,8
Flickr30K/4511584046.jpg,/content/Image_captioning_Local/Flickr30K/flickr30k_images/flickr30k_images/flickr30k_images/4511584046.jpg,person,0.3286120891571045,482.45025634765625,297.2652893066406,499.6715087890625,330.8828430175781,8
Flickr30K/4511584046.jpg,/content/Image_captioning_Local/Flickr30K/flickr30k_images/flickr30k_images/flickr30k_images/4511584046.jpg,sink,0.2839900851249695,252.97555541992188,285.7237548828125,352.84051513671875,327.7514953613281,8
Flickr30K/4511584046.jpg,/content/Image_captioning_Local/Flickr30K/flickr30k_images/flickr30k_images/flickr30k_images/4511584046.jpg,chair,0.2519419491291046,254.42369079589844,285.3472595214844,350.3814392089844,324.8572692871094,8
Flickr30K/4511585083.jpg,/content/Image_captioning_Local/Flickr30K/flickr30k_images/flickr30k_images/flickr30k_images/4511585083.jpg,person,0.595760703086853,201.23023986816406,0.6480276584625244,417.8733825683594,128.21058654785156,2
Flickr30K/4511585083.jpg,/content/Image_captioning_Local/Flickr30K/flickr30k_images/flickr30k_images/flickr30k_images/4511585083.jpg,dog,0.4763420820236206,68.87529754638672,99.30767822265625,418.89056396484375,356.7710266113281,2
Flickr30K/4511684396.jpg,/content/Image_captioning_Local/Flickr30K/flickr30k_images/flickr30k_images/flickr30k_images/4511684396.jpg,person,0.8778256177902222,203.280517578125,42.543704986572266,498.6590270996094,352.9262390136719,4
Flickr30K/4511684396.jpg,/content/Image_captioning_Local/Flickr30K/flickr30k_images/flickr30k_images/flickr30k_images/4511684396.jpg,bottle,0.5492627024650574,35.58781051635742,289.3978271484375,63.59542465209961,359.6119079589844,4
Flickr30K/4511684396.jpg,/content/Image_captioning_Local/Flickr30K/flickr30k_images/flickr30k_images/flickr30k_images/4511684396.jpg,person,0.4200078547000885,0.0,151.38595581054688,16.727893829345703,184.76756286621094,4
Flickr30K/4511684396.jpg,/content/Image_captioning_Local/Flickr30K/flickr30k_images/flickr30k_images/flickr30k_images/4511684396.jpg,person,0.331153005361557,33.419166564941406,99.65109252929688,129.027099609375,282.74298095703125,4
Flickr30K/4511704373.jpg,/content/Image_captioning_Local/Flickr30K/flickr30k_images/flickr30k_images/flickr30k_images/4511704373.jpg,sports ball,0.8546658754348755,433.68121337890625,270.7218017578125,451.39208984375,287.81024169921875,11
Flickr30K/4511704373.jpg,/content/Image_captioning_Local/Flickr30K/flickr30k_images/flickr30k_images/flickr30k_images/4511704373.jpg,person,0.8410151600837708,105.66136932373047,37.4345703125,140.23191833496094,133.93284606933594,11
Flickr30K/4511704373.jpg,/content/Image_captioning_Local/Flickr30K/flickr30k_images/flickr30k_images/flickr30k_images/4511704373.jpg,person,0.8175816535949707,122.68392944335938,10.985583305358887,272.6934509277344,253.0845184326172,11
Flickr30K/4511704373.jpg,/content/Image_captioning_Local/Flickr30K/flickr30k_images/flickr30k_images/flickr30k_images/4511704373.jpg,person,0.788910448551178,421.6533203125,62.17179870605469,467.77490234375,138.2305450439453,11
Flickr30K/4511704373.jpg,/content/Image_captioning_Local/Flickr30K/flickr30k_images/flickr30k_images/flickr30k_images/4511704373.jpg,person,0.7325456738471985,367.24847412109375,75.87821197509766,398.9493713378906,133.46762084960938,11
Flickr30K/4511704373.jpg,/content/Image_captioning_Local/Flickr30K/flickr30k_images/flickr30k_images/flickr30k_images/4511704373.jpg,person,0.5326765179634094,228.9664306640625,9.345096588134766,322.85595703125,241.3052978515625,11
Flickr30K/4511704373.jpg,/content/Image_captioning_Local/Flickr30K/flickr30k_images/flickr30k_images/flickr30k_images/4511704373.jpg,umbrella,0.5315278768539429,63.88539505004883,61.43439483642578,98.2347640991211,90.39471435546875,11
Flickr30K/4511704373.jpg,/content/Image_captioning_Local/Flickr30K/flickr30k_images/flickr30k_images/flickr30k_images/4511704373.jpg,person,0.5071961283683777,336.28448486328125,83.07462310791016,365.8027038574219,135.8244171142578,11
Flickr30K/4511704373.jpg,/content/Image_captioning_Local/Flickr30K/flickr30k_images/flickr30k_images/flickr30k_images/4511704373.jpg,person,0.4098108410835266,61.276798248291016,59.789485931396484,100.64156341552734,130.6688995361328,11
Flickr30K/4511704373.jpg,/content/Image_captioning_Local/Flickr30K/flickr30k_images/flickr30k_images/flickr30k_images/4511704373.jpg,person,0.34415674209594727,10.52817153930664,82.52238464355469,35.32191848754883,117.02041625976562,11
Flickr30K/4511704373.jpg,/content/Image_captioning_Local/Flickr30K/flickr30k_images/flickr30k_images/flickr30k_images/4511704373.jpg,person,0.3012669086456299,87.39600372314453,76.32488250732422,115.82100677490234,132.6219482421875,11
Flickr30K/4511764901.jpg,/content/Image_captioning_Local/Flickr30K/flickr30k_images/flickr30k_images/flickr30k_images/4511764901.jpg,person,0.7370920181274414,326.86468505859375,100.84550476074219,380.508056640625,224.2249298095703,3
Flickr30K/4511764901.jpg,/content/Image_captioning_Local/Flickr30K/flickr30k_images/flickr30k_images/flickr30k_images/4511764901.jpg,person,0.2600555121898651,27.647321701049805,67.50138092041016,36.69977951049805,87.9579849243164,3
Flickr30K/4511764901.jpg,/content/Image_captioning_Local/Flickr30K/flickr30k_images/flickr30k_images/flickr30k_images/4511764901.jpg,parking meter,0.25910651683807373,0.1262366771697998,227.46388244628906,133.16616821289062,328.31988525390625,3
Flickr30K/4511879942.jpg,/content/Image_captioning_Local/Flickr30K/flickr30k_images/flickr30k_images/flickr30k_images/4511879942.jpg,person,0.8795984983444214,185.00604248046875,68.013427734375,311.4940185546875,285.6573486328125,10
Flickr30K/4511879942.jpg,/content/Image_captioning_Local/Flickr30K/flickr30k_images/flickr30k_images/flickr30k_images/4511879942.jpg,person,0.8539629578590393,385.8607482910156,68.56096649169922,462.5761413574219,281.8702087402344,10
Flickr30K/4511879942.jpg,/content/Image_captioning_Local/Flickr30K/flickr30k_images/flickr30k_images/flickr30k_images/4511879942.jpg,person,0.7758513689041138,11.32828426361084,63.2695198059082,58.414756774902344,109.07442474365234,10
Flickr30K/4511879942.jpg,/content/Image_captioning_Local/Flickr30K/flickr30k_images/flickr30k_images/flickr30k_images/4511879942.jpg,handbag,0.660287618637085,281.1238708496094,139.85867309570312,324.2439880371094,201.02716064453125,10
Flickr30K/4511879942.jpg,/content/Image_captioning_Local/Flickr30K/flickr30k_images/flickr30k_images/flickr30k_images/4511879942.jpg,handbag,0.624614417552948,376.69219970703125,189.80615234375,401.9789733886719,242.31350708007812,10
Flickr30K/4511879942.jpg,/content/Image_captioning_Local/Flickr30K/flickr30k_images/flickr30k_images/flickr30k_images/4511879942.jpg,person,0.5911844968795776,458.30889892578125,58.476924896240234,499.6520080566406,218.73507690429688,10
Flickr30K/4511879942.jpg,/content/Image_captioning_Local/Flickr30K/flickr30k_images/flickr30k_images/flickr30k_images/4511879942.jpg,person,0.5139836668968201,445.4187316894531,79.4666748046875,476.87579345703125,220.1893768310547,10
Flickr30K/4511879942.jpg,/content/Image_captioning_Local/Flickr30K/flickr30k_images/flickr30k_images/flickr30k_images/4511879942.jpg,person,0.3423420488834381,471.19708251953125,134.37875366210938,500.0,220.01051330566406,10
Flickr30K/4511879942.jpg,/content/Image_captioning_Local/Flickr30K/flickr30k_images/flickr30k_images/flickr30k_images/4511879942.jpg,person,0.32984593510627747,0.055912137031555176,56.238365173339844,12.592643737792969,107.61809539794922,10
Flickr30K/4511879942.jpg,/content/Image_captioning_Local/Flickr30K/flickr30k_images/flickr30k_images/flickr30k_images/4511879942.jpg,person,0.3163392245769501,14.996264457702637,175.4917449951172,59.134666442871094,224.17843627929688,10
Flickr30K/45119507.jpg,/content/Image_captioning_Local/Flickr30K/flickr30k_images/flickr30k_images/flickr30k_images/45119507.jpg,person,0.9243946075439453,359.8421325683594,132.5336456298828,451.9913330078125,252.74781799316406,5
Flickr30K/45119507.jpg,/content/Image_captioning_Local/Flickr30K/flickr30k_images/flickr30k_images/flickr30k_images/45119507.jpg,book,0.440926194190979,114.12315368652344,145.8586883544922,171.92196655273438,182.93765258789062,5
Flickr30K/45119507.jpg,/content/Image_captioning_Local/Flickr30K/flickr30k_images/flickr30k_images/flickr30k_images/45119507.jpg,bed,0.43088990449905396,0.49626827239990234,123.19490814208984,148.33114624023438,368.2215576171875,5
Flickr30K/45119507.jpg,/content/Image_captioning_Local/Flickr30K/flickr30k_images/flickr30k_images/flickr30k_images/45119507.jpg,book,0.3955910801887512,123.0420913696289,142.4041290283203,184.03802490234375,169.3503875732422,5
Flickr30K/45119507.jpg,/content/Image_captioning_Local/Flickr30K/flickr30k_images/flickr30k_images/flickr30k_images/45119507.jpg,book,0.37506791949272156,132.99977111816406,97.56442260742188,178.406494140625,116.13136291503906,5
Flickr30K/4511956396.jpg,/content/Image_captioning_Local/Flickr30K/flickr30k_images/flickr30k_images/flickr30k_images/4511956396.jpg,person,0.8173808455467224,256.0931701660156,36.09747314453125,404.6265563964844,327.3992004394531,9
Flickr30K/4511956396.jpg,/content/Image_captioning_Local/Flickr30K/flickr30k_images/flickr30k_images/flickr30k_images/4511956396.jpg,person,0.8102098703384399,185.19805908203125,61.534339904785156,232.78736877441406,169.53289794921875,9
Flickr30K/4511956396.jpg,/content/Image_captioning_Local/Flickr30K/flickr30k_images/flickr30k_images/flickr30k_images/4511956396.jpg,person,0.802482008934021,60.952003479003906,73.12625122070312,129.43368530273438,169.2109832763672,9
Flickr30K/4511956396.jpg,/content/Image_captioning_Local/Flickr30K/flickr30k_images/flickr30k_images/flickr30k_images/4511956396.jpg,person,0.6495012044906616,128.72384643554688,100.63016510009766,220.32801818847656,177.44895935058594,9
Flickr30K/4511956396.jpg,/content/Image_captioning_Local/Flickr30K/flickr30k_images/flickr30k_images/flickr30k_images/4511956396.jpg,person,0.5923068523406982,13.209051132202148,94.73303985595703,64.7313232421875,174.20411682128906,9
Flickr30K/4511956396.jpg,/content/Image_captioning_Local/Flickr30K/flickr30k_images/flickr30k_images/flickr30k_images/4511956396.jpg,handbag,0.572201132774353,256.1387634277344,225.06687927246094,342.9828796386719,332.02166748046875,9
Flickr30K/4511956396.jpg,/content/Image_captioning_Local/Flickr30K/flickr30k_images/flickr30k_images/flickr30k_images/4511956396.jpg,person,0.5105563998222351,113.36949157714844,62.21648025512695,141.4792022705078,112.67123413085938,9
Flickr30K/4511956396.jpg,/content/Image_captioning_Local/Flickr30K/flickr30k_images/flickr30k_images/flickr30k_images/4511956396.jpg,person,0.4098322093486786,1.6942486763000488,90.90634155273438,28.540414810180664,140.0939483642578,9
Flickr30K/4511956396.jpg,/content/Image_captioning_Local/Flickr30K/flickr30k_images/flickr30k_images/flickr30k_images/4511956396.jpg,person,0.4004271328449249,96.80039978027344,71.49150848388672,133.54360961914062,138.81878662109375,9
Flickr30K/4512128247.jpg,/content/Image_captioning_Local/Flickr30K/flickr30k_images/flickr30k_images/flickr30k_images/4512128247.jpg,book,0.5631430149078369,271.5030517578125,188.94967651367188,338.9168701171875,218.10125732421875,5
Flickr30K/4512128247.jpg,/content/Image_captioning_Local/Flickr30K/flickr30k_images/flickr30k_images/flickr30k_images/4512128247.jpg,person,0.5205307006835938,43.368839263916016,25.985740661621094,391.3031311035156,385.40228271484375,5
Flickr30K/4512128247.jpg,/content/Image_captioning_Local/Flickr30K/flickr30k_images/flickr30k_images/flickr30k_images/4512128247.jpg,bench,0.3820987641811371,35.64841842651367,35.515010833740234,485.2319641113281,400.6583251953125,5
Flickr30K/4512128247.jpg,/content/Image_captioning_Local/Flickr30K/flickr30k_images/flickr30k_images/flickr30k_images/4512128247.jpg,bench,0.3560117185115814,231.86264038085938,169.51815795898438,497.9449157714844,418.56573486328125,5
Flickr30K/4512128247.jpg,/content/Image_captioning_Local/Flickr30K/flickr30k_images/flickr30k_images/flickr30k_images/4512128247.jpg,cell phone,0.2981005012989044,183.72012329101562,173.62493896484375,199.49098205566406,202.99343872070312,5
Flickr30K/4512148745.jpg,/content/Image_captioning_Local/Flickr30K/flickr30k_images/flickr30k_images/flickr30k_images/4512148745.jpg,person,0.9089125990867615,244.6033477783203,64.13079071044922,301.11016845703125,207.30174255371094,3
Flickr30K/4512148745.jpg,/content/Image_captioning_Local/Flickr30K/flickr30k_images/flickr30k_images/flickr30k_images/4512148745.jpg,person,0.7539281249046326,291.98907470703125,59.214420318603516,317.2298278808594,168.7408905029297,3
Flickr30K/4512148745.jpg,/content/Image_captioning_Local/Flickr30K/flickr30k_images/flickr30k_images/flickr30k_images/4512148745.jpg,person,0.6623928546905518,98.9556884765625,44.90799331665039,214.6760711669922,223.5138397216797,3
Flickr30K/4512171349.jpg,/content/Image_captioning_Local/Flickr30K/flickr30k_images/flickr30k_images/flickr30k_images/4512171349.jpg,person,0.7224551439285278,70.02360534667969,177.38522338867188,280.4242858886719,497.4482421875,3
Flickr30K/4512171349.jpg,/content/Image_captioning_Local/Flickr30K/flickr30k_images/flickr30k_images/flickr30k_images/4512171349.jpg,person,0.5484122633934021,43.2883186340332,33.43653869628906,211.6769256591797,500.0,3
Flickr30K/4512171349.jpg,/content/Image_captioning_Local/Flickr30K/flickr30k_images/flickr30k_images/flickr30k_images/4512171349.jpg,person,0.5445404052734375,149.010498046875,1.5389680862426758,294.2930908203125,231.2725372314453,3
Flickr30K/4512324065.jpg,/content/Image_captioning_Local/Flickr30K/flickr30k_images/flickr30k_images/flickr30k_images/4512324065.jpg,person,0.7154197692871094,213.9967041015625,3.6414742469787598,497.49517822265625,349.2027893066406,2
Flickr30K/4512324065.jpg,/content/Image_captioning_Local/Flickr30K/flickr30k_images/flickr30k_images/flickr30k_images/4512324065.jpg,cup,0.5872175693511963,294.0915832519531,232.72450256347656,370.3155822753906,323.9874572753906,2
Flickr30K/4512346966.jpg,/content/Image_captioning_Local/Flickr30K/flickr30k_images/flickr30k_images/flickr30k_images/4512346966.jpg,person,0.8822739720344543,251.1851348876953,81.39049530029297,437.13507080078125,313.57080078125,5
Flickr30K/4512346966.jpg,/content/Image_captioning_Local/Flickr30K/flickr30k_images/flickr30k_images/flickr30k_images/4512346966.jpg,person,0.8464384078979492,0.0,65.15758514404297,162.7129669189453,327.7010803222656,5
Flickr30K/4512346966.jpg,/content/Image_captioning_Local/Flickr30K/flickr30k_images/flickr30k_images/flickr30k_images/4512346966.jpg,baseball glove,0.5768434405326843,162.68955993652344,256.57977294921875,280.41162109375,319.6935729980469,5
Flickr30K/4512346966.jpg,/content/Image_captioning_Local/Flickr30K/flickr30k_images/flickr30k_images/flickr30k_images/4512346966.jpg,baseball glove,0.49024999141693115,102.25498962402344,263.04144287109375,160.99917602539062,319.456298828125,5
Flickr30K/4512346966.jpg,/content/Image_captioning_Local/Flickr30K/flickr30k_images/flickr30k_images/flickr30k_images/4512346966.jpg,baseball bat,0.48023173213005066,146.96194458007812,194.5563507080078,176.69664001464844,291.8396301269531,5
Flickr30K/4512401386.jpg,/content/Image_captioning_Local/Flickr30K/flickr30k_images/flickr30k_images/flickr30k_images/4512401386.jpg,person,0.9116780757904053,449.09490966796875,48.98348617553711,496.2790832519531,191.3238983154297,14
Flickr30K/4512401386.jpg,/content/Image_captioning_Local/Flickr30K/flickr30k_images/flickr30k_images/flickr30k_images/4512401386.jpg,person,0.8837901949882507,222.8472442626953,48.5085563659668,287.77056884765625,245.46194458007812,14
Flickr30K/4512401386.jpg,/content/Image_captioning_Local/Flickr30K/flickr30k_images/flickr30k_images/flickr30k_images/4512401386.jpg,person,0.8548668622970581,281.96331787109375,40.897125244140625,332.7027893066406,253.7198486328125,14
Flickr30K/4512401386.jpg,/content/Image_captioning_Local/Flickr30K/flickr30k_images/flickr30k_images/flickr30k_images/4512401386.jpg,person,0.780245304107666,343.52099609375,38.26798629760742,441.8680725097656,290.1400146484375,14
Flickr30K/4512401386.jpg,/content/Image_captioning_Local/Flickr30K/flickr30k_images/flickr30k_images/flickr30k_images/4512401386.jpg,person,0.6788103580474854,173.80010986328125,31.22618865966797,227.1999053955078,243.27499389648438,14
Flickr30K/4512401386.jpg,/content/Image_captioning_Local/Flickr30K/flickr30k_images/flickr30k_images/flickr30k_images/4512401386.jpg,person,0.6705822348594666,318.95111083984375,40.43876647949219,371.6167297363281,265.6790771484375,14
Flickr30K/4512401386.jpg,/content/Image_captioning_Local/Flickr30K/flickr30k_images/flickr30k_images/flickr30k_images/4512401386.jpg,person,0.6459601521492004,410.0495910644531,46.40706253051758,448.7803039550781,159.9567108154297,14
Flickr30K/4512401386.jpg,/content/Image_captioning_Local/Flickr30K/flickr30k_images/flickr30k_images/flickr30k_images/4512401386.jpg,person,0.6205739974975586,105.20636749267578,14.867776870727539,191.7011260986328,306.78973388671875,14
Flickr30K/4512401386.jpg,/content/Image_captioning_Local/Flickr30K/flickr30k_images/flickr30k_images/flickr30k_images/4512401386.jpg,handbag,0.5750962495803833,109.31072235107422,70.80646514892578,183.13145446777344,191.06707763671875,14
Flickr30K/4512401386.jpg,/content/Image_captioning_Local/Flickr30K/flickr30k_images/flickr30k_images/flickr30k_images/4512401386.jpg,person,0.49159103631973267,485.34259033203125,52.469451904296875,500.0,131.5355224609375,14
Flickr30K/4512401386.jpg,/content/Image_captioning_Local/Flickr30K/flickr30k_images/flickr30k_images/flickr30k_images/4512401386.jpg,handbag,0.3905342221260071,214.08432006835938,114.36814880371094,236.08348083496094,157.00534057617188,14
Flickr30K/4512401386.jpg,/content/Image_captioning_Local/Flickr30K/flickr30k_images/flickr30k_images/flickr30k_images/4512401386.jpg,person,0.3697616159915924,217.79051208496094,65.4990005493164,235.65602111816406,111.49156188964844,14
Flickr30K/4512401386.jpg,/content/Image_captioning_Local/Flickr30K/flickr30k_images/flickr30k_images/flickr30k_images/4512401386.jpg,handbag,0.28284233808517456,106.27793884277344,9.457749366760254,190.06661987304688,305.8274230957031,14
Flickr30K/4512401386.jpg,/content/Image_captioning_Local/Flickr30K/flickr30k_images/flickr30k_images/flickr30k_images/4512401386.jpg,backpack,0.2788255512714386,206.60574340820312,242.25778198242188,289.2007141113281,287.0000915527344,14
Flickr30K/4512401912.jpg,/content/Image_captioning_Local/Flickr30K/flickr30k_images/flickr30k_images/flickr30k_images/4512401912.jpg,person,0.7633748054504395,138.5874786376953,67.96565246582031,276.75054931640625,491.27716064453125,7
Flickr30K/4512401912.jpg,/content/Image_captioning_Local/Flickr30K/flickr30k_images/flickr30k_images/flickr30k_images/4512401912.jpg,person,0.6948961019515991,97.5263671875,76.17672729492188,176.1699676513672,453.4209289550781,7
Flickr30K/4512401912.jpg,/content/Image_captioning_Local/Flickr30K/flickr30k_images/flickr30k_images/flickr30k_images/4512401912.jpg,person,0.6926487684249878,277.8805847167969,56.79762268066406,333.0,495.50054931640625,7
Flickr30K/4512401912.jpg,/content/Image_captioning_Local/Flickr30K/flickr30k_images/flickr30k_images/flickr30k_images/4512401912.jpg,person,0.601089596748352,12.224465370178223,67.72271728515625,127.56324005126953,464.9563293457031,7
Flickr30K/4512401912.jpg,/content/Image_captioning_Local/Flickr30K/flickr30k_images/flickr30k_images/flickr30k_images/4512401912.jpg,person,0.4473131000995636,0.0,107.08353424072266,39.93466567993164,453.9847412109375,7
Flickr30K/4512401912.jpg,/content/Image_captioning_Local/Flickr30K/flickr30k_images/flickr30k_images/flickr30k_images/4512401912.jpg,person,0.33171090483665466,272.00164794921875,119.67989349365234,295.9898376464844,197.54640197753906,7
Flickr30K/4512401912.jpg,/content/Image_captioning_Local/Flickr30K/flickr30k_images/flickr30k_images/flickr30k_images/4512401912.jpg,backpack,0.30611759424209595,184.63890075683594,74.66967010498047,278.28179931640625,179.96153259277344,7
Flickr30K/4512406110.jpg,/content/Image_captioning_Local/Flickr30K/flickr30k_images/flickr30k_images/flickr30k_images/4512406110.jpg,person,0.917397141456604,138.4464569091797,104.10101318359375,202.6671142578125,297.34912109375,13
Flickr30K/4512406110.jpg,/content/Image_captioning_Local/Flickr30K/flickr30k_images/flickr30k_images/flickr30k_images/4512406110.jpg,person,0.9122928977012634,310.6969299316406,88.01134490966797,392.2875061035156,317.2482604980469,13
Flickr30K/4512406110.jpg,/content/Image_captioning_Local/Flickr30K/flickr30k_images/flickr30k_images/flickr30k_images/4512406110.jpg,person,0.9063387513160706,244.8780517578125,90.31779479980469,319.1073913574219,313.7705383300781,13
Flickr30K/4512406110.jpg,/content/Image_captioning_Local/Flickr30K/flickr30k_images/flickr30k_images/flickr30k_images/4512406110.jpg,person,0.90463787317276,381.2781066894531,52.42717742919922,489.5604553222656,326.2692565917969,13
Flickr30K/4512406110.jpg,/content/Image_captioning_Local/Flickr30K/flickr30k_images/flickr30k_images/flickr30k_images/4512406110.jpg,person,0.8987299203872681,53.31175231933594,73.61296081542969,127.74659729003906,324.6502990722656,13
Flickr30K/4512406110.jpg,/content/Image_captioning_Local/Flickr30K/flickr30k_images/flickr30k_images/flickr30k_images/4512406110.jpg,person,0.8830466270446777,187.32025146484375,90.87065887451172,256.97119140625,299.3050231933594,13
Flickr30K/4512406110.jpg,/content/Image_captioning_Local/Flickr30K/flickr30k_images/flickr30k_images/flickr30k_images/4512406110.jpg,person,0.8670669794082642,7.905718803405762,75.66693115234375,71.37980651855469,319.093994140625,13
Flickr30K/4512406110.jpg,/content/Image_captioning_Local/Flickr30K/flickr30k_images/flickr30k_images/flickr30k_images/4512406110.jpg,person,0.7330243587493896,350.4975891113281,79.19829559326172,381.7601623535156,136.29286193847656,13
Flickr30K/4512406110.jpg,/content/Image_captioning_Local/Flickr30K/flickr30k_images/flickr30k_images/flickr30k_images/4512406110.jpg,person,0.7200954556465149,448.81744384765625,76.74542999267578,498.38983154296875,254.36334228515625,13
Flickr30K/4512406110.jpg,/content/Image_captioning_Local/Flickr30K/flickr30k_images/flickr30k_images/flickr30k_images/4512406110.jpg,handbag,0.6075752973556519,364.14312744140625,153.319580078125,396.2926025390625,217.42965698242188,13
Flickr30K/4512406110.jpg,/content/Image_captioning_Local/Flickr30K/flickr30k_images/flickr30k_images/flickr30k_images/4512406110.jpg,handbag,0.5847653150558472,179.07827758789062,168.17286682128906,208.9589080810547,203.71029663085938,13
Flickr30K/4512406110.jpg,/content/Image_captioning_Local/Flickr30K/flickr30k_images/flickr30k_images/flickr30k_images/4512406110.jpg,person,0.42322444915771484,0.0,71.93492889404297,19.86802864074707,264.8002624511719,13
Flickr30K/4512406110.jpg,/content/Image_captioning_Local/Flickr30K/flickr30k_images/flickr30k_images/flickr30k_images/4512406110.jpg,handbag,0.2842599153518677,127.79711151123047,207.418701171875,149.48707580566406,269.6844482421875,13
Flickr30K/4512530785.jpg,/content/Image_captioning_Local/Flickr30K/flickr30k_images/flickr30k_images/flickr30k_images/4512530785.jpg,person,0.8275182247161865,301.25311279296875,34.59929275512695,421.6065979003906,387.6222229003906,5
Flickr30K/4512530785.jpg,/content/Image_captioning_Local/Flickr30K/flickr30k_images/flickr30k_images/flickr30k_images/4512530785.jpg,teddy bear,0.6092036962509155,80.45423889160156,208.75277709960938,143.34210205078125,288.54376220703125,5
Flickr30K/4512530785.jpg,/content/Image_captioning_Local/Flickr30K/flickr30k_images/flickr30k_images/flickr30k_images/4512530785.jpg,person,0.590613842010498,0.6063193082809448,41.44072723388672,89.72945404052734,395.4769592285156,5
Flickr30K/4512530785.jpg,/content/Image_captioning_Local/Flickr30K/flickr30k_images/flickr30k_images/flickr30k_images/4512530785.jpg,person,0.5031470060348511,415.18310546875,73.82745361328125,494.7713317871094,332.7341613769531,5
Flickr30K/4512530785.jpg,/content/Image_captioning_Local/Flickr30K/flickr30k_images/flickr30k_images/flickr30k_images/4512530785.jpg,person,0.5010075569152832,75.84202575683594,2.846693992614746,299.565185546875,389.72064208984375,5
Flickr30K/4512605906.jpg,/content/Image_captioning_Local/Flickr30K/flickr30k_images/flickr30k_images/flickr30k_images/4512605906.jpg,person,0.9251517653465271,146.59983825683594,158.11285400390625,203.04904174804688,298.3316345214844,2
Flickr30K/4512605906.jpg,/content/Image_captioning_Local/Flickr30K/flickr30k_images/flickr30k_images/flickr30k_images/4512605906.jpg,person,0.9193837642669678,217.5852508544922,160.5549774169922,287.6529541015625,304.4676208496094,2
Flickr30K/4512694448.jpg,/content/Image_captioning_Local/Flickr30K/flickr30k_images/flickr30k_images/flickr30k_images/4512694448.jpg,person,0.8333542346954346,30.42524528503418,256.74908447265625,89.49776458740234,323.3811950683594,8
Flickr30K/4512694448.jpg,/content/Image_captioning_Local/Flickr30K/flickr30k_images/flickr30k_images/flickr30k_images/4512694448.jpg,umbrella,0.7186446785926819,0.0,114.61264038085938,161.42645263671875,172.66055297851562,8
Flickr30K/4512694448.jpg,/content/Image_captioning_Local/Flickr30K/flickr30k_images/flickr30k_images/flickr30k_images/4512694448.jpg,umbrella,0.5872275233268738,145.0327606201172,109.65027618408203,327.2543029785156,164.69015502929688,8
Flickr30K/4512694448.jpg,/content/Image_captioning_Local/Flickr30K/flickr30k_images/flickr30k_images/flickr30k_images/4512694448.jpg,person,0.5527844429016113,242.92840576171875,266.4170837402344,328.2090759277344,415.904052734375,8
Flickr30K/4512694448.jpg,/content/Image_captioning_Local/Flickr30K/flickr30k_images/flickr30k_images/flickr30k_images/4512694448.jpg,person,0.4388151168823242,175.20799255371094,201.99961853027344,218.25161743164062,264.2420654296875,8
Flickr30K/4512694448.jpg,/content/Image_captioning_Local/Flickr30K/flickr30k_images/flickr30k_images/flickr30k_images/4512694448.jpg,umbrella,0.3621630370616913,298.970703125,104.65420532226562,332.2046813964844,155.8882293701172,8
Flickr30K/4512694448.jpg,/content/Image_captioning_Local/Flickr30K/flickr30k_images/flickr30k_images/flickr30k_images/4512694448.jpg,person,0.29356953501701355,159.0989990234375,243.06996154785156,186.96737670898438,290.5972595214844,8
Flickr30K/4512694448.jpg,/content/Image_captioning_Local/Flickr30K/flickr30k_images/flickr30k_images/flickr30k_images/4512694448.jpg,umbrella,0.2549069821834564,249.87843322753906,265.35443115234375,292.04620361328125,294.0895080566406,8
Flickr30K/4513112701.jpg,/content/Image_captioning_Local/Flickr30K/flickr30k_images/flickr30k_images/flickr30k_images/4513112701.jpg,person,0.5505553483963013,171.6428985595703,61.26850128173828,289.0150451660156,306.06072998046875,6
Flickr30K/4513112701.jpg,/content/Image_captioning_Local/Flickr30K/flickr30k_images/flickr30k_images/flickr30k_images/4513112701.jpg,traffic light,0.4481586515903473,425.3568115234375,50.028438568115234,468.5448303222656,102.88267517089844,6
Flickr30K/4513112701.jpg,/content/Image_captioning_Local/Flickr30K/flickr30k_images/flickr30k_images/flickr30k_images/4513112701.jpg,traffic light,0.43175646662712097,383.1931457519531,99.77970886230469,409.28302001953125,128.12330627441406,6
Flickr30K/4513112701.jpg,/content/Image_captioning_Local/Flickr30K/flickr30k_images/flickr30k_images/flickr30k_images/4513112701.jpg,person,0.34585726261138916,50.8801383972168,48.1825065612793,93.49696350097656,97.04940032958984,6
Flickr30K/4513112701.jpg,/content/Image_captioning_Local/Flickr30K/flickr30k_images/flickr30k_images/flickr30k_images/4513112701.jpg,car,0.30855292081832886,20.904619216918945,140.78639221191406,128.20574951171875,221.01266479492188,6
Flickr30K/4513112701.jpg,/content/Image_captioning_Local/Flickr30K/flickr30k_images/flickr30k_images/flickr30k_images/4513112701.jpg,person,0.30412206053733826,102.36744689941406,173.5103302001953,241.7366943359375,332.64227294921875,6
Flickr30K/4513156669.jpg,/content/Image_captioning_Local/Flickr30K/flickr30k_images/flickr30k_images/flickr30k_images/4513156669.jpg,person,0.9145539402961731,264.788330078125,11.865300178527832,491.543212890625,328.40966796875,5
Flickr30K/4513156669.jpg,/content/Image_captioning_Local/Flickr30K/flickr30k_images/flickr30k_images/flickr30k_images/4513156669.jpg,person,0.8500776886940002,64.777587890625,106.44969940185547,129.42535400390625,314.3458251953125,5
Flickr30K/4513156669.jpg,/content/Image_captioning_Local/Flickr30K/flickr30k_images/flickr30k_images/flickr30k_images/4513156669.jpg,cell phone,0.48815861344337463,315.2540588378906,58.37816619873047,352.2435607910156,108.87319946289062,5
Flickr30K/4513156669.jpg,/content/Image_captioning_Local/Flickr30K/flickr30k_images/flickr30k_images/flickr30k_images/4513156669.jpg,dining table,0.3357236087322235,110.2962646484375,183.89987182617188,261.52252197265625,325.13494873046875,5
Flickr30K/4513156669.jpg,/content/Image_captioning_Local/Flickr30K/flickr30k_images/flickr30k_images/flickr30k_images/4513156669.jpg,motorcycle,0.290918231010437,0.0,167.95138549804688,69.65678405761719,312.2876281738281,5
Flickr30K/4513166936.jpg,/content/Image_captioning_Local/Flickr30K/flickr30k_images/flickr30k_images/flickr30k_images/4513166936.jpg,person,0.7552505135536194,335.9026794433594,122.49490356445312,365.49371337890625,217.0208282470703,12
Flickr30K/4513166936.jpg,/content/Image_captioning_Local/Flickr30K/flickr30k_images/flickr30k_images/flickr30k_images/4513166936.jpg,person,0.7489166855812073,191.7253875732422,112.93898010253906,224.94786071777344,216.7696990966797,12
Flickr30K/4513166936.jpg,/content/Image_captioning_Local/Flickr30K/flickr30k_images/flickr30k_images/flickr30k_images/4513166936.jpg,person,0.7305338382720947,358.0364685058594,124.51355743408203,384.02557373046875,217.89700317382812,12
Flickr30K/4513166936.jpg,/content/Image_captioning_Local/Flickr30K/flickr30k_images/flickr30k_images/flickr30k_images/4513166936.jpg,person,0.6895782351493835,99.09235382080078,83.5865707397461,364.56170654296875,396.1361083984375,12
Flickr30K/4513166936.jpg,/content/Image_captioning_Local/Flickr30K/flickr30k_images/flickr30k_images/flickr30k_images/4513166936.jpg,person,0.6766144633293152,14.96768569946289,94.68456268310547,206.4881591796875,391.028076171875,12
Flickr30K/4513166936.jpg,/content/Image_captioning_Local/Flickr30K/flickr30k_images/flickr30k_images/flickr30k_images/4513166936.jpg,person,0.6007915139198303,320.1336975097656,120.42628479003906,341.7818908691406,207.74722290039062,12
Flickr30K/4513166936.jpg,/content/Image_captioning_Local/Flickr30K/flickr30k_images/flickr30k_images/flickr30k_images/4513166936.jpg,person,0.580608069896698,160.32078552246094,105.5406723022461,186.09075927734375,156.24801635742188,12
Flickr30K/4513166936.jpg,/content/Image_captioning_Local/Flickr30K/flickr30k_images/flickr30k_images/flickr30k_images/4513166936.jpg,person,0.5682331919670105,264.743408203125,33.71451950073242,500.0,395.26220703125,12
Flickr30K/4513166936.jpg,/content/Image_captioning_Local/Flickr30K/flickr30k_images/flickr30k_images/flickr30k_images/4513166936.jpg,tie,0.39539989829063416,408.45831298828125,151.66749572753906,438.6070251464844,219.44046020507812,12
Flickr30K/4513166936.jpg,/content/Image_captioning_Local/Flickr30K/flickr30k_images/flickr30k_images/flickr30k_images/4513166936.jpg,person,0.33475461602211,0.539591908454895,94.2487564086914,91.071044921875,350.6163635253906,12
Flickr30K/4513166936.jpg,/content/Image_captioning_Local/Flickr30K/flickr30k_images/flickr30k_images/flickr30k_images/4513166936.jpg,cell phone,0.2993685007095337,260.5097351074219,147.03321838378906,299.16265869140625,182.81007385253906,12
Flickr30K/4513166936.jpg,/content/Image_captioning_Local/Flickr30K/flickr30k_images/flickr30k_images/flickr30k_images/4513166936.jpg,person,0.28980255126953125,306.8802490234375,124.75318908691406,326.5069580078125,182.0557098388672,12
Flickr30K/451326127.jpg,/content/Image_captioning_Local/Flickr30K/flickr30k_images/flickr30k_images/flickr30k_images/451326127.jpg,,,,,,,0
Flickr30K/4513402918.jpg,/content/Image_captioning_Local/Flickr30K/flickr30k_images/flickr30k_images/flickr30k_images/4513402918.jpg,person,0.8782027959823608,226.68287658691406,297.6875,335.05322265625,375.0,20
Flickr30K/4513402918.jpg,/content/Image_captioning_Local/Flickr30K/flickr30k_images/flickr30k_images/flickr30k_images/4513402918.jpg,person,0.8756354451179504,283.3655090332031,132.5540008544922,325.88909912109375,268.59844970703125,20
Flickr30K/4513402918.jpg,/content/Image_captioning_Local/Flickr30K/flickr30k_images/flickr30k_images/flickr30k_images/4513402918.jpg,person,0.8667129278182983,426.7373962402344,297.0069580078125,499.54241943359375,372.57476806640625,20
Flickr30K/4513402918.jpg,/content/Image_captioning_Local/Flickr30K/flickr30k_images/flickr30k_images/flickr30k_images/4513402918.jpg,person,0.863556444644928,331.2137145996094,125.85413360595703,374.6360778808594,260.94134521484375,20
Flickr30K/4513402918.jpg,/content/Image_captioning_Local/Flickr30K/flickr30k_images/flickr30k_images/flickr30k_images/4513402918.jpg,person,0.8539950847625732,232.3895263671875,151.65396118164062,289.3027648925781,292.2203674316406,20
Flickr30K/4513402918.jpg,/content/Image_captioning_Local/Flickr30K/flickr30k_images/flickr30k_images/flickr30k_images/4513402918.jpg,person,0.8117077946662903,160.19558715820312,157.4903564453125,215.4379119873047,288.76385498046875,20
Flickr30K/4513402918.jpg,/content/Image_captioning_Local/Flickr30K/flickr30k_images/flickr30k_images/flickr30k_images/4513402918.jpg,person,0.8039675951004028,15.777113914489746,330.8976745605469,69.84882354736328,374.3584289550781,20
Flickr30K/4513402918.jpg,/content/Image_captioning_Local/Flickr30K/flickr30k_images/flickr30k_images/flickr30k_images/4513402918.jpg,car,0.6478185057640076,0.0,144.92996215820312,38.88190841674805,170.38844299316406,20
Flickr30K/4513402918.jpg,/content/Image_captioning_Local/Flickr30K/flickr30k_images/flickr30k_images/flickr30k_images/4513402918.jpg,suitcase,0.527493953704834,374.2161865234375,209.3059844970703,411.5744934082031,240.4572296142578,20
Flickr30K/4513402918.jpg,/content/Image_captioning_Local/Flickr30K/flickr30k_images/flickr30k_images/flickr30k_images/4513402918.jpg,cell phone,0.526705265045166,429.1800537109375,334.1959228515625,451.7372131347656,357.2929382324219,20
Flickr30K/4513402918.jpg,/content/Image_captioning_Local/Flickr30K/flickr30k_images/flickr30k_images/flickr30k_images/4513402918.jpg,person,0.5095617771148682,74.29035949707031,181.60763549804688,128.45355224609375,264.26873779296875,20
Flickr30K/4513402918.jpg,/content/Image_captioning_Local/Flickr30K/flickr30k_images/flickr30k_images/flickr30k_images/4513402918.jpg,person,0.48041653633117676,154.75013732910156,135.47300720214844,190.6081085205078,209.5020751953125,20
Flickr30K/4513402918.jpg,/content/Image_captioning_Local/Flickr30K/flickr30k_images/flickr30k_images/flickr30k_images/4513402918.jpg,person,0.45046761631965637,491.7889709472656,291.9095764160156,500.0,348.1631774902344,20
Flickr30K/4513402918.jpg,/content/Image_captioning_Local/Flickr30K/flickr30k_images/flickr30k_images/flickr30k_images/4513402918.jpg,backpack,0.37975651025772095,380.1895751953125,263.2727355957031,409.36273193359375,282.21026611328125,20
Flickr30K/4513402918.jpg,/content/Image_captioning_Local/Flickr30K/flickr30k_images/flickr30k_images/flickr30k_images/4513402918.jpg,backpack,0.32111284136772156,328.5465393066406,257.4980773925781,385.947265625,286.1352844238281,20
Flickr30K/4513402918.jpg,/content/Image_captioning_Local/Flickr30K/flickr30k_images/flickr30k_images/flickr30k_images/4513402918.jpg,chair,0.27736398577690125,213.80938720703125,199.33462524414062,232.96432495117188,223.6785888671875,20
Flickr30K/4513402918.jpg,/content/Image_captioning_Local/Flickr30K/flickr30k_images/flickr30k_images/flickr30k_images/4513402918.jpg,backpack,0.26993849873542786,211.461669921875,280.3198547363281,255.6153564453125,302.9751892089844,20
Flickr30K/4513402918.jpg,/content/Image_captioning_Local/Flickr30K/flickr30k_images/flickr30k_images/flickr30k_images/4513402918.jpg,chair,0.2687947154045105,68.53407287597656,208.41395568847656,140.2062225341797,270.1972351074219,20
Flickr30K/4513402918.jpg,/content/Image_captioning_Local/Flickr30K/flickr30k_images/flickr30k_images/flickr30k_images/4513402918.jpg,backpack,0.26566752791404724,9.561328887939453,237.059814453125,33.35496139526367,272.1965026855469,20
Flickr30K/4513402918.jpg,/content/Image_captioning_Local/Flickr30K/flickr30k_images/flickr30k_images/flickr30k_images/4513402918.jpg,tie,0.25842276215553284,351.96844482421875,146.22854614257812,358.8316650390625,169.37680053710938,20
Flickr30K/4513514840.jpg,/content/Image_captioning_Local/Flickr30K/flickr30k_images/flickr30k_images/flickr30k_images/4513514840.jpg,car,0.8865640759468079,425.83837890625,348.06402587890625,499.66143798828125,416.44915771484375,11
Flickr30K/4513514840.jpg,/content/Image_captioning_Local/Flickr30K/flickr30k_images/flickr30k_images/flickr30k_images/4513514840.jpg,bicycle,0.8822035789489746,239.23631286621094,361.25946044921875,346.4148864746094,430.4047546386719,11
Flickr30K/4513514840.jpg,/content/Image_captioning_Local/Flickr30K/flickr30k_images/flickr30k_images/flickr30k_images/4513514840.jpg,person,0.8458969593048096,263.6297607421875,318.7062683105469,321.3808288574219,422.2378845214844,11
Flickr30K/4513514840.jpg,/content/Image_captioning_Local/Flickr30K/flickr30k_images/flickr30k_images/flickr30k_images/4513514840.jpg,bicycle,0.7560327053070068,140.1099395751953,345.10357666015625,219.71524047851562,386.1953125,11
Flickr30K/4513514840.jpg,/content/Image_captioning_Local/Flickr30K/flickr30k_images/flickr30k_images/flickr30k_images/4513514840.jpg,bicycle,0.7067957520484924,380.44793701171875,354.375,439.02691650390625,389.87896728515625,11
Flickr30K/4513514840.jpg,/content/Image_captioning_Local/Flickr30K/flickr30k_images/flickr30k_images/flickr30k_images/4513514840.jpg,person,0.671754002571106,68.49148559570312,318.76336669921875,95.9555892944336,359.9024353027344,11
Flickr30K/4513514840.jpg,/content/Image_captioning_Local/Flickr30K/flickr30k_images/flickr30k_images/flickr30k_images/4513514840.jpg,motorcycle,0.5551477074623108,32.839210510253906,354.13623046875,112.6667709350586,404.6913757324219,11
Flickr30K/4513514840.jpg,/content/Image_captioning_Local/Flickr30K/flickr30k_images/flickr30k_images/flickr30k_images/4513514840.jpg,car,0.4120635390281677,0.13315007090568542,325.40362548828125,19.27015495300293,355.2437438964844,11
Flickr30K/4513514840.jpg,/content/Image_captioning_Local/Flickr30K/flickr30k_images/flickr30k_images/flickr30k_images/4513514840.jpg,handbag,0.3876053988933563,252.6842041015625,374.92791748046875,283.9755859375,406.182373046875,11
Flickr30K/4513514840.jpg,/content/Image_captioning_Local/Flickr30K/flickr30k_images/flickr30k_images/flickr30k_images/4513514840.jpg,person,0.32721492648124695,239.95819091796875,356.41729736328125,344.6730651855469,430.625244140625,11
Flickr30K/4513514840.jpg,/content/Image_captioning_Local/Flickr30K/flickr30k_images/flickr30k_images/flickr30k_images/4513514840.jpg,bicycle,0.2987322211265564,33.79752731323242,352.5527648925781,110.7789535522461,404.7793273925781,11
Flickr30K/4514082925.jpg,/content/Image_captioning_Local/Flickr30K/flickr30k_images/flickr30k_images/flickr30k_images/4514082925.jpg,train,0.829044759273529,125.811279296875,86.86848449707031,405.847412109375,249.4473876953125,5
Flickr30K/4514082925.jpg,/content/Image_captioning_Local/Flickr30K/flickr30k_images/flickr30k_images/flickr30k_images/4514082925.jpg,person,0.7233423590660095,178.7246856689453,130.36143493652344,198.80076599121094,159.7843475341797,5
Flickr30K/4514082925.jpg,/content/Image_captioning_Local/Flickr30K/flickr30k_images/flickr30k_images/flickr30k_images/4514082925.jpg,person,0.3505782186985016,270.3988342285156,147.1361083984375,283.6978759765625,166.26649475097656,5
Flickr30K/4514082925.jpg,/content/Image_captioning_Local/Flickr30K/flickr30k_images/flickr30k_images/flickr30k_images/4514082925.jpg,person,0.30620813369750977,287.57073974609375,154.51100158691406,299.7076416015625,167.4581756591797,5
Flickr30K/4514082925.jpg,/content/Image_captioning_Local/Flickr30K/flickr30k_images/flickr30k_images/flickr30k_images/4514082925.jpg,fire hydrant,0.26063379645347595,378.5928955078125,196.00820922851562,466.184326171875,331.6758117675781,5
Flickr30K/4514304589.jpg,/content/Image_captioning_Local/Flickr30K/flickr30k_images/flickr30k_images/flickr30k_images/4514304589.jpg,person,0.9210667014122009,2.4146854877471924,71.63063049316406,85.69519805908203,308.3775939941406,10
Flickr30K/4514304589.jpg,/content/Image_captioning_Local/Flickr30K/flickr30k_images/flickr30k_images/flickr30k_images/4514304589.jpg,person,0.8491390347480774,230.02175903320312,39.3015022277832,383.20098876953125,437.13623046875,10
Flickr30K/4514304589.jpg,/content/Image_captioning_Local/Flickr30K/flickr30k_images/flickr30k_images/flickr30k_images/4514304589.jpg,person,0.8011473417282104,188.592529296875,57.133365631103516,282.926513671875,428.8536071777344,10
Flickr30K/4514304589.jpg,/content/Image_captioning_Local/Flickr30K/flickr30k_images/flickr30k_images/flickr30k_images/4514304589.jpg,person,0.7963232398033142,89.93119812011719,86.09199523925781,149.19509887695312,291.70745849609375,10
Flickr30K/4514304589.jpg,/content/Image_captioning_Local/Flickr30K/flickr30k_images/flickr30k_images/flickr30k_images/4514304589.jpg,person,0.7307060360908508,138.27764892578125,86.9439697265625,171.80667114257812,265.1050109863281,10
Flickr30K/4514304589.jpg,/content/Image_captioning_Local/Flickr30K/flickr30k_images/flickr30k_images/flickr30k_images/4514304589.jpg,person,0.6169894337654114,64.77848052978516,76.82454681396484,101.45161437988281,274.090576171875,10
Flickr30K/4514304589.jpg,/content/Image_captioning_Local/Flickr30K/flickr30k_images/flickr30k_images/flickr30k_images/4514304589.jpg,handbag,0.5834885239601135,224.400146484375,160.11798095703125,281.99810791015625,235.3707275390625,10
Flickr30K/4514304589.jpg,/content/Image_captioning_Local/Flickr30K/flickr30k_images/flickr30k_images/flickr30k_images/4514304589.jpg,person,0.5818237066268921,170.10997009277344,74.88684844970703,220.25601196289062,282.6529235839844,10
Flickr30K/4514304589.jpg,/content/Image_captioning_Local/Flickr30K/flickr30k_images/flickr30k_images/flickr30k_images/4514304589.jpg,handbag,0.5702140927314758,83.30345916748047,165.40625,113.96720123291016,210.09950256347656,10
Flickr30K/4514304589.jpg,/content/Image_captioning_Local/Flickr30K/flickr30k_images/flickr30k_images/flickr30k_images/4514304589.jpg,remote,0.4156390130519867,104.3985366821289,151.7742919921875,114.56892395019531,159.92254638671875,10
Flickr30K/4514335001.jpg,/content/Image_captioning_Local/Flickr30K/flickr30k_images/flickr30k_images/flickr30k_images/4514335001.jpg,person,0.8628749847412109,10.110014915466309,198.86293029785156,64.75193786621094,329.34918212890625,3
Flickr30K/4514335001.jpg,/content/Image_captioning_Local/Flickr30K/flickr30k_images/flickr30k_images/flickr30k_images/4514335001.jpg,bicycle,0.8481242060661316,86.69367218017578,249.8096466064453,206.8965606689453,329.7760925292969,3
Flickr30K/4514335001.jpg,/content/Image_captioning_Local/Flickr30K/flickr30k_images/flickr30k_images/flickr30k_images/4514335001.jpg,person,0.8447897434234619,136.67770385742188,187.71005249023438,185.61204528808594,318.68182373046875,3
Flickr30K/4514553168.jpg,/content/Image_captioning_Local/Flickr30K/flickr30k_images/flickr30k_images/flickr30k_images/4514553168.jpg,person,0.8909554481506348,24.536436080932617,225.75784301757812,102.483154296875,485.1014099121094,5
Flickr30K/4514553168.jpg,/content/Image_captioning_Local/Flickr30K/flickr30k_images/flickr30k_images/flickr30k_images/4514553168.jpg,person,0.8099361062049866,123.077392578125,173.9073028564453,237.63914489746094,476.41619873046875,5
Flickr30K/4514553168.jpg,/content/Image_captioning_Local/Flickr30K/flickr30k_images/flickr30k_images/flickr30k_images/4514553168.jpg,person,0.8054070472717285,77.2391357421875,213.17172241210938,187.64019775390625,474.6164855957031,5
Flickr30K/4514553168.jpg,/content/Image_captioning_Local/Flickr30K/flickr30k_images/flickr30k_images/flickr30k_images/4514553168.jpg,person,0.3527655303478241,93.2669448852539,0.2853870391845703,296.184814453125,240.2665557861328,5
Flickr30K/4514553168.jpg,/content/Image_captioning_Local/Flickr30K/flickr30k_images/flickr30k_images/flickr30k_images/4514553168.jpg,person,0.28930628299713135,251.5033721923828,0.12930631637573242,332.01226806640625,112.68350982666016,5
Flickr30K/4514569490.jpg,/content/Image_captioning_Local/Flickr30K/flickr30k_images/flickr30k_images/flickr30k_images/4514569490.jpg,person,0.6614835262298584,41.69621276855469,42.037261962890625,349.1121826171875,369.22186279296875,3
Flickr30K/4514569490.jpg,/content/Image_captioning_Local/Flickr30K/flickr30k_images/flickr30k_images/flickr30k_images/4514569490.jpg,hot dog,0.3399156630039215,221.5253143310547,109.1986312866211,321.3974609375,273.4467468261719,3
Flickr30K/4514569490.jpg,/content/Image_captioning_Local/Flickr30K/flickr30k_images/flickr30k_images/flickr30k_images/4514569490.jpg,person,0.2793022692203522,195.80892944335938,43.82012939453125,498.0254211425781,374.28277587890625,3
Flickr30K/4514569500.jpg,/content/Image_captioning_Local/Flickr30K/flickr30k_images/flickr30k_images/flickr30k_images/4514569500.jpg,person,0.8241403698921204,226.50350952148438,49.348934173583984,500.0,335.0289001464844,2
Flickr30K/4514569500.jpg,/content/Image_captioning_Local/Flickr30K/flickr30k_images/flickr30k_images/flickr30k_images/4514569500.jpg,person,0.688098132610321,27.39499855041504,40.901641845703125,332.86138916015625,340.90228271484375,2
Flickr30K/4514987995.jpg,/content/Image_captioning_Local/Flickr30K/flickr30k_images/flickr30k_images/flickr30k_images/4514987995.jpg,person,0.7504165172576904,151.71139526367188,69.01609802246094,256.7376708984375,196.28782653808594,12
Flickr30K/4514987995.jpg,/content/Image_captioning_Local/Flickr30K/flickr30k_images/flickr30k_images/flickr30k_images/4514987995.jpg,chair,0.6194171905517578,432.8558349609375,85.94168090820312,488.31268310546875,117.39446258544922,12
Flickr30K/4514987995.jpg,/content/Image_captioning_Local/Flickr30K/flickr30k_images/flickr30k_images/flickr30k_images/4514987995.jpg,person,0.6085336804389954,280.0152282714844,58.21397399902344,403.9076843261719,225.8413543701172,12
Flickr30K/4514987995.jpg,/content/Image_captioning_Local/Flickr30K/flickr30k_images/flickr30k_images/flickr30k_images/4514987995.jpg,person,0.5426784753799438,14.097929000854492,93.45588684082031,270.2948913574219,367.6329040527344,12
Flickr30K/4514987995.jpg,/content/Image_captioning_Local/Flickr30K/flickr30k_images/flickr30k_images/flickr30k_images/4514987995.jpg,chair,0.5229781270027161,431.9774169921875,52.194427490234375,477.9803771972656,72.53878021240234,12
Flickr30K/4514987995.jpg,/content/Image_captioning_Local/Flickr30K/flickr30k_images/flickr30k_images/flickr30k_images/4514987995.jpg,chair,0.41845011711120605,430.1545104980469,85.9946517944336,496.8862609863281,205.56300354003906,12
Flickr30K/4514987995.jpg,/content/Image_captioning_Local/Flickr30K/flickr30k_images/flickr30k_images/flickr30k_images/4514987995.jpg,chair,0.38613107800483704,252.0045928955078,129.10479736328125,272.9651794433594,168.048095703125,12
Flickr30K/4514987995.jpg,/content/Image_captioning_Local/Flickr30K/flickr30k_images/flickr30k_images/flickr30k_images/4514987995.jpg,chair,0.3307635188102722,373.852783203125,83.84183502197266,406.0224914550781,114.88469696044922,12
Flickr30K/4514987995.jpg,/content/Image_captioning_Local/Flickr30K/flickr30k_images/flickr30k_images/flickr30k_images/4514987995.jpg,book,0.32202085852622986,275.2677001953125,200.02601623535156,458.8155212402344,257.76971435546875,12
Flickr30K/4514987995.jpg,/content/Image_captioning_Local/Flickr30K/flickr30k_images/flickr30k_images/flickr30k_images/4514987995.jpg,chair,0.294707715511322,396.01641845703125,142.46995544433594,456.7567443847656,214.72142028808594,12
Flickr30K/4514987995.jpg,/content/Image_captioning_Local/Flickr30K/flickr30k_images/flickr30k_images/flickr30k_images/4514987995.jpg,chair,0.27372539043426514,408.2880859375,51.961158752441406,434.84716796875,71.86067199707031,12
Flickr30K/4514987995.jpg,/content/Image_captioning_Local/Flickr30K/flickr30k_images/flickr30k_images/flickr30k_images/4514987995.jpg,chair,0.25192099809646606,436.2826232910156,34.25720977783203,469.46563720703125,44.690834045410156,12
Flickr30K/4515264823.jpg,/content/Image_captioning_Local/Flickr30K/flickr30k_images/flickr30k_images/flickr30k_images/4515264823.jpg,person,0.8873727321624756,301.82073974609375,72.28207397460938,373.0269470214844,218.4378204345703,9
Flickr30K/4515264823.jpg,/content/Image_captioning_Local/Flickr30K/flickr30k_images/flickr30k_images/flickr30k_images/4515264823.jpg,person,0.8744581937789917,371.7645263671875,31.63270378112793,414.5257873535156,179.47433471679688,9
Flickr30K/4515264823.jpg,/content/Image_captioning_Local/Flickr30K/flickr30k_images/flickr30k_images/flickr30k_images/4515264823.jpg,person,0.7836242914199829,0.3559917211532593,16.30976104736328,77.64549255371094,184.31600952148438,9
Flickr30K/4515264823.jpg,/content/Image_captioning_Local/Flickr30K/flickr30k_images/flickr30k_images/flickr30k_images/4515264823.jpg,person,0.7633401155471802,34.895450592041016,6.145954132080078,177.48202514648438,247.55703735351562,9
Flickr30K/4515264823.jpg,/content/Image_captioning_Local/Flickr30K/flickr30k_images/flickr30k_images/flickr30k_images/4515264823.jpg,person,0.7492176294326782,156.26556396484375,42.28363037109375,190.40158081054688,105.14707946777344,9
Flickr30K/4515264823.jpg,/content/Image_captioning_Local/Flickr30K/flickr30k_images/flickr30k_images/flickr30k_images/4515264823.jpg,person,0.5851222276687622,410.13372802734375,75.83917236328125,439.60894775390625,157.7351531982422,9
Flickr30K/4515264823.jpg,/content/Image_captioning_Local/Flickr30K/flickr30k_images/flickr30k_images/flickr30k_images/4515264823.jpg,person,0.5698880553245544,154.92994689941406,91.4523696899414,310.09002685546875,369.9988708496094,9
Flickr30K/4515264823.jpg,/content/Image_captioning_Local/Flickr30K/flickr30k_images/flickr30k_images/flickr30k_images/4515264823.jpg,person,0.43711763620376587,399.891845703125,1.4258980751037598,438.5494384765625,144.70053100585938,9
Flickr30K/4515264823.jpg,/content/Image_captioning_Local/Flickr30K/flickr30k_images/flickr30k_images/flickr30k_images/4515264823.jpg,person,0.25412654876708984,154.09320068359375,39.641822814941406,191.861328125,203.23580932617188,9
Flickr30K/4515460.jpg,/content/Image_captioning_Local/Flickr30K/flickr30k_images/flickr30k_images/flickr30k_images/4515460.jpg,person,0.9381910562515259,256.2068786621094,30.950105667114258,419.31744384765625,369.0206604003906,8
Flickr30K/4515460.jpg,/content/Image_captioning_Local/Flickr30K/flickr30k_images/flickr30k_images/flickr30k_images/4515460.jpg,truck,0.8099848628044128,72.0212173461914,154.230712890625,240.9461669921875,343.47802734375,8
Flickr30K/4515460.jpg,/content/Image_captioning_Local/Flickr30K/flickr30k_images/flickr30k_images/flickr30k_images/4515460.jpg,car,0.7887313365936279,235.0516357421875,313.9225769042969,269.24066162109375,336.3388366699219,8
Flickr30K/4515460.jpg,/content/Image_captioning_Local/Flickr30K/flickr30k_images/flickr30k_images/flickr30k_images/4515460.jpg,car,0.7882305979728699,0.0,275.4375915527344,27.190717697143555,352.8620300292969,8
Flickr30K/4515460.jpg,/content/Image_captioning_Local/Flickr30K/flickr30k_images/flickr30k_images/flickr30k_images/4515460.jpg,car,0.6518974900245667,397.1161804199219,319.67877197265625,435.66790771484375,335.47027587890625,8
Flickr30K/4515460.jpg,/content/Image_captioning_Local/Flickr30K/flickr30k_images/flickr30k_images/flickr30k_images/4515460.jpg,person,0.4781164824962616,166.52316284179688,188.86337280273438,197.00611877441406,209.9290313720703,8
Flickr30K/4515460.jpg,/content/Image_captioning_Local/Flickr30K/flickr30k_images/flickr30k_images/flickr30k_images/4515460.jpg,car,0.41169843077659607,403.8663330078125,326.638427734375,437.7255859375,336.8470764160156,8
Flickr30K/4515460.jpg,/content/Image_captioning_Local/Flickr30K/flickr30k_images/flickr30k_images/flickr30k_images/4515460.jpg,car,0.27658724784851074,264.9737243652344,318.49945068359375,281.1922607421875,335.1993408203125,8
Flickr30K/451547131.jpg,/content/Image_captioning_Local/Flickr30K/flickr30k_images/flickr30k_images/flickr30k_images/451547131.jpg,person,0.637538731098175,391.13323974609375,123.36116027832031,433.41680908203125,231.89382934570312,3
Flickr30K/451547131.jpg,/content/Image_captioning_Local/Flickr30K/flickr30k_images/flickr30k_images/flickr30k_images/451547131.jpg,surfboard,0.5250210165977478,346.8190612792969,155.69277954101562,453.8145446777344,184.46804809570312,3
Flickr30K/451547131.jpg,/content/Image_captioning_Local/Flickr30K/flickr30k_images/flickr30k_images/flickr30k_images/451547131.jpg,surfboard,0.41751131415367126,394.3082580566406,131.23561096191406,434.24920654296875,216.11094665527344,3
Flickr30K/4515615789.jpg,/content/Image_captioning_Local/Flickr30K/flickr30k_images/flickr30k_images/flickr30k_images/4515615789.jpg,person,0.7813204526901245,254.70204162597656,138.45663452148438,359.4880676269531,240.1683807373047,3
Flickr30K/4515615789.jpg,/content/Image_captioning_Local/Flickr30K/flickr30k_images/flickr30k_images/flickr30k_images/4515615789.jpg,boat,0.6235259175300598,23.987686157226562,92.5371322631836,379.36358642578125,276.0279846191406,3
Flickr30K/4515615789.jpg,/content/Image_captioning_Local/Flickr30K/flickr30k_images/flickr30k_images/flickr30k_images/4515615789.jpg,person,0.27016347646713257,95.48946380615234,122.94866943359375,115.2410659790039,145.43626403808594,3
Flickr30K/4515616069.jpg,/content/Image_captioning_Local/Flickr30K/flickr30k_images/flickr30k_images/flickr30k_images/4515616069.jpg,person,0.7174079418182373,185.4954071044922,166.1470947265625,200.37899780273438,199.23367309570312,2
Flickr30K/4515616069.jpg,/content/Image_captioning_Local/Flickr30K/flickr30k_images/flickr30k_images/flickr30k_images/4515616069.jpg,person,0.5628553032875061,216.67941284179688,169.90628051757812,227.56979370117188,189.12692260742188,2
Flickr30K/4515628939.jpg,/content/Image_captioning_Local/Flickr30K/flickr30k_images/flickr30k_images/flickr30k_images/4515628939.jpg,person,0.8335140347480774,106.08274841308594,142.20547485351562,117.95111083984375,171.76437377929688,10
Flickr30K/4515628939.jpg,/content/Image_captioning_Local/Flickr30K/flickr30k_images/flickr30k_images/flickr30k_images/4515628939.jpg,person,0.8154442310333252,175.03256225585938,126.34332275390625,199.51608276367188,212.05494689941406,10
Flickr30K/4515628939.jpg,/content/Image_captioning_Local/Flickr30K/flickr30k_images/flickr30k_images/flickr30k_images/4515628939.jpg,person,0.7202273011207581,238.2691192626953,140.5374755859375,252.84292602539062,183.64617919921875,10
Flickr30K/4515628939.jpg,/content/Image_captioning_Local/Flickr30K/flickr30k_images/flickr30k_images/flickr30k_images/4515628939.jpg,person,0.675878643989563,272.70306396484375,138.80215454101562,300.9305725097656,230.67788696289062,10
Flickr30K/4515628939.jpg,/content/Image_captioning_Local/Flickr30K/flickr30k_images/flickr30k_images/flickr30k_images/4515628939.jpg,person,0.646507203578949,194.515869140625,155.69515991210938,212.9737091064453,212.87060546875,10
Flickr30K/4515628939.jpg,/content/Image_captioning_Local/Flickr30K/flickr30k_images/flickr30k_images/flickr30k_images/4515628939.jpg,person,0.6334453225135803,207.9579620361328,167.30935668945312,228.9740753173828,217.2486572265625,10
Flickr30K/4515628939.jpg,/content/Image_captioning_Local/Flickr30K/flickr30k_images/flickr30k_images/flickr30k_images/4515628939.jpg,person,0.6306305527687073,295.75567626953125,139.93783569335938,327.8384704589844,226.79232788085938,10
Flickr30K/4515628939.jpg,/content/Image_captioning_Local/Flickr30K/flickr30k_images/flickr30k_images/flickr30k_images/4515628939.jpg,bicycle,0.5250353813171387,258.1571960449219,169.83279418945312,333.24383544921875,232.0537109375,10
Flickr30K/4515628939.jpg,/content/Image_captioning_Local/Flickr30K/flickr30k_images/flickr30k_images/flickr30k_images/4515628939.jpg,person,0.5137277245521545,249.81033325195312,133.84645080566406,280.7522888183594,217.4936981201172,10
Flickr30K/4515628939.jpg,/content/Image_captioning_Local/Flickr30K/flickr30k_images/flickr30k_images/flickr30k_images/4515628939.jpg,bicycle,0.4364061951637268,240.43287658691406,172.744873046875,280.8785095214844,216.55819702148438,10
Flickr30K/4515634167.jpg,/content/Image_captioning_Local/Flickr30K/flickr30k_images/flickr30k_images/flickr30k_images/4515634167.jpg,person,0.8927240371704102,103.68877410888672,73.83370971679688,166.342529296875,167.4588165283203,5
Flickr30K/4515634167.jpg,/content/Image_captioning_Local/Flickr30K/flickr30k_images/flickr30k_images/flickr30k_images/4515634167.jpg,car,0.8869001865386963,351.0847473144531,136.14454650878906,499.8499755859375,201.08203125,5
Flickr30K/4515634167.jpg,/content/Image_captioning_Local/Flickr30K/flickr30k_images/flickr30k_images/flickr30k_images/4515634167.jpg,person,0.8403943777084351,176.470703125,117.48094177246094,203.5462188720703,165.8785858154297,5
Flickr30K/4515634167.jpg,/content/Image_captioning_Local/Flickr30K/flickr30k_images/flickr30k_images/flickr30k_images/4515634167.jpg,person,0.7325551509857178,259.7230529785156,131.78672790527344,276.6392822265625,169.1190185546875,5
Flickr30K/4515634167.jpg,/content/Image_captioning_Local/Flickr30K/flickr30k_images/flickr30k_images/flickr30k_images/4515634167.jpg,person,0.2556459307670593,308.5457458496094,130.32333374023438,323.4595031738281,167.44329833984375,5
Flickr30K/4515663265.jpg,/content/Image_captioning_Local/Flickr30K/flickr30k_images/flickr30k_images/flickr30k_images/4515663265.jpg,person,0.9011585116386414,154.04322814941406,162.21588134765625,267.1722106933594,396.8146667480469,2
Flickr30K/4515663265.jpg,/content/Image_captioning_Local/Flickr30K/flickr30k_images/flickr30k_images/flickr30k_images/4515663265.jpg,person,0.8324762582778931,116.7960205078125,182.5193328857422,179.8417510986328,381.2590637207031,2
Flickr30K/4515955225.jpg,/content/Image_captioning_Local/Flickr30K/flickr30k_images/flickr30k_images/flickr30k_images/4515955225.jpg,person,0.9398829340934753,335.2545166015625,128.39083862304688,492.0399169921875,284.6247253417969,12
Flickr30K/4515955225.jpg,/content/Image_captioning_Local/Flickr30K/flickr30k_images/flickr30k_images/flickr30k_images/4515955225.jpg,person,0.8073521256446838,255.61630249023438,106.71170043945312,267.7330322265625,147.3707275390625,12
Flickr30K/4515955225.jpg,/content/Image_captioning_Local/Flickr30K/flickr30k_images/flickr30k_images/flickr30k_images/4515955225.jpg,person,0.7146321535110474,269.10791015625,112.15023803710938,286.4775085449219,148.16122436523438,12
Flickr30K/4515955225.jpg,/content/Image_captioning_Local/Flickr30K/flickr30k_images/flickr30k_images/flickr30k_images/4515955225.jpg,person,0.612220287322998,34.515899658203125,110.71147918701172,49.34660339355469,142.00057983398438,12
Flickr30K/4515955225.jpg,/content/Image_captioning_Local/Flickr30K/flickr30k_images/flickr30k_images/flickr30k_images/4515955225.jpg,baseball glove,0.6093378067016602,327.23602294921875,126.2052993774414,348.8875427246094,151.0967254638672,12
Flickr30K/4515955225.jpg,/content/Image_captioning_Local/Flickr30K/flickr30k_images/flickr30k_images/flickr30k_images/4515955225.jpg,person,0.6069692969322205,21.544015884399414,113.72744750976562,35.97941970825195,141.85845947265625,12
Flickr30K/4515955225.jpg,/content/Image_captioning_Local/Flickr30K/flickr30k_images/flickr30k_images/flickr30k_images/4515955225.jpg,person,0.5825960636138916,48.12715148925781,111.49449157714844,63.20063018798828,141.8958740234375,12
Flickr30K/4515955225.jpg,/content/Image_captioning_Local/Flickr30K/flickr30k_images/flickr30k_images/flickr30k_images/4515955225.jpg,person,0.5767342448234558,67.51129150390625,111.59178924560547,84.64205932617188,143.95794677734375,12
Flickr30K/4515955225.jpg,/content/Image_captioning_Local/Flickr30K/flickr30k_images/flickr30k_images/flickr30k_images/4515955225.jpg,person,0.5146840810775757,85.75132751464844,114.19071960449219,101.88215637207031,144.2222137451172,12
Flickr30K/4515955225.jpg,/content/Image_captioning_Local/Flickr30K/flickr30k_images/flickr30k_images/flickr30k_images/4515955225.jpg,person,0.49247103929519653,184.635498046875,132.09466552734375,210.7108154296875,159.87039184570312,12
Flickr30K/4515955225.jpg,/content/Image_captioning_Local/Flickr30K/flickr30k_images/flickr30k_images/flickr30k_images/4515955225.jpg,person,0.32316112518310547,134.42955017089844,136.24615478515625,182.01162719726562,166.86964416503906,12
Flickr30K/4515955225.jpg,/content/Image_captioning_Local/Flickr30K/flickr30k_images/flickr30k_images/flickr30k_images/4515955225.jpg,person,0.3053330183029175,0.0,115.00575256347656,17.478946685791016,140.1634521484375,12
Flickr30K/451597318.jpg,/content/Image_captioning_Local/Flickr30K/flickr30k_images/flickr30k_images/flickr30k_images/451597318.jpg,dog,0.9289202094078064,168.9073486328125,65.54561614990234,375.38427734375,287.1404113769531,6
Flickr30K/451597318.jpg,/content/Image_captioning_Local/Flickr30K/flickr30k_images/flickr30k_images/flickr30k_images/451597318.jpg,frisbee,0.8666718602180481,336.6732177734375,73.02528381347656,374.5042724609375,101.79763793945312,6
Flickr30K/451597318.jpg,/content/Image_captioning_Local/Flickr30K/flickr30k_images/flickr30k_images/flickr30k_images/451597318.jpg,frisbee,0.6331965923309326,118.82368469238281,245.21315002441406,152.51690673828125,254.65771484375,6
Flickr30K/451597318.jpg,/content/Image_captioning_Local/Flickr30K/flickr30k_images/flickr30k_images/flickr30k_images/451597318.jpg,boat,0.459399551153183,0.7537305355072021,147.890380859375,89.66316223144531,229.24261474609375,6
Flickr30K/451597318.jpg,/content/Image_captioning_Local/Flickr30K/flickr30k_images/flickr30k_images/flickr30k_images/451597318.jpg,car,0.4399893879890442,156.68182373046875,114.33448791503906,173.0093994140625,127.97346496582031,6
Flickr30K/451597318.jpg,/content/Image_captioning_Local/Flickr30K/flickr30k_images/flickr30k_images/flickr30k_images/451597318.jpg,car,0.32345864176750183,171.11032104492188,116.73910522460938,184.85150146484375,127.39484405517578,6
Flickr30K/4515995064.jpg,/content/Image_captioning_Local/Flickr30K/flickr30k_images/flickr30k_images/flickr30k_images/4515995064.jpg,person,0.8612669706344604,1.8585920333862305,77.95177459716797,246.8233642578125,337.7565002441406,8
Flickr30K/4515995064.jpg,/content/Image_captioning_Local/Flickr30K/flickr30k_images/flickr30k_images/flickr30k_images/4515995064.jpg,person,0.8023841977119446,172.804443359375,80.8392562866211,301.99456787109375,326.75238037109375,8
Flickr30K/4515995064.jpg,/content/Image_captioning_Local/Flickr30K/flickr30k_images/flickr30k_images/flickr30k_images/4515995064.jpg,chair,0.7473381757736206,293.3821105957031,138.0410614013672,366.2279968261719,261.0577697753906,8
Flickr30K/4515995064.jpg,/content/Image_captioning_Local/Flickr30K/flickr30k_images/flickr30k_images/flickr30k_images/4515995064.jpg,person,0.7291889786720276,314.12640380859375,85.36479187011719,477.2244567871094,289.7296142578125,8
Flickr30K/4515995064.jpg,/content/Image_captioning_Local/Flickr30K/flickr30k_images/flickr30k_images/flickr30k_images/4515995064.jpg,person,0.4821717143058777,445.17193603515625,60.02238464355469,499.7950439453125,277.70147705078125,8
Flickr30K/4515995064.jpg,/content/Image_captioning_Local/Flickr30K/flickr30k_images/flickr30k_images/flickr30k_images/4515995064.jpg,clock,0.421863317489624,436.18365478515625,1.8977582454681396,462.76837158203125,34.565181732177734,8
Flickr30K/4515995064.jpg,/content/Image_captioning_Local/Flickr30K/flickr30k_images/flickr30k_images/flickr30k_images/4515995064.jpg,refrigerator,0.37017783522605896,267.3726501464844,0.28370022773742676,406.3739318847656,186.0218505859375,8
Flickr30K/4515995064.jpg,/content/Image_captioning_Local/Flickr30K/flickr30k_images/flickr30k_images/flickr30k_images/4515995064.jpg,book,0.33994796872138977,247.8245086669922,251.9743194580078,378.2978820800781,334.7786865234375,8
Flickr30K/4516012575.jpg,/content/Image_captioning_Local/Flickr30K/flickr30k_images/flickr30k_images/flickr30k_images/4516012575.jpg,person,0.7392687797546387,406.92138671875,240.0316925048828,425.8458251953125,273.92913818359375,4
Flickr30K/4516012575.jpg,/content/Image_captioning_Local/Flickr30K/flickr30k_images/flickr30k_images/flickr30k_images/4516012575.jpg,person,0.5655902028083801,356.1416320800781,242.75682067871094,408.3401184082031,276.2183837890625,4
Flickr30K/4516012575.jpg,/content/Image_captioning_Local/Flickr30K/flickr30k_images/flickr30k_images/flickr30k_images/4516012575.jpg,person,0.4896811842918396,471.3526611328125,222.67312622070312,488.0429382324219,234.83480834960938,4
Flickr30K/4516012575.jpg,/content/Image_captioning_Local/Flickr30K/flickr30k_images/flickr30k_images/flickr30k_images/4516012575.jpg,backpack,0.3792491555213928,326.7424011230469,257.2377014160156,348.206787109375,270.6677551269531,4
Flickr30K/4516215051.jpg,/content/Image_captioning_Local/Flickr30K/flickr30k_images/flickr30k_images/flickr30k_images/4516215051.jpg,person,0.4056116044521332,0.0,108.69700622558594,335.6410217285156,485.20086669921875,2
Flickr30K/4516215051.jpg,/content/Image_captioning_Local/Flickr30K/flickr30k_images/flickr30k_images/flickr30k_images/4516215051.jpg,person,0.30408087372779846,0.18434524536132812,67.37522888183594,51.054901123046875,213.98983764648438,2
Flickr30K/4516260364.jpg,/content/Image_captioning_Local/Flickr30K/flickr30k_images/flickr30k_images/flickr30k_images/4516260364.jpg,person,0.9072967171669006,112.57546997070312,80.13981628417969,256.58270263671875,373.1040344238281,8
Flickr30K/4516260364.jpg,/content/Image_captioning_Local/Flickr30K/flickr30k_images/flickr30k_images/flickr30k_images/4516260364.jpg,person,0.7354878783226013,397.43115234375,146.69859313964844,420.9578857421875,217.20974731445312,8
Flickr30K/4516260364.jpg,/content/Image_captioning_Local/Flickr30K/flickr30k_images/flickr30k_images/flickr30k_images/4516260364.jpg,car,0.7127313017845154,242.21437072753906,153.7217559814453,346.8061828613281,228.72552490234375,8
Flickr30K/4516260364.jpg,/content/Image_captioning_Local/Flickr30K/flickr30k_images/flickr30k_images/flickr30k_images/4516260364.jpg,car,0.7011318802833557,23.808115005493164,115.13417053222656,122.95477294921875,296.5502624511719,8
Flickr30K/4516260364.jpg,/content/Image_captioning_Local/Flickr30K/flickr30k_images/flickr30k_images/flickr30k_images/4516260364.jpg,person,0.648056149482727,0.05199909210205078,21.286785125732422,61.02930450439453,369.65704345703125,8
Flickr30K/4516260364.jpg,/content/Image_captioning_Local/Flickr30K/flickr30k_images/flickr30k_images/flickr30k_images/4516260364.jpg,car,0.6214128732681274,227.82431030273438,176.2226104736328,498.0755920410156,371.2939147949219,8
Flickr30K/4516260364.jpg,/content/Image_captioning_Local/Flickr30K/flickr30k_images/flickr30k_images/flickr30k_images/4516260364.jpg,cup,0.5003541111946106,103.21261596679688,184.41671752929688,130.36532592773438,221.40884399414062,8
Flickr30K/4516260364.jpg,/content/Image_captioning_Local/Flickr30K/flickr30k_images/flickr30k_images/flickr30k_images/4516260364.jpg,car,0.32447290420532227,103.26465606689453,184.92135620117188,130.306640625,220.0605926513672,8
Flickr30K/4516262474.jpg,/content/Image_captioning_Local/Flickr30K/flickr30k_images/flickr30k_images/flickr30k_images/4516262474.jpg,person,0.8981966972351074,228.57179260253906,84.70214080810547,308.6893615722656,328.72296142578125,10
Flickr30K/4516262474.jpg,/content/Image_captioning_Local/Flickr30K/flickr30k_images/flickr30k_images/flickr30k_images/4516262474.jpg,person,0.8877043724060059,106.71742248535156,23.334508895874023,242.735595703125,326.6865234375,10
Flickr30K/4516262474.jpg,/content/Image_captioning_Local/Flickr30K/flickr30k_images/flickr30k_images/flickr30k_images/4516262474.jpg,elephant,0.651771068572998,282.7340087890625,4.552203178405762,416.73236083984375,333.0,10
Flickr30K/4516262474.jpg,/content/Image_captioning_Local/Flickr30K/flickr30k_images/flickr30k_images/flickr30k_images/4516262474.jpg,person,0.5819156765937805,50.782657623291016,144.0094451904297,102.36225128173828,194.62222290039062,10
Flickr30K/4516262474.jpg,/content/Image_captioning_Local/Flickr30K/flickr30k_images/flickr30k_images/flickr30k_images/4516262474.jpg,person,0.506592869758606,16.74934196472168,135.85687255859375,26.934804916381836,160.9153289794922,10
Flickr30K/4516262474.jpg,/content/Image_captioning_Local/Flickr30K/flickr30k_images/flickr30k_images/flickr30k_images/4516262474.jpg,person,0.4540654718875885,8.095844268798828,136.7753448486328,18.4854736328125,164.2933807373047,10
Flickr30K/4516262474.jpg,/content/Image_captioning_Local/Flickr30K/flickr30k_images/flickr30k_images/flickr30k_images/4516262474.jpg,person,0.3639063537120819,257.5659484863281,112.55255126953125,273.63482666015625,129.1881103515625,10
Flickr30K/4516262474.jpg,/content/Image_captioning_Local/Flickr30K/flickr30k_images/flickr30k_images/flickr30k_images/4516262474.jpg,person,0.33183544874191284,0.21582767367362976,141.19854736328125,8.31383228302002,159.51080322265625,10
Flickr30K/4516262474.jpg,/content/Image_captioning_Local/Flickr30K/flickr30k_images/flickr30k_images/flickr30k_images/4516262474.jpg,person,0.3079151213169098,4.080921173095703,139.32228088378906,15.545124053955078,162.1013641357422,10
Flickr30K/4516262474.jpg,/content/Image_captioning_Local/Flickr30K/flickr30k_images/flickr30k_images/flickr30k_images/4516262474.jpg,person,0.28562676906585693,26.681583404541016,148.41677856445312,53.72650146484375,175.985595703125,10
Flickr30K/4516267602.jpg,/content/Image_captioning_Local/Flickr30K/flickr30k_images/flickr30k_images/flickr30k_images/4516267602.jpg,person,0.9195135235786438,0.0,113.30941009521484,166.40061950683594,371.5527648925781,10
Flickr30K/4516267602.jpg,/content/Image_captioning_Local/Flickr30K/flickr30k_images/flickr30k_images/flickr30k_images/4516267602.jpg,person,0.8833815455436707,331.0818176269531,205.6132354736328,425.2405700683594,373.2072448730469,10
Flickr30K/4516267602.jpg,/content/Image_captioning_Local/Flickr30K/flickr30k_images/flickr30k_images/flickr30k_images/4516267602.jpg,person,0.749153733253479,266.07867431640625,228.8197021484375,339.782958984375,372.4870300292969,10
Flickr30K/4516267602.jpg,/content/Image_captioning_Local/Flickr30K/flickr30k_images/flickr30k_images/flickr30k_images/4516267602.jpg,person,0.6979537606239319,224.18739318847656,302.4259338378906,267.2121276855469,372.9758605957031,10
Flickr30K/4516267602.jpg,/content/Image_captioning_Local/Flickr30K/flickr30k_images/flickr30k_images/flickr30k_images/4516267602.jpg,traffic light,0.6945704221725464,160.25738525390625,135.04823303222656,180.56826782226562,171.6602325439453,10
Flickr30K/4516267602.jpg,/content/Image_captioning_Local/Flickr30K/flickr30k_images/flickr30k_images/flickr30k_images/4516267602.jpg,person,0.6467186808586121,176.68016052246094,295.24078369140625,188.09523010253906,327.9405517578125,10
Flickr30K/4516267602.jpg,/content/Image_captioning_Local/Flickr30K/flickr30k_images/flickr30k_images/flickr30k_images/4516267602.jpg,handbag,0.4254177510738373,219.8702850341797,320.58697509765625,236.35020446777344,349.521728515625,10
Flickr30K/4516267602.jpg,/content/Image_captioning_Local/Flickr30K/flickr30k_images/flickr30k_images/flickr30k_images/4516267602.jpg,traffic light,0.3713783919811249,148.6741485595703,139.417724609375,163.35855102539062,170.5218963623047,10
Flickr30K/4516267602.jpg,/content/Image_captioning_Local/Flickr30K/flickr30k_images/flickr30k_images/flickr30k_images/4516267602.jpg,person,0.3068801760673523,225.49612426757812,294.5794677734375,235.60621643066406,320.0479431152344,10
Flickr30K/4516267602.jpg,/content/Image_captioning_Local/Flickr30K/flickr30k_images/flickr30k_images/flickr30k_images/4516267602.jpg,person,0.25269371271133423,151.12489318847656,317.2547607421875,176.16744995117188,372.2984313964844,10
Flickr30K/4516347697.jpg,/content/Image_captioning_Local/Flickr30K/flickr30k_images/flickr30k_images/flickr30k_images/4516347697.jpg,person,0.8723571300506592,256.254638671875,152.57403564453125,305.53656005859375,254.7528533935547,10
Flickr30K/4516347697.jpg,/content/Image_captioning_Local/Flickr30K/flickr30k_images/flickr30k_images/flickr30k_images/4516347697.jpg,person,0.7912399172782898,128.5696563720703,261.3272705078125,199.80616760253906,329.3821105957031,10
Flickr30K/4516347697.jpg,/content/Image_captioning_Local/Flickr30K/flickr30k_images/flickr30k_images/flickr30k_images/4516347697.jpg,person,0.727751612663269,76.01893615722656,246.0467071533203,101.2793197631836,325.2663879394531,10
Flickr30K/4516347697.jpg,/content/Image_captioning_Local/Flickr30K/flickr30k_images/flickr30k_images/flickr30k_images/4516347697.jpg,person,0.659498929977417,431.0057067871094,189.512939453125,437.7348327636719,209.56222534179688,10
Flickr30K/4516347697.jpg,/content/Image_captioning_Local/Flickr30K/flickr30k_images/flickr30k_images/flickr30k_images/4516347697.jpg,person,0.598218560218811,91.805419921875,234.78842163085938,130.8422088623047,318.21124267578125,10
Flickr30K/4516347697.jpg,/content/Image_captioning_Local/Flickr30K/flickr30k_images/flickr30k_images/flickr30k_images/4516347697.jpg,person,0.5876355767250061,437.93658447265625,189.4059600830078,444.472412109375,209.57928466796875,10
Flickr30K/4516347697.jpg,/content/Image_captioning_Local/Flickr30K/flickr30k_images/flickr30k_images/flickr30k_images/4516347697.jpg,person,0.5794929265975952,482.993896484375,188.7159881591797,489.1138916015625,205.2348175048828,10
Flickr30K/4516347697.jpg,/content/Image_captioning_Local/Flickr30K/flickr30k_images/flickr30k_images/flickr30k_images/4516347697.jpg,chair,0.5238428115844727,164.97103881835938,286.60284423828125,200.13601684570312,332.0,10
Flickr30K/4516347697.jpg,/content/Image_captioning_Local/Flickr30K/flickr30k_images/flickr30k_images/flickr30k_images/4516347697.jpg,person,0.4787643253803253,422.5089111328125,187.5546875,430.1054992675781,209.05638122558594,10
Flickr30K/4516347697.jpg,/content/Image_captioning_Local/Flickr30K/flickr30k_images/flickr30k_images/flickr30k_images/4516347697.jpg,bicycle,0.2523265779018402,226.7957000732422,220.33497619628906,338.4044494628906,269.5198669433594,10
Flickr30K/4516743554.jpg,/content/Image_captioning_Local/Flickr30K/flickr30k_images/flickr30k_images/flickr30k_images/4516743554.jpg,person,0.7961227297782898,139.7921142578125,92.27301788330078,232.0843048095703,187.62400817871094,4
Flickr30K/4516743554.jpg,/content/Image_captioning_Local/Flickr30K/flickr30k_images/flickr30k_images/flickr30k_images/4516743554.jpg,skateboard,0.43580618500709534,174.86180114746094,180.0709686279297,219.98838806152344,204.57730102539062,4
Flickr30K/4516743554.jpg,/content/Image_captioning_Local/Flickr30K/flickr30k_images/flickr30k_images/flickr30k_images/4516743554.jpg,person,0.3438815176486969,259.8463439941406,84.2557601928711,269.2232360839844,102.56099700927734,4
Flickr30K/4516743554.jpg,/content/Image_captioning_Local/Flickr30K/flickr30k_images/flickr30k_images/flickr30k_images/4516743554.jpg,horse,0.3025308847427368,221.208740234375,94.35376739501953,266.728271484375,179.00027465820312,4
Flickr30K/4516802179.jpg,/content/Image_captioning_Local/Flickr30K/flickr30k_images/flickr30k_images/flickr30k_images/4516802179.jpg,person,0.8907126188278198,83.37823486328125,79.0905990600586,285.281982421875,327.86126708984375,10
Flickr30K/4516802179.jpg,/content/Image_captioning_Local/Flickr30K/flickr30k_images/flickr30k_images/flickr30k_images/4516802179.jpg,person,0.8821536302566528,279.2306823730469,81.75402069091797,449.7073974609375,327.88189697265625,10
Flickr30K/4516802179.jpg,/content/Image_captioning_Local/Flickr30K/flickr30k_images/flickr30k_images/flickr30k_images/4516802179.jpg,person,0.836678683757782,432.13543701171875,114.00305938720703,479.79437255859375,243.03067016601562,10
Flickr30K/4516802179.jpg,/content/Image_captioning_Local/Flickr30K/flickr30k_images/flickr30k_images/flickr30k_images/4516802179.jpg,handbag,0.7139490842819214,373.78961181640625,154.4566192626953,452.8541564941406,314.8183898925781,10
Flickr30K/4516802179.jpg,/content/Image_captioning_Local/Flickr30K/flickr30k_images/flickr30k_images/flickr30k_images/4516802179.jpg,person,0.6763242483139038,196.37857055664062,76.18357849121094,285.3818359375,315.8987121582031,10
Flickr30K/4516802179.jpg,/content/Image_captioning_Local/Flickr30K/flickr30k_images/flickr30k_images/flickr30k_images/4516802179.jpg,handbag,0.5413830280303955,308.1265869140625,207.8046112060547,397.0748291015625,329.23822021484375,10
Flickr30K/4516802179.jpg,/content/Image_captioning_Local/Flickr30K/flickr30k_images/flickr30k_images/flickr30k_images/4516802179.jpg,handbag,0.44481608271598816,387.3490905761719,261.25372314453125,453.8531799316406,314.44403076171875,10
Flickr30K/4516802179.jpg,/content/Image_captioning_Local/Flickr30K/flickr30k_images/flickr30k_images/flickr30k_images/4516802179.jpg,handbag,0.4175252318382263,207.6088409423828,169.07081604003906,272.18756103515625,330.2370910644531,10
Flickr30K/4516802179.jpg,/content/Image_captioning_Local/Flickr30K/flickr30k_images/flickr30k_images/flickr30k_images/4516802179.jpg,handbag,0.35794776678085327,135.01596069335938,169.56130981445312,262.1929931640625,329.19049072265625,10
Flickr30K/4516802179.jpg,/content/Image_captioning_Local/Flickr30K/flickr30k_images/flickr30k_images/flickr30k_images/4516802179.jpg,traffic light,0.27511242032051086,405.4734191894531,41.16313934326172,432.6669616699219,99.44022369384766,10
Flickr30K/4517193541.jpg,/content/Image_captioning_Local/Flickr30K/flickr30k_images/flickr30k_images/flickr30k_images/4517193541.jpg,person,0.6967402100563049,425.1043701171875,189.40036010742188,448.6458435058594,229.73606872558594,5
Flickr30K/4517193541.jpg,/content/Image_captioning_Local/Flickr30K/flickr30k_images/flickr30k_images/flickr30k_images/4517193541.jpg,person,0.6480163931846619,447.3969421386719,182.19857788085938,465.7099609375,216.5926513671875,5
Flickr30K/4517193541.jpg,/content/Image_captioning_Local/Flickr30K/flickr30k_images/flickr30k_images/flickr30k_images/4517193541.jpg,person,0.6331074833869934,434.86126708984375,186.6453399658203,457.94561767578125,228.31246948242188,5
Flickr30K/4517193541.jpg,/content/Image_captioning_Local/Flickr30K/flickr30k_images/flickr30k_images/flickr30k_images/4517193541.jpg,potted plant,0.5760467648506165,456.43072509765625,156.8856964111328,499.7740783691406,220.73318481445312,5
Flickr30K/4517193541.jpg,/content/Image_captioning_Local/Flickr30K/flickr30k_images/flickr30k_images/flickr30k_images/4517193541.jpg,bicycle,0.48666098713874817,336.31854248046875,223.32958984375,382.65533447265625,294.59185791015625,5
Flickr30K/4517305548.jpg,/content/Image_captioning_Local/Flickr30K/flickr30k_images/flickr30k_images/flickr30k_images/4517305548.jpg,person,0.5527068972587585,96.82672119140625,7.551508903503418,376.5809631347656,319.1403503417969,3
Flickr30K/4517305548.jpg,/content/Image_captioning_Local/Flickr30K/flickr30k_images/flickr30k_images/flickr30k_images/4517305548.jpg,tie,0.4994347393512726,210.39340209960938,153.72276306152344,242.95761108398438,192.72366333007812,3
Flickr30K/4517305548.jpg,/content/Image_captioning_Local/Flickr30K/flickr30k_images/flickr30k_images/flickr30k_images/4517305548.jpg,person,0.295457661151886,469.4696960449219,95.96306610107422,499.86663818359375,327.4332580566406,3
Flickr30K/4517513099.jpg,/content/Image_captioning_Local/Flickr30K/flickr30k_images/flickr30k_images/flickr30k_images/4517513099.jpg,person,0.8594566583633423,0.0,51.386322021484375,217.09178161621094,365.10186767578125,3
Flickr30K/4517513099.jpg,/content/Image_captioning_Local/Flickr30K/flickr30k_images/flickr30k_images/flickr30k_images/4517513099.jpg,handbag,0.39945489168167114,0.014998763799667358,262.3836669921875,23.66185188293457,316.1789855957031,3
Flickr30K/4517513099.jpg,/content/Image_captioning_Local/Flickr30K/flickr30k_images/flickr30k_images/flickr30k_images/4517513099.jpg,person,0.37828490138053894,44.781158447265625,18.10288429260254,500.0,369.7312927246094,3
Flickr30K/4517707781.jpg,/content/Image_captioning_Local/Flickr30K/flickr30k_images/flickr30k_images/flickr30k_images/4517707781.jpg,car,0.8644375205039978,48.15719223022461,306.2217102050781,198.1489715576172,422.097412109375,5
Flickr30K/4517707781.jpg,/content/Image_captioning_Local/Flickr30K/flickr30k_images/flickr30k_images/flickr30k_images/4517707781.jpg,person,0.8475123643875122,159.1805419921875,116.98091125488281,375.0,500.0,5
Flickr30K/4517707781.jpg,/content/Image_captioning_Local/Flickr30K/flickr30k_images/flickr30k_images/flickr30k_images/4517707781.jpg,car,0.5806078314781189,335.5018615722656,303.8815612792969,375.0,364.3647766113281,5
Flickr30K/4517707781.jpg,/content/Image_captioning_Local/Flickr30K/flickr30k_images/flickr30k_images/flickr30k_images/4517707781.jpg,car,0.565506100654602,6.0075225830078125,294.8379821777344,180.4797821044922,337.1492004394531,5
Flickr30K/4517707781.jpg,/content/Image_captioning_Local/Flickr30K/flickr30k_images/flickr30k_images/flickr30k_images/4517707781.jpg,car,0.34149280190467834,103.28218841552734,294.21575927734375,168.8660888671875,311.0526428222656,5
Flickr30K/4517838680.jpg,/content/Image_captioning_Local/Flickr30K/flickr30k_images/flickr30k_images/flickr30k_images/4517838680.jpg,person,0.9286444187164307,24.65784454345703,113.51416015625,214.3980255126953,293.5069885253906,25
Flickr30K/4517838680.jpg,/content/Image_captioning_Local/Flickr30K/flickr30k_images/flickr30k_images/flickr30k_images/4517838680.jpg,person,0.8306877613067627,468.3543701171875,137.44964599609375,499.0826110839844,218.61138916015625,25
Flickr30K/4517838680.jpg,/content/Image_captioning_Local/Flickr30K/flickr30k_images/flickr30k_images/flickr30k_images/4517838680.jpg,person,0.8073031902313232,203.47882080078125,135.20053100585938,239.3429718017578,226.26731872558594,25
Flickr30K/4517838680.jpg,/content/Image_captioning_Local/Flickr30K/flickr30k_images/flickr30k_images/flickr30k_images/4517838680.jpg,person,0.772379994392395,423.1392822265625,137.33863830566406,448.62481689453125,220.2628631591797,25
Flickr30K/4517838680.jpg,/content/Image_captioning_Local/Flickr30K/flickr30k_images/flickr30k_images/flickr30k_images/4517838680.jpg,baseball glove,0.7540934681892395,0.4144743084907532,218.5076446533203,29.726177215576172,248.40853881835938,25
Flickr30K/4517838680.jpg,/content/Image_captioning_Local/Flickr30K/flickr30k_images/flickr30k_images/flickr30k_images/4517838680.jpg,baseball bat,0.7368533611297607,150.42263793945312,116.1672134399414,222.00648498535156,152.65249633789062,25
Flickr30K/4517838680.jpg,/content/Image_captioning_Local/Flickr30K/flickr30k_images/flickr30k_images/flickr30k_images/4517838680.jpg,person,0.6970722079277039,369.4625244140625,163.8191680908203,402.0240783691406,222.41062927246094,25
Flickr30K/4517838680.jpg,/content/Image_captioning_Local/Flickr30K/flickr30k_images/flickr30k_images/flickr30k_images/4517838680.jpg,person,0.6928415894508362,345.00390625,166.9292449951172,374.0674133300781,223.1261749267578,25
Flickr30K/4517838680.jpg,/content/Image_captioning_Local/Flickr30K/flickr30k_images/flickr30k_images/flickr30k_images/4517838680.jpg,person,0.6767027974128723,29.130149841308594,162.4676513671875,69.94742584228516,228.6478729248047,25
Flickr30K/4517838680.jpg,/content/Image_captioning_Local/Flickr30K/flickr30k_images/flickr30k_images/flickr30k_images/4517838680.jpg,person,0.6410574316978455,307.04931640625,163.69992065429688,338.88568115234375,222.7403106689453,25
Flickr30K/4517838680.jpg,/content/Image_captioning_Local/Flickr30K/flickr30k_images/flickr30k_images/flickr30k_images/4517838680.jpg,person,0.6257991194725037,448.2684020996094,140.9617156982422,474.1864318847656,219.96768188476562,25
Flickr30K/4517838680.jpg,/content/Image_captioning_Local/Flickr30K/flickr30k_images/flickr30k_images/flickr30k_images/4517838680.jpg,person,0.5897918343544006,159.34201049804688,148.7612762451172,187.0728302001953,227.74649047851562,25
Flickr30K/4517838680.jpg,/content/Image_captioning_Local/Flickr30K/flickr30k_images/flickr30k_images/flickr30k_images/4517838680.jpg,person,0.5677334070205688,231.861572265625,166.66610717773438,261.5443115234375,223.7281036376953,25
Flickr30K/4517838680.jpg,/content/Image_captioning_Local/Flickr30K/flickr30k_images/flickr30k_images/flickr30k_images/4517838680.jpg,umbrella,0.5440440773963928,37.61871337890625,28.317874908447266,157.36904907226562,60.992950439453125,25
Flickr30K/4517838680.jpg,/content/Image_captioning_Local/Flickr30K/flickr30k_images/flickr30k_images/flickr30k_images/4517838680.jpg,umbrella,0.5223530530929565,0.24251863360404968,40.785091400146484,20.278972625732422,55.04216384887695,25
Flickr30K/4517838680.jpg,/content/Image_captioning_Local/Flickr30K/flickr30k_images/flickr30k_images/flickr30k_images/4517838680.jpg,person,0.4980233907699585,370.3904113769531,93.32157897949219,391.552978515625,149.59490966796875,25
Flickr30K/4517838680.jpg,/content/Image_captioning_Local/Flickr30K/flickr30k_images/flickr30k_images/flickr30k_images/4517838680.jpg,person,0.48700791597366333,266.7828369140625,174.43695068359375,312.2908935546875,223.37393188476562,25
Flickr30K/4517838680.jpg,/content/Image_captioning_Local/Flickr30K/flickr30k_images/flickr30k_images/flickr30k_images/4517838680.jpg,person,0.4617355465888977,143.04736328125,165.2589111328125,176.90956115722656,229.1804962158203,25
Flickr30K/4517838680.jpg,/content/Image_captioning_Local/Flickr30K/flickr30k_images/flickr30k_images/flickr30k_images/4517838680.jpg,sports ball,0.45379436016082764,496.00482177734375,242.7130889892578,499.8096923828125,252.00025939941406,25
Flickr30K/4517838680.jpg,/content/Image_captioning_Local/Flickr30K/flickr30k_images/flickr30k_images/flickr30k_images/4517838680.jpg,person,0.4193025231361389,276.7468566894531,71.83268737792969,295.4957275390625,106.22611236572266,25
Flickr30K/4517838680.jpg,/content/Image_captioning_Local/Flickr30K/flickr30k_images/flickr30k_images/flickr30k_images/4517838680.jpg,person,0.4174269437789917,57.554500579833984,172.61090087890625,86.5348892211914,226.9906005859375,25
Flickr30K/4517838680.jpg,/content/Image_captioning_Local/Flickr30K/flickr30k_images/flickr30k_images/flickr30k_images/4517838680.jpg,person,0.41191911697387695,0.08489564061164856,179.34027099609375,21.13691520690918,219.81248474121094,25
Flickr30K/4517838680.jpg,/content/Image_captioning_Local/Flickr30K/flickr30k_images/flickr30k_images/flickr30k_images/4517838680.jpg,person,0.40266886353492737,329.3885498046875,151.64295959472656,355.1670227050781,223.0445556640625,25
Flickr30K/4517838680.jpg,/content/Image_captioning_Local/Flickr30K/flickr30k_images/flickr30k_images/flickr30k_images/4517838680.jpg,person,0.36809176206588745,32.55695343017578,55.78102493286133,54.63005828857422,113.68637084960938,25
Flickr30K/4517838680.jpg,/content/Image_captioning_Local/Flickr30K/flickr30k_images/flickr30k_images/flickr30k_images/4517838680.jpg,person,0.27454182505607605,0.0,78.80856323242188,24.650177001953125,109.09597778320312,25
Flickr30K/4517839542.jpg,/content/Image_captioning_Local/Flickr30K/flickr30k_images/flickr30k_images/flickr30k_images/4517839542.jpg,person,0.9200651049613953,189.50831604003906,159.21414184570312,266.6285400390625,265.56170654296875,5
Flickr30K/4517839542.jpg,/content/Image_captioning_Local/Flickr30K/flickr30k_images/flickr30k_images/flickr30k_images/4517839542.jpg,person,0.8413084149360657,350.676025390625,179.54736328125,422.00128173828125,277.9278869628906,5
Flickr30K/4517839542.jpg,/content/Image_captioning_Local/Flickr30K/flickr30k_images/flickr30k_images/flickr30k_images/4517839542.jpg,person,0.8300437927246094,174.56190490722656,123.78773498535156,356.61932373046875,457.3930358886719,5
Flickr30K/4517839542.jpg,/content/Image_captioning_Local/Flickr30K/flickr30k_images/flickr30k_images/flickr30k_images/4517839542.jpg,baseball glove,0.4052051603794098,189.6030731201172,195.04043579101562,203.93798828125,212.7411346435547,5
Flickr30K/4517839542.jpg,/content/Image_captioning_Local/Flickr30K/flickr30k_images/flickr30k_images/flickr30k_images/4517839542.jpg,baseball glove,0.37249624729156494,320.47772216796875,229.8015899658203,359.38397216796875,261.1767883300781,5
Flickr30K/4517839686.jpg,/content/Image_captioning_Local/Flickr30K/flickr30k_images/flickr30k_images/flickr30k_images/4517839686.jpg,person,0.894291341304779,179.10916137695312,80.75782775878906,305.3157653808594,283.5076904296875,26
Flickr30K/4517839686.jpg,/content/Image_captioning_Local/Flickr30K/flickr30k_images/flickr30k_images/flickr30k_images/4517839686.jpg,person,0.7959756255149841,339.44195556640625,144.85714721679688,385.0399475097656,210.1916961669922,26
Flickr30K/4517839686.jpg,/content/Image_captioning_Local/Flickr30K/flickr30k_images/flickr30k_images/flickr30k_images/4517839686.jpg,person,0.7813100218772888,37.98984146118164,145.47653198242188,75.6368637084961,228.04884338378906,26
Flickr30K/4517839686.jpg,/content/Image_captioning_Local/Flickr30K/flickr30k_images/flickr30k_images/flickr30k_images/4517839686.jpg,person,0.7623819708824158,419.5413513183594,157.04925537109375,458.3826904296875,206.24024963378906,26
Flickr30K/4517839686.jpg,/content/Image_captioning_Local/Flickr30K/flickr30k_images/flickr30k_images/flickr30k_images/4517839686.jpg,person,0.7620739936828613,308.7563171386719,112.7867431640625,349.9052734375,209.07257080078125,26
Flickr30K/4517839686.jpg,/content/Image_captioning_Local/Flickr30K/flickr30k_images/flickr30k_images/flickr30k_images/4517839686.jpg,person,0.7333551645278931,378.0602111816406,140.68475341796875,425.3831481933594,207.90228271484375,26
Flickr30K/4517839686.jpg,/content/Image_captioning_Local/Flickr30K/flickr30k_images/flickr30k_images/flickr30k_images/4517839686.jpg,baseball glove,0.7308034896850586,381.11920166015625,263.5411376953125,418.01214599609375,285.2693176269531,26
Flickr30K/4517839686.jpg,/content/Image_captioning_Local/Flickr30K/flickr30k_images/flickr30k_images/flickr30k_images/4517839686.jpg,person,0.7061111927032471,452.0177001953125,117.26179504394531,491.8606872558594,201.12677001953125,26
Flickr30K/4517839686.jpg,/content/Image_captioning_Local/Flickr30K/flickr30k_images/flickr30k_images/flickr30k_images/4517839686.jpg,person,0.7005735635757446,158.29603576660156,144.9117889404297,201.4150390625,221.829345703125,26
Flickr30K/4517839686.jpg,/content/Image_captioning_Local/Flickr30K/flickr30k_images/flickr30k_images/flickr30k_images/4517839686.jpg,person,0.6995318531990051,129.6244659423828,158.97378540039062,166.1988067626953,222.07269287109375,26
Flickr30K/4517839686.jpg,/content/Image_captioning_Local/Flickr30K/flickr30k_images/flickr30k_images/flickr30k_images/4517839686.jpg,person,0.6723744869232178,300.1600341796875,42.419105529785156,334.1209411621094,82.47836303710938,26
Flickr30K/4517839686.jpg,/content/Image_captioning_Local/Flickr30K/flickr30k_images/flickr30k_images/flickr30k_images/4517839686.jpg,person,0.6580580472946167,73.77206420898438,164.03408813476562,103.90364074707031,225.3734130859375,26
Flickr30K/4517839686.jpg,/content/Image_captioning_Local/Flickr30K/flickr30k_images/flickr30k_images/flickr30k_images/4517839686.jpg,umbrella,0.6552371978759766,37.44295883178711,3.654700517654419,164.92404174804688,37.046653747558594,26
Flickr30K/4517839686.jpg,/content/Image_captioning_Local/Flickr30K/flickr30k_images/flickr30k_images/flickr30k_images/4517839686.jpg,person,0.655214250087738,0.3357023000717163,173.11065673828125,39.22699737548828,229.0625762939453,26
Flickr30K/4517839686.jpg,/content/Image_captioning_Local/Flickr30K/flickr30k_images/flickr30k_images/flickr30k_images/4517839686.jpg,baseball glove,0.5582746863365173,280.1653137207031,97.27936553955078,312.0181884765625,124.05679321289062,26
Flickr30K/4517839686.jpg,/content/Image_captioning_Local/Flickr30K/flickr30k_images/flickr30k_images/flickr30k_images/4517839686.jpg,person,0.4760497808456421,271.6711730957031,101.28762817382812,308.6260681152344,213.7879638671875,26
Flickr30K/4517839686.jpg,/content/Image_captioning_Local/Flickr30K/flickr30k_images/flickr30k_images/flickr30k_images/4517839686.jpg,person,0.46654456853866577,92.22236633300781,122.64463806152344,163.6437530517578,219.0287322998047,26
Flickr30K/4517839686.jpg,/content/Image_captioning_Local/Flickr30K/flickr30k_images/flickr30k_images/flickr30k_images/4517839686.jpg,person,0.4295727014541626,198.40371704101562,131.0394744873047,218.82403564453125,212.2056427001953,26
Flickr30K/4517839686.jpg,/content/Image_captioning_Local/Flickr30K/flickr30k_images/flickr30k_images/flickr30k_images/4517839686.jpg,person,0.3757907450199127,28.79326629638672,43.51054000854492,51.34013748168945,100.48141479492188,26
Flickr30K/4517839686.jpg,/content/Image_captioning_Local/Flickr30K/flickr30k_images/flickr30k_images/flickr30k_images/4517839686.jpg,person,0.3468592166900635,0.0,63.905303955078125,23.122304916381836,94.50320434570312,26
Flickr30K/4517839686.jpg,/content/Image_captioning_Local/Flickr30K/flickr30k_images/flickr30k_images/flickr30k_images/4517839686.jpg,person,0.34408214688301086,422.36431884765625,128.979736328125,486.2314147949219,201.67813110351562,26
Flickr30K/4517839686.jpg,/content/Image_captioning_Local/Flickr30K/flickr30k_images/flickr30k_images/flickr30k_images/4517839686.jpg,person,0.3310801088809967,232.6885528564453,36.1239013671875,253.83602905273438,82.81462860107422,26
Flickr30K/4517839686.jpg,/content/Image_captioning_Local/Flickr30K/flickr30k_images/flickr30k_images/flickr30k_images/4517839686.jpg,umbrella,0.320125937461853,0.0,25.036090850830078,13.413376808166504,35.27895736694336,26
Flickr30K/4517839686.jpg,/content/Image_captioning_Local/Flickr30K/flickr30k_images/flickr30k_images/flickr30k_images/4517839686.jpg,person,0.2890341281890869,462.7879638671875,102.1058349609375,484.7611083984375,128.8017578125,26
Flickr30K/4517839686.jpg,/content/Image_captioning_Local/Flickr30K/flickr30k_images/flickr30k_images/flickr30k_images/4517839686.jpg,person,0.27708831429481506,442.864501953125,104.34882354736328,461.35455322265625,136.15371704101562,26
Flickr30K/4517839686.jpg,/content/Image_captioning_Local/Flickr30K/flickr30k_images/flickr30k_images/flickr30k_images/4517839686.jpg,person,0.265850305557251,102.09215545654297,61.018985748291016,127.12694549560547,89.78597259521484,26
Flickr30K/4518349470.jpg,/content/Image_captioning_Local/Flickr30K/flickr30k_images/flickr30k_images/flickr30k_images/4518349470.jpg,frisbee,0.900667667388916,253.37452697753906,216.03248596191406,280.1212158203125,239.82508850097656,18
Flickr30K/4518349470.jpg,/content/Image_captioning_Local/Flickr30K/flickr30k_images/flickr30k_images/flickr30k_images/4518349470.jpg,person,0.8612006306648254,279.9964294433594,136.1115264892578,363.8325500488281,295.5185241699219,18
Flickr30K/4518349470.jpg,/content/Image_captioning_Local/Flickr30K/flickr30k_images/flickr30k_images/flickr30k_images/4518349470.jpg,person,0.73154616355896,223.7853546142578,62.499935150146484,288.8468322753906,225.1605682373047,18
Flickr30K/4518349470.jpg,/content/Image_captioning_Local/Flickr30K/flickr30k_images/flickr30k_images/flickr30k_images/4518349470.jpg,truck,0.6807151436805725,0.6633400917053223,45.96484375,157.1181182861328,309.5730895996094,18
Flickr30K/4518349470.jpg,/content/Image_captioning_Local/Flickr30K/flickr30k_images/flickr30k_images/flickr30k_images/4518349470.jpg,person,0.6517835259437561,382.454345703125,72.8153305053711,414.02197265625,122.60746765136719,18
Flickr30K/4518349470.jpg,/content/Image_captioning_Local/Flickr30K/flickr30k_images/flickr30k_images/flickr30k_images/4518349470.jpg,bowl,0.6495835781097412,370.1543884277344,265.95440673828125,482.23370361328125,312.6336669921875,18
Flickr30K/4518349470.jpg,/content/Image_captioning_Local/Flickr30K/flickr30k_images/flickr30k_images/flickr30k_images/4518349470.jpg,person,0.6379637718200684,303.796142578125,62.158782958984375,369.76922607421875,258.897216796875,18
Flickr30K/4518349470.jpg,/content/Image_captioning_Local/Flickr30K/flickr30k_images/flickr30k_images/flickr30k_images/4518349470.jpg,truck,0.6113419532775879,205.0780487060547,50.0683708190918,253.77700805664062,96.91459655761719,18
Flickr30K/4518349470.jpg,/content/Image_captioning_Local/Flickr30K/flickr30k_images/flickr30k_images/flickr30k_images/4518349470.jpg,person,0.5194727182388306,196.87045288085938,55.77239227294922,207.18310546875,82.75000762939453,18
Flickr30K/4518349470.jpg,/content/Image_captioning_Local/Flickr30K/flickr30k_images/flickr30k_images/flickr30k_images/4518349470.jpg,umbrella,0.49104711413383484,365.6079406738281,0.0,500.0,74.31141662597656,18
Flickr30K/4518349470.jpg,/content/Image_captioning_Local/Flickr30K/flickr30k_images/flickr30k_images/flickr30k_images/4518349470.jpg,motorcycle,0.438423216342926,365.14593505859375,113.19100952148438,423.2863464355469,186.1479949951172,18
Flickr30K/4518349470.jpg,/content/Image_captioning_Local/Flickr30K/flickr30k_images/flickr30k_images/flickr30k_images/4518349470.jpg,person,0.42424002289772034,295.73455810546875,55.14423370361328,306.0691223144531,81.73632049560547,18
Flickr30K/4518349470.jpg,/content/Image_captioning_Local/Flickr30K/flickr30k_images/flickr30k_images/flickr30k_images/4518349470.jpg,motorcycle,0.4139286279678345,306.635986328125,67.2820053100586,324.4608459472656,88.19074249267578,18
Flickr30K/4518349470.jpg,/content/Image_captioning_Local/Flickr30K/flickr30k_images/flickr30k_images/flickr30k_images/4518349470.jpg,car,0.367510586977005,279.2334899902344,52.184383392333984,296.73760986328125,69.45771789550781,18
Flickr30K/4518349470.jpg,/content/Image_captioning_Local/Flickr30K/flickr30k_images/flickr30k_images/flickr30k_images/4518349470.jpg,motorcycle,0.3310905396938324,361.4987487792969,140.5041046142578,426.4095458984375,228.870849609375,18
Flickr30K/4518349470.jpg,/content/Image_captioning_Local/Flickr30K/flickr30k_images/flickr30k_images/flickr30k_images/4518349470.jpg,umbrella,0.2940112054347992,410.3287658691406,46.05265426635742,499.5877380371094,232.169921875,18
Flickr30K/4518349470.jpg,/content/Image_captioning_Local/Flickr30K/flickr30k_images/flickr30k_images/flickr30k_images/4518349470.jpg,boat,0.28147417306900024,362.77520751953125,214.70968627929688,499.8743591308594,294.8057556152344,18
Flickr30K/4518349470.jpg,/content/Image_captioning_Local/Flickr30K/flickr30k_images/flickr30k_images/flickr30k_images/4518349470.jpg,umbrella,0.2780907452106476,335.36370849609375,22.704214096069336,372.2611999511719,38.54092788696289,18
Flickr30K/4518365173.jpg,/content/Image_captioning_Local/Flickr30K/flickr30k_images/flickr30k_images/flickr30k_images/4518365173.jpg,person,0.8944922089576721,424.2973327636719,196.93246459960938,466.5545349121094,318.1715393066406,7
Flickr30K/4518365173.jpg,/content/Image_captioning_Local/Flickr30K/flickr30k_images/flickr30k_images/flickr30k_images/4518365173.jpg,person,0.8944830894470215,314.0536193847656,193.59185791015625,352.4549865722656,311.0793762207031,7
Flickr30K/4518365173.jpg,/content/Image_captioning_Local/Flickr30K/flickr30k_images/flickr30k_images/flickr30k_images/4518365173.jpg,person,0.842192530632019,251.718994140625,242.91677856445312,305.51953125,301.9685363769531,7
Flickr30K/4518365173.jpg,/content/Image_captioning_Local/Flickr30K/flickr30k_images/flickr30k_images/flickr30k_images/4518365173.jpg,person,0.8271232843399048,364.1849365234375,197.64210510253906,409.26031494140625,302.5149230957031,7
Flickr30K/4518365173.jpg,/content/Image_captioning_Local/Flickr30K/flickr30k_images/flickr30k_images/flickr30k_images/4518365173.jpg,handbag,0.6828039884567261,396.75177001953125,232.72560119628906,419.4143371582031,267.4546813964844,7
Flickr30K/4518365173.jpg,/content/Image_captioning_Local/Flickr30K/flickr30k_images/flickr30k_images/flickr30k_images/4518365173.jpg,sports ball,0.43469738960266113,387.0273132324219,153.5398712158203,396.7384948730469,161.3160400390625,7
Flickr30K/4518365173.jpg,/content/Image_captioning_Local/Flickr30K/flickr30k_images/flickr30k_images/flickr30k_images/4518365173.jpg,handbag,0.3676896393299103,455.0642395019531,237.8529052734375,467.496337890625,262.7738952636719,7
Flickr30K/451875908.jpg,/content/Image_captioning_Local/Flickr30K/flickr30k_images/flickr30k_images/flickr30k_images/451875908.jpg,person,0.8546196818351746,115.18855285644531,158.45765686035156,250.2899627685547,373.1583557128906,1
Flickr30K/4518796612.jpg,/content/Image_captioning_Local/Flickr30K/flickr30k_images/flickr30k_images/flickr30k_images/4518796612.jpg,dog,0.8659037947654724,342.3830871582031,202.55337524414062,418.49908447265625,267.5958557128906,5
Flickr30K/4518796612.jpg,/content/Image_captioning_Local/Flickr30K/flickr30k_images/flickr30k_images/flickr30k_images/4518796612.jpg,bench,0.8565016388893127,65.08428192138672,172.04696655273438,327.52203369140625,288.07073974609375,5
Flickr30K/4518796612.jpg,/content/Image_captioning_Local/Flickr30K/flickr30k_images/flickr30k_images/flickr30k_images/4518796612.jpg,person,0.8157695531845093,149.26527404785156,121.62871551513672,257.5569152832031,281.4022216796875,5
Flickr30K/4518796612.jpg,/content/Image_captioning_Local/Flickr30K/flickr30k_images/flickr30k_images/flickr30k_images/4518796612.jpg,cup,0.4837714731693268,198.71009826660156,172.75979614257812,209.29531860351562,189.8369598388672,5
Flickr30K/4518796612.jpg,/content/Image_captioning_Local/Flickr30K/flickr30k_images/flickr30k_images/flickr30k_images/4518796612.jpg,sports ball,0.36153727769851685,302.0514221191406,265.6000061035156,310.6416931152344,275.39788818359375,5
Flickr30K/4519058738.jpg,/content/Image_captioning_Local/Flickr30K/flickr30k_images/flickr30k_images/flickr30k_images/4519058738.jpg,person,0.9021563529968262,94.17201232910156,214.77755737304688,151.66085815429688,396.8019714355469,12
Flickr30K/4519058738.jpg,/content/Image_captioning_Local/Flickr30K/flickr30k_images/flickr30k_images/flickr30k_images/4519058738.jpg,person,0.8958566188812256,287.601318359375,188.6699981689453,390.4229431152344,482.0,12
Flickr30K/4519058738.jpg,/content/Image_captioning_Local/Flickr30K/flickr30k_images/flickr30k_images/flickr30k_images/4519058738.jpg,person,0.8397067785263062,217.8916015625,202.11326599121094,287.6788635253906,437.85595703125,12
Flickr30K/4519058738.jpg,/content/Image_captioning_Local/Flickr30K/flickr30k_images/flickr30k_images/flickr30k_images/4519058738.jpg,person,0.772144079208374,144.331298828125,194.80386352539062,217.83294677734375,422.2541198730469,12
Flickr30K/4519058738.jpg,/content/Image_captioning_Local/Flickr30K/flickr30k_images/flickr30k_images/flickr30k_images/4519058738.jpg,person,0.7277231812477112,39.06703567504883,231.04310607910156,115.22808074951172,451.7333984375,12
Flickr30K/4519058738.jpg,/content/Image_captioning_Local/Flickr30K/flickr30k_images/flickr30k_images/flickr30k_images/4519058738.jpg,handbag,0.7137037515640259,32.12428665161133,263.9662780761719,76.28390502929688,346.8385314941406,12
Flickr30K/4519058738.jpg,/content/Image_captioning_Local/Flickr30K/flickr30k_images/flickr30k_images/flickr30k_images/4519058738.jpg,person,0.602293074131012,184.06719970703125,193.0518341064453,245.11875915527344,424.3464050292969,12
Flickr30K/4519058738.jpg,/content/Image_captioning_Local/Flickr30K/flickr30k_images/flickr30k_images/flickr30k_images/4519058738.jpg,handbag,0.5416780710220337,210.36074829101562,298.7420349121094,241.3611602783203,365.5374755859375,12
Flickr30K/4519058738.jpg,/content/Image_captioning_Local/Flickr30K/flickr30k_images/flickr30k_images/flickr30k_images/4519058738.jpg,handbag,0.47908926010131836,91.85321044921875,355.0189208984375,130.35791015625,416.71942138671875,12
Flickr30K/4519058738.jpg,/content/Image_captioning_Local/Flickr30K/flickr30k_images/flickr30k_images/flickr30k_images/4519058738.jpg,person,0.46846744418144226,263.7123718261719,205.08656311035156,326.1406555175781,457.34368896484375,12
Flickr30K/4519058738.jpg,/content/Image_captioning_Local/Flickr30K/flickr30k_images/flickr30k_images/flickr30k_images/4519058738.jpg,suitcase,0.45640042424201965,90.54434204101562,356.88885498046875,130.38067626953125,416.4575500488281,12
Flickr30K/4519058738.jpg,/content/Image_captioning_Local/Flickr30K/flickr30k_images/flickr30k_images/flickr30k_images/4519058738.jpg,person,0.3098149001598358,90.1920166015625,226.45492553710938,108.13490295410156,260.2356872558594,12
Flickr30K/4519321887.jpg,/content/Image_captioning_Local/Flickr30K/flickr30k_images/flickr30k_images/flickr30k_images/4519321887.jpg,person,0.9551068544387817,0.14899373054504395,59.425743103027344,130.525634765625,326.1336364746094,6
Flickr30K/4519321887.jpg,/content/Image_captioning_Local/Flickr30K/flickr30k_images/flickr30k_images/flickr30k_images/4519321887.jpg,person,0.8245310187339783,325.4530944824219,71.7103042602539,498.9871826171875,329.1539306640625,6
Flickr30K/4519321887.jpg,/content/Image_captioning_Local/Flickr30K/flickr30k_images/flickr30k_images/flickr30k_images/4519321887.jpg,bicycle,0.6251571774482727,317.7903747558594,126.72307586669922,364.9261474609375,173.37734985351562,6
Flickr30K/4519321887.jpg,/content/Image_captioning_Local/Flickr30K/flickr30k_images/flickr30k_images/flickr30k_images/4519321887.jpg,bicycle,0.5836248397827148,387.69097900390625,126.3548583984375,425.3446960449219,170.35552978515625,6
Flickr30K/4519321887.jpg,/content/Image_captioning_Local/Flickr30K/flickr30k_images/flickr30k_images/flickr30k_images/4519321887.jpg,bicycle,0.5196061134338379,345.4921569824219,118.82207489013672,386.04052734375,172.50286865234375,6
Flickr30K/4519321887.jpg,/content/Image_captioning_Local/Flickr30K/flickr30k_images/flickr30k_images/flickr30k_images/4519321887.jpg,bicycle,0.39022961258888245,367.3707580566406,128.29559326171875,401.38702392578125,171.18228149414062,6
Flickr30K/4519403752.jpg,/content/Image_captioning_Local/Flickr30K/flickr30k_images/flickr30k_images/flickr30k_images/4519403752.jpg,person,0.7562210559844971,139.59515380859375,281.87237548828125,217.46656799316406,452.1231994628906,8
Flickr30K/4519403752.jpg,/content/Image_captioning_Local/Flickr30K/flickr30k_images/flickr30k_images/flickr30k_images/4519403752.jpg,person,0.5213720798492432,258.06463623046875,269.09112548828125,266.94525146484375,288.7684326171875,8
Flickr30K/4519403752.jpg,/content/Image_captioning_Local/Flickr30K/flickr30k_images/flickr30k_images/flickr30k_images/4519403752.jpg,kite,0.5098068714141846,45.79264450073242,74.62472534179688,55.99205017089844,78.41242218017578,8
Flickr30K/4519403752.jpg,/content/Image_captioning_Local/Flickr30K/flickr30k_images/flickr30k_images/flickr30k_images/4519403752.jpg,kite,0.4912942349910736,136.6630096435547,68.64594268798828,154.9399871826172,73.72190856933594,8
Flickr30K/4519403752.jpg,/content/Image_captioning_Local/Flickr30K/flickr30k_images/flickr30k_images/flickr30k_images/4519403752.jpg,person,0.4637760818004608,201.1953125,271.00860595703125,211.9474639892578,300.80511474609375,8
Flickr30K/4519403752.jpg,/content/Image_captioning_Local/Flickr30K/flickr30k_images/flickr30k_images/flickr30k_images/4519403752.jpg,person,0.41918209195137024,191.64073181152344,271.1149597167969,203.5820770263672,299.0596618652344,8
Flickr30K/4519403752.jpg,/content/Image_captioning_Local/Flickr30K/flickr30k_images/flickr30k_images/flickr30k_images/4519403752.jpg,person,0.3931071162223816,177.2722930908203,274.70953369140625,192.06903076171875,298.5220642089844,8
Flickr30K/4519403752.jpg,/content/Image_captioning_Local/Flickr30K/flickr30k_images/flickr30k_images/flickr30k_images/4519403752.jpg,person,0.27737751603126526,188.0738067626953,295.3031311035156,209.17999267578125,342.5672912597656,8
Flickr30K/4519902281.jpg,/content/Image_captioning_Local/Flickr30K/flickr30k_images/flickr30k_images/flickr30k_images/4519902281.jpg,person,0.8974931240081787,240.78717041015625,173.34239196777344,295.41888427734375,239.4276885986328,3
Flickr30K/4519902281.jpg,/content/Image_captioning_Local/Flickr30K/flickr30k_images/flickr30k_images/flickr30k_images/4519902281.jpg,person,0.8541531562805176,129.4633331298828,135.7582550048828,149.8104705810547,177.66976928710938,3
Flickr30K/4519902281.jpg,/content/Image_captioning_Local/Flickr30K/flickr30k_images/flickr30k_images/flickr30k_images/4519902281.jpg,person,0.7758044600486755,154.3033447265625,210.4982147216797,179.2386474609375,248.97592163085938,3
Flickr30K/4519904608.jpg,/content/Image_captioning_Local/Flickr30K/flickr30k_images/flickr30k_images/flickr30k_images/4519904608.jpg,person,0.6212581992149353,28.472549438476562,97.10198974609375,71.73078918457031,187.17384338378906,1
Flickr30K/4519956506.jpg,/content/Image_captioning_Local/Flickr30K/flickr30k_images/flickr30k_images/flickr30k_images/4519956506.jpg,person,0.8921605348587036,9.86458683013916,0.0,170.18258666992188,321.19073486328125,12
Flickr30K/4519956506.jpg,/content/Image_captioning_Local/Flickr30K/flickr30k_images/flickr30k_images/flickr30k_images/4519956506.jpg,car,0.8500282168388367,227.21908569335938,3.782421350479126,282.38531494140625,36.170108795166016,12
Flickr30K/4519956506.jpg,/content/Image_captioning_Local/Flickr30K/flickr30k_images/flickr30k_images/flickr30k_images/4519956506.jpg,car,0.8260653614997864,280.0992431640625,7.573514938354492,343.1787109375,35.007266998291016,12
Flickr30K/4519956506.jpg,/content/Image_captioning_Local/Flickr30K/flickr30k_images/flickr30k_images/flickr30k_images/4519956506.jpg,car,0.79143226146698,137.81764221191406,2.885645627975464,317.63623046875,186.38734436035156,12
Flickr30K/4519956506.jpg,/content/Image_captioning_Local/Flickr30K/flickr30k_images/flickr30k_images/flickr30k_images/4519956506.jpg,car,0.7470706105232239,331.5677490234375,4.965764045715332,379.6918640136719,27.767282485961914,12
Flickr30K/4519956506.jpg,/content/Image_captioning_Local/Flickr30K/flickr30k_images/flickr30k_images/flickr30k_images/4519956506.jpg,car,0.7091888785362244,252.85000610351562,35.64103317260742,381.31671142578125,151.2503662109375,12
Flickr30K/4519956506.jpg,/content/Image_captioning_Local/Flickr30K/flickr30k_images/flickr30k_images/flickr30k_images/4519956506.jpg,person,0.6808592677116394,326.3028564453125,0.0,493.09649658203125,331.8029479980469,12
Flickr30K/4519956506.jpg,/content/Image_captioning_Local/Flickr30K/flickr30k_images/flickr30k_images/flickr30k_images/4519956506.jpg,handbag,0.6716005206108093,391.81072998046875,101.30850982666016,500.0,273.6992492675781,12
Flickr30K/4519956506.jpg,/content/Image_captioning_Local/Flickr30K/flickr30k_images/flickr30k_images/flickr30k_images/4519956506.jpg,cell phone,0.5201664566993713,391.0063171386719,36.72534942626953,398.675537109375,54.98711395263672,12
Flickr30K/4519956506.jpg,/content/Image_captioning_Local/Flickr30K/flickr30k_images/flickr30k_images/flickr30k_images/4519956506.jpg,car,0.464936226606369,0.0,34.67977523803711,44.862525939941406,206.86094665527344,12
Flickr30K/4519956506.jpg,/content/Image_captioning_Local/Flickr30K/flickr30k_images/flickr30k_images/flickr30k_images/4519956506.jpg,car,0.3213208317756653,463.9390869140625,21.27705192565918,500.0,102.47264099121094,12
Flickr30K/4519956506.jpg,/content/Image_captioning_Local/Flickr30K/flickr30k_images/flickr30k_images/flickr30k_images/4519956506.jpg,cell phone,0.3143634498119354,397.18780517578125,57.15139389038086,415.2257995605469,72.1225814819336,12
Flickr30K/4520180621.jpg,/content/Image_captioning_Local/Flickr30K/flickr30k_images/flickr30k_images/flickr30k_images/4520180621.jpg,person,0.9098939895629883,98.88358306884766,119.73609924316406,197.02593994140625,330.3714599609375,15
Flickr30K/4520180621.jpg,/content/Image_captioning_Local/Flickr30K/flickr30k_images/flickr30k_images/flickr30k_images/4520180621.jpg,potted plant,0.8624169826507568,425.75860595703125,159.49420166015625,499.5578308105469,262.3496398925781,15
Flickr30K/4520180621.jpg,/content/Image_captioning_Local/Flickr30K/flickr30k_images/flickr30k_images/flickr30k_images/4520180621.jpg,car,0.859567403793335,192.36505126953125,193.55194091796875,285.8664855957031,228.64549255371094,15
Flickr30K/4520180621.jpg,/content/Image_captioning_Local/Flickr30K/flickr30k_images/flickr30k_images/flickr30k_images/4520180621.jpg,person,0.8020505905151367,6.923553943634033,185.75286865234375,21.485862731933594,227.677734375,15
Flickr30K/4520180621.jpg,/content/Image_captioning_Local/Flickr30K/flickr30k_images/flickr30k_images/flickr30k_images/4520180621.jpg,potted plant,0.7758311033248901,345.1532897949219,199.04150390625,396.0521240234375,259.5595703125,15
Flickr30K/4520180621.jpg,/content/Image_captioning_Local/Flickr30K/flickr30k_images/flickr30k_images/flickr30k_images/4520180621.jpg,person,0.5742465257644653,84.21715545654297,185.24488830566406,98.18017578125,227.09107971191406,15
Flickr30K/4520180621.jpg,/content/Image_captioning_Local/Flickr30K/flickr30k_images/flickr30k_images/flickr30k_images/4520180621.jpg,handbag,0.48765772581100464,169.26763916015625,249.77772521972656,195.20074462890625,286.9874572753906,15
Flickr30K/4520180621.jpg,/content/Image_captioning_Local/Flickr30K/flickr30k_images/flickr30k_images/flickr30k_images/4520180621.jpg,person,0.3953189551830292,0.031883642077445984,187.50025939941406,8.79078197479248,210.11082458496094,15
Flickr30K/4520180621.jpg,/content/Image_captioning_Local/Flickr30K/flickr30k_images/flickr30k_images/flickr30k_images/4520180621.jpg,cell phone,0.3505111336708069,122.56217193603516,153.21807861328125,130.7150421142578,169.4874725341797,15
Flickr30K/4520180621.jpg,/content/Image_captioning_Local/Flickr30K/flickr30k_images/flickr30k_images/flickr30k_images/4520180621.jpg,car,0.33625155687332153,278.4437561035156,184.80038452148438,372.7084045410156,229.50991821289062,15
Flickr30K/4520180621.jpg,/content/Image_captioning_Local/Flickr30K/flickr30k_images/flickr30k_images/flickr30k_images/4520180621.jpg,potted plant,0.3339439332485199,285.52716064453125,191.9618377685547,311.88555908203125,230.51226806640625,15
Flickr30K/4520180621.jpg,/content/Image_captioning_Local/Flickr30K/flickr30k_images/flickr30k_images/flickr30k_images/4520180621.jpg,cell phone,0.2633051574230194,152.53271484375,230.58917236328125,162.83802795410156,241.94943237304688,15
Flickr30K/4520180621.jpg,/content/Image_captioning_Local/Flickr30K/flickr30k_images/flickr30k_images/flickr30k_images/4520180621.jpg,potted plant,0.2588283121585846,324.3245849609375,203.6998748779297,357.49285888671875,240.73410034179688,15
Flickr30K/4520180621.jpg,/content/Image_captioning_Local/Flickr30K/flickr30k_images/flickr30k_images/flickr30k_images/4520180621.jpg,potted plant,0.254341721534729,293.98101806640625,184.2594451904297,385.30181884765625,237.25650024414062,15
Flickr30K/4520180621.jpg,/content/Image_captioning_Local/Flickr30K/flickr30k_images/flickr30k_images/flickr30k_images/4520180621.jpg,handbag,0.2530021369457245,165.4947509765625,183.1116943359375,194.21128845214844,293.5183410644531,15
Flickr30K/4520185597.jpg,/content/Image_captioning_Local/Flickr30K/flickr30k_images/flickr30k_images/flickr30k_images/4520185597.jpg,person,0.9331009387969971,1.301446557044983,122.90725708007812,70.9808120727539,321.6800231933594,12
Flickr30K/4520185597.jpg,/content/Image_captioning_Local/Flickr30K/flickr30k_images/flickr30k_images/flickr30k_images/4520185597.jpg,person,0.9285019040107727,100.28836822509766,65.22586822509766,254.3801727294922,324.1123046875,12
Flickr30K/4520185597.jpg,/content/Image_captioning_Local/Flickr30K/flickr30k_images/flickr30k_images/flickr30k_images/4520185597.jpg,person,0.9107426404953003,301.1261291503906,149.81529235839844,360.9071044921875,303.6016845703125,12
Flickr30K/4520185597.jpg,/content/Image_captioning_Local/Flickr30K/flickr30k_images/flickr30k_images/flickr30k_images/4520185597.jpg,tie,0.8905898332595825,157.05226135253906,137.8122100830078,183.29859924316406,247.7518310546875,12
Flickr30K/4520185597.jpg,/content/Image_captioning_Local/Flickr30K/flickr30k_images/flickr30k_images/flickr30k_images/4520185597.jpg,car,0.8242170214653015,361.2826843261719,182.7594757080078,448.3941650390625,245.09286499023438,12
Flickr30K/4520185597.jpg,/content/Image_captioning_Local/Flickr30K/flickr30k_images/flickr30k_images/flickr30k_images/4520185597.jpg,truck,0.8107226490974426,439.84564208984375,118.1801528930664,499.4256896972656,278.3811340332031,12
Flickr30K/4520185597.jpg,/content/Image_captioning_Local/Flickr30K/flickr30k_images/flickr30k_images/flickr30k_images/4520185597.jpg,person,0.7664069533348083,247.22805786132812,172.0487823486328,262.500244140625,231.91998291015625,12
Flickr30K/4520185597.jpg,/content/Image_captioning_Local/Flickr30K/flickr30k_images/flickr30k_images/flickr30k_images/4520185597.jpg,fire hydrant,0.5497693419456482,422.6636047363281,224.60293579101562,446.35504150390625,269.0699462890625,12
Flickr30K/4520185597.jpg,/content/Image_captioning_Local/Flickr30K/flickr30k_images/flickr30k_images/flickr30k_images/4520185597.jpg,car,0.5296255946159363,261.5447998046875,184.31866455078125,285.0093994140625,207.6789093017578,12
Flickr30K/4520185597.jpg,/content/Image_captioning_Local/Flickr30K/flickr30k_images/flickr30k_images/flickr30k_images/4520185597.jpg,suitcase,0.36325833201408386,85.4161148071289,279.4998474121094,130.10780334472656,331.7906494140625,12
Flickr30K/4520185597.jpg,/content/Image_captioning_Local/Flickr30K/flickr30k_images/flickr30k_images/flickr30k_images/4520185597.jpg,car,0.31236258149147034,267.65399169921875,185.6288604736328,307.2151794433594,214.32736206054688,12
Flickr30K/4520185597.jpg,/content/Image_captioning_Local/Flickr30K/flickr30k_images/flickr30k_images/flickr30k_images/4520185597.jpg,car,0.2544020712375641,359.0866394042969,174.74517822265625,401.71160888671875,215.29183959960938,12
Flickr30K/4520504568.jpg,/content/Image_captioning_Local/Flickr30K/flickr30k_images/flickr30k_images/flickr30k_images/4520504568.jpg,person,0.7244209051132202,322.2874755859375,160.46681213378906,344.2734375,209.79403686523438,1
Flickr30K/4520518550.jpg,/content/Image_captioning_Local/Flickr30K/flickr30k_images/flickr30k_images/flickr30k_images/4520518550.jpg,person,0.8753617405891418,212.8225555419922,222.34349060058594,287.07183837890625,420.4093933105469,5
Flickr30K/4520518550.jpg,/content/Image_captioning_Local/Flickr30K/flickr30k_images/flickr30k_images/flickr30k_images/4520518550.jpg,truck,0.7999195456504822,377.715576171875,248.35464477539062,484.8829345703125,320.4175720214844,5
Flickr30K/4520518550.jpg,/content/Image_captioning_Local/Flickr30K/flickr30k_images/flickr30k_images/flickr30k_images/4520518550.jpg,person,0.7156580686569214,352.4644470214844,272.949462890625,373.0664367675781,324.75341796875,5
Flickr30K/4520518550.jpg,/content/Image_captioning_Local/Flickr30K/flickr30k_images/flickr30k_images/flickr30k_images/4520518550.jpg,person,0.6230903267860413,308.46051025390625,268.0506896972656,325.3106384277344,322.7959289550781,5
Flickr30K/4520518550.jpg,/content/Image_captioning_Local/Flickr30K/flickr30k_images/flickr30k_images/flickr30k_images/4520518550.jpg,car,0.5882078409194946,324.2718200683594,280.2073669433594,354.38726806640625,303.4715881347656,5
Flickr30K/4520523965.jpg,/content/Image_captioning_Local/Flickr30K/flickr30k_images/flickr30k_images/flickr30k_images/4520523965.jpg,chair,0.7810239791870117,231.5755615234375,146.41432189941406,429.9086608886719,325.6553039550781,5
Flickr30K/4520523965.jpg,/content/Image_captioning_Local/Flickr30K/flickr30k_images/flickr30k_images/flickr30k_images/4520523965.jpg,person,0.7503905296325684,253.52719116210938,37.281028747558594,500.0,314.7695007324219,5
Flickr30K/4520523965.jpg,/content/Image_captioning_Local/Flickr30K/flickr30k_images/flickr30k_images/flickr30k_images/4520523965.jpg,person,0.7031377553939819,130.8064727783203,32.39186477661133,263.6931457519531,150.63607788085938,5
Flickr30K/4520523965.jpg,/content/Image_captioning_Local/Flickr30K/flickr30k_images/flickr30k_images/flickr30k_images/4520523965.jpg,chair,0.697247326374054,26.133764266967773,146.15748596191406,234.38368225097656,325.0375671386719,5
Flickr30K/4520523965.jpg,/content/Image_captioning_Local/Flickr30K/flickr30k_images/flickr30k_images/flickr30k_images/4520523965.jpg,cell phone,0.3952660858631134,201.8832244873047,59.58656692504883,212.07093811035156,72.12249755859375,5
Flickr30K/4520819002.jpg,/content/Image_captioning_Local/Flickr30K/flickr30k_images/flickr30k_images/flickr30k_images/4520819002.jpg,person,0.849958598613739,222.34153747558594,10.515242576599121,432.61871337890625,327.3874206542969,3
Flickr30K/4520819002.jpg,/content/Image_captioning_Local/Flickr30K/flickr30k_images/flickr30k_images/flickr30k_images/4520819002.jpg,cell phone,0.7887412309646606,392.33935546875,77.90752410888672,413.73712158203125,113.08171844482422,3
Flickr30K/4520819002.jpg,/content/Image_captioning_Local/Flickr30K/flickr30k_images/flickr30k_images/flickr30k_images/4520819002.jpg,person,0.6263679265975952,472.64117431640625,2.609318494796753,499.83843994140625,81.12556457519531,3
Flickr30K/4520820052.jpg,/content/Image_captioning_Local/Flickr30K/flickr30k_images/flickr30k_images/flickr30k_images/4520820052.jpg,person,0.848488986492157,84.575927734375,112.23213958740234,352.48626708984375,497.54534912109375,4
Flickr30K/4520820052.jpg,/content/Image_captioning_Local/Flickr30K/flickr30k_images/flickr30k_images/flickr30k_images/4520820052.jpg,person,0.6496580243110657,308.2469177246094,194.45529174804688,447.3108215332031,496.00042724609375,4
Flickr30K/4520820052.jpg,/content/Image_captioning_Local/Flickr30K/flickr30k_images/flickr30k_images/flickr30k_images/4520820052.jpg,handbag,0.6380981802940369,420.8138427734375,289.6589050292969,476.9927062988281,413.9723815917969,4
Flickr30K/4520820052.jpg,/content/Image_captioning_Local/Flickr30K/flickr30k_images/flickr30k_images/flickr30k_images/4520820052.jpg,handbag,0.38673821091651917,354.5906677246094,253.65383911132812,428.18890380859375,337.7195739746094,4
Flickr30K/4520823262.jpg,/content/Image_captioning_Local/Flickr30K/flickr30k_images/flickr30k_images/flickr30k_images/4520823262.jpg,person,0.9466671347618103,303.31427001953125,174.88613891601562,500.0,374.76171875,8
Flickr30K/4520823262.jpg,/content/Image_captioning_Local/Flickr30K/flickr30k_images/flickr30k_images/flickr30k_images/4520823262.jpg,person,0.8739414215087891,189.23924255371094,186.11917114257812,303.3143615722656,363.9523620605469,8
Flickr30K/4520823262.jpg,/content/Image_captioning_Local/Flickr30K/flickr30k_images/flickr30k_images/flickr30k_images/4520823262.jpg,person,0.8668733835220337,83.8914794921875,213.52767944335938,269.7655334472656,372.3558044433594,8
Flickr30K/4520823262.jpg,/content/Image_captioning_Local/Flickr30K/flickr30k_images/flickr30k_images/flickr30k_images/4520823262.jpg,person,0.7565263509750366,325.3517150878906,186.1131591796875,391.17694091796875,301.92938232421875,8
Flickr30K/4520823262.jpg,/content/Image_captioning_Local/Flickr30K/flickr30k_images/flickr30k_images/flickr30k_images/4520823262.jpg,person,0.7439844608306885,195.67236328125,259.558349609375,280.5896911621094,373.5345458984375,8
Flickr30K/4520823262.jpg,/content/Image_captioning_Local/Flickr30K/flickr30k_images/flickr30k_images/flickr30k_images/4520823262.jpg,tie,0.4548931121826172,131.22239685058594,341.5743713378906,156.7747344970703,372.9515075683594,8
Flickr30K/4520823262.jpg,/content/Image_captioning_Local/Flickr30K/flickr30k_images/flickr30k_images/flickr30k_images/4520823262.jpg,person,0.3426743745803833,239.63258361816406,186.98065185546875,312.927734375,281.1925048828125,8
Flickr30K/4520823262.jpg,/content/Image_captioning_Local/Flickr30K/flickr30k_images/flickr30k_images/flickr30k_images/4520823262.jpg,person,0.30484288930892944,244.56854248046875,192.831298828125,323.84912109375,371.1324768066406,8
Flickr30K/4521158207.jpg,/content/Image_captioning_Local/Flickr30K/flickr30k_images/flickr30k_images/flickr30k_images/4521158207.jpg,person,0.8495389819145203,130.5267791748047,98.5464096069336,187.69451904296875,202.56004333496094,3
Flickr30K/4521158207.jpg,/content/Image_captioning_Local/Flickr30K/flickr30k_images/flickr30k_images/flickr30k_images/4521158207.jpg,person,0.5771728754043579,181.29742431640625,105.78314971923828,211.5037841796875,188.95765686035156,3
Flickr30K/4521158207.jpg,/content/Image_captioning_Local/Flickr30K/flickr30k_images/flickr30k_images/flickr30k_images/4521158207.jpg,suitcase,0.2733912467956543,170.09475708007812,141.8747100830078,205.5086669921875,195.47073364257812,3
Flickr30K/4521223019.jpg,/content/Image_captioning_Local/Flickr30K/flickr30k_images/flickr30k_images/flickr30k_images/4521223019.jpg,person,0.7342211604118347,247.30331420898438,209.40980529785156,329.91778564453125,303.93353271484375,3
Flickr30K/4521223019.jpg,/content/Image_captioning_Local/Flickr30K/flickr30k_images/flickr30k_images/flickr30k_images/4521223019.jpg,person,0.37577030062675476,249.6337127685547,163.06080627441406,294.97845458984375,234.66368103027344,3
Flickr30K/4521223019.jpg,/content/Image_captioning_Local/Flickr30K/flickr30k_images/flickr30k_images/flickr30k_images/4521223019.jpg,bench,0.3342268168926239,29.6104793548584,204.59603881835938,180.16664123535156,260.5574951171875,3
Flickr30K/4521546708.jpg,/content/Image_captioning_Local/Flickr30K/flickr30k_images/flickr30k_images/flickr30k_images/4521546708.jpg,dog,0.8216136693954468,148.94821166992188,303.460205078125,267.5294494628906,500.0,2
Flickr30K/4521546708.jpg,/content/Image_captioning_Local/Flickr30K/flickr30k_images/flickr30k_images/flickr30k_images/4521546708.jpg,person,0.7349669933319092,257.3512268066406,279.99786376953125,367.0078125,393.7586669921875,2
Flickr30K/4521610782.jpg,/content/Image_captioning_Local/Flickr30K/flickr30k_images/flickr30k_images/flickr30k_images/4521610782.jpg,car,0.9288153648376465,95.29126739501953,143.06707763671875,182.5435791015625,194.02452087402344,14
Flickr30K/4521610782.jpg,/content/Image_captioning_Local/Flickr30K/flickr30k_images/flickr30k_images/flickr30k_images/4521610782.jpg,car,0.9166232943534851,242.2028045654297,150.57675170898438,500.0,262.79461669921875,14
Flickr30K/4521610782.jpg,/content/Image_captioning_Local/Flickr30K/flickr30k_images/flickr30k_images/flickr30k_images/4521610782.jpg,car,0.818263590335846,72.50293731689453,142.14511108398438,104.95124053955078,171.08030700683594,14
Flickr30K/4521610782.jpg,/content/Image_captioning_Local/Flickr30K/flickr30k_images/flickr30k_images/flickr30k_images/4521610782.jpg,car,0.7749911546707153,163.2527618408203,131.55270385742188,221.3946075439453,183.00576782226562,14
Flickr30K/4521610782.jpg,/content/Image_captioning_Local/Flickr30K/flickr30k_images/flickr30k_images/flickr30k_images/4521610782.jpg,person,0.7550017833709717,6.036435604095459,133.84146118164062,28.21587371826172,189.908935546875,14
Flickr30K/4521610782.jpg,/content/Image_captioning_Local/Flickr30K/flickr30k_images/flickr30k_images/flickr30k_images/4521610782.jpg,person,0.7549296617507935,436.0287170410156,140.63052368164062,463.85321044921875,194.61183166503906,14
Flickr30K/4521610782.jpg,/content/Image_captioning_Local/Flickr30K/flickr30k_images/flickr30k_images/flickr30k_images/4521610782.jpg,person,0.7084042429924011,408.30859375,137.66229248046875,424.58428955078125,171.52951049804688,14
Flickr30K/4521610782.jpg,/content/Image_captioning_Local/Flickr30K/flickr30k_images/flickr30k_images/flickr30k_images/4521610782.jpg,car,0.6853450536727905,214.40463256835938,129.64077758789062,317.76513671875,191.91326904296875,14
Flickr30K/4521610782.jpg,/content/Image_captioning_Local/Flickr30K/flickr30k_images/flickr30k_images/flickr30k_images/4521610782.jpg,car,0.672292172908783,44.91923904418945,129.53855895996094,89.29915618896484,163.32418823242188,14
Flickr30K/4521610782.jpg,/content/Image_captioning_Local/Flickr30K/flickr30k_images/flickr30k_images/flickr30k_images/4521610782.jpg,truck,0.46423012018203735,27.308935165405273,123.20904541015625,56.16849136352539,156.69923400878906,14
Flickr30K/4521610782.jpg,/content/Image_captioning_Local/Flickr30K/flickr30k_images/flickr30k_images/flickr30k_images/4521610782.jpg,person,0.441968709230423,487.237060546875,158.2234649658203,499.54205322265625,207.37860107421875,14
Flickr30K/4521610782.jpg,/content/Image_captioning_Local/Flickr30K/flickr30k_images/flickr30k_images/flickr30k_images/4521610782.jpg,car,0.3912259638309479,28.3560791015625,125.17819213867188,53.02257537841797,156.2058868408203,14
Flickr30K/4521610782.jpg,/content/Image_captioning_Local/Flickr30K/flickr30k_images/flickr30k_images/flickr30k_images/4521610782.jpg,car,0.38217586278915405,0.11473521590232849,132.71263122558594,14.705276489257812,159.12237548828125,14
Flickr30K/4521610782.jpg,/content/Image_captioning_Local/Flickr30K/flickr30k_images/flickr30k_images/flickr30k_images/4521610782.jpg,person,0.33551347255706787,149.70880126953125,135.06494140625,159.47203063964844,145.6826629638672,14
Flickr30K/4521610802.jpg,/content/Image_captioning_Local/Flickr30K/flickr30k_images/flickr30k_images/flickr30k_images/4521610802.jpg,person,0.9026705026626587,465.8876953125,168.24273681640625,500.0,302.97125244140625,10
Flickr30K/4521610802.jpg,/content/Image_captioning_Local/Flickr30K/flickr30k_images/flickr30k_images/flickr30k_images/4521610802.jpg,person,0.8987998366355896,308.174560546875,168.90245056152344,361.4041748046875,362.5960693359375,10
Flickr30K/4521610802.jpg,/content/Image_captioning_Local/Flickr30K/flickr30k_images/flickr30k_images/flickr30k_images/4521610802.jpg,car,0.8617021441459656,430.1271057128906,194.92153930664062,471.19488525390625,245.1302947998047,10
Flickr30K/4521610802.jpg,/content/Image_captioning_Local/Flickr30K/flickr30k_images/flickr30k_images/flickr30k_images/4521610802.jpg,car,0.8335896134376526,1.0776877403259277,188.5913848876953,155.8931427001953,277.3587341308594,10
Flickr30K/4521610802.jpg,/content/Image_captioning_Local/Flickr30K/flickr30k_images/flickr30k_images/flickr30k_images/4521610802.jpg,car,0.5195450782775879,124.65164947509766,176.58224487304688,234.5950164794922,231.5326690673828,10
Flickr30K/4521610802.jpg,/content/Image_captioning_Local/Flickr30K/flickr30k_images/flickr30k_images/flickr30k_images/4521610802.jpg,person,0.4786505699157715,45.520599365234375,197.5069580078125,63.55332565307617,217.32159423828125,10
Flickr30K/4521610802.jpg,/content/Image_captioning_Local/Flickr30K/flickr30k_images/flickr30k_images/flickr30k_images/4521610802.jpg,car,0.4466327726840973,446.4034118652344,182.53160095214844,472.2933654785156,201.55062866210938,10
Flickr30K/4521610802.jpg,/content/Image_captioning_Local/Flickr30K/flickr30k_images/flickr30k_images/flickr30k_images/4521610802.jpg,car,0.30630984902381897,187.0806121826172,194.38221740722656,236.20362854003906,250.6613006591797,10
Flickr30K/4521610802.jpg,/content/Image_captioning_Local/Flickr30K/flickr30k_images/flickr30k_images/flickr30k_images/4521610802.jpg,car,0.30129265785217285,174.65457153320312,173.36082458496094,232.21678161621094,199.8798828125,10
Flickr30K/4521610802.jpg,/content/Image_captioning_Local/Flickr30K/flickr30k_images/flickr30k_images/flickr30k_images/4521610802.jpg,truck,0.2689913511276245,0.0,155.32472229003906,105.29011535644531,199.7984161376953,10
Flickr30K/4521860330.jpg,/content/Image_captioning_Local/Flickr30K/flickr30k_images/flickr30k_images/flickr30k_images/4521860330.jpg,,,,,,,0
Flickr30K/4522422148.jpg,/content/Image_captioning_Local/Flickr30K/flickr30k_images/flickr30k_images/flickr30k_images/4522422148.jpg,person,0.890705943107605,100.70271301269531,95.87362670898438,170.53070068359375,228.4180908203125,20
Flickr30K/4522422148.jpg,/content/Image_captioning_Local/Flickr30K/flickr30k_images/flickr30k_images/flickr30k_images/4522422148.jpg,person,0.8707451820373535,168.01258850097656,100.90420532226562,241.53057861328125,232.25967407226562,20
Flickr30K/4522422148.jpg,/content/Image_captioning_Local/Flickr30K/flickr30k_images/flickr30k_images/flickr30k_images/4522422148.jpg,person,0.8601603507995605,54.413997650146484,122.97601318359375,114.36087036132812,225.02972412109375,20
Flickr30K/4522422148.jpg,/content/Image_captioning_Local/Flickr30K/flickr30k_images/flickr30k_images/flickr30k_images/4522422148.jpg,person,0.8276715278625488,443.3638916015625,114.05058288574219,498.5241394042969,304.3409729003906,20
Flickr30K/4522422148.jpg,/content/Image_captioning_Local/Flickr30K/flickr30k_images/flickr30k_images/flickr30k_images/4522422148.jpg,person,0.7847698926925659,0.0,126.66452026367188,45.79695510864258,201.1817169189453,20
Flickr30K/4522422148.jpg,/content/Image_captioning_Local/Flickr30K/flickr30k_images/flickr30k_images/flickr30k_images/4522422148.jpg,person,0.7790164947509766,387.4165954589844,101.80988311767578,446.67352294921875,285.23907470703125,20
Flickr30K/4522422148.jpg,/content/Image_captioning_Local/Flickr30K/flickr30k_images/flickr30k_images/flickr30k_images/4522422148.jpg,person,0.7745243310928345,258.0654602050781,97.04766845703125,327.4563903808594,246.0604248046875,20
Flickr30K/4522422148.jpg,/content/Image_captioning_Local/Flickr30K/flickr30k_images/flickr30k_images/flickr30k_images/4522422148.jpg,traffic light,0.7357130646705627,340.4515380859375,14.880096435546875,369.9927673339844,54.82130813598633,20
Flickr30K/4522422148.jpg,/content/Image_captioning_Local/Flickr30K/flickr30k_images/flickr30k_images/flickr30k_images/4522422148.jpg,person,0.6932789087295532,332.0459289550781,125.56080627441406,386.5580139160156,260.9203796386719,20
Flickr30K/4522422148.jpg,/content/Image_captioning_Local/Flickr30K/flickr30k_images/flickr30k_images/flickr30k_images/4522422148.jpg,person,0.6481853723526001,33.23200988769531,121.09017181396484,67.84418487548828,204.1015625,20
Flickr30K/4522422148.jpg,/content/Image_captioning_Local/Flickr30K/flickr30k_images/flickr30k_images/flickr30k_images/4522422148.jpg,person,0.6202084422111511,226.4232177734375,105.87687683105469,272.78460693359375,237.02688598632812,20
Flickr30K/4522422148.jpg,/content/Image_captioning_Local/Flickr30K/flickr30k_images/flickr30k_images/flickr30k_images/4522422148.jpg,traffic light,0.5292751789093018,388.7064514160156,16.018688201904297,433.86273193359375,60.38927459716797,20
Flickr30K/4522422148.jpg,/content/Image_captioning_Local/Flickr30K/flickr30k_images/flickr30k_images/flickr30k_images/4522422148.jpg,person,0.5044710040092468,317.0826110839844,114.34319305419922,354.1627502441406,254.98635864257812,20
Flickr30K/4522422148.jpg,/content/Image_captioning_Local/Flickr30K/flickr30k_images/flickr30k_images/flickr30k_images/4522422148.jpg,person,0.39881181716918945,485.1487121582031,110.17725372314453,499.94085693359375,145.31533813476562,20
Flickr30K/4522422148.jpg,/content/Image_captioning_Local/Flickr30K/flickr30k_images/flickr30k_images/flickr30k_images/4522422148.jpg,car,0.35669541358947754,0.0,220.71502685546875,468.6497802734375,358.877197265625,20
Flickr30K/4522422148.jpg,/content/Image_captioning_Local/Flickr30K/flickr30k_images/flickr30k_images/flickr30k_images/4522422148.jpg,person,0.3484754264354706,0.0,123.40414428710938,9.011954307556152,159.1820526123047,20
Flickr30K/4522422148.jpg,/content/Image_captioning_Local/Flickr30K/flickr30k_images/flickr30k_images/flickr30k_images/4522422148.jpg,tie,0.2919597029685974,424.9968566894531,139.09873962402344,435.69757080078125,175.2859649658203,20
Flickr30K/4522422148.jpg,/content/Image_captioning_Local/Flickr30K/flickr30k_images/flickr30k_images/flickr30k_images/4522422148.jpg,person,0.27260708808898926,343.6020812988281,108.46739196777344,368.754638671875,147.07852172851562,20
Flickr30K/4522422148.jpg,/content/Image_captioning_Local/Flickr30K/flickr30k_images/flickr30k_images/flickr30k_images/4522422148.jpg,handbag,0.26872581243515015,308.55181884765625,197.80755615234375,336.9934387207031,248.75741577148438,20
Flickr30K/4522422148.jpg,/content/Image_captioning_Local/Flickr30K/flickr30k_images/flickr30k_images/flickr30k_images/4522422148.jpg,person,0.2662276029586792,425.6987609863281,111.00709533691406,463.19140625,296.3967590332031,20
Flickr30K/45227677.jpg,/content/Image_captioning_Local/Flickr30K/flickr30k_images/flickr30k_images/flickr30k_images/45227677.jpg,person,0.9115986824035645,97.16399383544922,107.76438903808594,206.28488159179688,365.12847900390625,7
Flickr30K/45227677.jpg,/content/Image_captioning_Local/Flickr30K/flickr30k_images/flickr30k_images/flickr30k_images/45227677.jpg,person,0.8936150074005127,1.6106128692626953,121.16341400146484,99.04928588867188,455.5530090332031,7
Flickr30K/45227677.jpg,/content/Image_captioning_Local/Flickr30K/flickr30k_images/flickr30k_images/flickr30k_images/45227677.jpg,car,0.8825511932373047,1.6285836696624756,30.752124786376953,118.01724243164062,115.55211639404297,7
Flickr30K/45227677.jpg,/content/Image_captioning_Local/Flickr30K/flickr30k_images/flickr30k_images/flickr30k_images/45227677.jpg,person,0.771154522895813,292.5110168457031,79.69171142578125,333.0,334.3934631347656,7
Flickr30K/45227677.jpg,/content/Image_captioning_Local/Flickr30K/flickr30k_images/flickr30k_images/flickr30k_images/45227677.jpg,potted plant,0.6502203345298767,233.08343505859375,128.8172607421875,310.29766845703125,179.85020446777344,7
Flickr30K/45227677.jpg,/content/Image_captioning_Local/Flickr30K/flickr30k_images/flickr30k_images/flickr30k_images/45227677.jpg,bench,0.4563208222389221,165.4137420654297,178.4327392578125,320.16717529296875,275.8570556640625,7
Flickr30K/45227677.jpg,/content/Image_captioning_Local/Flickr30K/flickr30k_images/flickr30k_images/flickr30k_images/45227677.jpg,person,0.35332730412483215,56.22468566894531,111.8927001953125,113.49618530273438,230.0119171142578,7
Flickr30K/4523132391.jpg,/content/Image_captioning_Local/Flickr30K/flickr30k_images/flickr30k_images/flickr30k_images/4523132391.jpg,person,0.836911141872406,10.890263557434082,253.2267608642578,37.71705627441406,309.3012390136719,14
Flickr30K/4523132391.jpg,/content/Image_captioning_Local/Flickr30K/flickr30k_images/flickr30k_images/flickr30k_images/4523132391.jpg,car,0.7468279004096985,480.3553161621094,258.5028381347656,500.0,290.9705505371094,14
Flickr30K/4523132391.jpg,/content/Image_captioning_Local/Flickr30K/flickr30k_images/flickr30k_images/flickr30k_images/4523132391.jpg,bench,0.6754013895988464,392.3627014160156,289.21392822265625,428.13726806640625,324.42974853515625,14
Flickr30K/4523132391.jpg,/content/Image_captioning_Local/Flickr30K/flickr30k_images/flickr30k_images/flickr30k_images/4523132391.jpg,person,0.6524893045425415,323.8572692871094,259.6101379394531,361.5990295410156,295.1552734375,14
Flickr30K/4523132391.jpg,/content/Image_captioning_Local/Flickr30K/flickr30k_images/flickr30k_images/flickr30k_images/4523132391.jpg,person,0.6264171004295349,341.7305908203125,265.90386962890625,390.4659423828125,308.8726806640625,14
Flickr30K/4523132391.jpg,/content/Image_captioning_Local/Flickr30K/flickr30k_images/flickr30k_images/flickr30k_images/4523132391.jpg,person,0.5954321622848511,196.508056640625,263.83477783203125,223.82388305664062,293.2954406738281,14
Flickr30K/4523132391.jpg,/content/Image_captioning_Local/Flickr30K/flickr30k_images/flickr30k_images/flickr30k_images/4523132391.jpg,bench,0.55258709192276,102.39068603515625,288.2206115722656,136.01393127441406,321.63128662109375,14
Flickr30K/4523132391.jpg,/content/Image_captioning_Local/Flickr30K/flickr30k_images/flickr30k_images/flickr30k_images/4523132391.jpg,bench,0.5339727401733398,149.90216064453125,277.15869140625,183.5210418701172,308.47869873046875,14
Flickr30K/4523132391.jpg,/content/Image_captioning_Local/Flickr30K/flickr30k_images/flickr30k_images/flickr30k_images/4523132391.jpg,person,0.48746243119239807,158.98631286621094,268.1882019042969,202.75750732421875,306.61126708984375,14
Flickr30K/4523132391.jpg,/content/Image_captioning_Local/Flickr30K/flickr30k_images/flickr30k_images/flickr30k_images/4523132391.jpg,bench,0.47577184438705444,363.96337890625,281.1261291503906,391.0824279785156,311.5013732910156,14
Flickr30K/4523132391.jpg,/content/Image_captioning_Local/Flickr30K/flickr30k_images/flickr30k_images/flickr30k_images/4523132391.jpg,person,0.4580070376396179,180.1859130859375,270.9216613769531,206.0396728515625,306.9327392578125,14
Flickr30K/4523132391.jpg,/content/Image_captioning_Local/Flickr30K/flickr30k_images/flickr30k_images/flickr30k_images/4523132391.jpg,bench,0.4564400911331177,321.8507995605469,260.85980224609375,361.7727966308594,294.89251708984375,14
Flickr30K/4523132391.jpg,/content/Image_captioning_Local/Flickr30K/flickr30k_images/flickr30k_images/flickr30k_images/4523132391.jpg,bench,0.37960106134414673,350.2967224121094,269.8502197265625,389.3177795410156,308.23046875,14
Flickr30K/4523132391.jpg,/content/Image_captioning_Local/Flickr30K/flickr30k_images/flickr30k_images/flickr30k_images/4523132391.jpg,person,0.3435981571674347,257.0680236816406,259.5151062011719,265.14093017578125,271.80145263671875,14
Flickr30K/4523218758.jpg,/content/Image_captioning_Local/Flickr30K/flickr30k_images/flickr30k_images/flickr30k_images/4523218758.jpg,person,0.9019452929496765,101.34506225585938,180.95272827148438,196.61654663085938,428.3110046386719,8
Flickr30K/4523218758.jpg,/content/Image_captioning_Local/Flickr30K/flickr30k_images/flickr30k_images/flickr30k_images/4523218758.jpg,person,0.8986424803733826,287.3538513183594,205.74798583984375,364.3929138183594,410.90374755859375,8
Flickr30K/4523218758.jpg,/content/Image_captioning_Local/Flickr30K/flickr30k_images/flickr30k_images/flickr30k_images/4523218758.jpg,person,0.8941009640693665,223.3490753173828,188.18511962890625,297.6449279785156,425.1402282714844,8
Flickr30K/4523218758.jpg,/content/Image_captioning_Local/Flickr30K/flickr30k_images/flickr30k_images/flickr30k_images/4523218758.jpg,person,0.8644924163818359,38.837127685546875,216.76730346679688,89.87943267822266,366.298095703125,8
Flickr30K/4523218758.jpg,/content/Image_captioning_Local/Flickr30K/flickr30k_images/flickr30k_images/flickr30k_images/4523218758.jpg,person,0.6105904579162598,0.21948441863059998,238.0615692138672,22.198698043823242,286.702880859375,8
Flickr30K/4523218758.jpg,/content/Image_captioning_Local/Flickr30K/flickr30k_images/flickr30k_images/flickr30k_images/4523218758.jpg,handbag,0.5227183699607849,24.74103355407715,274.4299011230469,54.0341682434082,312.7276916503906,8
Flickr30K/4523218758.jpg,/content/Image_captioning_Local/Flickr30K/flickr30k_images/flickr30k_images/flickr30k_images/4523218758.jpg,handbag,0.4485532343387604,341.06341552734375,313.428466796875,362.64544677734375,365.7499694824219,8
Flickr30K/4523218758.jpg,/content/Image_captioning_Local/Flickr30K/flickr30k_images/flickr30k_images/flickr30k_images/4523218758.jpg,person,0.2914472222328186,22.76381492614746,234.7483673095703,37.35433578491211,271.59576416015625,8
Flickr30K/4523274345.jpg,/content/Image_captioning_Local/Flickr30K/flickr30k_images/flickr30k_images/flickr30k_images/4523274345.jpg,person,0.8462666869163513,259.4788513183594,59.26654815673828,365.593017578125,253.4808349609375,10
Flickr30K/4523274345.jpg,/content/Image_captioning_Local/Flickr30K/flickr30k_images/flickr30k_images/flickr30k_images/4523274345.jpg,person,0.8196749687194824,23.647451400756836,3.5263121128082275,296.88739013671875,324.2431640625,10
Flickr30K/4523274345.jpg,/content/Image_captioning_Local/Flickr30K/flickr30k_images/flickr30k_images/flickr30k_images/4523274345.jpg,person,0.6091987490653992,291.753662109375,0.0,500.0,271.7107849121094,10
Flickr30K/4523274345.jpg,/content/Image_captioning_Local/Flickr30K/flickr30k_images/flickr30k_images/flickr30k_images/4523274345.jpg,person,0.41042250394821167,9.189756393432617,98.6524658203125,20.6639461517334,118.5353775024414,10
Flickr30K/4523274345.jpg,/content/Image_captioning_Local/Flickr30K/flickr30k_images/flickr30k_images/flickr30k_images/4523274345.jpg,person,0.3900999426841736,266.4146423339844,13.133621215820312,302.83795166015625,165.38479614257812,10
Flickr30K/4523274345.jpg,/content/Image_captioning_Local/Flickr30K/flickr30k_images/flickr30k_images/flickr30k_images/4523274345.jpg,person,0.38532087206840515,0.010133907198905945,97.24262237548828,8.652771949768066,119.32246398925781,10
Flickr30K/4523274345.jpg,/content/Image_captioning_Local/Flickr30K/flickr30k_images/flickr30k_images/flickr30k_images/4523274345.jpg,person,0.3732251226902008,229.47845458984375,0.18971562385559082,276.3686218261719,130.19268798828125,10
Flickr30K/4523274345.jpg,/content/Image_captioning_Local/Flickr30K/flickr30k_images/flickr30k_images/flickr30k_images/4523274345.jpg,person,0.3158099055290222,2.534313917160034,97.79219055175781,14.020090103149414,118.68569946289062,10
Flickr30K/4523274345.jpg,/content/Image_captioning_Local/Flickr30K/flickr30k_images/flickr30k_images/flickr30k_images/4523274345.jpg,person,0.3028951585292816,21.66140365600586,99.26473236083984,33.46062088012695,116.6148452758789,10
Flickr30K/4523274345.jpg,/content/Image_captioning_Local/Flickr30K/flickr30k_images/flickr30k_images/flickr30k_images/4523274345.jpg,person,0.2645843029022217,330.8023681640625,24.532133102416992,424.697265625,273.8661804199219,10
Flickr30K/452345346.jpg,/content/Image_captioning_Local/Flickr30K/flickr30k_images/flickr30k_images/flickr30k_images/452345346.jpg,horse,0.2595292627811432,122.41040802001953,81.17218017578125,400.8977966308594,446.70599365234375,1
Flickr30K/452350636.jpg,/content/Image_captioning_Local/Flickr30K/flickr30k_images/flickr30k_images/flickr30k_images/452350636.jpg,person,0.9350228905677795,94.80671691894531,61.561988830566406,305.1170349121094,327.6866760253906,2
Flickr30K/452350636.jpg,/content/Image_captioning_Local/Flickr30K/flickr30k_images/flickr30k_images/flickr30k_images/452350636.jpg,skateboard,0.2999703586101532,282.013427734375,229.260986328125,305.1513671875,275.3585510253906,2
Flickr30K/4523579347.jpg,/content/Image_captioning_Local/Flickr30K/flickr30k_images/flickr30k_images/flickr30k_images/4523579347.jpg,person,0.8952034711837769,138.62542724609375,229.68817138671875,200.3794708251953,439.4298095703125,1
Flickr30K/4523593403.jpg,/content/Image_captioning_Local/Flickr30K/flickr30k_images/flickr30k_images/flickr30k_images/4523593403.jpg,car,0.9215798377990723,318.03857421875,146.0289764404297,392.67059326171875,192.47134399414062,13
Flickr30K/4523593403.jpg,/content/Image_captioning_Local/Flickr30K/flickr30k_images/flickr30k_images/flickr30k_images/4523593403.jpg,bicycle,0.8251597285270691,213.55819702148438,181.266357421875,311.48919677734375,331.99041748046875,13
Flickr30K/4523593403.jpg,/content/Image_captioning_Local/Flickr30K/flickr30k_images/flickr30k_images/flickr30k_images/4523593403.jpg,person,0.8134466409683228,101.42398834228516,146.10548400878906,114.82283020019531,185.71400451660156,13
Flickr30K/4523593403.jpg,/content/Image_captioning_Local/Flickr30K/flickr30k_images/flickr30k_images/flickr30k_images/4523593403.jpg,person,0.7393748760223389,203.7018280029297,78.55604553222656,300.1431884765625,315.6121520996094,13
Flickr30K/4523593403.jpg,/content/Image_captioning_Local/Flickr30K/flickr30k_images/flickr30k_images/flickr30k_images/4523593403.jpg,traffic light,0.7176637053489685,330.51165771484375,38.122291564941406,342.3632507324219,62.35429763793945,13
Flickr30K/4523593403.jpg,/content/Image_captioning_Local/Flickr30K/flickr30k_images/flickr30k_images/flickr30k_images/4523593403.jpg,person,0.6781536340713501,114.05012512207031,150.62171936035156,126.22604370117188,185.0467987060547,13
Flickr30K/4523593403.jpg,/content/Image_captioning_Local/Flickr30K/flickr30k_images/flickr30k_images/flickr30k_images/4523593403.jpg,person,0.6436396837234497,127.94190979003906,152.51080322265625,137.61293029785156,179.40342712402344,13
Flickr30K/4523593403.jpg,/content/Image_captioning_Local/Flickr30K/flickr30k_images/flickr30k_images/flickr30k_images/4523593403.jpg,car,0.5822564363479614,170.27886962890625,150.537841796875,205.5104217529297,179.66525268554688,13
Flickr30K/4523593403.jpg,/content/Image_captioning_Local/Flickr30K/flickr30k_images/flickr30k_images/flickr30k_images/4523593403.jpg,traffic light,0.5098575353622437,339.2437438964844,38.36467742919922,351.777587890625,63.092403411865234,13
Flickr30K/4523593403.jpg,/content/Image_captioning_Local/Flickr30K/flickr30k_images/flickr30k_images/flickr30k_images/4523593403.jpg,person,0.42673805356025696,159.38087463378906,158.481689453125,169.39512634277344,187.25527954101562,13
Flickr30K/4523593403.jpg,/content/Image_captioning_Local/Flickr30K/flickr30k_images/flickr30k_images/flickr30k_images/4523593403.jpg,person,0.4250113070011139,104.28475952148438,148.8858184814453,123.98262023925781,184.826904296875,13
Flickr30K/4523593403.jpg,/content/Image_captioning_Local/Flickr30K/flickr30k_images/flickr30k_images/flickr30k_images/4523593403.jpg,bicycle,0.3765104413032532,478.02081298828125,261.8924255371094,499.9129638671875,332.2816467285156,13
Flickr30K/4523593403.jpg,/content/Image_captioning_Local/Flickr30K/flickr30k_images/flickr30k_images/flickr30k_images/4523593403.jpg,car,0.360478013753891,283.5029602050781,155.57667541503906,304.1142883300781,177.12933349609375,13
Flickr30K/452363869.jpg,/content/Image_captioning_Local/Flickr30K/flickr30k_images/flickr30k_images/flickr30k_images/452363869.jpg,dog,0.8904245495796204,60.718257904052734,131.6944580078125,145.0206298828125,168.69125366210938,2
Flickr30K/452363869.jpg,/content/Image_captioning_Local/Flickr30K/flickr30k_images/flickr30k_images/flickr30k_images/452363869.jpg,sports ball,0.853312611579895,281.16058349609375,140.74754333496094,297.5863037109375,156.06646728515625,2
Flickr30K/4523659515.jpg,/content/Image_captioning_Local/Flickr30K/flickr30k_images/flickr30k_images/flickr30k_images/4523659515.jpg,person,0.9122317433357239,130.96188354492188,53.770912170410156,169.73599243164062,173.5299530029297,5
Flickr30K/4523659515.jpg,/content/Image_captioning_Local/Flickr30K/flickr30k_images/flickr30k_images/flickr30k_images/4523659515.jpg,person,0.7453813552856445,94.46984100341797,70.05859375,133.65835571289062,172.89324951171875,5
Flickr30K/4523659515.jpg,/content/Image_captioning_Local/Flickr30K/flickr30k_images/flickr30k_images/flickr30k_images/4523659515.jpg,clock,0.7452946305274963,170.0192108154297,31.70555877685547,186.91734313964844,48.279869079589844,5
Flickr30K/4523659515.jpg,/content/Image_captioning_Local/Flickr30K/flickr30k_images/flickr30k_images/flickr30k_images/4523659515.jpg,person,0.6998535990715027,166.99270629882812,113.77383422851562,187.70352172851562,172.67361450195312,5
Flickr30K/4523659515.jpg,/content/Image_captioning_Local/Flickr30K/flickr30k_images/flickr30k_images/flickr30k_images/4523659515.jpg,train,0.39870333671569824,311.0343017578125,58.34828567504883,500.0,193.11062622070312,5
Flickr30K/4523790717.jpg,/content/Image_captioning_Local/Flickr30K/flickr30k_images/flickr30k_images/flickr30k_images/4523790717.jpg,person,0.8868619799613953,109.77107238769531,131.1656494140625,342.35626220703125,370.6358337402344,34
Flickr30K/4523790717.jpg,/content/Image_captioning_Local/Flickr30K/flickr30k_images/flickr30k_images/flickr30k_images/4523790717.jpg,person,0.8853541016578674,310.7569580078125,97.41580200195312,464.21795654296875,338.3888244628906,34
Flickr30K/4523790717.jpg,/content/Image_captioning_Local/Flickr30K/flickr30k_images/flickr30k_images/flickr30k_images/4523790717.jpg,person,0.8549195528030396,143.25157165527344,0.0,226.4282989501953,158.08944702148438,34
Flickr30K/4523790717.jpg,/content/Image_captioning_Local/Flickr30K/flickr30k_images/flickr30k_images/flickr30k_images/4523790717.jpg,person,0.8425831198692322,20.391128540039062,27.239871978759766,67.65221405029297,80.9468994140625,34
Flickr30K/4523790717.jpg,/content/Image_captioning_Local/Flickr30K/flickr30k_images/flickr30k_images/flickr30k_images/4523790717.jpg,chair,0.8374365568161011,279.7505798339844,247.20086669921875,322.75457763671875,315.5797424316406,34
Flickr30K/4523790717.jpg,/content/Image_captioning_Local/Flickr30K/flickr30k_images/flickr30k_images/flickr30k_images/4523790717.jpg,chair,0.8284070491790771,59.46153259277344,186.9071044921875,128.89479064941406,279.80645751953125,34
Flickr30K/4523790717.jpg,/content/Image_captioning_Local/Flickr30K/flickr30k_images/flickr30k_images/flickr30k_images/4523790717.jpg,person,0.8171430230140686,449.5454406738281,0.1555323600769043,499.7417907714844,88.4434814453125,34
Flickr30K/4523790717.jpg,/content/Image_captioning_Local/Flickr30K/flickr30k_images/flickr30k_images/flickr30k_images/4523790717.jpg,chair,0.8150128722190857,464.8746032714844,133.6050567626953,500.0,162.94598388671875,34
Flickr30K/4523790717.jpg,/content/Image_captioning_Local/Flickr30K/flickr30k_images/flickr30k_images/flickr30k_images/4523790717.jpg,person,0.7642976641654968,258.0243835449219,44.875370025634766,328.7034606933594,153.6795654296875,34
Flickr30K/4523790717.jpg,/content/Image_captioning_Local/Flickr30K/flickr30k_images/flickr30k_images/flickr30k_images/4523790717.jpg,cup,0.7423241138458252,40.101097106933594,131.89089965820312,55.553043365478516,153.63079833984375,34
Flickr30K/4523790717.jpg,/content/Image_captioning_Local/Flickr30K/flickr30k_images/flickr30k_images/flickr30k_images/4523790717.jpg,chair,0.7390856742858887,439.5809326171875,189.3616180419922,499.87677001953125,299.2029113769531,34
Flickr30K/4523790717.jpg,/content/Image_captioning_Local/Flickr30K/flickr30k_images/flickr30k_images/flickr30k_images/4523790717.jpg,chair,0.7196863293647766,31.310209274291992,270.7708435058594,123.45820617675781,373.183837890625,34
Flickr30K/4523790717.jpg,/content/Image_captioning_Local/Flickr30K/flickr30k_images/flickr30k_images/flickr30k_images/4523790717.jpg,person,0.70633864402771,342.4327087402344,8.62179946899414,379.4739074707031,82.4405517578125,34
Flickr30K/4523790717.jpg,/content/Image_captioning_Local/Flickr30K/flickr30k_images/flickr30k_images/flickr30k_images/4523790717.jpg,chair,0.6958608031272888,455.1180725097656,88.51174926757812,500.0,136.62814331054688,34
Flickr30K/4523790717.jpg,/content/Image_captioning_Local/Flickr30K/flickr30k_images/flickr30k_images/flickr30k_images/4523790717.jpg,chair,0.6944131851196289,63.75086212158203,93.31902313232422,117.38414764404297,188.368408203125,34
Flickr30K/4523790717.jpg,/content/Image_captioning_Local/Flickr30K/flickr30k_images/flickr30k_images/flickr30k_images/4523790717.jpg,person,0.6824187636375427,329.0123596191406,0.0,458.037841796875,170.6705322265625,34
Flickr30K/4523790717.jpg,/content/Image_captioning_Local/Flickr30K/flickr30k_images/flickr30k_images/flickr30k_images/4523790717.jpg,bottle,0.6819873452186584,307.9033203125,119.17565155029297,322.870849609375,154.27597045898438,34
Flickr30K/4523790717.jpg,/content/Image_captioning_Local/Flickr30K/flickr30k_images/flickr30k_images/flickr30k_images/4523790717.jpg,chair,0.6682447195053101,0.04659891128540039,229.82762145996094,44.593048095703125,340.8111572265625,34
Flickr30K/4523790717.jpg,/content/Image_captioning_Local/Flickr30K/flickr30k_images/flickr30k_images/flickr30k_images/4523790717.jpg,person,0.6353861689567566,222.35617065429688,37.37013244628906,264.5008544921875,130.9344940185547,34
Flickr30K/4523790717.jpg,/content/Image_captioning_Local/Flickr30K/flickr30k_images/flickr30k_images/flickr30k_images/4523790717.jpg,chair,0.4834851622581482,5.512598037719727,169.70281982421875,45.59263229370117,202.31951904296875,34
Flickr30K/4523790717.jpg,/content/Image_captioning_Local/Flickr30K/flickr30k_images/flickr30k_images/flickr30k_images/4523790717.jpg,chair,0.44837871193885803,65.55389404296875,94.61116790771484,112.08417510986328,139.45252990722656,34
Flickr30K/4523790717.jpg,/content/Image_captioning_Local/Flickr30K/flickr30k_images/flickr30k_images/flickr30k_images/4523790717.jpg,dining table,0.4476065933704376,1.2865632772445679,128.45826721191406,98.15070343017578,173.543212890625,34
Flickr30K/4523790717.jpg,/content/Image_captioning_Local/Flickr30K/flickr30k_images/flickr30k_images/flickr30k_images/4523790717.jpg,person,0.4277147352695465,133.22621154785156,74.99095153808594,227.09332275390625,214.98960876464844,34
Flickr30K/4523790717.jpg,/content/Image_captioning_Local/Flickr30K/flickr30k_images/flickr30k_images/flickr30k_images/4523790717.jpg,dining table,0.42561933398246765,270.1925964355469,145.7123260498047,351.6503601074219,184.95436096191406,34
Flickr30K/4523790717.jpg,/content/Image_captioning_Local/Flickr30K/flickr30k_images/flickr30k_images/flickr30k_images/4523790717.jpg,dining table,0.3606044352054596,0.0,191.00933837890625,43.43724822998047,236.68531799316406,34
Flickr30K/4523790717.jpg,/content/Image_captioning_Local/Flickr30K/flickr30k_images/flickr30k_images/flickr30k_images/4523790717.jpg,person,0.3339284360408783,0.0,151.1107177734375,12.715578079223633,191.4602508544922,34
Flickr30K/4523790717.jpg,/content/Image_captioning_Local/Flickr30K/flickr30k_images/flickr30k_images/flickr30k_images/4523790717.jpg,chair,0.32868754863739014,270.1874694824219,109.68659973144531,317.92913818359375,155.613525390625,34
Flickr30K/4523790717.jpg,/content/Image_captioning_Local/Flickr30K/flickr30k_images/flickr30k_images/flickr30k_images/4523790717.jpg,dining table,0.31861376762390137,310.6455993652344,312.26336669921875,486.4853820800781,371.33966064453125,34
Flickr30K/4523790717.jpg,/content/Image_captioning_Local/Flickr30K/flickr30k_images/flickr30k_images/flickr30k_images/4523790717.jpg,chair,0.26201102137565613,266.4486999511719,250.0428009033203,288.2662048339844,275.44281005859375,34
Flickr30K/4523790717.jpg,/content/Image_captioning_Local/Flickr30K/flickr30k_images/flickr30k_images/flickr30k_images/4523790717.jpg,cake,0.26199668645858765,420.5851135253906,341.87725830078125,500.0,374.19366455078125,34
Flickr30K/4523790717.jpg,/content/Image_captioning_Local/Flickr30K/flickr30k_images/flickr30k_images/flickr30k_images/4523790717.jpg,dining table,0.2579182982444763,25.699535369873047,128.46397399902344,70.94180297851562,162.64102172851562,34
Flickr30K/4523790717.jpg,/content/Image_captioning_Local/Flickr30K/flickr30k_images/flickr30k_images/flickr30k_images/4523790717.jpg,chair,0.25480037927627563,461.5984802246094,190.18496704101562,500.0,267.86737060546875,34
Flickr30K/4523790717.jpg,/content/Image_captioning_Local/Flickr30K/flickr30k_images/flickr30k_images/flickr30k_images/4523790717.jpg,chair,0.2524578273296356,8.136686325073242,169.22518920898438,80.12337493896484,208.19442749023438,34
Flickr30K/4523790717.jpg,/content/Image_captioning_Local/Flickr30K/flickr30k_images/flickr30k_images/flickr30k_images/4523790717.jpg,chair,0.251295268535614,50.41450119018555,123.90655517578125,86.99393463134766,140.15672302246094,34
Flickr30K/452385803.jpg,/content/Image_captioning_Local/Flickr30K/flickr30k_images/flickr30k_images/flickr30k_images/452385803.jpg,person,0.9246073961257935,84.85885620117188,121.00704956054688,174.74893188476562,307.6534423828125,5
Flickr30K/452385803.jpg,/content/Image_captioning_Local/Flickr30K/flickr30k_images/flickr30k_images/flickr30k_images/452385803.jpg,person,0.8940066695213318,351.382080078125,95.44092559814453,427.53857421875,360.4641418457031,5
Flickr30K/452385803.jpg,/content/Image_captioning_Local/Flickr30K/flickr30k_images/flickr30k_images/flickr30k_images/452385803.jpg,person,0.7177347540855408,213.24476623535156,118.12578582763672,227.5493621826172,150.99200439453125,5
Flickr30K/452385803.jpg,/content/Image_captioning_Local/Flickr30K/flickr30k_images/flickr30k_images/flickr30k_images/452385803.jpg,bottle,0.6884941458702087,453.5323181152344,278.30267333984375,482.75927734375,370.3079833984375,5
Flickr30K/452385803.jpg,/content/Image_captioning_Local/Flickr30K/flickr30k_images/flickr30k_images/flickr30k_images/452385803.jpg,frisbee,0.4047725796699524,441.6109924316406,220.6492156982422,499.7971496582031,238.0963592529297,5
Flickr30K/4523882717.jpg,/content/Image_captioning_Local/Flickr30K/flickr30k_images/flickr30k_images/flickr30k_images/4523882717.jpg,person,0.49233803153038025,261.84320068359375,14.337884902954102,492.0579833984375,337.9001159667969,3
Flickr30K/4523882717.jpg,/content/Image_captioning_Local/Flickr30K/flickr30k_images/flickr30k_images/flickr30k_images/4523882717.jpg,person,0.2869141697883606,76.56678009033203,31.21858787536621,347.2359619140625,367.0637512207031,3
Flickr30K/4523882717.jpg,/content/Image_captioning_Local/Flickr30K/flickr30k_images/flickr30k_images/flickr30k_images/4523882717.jpg,toothbrush,0.2567380964756012,411.90057373046875,130.68931579589844,477.2930603027344,207.95367431640625,3
Flickr30K/4524006530.jpg,/content/Image_captioning_Local/Flickr30K/flickr30k_images/flickr30k_images/flickr30k_images/4524006530.jpg,person,0.8966587781906128,52.06724548339844,153.45010375976562,128.3927764892578,312.52203369140625,31
Flickr30K/4524006530.jpg,/content/Image_captioning_Local/Flickr30K/flickr30k_images/flickr30k_images/flickr30k_images/4524006530.jpg,person,0.867752730846405,419.912353515625,178.43653869628906,464.1922912597656,302.66534423828125,31
Flickr30K/4524006530.jpg,/content/Image_captioning_Local/Flickr30K/flickr30k_images/flickr30k_images/flickr30k_images/4524006530.jpg,person,0.8631585836410522,374.4857177734375,173.9407501220703,406.86041259765625,286.5724182128906,31
Flickr30K/4524006530.jpg,/content/Image_captioning_Local/Flickr30K/flickr30k_images/flickr30k_images/flickr30k_images/4524006530.jpg,person,0.8515449166297913,148.98341369628906,182.59339904785156,198.20167541503906,324.03125,31
Flickr30K/4524006530.jpg,/content/Image_captioning_Local/Flickr30K/flickr30k_images/flickr30k_images/flickr30k_images/4524006530.jpg,person,0.8186982870101929,266.4731750488281,175.74160766601562,307.760986328125,298.7817077636719,31
Flickr30K/4524006530.jpg,/content/Image_captioning_Local/Flickr30K/flickr30k_images/flickr30k_images/flickr30k_images/4524006530.jpg,person,0.7609471082687378,400.4608154296875,177.57327270507812,430.5364685058594,280.47479248046875,31
Flickr30K/4524006530.jpg,/content/Image_captioning_Local/Flickr30K/flickr30k_images/flickr30k_images/flickr30k_images/4524006530.jpg,person,0.7353658676147461,118.61518859863281,166.35377502441406,153.607666015625,323.61614990234375,31
Flickr30K/4524006530.jpg,/content/Image_captioning_Local/Flickr30K/flickr30k_images/flickr30k_images/flickr30k_images/4524006530.jpg,person,0.7030101418495178,322.2361145019531,208.52401733398438,353.438720703125,292.5938415527344,31
Flickr30K/4524006530.jpg,/content/Image_captioning_Local/Flickr30K/flickr30k_images/flickr30k_images/flickr30k_images/4524006530.jpg,person,0.6733763217926025,353.00439453125,172.90658569335938,378.66229248046875,268.19873046875,31
Flickr30K/4524006530.jpg,/content/Image_captioning_Local/Flickr30K/flickr30k_images/flickr30k_images/flickr30k_images/4524006530.jpg,bottle,0.6429502964019775,216.48712158203125,306.1754455566406,241.8234405517578,360.361572265625,31
Flickr30K/4524006530.jpg,/content/Image_captioning_Local/Flickr30K/flickr30k_images/flickr30k_images/flickr30k_images/4524006530.jpg,dining table,0.571343719959259,4.215025901794434,308.6871337890625,306.86883544921875,375.0,31
Flickr30K/4524006530.jpg,/content/Image_captioning_Local/Flickr30K/flickr30k_images/flickr30k_images/flickr30k_images/4524006530.jpg,bowl,0.5359636545181274,4.762516975402832,311.949951171875,33.048606872558594,336.3926086425781,31
Flickr30K/4524006530.jpg,/content/Image_captioning_Local/Flickr30K/flickr30k_images/flickr30k_images/flickr30k_images/4524006530.jpg,person,0.5232086777687073,191.25125122070312,209.48533630371094,215.18138122558594,293.0710754394531,31
Flickr30K/4524006530.jpg,/content/Image_captioning_Local/Flickr30K/flickr30k_images/flickr30k_images/flickr30k_images/4524006530.jpg,person,0.5093011856079102,449.68756103515625,180.00436401367188,471.49676513671875,281.49127197265625,31
Flickr30K/4524006530.jpg,/content/Image_captioning_Local/Flickr30K/flickr30k_images/flickr30k_images/flickr30k_images/4524006530.jpg,person,0.49149635434150696,295.42138671875,174.95379638671875,324.982666015625,280.4338073730469,31
Flickr30K/4524006530.jpg,/content/Image_captioning_Local/Flickr30K/flickr30k_images/flickr30k_images/flickr30k_images/4524006530.jpg,cup,0.4646957218647003,19.78890609741211,310.4157409667969,63.458824157714844,346.6380615234375,31
Flickr30K/4524006530.jpg,/content/Image_captioning_Local/Flickr30K/flickr30k_images/flickr30k_images/flickr30k_images/4524006530.jpg,person,0.46373483538627625,20.888019561767578,167.74981689453125,68.9087142944336,297.08526611328125,31
Flickr30K/4524006530.jpg,/content/Image_captioning_Local/Flickr30K/flickr30k_images/flickr30k_images/flickr30k_images/4524006530.jpg,bowl,0.44597840309143066,193.42359924316406,326.42510986328125,220.32626342773438,350.1995544433594,31
Flickr30K/4524006530.jpg,/content/Image_captioning_Local/Flickr30K/flickr30k_images/flickr30k_images/flickr30k_images/4524006530.jpg,bowl,0.4439445436000824,5.464654922485352,310.2841491699219,60.318153381347656,339.5289001464844,31
Flickr30K/4524006530.jpg,/content/Image_captioning_Local/Flickr30K/flickr30k_images/flickr30k_images/flickr30k_images/4524006530.jpg,handbag,0.4374772608280182,252.61392211914062,207.968994140625,276.4920349121094,267.9864501953125,31
Flickr30K/4524006530.jpg,/content/Image_captioning_Local/Flickr30K/flickr30k_images/flickr30k_images/flickr30k_images/4524006530.jpg,banana,0.42637208104133606,115.04641723632812,316.4365539550781,141.16905212402344,344.9774169921875,31
Flickr30K/4524006530.jpg,/content/Image_captioning_Local/Flickr30K/flickr30k_images/flickr30k_images/flickr30k_images/4524006530.jpg,person,0.398097962141037,254.82144165039062,174.41653442382812,274.8289489746094,208.99725341796875,31
Flickr30K/4524006530.jpg,/content/Image_captioning_Local/Flickr30K/flickr30k_images/flickr30k_images/flickr30k_images/4524006530.jpg,person,0.342731237411499,211.36495971679688,174.0203857421875,259.4134521484375,225.1193084716797,31
Flickr30K/4524006530.jpg,/content/Image_captioning_Local/Flickr30K/flickr30k_images/flickr30k_images/flickr30k_images/4524006530.jpg,person,0.34042471647262573,212.9640350341797,174.027587890625,271.6143493652344,286.44366455078125,31
Flickr30K/4524006530.jpg,/content/Image_captioning_Local/Flickr30K/flickr30k_images/flickr30k_images/flickr30k_images/4524006530.jpg,bowl,0.3333421051502228,88.83297729492188,335.2931213378906,175.25534057617188,370.0572509765625,31
Flickr30K/4524006530.jpg,/content/Image_captioning_Local/Flickr30K/flickr30k_images/flickr30k_images/flickr30k_images/4524006530.jpg,dining table,0.32221245765686035,208.1901092529297,229.92613220214844,255.54852294921875,288.32598876953125,31
Flickr30K/4524006530.jpg,/content/Image_captioning_Local/Flickr30K/flickr30k_images/flickr30k_images/flickr30k_images/4524006530.jpg,spoon,0.29555338621139526,195.5797119140625,321.3109436035156,211.77554321289062,336.6471862792969,31
Flickr30K/4524006530.jpg,/content/Image_captioning_Local/Flickr30K/flickr30k_images/flickr30k_images/flickr30k_images/4524006530.jpg,banana,0.28888335824012756,123.04041290283203,313.32586669921875,162.7361602783203,348.1051025390625,31
Flickr30K/4524006530.jpg,/content/Image_captioning_Local/Flickr30K/flickr30k_images/flickr30k_images/flickr30k_images/4524006530.jpg,person,0.28441399335861206,330.42913818359375,179.36343383789062,358.56158447265625,256.5755920410156,31
Flickr30K/4524006530.jpg,/content/Image_captioning_Local/Flickr30K/flickr30k_images/flickr30k_images/flickr30k_images/4524006530.jpg,chair,0.2686215937137604,0.055089592933654785,228.4401397705078,29.416385650634766,319.78326416015625,31
Flickr30K/4524006530.jpg,/content/Image_captioning_Local/Flickr30K/flickr30k_images/flickr30k_images/flickr30k_images/4524006530.jpg,banana,0.2501384913921356,142.47772216796875,314.5427551269531,163.416259765625,344.2414855957031,31
Flickr30K/452416075.jpg,/content/Image_captioning_Local/Flickr30K/flickr30k_images/flickr30k_images/flickr30k_images/452416075.jpg,person,0.9018288254737854,155.8033447265625,103.06062316894531,328.147705078125,410.8099365234375,1
Flickr30K/4524196235.jpg,/content/Image_captioning_Local/Flickr30K/flickr30k_images/flickr30k_images/flickr30k_images/4524196235.jpg,person,0.9083592295646667,230.1063995361328,226.975341796875,318.7304382324219,411.3920593261719,2
Flickr30K/4524196235.jpg,/content/Image_captioning_Local/Flickr30K/flickr30k_images/flickr30k_images/flickr30k_images/4524196235.jpg,traffic light,0.8084741234779358,13.669300079345703,103.36308288574219,120.80186462402344,260.44781494140625,2
Flickr30K/452419961.jpg,/content/Image_captioning_Local/Flickr30K/flickr30k_images/flickr30k_images/flickr30k_images/452419961.jpg,person,0.9113923907279968,0.20902156829833984,23.01995849609375,212.00857543945312,373.0923767089844,3
Flickr30K/452419961.jpg,/content/Image_captioning_Local/Flickr30K/flickr30k_images/flickr30k_images/flickr30k_images/452419961.jpg,person,0.4212314188480377,179.14663696289062,78.72960662841797,455.8318176269531,368.0366516113281,3
Flickr30K/452419961.jpg,/content/Image_captioning_Local/Flickr30K/flickr30k_images/flickr30k_images/flickr30k_images/452419961.jpg,person,0.41485676169395447,177.9665069580078,49.13610076904297,276.9030456542969,298.5771179199219,3
Flickr30K/4524211921.jpg,/content/Image_captioning_Local/Flickr30K/flickr30k_images/flickr30k_images/flickr30k_images/4524211921.jpg,person,0.8617550730705261,338.8911437988281,163.81773376464844,456.07818603515625,437.778564453125,1
Flickr30K/4524222086.jpg,/content/Image_captioning_Local/Flickr30K/flickr30k_images/flickr30k_images/flickr30k_images/4524222086.jpg,person,0.8771255016326904,177.72488403320312,35.922401428222656,324.0848083496094,328.47882080078125,12
Flickr30K/4524222086.jpg,/content/Image_captioning_Local/Flickr30K/flickr30k_images/flickr30k_images/flickr30k_images/4524222086.jpg,person,0.868251621723175,116.09547424316406,56.6749382019043,204.07489013671875,329.73785400390625,12
Flickr30K/4524222086.jpg,/content/Image_captioning_Local/Flickr30K/flickr30k_images/flickr30k_images/flickr30k_images/4524222086.jpg,person,0.8205053210258484,61.796043395996094,63.26282501220703,140.50848388671875,302.70416259765625,12
Flickr30K/4524222086.jpg,/content/Image_captioning_Local/Flickr30K/flickr30k_images/flickr30k_images/flickr30k_images/4524222086.jpg,person,0.7754617929458618,0.17412304878234863,62.82204818725586,57.63191604614258,307.2832946777344,12
Flickr30K/4524222086.jpg,/content/Image_captioning_Local/Flickr30K/flickr30k_images/flickr30k_images/flickr30k_images/4524222086.jpg,umbrella,0.7215917706489563,1.3772010803222656,0.3107428550720215,97.47920989990234,50.90840530395508,12
Flickr30K/4524222086.jpg,/content/Image_captioning_Local/Flickr30K/flickr30k_images/flickr30k_images/flickr30k_images/4524222086.jpg,person,0.566421627998352,191.79673767089844,61.53916549682617,224.26112365722656,110.77525329589844,12
Flickr30K/4524222086.jpg,/content/Image_captioning_Local/Flickr30K/flickr30k_images/flickr30k_images/flickr30k_images/4524222086.jpg,person,0.5558459758758545,40.614295959472656,70.59170532226562,75.89778900146484,223.7405242919922,12
Flickr30K/4524222086.jpg,/content/Image_captioning_Local/Flickr30K/flickr30k_images/flickr30k_images/flickr30k_images/4524222086.jpg,truck,0.5499971508979797,295.0275573730469,7.161295413970947,424.2134094238281,196.01736450195312,12
Flickr30K/4524222086.jpg,/content/Image_captioning_Local/Flickr30K/flickr30k_images/flickr30k_images/flickr30k_images/4524222086.jpg,person,0.5036147236824036,459.8200378417969,65.52510833740234,499.94091796875,273.8476257324219,12
Flickr30K/4524222086.jpg,/content/Image_captioning_Local/Flickr30K/flickr30k_images/flickr30k_images/flickr30k_images/4524222086.jpg,handbag,0.3511204719543457,95.8312759399414,202.71243286132812,136.43617248535156,322.3520812988281,12
Flickr30K/4524222086.jpg,/content/Image_captioning_Local/Flickr30K/flickr30k_images/flickr30k_images/flickr30k_images/4524222086.jpg,person,0.3327467143535614,119.65904235839844,73.71369171142578,144.96600341796875,104.024169921875,12
Flickr30K/4524222086.jpg,/content/Image_captioning_Local/Flickr30K/flickr30k_images/flickr30k_images/flickr30k_images/4524222086.jpg,person,0.3243409991264343,61.747657775878906,74.58740234375,78.08890533447266,99.89279174804688,12
Flickr30K/4524224040.jpg,/content/Image_captioning_Local/Flickr30K/flickr30k_images/flickr30k_images/flickr30k_images/4524224040.jpg,car,0.8944104909896851,1.4373958110809326,50.50239562988281,151.31631469726562,171.13995361328125,4
Flickr30K/4524224040.jpg,/content/Image_captioning_Local/Flickr30K/flickr30k_images/flickr30k_images/flickr30k_images/4524224040.jpg,person,0.8592953085899353,279.2662048339844,68.67096710205078,327.812255859375,221.90390014648438,4
Flickr30K/4524224040.jpg,/content/Image_captioning_Local/Flickr30K/flickr30k_images/flickr30k_images/flickr30k_images/4524224040.jpg,person,0.6237502694129944,195.664794921875,27.5519962310791,265.6216735839844,269.3885192871094,4
Flickr30K/4524224040.jpg,/content/Image_captioning_Local/Flickr30K/flickr30k_images/flickr30k_images/flickr30k_images/4524224040.jpg,stop sign,0.29408159852027893,214.2941436767578,4.478679656982422,226.64527893066406,21.41650390625,4
Flickr30K/4524224528.jpg,/content/Image_captioning_Local/Flickr30K/flickr30k_images/flickr30k_images/flickr30k_images/4524224528.jpg,person,0.866036057472229,31.48021697998047,49.71635818481445,176.39334106445312,329.7533874511719,7
Flickr30K/4524224528.jpg,/content/Image_captioning_Local/Flickr30K/flickr30k_images/flickr30k_images/flickr30k_images/4524224528.jpg,person,0.7237946391105652,310.6665344238281,147.1851806640625,339.2002868652344,267.2110595703125,7
Flickr30K/4524224528.jpg,/content/Image_captioning_Local/Flickr30K/flickr30k_images/flickr30k_images/flickr30k_images/4524224528.jpg,person,0.5459555387496948,292.31329345703125,146.48887634277344,318.22247314453125,258.2980041503906,7
Flickr30K/4524224528.jpg,/content/Image_captioning_Local/Flickr30K/flickr30k_images/flickr30k_images/flickr30k_images/4524224528.jpg,person,0.5246102213859558,272.0142517089844,146.8763427734375,313.3139343261719,264.1105041503906,7
Flickr30K/4524224528.jpg,/content/Image_captioning_Local/Flickr30K/flickr30k_images/flickr30k_images/flickr30k_images/4524224528.jpg,cell phone,0.44215407967567444,84.43594360351562,165.58189392089844,108.94756317138672,178.87721252441406,7
Flickr30K/4524224528.jpg,/content/Image_captioning_Local/Flickr30K/flickr30k_images/flickr30k_images/flickr30k_images/4524224528.jpg,person,0.4166196584701538,373.27276611328125,184.9465789794922,382.3742370605469,203.5125274658203,7
Flickr30K/4524224528.jpg,/content/Image_captioning_Local/Flickr30K/flickr30k_images/flickr30k_images/flickr30k_images/4524224528.jpg,person,0.304813027381897,385.6585693359375,187.78915405273438,395.1636657714844,204.76947021484375,7
Flickr30K/4524227478.jpg,/content/Image_captioning_Local/Flickr30K/flickr30k_images/flickr30k_images/flickr30k_images/4524227478.jpg,person,0.8793073296546936,103.27729797363281,31.769376754760742,238.11000061035156,327.231201171875,3
Flickr30K/4524227478.jpg,/content/Image_captioning_Local/Flickr30K/flickr30k_images/flickr30k_images/flickr30k_images/4524227478.jpg,cell phone,0.4138075113296509,147.86471557617188,71.950439453125,162.84449768066406,96.4823989868164,3
Flickr30K/4524227478.jpg,/content/Image_captioning_Local/Flickr30K/flickr30k_images/flickr30k_images/flickr30k_images/4524227478.jpg,parking meter,0.39022254943847656,339.5240173339844,11.618858337402344,498.0674743652344,327.457763671875,3
Flickr30K/4524296058.jpg,/content/Image_captioning_Local/Flickr30K/flickr30k_images/flickr30k_images/flickr30k_images/4524296058.jpg,person,0.8737857937812805,387.4394836425781,6.241369247436523,498.7876281738281,272.89215087890625,3
Flickr30K/4524296058.jpg,/content/Image_captioning_Local/Flickr30K/flickr30k_images/flickr30k_images/flickr30k_images/4524296058.jpg,person,0.847430408000946,173.21875,39.33736038208008,331.3167724609375,279.7420959472656,3
Flickr30K/4524296058.jpg,/content/Image_captioning_Local/Flickr30K/flickr30k_images/flickr30k_images/flickr30k_images/4524296058.jpg,person,0.26532304286956787,440.0104064941406,52.9937629699707,499.54534912109375,267.46893310546875,3
Flickr30K/4524361920.jpg,/content/Image_captioning_Local/Flickr30K/flickr30k_images/flickr30k_images/flickr30k_images/4524361920.jpg,person,0.7740952968597412,145.9456024169922,0.0,331.3834533691406,492.58447265625,3
Flickr30K/4524361920.jpg,/content/Image_captioning_Local/Flickr30K/flickr30k_images/flickr30k_images/flickr30k_images/4524361920.jpg,handbag,0.5392735004425049,147.30262756347656,75.7785415649414,190.5975341796875,155.8916015625,3
Flickr30K/4524361920.jpg,/content/Image_captioning_Local/Flickr30K/flickr30k_images/flickr30k_images/flickr30k_images/4524361920.jpg,handbag,0.2611428499221802,265.13873291015625,75.82386779785156,339.55224609375,303.4117736816406,3
Flickr30K/4524364495.jpg,/content/Image_captioning_Local/Flickr30K/flickr30k_images/flickr30k_images/flickr30k_images/4524364495.jpg,cup,0.8218716979026794,134.86021423339844,238.2246551513672,158.99952697753906,263.759033203125,17
Flickr30K/4524364495.jpg,/content/Image_captioning_Local/Flickr30K/flickr30k_images/flickr30k_images/flickr30k_images/4524364495.jpg,person,0.7923202514648438,53.64960479736328,4.281741142272949,293.27325439453125,305.6888732910156,17
Flickr30K/4524364495.jpg,/content/Image_captioning_Local/Flickr30K/flickr30k_images/flickr30k_images/flickr30k_images/4524364495.jpg,cup,0.7441614270210266,166.50625610351562,237.48416137695312,190.65049743652344,257.24920654296875,17
Flickr30K/4524364495.jpg,/content/Image_captioning_Local/Flickr30K/flickr30k_images/flickr30k_images/flickr30k_images/4524364495.jpg,cup,0.7284742593765259,168.34327697753906,254.98899841308594,193.98577880859375,272.7402648925781,17
Flickr30K/4524364495.jpg,/content/Image_captioning_Local/Flickr30K/flickr30k_images/flickr30k_images/flickr30k_images/4524364495.jpg,cup,0.7257741689682007,206.08071899414062,254.94583129882812,232.30018615722656,273.16705322265625,17
Flickr30K/4524364495.jpg,/content/Image_captioning_Local/Flickr30K/flickr30k_images/flickr30k_images/flickr30k_images/4524364495.jpg,wine glass,0.7194235920906067,0.0,223.42169189453125,19.940113067626953,267.85394287109375,17
Flickr30K/4524364495.jpg,/content/Image_captioning_Local/Flickr30K/flickr30k_images/flickr30k_images/flickr30k_images/4524364495.jpg,person,0.6668956279754639,57.608699798583984,53.793601989746094,137.41458129882812,184.1785125732422,17
Flickr30K/4524364495.jpg,/content/Image_captioning_Local/Flickr30K/flickr30k_images/flickr30k_images/flickr30k_images/4524364495.jpg,person,0.6089528799057007,393.8084411621094,87.70263671875,418.4248962402344,107.68675994873047,17
Flickr30K/4524364495.jpg,/content/Image_captioning_Local/Flickr30K/flickr30k_images/flickr30k_images/flickr30k_images/4524364495.jpg,person,0.5593251585960388,317.4139099121094,68.19879150390625,347.2449645996094,105.277587890625,17
Flickr30K/4524364495.jpg,/content/Image_captioning_Local/Flickr30K/flickr30k_images/flickr30k_images/flickr30k_images/4524364495.jpg,chair,0.5524107217788696,39.379032135009766,141.69314575195312,72.80084228515625,178.3437042236328,17
Flickr30K/4524364495.jpg,/content/Image_captioning_Local/Flickr30K/flickr30k_images/flickr30k_images/flickr30k_images/4524364495.jpg,person,0.5237102508544922,143.28106689453125,79.48895263671875,163.59042358398438,100.36959838867188,17
Flickr30K/4524364495.jpg,/content/Image_captioning_Local/Flickr30K/flickr30k_images/flickr30k_images/flickr30k_images/4524364495.jpg,chair,0.49705344438552856,0.0,140.5735321044922,30.81694793701172,176.59828186035156,17
Flickr30K/4524364495.jpg,/content/Image_captioning_Local/Flickr30K/flickr30k_images/flickr30k_images/flickr30k_images/4524364495.jpg,person,0.48561927676200867,414.8336486816406,70.53895568847656,479.9783630371094,142.998046875,17
Flickr30K/4524364495.jpg,/content/Image_captioning_Local/Flickr30K/flickr30k_images/flickr30k_images/flickr30k_images/4524364495.jpg,person,0.44258052110671997,339.248046875,70.00464630126953,364.3332824707031,104.76949310302734,17
Flickr30K/4524364495.jpg,/content/Image_captioning_Local/Flickr30K/flickr30k_images/flickr30k_images/flickr30k_images/4524364495.jpg,person,0.40368229150772095,282.8937683105469,90.18899536132812,299.3974304199219,105.22821044921875,17
Flickr30K/4524364495.jpg,/content/Image_captioning_Local/Flickr30K/flickr30k_images/flickr30k_images/flickr30k_images/4524364495.jpg,dining table,0.2539390027523041,2.5422513484954834,271.0821228027344,124.59211730957031,330.9164123535156,17
Flickr30K/4524364495.jpg,/content/Image_captioning_Local/Flickr30K/flickr30k_images/flickr30k_images/flickr30k_images/4524364495.jpg,cup,0.2520338296890259,18.956485748291016,203.3409423828125,43.72947692871094,260.4298400878906,17
Flickr30K/4524407264.jpg,/content/Image_captioning_Local/Flickr30K/flickr30k_images/flickr30k_images/flickr30k_images/4524407264.jpg,car,0.926992654800415,394.6197204589844,301.78411865234375,499.3539733886719,368.0899353027344,9
Flickr30K/4524407264.jpg,/content/Image_captioning_Local/Flickr30K/flickr30k_images/flickr30k_images/flickr30k_images/4524407264.jpg,person,0.7617332339286804,152.25833129882812,298.274169921875,233.7189483642578,486.5220947265625,9
Flickr30K/4524407264.jpg,/content/Image_captioning_Local/Flickr30K/flickr30k_images/flickr30k_images/flickr30k_images/4524407264.jpg,car,0.7259009480476379,164.91033935546875,305.79266357421875,272.9716491699219,352.0327453613281,9
Flickr30K/4524407264.jpg,/content/Image_captioning_Local/Flickr30K/flickr30k_images/flickr30k_images/flickr30k_images/4524407264.jpg,person,0.7062020897865295,40.79573059082031,270.292236328125,180.75523376464844,488.3229675292969,9
Flickr30K/4524407264.jpg,/content/Image_captioning_Local/Flickr30K/flickr30k_images/flickr30k_images/flickr30k_images/4524407264.jpg,car,0.4628324508666992,14.505547523498535,315.4236145019531,31.899967193603516,327.6185302734375,9
Flickr30K/4524407264.jpg,/content/Image_captioning_Local/Flickr30K/flickr30k_images/flickr30k_images/flickr30k_images/4524407264.jpg,car,0.41907981038093567,36.017333984375,316.42877197265625,49.28126525878906,327.0836486816406,9
Flickr30K/4524407264.jpg,/content/Image_captioning_Local/Flickr30K/flickr30k_images/flickr30k_images/flickr30k_images/4524407264.jpg,car,0.40396320819854736,51.021331787109375,319.8486328125,67.84194946289062,327.3283386230469,9
Flickr30K/4524407264.jpg,/content/Image_captioning_Local/Flickr30K/flickr30k_images/flickr30k_images/flickr30k_images/4524407264.jpg,handbag,0.3295554220676422,114.00983428955078,370.7562561035156,174.4130096435547,491.1757507324219,9
Flickr30K/4524407264.jpg,/content/Image_captioning_Local/Flickr30K/flickr30k_images/flickr30k_images/flickr30k_images/4524407264.jpg,car,0.31758585572242737,0.0,315.3457336425781,16.254642486572266,327.5647277832031,9
Flickr30K/4524418308.jpg,/content/Image_captioning_Local/Flickr30K/flickr30k_images/flickr30k_images/flickr30k_images/4524418308.jpg,chair,0.839171826839447,104.84600067138672,258.9893798828125,227.44927978515625,373.13800048828125,14
Flickr30K/4524418308.jpg,/content/Image_captioning_Local/Flickr30K/flickr30k_images/flickr30k_images/flickr30k_images/4524418308.jpg,person,0.8243042826652527,175.2892303466797,123.67189025878906,215.83087158203125,190.73641967773438,14
Flickr30K/4524418308.jpg,/content/Image_captioning_Local/Flickr30K/flickr30k_images/flickr30k_images/flickr30k_images/4524418308.jpg,chair,0.8220752477645874,282.6846008300781,308.1065979003906,399.5996398925781,373.038330078125,14
Flickr30K/4524418308.jpg,/content/Image_captioning_Local/Flickr30K/flickr30k_images/flickr30k_images/flickr30k_images/4524418308.jpg,person,0.797640323638916,290.82672119140625,138.1693115234375,345.2181701660156,274.6575012207031,14
Flickr30K/4524418308.jpg,/content/Image_captioning_Local/Flickr30K/flickr30k_images/flickr30k_images/flickr30k_images/4524418308.jpg,chair,0.7712185978889465,284.9346618652344,225.025146484375,377.8522033691406,329.281982421875,14
Flickr30K/4524418308.jpg,/content/Image_captioning_Local/Flickr30K/flickr30k_images/flickr30k_images/flickr30k_images/4524418308.jpg,person,0.7100266218185425,65.542724609375,144.52725219726562,132.08294677734375,243.4520721435547,14
Flickr30K/4524418308.jpg,/content/Image_captioning_Local/Flickr30K/flickr30k_images/flickr30k_images/flickr30k_images/4524418308.jpg,person,0.6859716773033142,79.21725463867188,151.2631378173828,150.0370330810547,288.29327392578125,14
Flickr30K/4524418308.jpg,/content/Image_captioning_Local/Flickr30K/flickr30k_images/flickr30k_images/flickr30k_images/4524418308.jpg,chair,0.6827629208564758,53.420291900634766,226.47959899902344,124.45053100585938,370.3232421875,14
Flickr30K/4524418308.jpg,/content/Image_captioning_Local/Flickr30K/flickr30k_images/flickr30k_images/flickr30k_images/4524418308.jpg,chair,0.6711104512214661,0.16424953937530518,300.0668029785156,36.13469314575195,373.56146240234375,14
Flickr30K/4524418308.jpg,/content/Image_captioning_Local/Flickr30K/flickr30k_images/flickr30k_images/flickr30k_images/4524418308.jpg,person,0.6577163934707642,134.88479614257812,159.41552734375,219.17233276367188,293.6354064941406,14
Flickr30K/4524418308.jpg,/content/Image_captioning_Local/Flickr30K/flickr30k_images/flickr30k_images/flickr30k_images/4524418308.jpg,chair,0.573736846446991,43.892513275146484,191.07073974609375,74.75144958496094,251.1679229736328,14
Flickr30K/4524418308.jpg,/content/Image_captioning_Local/Flickr30K/flickr30k_images/flickr30k_images/flickr30k_images/4524418308.jpg,person,0.416839599609375,124.60257720947266,152.0581512451172,161.91651916503906,200.42063903808594,14
Flickr30K/4524418308.jpg,/content/Image_captioning_Local/Flickr30K/flickr30k_images/flickr30k_images/flickr30k_images/4524418308.jpg,cup,0.33092495799064636,283.9427490234375,193.6085205078125,296.8095397949219,206.25390625,14
Flickr30K/4524418308.jpg,/content/Image_captioning_Local/Flickr30K/flickr30k_images/flickr30k_images/flickr30k_images/4524418308.jpg,handbag,0.25845909118652344,227.30975341796875,305.8877868652344,291.29620361328125,374.574951171875,14
Flickr30K/4524570447.jpg,/content/Image_captioning_Local/Flickr30K/flickr30k_images/flickr30k_images/flickr30k_images/4524570447.jpg,person,0.8710773587226868,103.83177185058594,3.7967145442962646,423.4815979003906,265.25274658203125,11
Flickr30K/4524570447.jpg,/content/Image_captioning_Local/Flickr30K/flickr30k_images/flickr30k_images/flickr30k_images/4524570447.jpg,chair,0.8192354440689087,0.0,180.75537109375,67.00464630126953,280.13018798828125,11
Flickr30K/4524570447.jpg,/content/Image_captioning_Local/Flickr30K/flickr30k_images/flickr30k_images/flickr30k_images/4524570447.jpg,bowl,0.7911995053291321,158.73825073242188,228.6670684814453,320.8167724609375,326.2731018066406,11
Flickr30K/4524570447.jpg,/content/Image_captioning_Local/Flickr30K/flickr30k_images/flickr30k_images/flickr30k_images/4524570447.jpg,bottle,0.7125275135040283,52.23772430419922,67.74609375,72.37408447265625,109.37046813964844,11
Flickr30K/4524570447.jpg,/content/Image_captioning_Local/Flickr30K/flickr30k_images/flickr30k_images/flickr30k_images/4524570447.jpg,refrigerator,0.6903562545776367,77.82767486572266,16.229598999023438,167.17787170410156,148.2583465576172,11
Flickr30K/4524570447.jpg,/content/Image_captioning_Local/Flickr30K/flickr30k_images/flickr30k_images/flickr30k_images/4524570447.jpg,bottle,0.6351152062416077,72.23068237304688,69.55116271972656,94.0303955078125,119.1377182006836,11
Flickr30K/4524570447.jpg,/content/Image_captioning_Local/Flickr30K/flickr30k_images/flickr30k_images/flickr30k_images/4524570447.jpg,bowl,0.5367613434791565,13.506390571594238,116.24586486816406,43.36928176879883,135.0294189453125,11
Flickr30K/4524570447.jpg,/content/Image_captioning_Local/Flickr30K/flickr30k_images/flickr30k_images/flickr30k_images/4524570447.jpg,bottle,0.4532970190048218,89.86064147949219,65.16290283203125,107.31015014648438,119.02709197998047,11
Flickr30K/4524570447.jpg,/content/Image_captioning_Local/Flickr30K/flickr30k_images/flickr30k_images/flickr30k_images/4524570447.jpg,dining table,0.4429725408554077,58.813140869140625,232.73387145996094,499.91796875,328.12738037109375,11
Flickr30K/4524570447.jpg,/content/Image_captioning_Local/Flickr30K/flickr30k_images/flickr30k_images/flickr30k_images/4524570447.jpg,bowl,0.3946646749973297,41.65343475341797,120.30703735351562,68.81541442871094,134.0411376953125,11
Flickr30K/4524570447.jpg,/content/Image_captioning_Local/Flickr30K/flickr30k_images/flickr30k_images/flickr30k_images/4524570447.jpg,spoon,0.3109837472438812,208.28871154785156,186.3516845703125,256.0719909667969,279.94366455078125,11
Flickr30K/4524693539.jpg,/content/Image_captioning_Local/Flickr30K/flickr30k_images/flickr30k_images/flickr30k_images/4524693539.jpg,person,0.9155399799346924,246.1073455810547,143.62789916992188,378.21612548828125,408.5585021972656,10
Flickr30K/4524693539.jpg,/content/Image_captioning_Local/Flickr30K/flickr30k_images/flickr30k_images/flickr30k_images/4524693539.jpg,person,0.9037338495254517,117.50878143310547,75.86918640136719,239.46923828125,410.22540283203125,10
Flickr30K/4524693539.jpg,/content/Image_captioning_Local/Flickr30K/flickr30k_images/flickr30k_images/flickr30k_images/4524693539.jpg,person,0.6102498173713684,289.6607360839844,85.01041412353516,363.0588073730469,218.0878143310547,10
Flickr30K/4524693539.jpg,/content/Image_captioning_Local/Flickr30K/flickr30k_images/flickr30k_images/flickr30k_images/4524693539.jpg,person,0.6058909296989441,381.4277038574219,253.5854034423828,406.4256591796875,293.7876892089844,10
Flickr30K/4524693539.jpg,/content/Image_captioning_Local/Flickr30K/flickr30k_images/flickr30k_images/flickr30k_images/4524693539.jpg,person,0.47395867109298706,399.7198486328125,255.7453155517578,428.44671630859375,293.6184387207031,10
Flickr30K/4524693539.jpg,/content/Image_captioning_Local/Flickr30K/flickr30k_images/flickr30k_images/flickr30k_images/4524693539.jpg,person,0.41536033153533936,373.7099914550781,253.75619506835938,389.6022033691406,292.37677001953125,10
Flickr30K/4524693539.jpg,/content/Image_captioning_Local/Flickr30K/flickr30k_images/flickr30k_images/flickr30k_images/4524693539.jpg,person,0.34456679224967957,405.97137451171875,266.43511962890625,434.3112487792969,309.3299560546875,10
Flickr30K/4524693539.jpg,/content/Image_captioning_Local/Flickr30K/flickr30k_images/flickr30k_images/flickr30k_images/4524693539.jpg,backpack,0.33712100982666016,389.11944580078125,304.10308837890625,415.90008544921875,316.86749267578125,10
Flickr30K/4524693539.jpg,/content/Image_captioning_Local/Flickr30K/flickr30k_images/flickr30k_images/flickr30k_images/4524693539.jpg,car,0.31081199645996094,425.2814636230469,267.7891540527344,465.6265869140625,279.643310546875,10
Flickr30K/4524693539.jpg,/content/Image_captioning_Local/Flickr30K/flickr30k_images/flickr30k_images/flickr30k_images/4524693539.jpg,bench,0.28769126534461975,374.6578369140625,287.1065979003906,409.0929870605469,316.0216064453125,10
Flickr30K/4524828504.jpg,/content/Image_captioning_Local/Flickr30K/flickr30k_images/flickr30k_images/flickr30k_images/4524828504.jpg,person,0.6833772659301758,346.0806884765625,324.1968994140625,433.0787048339844,419.6276550292969,1
Flickr30K/4525077213.jpg,/content/Image_captioning_Local/Flickr30K/flickr30k_images/flickr30k_images/flickr30k_images/4525077213.jpg,person,0.9090903997421265,403.49462890625,106.24427795410156,457.4266357421875,280.4830017089844,4
Flickr30K/4525077213.jpg,/content/Image_captioning_Local/Flickr30K/flickr30k_images/flickr30k_images/flickr30k_images/4525077213.jpg,person,0.8699550032615662,88.91524505615234,139.46893310546875,216.7530059814453,348.8496398925781,4
Flickr30K/4525077213.jpg,/content/Image_captioning_Local/Flickr30K/flickr30k_images/flickr30k_images/flickr30k_images/4525077213.jpg,car,0.7808505296707153,32.6394157409668,171.1956787109375,60.81974411010742,220.25270080566406,4
Flickr30K/4525077213.jpg,/content/Image_captioning_Local/Flickr30K/flickr30k_images/flickr30k_images/flickr30k_images/4525077213.jpg,car,0.26366788148880005,35.3582763671875,162.905029296875,59.60953140258789,182.25694274902344,4
Flickr30K/4525101035.jpg,/content/Image_captioning_Local/Flickr30K/flickr30k_images/flickr30k_images/flickr30k_images/4525101035.jpg,person,0.7570320963859558,7.256054878234863,75.16355895996094,461.415283203125,362.45660400390625,2
Flickr30K/4525101035.jpg,/content/Image_captioning_Local/Flickr30K/flickr30k_images/flickr30k_images/flickr30k_images/4525101035.jpg,person,0.2577463686466217,347.81182861328125,206.12258911132812,385.0373229980469,263.8955993652344,2
Flickr30K/4525286529.jpg,/content/Image_captioning_Local/Flickr30K/flickr30k_images/flickr30k_images/flickr30k_images/4525286529.jpg,person,0.9173285365104675,83.65193939208984,141.58486938476562,211.24148559570312,375.0,8
Flickr30K/4525286529.jpg,/content/Image_captioning_Local/Flickr30K/flickr30k_images/flickr30k_images/flickr30k_images/4525286529.jpg,person,0.9005017280578613,429.39410400390625,223.79502868652344,499.7444763183594,371.96612548828125,8
Flickr30K/4525286529.jpg,/content/Image_captioning_Local/Flickr30K/flickr30k_images/flickr30k_images/flickr30k_images/4525286529.jpg,person,0.8698368668556213,240.49050903320312,179.3113250732422,330.5568542480469,373.0166320800781,8
Flickr30K/4525286529.jpg,/content/Image_captioning_Local/Flickr30K/flickr30k_images/flickr30k_images/flickr30k_images/4525286529.jpg,person,0.8559853434562683,1.5932708978652954,143.0062713623047,99.69499969482422,375.0,8
Flickr30K/4525286529.jpg,/content/Image_captioning_Local/Flickr30K/flickr30k_images/flickr30k_images/flickr30k_images/4525286529.jpg,person,0.8546862006187439,308.6424560546875,186.70701599121094,397.6693420410156,371.0932312011719,8
Flickr30K/4525286529.jpg,/content/Image_captioning_Local/Flickr30K/flickr30k_images/flickr30k_images/flickr30k_images/4525286529.jpg,person,0.7859559655189514,361.2874450683594,145.59774780273438,439.6592712402344,374.2165222167969,8
Flickr30K/4525286529.jpg,/content/Image_captioning_Local/Flickr30K/flickr30k_images/flickr30k_images/flickr30k_images/4525286529.jpg,person,0.6904118657112122,439.98406982421875,214.1343536376953,453.3074035644531,252.07252502441406,8
Flickr30K/4525286529.jpg,/content/Image_captioning_Local/Flickr30K/flickr30k_images/flickr30k_images/flickr30k_images/4525286529.jpg,person,0.26262718439102173,248.39480590820312,211.66009521484375,258.7434997558594,242.6962432861328,8
Flickr30K/4525289701.jpg,/content/Image_captioning_Local/Flickr30K/flickr30k_images/flickr30k_images/flickr30k_images/4525289701.jpg,person,0.9170584678649902,256.92572021484375,114.82899475097656,307.6282043457031,262.343505859375,9
Flickr30K/4525289701.jpg,/content/Image_captioning_Local/Flickr30K/flickr30k_images/flickr30k_images/flickr30k_images/4525289701.jpg,person,0.8405033349990845,127.65841674804688,57.52555847167969,235.37533569335938,323.1036682128906,9
Flickr30K/4525289701.jpg,/content/Image_captioning_Local/Flickr30K/flickr30k_images/flickr30k_images/flickr30k_images/4525289701.jpg,person,0.8293727040290833,209.05889892578125,102.98664855957031,258.09344482421875,284.556884765625,9
Flickr30K/4525289701.jpg,/content/Image_captioning_Local/Flickr30K/flickr30k_images/flickr30k_images/flickr30k_images/4525289701.jpg,person,0.7064076066017151,249.3663787841797,175.4598846435547,271.469482421875,227.00050354003906,9
Flickr30K/4525289701.jpg,/content/Image_captioning_Local/Flickr30K/flickr30k_images/flickr30k_images/flickr30k_images/4525289701.jpg,person,0.6918359994888306,0.0,153.37147521972656,14.596256256103516,194.39434814453125,9
Flickr30K/4525289701.jpg,/content/Image_captioning_Local/Flickr30K/flickr30k_images/flickr30k_images/flickr30k_images/4525289701.jpg,person,0.5911945104598999,46.25763702392578,144.7345428466797,59.91571044921875,177.7849884033203,9
Flickr30K/4525289701.jpg,/content/Image_captioning_Local/Flickr30K/flickr30k_images/flickr30k_images/flickr30k_images/4525289701.jpg,person,0.5897932052612305,88.46411895751953,143.4987030029297,134.33880615234375,229.30593872070312,9
Flickr30K/4525289701.jpg,/content/Image_captioning_Local/Flickr30K/flickr30k_images/flickr30k_images/flickr30k_images/4525289701.jpg,person,0.5303714275360107,71.00469207763672,140.34130859375,87.23306274414062,186.38818359375,9
Flickr30K/4525289701.jpg,/content/Image_captioning_Local/Flickr30K/flickr30k_images/flickr30k_images/flickr30k_images/4525289701.jpg,person,0.30947282910346985,31.49404525756836,148.4774627685547,42.70505905151367,178.89547729492188,9
Flickr30K/4525293073.jpg,/content/Image_captioning_Local/Flickr30K/flickr30k_images/flickr30k_images/flickr30k_images/4525293073.jpg,person,0.8868018984794617,222.73907470703125,74.6989974975586,438.3432312011719,490.8294677734375,3
Flickr30K/4525293073.jpg,/content/Image_captioning_Local/Flickr30K/flickr30k_images/flickr30k_images/flickr30k_images/4525293073.jpg,person,0.8108357787132263,444.5276794433594,220.38035583496094,499.7110900878906,380.51971435546875,3
Flickr30K/4525293073.jpg,/content/Image_captioning_Local/Flickr30K/flickr30k_images/flickr30k_images/flickr30k_images/4525293073.jpg,handbag,0.5550323724746704,372.04168701171875,321.1858825683594,467.69317626953125,490.3955383300781,3
Flickr30K/4525339446.jpg,/content/Image_captioning_Local/Flickr30K/flickr30k_images/flickr30k_images/flickr30k_images/4525339446.jpg,person,0.8821878433227539,29.29539680480957,76.15299224853516,112.59407806396484,352.2410888671875,7
Flickr30K/4525339446.jpg,/content/Image_captioning_Local/Flickr30K/flickr30k_images/flickr30k_images/flickr30k_images/4525339446.jpg,person,0.8736101388931274,329.6311950683594,106.83052825927734,375.0,318.761474609375,7
Flickr30K/4525339446.jpg,/content/Image_captioning_Local/Flickr30K/flickr30k_images/flickr30k_images/flickr30k_images/4525339446.jpg,person,0.8509557247161865,178.037353515625,46.58644104003906,328.9159851074219,494.80694580078125,7
Flickr30K/4525339446.jpg,/content/Image_captioning_Local/Flickr30K/flickr30k_images/flickr30k_images/flickr30k_images/4525339446.jpg,person,0.8499345183372498,102.42581176757812,152.3427734375,152.36871337890625,341.022216796875,7
Flickr30K/4525339446.jpg,/content/Image_captioning_Local/Flickr30K/flickr30k_images/flickr30k_images/flickr30k_images/4525339446.jpg,person,0.8222543001174927,0.0,136.6667022705078,44.860015869140625,350.3479309082031,7
Flickr30K/4525339446.jpg,/content/Image_captioning_Local/Flickr30K/flickr30k_images/flickr30k_images/flickr30k_images/4525339446.jpg,person,0.8176624178886414,95.41433715820312,98.3825912475586,189.12030029296875,330.2323913574219,7
Flickr30K/4525339446.jpg,/content/Image_captioning_Local/Flickr30K/flickr30k_images/flickr30k_images/flickr30k_images/4525339446.jpg,baseball bat,0.2689291834831238,167.50149536132812,0.4091322422027588,235.86611938476562,191.05572509765625,7
Flickr30K/4525526342.jpg,/content/Image_captioning_Local/Flickr30K/flickr30k_images/flickr30k_images/flickr30k_images/4525526342.jpg,person,0.9071918725967407,319.3340759277344,120.93665313720703,487.28900146484375,332.2113952636719,9
Flickr30K/4525526342.jpg,/content/Image_captioning_Local/Flickr30K/flickr30k_images/flickr30k_images/flickr30k_images/4525526342.jpg,person,0.9030929207801819,14.59764289855957,17.573850631713867,102.92092895507812,217.74954223632812,9
Flickr30K/4525526342.jpg,/content/Image_captioning_Local/Flickr30K/flickr30k_images/flickr30k_images/flickr30k_images/4525526342.jpg,person,0.8647187352180481,303.29290771484375,25.999361038208008,378.3273620605469,187.82687377929688,9
Flickr30K/4525526342.jpg,/content/Image_captioning_Local/Flickr30K/flickr30k_images/flickr30k_images/flickr30k_images/4525526342.jpg,person,0.8029673099517822,382.8609619140625,51.66563415527344,436.64459228515625,126.92723083496094,9
Flickr30K/4525526342.jpg,/content/Image_captioning_Local/Flickr30K/flickr30k_images/flickr30k_images/flickr30k_images/4525526342.jpg,person,0.794130802154541,181.03492736816406,31.39496421813965,214.01942443847656,138.84420776367188,9
Flickr30K/4525526342.jpg,/content/Image_captioning_Local/Flickr30K/flickr30k_images/flickr30k_images/flickr30k_images/4525526342.jpg,person,0.7096439003944397,212.03091430664062,45.36359786987305,242.22267150878906,142.54458618164062,9
Flickr30K/4525526342.jpg,/content/Image_captioning_Local/Flickr30K/flickr30k_images/flickr30k_images/flickr30k_images/4525526342.jpg,person,0.5910777449607849,97.36226654052734,34.30186080932617,131.32118225097656,131.19888305664062,9
Flickr30K/4525526342.jpg,/content/Image_captioning_Local/Flickr30K/flickr30k_images/flickr30k_images/flickr30k_images/4525526342.jpg,person,0.4413139820098877,80.8648681640625,38.34415054321289,114.15061950683594,135.23220825195312,9
Flickr30K/4525526342.jpg,/content/Image_captioning_Local/Flickr30K/flickr30k_images/flickr30k_images/flickr30k_images/4525526342.jpg,person,0.3760826289653778,151.12835693359375,28.973085403442383,170.0985107421875,78.69766235351562,9
Flickr30K/4525537376.jpg,/content/Image_captioning_Local/Flickr30K/flickr30k_images/flickr30k_images/flickr30k_images/4525537376.jpg,person,0.9440526366233826,119.9393539428711,38.457881927490234,300.9573669433594,238.28367614746094,18
Flickr30K/4525537376.jpg,/content/Image_captioning_Local/Flickr30K/flickr30k_images/flickr30k_images/flickr30k_images/4525537376.jpg,person,0.8585286140441895,425.28582763671875,73.64205169677734,499.3558044433594,237.77317810058594,18
Flickr30K/4525537376.jpg,/content/Image_captioning_Local/Flickr30K/flickr30k_images/flickr30k_images/flickr30k_images/4525537376.jpg,person,0.8584266304969788,296.6004943847656,78.23482513427734,410.47625732421875,237.51583862304688,18
Flickr30K/4525537376.jpg,/content/Image_captioning_Local/Flickr30K/flickr30k_images/flickr30k_images/flickr30k_images/4525537376.jpg,person,0.796375036239624,91.37456512451172,81.88594818115234,148.64785766601562,168.9817352294922,18
Flickr30K/4525537376.jpg,/content/Image_captioning_Local/Flickr30K/flickr30k_images/flickr30k_images/flickr30k_images/4525537376.jpg,person,0.7916539907455444,24.257516860961914,101.16316223144531,129.6964111328125,238.2615966796875,18
Flickr30K/4525537376.jpg,/content/Image_captioning_Local/Flickr30K/flickr30k_images/flickr30k_images/flickr30k_images/4525537376.jpg,person,0.7291898727416992,296.1617126464844,62.3911018371582,373.0921325683594,166.7626495361328,18
Flickr30K/4525537376.jpg,/content/Image_captioning_Local/Flickr30K/flickr30k_images/flickr30k_images/flickr30k_images/4525537376.jpg,person,0.72661954164505,269.86517333984375,104.64669799804688,301.1392517089844,169.3883056640625,18
Flickr30K/4525537376.jpg,/content/Image_captioning_Local/Flickr30K/flickr30k_images/flickr30k_images/flickr30k_images/4525537376.jpg,person,0.7241130471229553,405.4876403808594,90.21292877197266,455.4906921386719,237.58082580566406,18
Flickr30K/4525537376.jpg,/content/Image_captioning_Local/Flickr30K/flickr30k_images/flickr30k_images/flickr30k_images/4525537376.jpg,person,0.7119565606117249,251.4158477783203,90.50640106201172,276.1881103515625,124.19656372070312,18
Flickr30K/4525537376.jpg,/content/Image_captioning_Local/Flickr30K/flickr30k_images/flickr30k_images/flickr30k_images/4525537376.jpg,person,0.5748446583747864,0.11444315314292908,96.33854675292969,22.909406661987305,235.81338500976562,18
Flickr30K/4525537376.jpg,/content/Image_captioning_Local/Flickr30K/flickr30k_images/flickr30k_images/flickr30k_images/4525537376.jpg,handbag,0.5260217189788818,177.0879669189453,117.00975036621094,254.00296020507812,238.89712524414062,18
Flickr30K/4525537376.jpg,/content/Image_captioning_Local/Flickr30K/flickr30k_images/flickr30k_images/flickr30k_images/4525537376.jpg,person,0.5172650814056396,298.07818603515625,101.4236068725586,315.72979736328125,141.17996215820312,18
Flickr30K/4525537376.jpg,/content/Image_captioning_Local/Flickr30K/flickr30k_images/flickr30k_images/flickr30k_images/4525537376.jpg,car,0.4776282012462616,16.569068908691406,116.50699615478516,41.54407501220703,133.97567749023438,18
Flickr30K/4525537376.jpg,/content/Image_captioning_Local/Flickr30K/flickr30k_images/flickr30k_images/flickr30k_images/4525537376.jpg,person,0.4497077763080597,286.73486328125,99.56148529052734,298.88934326171875,125.86869049072266,18
Flickr30K/4525537376.jpg,/content/Image_captioning_Local/Flickr30K/flickr30k_images/flickr30k_images/flickr30k_images/4525537376.jpg,person,0.352571576833725,397.7291259765625,97.82079315185547,440.45068359375,171.81585693359375,18
Flickr30K/4525537376.jpg,/content/Image_captioning_Local/Flickr30K/flickr30k_images/flickr30k_images/flickr30k_images/4525537376.jpg,car,0.3517371416091919,398.1316833496094,102.96861267089844,419.6865539550781,114.19355010986328,18
Flickr30K/4525537376.jpg,/content/Image_captioning_Local/Flickr30K/flickr30k_images/flickr30k_images/flickr30k_images/4525537376.jpg,person,0.3385266065597534,170.40707397460938,104.53516387939453,185.7857666015625,116.41203308105469,18
Flickr30K/4525537376.jpg,/content/Image_captioning_Local/Flickr30K/flickr30k_images/flickr30k_images/flickr30k_images/4525537376.jpg,person,0.3340422213077545,155.8380889892578,107.60618591308594,165.46490478515625,121.98005676269531,18
Flickr30K/4525740976.jpg,/content/Image_captioning_Local/Flickr30K/flickr30k_images/flickr30k_images/flickr30k_images/4525740976.jpg,person,0.6720744967460632,155.08203125,79.4524917602539,254.13856506347656,337.2789001464844,1
Flickr30K/4525768834.jpg,/content/Image_captioning_Local/Flickr30K/flickr30k_images/flickr30k_images/flickr30k_images/4525768834.jpg,person,0.8169660568237305,252.19931030273438,212.03431701660156,286.9165954589844,331.54620361328125,4
Flickr30K/4525768834.jpg,/content/Image_captioning_Local/Flickr30K/flickr30k_images/flickr30k_images/flickr30k_images/4525768834.jpg,person,0.8073263764381409,304.414306640625,204.77804565429688,353.0426025390625,332.1806945800781,4
Flickr30K/4525768834.jpg,/content/Image_captioning_Local/Flickr30K/flickr30k_images/flickr30k_images/flickr30k_images/4525768834.jpg,backpack,0.5935057401657104,327.43316650390625,228.55096435546875,354.9927673339844,262.675537109375,4
Flickr30K/4525768834.jpg,/content/Image_captioning_Local/Flickr30K/flickr30k_images/flickr30k_images/flickr30k_images/4525768834.jpg,handbag,0.36442655324935913,270.2043151855469,237.5438690185547,286.52581787109375,280.5649719238281,4
Flickr30K/4525771890.jpg,/content/Image_captioning_Local/Flickr30K/flickr30k_images/flickr30k_images/flickr30k_images/4525771890.jpg,person,0.8689044713973999,161.7027587890625,118.73709869384766,191.8489990234375,219.43133544921875,4
Flickr30K/4525771890.jpg,/content/Image_captioning_Local/Flickr30K/flickr30k_images/flickr30k_images/flickr30k_images/4525771890.jpg,fire hydrant,0.8484688401222229,324.6302490234375,187.8814697265625,345.4490661621094,235.38880920410156,4
Flickr30K/4525771890.jpg,/content/Image_captioning_Local/Flickr30K/flickr30k_images/flickr30k_images/flickr30k_images/4525771890.jpg,person,0.7847662568092346,401.5691223144531,133.91168212890625,422.59393310546875,196.0979766845703,4
Flickr30K/4525771890.jpg,/content/Image_captioning_Local/Flickr30K/flickr30k_images/flickr30k_images/flickr30k_images/4525771890.jpg,bus,0.6789337396621704,392.8556823730469,78.98970794677734,498.5235595703125,191.55690002441406,4
Flickr30K/4525785614.jpg,/content/Image_captioning_Local/Flickr30K/flickr30k_images/flickr30k_images/flickr30k_images/4525785614.jpg,bottle,0.8708511590957642,34.170352935791016,417.5102233886719,65.4595718383789,500.0,8
Flickr30K/4525785614.jpg,/content/Image_captioning_Local/Flickr30K/flickr30k_images/flickr30k_images/flickr30k_images/4525785614.jpg,person,0.8698461651802063,212.67034912109375,156.89198303222656,331.17669677734375,497.4295959472656,8
Flickr30K/4525785614.jpg,/content/Image_captioning_Local/Flickr30K/flickr30k_images/flickr30k_images/flickr30k_images/4525785614.jpg,tv,0.6569631695747375,85.07389831542969,53.14804458618164,333.2006530761719,308.9574279785156,8
Flickr30K/4525785614.jpg,/content/Image_captioning_Local/Flickr30K/flickr30k_images/flickr30k_images/flickr30k_images/4525785614.jpg,cup,0.629118025302887,0.3312349319458008,475.16107177734375,32.64106369018555,500.0,8
Flickr30K/4525785614.jpg,/content/Image_captioning_Local/Flickr30K/flickr30k_images/flickr30k_images/flickr30k_images/4525785614.jpg,chair,0.5004816055297852,280.72296142578125,358.34332275390625,342.0445861816406,499.8753662109375,8
Flickr30K/4525785614.jpg,/content/Image_captioning_Local/Flickr30K/flickr30k_images/flickr30k_images/flickr30k_images/4525785614.jpg,bottle,0.36710062623023987,0.3894507884979248,414.88079833984375,18.838054656982422,475.0920715332031,8
Flickr30K/4525785614.jpg,/content/Image_captioning_Local/Flickr30K/flickr30k_images/flickr30k_images/flickr30k_images/4525785614.jpg,laptop,0.3444520831108093,14.424753189086914,311.0674743652344,218.91915893554688,468.2574157714844,8
Flickr30K/4525785614.jpg,/content/Image_captioning_Local/Flickr30K/flickr30k_images/flickr30k_images/flickr30k_images/4525785614.jpg,chair,0.3434489071369171,281.7065734863281,418.5167236328125,324.59527587890625,500.0,8
Flickr30K/4525819715.jpg,/content/Image_captioning_Local/Flickr30K/flickr30k_images/flickr30k_images/flickr30k_images/4525819715.jpg,person,0.9235545992851257,187.9066162109375,171.19090270996094,295.3086242675781,373.42578125,10
Flickr30K/4525819715.jpg,/content/Image_captioning_Local/Flickr30K/flickr30k_images/flickr30k_images/flickr30k_images/4525819715.jpg,person,0.9079524278640747,297.6118469238281,86.38863372802734,462.9893798828125,373.63470458984375,10
Flickr30K/4525819715.jpg,/content/Image_captioning_Local/Flickr30K/flickr30k_images/flickr30k_images/flickr30k_images/4525819715.jpg,person,0.8716112375259399,84.8164291381836,143.95179748535156,108.36760711669922,204.44326782226562,10
Flickr30K/4525819715.jpg,/content/Image_captioning_Local/Flickr30K/flickr30k_images/flickr30k_images/flickr30k_images/4525819715.jpg,person,0.831663966178894,155.0123748779297,230.04751586914062,209.63775634765625,313.0201416015625,10
Flickr30K/4525819715.jpg,/content/Image_captioning_Local/Flickr30K/flickr30k_images/flickr30k_images/flickr30k_images/4525819715.jpg,person,0.7773216962814331,33.16351318359375,145.57151794433594,50.32594680786133,193.51158142089844,10
Flickr30K/4525819715.jpg,/content/Image_captioning_Local/Flickr30K/flickr30k_images/flickr30k_images/flickr30k_images/4525819715.jpg,person,0.7193462252616882,69.197509765625,145.93014526367188,86.10791015625,193.18780517578125,10
Flickr30K/4525819715.jpg,/content/Image_captioning_Local/Flickr30K/flickr30k_images/flickr30k_images/flickr30k_images/4525819715.jpg,car,0.6634481549263,10.259477615356445,148.0143585205078,36.114131927490234,174.3863525390625,10
Flickr30K/4525819715.jpg,/content/Image_captioning_Local/Flickr30K/flickr30k_images/flickr30k_images/flickr30k_images/4525819715.jpg,person,0.6159005165100098,58.757144927978516,148.487548828125,69.2452163696289,177.01351928710938,10
Flickr30K/4525819715.jpg,/content/Image_captioning_Local/Flickr30K/flickr30k_images/flickr30k_images/flickr30k_images/4525819715.jpg,person,0.5251195430755615,120.50692749023438,143.78590393066406,135.4993896484375,182.71022033691406,10
Flickr30K/4525819715.jpg,/content/Image_captioning_Local/Flickr30K/flickr30k_images/flickr30k_images/flickr30k_images/4525819715.jpg,car,0.27461040019989014,54.11688232421875,146.67752075195312,70.69481658935547,171.62730407714844,10
Flickr30K/4525819719.jpg,/content/Image_captioning_Local/Flickr30K/flickr30k_images/flickr30k_images/flickr30k_images/4525819719.jpg,car,0.8721292018890381,64.49461364746094,131.47340393066406,108.63687133789062,155.61375427246094,15
Flickr30K/4525819719.jpg,/content/Image_captioning_Local/Flickr30K/flickr30k_images/flickr30k_images/flickr30k_images/4525819719.jpg,car,0.8676780462265015,170.86473083496094,138.63143920898438,224.49948120117188,190.67059326171875,15
Flickr30K/4525819719.jpg,/content/Image_captioning_Local/Flickr30K/flickr30k_images/flickr30k_images/flickr30k_images/4525819719.jpg,chair,0.83601975440979,351.5257873535156,157.01470947265625,444.3957214355469,306.6161193847656,15
Flickr30K/4525819719.jpg,/content/Image_captioning_Local/Flickr30K/flickr30k_images/flickr30k_images/flickr30k_images/4525819719.jpg,bus,0.6966091990470886,109.4766845703125,118.11773681640625,139.28622436523438,143.9076690673828,15
Flickr30K/4525819719.jpg,/content/Image_captioning_Local/Flickr30K/flickr30k_images/flickr30k_images/flickr30k_images/4525819719.jpg,person,0.5727689862251282,297.3446044921875,120.89562225341797,373.0671691894531,216.50204467773438,15
Flickr30K/4525819719.jpg,/content/Image_captioning_Local/Flickr30K/flickr30k_images/flickr30k_images/flickr30k_images/4525819719.jpg,chair,0.5668989419937134,303.52410888671875,153.95260620117188,363.0044860839844,297.7542724609375,15
Flickr30K/4525819719.jpg,/content/Image_captioning_Local/Flickr30K/flickr30k_images/flickr30k_images/flickr30k_images/4525819719.jpg,person,0.522322952747345,205.56398010253906,128.4163055419922,218.17950439453125,151.50302124023438,15
Flickr30K/4525819719.jpg,/content/Image_captioning_Local/Flickr30K/flickr30k_images/flickr30k_images/flickr30k_images/4525819719.jpg,person,0.515464723110199,357.6199645996094,120.73839569091797,433.3685302734375,197.2096405029297,15
Flickr30K/4525819719.jpg,/content/Image_captioning_Local/Flickr30K/flickr30k_images/flickr30k_images/flickr30k_images/4525819719.jpg,person,0.5034518241882324,63.03303909301758,123.39772033691406,71.46452331542969,141.11973571777344,15
Flickr30K/4525819719.jpg,/content/Image_captioning_Local/Flickr30K/flickr30k_images/flickr30k_images/flickr30k_images/4525819719.jpg,car,0.4735994040966034,175.0872802734375,125.25978088378906,203.65333557128906,146.2293701171875,15
Flickr30K/4525819719.jpg,/content/Image_captioning_Local/Flickr30K/flickr30k_images/flickr30k_images/flickr30k_images/4525819719.jpg,car,0.3903932273387909,143.2757568359375,125.65423583984375,162.8312530517578,144.76695251464844,15
Flickr30K/4525819719.jpg,/content/Image_captioning_Local/Flickr30K/flickr30k_images/flickr30k_images/flickr30k_images/4525819719.jpg,truck,0.32353371381759644,109.12947845458984,118.92372131347656,139.93885803222656,144.17105102539062,15
Flickr30K/4525819719.jpg,/content/Image_captioning_Local/Flickr30K/flickr30k_images/flickr30k_images/flickr30k_images/4525819719.jpg,person,0.285109281539917,397.5460205078125,120.14840698242188,434.639892578125,165.89202880859375,15
Flickr30K/4525819719.jpg,/content/Image_captioning_Local/Flickr30K/flickr30k_images/flickr30k_images/flickr30k_images/4525819719.jpg,person,0.28137344121932983,295.2477722167969,121.2228775024414,328.881103515625,167.78201293945312,15
Flickr30K/4525819719.jpg,/content/Image_captioning_Local/Flickr30K/flickr30k_images/flickr30k_images/flickr30k_images/4525819719.jpg,car,0.2750767767429352,160.17306518554688,132.95513916015625,172.65708923339844,144.70321655273438,15
Flickr30K/4525821347.jpg,/content/Image_captioning_Local/Flickr30K/flickr30k_images/flickr30k_images/flickr30k_images/4525821347.jpg,person,0.6227291226387024,191.76136779785156,13.496941566467285,325.3379211425781,306.14935302734375,3
Flickr30K/4525821347.jpg,/content/Image_captioning_Local/Flickr30K/flickr30k_images/flickr30k_images/flickr30k_images/4525821347.jpg,cup,0.3993541896343231,135.5437469482422,193.73397827148438,218.89907836914062,303.2250061035156,3
Flickr30K/4525821347.jpg,/content/Image_captioning_Local/Flickr30K/flickr30k_images/flickr30k_images/flickr30k_images/4525821347.jpg,cup,0.3821035325527191,13.095033645629883,180.35804748535156,91.06092834472656,282.6885986328125,3
Flickr30K/4525917968.jpg,/content/Image_captioning_Local/Flickr30K/flickr30k_images/flickr30k_images/flickr30k_images/4525917968.jpg,person,0.8972941040992737,13.890236854553223,123.8316650390625,108.58838653564453,367.04248046875,12
Flickr30K/4525917968.jpg,/content/Image_captioning_Local/Flickr30K/flickr30k_images/flickr30k_images/flickr30k_images/4525917968.jpg,person,0.8945969343185425,223.7597198486328,125.52445220947266,330.62432861328125,369.0770263671875,12
Flickr30K/4525917968.jpg,/content/Image_captioning_Local/Flickr30K/flickr30k_images/flickr30k_images/flickr30k_images/4525917968.jpg,person,0.8785971403121948,379.6792907714844,164.75796508789062,429.51202392578125,315.4095153808594,12
Flickr30K/4525917968.jpg,/content/Image_captioning_Local/Flickr30K/flickr30k_images/flickr30k_images/flickr30k_images/4525917968.jpg,person,0.8167171478271484,462.6861572265625,163.43045043945312,500.0,374.3202819824219,12
Flickr30K/4525917968.jpg,/content/Image_captioning_Local/Flickr30K/flickr30k_images/flickr30k_images/flickr30k_images/4525917968.jpg,person,0.7520917654037476,436.00006103515625,180.55496215820312,470.67156982421875,328.7431640625,12
Flickr30K/4525917968.jpg,/content/Image_captioning_Local/Flickr30K/flickr30k_images/flickr30k_images/flickr30k_images/4525917968.jpg,person,0.7442478537559509,330.6454772949219,157.03005981445312,378.41278076171875,306.9205627441406,12
Flickr30K/4525917968.jpg,/content/Image_captioning_Local/Flickr30K/flickr30k_images/flickr30k_images/flickr30k_images/4525917968.jpg,handbag,0.7274870872497559,282.802978515625,192.29981994628906,360.5440979003906,297.8777160644531,12
Flickr30K/4525917968.jpg,/content/Image_captioning_Local/Flickr30K/flickr30k_images/flickr30k_images/flickr30k_images/4525917968.jpg,person,0.46918782591819763,0.07486790418624878,148.01377868652344,26.768184661865234,218.30807495117188,12
Flickr30K/4525917968.jpg,/content/Image_captioning_Local/Flickr30K/flickr30k_images/flickr30k_images/flickr30k_images/4525917968.jpg,person,0.4500812590122223,368.2654113769531,182.9692840576172,390.0957336425781,271.0289611816406,12
Flickr30K/4525917968.jpg,/content/Image_captioning_Local/Flickr30K/flickr30k_images/flickr30k_images/flickr30k_images/4525917968.jpg,person,0.36826372146606445,0.0,155.99916076660156,29.10062026977539,302.2944641113281,12
Flickr30K/4525917968.jpg,/content/Image_captioning_Local/Flickr30K/flickr30k_images/flickr30k_images/flickr30k_images/4525917968.jpg,handbag,0.3267696797847748,441.7222900390625,213.4264678955078,465.2479248046875,252.02557373046875,12
Flickr30K/4525917968.jpg,/content/Image_captioning_Local/Flickr30K/flickr30k_images/flickr30k_images/flickr30k_images/4525917968.jpg,person,0.2808707058429718,95.912841796875,155.93325805664062,116.10501098632812,212.04660034179688,12
Flickr30K/4525922214.jpg,/content/Image_captioning_Local/Flickr30K/flickr30k_images/flickr30k_images/flickr30k_images/4525922214.jpg,person,0.8514719009399414,167.16098022460938,47.9937744140625,346.01416015625,289.23651123046875,1
Flickr30K/452607431.jpg,/content/Image_captioning_Local/Flickr30K/flickr30k_images/flickr30k_images/flickr30k_images/452607431.jpg,person,0.5562745928764343,141.8654327392578,25.50530433654785,446.29266357421875,312.9026794433594,2
Flickr30K/452607431.jpg,/content/Image_captioning_Local/Flickr30K/flickr30k_images/flickr30k_images/flickr30k_images/452607431.jpg,chair,0.2990094721317291,387.6038818359375,203.63601684570312,479.156982421875,313.9416809082031,2
Flickr30K/4526144395.jpg,/content/Image_captioning_Local/Flickr30K/flickr30k_images/flickr30k_images/flickr30k_images/4526144395.jpg,person,0.9132509827613831,155.29849243164062,43.54864501953125,333.90728759765625,322.2740173339844,4
Flickr30K/4526144395.jpg,/content/Image_captioning_Local/Flickr30K/flickr30k_images/flickr30k_images/flickr30k_images/4526144395.jpg,car,0.7656394243240356,406.576904296875,224.63397216796875,499.7162780761719,334.47607421875,4
Flickr30K/4526144395.jpg,/content/Image_captioning_Local/Flickr30K/flickr30k_images/flickr30k_images/flickr30k_images/4526144395.jpg,cell phone,0.6633559465408325,217.3331298828125,113.52611541748047,244.2971649169922,160.87586975097656,4
Flickr30K/4526144395.jpg,/content/Image_captioning_Local/Flickr30K/flickr30k_images/flickr30k_images/flickr30k_images/4526144395.jpg,person,0.4322189688682556,260.75347900390625,23.83812713623047,323.95111083984375,113.5675048828125,4
Flickr30K/4526155267.jpg,/content/Image_captioning_Local/Flickr30K/flickr30k_images/flickr30k_images/flickr30k_images/4526155267.jpg,umbrella,0.9237491488456726,142.7196807861328,1.016223430633545,353.91339111328125,151.8258514404297,9
Flickr30K/4526155267.jpg,/content/Image_captioning_Local/Flickr30K/flickr30k_images/flickr30k_images/flickr30k_images/4526155267.jpg,person,0.838221549987793,159.46749877929688,72.08219146728516,288.805908203125,327.7518310546875,9
Flickr30K/4526155267.jpg,/content/Image_captioning_Local/Flickr30K/flickr30k_images/flickr30k_images/flickr30k_images/4526155267.jpg,handbag,0.8209431171417236,250.258056640625,201.49404907226562,318.6555480957031,324.63140869140625,9
Flickr30K/4526155267.jpg,/content/Image_captioning_Local/Flickr30K/flickr30k_images/flickr30k_images/flickr30k_images/4526155267.jpg,person,0.7399249076843262,349.9595031738281,128.17477416992188,364.6006164550781,163.242919921875,9
Flickr30K/4526155267.jpg,/content/Image_captioning_Local/Flickr30K/flickr30k_images/flickr30k_images/flickr30k_images/4526155267.jpg,person,0.7057293653488159,372.668212890625,130.52731323242188,385.97418212890625,164.76992797851562,9
Flickr30K/4526155267.jpg,/content/Image_captioning_Local/Flickr30K/flickr30k_images/flickr30k_images/flickr30k_images/4526155267.jpg,handbag,0.6171172857284546,145.91064453125,184.37173461914062,186.9793701171875,270.1809997558594,9
Flickr30K/4526155267.jpg,/content/Image_captioning_Local/Flickr30K/flickr30k_images/flickr30k_images/flickr30k_images/4526155267.jpg,car,0.5168647170066833,431.392333984375,138.61282348632812,450.14385986328125,167.67823791503906,9
Flickr30K/4526155267.jpg,/content/Image_captioning_Local/Flickr30K/flickr30k_images/flickr30k_images/flickr30k_images/4526155267.jpg,person,0.5068727135658264,337.18505859375,130.44044494628906,346.2144470214844,151.08668518066406,9
Flickr30K/4526155267.jpg,/content/Image_captioning_Local/Flickr30K/flickr30k_images/flickr30k_images/flickr30k_images/4526155267.jpg,car,0.3051452338695526,434.0884704589844,138.0706787109375,476.0281982421875,167.98248291015625,9
Flickr30K/4526446769.jpg,/content/Image_captioning_Local/Flickr30K/flickr30k_images/flickr30k_images/flickr30k_images/4526446769.jpg,person,0.8970510959625244,231.08457946777344,205.95111083984375,311.491455078125,421.8752746582031,12
Flickr30K/4526446769.jpg,/content/Image_captioning_Local/Flickr30K/flickr30k_images/flickr30k_images/flickr30k_images/4526446769.jpg,person,0.838532030582428,20.79546356201172,252.53016662597656,74.41039276123047,408.4726257324219,12
Flickr30K/4526446769.jpg,/content/Image_captioning_Local/Flickr30K/flickr30k_images/flickr30k_images/flickr30k_images/4526446769.jpg,person,0.8290311098098755,75.37994384765625,190.29232788085938,166.22366333007812,480.0514221191406,12
Flickr30K/4526446769.jpg,/content/Image_captioning_Local/Flickr30K/flickr30k_images/flickr30k_images/flickr30k_images/4526446769.jpg,person,0.7731826901435852,325.9062805175781,205.8990936279297,375.0,357.24420166015625,12
Flickr30K/4526446769.jpg,/content/Image_captioning_Local/Flickr30K/flickr30k_images/flickr30k_images/flickr30k_images/4526446769.jpg,person,0.7072134017944336,306.80120849609375,253.00717163085938,340.06231689453125,340.0036315917969,12
Flickr30K/4526446769.jpg,/content/Image_captioning_Local/Flickr30K/flickr30k_images/flickr30k_images/flickr30k_images/4526446769.jpg,person,0.6721057891845703,178.58981323242188,268.73040771484375,204.0557403564453,343.6742858886719,12
Flickr30K/4526446769.jpg,/content/Image_captioning_Local/Flickr30K/flickr30k_images/flickr30k_images/flickr30k_images/4526446769.jpg,person,0.6592073440551758,137.91549682617188,255.8942108154297,183.3843994140625,366.54156494140625,12
Flickr30K/4526446769.jpg,/content/Image_captioning_Local/Flickr30K/flickr30k_images/flickr30k_images/flickr30k_images/4526446769.jpg,person,0.5786306858062744,204.7772674560547,272.4357604980469,232.1695098876953,338.4076232910156,12
Flickr30K/4526446769.jpg,/content/Image_captioning_Local/Flickr30K/flickr30k_images/flickr30k_images/flickr30k_images/4526446769.jpg,person,0.4678439497947693,10.387849807739258,253.77633666992188,44.141780853271484,383.3031921386719,12
Flickr30K/4526446769.jpg,/content/Image_captioning_Local/Flickr30K/flickr30k_images/flickr30k_images/flickr30k_images/4526446769.jpg,person,0.4143359065055847,217.00608825683594,272.4231262207031,238.61648559570312,336.6318664550781,12
Flickr30K/4526446769.jpg,/content/Image_captioning_Local/Flickr30K/flickr30k_images/flickr30k_images/flickr30k_images/4526446769.jpg,person,0.2636045217514038,162.11529541015625,274.89044189453125,188.25717163085938,359.127685546875,12
Flickr30K/4526446769.jpg,/content/Image_captioning_Local/Flickr30K/flickr30k_images/flickr30k_images/flickr30k_images/4526446769.jpg,person,0.26205310225486755,358.3775939941406,163.7042694091797,375.0,343.1788330078125,12
Flickr30K/4526883901.jpg,/content/Image_captioning_Local/Flickr30K/flickr30k_images/flickr30k_images/flickr30k_images/4526883901.jpg,person,0.8589171767234802,32.67876052856445,15.467464447021484,301.2610778808594,374.37066650390625,1
Flickr30K/4526977553.jpg,/content/Image_captioning_Local/Flickr30K/flickr30k_images/flickr30k_images/flickr30k_images/4526977553.jpg,person,0.9297443628311157,279.36566162109375,34.351097106933594,413.6466064453125,358.2646484375,3
Flickr30K/4526977553.jpg,/content/Image_captioning_Local/Flickr30K/flickr30k_images/flickr30k_images/flickr30k_images/4526977553.jpg,handbag,0.6738055348396301,378.002685546875,104.44181060791016,411.9856262207031,186.79000854492188,3
Flickr30K/4526977553.jpg,/content/Image_captioning_Local/Flickr30K/flickr30k_images/flickr30k_images/flickr30k_images/4526977553.jpg,handbag,0.46819356083869934,379.2221984863281,151.68896484375,411.6893310546875,186.01670837402344,3
Flickr30K/4527012288.jpg,/content/Image_captioning_Local/Flickr30K/flickr30k_images/flickr30k_images/flickr30k_images/4527012288.jpg,dog,0.8974429368972778,441.40472412109375,196.96336364746094,499.8985290527344,332.3714294433594,23
Flickr30K/4527012288.jpg,/content/Image_captioning_Local/Flickr30K/flickr30k_images/flickr30k_images/flickr30k_images/4527012288.jpg,person,0.8460984826087952,137.11788940429688,25.377161026000977,269.83221435546875,291.73297119140625,23
Flickr30K/4527012288.jpg,/content/Image_captioning_Local/Flickr30K/flickr30k_images/flickr30k_images/flickr30k_images/4527012288.jpg,chair,0.8406221866607666,382.1999206542969,140.67208862304688,444.0548095703125,259.635986328125,23
Flickr30K/4527012288.jpg,/content/Image_captioning_Local/Flickr30K/flickr30k_images/flickr30k_images/flickr30k_images/4527012288.jpg,person,0.8019805550575256,35.53750991821289,13.022774696350098,156.62213134765625,294.060546875,23
Flickr30K/4527012288.jpg,/content/Image_captioning_Local/Flickr30K/flickr30k_images/flickr30k_images/flickr30k_images/4527012288.jpg,cup,0.7058244943618774,383.7662658691406,314.1153259277344,399.25164794921875,330.3009948730469,23
Flickr30K/4527012288.jpg,/content/Image_captioning_Local/Flickr30K/flickr30k_images/flickr30k_images/flickr30k_images/4527012288.jpg,person,0.6601410508155823,313.21722412109375,8.296936988830566,400.57415771484375,305.6824951171875,23
Flickr30K/4527012288.jpg,/content/Image_captioning_Local/Flickr30K/flickr30k_images/flickr30k_images/flickr30k_images/4527012288.jpg,cup,0.647443413734436,53.373138427734375,295.2161865234375,68.48758697509766,310.21160888671875,23
Flickr30K/4527012288.jpg,/content/Image_captioning_Local/Flickr30K/flickr30k_images/flickr30k_images/flickr30k_images/4527012288.jpg,person,0.639964759349823,238.3053741455078,76.79872131347656,351.4605407714844,287.6686096191406,23
Flickr30K/4527012288.jpg,/content/Image_captioning_Local/Flickr30K/flickr30k_images/flickr30k_images/flickr30k_images/4527012288.jpg,bottle,0.5743051767349243,37.252628326416016,257.7973327636719,53.24471664428711,308.373779296875,23
Flickr30K/4527012288.jpg,/content/Image_captioning_Local/Flickr30K/flickr30k_images/flickr30k_images/flickr30k_images/4527012288.jpg,person,0.529462993144989,449.88690185546875,42.09395217895508,488.153564453125,91.28516387939453,23
Flickr30K/4527012288.jpg,/content/Image_captioning_Local/Flickr30K/flickr30k_images/flickr30k_images/flickr30k_images/4527012288.jpg,person,0.5008817315101624,439.615234375,86.69597625732422,500.0,207.601806640625,23
Flickr30K/4527012288.jpg,/content/Image_captioning_Local/Flickr30K/flickr30k_images/flickr30k_images/flickr30k_images/4527012288.jpg,person,0.4819345772266388,233.5807342529297,48.05506896972656,279.6145324707031,147.89144897460938,23
Flickr30K/4527012288.jpg,/content/Image_captioning_Local/Flickr30K/flickr30k_images/flickr30k_images/flickr30k_images/4527012288.jpg,person,0.4478994905948639,405.4523010253906,45.81400680541992,437.068115234375,110.86652374267578,23
Flickr30K/4527012288.jpg,/content/Image_captioning_Local/Flickr30K/flickr30k_images/flickr30k_images/flickr30k_images/4527012288.jpg,person,0.40826886892318726,321.5185852050781,53.57252883911133,347.35015869140625,112.24930572509766,23
Flickr30K/4527012288.jpg,/content/Image_captioning_Local/Flickr30K/flickr30k_images/flickr30k_images/flickr30k_images/4527012288.jpg,person,0.408176451921463,421.93951416015625,74.33118438720703,467.09808349609375,143.172119140625,23
Flickr30K/4527012288.jpg,/content/Image_captioning_Local/Flickr30K/flickr30k_images/flickr30k_images/flickr30k_images/4527012288.jpg,car,0.39489877223968506,0.1678869128227234,34.5969123840332,49.579994201660156,136.4571075439453,23
Flickr30K/4527012288.jpg,/content/Image_captioning_Local/Flickr30K/flickr30k_images/flickr30k_images/flickr30k_images/4527012288.jpg,suitcase,0.3925284147262573,0.0,196.20162963867188,41.58230972290039,291.850341796875,23
Flickr30K/4527012288.jpg,/content/Image_captioning_Local/Flickr30K/flickr30k_images/flickr30k_images/flickr30k_images/4527012288.jpg,person,0.3755856156349182,420.46923828125,46.999900817871094,466.3485107421875,109.69259643554688,23
Flickr30K/4527012288.jpg,/content/Image_captioning_Local/Flickr30K/flickr30k_images/flickr30k_images/flickr30k_images/4527012288.jpg,person,0.3535709083080292,150.13333129882812,47.761600494384766,172.08004760742188,70.63777160644531,23
Flickr30K/4527012288.jpg,/content/Image_captioning_Local/Flickr30K/flickr30k_images/flickr30k_images/flickr30k_images/4527012288.jpg,person,0.3500121533870697,385.13812255859375,85.886474609375,440.82861328125,204.14666748046875,23
Flickr30K/4527012288.jpg,/content/Image_captioning_Local/Flickr30K/flickr30k_images/flickr30k_images/flickr30k_images/4527012288.jpg,person,0.34675341844558716,252.83448791503906,80.35635375976562,305.1226806640625,185.5904083251953,23
Flickr30K/4527012288.jpg,/content/Image_captioning_Local/Flickr30K/flickr30k_images/flickr30k_images/flickr30k_images/4527012288.jpg,car,0.34236687421798706,390.2095947265625,57.9572868347168,419.4007873535156,84.7184829711914,23
Flickr30K/4527012288.jpg,/content/Image_captioning_Local/Flickr30K/flickr30k_images/flickr30k_images/flickr30k_images/4527012288.jpg,person,0.315097451210022,288.2508850097656,52.91139602661133,320.0876159667969,87.13153839111328,23
Flickr30K/4527655373.jpg,/content/Image_captioning_Local/Flickr30K/flickr30k_images/flickr30k_images/flickr30k_images/4527655373.jpg,person,0.8846447467803955,298.2475891113281,190.37124633789062,349.154296875,327.1517639160156,17
Flickr30K/4527655373.jpg,/content/Image_captioning_Local/Flickr30K/flickr30k_images/flickr30k_images/flickr30k_images/4527655373.jpg,chair,0.7966359853744507,145.85812377929688,248.3492431640625,222.95692443847656,331.6878662109375,17
Flickr30K/4527655373.jpg,/content/Image_captioning_Local/Flickr30K/flickr30k_images/flickr30k_images/flickr30k_images/4527655373.jpg,person,0.6798295974731445,182.4982452392578,223.26597595214844,228.16688537597656,278.8945617675781,17
Flickr30K/4527655373.jpg,/content/Image_captioning_Local/Flickr30K/flickr30k_images/flickr30k_images/flickr30k_images/4527655373.jpg,chair,0.6334549188613892,251.2340087890625,246.8178253173828,292.1328430175781,302.7635192871094,17
Flickr30K/4527655373.jpg,/content/Image_captioning_Local/Flickr30K/flickr30k_images/flickr30k_images/flickr30k_images/4527655373.jpg,person,0.6280723214149475,240.20016479492188,224.55165100097656,256.5437927246094,251.28475952148438,17
Flickr30K/4527655373.jpg,/content/Image_captioning_Local/Flickr30K/flickr30k_images/flickr30k_images/flickr30k_images/4527655373.jpg,person,0.5574527382850647,251.10008239746094,228.88119506835938,271.8794250488281,254.01885986328125,17
Flickr30K/4527655373.jpg,/content/Image_captioning_Local/Flickr30K/flickr30k_images/flickr30k_images/flickr30k_images/4527655373.jpg,person,0.5213578343391418,152.2488555908203,219.8447265625,177.5512237548828,252.94862365722656,17
Flickr30K/4527655373.jpg,/content/Image_captioning_Local/Flickr30K/flickr30k_images/flickr30k_images/flickr30k_images/4527655373.jpg,umbrella,0.5206183791160583,106.1995849609375,160.9488067626953,197.70184326171875,210.18724060058594,17
Flickr30K/4527655373.jpg,/content/Image_captioning_Local/Flickr30K/flickr30k_images/flickr30k_images/flickr30k_images/4527655373.jpg,person,0.49285635352134705,213.1907501220703,227.00747680664062,229.18849182128906,254.40301513671875,17
Flickr30K/4527655373.jpg,/content/Image_captioning_Local/Flickr30K/flickr30k_images/flickr30k_images/flickr30k_images/4527655373.jpg,chair,0.48893114924430847,131.33856201171875,247.20899963378906,158.2354736328125,313.8262939453125,17
Flickr30K/4527655373.jpg,/content/Image_captioning_Local/Flickr30K/flickr30k_images/flickr30k_images/flickr30k_images/4527655373.jpg,umbrella,0.439827024936676,22.382963180541992,134.25672912597656,102.24939727783203,194.2537384033203,17
Flickr30K/4527655373.jpg,/content/Image_captioning_Local/Flickr30K/flickr30k_images/flickr30k_images/flickr30k_images/4527655373.jpg,umbrella,0.42693379521369934,130.6634979248047,106.24530029296875,336.189453125,264.06060791015625,17
Flickr30K/4527655373.jpg,/content/Image_captioning_Local/Flickr30K/flickr30k_images/flickr30k_images/flickr30k_images/4527655373.jpg,person,0.41837161779403687,272.71923828125,231.80322265625,294.2196350097656,253.37109375,17
Flickr30K/4527655373.jpg,/content/Image_captioning_Local/Flickr30K/flickr30k_images/flickr30k_images/flickr30k_images/4527655373.jpg,chair,0.3638170063495636,219.61720275878906,264.254150390625,262.0589904785156,323.2950439453125,17
Flickr30K/4527655373.jpg,/content/Image_captioning_Local/Flickr30K/flickr30k_images/flickr30k_images/flickr30k_images/4527655373.jpg,person,0.32364341616630554,294.0406188964844,225.46615600585938,306.0179748535156,260.2701110839844,17
Flickr30K/4527655373.jpg,/content/Image_captioning_Local/Flickr30K/flickr30k_images/flickr30k_images/flickr30k_images/4527655373.jpg,person,0.3044893145561218,277.6854248046875,230.59701538085938,289.1982727050781,243.3177947998047,17
Flickr30K/4527655373.jpg,/content/Image_captioning_Local/Flickr30K/flickr30k_images/flickr30k_images/flickr30k_images/4527655373.jpg,umbrella,0.264041543006897,154.87237548828125,171.27525329589844,322.2038879394531,254.28746032714844,17
Flickr30K/4527656043.jpg,/content/Image_captioning_Local/Flickr30K/flickr30k_images/flickr30k_images/flickr30k_images/4527656043.jpg,chair,0.7395923733711243,113.95523834228516,346.3222961425781,229.97286987304688,374.52215576171875,40
Flickr30K/4527656043.jpg,/content/Image_captioning_Local/Flickr30K/flickr30k_images/flickr30k_images/flickr30k_images/4527656043.jpg,person,0.7117241024971008,365.3275451660156,253.2379608154297,471.24432373046875,358.81085205078125,40
Flickr30K/4527656043.jpg,/content/Image_captioning_Local/Flickr30K/flickr30k_images/flickr30k_images/flickr30k_images/4527656043.jpg,chair,0.7053548097610474,410.20703125,307.4618225097656,464.41796875,373.77825927734375,40
Flickr30K/4527656043.jpg,/content/Image_captioning_Local/Flickr30K/flickr30k_images/flickr30k_images/flickr30k_images/4527656043.jpg,person,0.7041694521903992,462.7911071777344,261.77020263671875,500.0,372.270263671875,40
Flickr30K/4527656043.jpg,/content/Image_captioning_Local/Flickr30K/flickr30k_images/flickr30k_images/flickr30k_images/4527656043.jpg,person,0.7024146914482117,113.38314819335938,196.79470825195312,131.90065002441406,238.27725219726562,40
Flickr30K/4527656043.jpg,/content/Image_captioning_Local/Flickr30K/flickr30k_images/flickr30k_images/flickr30k_images/4527656043.jpg,person,0.6952630281448364,109.66241455078125,234.3497314453125,165.78463745117188,326.82208251953125,40
Flickr30K/4527656043.jpg,/content/Image_captioning_Local/Flickr30K/flickr30k_images/flickr30k_images/flickr30k_images/4527656043.jpg,person,0.6859956383705139,210.13409423828125,229.4790802001953,244.13836669921875,271.695556640625,40
Flickr30K/4527656043.jpg,/content/Image_captioning_Local/Flickr30K/flickr30k_images/flickr30k_images/flickr30k_images/4527656043.jpg,person,0.6678499579429626,163.84034729003906,240.77894592285156,200.1748504638672,279.81402587890625,40
Flickr30K/4527656043.jpg,/content/Image_captioning_Local/Flickr30K/flickr30k_images/flickr30k_images/flickr30k_images/4527656043.jpg,dining table,0.6652286052703857,0.0,277.43377685546875,153.280029296875,334.72003173828125,40
Flickr30K/4527656043.jpg,/content/Image_captioning_Local/Flickr30K/flickr30k_images/flickr30k_images/flickr30k_images/4527656043.jpg,person,0.6619650721549988,261.69586181640625,234.74765014648438,319.960205078125,292.773193359375,40
Flickr30K/4527656043.jpg,/content/Image_captioning_Local/Flickr30K/flickr30k_images/flickr30k_images/flickr30k_images/4527656043.jpg,chair,0.6002964377403259,114.05294036865234,278.322265625,262.6315002441406,372.3372497558594,40
Flickr30K/4527656043.jpg,/content/Image_captioning_Local/Flickr30K/flickr30k_images/flickr30k_images/flickr30k_images/4527656043.jpg,umbrella,0.5909629464149475,467.6343078613281,102.52986907958984,500.0,119.3242416381836,40
Flickr30K/4527656043.jpg,/content/Image_captioning_Local/Flickr30K/flickr30k_images/flickr30k_images/flickr30k_images/4527656043.jpg,person,0.5548151731491089,137.48765563964844,229.4544677734375,166.70285034179688,276.06048583984375,40
Flickr30K/4527656043.jpg,/content/Image_captioning_Local/Flickr30K/flickr30k_images/flickr30k_images/flickr30k_images/4527656043.jpg,umbrella,0.5416054129600525,442.2110595703125,177.88040161132812,499.78143310546875,278.6788635253906,40
Flickr30K/4527656043.jpg,/content/Image_captioning_Local/Flickr30K/flickr30k_images/flickr30k_images/flickr30k_images/4527656043.jpg,person,0.5143494009971619,367.8479919433594,241.76377868652344,399.9244384765625,275.40570068359375,40
Flickr30K/4527656043.jpg,/content/Image_captioning_Local/Flickr30K/flickr30k_images/flickr30k_images/flickr30k_images/4527656043.jpg,cup,0.4906183183193207,31.60097312927246,258.1112060546875,57.0148811340332,303.25830078125,40
Flickr30K/4527656043.jpg,/content/Image_captioning_Local/Flickr30K/flickr30k_images/flickr30k_images/flickr30k_images/4527656043.jpg,umbrella,0.47443467378616333,180.55023193359375,154.2329559326172,332.16162109375,270.81658935546875,40
Flickr30K/4527656043.jpg,/content/Image_captioning_Local/Flickr30K/flickr30k_images/flickr30k_images/flickr30k_images/4527656043.jpg,chair,0.4640662372112274,191.06979370117188,252.66172790527344,211.58609008789062,273.5721740722656,40
Flickr30K/4527656043.jpg,/content/Image_captioning_Local/Flickr30K/flickr30k_images/flickr30k_images/flickr30k_images/4527656043.jpg,umbrella,0.46053677797317505,22.540802001953125,62.55054473876953,194.38607788085938,158.50888061523438,40
Flickr30K/4527656043.jpg,/content/Image_captioning_Local/Flickr30K/flickr30k_images/flickr30k_images/flickr30k_images/4527656043.jpg,chair,0.4584749937057495,272.6917724609375,273.21099853515625,325.8012390136719,312.0320739746094,40
Flickr30K/4527656043.jpg,/content/Image_captioning_Local/Flickr30K/flickr30k_images/flickr30k_images/flickr30k_images/4527656043.jpg,person,0.45723238587379456,60.412841796875,196.33731079101562,84.28606414794922,250.1292724609375,40
Flickr30K/4527656043.jpg,/content/Image_captioning_Local/Flickr30K/flickr30k_images/flickr30k_images/flickr30k_images/4527656043.jpg,chair,0.4482381045818329,367.01458740234375,266.6327819824219,391.28314208984375,298.0956115722656,40
Flickr30K/4527656043.jpg,/content/Image_captioning_Local/Flickr30K/flickr30k_images/flickr30k_images/flickr30k_images/4527656043.jpg,dining table,0.43654173612594604,244.71871948242188,294.1473388671875,393.1708068847656,352.734375,40
Flickr30K/4527656043.jpg,/content/Image_captioning_Local/Flickr30K/flickr30k_images/flickr30k_images/flickr30k_images/4527656043.jpg,umbrella,0.43392226099967957,24.329757690429688,65.29647064208984,194.97325134277344,273.809326171875,40
Flickr30K/4527656043.jpg,/content/Image_captioning_Local/Flickr30K/flickr30k_images/flickr30k_images/flickr30k_images/4527656043.jpg,person,0.4150002896785736,418.70745849609375,254.87489318847656,474.49224853515625,329.2467956542969,40
Flickr30K/4527656043.jpg,/content/Image_captioning_Local/Flickr30K/flickr30k_images/flickr30k_images/flickr30k_images/4527656043.jpg,cup,0.4142623543739319,339.99908447265625,298.9158630371094,352.1002197265625,322.4240417480469,40
Flickr30K/4527656043.jpg,/content/Image_captioning_Local/Flickr30K/flickr30k_images/flickr30k_images/flickr30k_images/4527656043.jpg,chair,0.3851742744445801,436.1739501953125,257.9981689453125,455.0386962890625,276.652587890625,40
Flickr30K/4527656043.jpg,/content/Image_captioning_Local/Flickr30K/flickr30k_images/flickr30k_images/flickr30k_images/4527656043.jpg,umbrella,0.3850518465042114,335.0134582519531,199.609619140625,407.45172119140625,245.64990234375,40
Flickr30K/4527656043.jpg,/content/Image_captioning_Local/Flickr30K/flickr30k_images/flickr30k_images/flickr30k_images/4527656043.jpg,person,0.3849443793296814,314.3533935546875,205.25555419921875,329.00384521484375,230.18960571289062,40
Flickr30K/4527656043.jpg,/content/Image_captioning_Local/Flickr30K/flickr30k_images/flickr30k_images/flickr30k_images/4527656043.jpg,chair,0.3634133040904999,0.10806918144226074,334.642333984375,78.17584228515625,373.6524658203125,40
Flickr30K/4527656043.jpg,/content/Image_captioning_Local/Flickr30K/flickr30k_images/flickr30k_images/flickr30k_images/4527656043.jpg,umbrella,0.3415352702140808,367.4745178222656,167.15782165527344,494.33856201171875,269.3055725097656,40
Flickr30K/4527656043.jpg,/content/Image_captioning_Local/Flickr30K/flickr30k_images/flickr30k_images/flickr30k_images/4527656043.jpg,chair,0.33544743061065674,3.8892998695373535,246.1050567626953,30.599515914916992,295.9118957519531,40
Flickr30K/4527656043.jpg,/content/Image_captioning_Local/Flickr30K/flickr30k_images/flickr30k_images/flickr30k_images/4527656043.jpg,umbrella,0.33160096406936646,215.23876953125,83.08815002441406,497.77001953125,313.1753845214844,40
Flickr30K/4527656043.jpg,/content/Image_captioning_Local/Flickr30K/flickr30k_images/flickr30k_images/flickr30k_images/4527656043.jpg,person,0.3239939212799072,22.094785690307617,230.93869018554688,43.63987350463867,259.8207092285156,40
Flickr30K/4527656043.jpg,/content/Image_captioning_Local/Flickr30K/flickr30k_images/flickr30k_images/flickr30k_images/4527656043.jpg,chair,0.2987983822822571,143.701904296875,281.9471435546875,194.39947509765625,347.164306640625,40
Flickr30K/4527656043.jpg,/content/Image_captioning_Local/Flickr30K/flickr30k_images/flickr30k_images/flickr30k_images/4527656043.jpg,chair,0.2875170409679413,63.067115783691406,248.85752868652344,84.3891372680664,275.003662109375,40
Flickr30K/4527656043.jpg,/content/Image_captioning_Local/Flickr30K/flickr30k_images/flickr30k_images/flickr30k_images/4527656043.jpg,umbrella,0.27413755655288696,225.57992553710938,49.047935485839844,500.0,144.75559997558594,40
Flickr30K/4527656043.jpg,/content/Image_captioning_Local/Flickr30K/flickr30k_images/flickr30k_images/flickr30k_images/4527656043.jpg,umbrella,0.26156681776046753,51.472503662109375,147.4855194091797,181.44557189941406,236.49288940429688,40
Flickr30K/4527656043.jpg,/content/Image_captioning_Local/Flickr30K/flickr30k_images/flickr30k_images/flickr30k_images/4527656043.jpg,person,0.2590540647506714,35.0036735534668,197.6703338623047,54.136085510253906,248.86524963378906,40
Flickr30K/4527656043.jpg,/content/Image_captioning_Local/Flickr30K/flickr30k_images/flickr30k_images/flickr30k_images/4527656043.jpg,person,0.2509443163871765,35.024356842041016,194.3351287841797,75.62273406982422,251.83363342285156,40
Flickr30K/4527739022.jpg,/content/Image_captioning_Local/Flickr30K/flickr30k_images/flickr30k_images/flickr30k_images/4527739022.jpg,person,0.8919954895973206,151.4432373046875,38.999778747558594,280.2997131347656,234.88430786132812,2
Flickr30K/4527739022.jpg,/content/Image_captioning_Local/Flickr30K/flickr30k_images/flickr30k_images/flickr30k_images/4527739022.jpg,person,0.7627026438713074,238.7247772216797,0.03420412540435791,281.87158203125,87.26543426513672,2
Flickr30K/4527840050.jpg,/content/Image_captioning_Local/Flickr30K/flickr30k_images/flickr30k_images/flickr30k_images/4527840050.jpg,person,0.8670127987861633,447.8154296875,75.8780517578125,500.0,246.1372833251953,15
Flickr30K/4527840050.jpg,/content/Image_captioning_Local/Flickr30K/flickr30k_images/flickr30k_images/flickr30k_images/4527840050.jpg,person,0.8000644445419312,69.51061248779297,71.60545349121094,172.23886108398438,227.2291259765625,15
Flickr30K/4527840050.jpg,/content/Image_captioning_Local/Flickr30K/flickr30k_images/flickr30k_images/flickr30k_images/4527840050.jpg,person,0.7796995043754578,292.0307922363281,88.70671081542969,336.2919921875,191.3481903076172,15
Flickr30K/4527840050.jpg,/content/Image_captioning_Local/Flickr30K/flickr30k_images/flickr30k_images/flickr30k_images/4527840050.jpg,handbag,0.7681844234466553,240.82455444335938,161.2223663330078,320.7234802246094,261.5170593261719,15
Flickr30K/4527840050.jpg,/content/Image_captioning_Local/Flickr30K/flickr30k_images/flickr30k_images/flickr30k_images/4527840050.jpg,person,0.7197115421295166,198.46156311035156,67.28469848632812,298.30328369140625,326.2453918457031,15
Flickr30K/4527840050.jpg,/content/Image_captioning_Local/Flickr30K/flickr30k_images/flickr30k_images/flickr30k_images/4527840050.jpg,person,0.6450932621955872,327.9590759277344,47.858280181884766,445.73828125,306.63348388671875,15
Flickr30K/4527840050.jpg,/content/Image_captioning_Local/Flickr30K/flickr30k_images/flickr30k_images/flickr30k_images/4527840050.jpg,person,0.5816015005111694,50.8178596496582,89.19251251220703,89.29623413085938,141.9996337890625,15
Flickr30K/4527840050.jpg,/content/Image_captioning_Local/Flickr30K/flickr30k_images/flickr30k_images/flickr30k_images/4527840050.jpg,person,0.571957528591156,252.62014770507812,76.04637908935547,296.02862548828125,135.716064453125,15
Flickr30K/4527840050.jpg,/content/Image_captioning_Local/Flickr30K/flickr30k_images/flickr30k_images/flickr30k_images/4527840050.jpg,person,0.48402735590934753,424.79290771484375,64.86529541015625,460.7233581542969,129.4393310546875,15
Flickr30K/4527840050.jpg,/content/Image_captioning_Local/Flickr30K/flickr30k_images/flickr30k_images/flickr30k_images/4527840050.jpg,person,0.447399377822876,326.6709899902344,70.89486694335938,352.10760498046875,132.41424560546875,15
Flickr30K/4527840050.jpg,/content/Image_captioning_Local/Flickr30K/flickr30k_images/flickr30k_images/flickr30k_images/4527840050.jpg,person,0.36965054273605347,228.06007385253906,121.29139709472656,317.9747314453125,296.8638916015625,15
Flickr30K/4527840050.jpg,/content/Image_captioning_Local/Flickr30K/flickr30k_images/flickr30k_images/flickr30k_images/4527840050.jpg,person,0.32216188311576843,456.5086364746094,81.21173858642578,479.18499755859375,115.40946960449219,15
Flickr30K/4527840050.jpg,/content/Image_captioning_Local/Flickr30K/flickr30k_images/flickr30k_images/flickr30k_images/4527840050.jpg,handbag,0.2724766135215759,336.2983703613281,160.62216186523438,396.55645751953125,262.8138122558594,15
Flickr30K/4527840050.jpg,/content/Image_captioning_Local/Flickr30K/flickr30k_images/flickr30k_images/flickr30k_images/4527840050.jpg,handbag,0.26901888847351074,440.802001953125,165.67735290527344,469.7732849121094,202.2133331298828,15
Flickr30K/4527840050.jpg,/content/Image_captioning_Local/Flickr30K/flickr30k_images/flickr30k_images/flickr30k_images/4527840050.jpg,backpack,0.26298049092292786,0.16710162162780762,187.6044464111328,126.29551696777344,271.9320983886719,15
Flickr30K/4527841068.jpg,/content/Image_captioning_Local/Flickr30K/flickr30k_images/flickr30k_images/flickr30k_images/4527841068.jpg,person,0.907735288143158,328.339111328125,33.45819091796875,498.3061828613281,333.0,9
Flickr30K/4527841068.jpg,/content/Image_captioning_Local/Flickr30K/flickr30k_images/flickr30k_images/flickr30k_images/4527841068.jpg,person,0.8630828857421875,200.84988403320312,152.87954711914062,265.6922607421875,332.9490051269531,9
Flickr30K/4527841068.jpg,/content/Image_captioning_Local/Flickr30K/flickr30k_images/flickr30k_images/flickr30k_images/4527841068.jpg,person,0.8283593654632568,0.0,101.94189453125,37.451725006103516,229.4434814453125,9
Flickr30K/4527841068.jpg,/content/Image_captioning_Local/Flickr30K/flickr30k_images/flickr30k_images/flickr30k_images/4527841068.jpg,person,0.7279366254806519,25.060970306396484,32.44896697998047,186.64602661132812,333.0,9
Flickr30K/4527841068.jpg,/content/Image_captioning_Local/Flickr30K/flickr30k_images/flickr30k_images/flickr30k_images/4527841068.jpg,person,0.6062034964561462,208.08468627929688,107.13967895507812,263.7905578613281,210.72840881347656,9
Flickr30K/4527841068.jpg,/content/Image_captioning_Local/Flickr30K/flickr30k_images/flickr30k_images/flickr30k_images/4527841068.jpg,truck,0.560480535030365,267.4207763671875,80.34302520751953,383.9060363769531,230.5550994873047,9
Flickr30K/4527841068.jpg,/content/Image_captioning_Local/Flickr30K/flickr30k_images/flickr30k_images/flickr30k_images/4527841068.jpg,tie,0.5201312899589539,383.853759765625,100.23197937011719,402.3789367675781,139.9539031982422,9
Flickr30K/4527841068.jpg,/content/Image_captioning_Local/Flickr30K/flickr30k_images/flickr30k_images/flickr30k_images/4527841068.jpg,truck,0.4059571325778961,148.62594604492188,78.24992370605469,283.49920654296875,198.7997589111328,9
Flickr30K/4527841068.jpg,/content/Image_captioning_Local/Flickr30K/flickr30k_images/flickr30k_images/flickr30k_images/4527841068.jpg,person,0.292462021112442,336.70220947265625,98.96270751953125,364.7375183105469,145.1864013671875,9
Flickr30K/4528304009.jpg,/content/Image_captioning_Local/Flickr30K/flickr30k_images/flickr30k_images/flickr30k_images/4528304009.jpg,person,0.9159048199653625,351.26507568359375,10.723930358886719,480.2096862792969,303.1766052246094,6
Flickr30K/4528304009.jpg,/content/Image_captioning_Local/Flickr30K/flickr30k_images/flickr30k_images/flickr30k_images/4528304009.jpg,person,0.9134416580200195,243.89474487304688,15.187483787536621,341.0611267089844,295.7215881347656,6
Flickr30K/4528304009.jpg,/content/Image_captioning_Local/Flickr30K/flickr30k_images/flickr30k_images/flickr30k_images/4528304009.jpg,person,0.843977153301239,54.85494613647461,78.91382598876953,117.80533599853516,236.66395568847656,6
Flickr30K/4528304009.jpg,/content/Image_captioning_Local/Flickr30K/flickr30k_images/flickr30k_images/flickr30k_images/4528304009.jpg,person,0.7955557703971863,114.20085144042969,173.82843017578125,261.0947265625,288.4369201660156,6
Flickr30K/4528304009.jpg,/content/Image_captioning_Local/Flickr30K/flickr30k_images/flickr30k_images/flickr30k_images/4528304009.jpg,person,0.776046872138977,92.39269256591797,114.15386199951172,185.18038940429688,231.60342407226562,6
Flickr30K/4528304009.jpg,/content/Image_captioning_Local/Flickr30K/flickr30k_images/flickr30k_images/flickr30k_images/4528304009.jpg,person,0.7251389026641846,321.8480529785156,94.1569595336914,379.38043212890625,232.38270568847656,6
Flickr30K/4528309462.jpg,/content/Image_captioning_Local/Flickr30K/flickr30k_images/flickr30k_images/flickr30k_images/4528309462.jpg,person,0.9276325702667236,134.62908935546875,37.7857666015625,246.129638671875,312.82916259765625,3
Flickr30K/4528309462.jpg,/content/Image_captioning_Local/Flickr30K/flickr30k_images/flickr30k_images/flickr30k_images/4528309462.jpg,sink,0.5398194193840027,0.0,157.7137908935547,41.51094055175781,193.33653259277344,3
Flickr30K/4528309462.jpg,/content/Image_captioning_Local/Flickr30K/flickr30k_images/flickr30k_images/flickr30k_images/4528309462.jpg,potted plant,0.37988629937171936,0.6217777729034424,0.6869673728942871,77.7494125366211,184.1156463623047,3
Flickr30K/4528455325.jpg,/content/Image_captioning_Local/Flickr30K/flickr30k_images/flickr30k_images/flickr30k_images/4528455325.jpg,bottle,0.7031195163726807,287.33807373046875,132.01661682128906,340.51715087890625,181.44468688964844,3
Flickr30K/4528455325.jpg,/content/Image_captioning_Local/Flickr30K/flickr30k_images/flickr30k_images/flickr30k_images/4528455325.jpg,person,0.4215599000453949,0.0,2.2824645042419434,254.4342803955078,400.2394104003906,3
Flickr30K/4528455325.jpg,/content/Image_captioning_Local/Flickr30K/flickr30k_images/flickr30k_images/flickr30k_images/4528455325.jpg,bicycle,0.2940104901790619,0.0,56.16381072998047,375.0,267.3246765136719,3
Flickr30K/4528553764.jpg,/content/Image_captioning_Local/Flickr30K/flickr30k_images/flickr30k_images/flickr30k_images/4528553764.jpg,person,0.5785079002380371,83.97439575195312,105.46870422363281,441.08380126953125,226.0176239013672,2
Flickr30K/4528553764.jpg,/content/Image_captioning_Local/Flickr30K/flickr30k_images/flickr30k_images/flickr30k_images/4528553764.jpg,bench,0.33701571822166443,49.630104064941406,100.16780090332031,432.9010009765625,229.6236572265625,2
Flickr30K/4528578001.jpg,/content/Image_captioning_Local/Flickr30K/flickr30k_images/flickr30k_images/flickr30k_images/4528578001.jpg,cup,0.8044625520706177,86.70125579833984,267.4512023925781,150.27549743652344,323.4127197265625,6
Flickr30K/4528578001.jpg,/content/Image_captioning_Local/Flickr30K/flickr30k_images/flickr30k_images/flickr30k_images/4528578001.jpg,person,0.7505587339401245,6.720894813537598,66.1307373046875,337.0,500.0,6
Flickr30K/4528578001.jpg,/content/Image_captioning_Local/Flickr30K/flickr30k_images/flickr30k_images/flickr30k_images/4528578001.jpg,person,0.5409082770347595,2.0689308643341064,91.33882141113281,94.75382232666016,297.75799560546875,6
Flickr30K/4528578001.jpg,/content/Image_captioning_Local/Flickr30K/flickr30k_images/flickr30k_images/flickr30k_images/4528578001.jpg,sandwich,0.33627867698669434,9.985518455505371,270.27392578125,70.48719787597656,307.9036865234375,6
Flickr30K/4528578001.jpg,/content/Image_captioning_Local/Flickr30K/flickr30k_images/flickr30k_images/flickr30k_images/4528578001.jpg,person,0.3062800168991089,260.6325988769531,152.44998168945312,334.93157958984375,291.6398010253906,6
Flickr30K/4528578001.jpg,/content/Image_captioning_Local/Flickr30K/flickr30k_images/flickr30k_images/flickr30k_images/4528578001.jpg,hot dog,0.2542693018913269,11.16207218170166,267.9272766113281,77.17972564697266,333.8542175292969,6
Flickr30K/4528630937.jpg,/content/Image_captioning_Local/Flickr30K/flickr30k_images/flickr30k_images/flickr30k_images/4528630937.jpg,person,0.8658891916275024,30.10735511779785,222.1556854248047,76.03025817871094,351.4601745605469,30
Flickr30K/4528630937.jpg,/content/Image_captioning_Local/Flickr30K/flickr30k_images/flickr30k_images/flickr30k_images/4528630937.jpg,person,0.8569676280021667,100.43167877197266,231.66236877441406,164.48690795898438,373.2694091796875,30
Flickr30K/4528630937.jpg,/content/Image_captioning_Local/Flickr30K/flickr30k_images/flickr30k_images/flickr30k_images/4528630937.jpg,person,0.7849323749542236,278.81683349609375,223.8492431640625,306.1610107421875,311.6827087402344,30
Flickr30K/4528630937.jpg,/content/Image_captioning_Local/Flickr30K/flickr30k_images/flickr30k_images/flickr30k_images/4528630937.jpg,person,0.7647510766983032,339.98046875,213.9803466796875,365.0310363769531,298.97955322265625,30
Flickr30K/4528630937.jpg,/content/Image_captioning_Local/Flickr30K/flickr30k_images/flickr30k_images/flickr30k_images/4528630937.jpg,person,0.7476721405982971,482.94720458984375,215.30604553222656,499.9774475097656,282.5892028808594,30
Flickr30K/4528630937.jpg,/content/Image_captioning_Local/Flickr30K/flickr30k_images/flickr30k_images/flickr30k_images/4528630937.jpg,person,0.7391712069511414,209.98963928222656,230.3324737548828,239.02926635742188,328.27740478515625,30
Flickr30K/4528630937.jpg,/content/Image_captioning_Local/Flickr30K/flickr30k_images/flickr30k_images/flickr30k_images/4528630937.jpg,person,0.7131735682487488,369.130859375,210.68096923828125,395.30487060546875,285.3063659667969,30
Flickr30K/4528630937.jpg,/content/Image_captioning_Local/Flickr30K/flickr30k_images/flickr30k_images/flickr30k_images/4528630937.jpg,person,0.7095863223075867,429.07843017578125,224.32220458984375,470.76104736328125,322.5453186035156,30
Flickr30K/4528630937.jpg,/content/Image_captioning_Local/Flickr30K/flickr30k_images/flickr30k_images/flickr30k_images/4528630937.jpg,traffic light,0.6593573689460754,243.13671875,59.56791687011719,259.2947692871094,94.24878692626953,30
Flickr30K/4528630937.jpg,/content/Image_captioning_Local/Flickr30K/flickr30k_images/flickr30k_images/flickr30k_images/4528630937.jpg,traffic light,0.651710569858551,16.096757888793945,127.28731536865234,25.968521118164062,148.93505859375,30
Flickr30K/4528630937.jpg,/content/Image_captioning_Local/Flickr30K/flickr30k_images/flickr30k_images/flickr30k_images/4528630937.jpg,traffic light,0.6488307118415833,293.3387145996094,122.60108947753906,300.8030700683594,140.29443359375,30
Flickr30K/4528630937.jpg,/content/Image_captioning_Local/Flickr30K/flickr30k_images/flickr30k_images/flickr30k_images/4528630937.jpg,person,0.5926029682159424,249.80325317382812,210.3213348388672,277.2971496582031,319.29754638671875,30
Flickr30K/4528630937.jpg,/content/Image_captioning_Local/Flickr30K/flickr30k_images/flickr30k_images/flickr30k_images/4528630937.jpg,person,0.5909868478775024,304.3304443359375,221.12942504882812,328.9021911621094,310.04010009765625,30
Flickr30K/4528630937.jpg,/content/Image_captioning_Local/Flickr30K/flickr30k_images/flickr30k_images/flickr30k_images/4528630937.jpg,traffic light,0.5742546319961548,224.7841796875,58.013092041015625,238.63539123535156,86.90961456298828,30
Flickr30K/4528630937.jpg,/content/Image_captioning_Local/Flickr30K/flickr30k_images/flickr30k_images/flickr30k_images/4528630937.jpg,truck,0.5579223036766052,1.97676420211792,168.4766845703125,211.11831665039062,256.2841491699219,30
Flickr30K/4528630937.jpg,/content/Image_captioning_Local/Flickr30K/flickr30k_images/flickr30k_images/flickr30k_images/4528630937.jpg,truck,0.5472301840782166,289.2784729003906,170.44549560546875,460.7096252441406,264.1225891113281,30
Flickr30K/4528630937.jpg,/content/Image_captioning_Local/Flickr30K/flickr30k_images/flickr30k_images/flickr30k_images/4528630937.jpg,handbag,0.5156259536743164,23.130693435668945,261.0992431640625,42.79137420654297,298.3351745605469,30
Flickr30K/4528630937.jpg,/content/Image_captioning_Local/Flickr30K/flickr30k_images/flickr30k_images/flickr30k_images/4528630937.jpg,traffic light,0.4824817180633545,296.6810607910156,161.9624786376953,305.03436279296875,176.28424072265625,30
Flickr30K/4528630937.jpg,/content/Image_captioning_Local/Flickr30K/flickr30k_images/flickr30k_images/flickr30k_images/4528630937.jpg,handbag,0.46773749589920044,307.231201171875,276.2680969238281,325.3070983886719,305.5564270019531,30
Flickr30K/4528630937.jpg,/content/Image_captioning_Local/Flickr30K/flickr30k_images/flickr30k_images/flickr30k_images/4528630937.jpg,person,0.4479728937149048,70.63957214355469,227.27130126953125,101.17562866210938,317.0104675292969,30
Flickr30K/4528630937.jpg,/content/Image_captioning_Local/Flickr30K/flickr30k_images/flickr30k_images/flickr30k_images/4528630937.jpg,traffic light,0.43958356976509094,305.7337646484375,122.43863677978516,318.4792175292969,143.80763244628906,30
Flickr30K/4528630937.jpg,/content/Image_captioning_Local/Flickr30K/flickr30k_images/flickr30k_images/flickr30k_images/4528630937.jpg,handbag,0.4320952296257019,255.72288513183594,265.2061767578125,270.7460021972656,283.7928466796875,30
Flickr30K/4528630937.jpg,/content/Image_captioning_Local/Flickr30K/flickr30k_images/flickr30k_images/flickr30k_images/4528630937.jpg,person,0.428020715713501,0.10999366641044617,177.29429626464844,16.347854614257812,257.6042785644531,30
Flickr30K/4528630937.jpg,/content/Image_captioning_Local/Flickr30K/flickr30k_images/flickr30k_images/flickr30k_images/4528630937.jpg,person,0.4271142780780792,325.5766296386719,217.07644653320312,345.04595947265625,287.4314880371094,30
Flickr30K/4528630937.jpg,/content/Image_captioning_Local/Flickr30K/flickr30k_images/flickr30k_images/flickr30k_images/4528630937.jpg,person,0.4007769525051117,423.19342041015625,226.66275024414062,442.3273620605469,316.56219482421875,30
Flickr30K/4528630937.jpg,/content/Image_captioning_Local/Flickr30K/flickr30k_images/flickr30k_images/flickr30k_images/4528630937.jpg,car,0.3773050308227539,62.884498596191406,231.29293823242188,263.50396728515625,306.67431640625,30
Flickr30K/4528630937.jpg,/content/Image_captioning_Local/Flickr30K/flickr30k_images/flickr30k_images/flickr30k_images/4528630937.jpg,handbag,0.3536439836025238,211.0626983642578,245.36968994140625,231.77349853515625,278.1132507324219,30
Flickr30K/4528630937.jpg,/content/Image_captioning_Local/Flickr30K/flickr30k_images/flickr30k_images/flickr30k_images/4528630937.jpg,tie,0.25973397493362427,121.19577026367188,269.0773620605469,131.77410888671875,315.4828796386719,30
Flickr30K/4528630937.jpg,/content/Image_captioning_Local/Flickr30K/flickr30k_images/flickr30k_images/flickr30k_images/4528630937.jpg,handbag,0.2553863227367401,210.09262084960938,240.21664428710938,237.66615295410156,297.3565979003906,30
Flickr30K/4528630937.jpg,/content/Image_captioning_Local/Flickr30K/flickr30k_images/flickr30k_images/flickr30k_images/4528630937.jpg,person,0.25028806924819946,230.06951904296875,206.61251831054688,239.45462036132812,231.88784790039062,30
Flickr30K/4529394646.jpg,/content/Image_captioning_Local/Flickr30K/flickr30k_images/flickr30k_images/flickr30k_images/4529394646.jpg,person,0.8297767043113708,155.2227325439453,472.1017761230469,194.4976043701172,499.8006896972656,4
Flickr30K/4529394646.jpg,/content/Image_captioning_Local/Flickr30K/flickr30k_images/flickr30k_images/flickr30k_images/4529394646.jpg,person,0.6990463137626648,311.0750732421875,480.19403076171875,337.947021484375,500.0,4
Flickr30K/4529394646.jpg,/content/Image_captioning_Local/Flickr30K/flickr30k_images/flickr30k_images/flickr30k_images/4529394646.jpg,person,0.577702522277832,34.168548583984375,41.072166442871094,220.2566375732422,228.38597106933594,4
Flickr30K/4529394646.jpg,/content/Image_captioning_Local/Flickr30K/flickr30k_images/flickr30k_images/flickr30k_images/4529394646.jpg,person,0.5534123182296753,86.02151489257812,487.59051513671875,115.3644790649414,500.0,4
Flickr30K/452962852.jpg,/content/Image_captioning_Local/Flickr30K/flickr30k_images/flickr30k_images/flickr30k_images/452962852.jpg,person,0.7463198304176331,87.83522033691406,194.43453979492188,255.20611572265625,497.2256774902344,2
Flickr30K/452962852.jpg,/content/Image_captioning_Local/Flickr30K/flickr30k_images/flickr30k_images/flickr30k_images/452962852.jpg,banana,0.5319609045982361,204.19595336914062,205.1166534423828,271.11090087890625,258.9993896484375,2
Flickr30K/4529690052.jpg,/content/Image_captioning_Local/Flickr30K/flickr30k_images/flickr30k_images/flickr30k_images/4529690052.jpg,person,0.9415644407272339,280.5101013183594,66.47736358642578,438.8291931152344,272.767578125,6
Flickr30K/4529690052.jpg,/content/Image_captioning_Local/Flickr30K/flickr30k_images/flickr30k_images/flickr30k_images/4529690052.jpg,person,0.9259238243103027,160.95762634277344,22.813278198242188,285.1844177246094,189.56045532226562,6
Flickr30K/4529690052.jpg,/content/Image_captioning_Local/Flickr30K/flickr30k_images/flickr30k_images/flickr30k_images/4529690052.jpg,sports ball,0.9073063731193542,364.8865661621094,6.064093112945557,398.10052490234375,38.874549865722656,6
Flickr30K/4529690052.jpg,/content/Image_captioning_Local/Flickr30K/flickr30k_images/flickr30k_images/flickr30k_images/4529690052.jpg,person,0.8631407618522644,0.0059604644775390625,2.0281612873077393,62.34584045410156,330.94195556640625,6
Flickr30K/4529690052.jpg,/content/Image_captioning_Local/Flickr30K/flickr30k_images/flickr30k_images/flickr30k_images/4529690052.jpg,sports ball,0.5798678398132324,346.7916564941406,161.28329467773438,363.22760009765625,182.97213745117188,6
Flickr30K/4529690052.jpg,/content/Image_captioning_Local/Flickr30K/flickr30k_images/flickr30k_images/flickr30k_images/4529690052.jpg,person,0.3548511564731598,484.0557556152344,179.33103942871094,499.91766357421875,250.35316467285156,6
Flickr30K/4529735501.jpg,/content/Image_captioning_Local/Flickr30K/flickr30k_images/flickr30k_images/flickr30k_images/4529735501.jpg,clock,0.8193328976631165,155.63739013671875,153.51548767089844,177.90927124023438,174.19810485839844,13
Flickr30K/4529735501.jpg,/content/Image_captioning_Local/Flickr30K/flickr30k_images/flickr30k_images/flickr30k_images/4529735501.jpg,person,0.7942810654640198,217.39566040039062,208.72811889648438,234.62554931640625,262.15863037109375,13
Flickr30K/4529735501.jpg,/content/Image_captioning_Local/Flickr30K/flickr30k_images/flickr30k_images/flickr30k_images/4529735501.jpg,person,0.7917305827140808,242.64382934570312,207.18505859375,257.8333435058594,253.74606323242188,13
Flickr30K/4529735501.jpg,/content/Image_captioning_Local/Flickr30K/flickr30k_images/flickr30k_images/flickr30k_images/4529735501.jpg,person,0.7896207571029663,138.64817810058594,213.34457397460938,173.5800018310547,294.9396057128906,13
Flickr30K/4529735501.jpg,/content/Image_captioning_Local/Flickr30K/flickr30k_images/flickr30k_images/flickr30k_images/4529735501.jpg,person,0.7645524144172668,67.47923278808594,208.91311645507812,101.48798370361328,295.24932861328125,13
Flickr30K/4529735501.jpg,/content/Image_captioning_Local/Flickr30K/flickr30k_images/flickr30k_images/flickr30k_images/4529735501.jpg,person,0.6394122242927551,19.425722122192383,208.10162353515625,54.15163803100586,286.65435791015625,13
Flickr30K/4529735501.jpg,/content/Image_captioning_Local/Flickr30K/flickr30k_images/flickr30k_images/flickr30k_images/4529735501.jpg,suitcase,0.626969575881958,196.40025329589844,234.66287231445312,215.99429321289062,267.734375,13
Flickr30K/4529735501.jpg,/content/Image_captioning_Local/Flickr30K/flickr30k_images/flickr30k_images/flickr30k_images/4529735501.jpg,person,0.5976640582084656,0.0,204.0179901123047,18.047990798950195,280.49267578125,13
Flickr30K/4529735501.jpg,/content/Image_captioning_Local/Flickr30K/flickr30k_images/flickr30k_images/flickr30k_images/4529735501.jpg,person,0.5523737668991089,46.28832244873047,213.67132568359375,74.36927795410156,294.4440002441406,13
Flickr30K/4529735501.jpg,/content/Image_captioning_Local/Flickr30K/flickr30k_images/flickr30k_images/flickr30k_images/4529735501.jpg,person,0.5438964366912842,279.2796936035156,210.14222717285156,286.79144287109375,227.89430236816406,13
Flickr30K/4529735501.jpg,/content/Image_captioning_Local/Flickr30K/flickr30k_images/flickr30k_images/flickr30k_images/4529735501.jpg,person,0.32344499230384827,193.3419952392578,208.10687255859375,205.03428649902344,232.28895568847656,13
Flickr30K/4529735501.jpg,/content/Image_captioning_Local/Flickr30K/flickr30k_images/flickr30k_images/flickr30k_images/4529735501.jpg,handbag,0.3124622702598572,133.966796875,244.82069396972656,149.2337646484375,269.0555419921875,13
Flickr30K/4529735501.jpg,/content/Image_captioning_Local/Flickr30K/flickr30k_images/flickr30k_images/flickr30k_images/4529735501.jpg,person,0.28275907039642334,107.44654846191406,211.41087341308594,121.22340393066406,242.32174682617188,13
