image_id,image_path,object_name,confidence,xmin,ymin,xmax,ymax,objects_detected
Flickr30K/3240570205.jpg,/content/Image_captioning_Local/Flickr30K/flickr30k_images/flickr30k_images/3240570205.jpg,person,0.9323211312294006,340.9126892089844,152.51197814941406,472.0963439941406,330.23187255859375,12
Flickr30K/3240570205.jpg,/content/Image_captioning_Local/Flickr30K/flickr30k_images/flickr30k_images/3240570205.jpg,person,0.9079674482345581,278.1379089355469,30.406606674194336,366.83538818359375,302.2001647949219,12
Flickr30K/3240570205.jpg,/content/Image_captioning_Local/Flickr30K/flickr30k_images/flickr30k_images/3240570205.jpg,person,0.8194218873977661,4.220545291900635,3.754723072052002,161.29132080078125,324.6293029785156,12
Flickr30K/3240570205.jpg,/content/Image_captioning_Local/Flickr30K/flickr30k_images/flickr30k_images/3240570205.jpg,backpack,0.702820360660553,0.0,32.73260498046875,76.72770690917969,141.16943359375,12
Flickr30K/3240570205.jpg,/content/Image_captioning_Local/Flickr30K/flickr30k_images/flickr30k_images/3240570205.jpg,handbag,0.579456627368927,217.05755615234375,146.75546264648438,292.6510314941406,197.85914611816406,12
Flickr30K/3240570205.jpg,/content/Image_captioning_Local/Flickr30K/flickr30k_images/flickr30k_images/3240570205.jpg,person,0.5556636452674866,120.63717651367188,89.79164123535156,202.2639923095703,322.7318420410156,12
Flickr30K/3240570205.jpg,/content/Image_captioning_Local/Flickr30K/flickr30k_images/flickr30k_images/3240570205.jpg,person,0.4111466705799103,159.34194946289062,46.37682342529297,252.02903747558594,218.73257446289062,12
Flickr30K/3240570205.jpg,/content/Image_captioning_Local/Flickr30K/flickr30k_images/flickr30k_images/3240570205.jpg,person,0.40815940499305725,193.8314971923828,46.732688903808594,252.24261474609375,217.8069305419922,12
Flickr30K/3240570205.jpg,/content/Image_captioning_Local/Flickr30K/flickr30k_images/flickr30k_images/3240570205.jpg,person,0.3779428005218506,214.90512084960938,34.93814468383789,284.6840515136719,202.65521240234375,12
Flickr30K/3240570205.jpg,/content/Image_captioning_Local/Flickr30K/flickr30k_images/flickr30k_images/3240570205.jpg,cell phone,0.36471879482269287,250.6864013671875,199.35142517089844,277.9016418457031,215.38912963867188,12
Flickr30K/3240570205.jpg,/content/Image_captioning_Local/Flickr30K/flickr30k_images/flickr30k_images/3240570205.jpg,person,0.2834860682487488,114.55461883544922,1.1211156845092773,176.7315216064453,94.84002685546875,12
Flickr30K/3240570205.jpg,/content/Image_captioning_Local/Flickr30K/flickr30k_images/flickr30k_images/3240570205.jpg,person,0.2736244201660156,219.4430389404297,34.73503494262695,284.3905334472656,160.23330688476562,12
Flickr30K/3240637051.jpg,/content/Image_captioning_Local/Flickr30K/flickr30k_images/flickr30k_images/3240637051.jpg,person,0.9058953523635864,106.84178161621094,37.77580261230469,199.42140197753906,308.9282531738281,18
Flickr30K/3240637051.jpg,/content/Image_captioning_Local/Flickr30K/flickr30k_images/flickr30k_images/3240637051.jpg,person,0.8988776803016663,310.972412109375,86.14430236816406,486.5837097167969,330.1495056152344,18
Flickr30K/3240637051.jpg,/content/Image_captioning_Local/Flickr30K/flickr30k_images/flickr30k_images/3240637051.jpg,person,0.8050838112831116,41.2424430847168,43.92271041870117,77.17131042480469,181.50326538085938,18
Flickr30K/3240637051.jpg,/content/Image_captioning_Local/Flickr30K/flickr30k_images/flickr30k_images/3240637051.jpg,person,0.791800320148468,1.8662810325622559,55.17823791503906,37.9305534362793,182.3753662109375,18
Flickr30K/3240637051.jpg,/content/Image_captioning_Local/Flickr30K/flickr30k_images/flickr30k_images/3240637051.jpg,person,0.7861317992210388,70.31856536865234,42.83950424194336,102.43986511230469,179.002197265625,18
Flickr30K/3240637051.jpg,/content/Image_captioning_Local/Flickr30K/flickr30k_images/flickr30k_images/3240637051.jpg,person,0.7782650589942932,214.60928344726562,14.207201957702637,272.3321533203125,183.95411682128906,18
Flickr30K/3240637051.jpg,/content/Image_captioning_Local/Flickr30K/flickr30k_images/flickr30k_images/3240637051.jpg,person,0.7741608023643494,462.2452697753906,18.231821060180664,499.856201171875,202.47930908203125,18
Flickr30K/3240637051.jpg,/content/Image_captioning_Local/Flickr30K/flickr30k_images/flickr30k_images/3240637051.jpg,person,0.7648634314537048,297.62744140625,0.0,427.8006896972656,237.06515502929688,18
Flickr30K/3240637051.jpg,/content/Image_captioning_Local/Flickr30K/flickr30k_images/flickr30k_images/3240637051.jpg,person,0.6900683641433716,424.5391845703125,44.43025588989258,464.9375915527344,146.90542602539062,18
Flickr30K/3240637051.jpg,/content/Image_captioning_Local/Flickr30K/flickr30k_images/flickr30k_images/3240637051.jpg,person,0.6585622429847717,275.67449951171875,49.41794967651367,318.6539306640625,168.62225341796875,18
Flickr30K/3240637051.jpg,/content/Image_captioning_Local/Flickr30K/flickr30k_images/flickr30k_images/3240637051.jpg,bench,0.6557929515838623,460.781005859375,197.99642944335938,499.81585693359375,331.24676513671875,18
Flickr30K/3240637051.jpg,/content/Image_captioning_Local/Flickr30K/flickr30k_images/flickr30k_images/3240637051.jpg,person,0.5660519003868103,179.18756103515625,31.784534454345703,216.9471435546875,192.5823516845703,18
Flickr30K/3240637051.jpg,/content/Image_captioning_Local/Flickr30K/flickr30k_images/flickr30k_images/3240637051.jpg,person,0.3974018692970276,106.6272964477539,47.73762130737305,133.61956787109375,114.21818542480469,18
Flickr30K/3240637051.jpg,/content/Image_captioning_Local/Flickr30K/flickr30k_images/flickr30k_images/3240637051.jpg,bench,0.3588241934776306,0.6364345550537109,215.35220336914062,304.2618408203125,323.5928039550781,18
Flickr30K/3240637051.jpg,/content/Image_captioning_Local/Flickr30K/flickr30k_images/flickr30k_images/3240637051.jpg,person,0.35037514567375183,318.7723693847656,58.86595153808594,342.4964904785156,145.24095153808594,18
Flickr30K/3240637051.jpg,/content/Image_captioning_Local/Flickr30K/flickr30k_images/flickr30k_images/3240637051.jpg,person,0.3482549488544464,251.6968231201172,79.23310852050781,276.5857238769531,171.2943572998047,18
Flickr30K/3240637051.jpg,/content/Image_captioning_Local/Flickr30K/flickr30k_images/flickr30k_images/3240637051.jpg,person,0.3420508801937103,418.24932861328125,43.02156066894531,440.2286376953125,76.26898193359375,18
Flickr30K/3240637051.jpg,/content/Image_captioning_Local/Flickr30K/flickr30k_images/flickr30k_images/3240637051.jpg,person,0.26968619227409363,104.43750762939453,47.3790168762207,133.4541473388672,158.07614135742188,18
Flickr30K/3241263130.jpg,/content/Image_captioning_Local/Flickr30K/flickr30k_images/flickr30k_images/3241263130.jpg,person,0.8867917060852051,310.38323974609375,343.062744140625,371.12158203125,465.4993591308594,10
Flickr30K/3241263130.jpg,/content/Image_captioning_Local/Flickr30K/flickr30k_images/flickr30k_images/3241263130.jpg,person,0.8758424520492554,44.411170959472656,1.274251937866211,356.7695617675781,369.3951721191406,10
Flickr30K/3241263130.jpg,/content/Image_captioning_Local/Flickr30K/flickr30k_images/flickr30k_images/3241263130.jpg,person,0.873404860496521,262.2507629394531,357.5465087890625,300.6279602050781,461.7392578125,10
Flickr30K/3241263130.jpg,/content/Image_captioning_Local/Flickr30K/flickr30k_images/flickr30k_images/3241263130.jpg,person,0.83994060754776,460.50225830078125,396.69866943359375,498.2391357421875,469.52923583984375,10
Flickr30K/3241263130.jpg,/content/Image_captioning_Local/Flickr30K/flickr30k_images/flickr30k_images/3241263130.jpg,car,0.7896040081977844,42.81658935546875,427.70343017578125,152.7427215576172,457.6021728515625,10
Flickr30K/3241263130.jpg,/content/Image_captioning_Local/Flickr30K/flickr30k_images/flickr30k_images/3241263130.jpg,car,0.5473776459693909,368.9591979980469,441.73162841796875,405.15399169921875,466.33642578125,10
Flickr30K/3241263130.jpg,/content/Image_captioning_Local/Flickr30K/flickr30k_images/flickr30k_images/3241263130.jpg,car,0.5053442120552063,225.6492156982422,439.9605407714844,272.830810546875,461.00469970703125,10
Flickr30K/3241263130.jpg,/content/Image_captioning_Local/Flickr30K/flickr30k_images/flickr30k_images/3241263130.jpg,car,0.43597114086151123,25.38245391845703,428.091064453125,65.90276336669922,453.0906677246094,10
Flickr30K/3241263130.jpg,/content/Image_captioning_Local/Flickr30K/flickr30k_images/flickr30k_images/3241263130.jpg,car,0.41995248198509216,443.2681579589844,449.6567687988281,475.5016784667969,468.7314147949219,10
Flickr30K/3241263130.jpg,/content/Image_captioning_Local/Flickr30K/flickr30k_images/flickr30k_images/3241263130.jpg,car,0.3352983593940735,442.8123474121094,445.8417053222656,499.7076110839844,469.25439453125,10
Flickr30K/3241298741.jpg,/content/Image_captioning_Local/Flickr30K/flickr30k_images/flickr30k_images/3241298741.jpg,person,0.9254574179649353,11.121023178100586,114.84709167480469,235.14981079101562,486.8241882324219,5
Flickr30K/3241298741.jpg,/content/Image_captioning_Local/Flickr30K/flickr30k_images/flickr30k_images/3241298741.jpg,person,0.7189778089523315,0.0,389.94189453125,58.83747482299805,499.4773864746094,5
Flickr30K/3241298741.jpg,/content/Image_captioning_Local/Flickr30K/flickr30k_images/flickr30k_images/3241298741.jpg,person,0.45046964287757874,302.0291442871094,232.1420135498047,326.0,291.72320556640625,5
Flickr30K/3241298741.jpg,/content/Image_captioning_Local/Flickr30K/flickr30k_images/flickr30k_images/3241298741.jpg,chair,0.35886698961257935,0.0,238.56954956054688,44.44132995605469,388.50714111328125,5
Flickr30K/3241298741.jpg,/content/Image_captioning_Local/Flickr30K/flickr30k_images/flickr30k_images/3241298741.jpg,laptop,0.3414083421230316,233.02154541015625,332.5142517089844,325.9677734375,453.3988342285156,5
Flickr30K/3241487502.jpg,/content/Image_captioning_Local/Flickr30K/flickr30k_images/flickr30k_images/3241487502.jpg,dog,0.9060038328170776,75.14400482177734,2.914905548095703,420.2373046875,292.78277587890625,2
Flickr30K/3241487502.jpg,/content/Image_captioning_Local/Flickr30K/flickr30k_images/flickr30k_images/3241487502.jpg,dog,0.7197375297546387,0.05440711975097656,24.095726013183594,207.1471710205078,286.0141296386719,2
Flickr30K/3241531692.jpg,/content/Image_captioning_Local/Flickr30K/flickr30k_images/flickr30k_images/3241531692.jpg,person,0.8995046615600586,0.0,3.6712169647216797,333.0,498.9758605957031,2
Flickr30K/3241531692.jpg,/content/Image_captioning_Local/Flickr30K/flickr30k_images/flickr30k_images/3241531692.jpg,person,0.7104484438896179,0.0,0.9953737258911133,192.57350158691406,356.8594055175781,2
Flickr30K/3241627311.jpg,/content/Image_captioning_Local/Flickr30K/flickr30k_images/flickr30k_images/3241627311.jpg,person,0.897708535194397,392.7651672363281,184.62982177734375,454.6883544921875,345.5774841308594,4
Flickr30K/3241627311.jpg,/content/Image_captioning_Local/Flickr30K/flickr30k_images/flickr30k_images/3241627311.jpg,person,0.8844221830368042,195.3976287841797,187.44154357910156,259.4799499511719,344.22235107421875,4
Flickr30K/3241627311.jpg,/content/Image_captioning_Local/Flickr30K/flickr30k_images/flickr30k_images/3241627311.jpg,person,0.6110814809799194,317.0304870605469,109.63568878173828,381.56884765625,225.3659210205078,4
Flickr30K/3241627311.jpg,/content/Image_captioning_Local/Flickr30K/flickr30k_images/flickr30k_images/3241627311.jpg,truck,0.4682731628417969,0.0,56.03572082519531,432.4119567871094,357.29541015625,4
Flickr30K/3241726740.jpg,/content/Image_captioning_Local/Flickr30K/flickr30k_images/flickr30k_images/3241726740.jpg,person,0.9287331104278564,144.2239227294922,124.52863311767578,276.2136535644531,367.68194580078125,2
Flickr30K/3241726740.jpg,/content/Image_captioning_Local/Flickr30K/flickr30k_images/flickr30k_images/3241726740.jpg,person,0.9217708706855774,287.648681640625,148.12722778320312,395.1075134277344,326.9593811035156,2
Flickr30K/3241892328.jpg,/content/Image_captioning_Local/Flickr30K/flickr30k_images/flickr30k_images/3241892328.jpg,sheep,0.5769447088241577,153.37318420410156,82.99484252929688,492.749267578125,206.84051513671875,2
Flickr30K/3241892328.jpg,/content/Image_captioning_Local/Flickr30K/flickr30k_images/flickr30k_images/3241892328.jpg,cow,0.3133329749107361,153.96975708007812,82.76472473144531,491.1282958984375,207.86814880371094,2
Flickr30K/3241965735.jpg,/content/Image_captioning_Local/Flickr30K/flickr30k_images/flickr30k_images/3241965735.jpg,person,0.6687197089195251,182.0168914794922,211.26394653320312,217.43312072753906,260.8778076171875,3
Flickr30K/3241965735.jpg,/content/Image_captioning_Local/Flickr30K/flickr30k_images/flickr30k_images/3241965735.jpg,skis,0.5968520045280457,146.69842529296875,221.8599853515625,202.75531005859375,286.1265563964844,3
Flickr30K/3241965735.jpg,/content/Image_captioning_Local/Flickr30K/flickr30k_images/flickr30k_images/3241965735.jpg,skis,0.35708746314048767,137.2799835205078,217.23484802246094,230.49583435058594,297.2964172363281,3
Flickr30K/3242007318.jpg,/content/Image_captioning_Local/Flickr30K/flickr30k_images/flickr30k_images/3242007318.jpg,person,0.8928590416908264,129.57467651367188,242.59085083007812,244.20823669433594,499.904052734375,5
Flickr30K/3242007318.jpg,/content/Image_captioning_Local/Flickr30K/flickr30k_images/flickr30k_images/3242007318.jpg,person,0.8573734760284424,5.5977582931518555,270.0191955566406,141.37525939941406,499.591552734375,5
Flickr30K/3242007318.jpg,/content/Image_captioning_Local/Flickr30K/flickr30k_images/flickr30k_images/3242007318.jpg,handbag,0.6886001229286194,167.55223083496094,419.0809326171875,257.2702941894531,499.635498046875,5
Flickr30K/3242007318.jpg,/content/Image_captioning_Local/Flickr30K/flickr30k_images/flickr30k_images/3242007318.jpg,dining table,0.375015527009964,281.5912780761719,404.3366394042969,330.9446716308594,460.3575744628906,5
Flickr30K/3242007318.jpg,/content/Image_captioning_Local/Flickr30K/flickr30k_images/flickr30k_images/3242007318.jpg,book,0.263287216424942,29.162120819091797,464.8396911621094,62.25868606567383,499.7361755371094,5
Flickr30K/3242039483.jpg,/content/Image_captioning_Local/Flickr30K/flickr30k_images/flickr30k_images/3242039483.jpg,person,0.8890841007232666,0.11691451072692871,130.38873291015625,39.84733200073242,371.1588439941406,17
Flickr30K/3242039483.jpg,/content/Image_captioning_Local/Flickr30K/flickr30k_images/flickr30k_images/3242039483.jpg,person,0.8831288814544678,48.164371490478516,118.65258026123047,115.49703979492188,371.9751281738281,17
Flickr30K/3242039483.jpg,/content/Image_captioning_Local/Flickr30K/flickr30k_images/flickr30k_images/3242039483.jpg,person,0.8602423667907715,122.75943756103516,142.2840118408203,194.66256713867188,373.072998046875,17
Flickr30K/3242039483.jpg,/content/Image_captioning_Local/Flickr30K/flickr30k_images/flickr30k_images/3242039483.jpg,person,0.8340264558792114,222.7351837158203,212.82005310058594,271.0324401855469,373.1763000488281,17
Flickr30K/3242039483.jpg,/content/Image_captioning_Local/Flickr30K/flickr30k_images/flickr30k_images/3242039483.jpg,person,0.8103991150856018,415.2006530761719,158.1556396484375,451.2314453125,232.09591674804688,17
Flickr30K/3242039483.jpg,/content/Image_captioning_Local/Flickr30K/flickr30k_images/flickr30k_images/3242039483.jpg,person,0.7331830859184265,359.1099853515625,167.4591522216797,392.8992614746094,214.3022003173828,17
Flickr30K/3242039483.jpg,/content/Image_captioning_Local/Flickr30K/flickr30k_images/flickr30k_images/3242039483.jpg,truck,0.6779603958129883,179.94664001464844,133.49264526367188,258.3943176269531,196.85076904296875,17
Flickr30K/3242039483.jpg,/content/Image_captioning_Local/Flickr30K/flickr30k_images/flickr30k_images/3242039483.jpg,person,0.6581997871398926,195.40240478515625,144.0246124267578,221.24078369140625,226.0245361328125,17
Flickr30K/3242039483.jpg,/content/Image_captioning_Local/Flickr30K/flickr30k_images/flickr30k_images/3242039483.jpg,person,0.6408476829528809,265.50506591796875,50.098514556884766,345.4001770019531,345.867919921875,17
Flickr30K/3242039483.jpg,/content/Image_captioning_Local/Flickr30K/flickr30k_images/flickr30k_images/3242039483.jpg,handbag,0.619450569152832,24.314659118652344,225.46725463867188,55.82615280151367,314.9217224121094,17
Flickr30K/3242039483.jpg,/content/Image_captioning_Local/Flickr30K/flickr30k_images/flickr30k_images/3242039483.jpg,handbag,0.5121943950653076,102.81044006347656,193.80545043945312,125.74655151367188,235.9596710205078,17
Flickr30K/3242039483.jpg,/content/Image_captioning_Local/Flickr30K/flickr30k_images/flickr30k_images/3242039483.jpg,person,0.4480507969856262,483.44659423828125,152.83653259277344,499.69586181640625,194.41497802734375,17
Flickr30K/3242039483.jpg,/content/Image_captioning_Local/Flickr30K/flickr30k_images/flickr30k_images/3242039483.jpg,handbag,0.4084855318069458,197.3030548095703,266.26300048828125,231.7496795654297,334.3340759277344,17
Flickr30K/3242039483.jpg,/content/Image_captioning_Local/Flickr30K/flickr30k_images/flickr30k_images/3242039483.jpg,handbag,0.39746370911598206,181.71849060058594,181.29000854492188,195.4082489013672,200.17218017578125,17
Flickr30K/3242039483.jpg,/content/Image_captioning_Local/Flickr30K/flickr30k_images/flickr30k_images/3242039483.jpg,person,0.29139184951782227,258.921875,165.4877471923828,281.9275207519531,216.65504455566406,17
Flickr30K/3242039483.jpg,/content/Image_captioning_Local/Flickr30K/flickr30k_images/flickr30k_images/3242039483.jpg,person,0.27799656987190247,27.160369873046875,148.45233154296875,56.595272064208984,319.6767272949219,17
Flickr30K/3242039483.jpg,/content/Image_captioning_Local/Flickr30K/flickr30k_images/flickr30k_images/3242039483.jpg,person,0.2713182270526886,166.35157775878906,147.36526489257812,193.6610870361328,224.48756408691406,17
Flickr30K/324208502.jpg,/content/Image_captioning_Local/Flickr30K/flickr30k_images/flickr30k_images/324208502.jpg,person,0.9261304140090942,230.20787048339844,35.94703674316406,453.3204040527344,316.65533447265625,20
Flickr30K/324208502.jpg,/content/Image_captioning_Local/Flickr30K/flickr30k_images/flickr30k_images/324208502.jpg,person,0.9205307364463806,93.65863800048828,60.59868240356445,234.18350219726562,314.8871765136719,20
Flickr30K/324208502.jpg,/content/Image_captioning_Local/Flickr30K/flickr30k_images/flickr30k_images/324208502.jpg,book,0.7331548929214478,55.59829330444336,36.22875213623047,100.97279357910156,72.64132690429688,20
Flickr30K/324208502.jpg,/content/Image_captioning_Local/Flickr30K/flickr30k_images/flickr30k_images/324208502.jpg,book,0.6599001884460449,84.58857727050781,133.8531036376953,114.39030456542969,175.296875,20
Flickr30K/324208502.jpg,/content/Image_captioning_Local/Flickr30K/flickr30k_images/flickr30k_images/324208502.jpg,backpack,0.6230875849723816,418.48583984375,78.74211120605469,499.790771484375,225.21180725097656,20
Flickr30K/324208502.jpg,/content/Image_captioning_Local/Flickr30K/flickr30k_images/flickr30k_images/324208502.jpg,book,0.6106271743774414,134.07737731933594,24.784469604492188,173.83535766601562,70.43447875976562,20
Flickr30K/324208502.jpg,/content/Image_captioning_Local/Flickr30K/flickr30k_images/flickr30k_images/324208502.jpg,book,0.6096271872520447,90.16902923583984,89.1978759765625,117.62149047851562,117.70549011230469,20
Flickr30K/324208502.jpg,/content/Image_captioning_Local/Flickr30K/flickr30k_images/flickr30k_images/324208502.jpg,book,0.6032600402832031,9.146177291870117,141.38818359375,33.66385269165039,175.4098358154297,20
Flickr30K/324208502.jpg,/content/Image_captioning_Local/Flickr30K/flickr30k_images/flickr30k_images/324208502.jpg,book,0.5366551280021667,110.39566802978516,35.83097457885742,135.4031524658203,70.65705871582031,20
Flickr30K/324208502.jpg,/content/Image_captioning_Local/Flickr30K/flickr30k_images/flickr30k_images/324208502.jpg,handbag,0.531143307685852,182.17613220214844,178.8230438232422,237.10394287109375,239.6626434326172,20
Flickr30K/324208502.jpg,/content/Image_captioning_Local/Flickr30K/flickr30k_images/flickr30k_images/324208502.jpg,book,0.5123418569564819,5.844449996948242,85.58983612060547,31.07540512084961,117.7237548828125,20
Flickr30K/324208502.jpg,/content/Image_captioning_Local/Flickr30K/flickr30k_images/flickr30k_images/324208502.jpg,book,0.4849252700805664,0.00042170286178588867,87.02452087402344,10.216015815734863,118.11177825927734,20
Flickr30K/324208502.jpg,/content/Image_captioning_Local/Flickr30K/flickr30k_images/flickr30k_images/324208502.jpg,book,0.46830904483795166,65.12394714355469,134.80450439453125,88.54871368408203,175.03353881835938,20
Flickr30K/324208502.jpg,/content/Image_captioning_Local/Flickr30K/flickr30k_images/flickr30k_images/324208502.jpg,book,0.4632244110107422,116.1185531616211,82.87813568115234,148.254150390625,116.50931549072266,20
Flickr30K/324208502.jpg,/content/Image_captioning_Local/Flickr30K/flickr30k_images/flickr30k_images/324208502.jpg,bench,0.42889201641082764,95.98130798339844,130.47625732421875,493.3607177734375,309.7108459472656,20
Flickr30K/324208502.jpg,/content/Image_captioning_Local/Flickr30K/flickr30k_images/flickr30k_images/324208502.jpg,book,0.40474754571914673,57.1934814453125,82.20112609863281,93.78636932373047,118.49758911132812,20
Flickr30K/324208502.jpg,/content/Image_captioning_Local/Flickr30K/flickr30k_images/flickr30k_images/324208502.jpg,book,0.35544466972351074,27.24989128112793,84.28215789794922,47.32925796508789,117.25194549560547,20
Flickr30K/324208502.jpg,/content/Image_captioning_Local/Flickr30K/flickr30k_images/flickr30k_images/324208502.jpg,book,0.3310181498527527,0.013666599988937378,147.36819458007812,9.089080810546875,176.09706115722656,20
Flickr30K/324208502.jpg,/content/Image_captioning_Local/Flickr30K/flickr30k_images/flickr30k_images/324208502.jpg,book,0.29709598422050476,200.25921630859375,67.64047241210938,217.3359832763672,112.51103973388672,20
Flickr30K/324208502.jpg,/content/Image_captioning_Local/Flickr30K/flickr30k_images/flickr30k_images/324208502.jpg,book,0.2695307731628418,231.09011840820312,65.72396850585938,249.4987030029297,129.3223876953125,20
Flickr30K/3242088278.jpg,/content/Image_captioning_Local/Flickr30K/flickr30k_images/flickr30k_images/3242088278.jpg,bird,0.847817063331604,100.63044738769531,55.730533599853516,244.76148986816406,155.26333618164062,1
Flickr30K/3242228425.jpg,/content/Image_captioning_Local/Flickr30K/flickr30k_images/flickr30k_images/3242228425.jpg,person,0.9138681888580322,0.6044387817382812,67.84496307373047,249.72457885742188,371.1457214355469,8
Flickr30K/3242228425.jpg,/content/Image_captioning_Local/Flickr30K/flickr30k_images/flickr30k_images/3242228425.jpg,person,0.9000900387763977,142.43112182617188,145.31765747070312,262.49261474609375,325.2030334472656,8
Flickr30K/3242228425.jpg,/content/Image_captioning_Local/Flickr30K/flickr30k_images/flickr30k_images/3242228425.jpg,person,0.8670724034309387,358.4229431152344,80.03620910644531,499.73297119140625,371.9495849609375,8
Flickr30K/3242228425.jpg,/content/Image_captioning_Local/Flickr30K/flickr30k_images/flickr30k_images/3242228425.jpg,clock,0.71412193775177,221.14987182617188,58.051300048828125,238.4308319091797,75.98008728027344,8
Flickr30K/3242228425.jpg,/content/Image_captioning_Local/Flickr30K/flickr30k_images/flickr30k_images/3242228425.jpg,person,0.3763701617717743,115.88997650146484,110.59241485595703,135.91697692871094,128.47947692871094,8
Flickr30K/3242228425.jpg,/content/Image_captioning_Local/Flickr30K/flickr30k_images/flickr30k_images/3242228425.jpg,hot dog,0.2966516613960266,296.5314025878906,277.24700927734375,359.0284118652344,325.3431701660156,8
Flickr30K/3242228425.jpg,/content/Image_captioning_Local/Flickr30K/flickr30k_images/flickr30k_images/3242228425.jpg,hot dog,0.29500535130500793,311.5912170410156,295.220703125,373.9552307128906,344.55865478515625,8
Flickr30K/3242228425.jpg,/content/Image_captioning_Local/Flickr30K/flickr30k_images/flickr30k_images/3242228425.jpg,person,0.2521744668483734,290.6843566894531,118.14129638671875,306.3326416015625,143.4846649169922,8
Flickr30K/3242263536.jpg,/content/Image_captioning_Local/Flickr30K/flickr30k_images/flickr30k_images/3242263536.jpg,person,0.7536188364028931,107.18761444091797,58.991695404052734,169.45156860351562,127.30725860595703,2
Flickr30K/3242263536.jpg,/content/Image_captioning_Local/Flickr30K/flickr30k_images/flickr30k_images/3242263536.jpg,skateboard,0.6826003789901733,98.59268951416016,90.84291076660156,123.71575927734375,119.14286804199219,2
Flickr30K/3242354561.jpg,/content/Image_captioning_Local/Flickr30K/flickr30k_images/flickr30k_images/3242354561.jpg,dog,0.9609493017196655,280.7864074707031,161.1704864501953,499.58502197265625,324.9385986328125,2
Flickr30K/3242354561.jpg,/content/Image_captioning_Local/Flickr30K/flickr30k_images/flickr30k_images/3242354561.jpg,frisbee,0.4177249073982239,281.5763854980469,212.94000244140625,321.0939025878906,237.78965759277344,2
Flickr30K/324262519.jpg,/content/Image_captioning_Local/Flickr30K/flickr30k_images/flickr30k_images/324262519.jpg,person,0.9377647638320923,29.063817977905273,86.67290496826172,128.6883087158203,332.9100036621094,10
Flickr30K/324262519.jpg,/content/Image_captioning_Local/Flickr30K/flickr30k_images/flickr30k_images/324262519.jpg,person,0.9198030233383179,125.73814392089844,73.78942108154297,224.16360473632812,323.60211181640625,10
Flickr30K/324262519.jpg,/content/Image_captioning_Local/Flickr30K/flickr30k_images/flickr30k_images/324262519.jpg,person,0.8520582318305969,238.29702758789062,145.13487243652344,286.14715576171875,248.7803955078125,10
Flickr30K/324262519.jpg,/content/Image_captioning_Local/Flickr30K/flickr30k_images/flickr30k_images/324262519.jpg,person,0.8399460315704346,214.12110900878906,117.26388549804688,248.40855407714844,236.60760498046875,10
Flickr30K/324262519.jpg,/content/Image_captioning_Local/Flickr30K/flickr30k_images/flickr30k_images/324262519.jpg,person,0.8332751989364624,192.5687713623047,106.7322006225586,224.41673278808594,241.20895385742188,10
Flickr30K/324262519.jpg,/content/Image_captioning_Local/Flickr30K/flickr30k_images/flickr30k_images/324262519.jpg,dog,0.7987902760505676,316.3855895996094,156.37030029296875,343.4849853515625,210.95834350585938,10
Flickr30K/324262519.jpg,/content/Image_captioning_Local/Flickr30K/flickr30k_images/flickr30k_images/324262519.jpg,person,0.5858364701271057,253.44703674316406,120.60909271240234,297.33782958984375,174.24334716796875,10
Flickr30K/324262519.jpg,/content/Image_captioning_Local/Flickr30K/flickr30k_images/flickr30k_images/324262519.jpg,dog,0.5698842406272888,278.1408386230469,177.27403259277344,317.0516052246094,225.49200439453125,10
Flickr30K/324262519.jpg,/content/Image_captioning_Local/Flickr30K/flickr30k_images/flickr30k_images/324262519.jpg,dog,0.2971099317073822,295.00994873046875,177.9275360107422,317.101806640625,197.4407196044922,10
Flickr30K/324262519.jpg,/content/Image_captioning_Local/Flickr30K/flickr30k_images/flickr30k_images/324262519.jpg,person,0.2707514464855194,253.85853576660156,120.25859069824219,297.79278564453125,219.3429718017578,10
Flickr30K/3242718240.jpg,/content/Image_captioning_Local/Flickr30K/flickr30k_images/flickr30k_images/3242718240.jpg,person,0.9274441599845886,386.09136962890625,66.63419342041016,486.6648254394531,351.2947998046875,6
Flickr30K/3242718240.jpg,/content/Image_captioning_Local/Flickr30K/flickr30k_images/flickr30k_images/3242718240.jpg,person,0.9263920783996582,261.37884521484375,26.92732810974121,394.4134216308594,337.97711181640625,6
Flickr30K/3242718240.jpg,/content/Image_captioning_Local/Flickr30K/flickr30k_images/flickr30k_images/3242718240.jpg,person,0.92289137840271,18.801828384399414,103.83480834960938,100.116943359375,332.481201171875,6
Flickr30K/3242718240.jpg,/content/Image_captioning_Local/Flickr30K/flickr30k_images/flickr30k_images/3242718240.jpg,person,0.898697018623352,199.77000427246094,86.93537902832031,284.1942443847656,342.76971435546875,6
Flickr30K/3242718240.jpg,/content/Image_captioning_Local/Flickr30K/flickr30k_images/flickr30k_images/3242718240.jpg,person,0.8666223287582397,118.38349914550781,86.7672119140625,223.09341430664062,345.71484375,6
Flickr30K/3242718240.jpg,/content/Image_captioning_Local/Flickr30K/flickr30k_images/flickr30k_images/3242718240.jpg,person,0.8610754013061523,110.64173889160156,23.171878814697266,250.88873291015625,148.50128173828125,6
Flickr30K/3242808166.jpg,/content/Image_captioning_Local/Flickr30K/flickr30k_images/flickr30k_images/3242808166.jpg,motorcycle,0.7435649633407593,148.86532592773438,190.85736083984375,197.3061981201172,242.60272216796875,2
Flickr30K/3242808166.jpg,/content/Image_captioning_Local/Flickr30K/flickr30k_images/flickr30k_images/3242808166.jpg,person,0.6630575060844421,165.67738342285156,184.92979431152344,196.73855590820312,219.43211364746094,2
Flickr30K/3242814053.jpg,/content/Image_captioning_Local/Flickr30K/flickr30k_images/flickr30k_images/3242814053.jpg,cow,0.9406441450119019,214.41331481933594,56.76703643798828,460.732666015625,277.373779296875,4
Flickr30K/3242814053.jpg,/content/Image_captioning_Local/Flickr30K/flickr30k_images/flickr30k_images/3242814053.jpg,person,0.9261456727981567,55.91910934448242,55.71393966674805,131.480712890625,164.81309509277344,4
Flickr30K/3242814053.jpg,/content/Image_captioning_Local/Flickr30K/flickr30k_images/flickr30k_images/3242814053.jpg,cow,0.5552305579185486,188.2812042236328,181.91766357421875,287.4198303222656,295.076171875,4
Flickr30K/3242814053.jpg,/content/Image_captioning_Local/Flickr30K/flickr30k_images/flickr30k_images/3242814053.jpg,cow,0.39429548382759094,451.0078430175781,169.54446411132812,499.8067932128906,289.7665100097656,4
Flickr30K/3242881252.jpg,/content/Image_captioning_Local/Flickr30K/flickr30k_images/flickr30k_images/3242881252.jpg,person,0.9292415380477905,394.7068786621094,96.95795440673828,499.63421630859375,370.91168212890625,17
Flickr30K/3242881252.jpg,/content/Image_captioning_Local/Flickr30K/flickr30k_images/flickr30k_images/3242881252.jpg,person,0.9261225461959839,199.40826416015625,74.06487274169922,356.336181640625,359.0115051269531,17
Flickr30K/3242881252.jpg,/content/Image_captioning_Local/Flickr30K/flickr30k_images/flickr30k_images/3242881252.jpg,person,0.9150160551071167,0.30261874198913574,145.43533325195312,81.60871887207031,373.2082824707031,17
Flickr30K/3242881252.jpg,/content/Image_captioning_Local/Flickr30K/flickr30k_images/flickr30k_images/3242881252.jpg,person,0.90003502368927,65.80509948730469,129.6598358154297,176.2230682373047,372.3675842285156,17
Flickr30K/3242881252.jpg,/content/Image_captioning_Local/Flickr30K/flickr30k_images/flickr30k_images/3242881252.jpg,person,0.8651763796806335,161.66567993164062,161.94525146484375,213.58180236816406,347.1929626464844,17
Flickr30K/3242881252.jpg,/content/Image_captioning_Local/Flickr30K/flickr30k_images/flickr30k_images/3242881252.jpg,bus,0.8560050129890442,0.21257400512695312,0.5217313766479492,130.2137451171875,192.1833038330078,17
Flickr30K/3242881252.jpg,/content/Image_captioning_Local/Flickr30K/flickr30k_images/flickr30k_images/3242881252.jpg,person,0.7271952033042908,366.08978271484375,127.57752990722656,399.3752136230469,200.40660095214844,17
Flickr30K/3242881252.jpg,/content/Image_captioning_Local/Flickr30K/flickr30k_images/flickr30k_images/3242881252.jpg,person,0.6706573963165283,170.4995880126953,118.37291717529297,187.1580352783203,172.79306030273438,17
Flickr30K/3242881252.jpg,/content/Image_captioning_Local/Flickr30K/flickr30k_images/flickr30k_images/3242881252.jpg,person,0.6532729268074036,85.27759552001953,104.99095916748047,118.2886962890625,167.96632385253906,17
Flickr30K/3242881252.jpg,/content/Image_captioning_Local/Flickr30K/flickr30k_images/flickr30k_images/3242881252.jpg,person,0.5301880836486816,184.81051635742188,120.059326171875,207.41390991210938,162.97132873535156,17
Flickr30K/3242881252.jpg,/content/Image_captioning_Local/Flickr30K/flickr30k_images/flickr30k_images/3242881252.jpg,person,0.4998610317707062,35.13228988647461,109.84945678710938,86.02021789550781,209.09567260742188,17
Flickr30K/3242881252.jpg,/content/Image_captioning_Local/Flickr30K/flickr30k_images/flickr30k_images/3242881252.jpg,person,0.4969480335712433,153.19374084472656,111.0849609375,174.08840942382812,174.39486694335938,17
Flickr30K/3242881252.jpg,/content/Image_captioning_Local/Flickr30K/flickr30k_images/flickr30k_images/3242881252.jpg,person,0.49484819173812866,353.2794494628906,124.79283905029297,369.7386169433594,193.72036743164062,17
Flickr30K/3242881252.jpg,/content/Image_captioning_Local/Flickr30K/flickr30k_images/flickr30k_images/3242881252.jpg,person,0.30057293176651,127.65564727783203,116.30841827392578,143.95684814453125,176.59454345703125,17
Flickr30K/3242881252.jpg,/content/Image_captioning_Local/Flickr30K/flickr30k_images/flickr30k_images/3242881252.jpg,backpack,0.288127601146698,78.57698822021484,173.23362731933594,140.10281372070312,248.48764038085938,17
Flickr30K/3242881252.jpg,/content/Image_captioning_Local/Flickr30K/flickr30k_images/flickr30k_images/3242881252.jpg,handbag,0.26004815101623535,157.66111755371094,168.10104370117188,173.97398376464844,193.0959930419922,17
Flickr30K/3242881252.jpg,/content/Image_captioning_Local/Flickr30K/flickr30k_images/flickr30k_images/3242881252.jpg,handbag,0.254901260137558,393.8372497558594,137.34165954589844,427.6435852050781,270.607421875,17
Flickr30K/3242919570.jpg,/content/Image_captioning_Local/Flickr30K/flickr30k_images/flickr30k_images/3242919570.jpg,dog,0.9526422023773193,135.80645751953125,10.846948623657227,406.87841796875,365.6735534667969,1
Flickr30K/3243020805.jpg,/content/Image_captioning_Local/Flickr30K/flickr30k_images/flickr30k_images/3243020805.jpg,person,0.9270989298820496,0.11278390884399414,1.8444061279296875,99.77781677246094,319.75811767578125,13
Flickr30K/3243020805.jpg,/content/Image_captioning_Local/Flickr30K/flickr30k_images/flickr30k_images/3243020805.jpg,person,0.9224833846092224,185.9053497314453,138.12823486328125,337.2671203613281,372.02734375,13
Flickr30K/3243020805.jpg,/content/Image_captioning_Local/Flickr30K/flickr30k_images/flickr30k_images/3243020805.jpg,person,0.9006715416908264,296.3004150390625,0.11069774627685547,412.4564208984375,313.269775390625,13
Flickr30K/3243020805.jpg,/content/Image_captioning_Local/Flickr30K/flickr30k_images/flickr30k_images/3243020805.jpg,person,0.8832801580429077,153.4716339111328,1.8359899520874023,258.7574157714844,315.78790283203125,13
Flickr30K/3243020805.jpg,/content/Image_captioning_Local/Flickr30K/flickr30k_images/flickr30k_images/3243020805.jpg,person,0.7835596799850464,34.074615478515625,10.948348045349121,102.91986083984375,163.50064086914062,13
Flickr30K/3243020805.jpg,/content/Image_captioning_Local/Flickr30K/flickr30k_images/flickr30k_images/3243020805.jpg,baseball bat,0.7428566217422485,29.316162109375,175.59805297851562,267.25274658203125,270.1079406738281,13
Flickr30K/3243020805.jpg,/content/Image_captioning_Local/Flickr30K/flickr30k_images/flickr30k_images/3243020805.jpg,person,0.595428466796875,106.7170639038086,0.0,177.24847412109375,307.11370849609375,13
Flickr30K/3243020805.jpg,/content/Image_captioning_Local/Flickr30K/flickr30k_images/flickr30k_images/3243020805.jpg,person,0.5611991882324219,431.8606262207031,0.1626729965209961,496.83636474609375,114.93704223632812,13
Flickr30K/3243020805.jpg,/content/Image_captioning_Local/Flickr30K/flickr30k_images/flickr30k_images/3243020805.jpg,bottle,0.5268025398254395,349.75335693359375,84.79203796386719,373.234619140625,121.89474487304688,13
Flickr30K/3243020805.jpg,/content/Image_captioning_Local/Flickr30K/flickr30k_images/flickr30k_images/3243020805.jpg,person,0.40215957164764404,391.8111267089844,0.43277740478515625,431.9162902832031,88.19181823730469,13
Flickr30K/3243020805.jpg,/content/Image_captioning_Local/Flickr30K/flickr30k_images/flickr30k_images/3243020805.jpg,person,0.37463051080703735,249.8486328125,62.08785629272461,309.59613037109375,137.4459686279297,13
Flickr30K/3243020805.jpg,/content/Image_captioning_Local/Flickr30K/flickr30k_images/flickr30k_images/3243020805.jpg,person,0.31890320777893066,69.53449249267578,2.4657726287841797,113.21095275878906,152.53765869140625,13
Flickr30K/3243020805.jpg,/content/Image_captioning_Local/Flickr30K/flickr30k_images/flickr30k_images/3243020805.jpg,bottle,0.31088191270828247,330.1894226074219,71.24678802490234,372.87713623046875,122.24769592285156,13
Flickr30K/3243094580.jpg,/content/Image_captioning_Local/Flickr30K/flickr30k_images/flickr30k_images/3243094580.jpg,person,0.8008955717086792,264.26129150390625,136.56292724609375,329.8569641113281,249.52464294433594,4
Flickr30K/3243094580.jpg,/content/Image_captioning_Local/Flickr30K/flickr30k_images/flickr30k_images/3243094580.jpg,bicycle,0.7179797887802124,271.0905456542969,191.47406005859375,336.4977722167969,294.03668212890625,4
Flickr30K/3243094580.jpg,/content/Image_captioning_Local/Flickr30K/flickr30k_images/flickr30k_images/3243094580.jpg,car,0.6492822170257568,234.09796142578125,178.2975616455078,261.90081787109375,198.67349243164062,4
Flickr30K/3243094580.jpg,/content/Image_captioning_Local/Flickr30K/flickr30k_images/flickr30k_images/3243094580.jpg,person,0.2901194393634796,202.42967224121094,179.21481323242188,207.68338012695312,194.3991241455078,4
Flickr30K/3243233886.jpg,/content/Image_captioning_Local/Flickr30K/flickr30k_images/flickr30k_images/3243233886.jpg,person,0.9080528616905212,69.63101959228516,91.69335174560547,250.07400512695312,445.0249328613281,2
Flickr30K/3243233886.jpg,/content/Image_captioning_Local/Flickr30K/flickr30k_images/flickr30k_images/3243233886.jpg,car,0.2736295461654663,1.134026050567627,72.76529693603516,91.58197784423828,170.8004913330078,2
Flickr30K/324355356.jpg,/content/Image_captioning_Local/Flickr30K/flickr30k_images/flickr30k_images/324355356.jpg,dog,0.9145410656929016,261.7613830566406,256.2760925292969,423.38885498046875,350.47393798828125,2
Flickr30K/324355356.jpg,/content/Image_captioning_Local/Flickr30K/flickr30k_images/flickr30k_images/324355356.jpg,dog,0.7301344871520996,166.587158203125,262.0061340332031,294.10186767578125,323.8618469238281,2
Flickr30K/3243588540.jpg,/content/Image_captioning_Local/Flickr30K/flickr30k_images/flickr30k_images/3243588540.jpg,person,0.9142793416976929,207.73977661132812,7.6229095458984375,499.2482604980469,404.87176513671875,9
Flickr30K/3243588540.jpg,/content/Image_captioning_Local/Flickr30K/flickr30k_images/flickr30k_images/3243588540.jpg,person,0.9085699319839478,20.662832260131836,125.46257019042969,226.71356201171875,326.184326171875,9
Flickr30K/3243588540.jpg,/content/Image_captioning_Local/Flickr30K/flickr30k_images/flickr30k_images/3243588540.jpg,bottle,0.885999321937561,62.788211822509766,273.60662841796875,100.15983581542969,380.69000244140625,9
Flickr30K/3243588540.jpg,/content/Image_captioning_Local/Flickr30K/flickr30k_images/flickr30k_images/3243588540.jpg,person,0.8562483787536621,175.22235107421875,1.4263153076171875,372.98699951171875,206.03189086914062,9
Flickr30K/3243588540.jpg,/content/Image_captioning_Local/Flickr30K/flickr30k_images/flickr30k_images/3243588540.jpg,person,0.8213139176368713,0.14296770095825195,0.703120231628418,95.3101577758789,212.66355895996094,9
Flickr30K/3243588540.jpg,/content/Image_captioning_Local/Flickr30K/flickr30k_images/flickr30k_images/3243588540.jpg,cell phone,0.7327181100845337,223.52859497070312,224.39866638183594,251.9174346923828,243.61062622070312,9
Flickr30K/3243588540.jpg,/content/Image_captioning_Local/Flickr30K/flickr30k_images/flickr30k_images/3243588540.jpg,person,0.5847680568695068,102.37517547607422,0.567704439163208,236.552001953125,135.8257598876953,9
Flickr30K/3243588540.jpg,/content/Image_captioning_Local/Flickr30K/flickr30k_images/flickr30k_images/3243588540.jpg,chair,0.2763751447200775,0.0,204.47738647460938,36.28998565673828,270.147216796875,9
Flickr30K/3243588540.jpg,/content/Image_captioning_Local/Flickr30K/flickr30k_images/flickr30k_images/3243588540.jpg,bowl,0.26334917545318604,253.812744140625,188.10694885253906,297.3712463378906,219.6979217529297,9
Flickr30K/3243591844.jpg,/content/Image_captioning_Local/Flickr30K/flickr30k_images/flickr30k_images/3243591844.jpg,person,0.9119876027107239,343.32623291015625,66.65058135986328,461.4463195800781,358.2634582519531,11
Flickr30K/3243591844.jpg,/content/Image_captioning_Local/Flickr30K/flickr30k_images/flickr30k_images/3243591844.jpg,person,0.9031108021736145,35.22309112548828,121.82231140136719,128.04345703125,354.52447509765625,11
Flickr30K/3243591844.jpg,/content/Image_captioning_Local/Flickr30K/flickr30k_images/flickr30k_images/3243591844.jpg,person,0.8058117032051086,84.71078491210938,32.53345489501953,224.45703125,381.3575744628906,11
Flickr30K/3243591844.jpg,/content/Image_captioning_Local/Flickr30K/flickr30k_images/flickr30k_images/3243591844.jpg,person,0.7886648774147034,0.062015652656555176,258.70599365234375,41.56639862060547,348.9271240234375,11
Flickr30K/3243591844.jpg,/content/Image_captioning_Local/Flickr30K/flickr30k_images/flickr30k_images/3243591844.jpg,person,0.7867071032524109,99.39818572998047,25.316322326660156,364.2862854003906,385.1142883300781,11
Flickr30K/3243591844.jpg,/content/Image_captioning_Local/Flickr30K/flickr30k_images/flickr30k_images/3243591844.jpg,person,0.7214744687080383,331.80718994140625,226.1912841796875,367.3062744140625,341.7675476074219,11
Flickr30K/3243591844.jpg,/content/Image_captioning_Local/Flickr30K/flickr30k_images/flickr30k_images/3243591844.jpg,person,0.7206293344497681,181.8662109375,24.417400360107422,363.2815246582031,386.1043395996094,11
Flickr30K/3243591844.jpg,/content/Image_captioning_Local/Flickr30K/flickr30k_images/flickr30k_images/3243591844.jpg,person,0.7024815678596497,299.32208251953125,233.3629150390625,345.6612548828125,341.052001953125,11
Flickr30K/3243591844.jpg,/content/Image_captioning_Local/Flickr30K/flickr30k_images/flickr30k_images/3243591844.jpg,person,0.6337326169013977,280.547607421875,189.54000854492188,312.589111328125,270.1447448730469,11
Flickr30K/3243591844.jpg,/content/Image_captioning_Local/Flickr30K/flickr30k_images/flickr30k_images/3243591844.jpg,person,0.339265376329422,428.08026123046875,178.9428253173828,476.09136962890625,238.90948486328125,11
Flickr30K/3243591844.jpg,/content/Image_captioning_Local/Flickr30K/flickr30k_images/flickr30k_images/3243591844.jpg,person,0.31107398867607117,36.01862335205078,213.8258514404297,61.266197204589844,318.43170166015625,11
Flickr30K/3243653344.jpg,/content/Image_captioning_Local/Flickr30K/flickr30k_images/flickr30k_images/3243653344.jpg,person,0.7977098226547241,108.32569885253906,19.189144134521484,156.6793212890625,123.65243530273438,13
Flickr30K/3243653344.jpg,/content/Image_captioning_Local/Flickr30K/flickr30k_images/flickr30k_images/3243653344.jpg,person,0.7892876267433167,0.05497634410858154,105.1828384399414,22.17365264892578,209.01856994628906,13
Flickr30K/3243653344.jpg,/content/Image_captioning_Local/Flickr30K/flickr30k_images/flickr30k_images/3243653344.jpg,person,0.6724690794944763,68.02182006835938,76.86710357666016,102.19904327392578,130.24826049804688,13
Flickr30K/3243653344.jpg,/content/Image_captioning_Local/Flickr30K/flickr30k_images/flickr30k_images/3243653344.jpg,cow,0.5194096565246582,196.56651306152344,128.3033905029297,324.1000061035156,273.30316162109375,13
Flickr30K/3243653344.jpg,/content/Image_captioning_Local/Flickr30K/flickr30k_images/flickr30k_images/3243653344.jpg,person,0.4894932210445404,36.67866516113281,78.85203552246094,80.51773071289062,130.03248596191406,13
Flickr30K/3243653344.jpg,/content/Image_captioning_Local/Flickr30K/flickr30k_images/flickr30k_images/3243653344.jpg,person,0.4806636869907379,219.76470947265625,80.82001495361328,244.99215698242188,132.11529541015625,13
Flickr30K/3243653344.jpg,/content/Image_captioning_Local/Flickr30K/flickr30k_images/flickr30k_images/3243653344.jpg,person,0.47943010926246643,143.10337829589844,79.1117172241211,176.6624755859375,132.0903778076172,13
Flickr30K/3243653344.jpg,/content/Image_captioning_Local/Flickr30K/flickr30k_images/flickr30k_images/3243653344.jpg,person,0.4659965932369232,255.6590576171875,56.02397918701172,341.0381774902344,195.35699462890625,13
Flickr30K/3243653344.jpg,/content/Image_captioning_Local/Flickr30K/flickr30k_images/flickr30k_images/3243653344.jpg,person,0.45587554574012756,237.82684326171875,71.45233154296875,267.20068359375,133.0393829345703,13
Flickr30K/3243653344.jpg,/content/Image_captioning_Local/Flickr30K/flickr30k_images/flickr30k_images/3243653344.jpg,person,0.34033870697021484,238.8302764892578,71.99537658691406,267.21087646484375,115.31016540527344,13
Flickr30K/3243653344.jpg,/content/Image_captioning_Local/Flickr30K/flickr30k_images/flickr30k_images/3243653344.jpg,cow,0.31123220920562744,196.08355712890625,75.8919677734375,345.4802551269531,273.3293151855469,13
Flickr30K/3243653344.jpg,/content/Image_captioning_Local/Flickr30K/flickr30k_images/flickr30k_images/3243653344.jpg,person,0.3007740378379822,36.79423522949219,79.41291046142578,68.0465316772461,129.49850463867188,13
Flickr30K/3243653344.jpg,/content/Image_captioning_Local/Flickr30K/flickr30k_images/flickr30k_images/3243653344.jpg,person,0.2757461965084076,0.03846287727355957,86.52519989013672,25.206398010253906,131.25901794433594,13
Flickr30K/3243654292.jpg,/content/Image_captioning_Local/Flickr30K/flickr30k_images/flickr30k_images/3243654292.jpg,person,0.9242263436317444,182.6945037841797,73.94729614257812,269.0849914550781,313.8228759765625,8
Flickr30K/3243654292.jpg,/content/Image_captioning_Local/Flickr30K/flickr30k_images/flickr30k_images/3243654292.jpg,person,0.9239729642868042,314.5330810546875,111.37399291992188,421.2824401855469,331.9330749511719,8
Flickr30K/3243654292.jpg,/content/Image_captioning_Local/Flickr30K/flickr30k_images/flickr30k_images/3243654292.jpg,person,0.7765456438064575,91.34696197509766,45.99430465698242,137.50111389160156,123.5453872680664,8
Flickr30K/3243654292.jpg,/content/Image_captioning_Local/Flickr30K/flickr30k_images/flickr30k_images/3243654292.jpg,baseball glove,0.7443863749504089,248.82406616210938,196.3092803955078,288.0052185058594,233.3873748779297,8
Flickr30K/3243654292.jpg,/content/Image_captioning_Local/Flickr30K/flickr30k_images/flickr30k_images/3243654292.jpg,person,0.6993484497070312,15.442169189453125,25.410388946533203,67.67647552490234,119.93577575683594,8
Flickr30K/3243654292.jpg,/content/Image_captioning_Local/Flickr30K/flickr30k_images/flickr30k_images/3243654292.jpg,person,0.6704583168029785,228.7037353515625,11.422735214233398,299.4195556640625,161.12828063964844,8
Flickr30K/3243654292.jpg,/content/Image_captioning_Local/Flickr30K/flickr30k_images/flickr30k_images/3243654292.jpg,person,0.4817240536212921,378.439697265625,13.978219032287598,403.637451171875,108.06820678710938,8
Flickr30K/3243654292.jpg,/content/Image_captioning_Local/Flickr30K/flickr30k_images/flickr30k_images/3243654292.jpg,person,0.4580456614494324,141.386962890625,53.794979095458984,201.33023071289062,124.64527893066406,8
Flickr30K/324379212.jpg,/content/Image_captioning_Local/Flickr30K/flickr30k_images/flickr30k_images/324379212.jpg,person,0.9191852807998657,258.3204345703125,133.25314331054688,336.4742736816406,314.0495910644531,6
Flickr30K/324379212.jpg,/content/Image_captioning_Local/Flickr30K/flickr30k_images/flickr30k_images/324379212.jpg,person,0.8871926665306091,119.3165054321289,150.962158203125,203.9100341796875,277.5096435546875,6
Flickr30K/324379212.jpg,/content/Image_captioning_Local/Flickr30K/flickr30k_images/flickr30k_images/324379212.jpg,backpack,0.8378351926803589,277.7121276855469,158.05361938476562,318.6744079589844,215.2544708251953,6
Flickr30K/324379212.jpg,/content/Image_captioning_Local/Flickr30K/flickr30k_images/flickr30k_images/324379212.jpg,person,0.8286702036857605,207.89540100097656,196.91128540039062,239.31520080566406,282.16070556640625,6
Flickr30K/324379212.jpg,/content/Image_captioning_Local/Flickr30K/flickr30k_images/flickr30k_images/324379212.jpg,person,0.48934075236320496,175.19992065429688,186.722900390625,197.91781616210938,246.02713012695312,6
Flickr30K/324379212.jpg,/content/Image_captioning_Local/Flickr30K/flickr30k_images/flickr30k_images/324379212.jpg,person,0.3863803446292877,171.199462890625,187.38864135742188,202.42662048339844,277.36602783203125,6
Flickr30K/3243795337.jpg,/content/Image_captioning_Local/Flickr30K/flickr30k_images/flickr30k_images/3243795337.jpg,person,0.9260514378547668,50.02727508544922,0.39997100830078125,333.0,391.54931640625,12
Flickr30K/3243795337.jpg,/content/Image_captioning_Local/Flickr30K/flickr30k_images/flickr30k_images/3243795337.jpg,bowl,0.8688554167747498,47.23839569091797,410.5196838378906,261.08880615234375,499.7300109863281,12
Flickr30K/3243795337.jpg,/content/Image_captioning_Local/Flickr30K/flickr30k_images/flickr30k_images/3243795337.jpg,bowl,0.8565066456794739,0.19446015357971191,353.05694580078125,95.64356994628906,460.9292907714844,12
Flickr30K/3243795337.jpg,/content/Image_captioning_Local/Flickr30K/flickr30k_images/flickr30k_images/3243795337.jpg,bowl,0.7762098908424377,40.59168243408203,306.378173828125,227.20188903808594,408.319580078125,12
Flickr30K/3243795337.jpg,/content/Image_captioning_Local/Flickr30K/flickr30k_images/flickr30k_images/3243795337.jpg,dining table,0.767245352268219,0.0,272.9719543457031,331.8851318359375,499.0634460449219,12
Flickr30K/3243795337.jpg,/content/Image_captioning_Local/Flickr30K/flickr30k_images/flickr30k_images/3243795337.jpg,person,0.7637007236480713,0.0,0.23610591888427734,135.5164031982422,223.81039428710938,12
Flickr30K/3243795337.jpg,/content/Image_captioning_Local/Flickr30K/flickr30k_images/flickr30k_images/3243795337.jpg,bottle,0.736283004283905,0.0,411.0931396484375,23.042810440063477,499.8749694824219,12
Flickr30K/3243795337.jpg,/content/Image_captioning_Local/Flickr30K/flickr30k_images/flickr30k_images/3243795337.jpg,spoon,0.45096826553344727,103.92606353759766,297.78179931640625,119.53446960449219,358.67181396484375,12
Flickr30K/3243795337.jpg,/content/Image_captioning_Local/Flickr30K/flickr30k_images/flickr30k_images/3243795337.jpg,knife,0.4469696879386902,27.872730255126953,319.1008605957031,60.83805465698242,360.0699462890625,12
Flickr30K/3243795337.jpg,/content/Image_captioning_Local/Flickr30K/flickr30k_images/flickr30k_images/3243795337.jpg,person,0.4065975844860077,253.1444549560547,0.17501115798950195,333.0,64.84823608398438,12
Flickr30K/3243795337.jpg,/content/Image_captioning_Local/Flickr30K/flickr30k_images/flickr30k_images/3243795337.jpg,person,0.26934313774108887,95.0154037475586,0.1833796501159668,156.30271911621094,105.15974426269531,12
Flickr30K/3243795337.jpg,/content/Image_captioning_Local/Flickr30K/flickr30k_images/flickr30k_images/3243795337.jpg,bottle,0.26627156138420105,180.74354553222656,256.4096984863281,209.69691467285156,284.28759765625,12
Flickr30K/3243866702.jpg,/content/Image_captioning_Local/Flickr30K/flickr30k_images/flickr30k_images/3243866702.jpg,person,0.9238232374191284,337.2378845214844,0.40265321731567383,474.3260803222656,268.6737060546875,6
Flickr30K/3243866702.jpg,/content/Image_captioning_Local/Flickr30K/flickr30k_images/flickr30k_images/3243866702.jpg,person,0.8990734815597534,201.70220947265625,18.58062744140625,289.1524353027344,246.26002502441406,6
Flickr30K/3243866702.jpg,/content/Image_captioning_Local/Flickr30K/flickr30k_images/flickr30k_images/3243866702.jpg,person,0.8949140906333923,0.25932788848876953,39.937400817871094,169.73553466796875,298.9904479980469,6
Flickr30K/3243866702.jpg,/content/Image_captioning_Local/Flickr30K/flickr30k_images/flickr30k_images/3243866702.jpg,person,0.7695428729057312,166.36451721191406,0.0,280.4831848144531,197.67169189453125,6
Flickr30K/3243866702.jpg,/content/Image_captioning_Local/Flickr30K/flickr30k_images/flickr30k_images/3243866702.jpg,person,0.45670491456985474,25.042449951171875,0.060272216796875,163.99655151367188,260.57781982421875,6
Flickr30K/3243866702.jpg,/content/Image_captioning_Local/Flickr30K/flickr30k_images/flickr30k_images/3243866702.jpg,person,0.3264002799987793,26.570106506347656,0.22237300872802734,163.3915557861328,79.26657104492188,6
Flickr30K/3244171699.jpg,/content/Image_captioning_Local/Flickr30K/flickr30k_images/flickr30k_images/3244171699.jpg,person,0.9361626505851746,0.20148754119873047,90.42818450927734,145.12286376953125,270.58984375,24
Flickr30K/3244171699.jpg,/content/Image_captioning_Local/Flickr30K/flickr30k_images/flickr30k_images/3244171699.jpg,person,0.9133245944976807,252.06341552734375,49.76835250854492,499.5915832519531,353.9323425292969,24
Flickr30K/3244171699.jpg,/content/Image_captioning_Local/Flickr30K/flickr30k_images/flickr30k_images/3244171699.jpg,person,0.8047494292259216,108.52959442138672,110.69281005859375,158.94927978515625,166.842529296875,24
Flickr30K/3244171699.jpg,/content/Image_captioning_Local/Flickr30K/flickr30k_images/flickr30k_images/3244171699.jpg,dining table,0.8034420013427734,0.21903514862060547,251.489013671875,306.6258850097656,354.38226318359375,24
Flickr30K/3244171699.jpg,/content/Image_captioning_Local/Flickr30K/flickr30k_images/flickr30k_images/3244171699.jpg,person,0.8021360635757446,193.22491455078125,107.98617553710938,349.40362548828125,327.08673095703125,24
Flickr30K/3244171699.jpg,/content/Image_captioning_Local/Flickr30K/flickr30k_images/flickr30k_images/3244171699.jpg,cup,0.7207983732223511,149.10943603515625,273.3193054199219,175.6868133544922,299.87554931640625,24
Flickr30K/3244171699.jpg,/content/Image_captioning_Local/Flickr30K/flickr30k_images/flickr30k_images/3244171699.jpg,person,0.7165486216545105,202.69992065429688,118.64361572265625,228.56410217285156,157.28192138671875,24
Flickr30K/3244171699.jpg,/content/Image_captioning_Local/Flickr30K/flickr30k_images/flickr30k_images/3244171699.jpg,bowl,0.7094199657440186,33.767364501953125,256.0050964355469,73.62427520751953,279.24310302734375,24
Flickr30K/3244171699.jpg,/content/Image_captioning_Local/Flickr30K/flickr30k_images/flickr30k_images/3244171699.jpg,chair,0.707253634929657,127.8786392211914,164.75233459472656,169.90411376953125,260.21417236328125,24
Flickr30K/3244171699.jpg,/content/Image_captioning_Local/Flickr30K/flickr30k_images/flickr30k_images/3244171699.jpg,cup,0.6399061679840088,0.0,268.46002197265625,26.196592330932617,292.27117919921875,24
Flickr30K/3244171699.jpg,/content/Image_captioning_Local/Flickr30K/flickr30k_images/flickr30k_images/3244171699.jpg,bowl,0.6121774315834045,164.32911682128906,256.0589294433594,200.39779663085938,279.65484619140625,24
Flickr30K/3244171699.jpg,/content/Image_captioning_Local/Flickr30K/flickr30k_images/flickr30k_images/3244171699.jpg,dining table,0.5870940089225769,310.7485656738281,175.74139404296875,401.35711669921875,275.23907470703125,24
Flickr30K/3244171699.jpg,/content/Image_captioning_Local/Flickr30K/flickr30k_images/flickr30k_images/3244171699.jpg,cup,0.5578779578208923,183.850830078125,333.7109680175781,220.94786071777344,356.7961730957031,24
Flickr30K/3244171699.jpg,/content/Image_captioning_Local/Flickr30K/flickr30k_images/flickr30k_images/3244171699.jpg,chair,0.5314791798591614,316.3779602050781,160.96258544921875,334.1734313964844,180.37728881835938,24
Flickr30K/3244171699.jpg,/content/Image_captioning_Local/Flickr30K/flickr30k_images/flickr30k_images/3244171699.jpg,dining table,0.4762292206287384,192.4320068359375,152.00830078125,244.0310516357422,192.52581787109375,24
Flickr30K/3244171699.jpg,/content/Image_captioning_Local/Flickr30K/flickr30k_images/flickr30k_images/3244171699.jpg,chair,0.42848047614097595,170.28799438476562,156.30064392089844,188.51776123046875,245.02220153808594,24
Flickr30K/3244171699.jpg,/content/Image_captioning_Local/Flickr30K/flickr30k_images/flickr30k_images/3244171699.jpg,person,0.41397029161453247,137.292236328125,120.89712524414062,155.74832153320312,145.45933532714844,24
Flickr30K/3244171699.jpg,/content/Image_captioning_Local/Flickr30K/flickr30k_images/flickr30k_images/3244171699.jpg,person,0.3701953887939453,317.3505859375,128.64590454101562,330.6665344238281,152.02793884277344,24
Flickr30K/3244171699.jpg,/content/Image_captioning_Local/Flickr30K/flickr30k_images/flickr30k_images/3244171699.jpg,cup,0.335042268037796,164.5724334716797,255.93380737304688,200.2546844482422,280.04302978515625,24
Flickr30K/3244171699.jpg,/content/Image_captioning_Local/Flickr30K/flickr30k_images/flickr30k_images/3244171699.jpg,person,0.31051528453826904,153.59442138671875,127.2510986328125,195.3894805908203,209.43603515625,24
Flickr30K/3244171699.jpg,/content/Image_captioning_Local/Flickr30K/flickr30k_images/flickr30k_images/3244171699.jpg,person,0.30634361505508423,153.61827087402344,127.66132354736328,194.78814697265625,159.25845336914062,24
Flickr30K/3244171699.jpg,/content/Image_captioning_Local/Flickr30K/flickr30k_images/flickr30k_images/3244171699.jpg,knife,0.2866368293762207,0.011929869651794434,296.42535400390625,25.146228790283203,330.0247802734375,24
Flickr30K/3244171699.jpg,/content/Image_captioning_Local/Flickr30K/flickr30k_images/flickr30k_images/3244171699.jpg,chair,0.26656997203826904,164.39920043945312,160.3677215576172,189.53164672851562,247.77273559570312,24
Flickr30K/3244171699.jpg,/content/Image_captioning_Local/Flickr30K/flickr30k_images/flickr30k_images/3244171699.jpg,spoon,0.26410621404647827,182.78346252441406,240.21047973632812,201.3318328857422,265.3694763183594,24
Flickr30K/3244470342.jpg,/content/Image_captioning_Local/Flickr30K/flickr30k_images/flickr30k_images/3244470342.jpg,snowboard,0.9502315521240234,111.95521545410156,73.1082534790039,173.002197265625,127.22350311279297,3
Flickr30K/3244470342.jpg,/content/Image_captioning_Local/Flickr30K/flickr30k_images/flickr30k_images/3244470342.jpg,person,0.3734383285045624,142.2720184326172,80.75159454345703,186.23220825195312,111.73487854003906,3
Flickr30K/3244470342.jpg,/content/Image_captioning_Local/Flickr30K/flickr30k_images/flickr30k_images/3244470342.jpg,person,0.27720117568969727,141.8038330078125,82.34996795654297,173.6564178466797,108.2997055053711,3
Flickr30K/324450575.jpg,/content/Image_captioning_Local/Flickr30K/flickr30k_images/flickr30k_images/324450575.jpg,person,0.910366952419281,359.37005615234375,209.65829467773438,499.39727783203125,373.32281494140625,6
Flickr30K/324450575.jpg,/content/Image_captioning_Local/Flickr30K/flickr30k_images/flickr30k_images/324450575.jpg,person,0.8627105951309204,300.975830078125,224.25474548339844,367.6999206542969,372.9731140136719,6
Flickr30K/324450575.jpg,/content/Image_captioning_Local/Flickr30K/flickr30k_images/flickr30k_images/324450575.jpg,cow,0.8155407905578613,212.1171417236328,163.730712890625,305.58184814453125,312.3619079589844,6
Flickr30K/324450575.jpg,/content/Image_captioning_Local/Flickr30K/flickr30k_images/flickr30k_images/324450575.jpg,cow,0.7241553068161011,267.2119445800781,181.90765380859375,328.9202575683594,272.5283203125,6
Flickr30K/324450575.jpg,/content/Image_captioning_Local/Flickr30K/flickr30k_images/flickr30k_images/324450575.jpg,person,0.6102150678634644,480.5416564941406,180.67117309570312,499.82781982421875,369.65228271484375,6
Flickr30K/324450575.jpg,/content/Image_captioning_Local/Flickr30K/flickr30k_images/flickr30k_images/324450575.jpg,person,0.5731629133224487,480.8019714355469,179.99920654296875,499.8235778808594,305.6221618652344,6
Flickr30K/3244586044.jpg,/content/Image_captioning_Local/Flickr30K/flickr30k_images/flickr30k_images/3244586044.jpg,dog,0.894130289554596,22.13582992553711,81.5842056274414,452.4412536621094,288.879638671875,1
Flickr30K/3244632670.jpg,/content/Image_captioning_Local/Flickr30K/flickr30k_images/flickr30k_images/3244632670.jpg,person,0.8776490092277527,55.220794677734375,0.0,333.0,399.5865478515625,6
Flickr30K/3244632670.jpg,/content/Image_captioning_Local/Flickr30K/flickr30k_images/flickr30k_images/3244632670.jpg,person,0.7181829214096069,0.035697221755981445,10.34649658203125,67.97254180908203,393.8289794921875,6
Flickr30K/3244632670.jpg,/content/Image_captioning_Local/Flickr30K/flickr30k_images/flickr30k_images/3244632670.jpg,bowl,0.5171908736228943,35.96461868286133,348.484619140625,263.3992614746094,488.4351806640625,6
Flickr30K/3244632670.jpg,/content/Image_captioning_Local/Flickr30K/flickr30k_images/flickr30k_images/3244632670.jpg,dining table,0.37721776962280273,0.12459754943847656,388.9432067871094,203.3536376953125,499.4306640625,6
Flickr30K/3244632670.jpg,/content/Image_captioning_Local/Flickr30K/flickr30k_images/flickr30k_images/3244632670.jpg,bowl,0.26211583614349365,37.112281799316406,392.63421630859375,259.7945556640625,488.6070251464844,6
Flickr30K/3244632670.jpg,/content/Image_captioning_Local/Flickr30K/flickr30k_images/flickr30k_images/3244632670.jpg,person,0.2562941908836365,2.104949951171875,0.13513565063476562,131.60736083984375,222.26605224609375,6
Flickr30K/3244693507.jpg,/content/Image_captioning_Local/Flickr30K/flickr30k_images/flickr30k_images/3244693507.jpg,person,0.9491163492202759,111.34147644042969,31.767702102661133,259.724609375,276.62115478515625,3
Flickr30K/3244693507.jpg,/content/Image_captioning_Local/Flickr30K/flickr30k_images/flickr30k_images/3244693507.jpg,skateboard,0.9174919724464417,55.458831787109375,272.0860595703125,243.60598754882812,385.4769592285156,3
Flickr30K/3244693507.jpg,/content/Image_captioning_Local/Flickr30K/flickr30k_images/flickr30k_images/3244693507.jpg,person,0.40702468156814575,177.68316650390625,316.4361877441406,214.04847717285156,365.9527893066406,3
Flickr30K/3244734844.jpg,/content/Image_captioning_Local/Flickr30K/flickr30k_images/flickr30k_images/3244734844.jpg,person,0.9380213618278503,245.32437133789062,0.23870468139648438,359.9867248535156,146.7469940185547,1
Flickr30K/3244747165.jpg,/content/Image_captioning_Local/Flickr30K/flickr30k_images/flickr30k_images/3244747165.jpg,person,0.8762901425361633,151.54495239257812,87.8461685180664,420.6130065917969,332.11773681640625,4
Flickr30K/3244747165.jpg,/content/Image_captioning_Local/Flickr30K/flickr30k_images/flickr30k_images/3244747165.jpg,person,0.8518186807632446,0.3005504608154297,172.0773162841797,137.28273010253906,331.86468505859375,4
Flickr30K/3244747165.jpg,/content/Image_captioning_Local/Flickr30K/flickr30k_images/flickr30k_images/3244747165.jpg,person,0.851042628288269,223.12770080566406,0.19865036010742188,499.0584716796875,326.37109375,4
Flickr30K/3244747165.jpg,/content/Image_captioning_Local/Flickr30K/flickr30k_images/flickr30k_images/3244747165.jpg,person,0.7463483214378357,31.351274490356445,27.316665649414062,179.48422241210938,251.0049285888672,4
Flickr30K/3244910944.jpg,/content/Image_captioning_Local/Flickr30K/flickr30k_images/flickr30k_images/3244910944.jpg,person,0.8960209488868713,205.8126983642578,27.72197723388672,315.3528137207031,182.201904296875,2
Flickr30K/3244910944.jpg,/content/Image_captioning_Local/Flickr30K/flickr30k_images/flickr30k_images/3244910944.jpg,motorcycle,0.8524194955825806,152.67373657226562,61.59648895263672,360.54364013671875,282.6962585449219,2
Flickr30K/3245001162.jpg,/content/Image_captioning_Local/Flickr30K/flickr30k_images/flickr30k_images/3245001162.jpg,person,0.9204476475715637,32.451393127441406,1.2718558311462402,499.0020751953125,354.5123596191406,3
Flickr30K/3245001162.jpg,/content/Image_captioning_Local/Flickr30K/flickr30k_images/flickr30k_images/3245001162.jpg,cup,0.7981604933738708,175.21810913085938,321.110595703125,271.12738037109375,357.0,3
Flickr30K/3245001162.jpg,/content/Image_captioning_Local/Flickr30K/flickr30k_images/flickr30k_images/3245001162.jpg,couch,0.29339033365249634,0.23217201232910156,175.37179565429688,448.7290954589844,354.37054443359375,3
Flickr30K/3245070961.jpg,/content/Image_captioning_Local/Flickr30K/flickr30k_images/flickr30k_images/3245070961.jpg,person,0.9418765902519226,189.72096252441406,11.204004287719727,491.87615966796875,395.4565124511719,1
Flickr30K/3245250964.jpg,/content/Image_captioning_Local/Flickr30K/flickr30k_images/flickr30k_images/3245250964.jpg,sports ball,0.9220682382583618,242.0992431640625,51.628910064697266,291.2543640136719,101.51248168945312,10
Flickr30K/3245250964.jpg,/content/Image_captioning_Local/Flickr30K/flickr30k_images/flickr30k_images/3245250964.jpg,person,0.8989248871803284,5.78916072845459,5.539608001708984,166.67727661132812,496.2637023925781,10
Flickr30K/3245250964.jpg,/content/Image_captioning_Local/Flickr30K/flickr30k_images/flickr30k_images/3245250964.jpg,person,0.8766990303993225,93.6727294921875,71.38108825683594,290.0153503417969,498.08111572265625,10
Flickr30K/3245250964.jpg,/content/Image_captioning_Local/Flickr30K/flickr30k_images/flickr30k_images/3245250964.jpg,person,0.5266475677490234,200.89552307128906,326.19287109375,233.88951110839844,374.8017272949219,10
Flickr30K/3245250964.jpg,/content/Image_captioning_Local/Flickr30K/flickr30k_images/flickr30k_images/3245250964.jpg,person,0.459847092628479,234.6904296875,310.2528076171875,266.3564147949219,354.1488037109375,10
Flickr30K/3245250964.jpg,/content/Image_captioning_Local/Flickr30K/flickr30k_images/flickr30k_images/3245250964.jpg,person,0.3744722902774811,236.92758178710938,286.9320373535156,269.7652587890625,326.6922607421875,10
Flickr30K/3245250964.jpg,/content/Image_captioning_Local/Flickr30K/flickr30k_images/flickr30k_images/3245250964.jpg,person,0.3669111132621765,217.8475799560547,345.6327819824219,264.5591125488281,436.4291076660156,10
Flickr30K/3245250964.jpg,/content/Image_captioning_Local/Flickr30K/flickr30k_images/flickr30k_images/3245250964.jpg,person,0.28653934597969055,0.0,329.33648681640625,26.52301788330078,499.68023681640625,10
Flickr30K/3245250964.jpg,/content/Image_captioning_Local/Flickr30K/flickr30k_images/flickr30k_images/3245250964.jpg,person,0.28364279866218567,263.5547180175781,349.3059997558594,291.4129638671875,375.602294921875,10
Flickr30K/3245250964.jpg,/content/Image_captioning_Local/Flickr30K/flickr30k_images/flickr30k_images/3245250964.jpg,person,0.2540552318096161,264.0447998046875,288.0916442871094,287.34417724609375,323.3262634277344,10
Flickr30K/3245266444.jpg,/content/Image_captioning_Local/Flickr30K/flickr30k_images/flickr30k_images/3245266444.jpg,person,0.847180962562561,158.63983154296875,64.66935729980469,364.24981689453125,282.3143615722656,4
Flickr30K/3245266444.jpg,/content/Image_captioning_Local/Flickr30K/flickr30k_images/flickr30k_images/3245266444.jpg,teddy bear,0.7554657459259033,295.1014404296875,107.80294036865234,424.16925048828125,278.1461486816406,4
Flickr30K/3245266444.jpg,/content/Image_captioning_Local/Flickr30K/flickr30k_images/flickr30k_images/3245266444.jpg,person,0.7488387227058411,299.123046875,72.5660171508789,499.6788024902344,326.7392272949219,4
Flickr30K/3245266444.jpg,/content/Image_captioning_Local/Flickr30K/flickr30k_images/flickr30k_images/3245266444.jpg,bed,0.643052875995636,0.0,5.224025249481201,492.8522644042969,326.31683349609375,4
Flickr30K/3245390207.jpg,/content/Image_captioning_Local/Flickr30K/flickr30k_images/flickr30k_images/3245390207.jpg,person,0.8906649947166443,52.58302688598633,2.8533458709716797,338.3578796386719,429.03875732421875,7
Flickr30K/3245390207.jpg,/content/Image_captioning_Local/Flickr30K/flickr30k_images/flickr30k_images/3245390207.jpg,cup,0.8541785478591919,351.0384216308594,305.6687927246094,404.54193115234375,398.1477355957031,7
Flickr30K/3245390207.jpg,/content/Image_captioning_Local/Flickr30K/flickr30k_images/flickr30k_images/3245390207.jpg,potted plant,0.6108087301254272,0.0,1.2866199016571045,66.17880249023438,98.00756072998047,7
Flickr30K/3245390207.jpg,/content/Image_captioning_Local/Flickr30K/flickr30k_images/flickr30k_images/3245390207.jpg,donut,0.4943421185016632,172.9788818359375,428.32537841796875,198.01007080078125,461.98529052734375,7
Flickr30K/3245390207.jpg,/content/Image_captioning_Local/Flickr30K/flickr30k_images/flickr30k_images/3245390207.jpg,donut,0.3932434618473053,222.92857360839844,437.21142578125,254.37265014648438,463.4980163574219,7
Flickr30K/3245390207.jpg,/content/Image_captioning_Local/Flickr30K/flickr30k_images/flickr30k_images/3245390207.jpg,donut,0.3744015097618103,217.59796142578125,408.8272705078125,249.06558227539062,437.2470397949219,7
Flickr30K/3245390207.jpg,/content/Image_captioning_Local/Flickr30K/flickr30k_images/flickr30k_images/3245390207.jpg,donut,0.34437841176986694,201.83419799804688,427.02783203125,235.7013702392578,446.9928283691406,7
Flickr30K/3245460937.jpg,/content/Image_captioning_Local/Flickr30K/flickr30k_images/flickr30k_images/3245460937.jpg,person,0.9334332942962646,64.42581176757812,54.19898223876953,213.18678283691406,422.77838134765625,3
Flickr30K/3245460937.jpg,/content/Image_captioning_Local/Flickr30K/flickr30k_images/flickr30k_images/3245460937.jpg,tennis racket,0.5350735187530518,92.58470153808594,0.08740425109863281,106.33692932128906,85.0769271850586,3
Flickr30K/3245460937.jpg,/content/Image_captioning_Local/Flickr30K/flickr30k_images/flickr30k_images/3245460937.jpg,tennis racket,0.4890664219856262,95.89629364013672,0.0,106.2633056640625,63.40576934814453,3
Flickr30K/3245504245.jpg,/content/Image_captioning_Local/Flickr30K/flickr30k_images/flickr30k_images/3245504245.jpg,person,0.93156898021698,97.43719482421875,8.38766098022461,340.8302307128906,499.30218505859375,4
Flickr30K/3245504245.jpg,/content/Image_captioning_Local/Flickr30K/flickr30k_images/flickr30k_images/3245504245.jpg,person,0.8722981810569763,0.011038780212402344,100.66960906982422,257.4892272949219,498.86785888671875,4
Flickr30K/3245504245.jpg,/content/Image_captioning_Local/Flickr30K/flickr30k_images/flickr30k_images/3245504245.jpg,person,0.8210299015045166,56.800533294677734,0.32123327255249023,158.83148193359375,124.34891510009766,4
Flickr30K/3245504245.jpg,/content/Image_captioning_Local/Flickr30K/flickr30k_images/flickr30k_images/3245504245.jpg,car,0.4280019998550415,83.72213745117188,130.57247924804688,154.71026611328125,222.44908142089844,4
Flickr30K/3245525599.jpg,/content/Image_captioning_Local/Flickr30K/flickr30k_images/flickr30k_images/3245525599.jpg,person,0.9179068207740784,62.979705810546875,108.73650360107422,213.70901489257812,371.06207275390625,13
Flickr30K/3245525599.jpg,/content/Image_captioning_Local/Flickr30K/flickr30k_images/flickr30k_images/3245525599.jpg,person,0.9056130647659302,154.06887817382812,98.77166748046875,331.9093933105469,372.1371765136719,13
Flickr30K/3245525599.jpg,/content/Image_captioning_Local/Flickr30K/flickr30k_images/flickr30k_images/3245525599.jpg,car,0.8770981431007385,387.0370788574219,233.57044982910156,454.33026123046875,280.0214538574219,13
Flickr30K/3245525599.jpg,/content/Image_captioning_Local/Flickr30K/flickr30k_images/flickr30k_images/3245525599.jpg,car,0.7847174406051636,414.1126708984375,235.93411254882812,474.4543151855469,266.68914794921875,13
Flickr30K/3245525599.jpg,/content/Image_captioning_Local/Flickr30K/flickr30k_images/flickr30k_images/3245525599.jpg,car,0.7829248905181885,320.99853515625,231.73193359375,392.8487548828125,299.519287109375,13
Flickr30K/3245525599.jpg,/content/Image_captioning_Local/Flickr30K/flickr30k_images/flickr30k_images/3245525599.jpg,car,0.7634897828102112,328.50390625,225.55699157714844,406.0005187988281,280.92236328125,13
Flickr30K/3245525599.jpg,/content/Image_captioning_Local/Flickr30K/flickr30k_images/flickr30k_images/3245525599.jpg,car,0.68918776512146,443.2365417480469,237.87188720703125,495.9829406738281,264.4228515625,13
Flickr30K/3245525599.jpg,/content/Image_captioning_Local/Flickr30K/flickr30k_images/flickr30k_images/3245525599.jpg,car,0.5789457559585571,0.0,176.20730590820312,82.96477508544922,304.0787353515625,13
Flickr30K/3245525599.jpg,/content/Image_captioning_Local/Flickr30K/flickr30k_images/flickr30k_images/3245525599.jpg,person,0.5640918016433716,63.61885070800781,143.8445587158203,126.14579010009766,372.3442687988281,13
Flickr30K/3245525599.jpg,/content/Image_captioning_Local/Flickr30K/flickr30k_images/flickr30k_images/3245525599.jpg,truck,0.4897187054157257,0.14685988426208496,176.07073974609375,84.67561340332031,304.0194396972656,13
Flickr30K/3245525599.jpg,/content/Image_captioning_Local/Flickr30K/flickr30k_images/flickr30k_images/3245525599.jpg,handbag,0.47269323468208313,150.70022583007812,191.34034729003906,280.8083190917969,347.41363525390625,13
Flickr30K/3245525599.jpg,/content/Image_captioning_Local/Flickr30K/flickr30k_images/flickr30k_images/3245525599.jpg,person,0.46752455830574036,0.01344233751296997,170.9250030517578,12.150040626525879,258.140625,13
Flickr30K/3245525599.jpg,/content/Image_captioning_Local/Flickr30K/flickr30k_images/flickr30k_images/3245525599.jpg,person,0.2501172423362732,67.22950744628906,206.07972717285156,126.68070983886719,373.16546630859375,13
Flickr30K/3245545529.jpg,/content/Image_captioning_Local/Flickr30K/flickr30k_images/flickr30k_images/3245545529.jpg,person,0.9371163249015808,179.3092041015625,45.67195129394531,308.83270263671875,210.52980041503906,2
Flickr30K/3245545529.jpg,/content/Image_captioning_Local/Flickr30K/flickr30k_images/flickr30k_images/3245545529.jpg,bench,0.514633297920227,4.80523681640625,97.27554321289062,77.1293716430664,133.62582397460938,2
Flickr30K/3245912109.jpg,/content/Image_captioning_Local/Flickr30K/flickr30k_images/flickr30k_images/3245912109.jpg,person,0.8885245323181152,184.80120849609375,141.430908203125,242.671875,317.4462890625,17
Flickr30K/3245912109.jpg,/content/Image_captioning_Local/Flickr30K/flickr30k_images/flickr30k_images/3245912109.jpg,person,0.8838642239570618,57.070804595947266,138.9451904296875,122.13997650146484,313.1041564941406,17
Flickr30K/3245912109.jpg,/content/Image_captioning_Local/Flickr30K/flickr30k_images/flickr30k_images/3245912109.jpg,person,0.8798840045928955,322.04571533203125,113.22258758544922,425.8223571777344,332.11871337890625,17
Flickr30K/3245912109.jpg,/content/Image_captioning_Local/Flickr30K/flickr30k_images/flickr30k_images/3245912109.jpg,person,0.8303245902061462,238.08160400390625,132.6792755126953,281.03533935546875,299.9326171875,17
Flickr30K/3245912109.jpg,/content/Image_captioning_Local/Flickr30K/flickr30k_images/flickr30k_images/3245912109.jpg,person,0.793178915977478,439.5628356933594,121.44522857666016,499.8309631347656,332.7216491699219,17
Flickr30K/3245912109.jpg,/content/Image_captioning_Local/Flickr30K/flickr30k_images/flickr30k_images/3245912109.jpg,handbag,0.7104935050010681,359.3919677734375,166.3868865966797,411.8477783203125,276.37567138671875,17
Flickr30K/3245912109.jpg,/content/Image_captioning_Local/Flickr30K/flickr30k_images/flickr30k_images/3245912109.jpg,person,0.7002866864204407,293.6517639160156,126.49087524414062,329.5626525878906,257.31634521484375,17
Flickr30K/3245912109.jpg,/content/Image_captioning_Local/Flickr30K/flickr30k_images/flickr30k_images/3245912109.jpg,person,0.6196134090423584,0.013944506645202637,158.94833374023438,35.384971618652344,332.4190979003906,17
Flickr30K/3245912109.jpg,/content/Image_captioning_Local/Flickr30K/flickr30k_images/flickr30k_images/3245912109.jpg,handbag,0.508726179599762,406.4181213378906,147.25584411621094,424.9360046386719,181.86587524414062,17
Flickr30K/3245912109.jpg,/content/Image_captioning_Local/Flickr30K/flickr30k_images/flickr30k_images/3245912109.jpg,handbag,0.46998515725135803,10.97062873840332,244.03753662109375,36.53813171386719,292.87127685546875,17
Flickr30K/3245912109.jpg,/content/Image_captioning_Local/Flickr30K/flickr30k_images/flickr30k_images/3245912109.jpg,person,0.4337076246738434,391.83636474609375,127.7252197265625,433.23870849609375,230.979736328125,17
Flickr30K/3245912109.jpg,/content/Image_captioning_Local/Flickr30K/flickr30k_images/flickr30k_images/3245912109.jpg,person,0.3846549987792969,36.774845123291016,116.67301940917969,81.85169982910156,237.48291015625,17
Flickr30K/3245912109.jpg,/content/Image_captioning_Local/Flickr30K/flickr30k_images/flickr30k_images/3245912109.jpg,handbag,0.3540521562099457,427.1553039550781,183.85867309570312,458.64715576171875,251.48191833496094,17
Flickr30K/3245912109.jpg,/content/Image_captioning_Local/Flickr30K/flickr30k_images/flickr30k_images/3245912109.jpg,person,0.2967374622821808,0.06994009017944336,134.68003845214844,50.197296142578125,256.1513366699219,17
Flickr30K/3245912109.jpg,/content/Image_captioning_Local/Flickr30K/flickr30k_images/flickr30k_images/3245912109.jpg,handbag,0.2884913682937622,461.70916748046875,220.06268310546875,499.8690185546875,266.08404541015625,17
Flickr30K/3245912109.jpg,/content/Image_captioning_Local/Flickr30K/flickr30k_images/flickr30k_images/3245912109.jpg,person,0.2786458432674408,419.8746337890625,129.2003631591797,451.5000915527344,235.26153564453125,17
Flickr30K/3245912109.jpg,/content/Image_captioning_Local/Flickr30K/flickr30k_images/flickr30k_images/3245912109.jpg,handbag,0.2675107419490814,195.4459686279297,173.4142303466797,225.68911743164062,236.39297485351562,17
Flickr30K/3245939062.jpg,/content/Image_captioning_Local/Flickr30K/flickr30k_images/flickr30k_images/3245939062.jpg,person,0.8620730638504028,295.8896484375,141.72854614257812,499.4054260253906,329.1871032714844,5
Flickr30K/3245939062.jpg,/content/Image_captioning_Local/Flickr30K/flickr30k_images/flickr30k_images/3245939062.jpg,person,0.6651530265808105,111.11878967285156,79.1270751953125,318.9642028808594,329.2483215332031,5
Flickr30K/3245939062.jpg,/content/Image_captioning_Local/Flickr30K/flickr30k_images/flickr30k_images/3245939062.jpg,person,0.5465203523635864,183.85305786132812,0.8211135864257812,499.12908935546875,326.067626953125,5
Flickr30K/3245939062.jpg,/content/Image_captioning_Local/Flickr30K/flickr30k_images/flickr30k_images/3245939062.jpg,person,0.40459683537483215,53.092437744140625,30.236053466796875,185.96343994140625,329.2197265625,5
Flickr30K/3245939062.jpg,/content/Image_captioning_Local/Flickr30K/flickr30k_images/flickr30k_images/3245939062.jpg,person,0.31040146946907043,52.96144485473633,29.611719131469727,322.04693603515625,326.9068298339844,5
Flickr30K/3246016210.jpg,/content/Image_captioning_Local/Flickr30K/flickr30k_images/flickr30k_images/3246016210.jpg,person,0.922756016254425,5.851292610168457,179.75048828125,131.80245971679688,300.9589538574219,1
Flickr30K/3246190363.jpg,/content/Image_captioning_Local/Flickr30K/flickr30k_images/flickr30k_images/3246190363.jpg,dog,0.9196975231170654,124.06900024414062,176.36375427246094,249.00689697265625,225.77781677246094,1
Flickr30K/3246281818.jpg,/content/Image_captioning_Local/Flickr30K/flickr30k_images/flickr30k_images/3246281818.jpg,person,0.9563301801681519,143.26910400390625,281.7894592285156,323.3113708496094,499.5162353515625,4
Flickr30K/3246281818.jpg,/content/Image_captioning_Local/Flickr30K/flickr30k_images/flickr30k_images/3246281818.jpg,person,0.9326297044754028,22.598243713378906,314.99945068359375,131.71885681152344,499.7971496582031,4
Flickr30K/3246281818.jpg,/content/Image_captioning_Local/Flickr30K/flickr30k_images/flickr30k_images/3246281818.jpg,person,0.7922415733337402,166.01544189453125,79.27848052978516,216.7327880859375,167.01751708984375,4
Flickr30K/3246281818.jpg,/content/Image_captioning_Local/Flickr30K/flickr30k_images/flickr30k_images/3246281818.jpg,person,0.48392802476882935,96.40123748779297,70.01957702636719,145.6167449951172,157.1962890625,4
Flickr30K/3246363139.jpg,/content/Image_captioning_Local/Flickr30K/flickr30k_images/flickr30k_images/3246363139.jpg,person,0.8730637431144714,76.6876449584961,138.9901580810547,270.95648193359375,453.60101318359375,1
Flickr30K/324641725.jpg,/content/Image_captioning_Local/Flickr30K/flickr30k_images/flickr30k_images/324641725.jpg,person,0.9119757413864136,178.0560302734375,8.259737014770508,379.59442138671875,278.5069885253906,3
Flickr30K/324641725.jpg,/content/Image_captioning_Local/Flickr30K/flickr30k_images/flickr30k_images/324641725.jpg,truck,0.4418357014656067,0.4328727722167969,0.0,498.15625,278.9499816894531,3
Flickr30K/324641725.jpg,/content/Image_captioning_Local/Flickr30K/flickr30k_images/flickr30k_images/324641725.jpg,train,0.35364046692848206,2.793598175048828,6.567811965942383,500.0,278.581298828125,3
Flickr30K/324642762.jpg,/content/Image_captioning_Local/Flickr30K/flickr30k_images/flickr30k_images/324642762.jpg,person,0.7622194290161133,172.2561798095703,99.90911102294922,276.57489013671875,210.06460571289062,1
Flickr30K/3246505968.jpg,/content/Image_captioning_Local/Flickr30K/flickr30k_images/flickr30k_images/3246505968.jpg,chair,0.9319611191749573,336.9879150390625,85.24015045166016,498.3272705078125,265.6334228515625,20
Flickr30K/3246505968.jpg,/content/Image_captioning_Local/Flickr30K/flickr30k_images/flickr30k_images/3246505968.jpg,person,0.9266367554664612,36.170101165771484,11.464977264404297,335.24127197265625,267.80743408203125,20
Flickr30K/3246505968.jpg,/content/Image_captioning_Local/Flickr30K/flickr30k_images/flickr30k_images/3246505968.jpg,bowl,0.8990172743797302,95.13910675048828,232.06944274902344,312.844482421875,363.54461669921875,20
Flickr30K/3246505968.jpg,/content/Image_captioning_Local/Flickr30K/flickr30k_images/flickr30k_images/3246505968.jpg,fork,0.8396360278129578,112.12052917480469,136.0910186767578,209.5418701171875,169.03822326660156,20
Flickr30K/3246505968.jpg,/content/Image_captioning_Local/Flickr30K/flickr30k_images/flickr30k_images/3246505968.jpg,person,0.8385565876960754,316.8222351074219,0.8661985397338867,499.4875793457031,192.0438232421875,20
Flickr30K/3246505968.jpg,/content/Image_captioning_Local/Flickr30K/flickr30k_images/flickr30k_images/3246505968.jpg,person,0.7765200138092041,446.58746337890625,91.39156341552734,499.8116455078125,249.39212036132812,20
Flickr30K/3246505968.jpg,/content/Image_captioning_Local/Flickr30K/flickr30k_images/flickr30k_images/3246505968.jpg,person,0.7575523853302002,0.21289587020874023,0.3710031509399414,66.28123474121094,108.08353424072266,20
Flickr30K/3246505968.jpg,/content/Image_captioning_Local/Flickr30K/flickr30k_images/flickr30k_images/3246505968.jpg,person,0.7394095063209534,135.033447265625,0.0,307.7225036621094,69.98159790039062,20
Flickr30K/3246505968.jpg,/content/Image_captioning_Local/Flickr30K/flickr30k_images/flickr30k_images/3246505968.jpg,chair,0.6995950937271118,0.10157525539398193,65.55781555175781,22.84698486328125,126.37799072265625,20
Flickr30K/3246505968.jpg,/content/Image_captioning_Local/Flickr30K/flickr30k_images/flickr30k_images/3246505968.jpg,dining table,0.5656818747520447,4.710578918457031,255.5327911376953,497.367919921875,372.8351135253906,20
Flickr30K/3246505968.jpg,/content/Image_captioning_Local/Flickr30K/flickr30k_images/flickr30k_images/3246505968.jpg,dining table,0.558318555355072,285.27545166015625,31.016754150390625,372.9319152832031,94.32160949707031,20
Flickr30K/3246505968.jpg,/content/Image_captioning_Local/Flickr30K/flickr30k_images/flickr30k_images/3246505968.jpg,bottle,0.48397159576416016,0.18779337406158447,152.12173461914062,36.41378402709961,265.71197509765625,20
Flickr30K/3246505968.jpg,/content/Image_captioning_Local/Flickr30K/flickr30k_images/flickr30k_images/3246505968.jpg,person,0.45928096771240234,304.17266845703125,0.10608434677124023,375.22674560546875,43.63648986816406,20
Flickr30K/3246505968.jpg,/content/Image_captioning_Local/Flickr30K/flickr30k_images/flickr30k_images/3246505968.jpg,cup,0.4511984586715698,303.8057861328125,28.692167282104492,322.2367858886719,58.337188720703125,20
Flickr30K/3246505968.jpg,/content/Image_captioning_Local/Flickr30K/flickr30k_images/flickr30k_images/3246505968.jpg,cup,0.3949149549007416,332.5113220214844,32.34342956542969,362.631591796875,48.38805389404297,20
Flickr30K/3246505968.jpg,/content/Image_captioning_Local/Flickr30K/flickr30k_images/flickr30k_images/3246505968.jpg,chair,0.3566168546676636,139.43316650390625,73.4948959350586,157.901123046875,116.14702606201172,20
Flickr30K/3246505968.jpg,/content/Image_captioning_Local/Flickr30K/flickr30k_images/flickr30k_images/3246505968.jpg,dining table,0.29218941926956177,0.0,15.540820121765137,51.805030822753906,34.49734878540039,20
Flickr30K/3246505968.jpg,/content/Image_captioning_Local/Flickr30K/flickr30k_images/flickr30k_images/3246505968.jpg,person,0.2895609736442566,51.35104751586914,0.49327611923217773,110.747314453125,116.25975036621094,20
Flickr30K/3246505968.jpg,/content/Image_captioning_Local/Flickr30K/flickr30k_images/flickr30k_images/3246505968.jpg,chair,0.28299394249916077,294.4924011230469,176.44395446777344,344.841064453125,250.02322387695312,20
Flickr30K/3246505968.jpg,/content/Image_captioning_Local/Flickr30K/flickr30k_images/flickr30k_images/3246505968.jpg,dining table,0.28284862637519836,0.2909421920776367,6.174886226654053,53.338645935058594,34.71459197998047,20
Flickr30K/3246532205.jpg,/content/Image_captioning_Local/Flickr30K/flickr30k_images/flickr30k_images/3246532205.jpg,person,0.914638102054596,353.1473388671875,143.2560272216797,398.6103210449219,233.8594207763672,2
Flickr30K/3246532205.jpg,/content/Image_captioning_Local/Flickr30K/flickr30k_images/flickr30k_images/3246532205.jpg,bench,0.3485034108161926,8.257913589477539,204.97567749023438,499.52825927734375,301.6728210449219,2
Flickr30K/3246613257.jpg,/content/Image_captioning_Local/Flickr30K/flickr30k_images/flickr30k_images/3246613257.jpg,person,0.897404134273529,195.20767211914062,3.654909133911133,500.0,420.8266296386719,1
Flickr30K/3246621383.jpg,/content/Image_captioning_Local/Flickr30K/flickr30k_images/flickr30k_images/3246621383.jpg,person,0.9060133099555969,424.267822265625,227.6120147705078,464.31793212890625,330.5997009277344,8
Flickr30K/3246621383.jpg,/content/Image_captioning_Local/Flickr30K/flickr30k_images/flickr30k_images/3246621383.jpg,person,0.8935931324958801,393.4951171875,254.18539428710938,421.73809814453125,324.919189453125,8
Flickr30K/3246621383.jpg,/content/Image_captioning_Local/Flickr30K/flickr30k_images/flickr30k_images/3246621383.jpg,person,0.8925234079360962,366.5857238769531,263.1543273925781,392.6828308105469,319.97882080078125,8
Flickr30K/3246621383.jpg,/content/Image_captioning_Local/Flickr30K/flickr30k_images/flickr30k_images/3246621383.jpg,person,0.8678629398345947,314.2080383300781,275.4869079589844,332.005126953125,316.8130187988281,8
Flickr30K/3246621383.jpg,/content/Image_captioning_Local/Flickr30K/flickr30k_images/flickr30k_images/3246621383.jpg,person,0.8678208589553833,282.5762023925781,278.77008056640625,304.1043395996094,316.18255615234375,8
Flickr30K/3246621383.jpg,/content/Image_captioning_Local/Flickr30K/flickr30k_images/flickr30k_images/3246621383.jpg,person,0.8152409791946411,342.813232421875,260.3198547363281,365.92633056640625,315.9797058105469,8
Flickr30K/3246621383.jpg,/content/Image_captioning_Local/Flickr30K/flickr30k_images/flickr30k_images/3246621383.jpg,backpack,0.7575040459632874,434.89813232421875,244.9047088623047,456.3539123535156,282.3983154296875,8
Flickr30K/3246621383.jpg,/content/Image_captioning_Local/Flickr30K/flickr30k_images/flickr30k_images/3246621383.jpg,person,0.5197034478187561,336.6997375488281,278.403076171875,348.6401672363281,315.7459411621094,8
Flickr30K/3246724744.jpg,/content/Image_captioning_Local/Flickr30K/flickr30k_images/flickr30k_images/3246724744.jpg,person,0.9466923475265503,46.64654541015625,58.324588775634766,259.00811767578125,389.5185852050781,1
Flickr30K/3246773992.jpg,/content/Image_captioning_Local/Flickr30K/flickr30k_images/flickr30k_images/3246773992.jpg,person,0.8859230875968933,104.85696411132812,12.8875732421875,231.25491333007812,469.7506408691406,7
Flickr30K/3246773992.jpg,/content/Image_captioning_Local/Flickr30K/flickr30k_images/flickr30k_images/3246773992.jpg,person,0.8466954231262207,255.71270751953125,186.9894561767578,307.4956970214844,351.52630615234375,7
Flickr30K/3246773992.jpg,/content/Image_captioning_Local/Flickr30K/flickr30k_images/flickr30k_images/3246773992.jpg,person,0.832775354385376,210.278564453125,181.9708709716797,251.65672302246094,349.52105712890625,7
Flickr30K/3246773992.jpg,/content/Image_captioning_Local/Flickr30K/flickr30k_images/flickr30k_images/3246773992.jpg,person,0.6691471338272095,237.42861938476562,190.5161590576172,268.36737060546875,347.19122314453125,7
Flickr30K/3246773992.jpg,/content/Image_captioning_Local/Flickr30K/flickr30k_images/flickr30k_images/3246773992.jpg,umbrella,0.5120745301246643,235.09005737304688,113.11123657226562,379.8143310546875,173.50193786621094,7
Flickr30K/3246773992.jpg,/content/Image_captioning_Local/Flickr30K/flickr30k_images/flickr30k_images/3246773992.jpg,umbrella,0.29517117142677307,233.07562255859375,117.3145523071289,297.01470947265625,177.22103881835938,7
Flickr30K/3246773992.jpg,/content/Image_captioning_Local/Flickr30K/flickr30k_images/flickr30k_images/3246773992.jpg,person,0.2685980498790741,314.59869384765625,160.62535095214844,331.89801025390625,176.38336181640625,7
Flickr30K/3246788996.jpg,/content/Image_captioning_Local/Flickr30K/flickr30k_images/flickr30k_images/3246788996.jpg,person,0.9343650341033936,154.31744384765625,79.16302490234375,296.1532287597656,328.4501037597656,24
Flickr30K/3246788996.jpg,/content/Image_captioning_Local/Flickr30K/flickr30k_images/flickr30k_images/3246788996.jpg,person,0.927731454372406,297.7701721191406,105.30061340332031,421.37933349609375,329.3074645996094,24
Flickr30K/3246788996.jpg,/content/Image_captioning_Local/Flickr30K/flickr30k_images/flickr30k_images/3246788996.jpg,person,0.9073194861412048,58.4449462890625,54.42462158203125,181.5272979736328,327.0622253417969,24
Flickr30K/3246788996.jpg,/content/Image_captioning_Local/Flickr30K/flickr30k_images/flickr30k_images/3246788996.jpg,person,0.8195672035217285,25.77648162841797,101.67842102050781,67.29962921142578,227.05145263671875,24
Flickr30K/3246788996.jpg,/content/Image_captioning_Local/Flickr30K/flickr30k_images/flickr30k_images/3246788996.jpg,tv,0.6917731761932373,147.92640686035156,8.785587310791016,183.72711181640625,43.71800231933594,24
Flickr30K/3246788996.jpg,/content/Image_captioning_Local/Flickr30K/flickr30k_images/flickr30k_images/3246788996.jpg,handbag,0.6734068989753723,57.89142990112305,132.44285583496094,158.8651123046875,326.57684326171875,24
Flickr30K/3246788996.jpg,/content/Image_captioning_Local/Flickr30K/flickr30k_images/flickr30k_images/3246788996.jpg,person,0.6664240956306458,168.4674072265625,108.29106903076172,201.45521545410156,144.90480041503906,24
Flickr30K/3246788996.jpg,/content/Image_captioning_Local/Flickr30K/flickr30k_images/flickr30k_images/3246788996.jpg,person,0.6297973394393921,8.99850082397461,118.99592590332031,35.01895523071289,189.0645751953125,24
Flickr30K/3246788996.jpg,/content/Image_captioning_Local/Flickr30K/flickr30k_images/flickr30k_images/3246788996.jpg,couch,0.49913489818573,424.9002990722656,238.7026824951172,499.72271728515625,330.24969482421875,24
Flickr30K/3246788996.jpg,/content/Image_captioning_Local/Flickr30K/flickr30k_images/flickr30k_images/3246788996.jpg,handbag,0.49007856845855713,83.3443374633789,126.39541625976562,164.42091369628906,259.9154357910156,24
Flickr30K/3246788996.jpg,/content/Image_captioning_Local/Flickr30K/flickr30k_images/flickr30k_images/3246788996.jpg,person,0.4898538589477539,51.30945587158203,119.14191436767578,60.83062744140625,139.63780212402344,24
Flickr30K/3246788996.jpg,/content/Image_captioning_Local/Flickr30K/flickr30k_images/flickr30k_images/3246788996.jpg,tv,0.4859403669834137,306.34771728515625,11.895429611206055,357.3101501464844,83.5943603515625,24
Flickr30K/3246788996.jpg,/content/Image_captioning_Local/Flickr30K/flickr30k_images/flickr30k_images/3246788996.jpg,tv,0.4271712601184845,209.31954956054688,0.1385211944580078,240.71717834472656,26.26306915283203,24
Flickr30K/3246788996.jpg,/content/Image_captioning_Local/Flickr30K/flickr30k_images/flickr30k_images/3246788996.jpg,tv,0.42011740803718567,215.73321533203125,35.293914794921875,247.75393676757812,75.48365783691406,24
Flickr30K/3246788996.jpg,/content/Image_captioning_Local/Flickr30K/flickr30k_images/flickr30k_images/3246788996.jpg,chair,0.3825055956840515,424.86773681640625,239.62164306640625,499.90911865234375,331.0722961425781,24
Flickr30K/3246788996.jpg,/content/Image_captioning_Local/Flickr30K/flickr30k_images/flickr30k_images/3246788996.jpg,tv,0.3412246108055115,185.6373291015625,49.10185241699219,209.25181579589844,77.28083038330078,24
Flickr30K/3246788996.jpg,/content/Image_captioning_Local/Flickr30K/flickr30k_images/flickr30k_images/3246788996.jpg,chair,0.33532121777534485,285.58935546875,222.84078979492188,419.67205810546875,328.9107360839844,24
Flickr30K/3246788996.jpg,/content/Image_captioning_Local/Flickr30K/flickr30k_images/flickr30k_images/3246788996.jpg,person,0.332934707403183,157.20816040039062,104.58035278320312,173.21234130859375,122.52507019042969,24
Flickr30K/3246788996.jpg,/content/Image_captioning_Local/Flickr30K/flickr30k_images/flickr30k_images/3246788996.jpg,person,0.31217852234840393,197.66383361816406,104.34705352783203,214.8141326904297,139.48458862304688,24
Flickr30K/3246788996.jpg,/content/Image_captioning_Local/Flickr30K/flickr30k_images/flickr30k_images/3246788996.jpg,tv,0.2842079997062683,185.011474609375,44.9641227722168,216.95623779296875,79.3821792602539,24
Flickr30K/3246788996.jpg,/content/Image_captioning_Local/Flickr30K/flickr30k_images/flickr30k_images/3246788996.jpg,tv,0.2730149030685425,195.4741668701172,0.513148307800293,215.8520050048828,29.38482666015625,24
Flickr30K/3246788996.jpg,/content/Image_captioning_Local/Flickr30K/flickr30k_images/flickr30k_images/3246788996.jpg,tv,0.2686334550380707,173.9685516357422,0.8054554462432861,202.46624755859375,33.760047912597656,24
Flickr30K/3246788996.jpg,/content/Image_captioning_Local/Flickr30K/flickr30k_images/flickr30k_images/3246788996.jpg,tv,0.25435665249824524,159.70416259765625,56.00066375732422,178.8988800048828,83.2744369506836,24
Flickr30K/3246788996.jpg,/content/Image_captioning_Local/Flickr30K/flickr30k_images/flickr30k_images/3246788996.jpg,backpack,0.2517129182815552,465.9124450683594,263.5440673828125,499.82415771484375,324.7576599121094,24
Flickr30K/324680301.jpg,/content/Image_captioning_Local/Flickr30K/flickr30k_images/flickr30k_images/324680301.jpg,person,0.8536821603775024,394.7063903808594,296.42755126953125,499.7795715332031,401.9638977050781,7
Flickr30K/324680301.jpg,/content/Image_captioning_Local/Flickr30K/flickr30k_images/flickr30k_images/324680301.jpg,person,0.6932243704795837,210.08505249023438,238.9113006591797,302.2397155761719,401.9883728027344,7
Flickr30K/324680301.jpg,/content/Image_captioning_Local/Flickr30K/flickr30k_images/flickr30k_images/324680301.jpg,kite,0.6602082848548889,0.0,269.68792724609375,133.78538513183594,391.9896240234375,7
Flickr30K/324680301.jpg,/content/Image_captioning_Local/Flickr30K/flickr30k_images/flickr30k_images/324680301.jpg,person,0.6335216164588928,4.169464111328125,224.63320922851562,256.9461669921875,401.3984069824219,7
Flickr30K/324680301.jpg,/content/Image_captioning_Local/Flickr30K/flickr30k_images/flickr30k_images/324680301.jpg,person,0.6156861186027527,259.0344543457031,213.33299255371094,428.67059326171875,400.6009216308594,7
Flickr30K/324680301.jpg,/content/Image_captioning_Local/Flickr30K/flickr30k_images/flickr30k_images/324680301.jpg,person,0.40481555461883545,0.543135404586792,267.8480224609375,41.73646545410156,356.865966796875,7
Flickr30K/324680301.jpg,/content/Image_captioning_Local/Flickr30K/flickr30k_images/flickr30k_images/324680301.jpg,person,0.3836594521999359,360.2638854980469,264.67889404296875,427.9448547363281,401.22991943359375,7
Flickr30K/3246804978.jpg,/content/Image_captioning_Local/Flickr30K/flickr30k_images/flickr30k_images/3246804978.jpg,dog,0.903038501739502,29.672014236450195,108.99369812011719,120.64554595947266,172.31910705566406,9
Flickr30K/3246804978.jpg,/content/Image_captioning_Local/Flickr30K/flickr30k_images/flickr30k_images/3246804978.jpg,dog,0.8988392949104309,408.2322082519531,16.628742218017578,492.9810485839844,68.54257202148438,9
Flickr30K/3246804978.jpg,/content/Image_captioning_Local/Flickr30K/flickr30k_images/flickr30k_images/3246804978.jpg,dog,0.8983029723167419,321.1651306152344,64.10560607910156,368.71746826171875,115.03467559814453,9
Flickr30K/3246804978.jpg,/content/Image_captioning_Local/Flickr30K/flickr30k_images/flickr30k_images/3246804978.jpg,dog,0.896207332611084,143.93861389160156,51.06847381591797,224.18043518066406,115.22843933105469,9
Flickr30K/3246804978.jpg,/content/Image_captioning_Local/Flickr30K/flickr30k_images/flickr30k_images/3246804978.jpg,dog,0.8713971376419067,47.636268615722656,59.91294479370117,110.16926574707031,119.14212799072266,9
Flickr30K/3246804978.jpg,/content/Image_captioning_Local/Flickr30K/flickr30k_images/flickr30k_images/3246804978.jpg,dog,0.868325412273407,204.43983459472656,59.59892272949219,310.1484375,140.525634765625,9
Flickr30K/3246804978.jpg,/content/Image_captioning_Local/Flickr30K/flickr30k_images/flickr30k_images/3246804978.jpg,dog,0.7307394742965698,97.31547546386719,95.6198959350586,151.16665649414062,148.36041259765625,9
Flickr30K/3246804978.jpg,/content/Image_captioning_Local/Flickr30K/flickr30k_images/flickr30k_images/3246804978.jpg,dog,0.33918455243110657,213.022705078125,43.53010559082031,300.8650817871094,89.8578872680664,9
Flickr30K/3246804978.jpg,/content/Image_captioning_Local/Flickr30K/flickr30k_images/flickr30k_images/3246804978.jpg,sheep,0.2991243898868561,214.23068237304688,43.38536071777344,300.5321044921875,90.07759094238281,9
Flickr30K/3246991821.jpg,/content/Image_captioning_Local/Flickr30K/flickr30k_images/flickr30k_images/3246991821.jpg,person,0.9533916711807251,16.91126823425293,15.066289901733398,229.6752471923828,328.7476501464844,14
Flickr30K/3246991821.jpg,/content/Image_captioning_Local/Flickr30K/flickr30k_images/flickr30k_images/3246991821.jpg,bottle,0.8692319393157959,172.10128784179688,204.7679443359375,204.0518798828125,272.7287902832031,14
Flickr30K/3246991821.jpg,/content/Image_captioning_Local/Flickr30K/flickr30k_images/flickr30k_images/3246991821.jpg,person,0.6860636472702026,367.1014099121094,96.77882385253906,374.829833984375,116.82806396484375,14
Flickr30K/3246991821.jpg,/content/Image_captioning_Local/Flickr30K/flickr30k_images/flickr30k_images/3246991821.jpg,person,0.5595601201057434,272.97125244140625,86.27206420898438,282.7113037109375,104.16795349121094,14
Flickr30K/3246991821.jpg,/content/Image_captioning_Local/Flickr30K/flickr30k_images/flickr30k_images/3246991821.jpg,chair,0.4382355213165283,260.34661865234375,107.06267547607422,277.6553955078125,129.9449920654297,14
Flickr30K/3246991821.jpg,/content/Image_captioning_Local/Flickr30K/flickr30k_images/flickr30k_images/3246991821.jpg,chair,0.40075165033340454,276.0791320800781,103.03700256347656,289.54461669921875,125.09920501708984,14
Flickr30K/3246991821.jpg,/content/Image_captioning_Local/Flickr30K/flickr30k_images/flickr30k_images/3246991821.jpg,chair,0.39379701018333435,223.38629150390625,105.3385238647461,240.70306396484375,130.17320251464844,14
Flickr30K/3246991821.jpg,/content/Image_captioning_Local/Flickr30K/flickr30k_images/flickr30k_images/3246991821.jpg,chair,0.37278077006340027,297.0072326660156,104.16543579101562,315.6178894042969,126.8544921875,14
Flickr30K/3246991821.jpg,/content/Image_captioning_Local/Flickr30K/flickr30k_images/flickr30k_images/3246991821.jpg,person,0.3721778094768524,229.41259765625,84.95462036132812,242.14659118652344,106.10887908935547,14
Flickr30K/3246991821.jpg,/content/Image_captioning_Local/Flickr30K/flickr30k_images/flickr30k_images/3246991821.jpg,person,0.34903353452682495,363.2735595703125,97.52587890625,368.58544921875,114.77241516113281,14
Flickr30K/3246991821.jpg,/content/Image_captioning_Local/Flickr30K/flickr30k_images/flickr30k_images/3246991821.jpg,person,0.34401074051856995,361.5911865234375,97.52740478515625,368.20947265625,115.26493835449219,14
Flickr30K/3246991821.jpg,/content/Image_captioning_Local/Flickr30K/flickr30k_images/flickr30k_images/3246991821.jpg,chair,0.3170172870159149,203.85682678222656,103.50418090820312,222.8880157470703,132.34463500976562,14
Flickr30K/3246991821.jpg,/content/Image_captioning_Local/Flickr30K/flickr30k_images/flickr30k_images/3246991821.jpg,chair,0.2681426405906677,239.89190673828125,106.04388427734375,253.28721618652344,124.31195068359375,14
Flickr30K/3246991821.jpg,/content/Image_captioning_Local/Flickr30K/flickr30k_images/flickr30k_images/3246991821.jpg,chair,0.253667950630188,253.41940307617188,106.80152130126953,264.6531982421875,129.158203125,14
Flickr30K/3247052319.jpg,/content/Image_captioning_Local/Flickr30K/flickr30k_images/flickr30k_images/3247052319.jpg,person,0.7836312055587769,223.84182739257812,102.39071655273438,311.3071594238281,182.3117218017578,2
Flickr30K/3247052319.jpg,/content/Image_captioning_Local/Flickr30K/flickr30k_images/flickr30k_images/3247052319.jpg,motorcycle,0.6529017090797424,189.47792053222656,159.8522186279297,336.184326171875,288.43194580078125,2
Flickr30K/3247168324.jpg,/content/Image_captioning_Local/Flickr30K/flickr30k_images/flickr30k_images/3247168324.jpg,bus,0.9269241690635681,0.27577877044677734,18.68585968017578,222.1283416748047,162.38226318359375,6
Flickr30K/3247168324.jpg,/content/Image_captioning_Local/Flickr30K/flickr30k_images/flickr30k_images/3247168324.jpg,car,0.8557548522949219,86.85426330566406,159.36068725585938,499.5355224609375,372.6777648925781,6
Flickr30K/3247168324.jpg,/content/Image_captioning_Local/Flickr30K/flickr30k_images/flickr30k_images/3247168324.jpg,person,0.846534788608551,213.52175903320312,139.98780822753906,340.7593688964844,237.9913787841797,6
Flickr30K/3247168324.jpg,/content/Image_captioning_Local/Flickr30K/flickr30k_images/flickr30k_images/3247168324.jpg,car,0.5710322856903076,1.4767646789550781,148.21115112304688,489.2237548828125,338.4923095703125,6
Flickr30K/3247168324.jpg,/content/Image_captioning_Local/Flickr30K/flickr30k_images/flickr30k_images/3247168324.jpg,traffic light,0.5196458101272583,450.69036865234375,104.41405487060547,477.5939025878906,159.62794494628906,6
Flickr30K/3247168324.jpg,/content/Image_captioning_Local/Flickr30K/flickr30k_images/flickr30k_images/3247168324.jpg,truck,0.4331296384334564,1.3820171356201172,149.0927276611328,496.9095153808594,336.8232116699219,6
Flickr30K/3247341210.jpg,/content/Image_captioning_Local/Flickr30K/flickr30k_images/flickr30k_images/3247341210.jpg,person,0.9068768620491028,270.89324951171875,168.45164489746094,349.7075500488281,366.8569030761719,14
Flickr30K/3247341210.jpg,/content/Image_captioning_Local/Flickr30K/flickr30k_images/flickr30k_images/3247341210.jpg,person,0.8985710144042969,4.448878765106201,135.1468505859375,103.31503295898438,372.7522888183594,14
Flickr30K/3247341210.jpg,/content/Image_captioning_Local/Flickr30K/flickr30k_images/flickr30k_images/3247341210.jpg,person,0.8788354396820068,397.5020446777344,123.36016845703125,479.9490966796875,373.8450927734375,14
Flickr30K/3247341210.jpg,/content/Image_captioning_Local/Flickr30K/flickr30k_images/flickr30k_images/3247341210.jpg,person,0.8657217025756836,151.33285522460938,169.12713623046875,238.4397735595703,373.0672912597656,14
Flickr30K/3247341210.jpg,/content/Image_captioning_Local/Flickr30K/flickr30k_images/flickr30k_images/3247341210.jpg,person,0.8320990204811096,6.327718734741211,220.99147033691406,55.92000961303711,373.9259338378906,14
Flickr30K/3247341210.jpg,/content/Image_captioning_Local/Flickr30K/flickr30k_images/flickr30k_images/3247341210.jpg,person,0.7986800074577332,299.8833312988281,2.362191677093506,433.7752380371094,308.2792663574219,14
Flickr30K/3247341210.jpg,/content/Image_captioning_Local/Flickr30K/flickr30k_images/flickr30k_images/3247341210.jpg,person,0.6400718092918396,248.68788146972656,255.31565856933594,275.7270202636719,310.37939453125,14
Flickr30K/3247341210.jpg,/content/Image_captioning_Local/Flickr30K/flickr30k_images/flickr30k_images/3247341210.jpg,person,0.5966477394104004,459.4723815917969,221.3570556640625,476.19677734375,264.4906005859375,14
Flickr30K/3247341210.jpg,/content/Image_captioning_Local/Flickr30K/flickr30k_images/flickr30k_images/3247341210.jpg,person,0.5319576263427734,277.9448547363281,255.14344787597656,300.0328063964844,312.3963317871094,14
Flickr30K/3247341210.jpg,/content/Image_captioning_Local/Flickr30K/flickr30k_images/flickr30k_images/3247341210.jpg,person,0.4721047282218933,134.25592041015625,237.02809143066406,146.6324462890625,268.31475830078125,14
Flickr30K/3247341210.jpg,/content/Image_captioning_Local/Flickr30K/flickr30k_images/flickr30k_images/3247341210.jpg,person,0.36803939938545227,353.76055908203125,194.20704650878906,397.80419921875,361.5170593261719,14
Flickr30K/3247341210.jpg,/content/Image_captioning_Local/Flickr30K/flickr30k_images/flickr30k_images/3247341210.jpg,person,0.3515160381793976,323.7919616699219,228.89691162109375,336.6693115234375,268.5166320800781,14
Flickr30K/3247341210.jpg,/content/Image_captioning_Local/Flickr30K/flickr30k_images/flickr30k_images/3247341210.jpg,person,0.28973326086997986,487.2740173339844,232.45018005371094,499.82733154296875,282.9072570800781,14
Flickr30K/3247341210.jpg,/content/Image_captioning_Local/Flickr30K/flickr30k_images/flickr30k_images/3247341210.jpg,sports ball,0.27867621183395386,416.871826171875,169.8167266845703,444.0350646972656,193.22218322753906,14
Flickr30K/3247385464.jpg,/content/Image_captioning_Local/Flickr30K/flickr30k_images/flickr30k_images/3247385464.jpg,car,0.9086834788322449,196.669189453125,162.69700622558594,313.9219665527344,206.27243041992188,17
Flickr30K/3247385464.jpg,/content/Image_captioning_Local/Flickr30K/flickr30k_images/flickr30k_images/3247385464.jpg,person,0.8961884379386902,97.88997650146484,163.37026977539062,162.08961486816406,316.216796875,17
Flickr30K/3247385464.jpg,/content/Image_captioning_Local/Flickr30K/flickr30k_images/flickr30k_images/3247385464.jpg,person,0.8356904983520508,223.88552856445312,151.76463317871094,243.7181396484375,212.5308074951172,17
Flickr30K/3247385464.jpg,/content/Image_captioning_Local/Flickr30K/flickr30k_images/flickr30k_images/3247385464.jpg,person,0.7840655446052551,384.6238708496094,147.34768676757812,405.2809143066406,198.38108825683594,17
Flickr30K/3247385464.jpg,/content/Image_captioning_Local/Flickr30K/flickr30k_images/flickr30k_images/3247385464.jpg,traffic light,0.7366421222686768,311.7393798828125,98.62442016601562,324.4724426269531,131.83660888671875,17
Flickr30K/3247385464.jpg,/content/Image_captioning_Local/Flickr30K/flickr30k_images/flickr30k_images/3247385464.jpg,person,0.722042441368103,364.16534423828125,160.0688018798828,384.28662109375,198.5120849609375,17
Flickr30K/3247385464.jpg,/content/Image_captioning_Local/Flickr30K/flickr30k_images/flickr30k_images/3247385464.jpg,bicycle,0.6921435594558716,100.33891296386719,238.32073974609375,161.9092254638672,332.6491394042969,17
Flickr30K/3247385464.jpg,/content/Image_captioning_Local/Flickr30K/flickr30k_images/flickr30k_images/3247385464.jpg,person,0.6581781506538391,242.43316650390625,145.41629028320312,256.30950927734375,164.2629852294922,17
Flickr30K/3247385464.jpg,/content/Image_captioning_Local/Flickr30K/flickr30k_images/flickr30k_images/3247385464.jpg,person,0.6385031938552856,258.7389831542969,147.83241271972656,270.759765625,165.4442138671875,17
Flickr30K/3247385464.jpg,/content/Image_captioning_Local/Flickr30K/flickr30k_images/flickr30k_images/3247385464.jpg,person,0.6129103302955627,334.74774169921875,152.0570526123047,354.7096862792969,200.11155700683594,17
Flickr30K/3247385464.jpg,/content/Image_captioning_Local/Flickr30K/flickr30k_images/flickr30k_images/3247385464.jpg,person,0.49478214979171753,370.61737060546875,159.95399475097656,384.6103515625,197.4422149658203,17
Flickr30K/3247385464.jpg,/content/Image_captioning_Local/Flickr30K/flickr30k_images/flickr30k_images/3247385464.jpg,traffic light,0.4736712574958801,328.94110107421875,108.0531005859375,336.8348693847656,133.60548400878906,17
Flickr30K/3247385464.jpg,/content/Image_captioning_Local/Flickr30K/flickr30k_images/flickr30k_images/3247385464.jpg,traffic light,0.42966917157173157,462.7991638183594,110.07838439941406,475.1246337890625,138.62757873535156,17
Flickr30K/3247385464.jpg,/content/Image_captioning_Local/Flickr30K/flickr30k_images/flickr30k_images/3247385464.jpg,traffic light,0.3943280279636383,220.6595916748047,99.4902114868164,234.93017578125,129.62298583984375,17
Flickr30K/3247385464.jpg,/content/Image_captioning_Local/Flickr30K/flickr30k_images/flickr30k_images/3247385464.jpg,traffic light,0.385125994682312,222.11697387695312,109.45146179199219,238.63331604003906,131.2366180419922,17
Flickr30K/3247385464.jpg,/content/Image_captioning_Local/Flickr30K/flickr30k_images/flickr30k_images/3247385464.jpg,backpack,0.2968120872974396,144.81121826171875,260.931640625,156.7042999267578,300.48016357421875,17
Flickr30K/3247385464.jpg,/content/Image_captioning_Local/Flickr30K/flickr30k_images/flickr30k_images/3247385464.jpg,traffic light,0.29068130254745483,226.5433807373047,109.91914367675781,238.8741912841797,131.8738250732422,17
Flickr30K/32473949.jpg,/content/Image_captioning_Local/Flickr30K/flickr30k_images/flickr30k_images/32473949.jpg,car,0.9117316007614136,0.04749298095703125,91.53919219970703,414.1309814453125,369.5704040527344,20
Flickr30K/32473949.jpg,/content/Image_captioning_Local/Flickr30K/flickr30k_images/flickr30k_images/32473949.jpg,person,0.9115788340568542,277.48504638671875,24.980873107910156,369.7004699707031,141.87298583984375,20
Flickr30K/32473949.jpg,/content/Image_captioning_Local/Flickr30K/flickr30k_images/flickr30k_images/32473949.jpg,person,0.8866296410560608,235.94064331054688,8.173227310180664,304.3708801269531,111.3686294555664,20
Flickr30K/32473949.jpg,/content/Image_captioning_Local/Flickr30K/flickr30k_images/flickr30k_images/32473949.jpg,person,0.8826549649238586,346.9020080566406,12.92109489440918,499.6102294921875,371.5937194824219,20
Flickr30K/32473949.jpg,/content/Image_captioning_Local/Flickr30K/flickr30k_images/flickr30k_images/32473949.jpg,person,0.8783077001571655,135.1101837158203,5.740141868591309,221.80166625976562,97.38545227050781,20
Flickr30K/32473949.jpg,/content/Image_captioning_Local/Flickr30K/flickr30k_images/flickr30k_images/32473949.jpg,person,0.8422457575798035,0.17271041870117188,30.639022827148438,83.96019744873047,122.33128356933594,20
Flickr30K/32473949.jpg,/content/Image_captioning_Local/Flickr30K/flickr30k_images/flickr30k_images/32473949.jpg,car,0.8207387328147888,1.1167258024215698,0.14432668685913086,49.90452194213867,15.38485336303711,20
Flickr30K/32473949.jpg,/content/Image_captioning_Local/Flickr30K/flickr30k_images/flickr30k_images/32473949.jpg,person,0.8017792105674744,6.526577472686768,178.97352600097656,152.62608337402344,352.1579284667969,20
Flickr30K/32473949.jpg,/content/Image_captioning_Local/Flickr30K/flickr30k_images/flickr30k_images/32473949.jpg,person,0.7263979315757751,130.5279083251953,9.063887596130371,144.64920043945312,46.99444580078125,20
Flickr30K/32473949.jpg,/content/Image_captioning_Local/Flickr30K/flickr30k_images/flickr30k_images/32473949.jpg,car,0.6662917733192444,200.46029663085938,17.73947525024414,332.39923095703125,67.8135757446289,20
Flickr30K/32473949.jpg,/content/Image_captioning_Local/Flickr30K/flickr30k_images/flickr30k_images/32473949.jpg,car,0.6602866053581238,127.13103485107422,0.0,180.0332794189453,20.67531394958496,20
Flickr30K/32473949.jpg,/content/Image_captioning_Local/Flickr30K/flickr30k_images/flickr30k_images/32473949.jpg,car,0.5597692728042603,72.48345947265625,0.0,128.6508026123047,13.386797904968262,20
Flickr30K/32473949.jpg,/content/Image_captioning_Local/Flickr30K/flickr30k_images/flickr30k_images/32473949.jpg,car,0.5471651554107666,263.4474182128906,7.991647720336914,307.1849365234375,31.700754165649414,20
Flickr30K/32473949.jpg,/content/Image_captioning_Local/Flickr30K/flickr30k_images/flickr30k_images/32473949.jpg,car,0.540988028049469,298.6044921875,0.0,334.22137451171875,9.208088874816895,20
Flickr30K/32473949.jpg,/content/Image_captioning_Local/Flickr30K/flickr30k_images/flickr30k_images/32473949.jpg,car,0.4097440242767334,200.4392852783203,15.117335319519043,305.6703796386719,60.13047790527344,20
Flickr30K/32473949.jpg,/content/Image_captioning_Local/Flickr30K/flickr30k_images/flickr30k_images/32473949.jpg,sheep,0.36832892894744873,360.65496826171875,163.1195068359375,418.2830810546875,232.86695861816406,20
Flickr30K/32473949.jpg,/content/Image_captioning_Local/Flickr30K/flickr30k_images/flickr30k_images/32473949.jpg,car,0.33920156955718994,345.41632080078125,0.36742687225341797,431.0884094238281,52.78537368774414,20
Flickr30K/32473949.jpg,/content/Image_captioning_Local/Flickr30K/flickr30k_images/flickr30k_images/32473949.jpg,car,0.3260676860809326,205.37962341308594,0.0,239.339111328125,10.6309175491333,20
Flickr30K/32473949.jpg,/content/Image_captioning_Local/Flickr30K/flickr30k_images/flickr30k_images/32473949.jpg,car,0.314920037984848,338.19970703125,0.0492095947265625,353.5400390625,8.377552032470703,20
Flickr30K/32473949.jpg,/content/Image_captioning_Local/Flickr30K/flickr30k_images/flickr30k_images/32473949.jpg,car,0.2790340781211853,235.92953491210938,9.378576278686523,331.80303955078125,66.53075408935547,20
Flickr30K/3247423890.jpg,/content/Image_captioning_Local/Flickr30K/flickr30k_images/flickr30k_images/3247423890.jpg,person,0.9325138330459595,150.45518493652344,284.74188232421875,333.4831848144531,461.7393493652344,7
Flickr30K/3247423890.jpg,/content/Image_captioning_Local/Flickr30K/flickr30k_images/flickr30k_images/3247423890.jpg,sports ball,0.7270799875259399,235.44187927246094,177.60867309570312,257.7659606933594,200.37384033203125,7
Flickr30K/3247423890.jpg,/content/Image_captioning_Local/Flickr30K/flickr30k_images/flickr30k_images/3247423890.jpg,sports ball,0.6802576184272766,218.97227478027344,19.104969024658203,235.33218383789062,35.621463775634766,7
Flickr30K/3247423890.jpg,/content/Image_captioning_Local/Flickr30K/flickr30k_images/flickr30k_images/3247423890.jpg,sports ball,0.5870866179466248,237.6666717529297,95.51795959472656,256.7101745605469,112.25341796875,7
Flickr30K/3247423890.jpg,/content/Image_captioning_Local/Flickr30K/flickr30k_images/flickr30k_images/3247423890.jpg,sports ball,0.5762767195701599,289.12451171875,37.22578430175781,304.1808776855469,53.30983352661133,7
Flickr30K/3247423890.jpg,/content/Image_captioning_Local/Flickr30K/flickr30k_images/flickr30k_images/3247423890.jpg,sports ball,0.5265610218048096,184.85018920898438,75.01036834716797,202.4893035888672,92.31300354003906,7
Flickr30K/3247423890.jpg,/content/Image_captioning_Local/Flickr30K/flickr30k_images/flickr30k_images/3247423890.jpg,sports ball,0.5042108297348022,290.057373046875,230.60321044921875,310.75323486328125,250.79718017578125,7
Flickr30K/3247477917.jpg,/content/Image_captioning_Local/Flickr30K/flickr30k_images/flickr30k_images/3247477917.jpg,person,0.912221372127533,374.9059143066406,29.960369110107422,447.9524230957031,210.25436401367188,5
Flickr30K/3247477917.jpg,/content/Image_captioning_Local/Flickr30K/flickr30k_images/flickr30k_images/3247477917.jpg,bench,0.8520424962043762,282.65838623046875,208.66452026367188,499.5704650878906,339.5885009765625,5
Flickr30K/3247477917.jpg,/content/Image_captioning_Local/Flickr30K/flickr30k_images/flickr30k_images/3247477917.jpg,person,0.8397331833839417,46.90496826171875,22.271728515625,301.0142517089844,338.1097412109375,5
Flickr30K/3247477917.jpg,/content/Image_captioning_Local/Flickr30K/flickr30k_images/flickr30k_images/3247477917.jpg,person,0.5320889949798584,257.73583984375,103.74878692626953,355.914794921875,322.7378845214844,5
Flickr30K/3247477917.jpg,/content/Image_captioning_Local/Flickr30K/flickr30k_images/flickr30k_images/3247477917.jpg,cake,0.29490816593170166,151.0362548828125,131.5928955078125,315.748779296875,173.59567260742188,5
Flickr30K/3247500085.jpg,/content/Image_captioning_Local/Flickr30K/flickr30k_images/flickr30k_images/3247500085.jpg,person,0.8207988739013672,50.23381805419922,131.30064392089844,255.42437744140625,500.0,3
Flickr30K/3247500085.jpg,/content/Image_captioning_Local/Flickr30K/flickr30k_images/flickr30k_images/3247500085.jpg,person,0.5775042772293091,218.00770568847656,284.3622131347656,299.5968017578125,496.88092041015625,3
Flickr30K/3247500085.jpg,/content/Image_captioning_Local/Flickr30K/flickr30k_images/flickr30k_images/3247500085.jpg,chair,0.259801983833313,0.48370361328125,431.3043518066406,70.6659164428711,499.0113220214844,3
Flickr30K/3247598959.jpg,/content/Image_captioning_Local/Flickr30K/flickr30k_images/flickr30k_images/3247598959.jpg,dog,0.8948768973350525,253.0382080078125,167.68801879882812,337.0531005859375,218.4600067138672,4
Flickr30K/3247598959.jpg,/content/Image_captioning_Local/Flickr30K/flickr30k_images/flickr30k_images/3247598959.jpg,dog,0.8751671314239502,99.44239044189453,165.50474548339844,246.75961303710938,239.19525146484375,4
Flickr30K/3247598959.jpg,/content/Image_captioning_Local/Flickr30K/flickr30k_images/flickr30k_images/3247598959.jpg,dog,0.6836694478988647,191.12892150878906,136.91152954101562,271.270263671875,185.3465576171875,4
Flickr30K/3247598959.jpg,/content/Image_captioning_Local/Flickr30K/flickr30k_images/flickr30k_images/3247598959.jpg,dog,0.34318456053733826,191.29493713378906,137.80274963378906,271.1002197265625,218.4207000732422,4
Flickr30K/3247693965.jpg,/content/Image_captioning_Local/Flickr30K/flickr30k_images/flickr30k_images/3247693965.jpg,dog,0.8687974810600281,88.36453247070312,15.628623962402344,272.4537353515625,373.0740051269531,1
Flickr30K/3247807215.jpg,/content/Image_captioning_Local/Flickr30K/flickr30k_images/flickr30k_images/3247807215.jpg,person,0.83091139793396,285.81732177734375,114.08924865722656,417.8780517578125,227.5746307373047,12
Flickr30K/3247807215.jpg,/content/Image_captioning_Local/Flickr30K/flickr30k_images/flickr30k_images/3247807215.jpg,person,0.6212299466133118,179.0952911376953,171.32386779785156,201.8497772216797,217.5983428955078,12
Flickr30K/3247807215.jpg,/content/Image_captioning_Local/Flickr30K/flickr30k_images/flickr30k_images/3247807215.jpg,person,0.586455762386322,297.5205078125,157.9573211669922,333.9531555175781,227.24351501464844,12
Flickr30K/3247807215.jpg,/content/Image_captioning_Local/Flickr30K/flickr30k_images/flickr30k_images/3247807215.jpg,person,0.5377694964408875,129.5736846923828,168.32237243652344,153.40328979492188,227.23294067382812,12
Flickr30K/3247807215.jpg,/content/Image_captioning_Local/Flickr30K/flickr30k_images/flickr30k_images/3247807215.jpg,person,0.5262793302536011,420.7954406738281,147.43524169921875,469.7025146484375,224.0339813232422,12
Flickr30K/3247807215.jpg,/content/Image_captioning_Local/Flickr30K/flickr30k_images/flickr30k_images/3247807215.jpg,person,0.45097488164901733,105.10664367675781,130.5339813232422,133.38424682617188,228.60623168945312,12
Flickr30K/3247807215.jpg,/content/Image_captioning_Local/Flickr30K/flickr30k_images/flickr30k_images/3247807215.jpg,person,0.40936365723609924,190.1698455810547,132.6396026611328,288.70025634765625,230.06028747558594,12
Flickr30K/3247807215.jpg,/content/Image_captioning_Local/Flickr30K/flickr30k_images/flickr30k_images/3247807215.jpg,person,0.40824267268180847,88.03465270996094,136.80262756347656,111.66061401367188,163.70091247558594,12
Flickr30K/3247807215.jpg,/content/Image_captioning_Local/Flickr30K/flickr30k_images/flickr30k_images/3247807215.jpg,person,0.39101502299308777,155.9469757080078,167.64895629882812,182.7179412841797,216.22459411621094,12
Flickr30K/3247807215.jpg,/content/Image_captioning_Local/Flickr30K/flickr30k_images/flickr30k_images/3247807215.jpg,person,0.38965752720832825,78.96156311035156,131.1109619140625,133.4092559814453,228.88026428222656,12
Flickr30K/3247807215.jpg,/content/Image_captioning_Local/Flickr30K/flickr30k_images/flickr30k_images/3247807215.jpg,person,0.34781354665756226,189.04519653320312,126.88017272949219,235.59765625,227.36376953125,12
Flickr30K/3247807215.jpg,/content/Image_captioning_Local/Flickr30K/flickr30k_images/flickr30k_images/3247807215.jpg,person,0.2907176911830902,220.15443420410156,115.7430648803711,257.98187255859375,228.83177185058594,12
Flickr30K/3247865401.jpg,/content/Image_captioning_Local/Flickr30K/flickr30k_images/flickr30k_images/3247865401.jpg,person,0.938994288444519,35.76655578613281,180.87548828125,442.8141174316406,366.9556579589844,1
Flickr30K/3248040357.jpg,/content/Image_captioning_Local/Flickr30K/flickr30k_images/flickr30k_images/3248040357.jpg,person,0.9118165373802185,240.7432098388672,34.082889556884766,303.6663513183594,209.2398223876953,10
Flickr30K/3248040357.jpg,/content/Image_captioning_Local/Flickr30K/flickr30k_images/flickr30k_images/3248040357.jpg,car,0.8607698678970337,346.2702941894531,20.240449905395508,500.0,141.34288024902344,10
Flickr30K/3248040357.jpg,/content/Image_captioning_Local/Flickr30K/flickr30k_images/flickr30k_images/3248040357.jpg,snowboard,0.7723851799964905,239.65216064453125,201.04222106933594,268.6053161621094,230.99636840820312,10
Flickr30K/3248040357.jpg,/content/Image_captioning_Local/Flickr30K/flickr30k_images/flickr30k_images/3248040357.jpg,car,0.7526023983955383,443.412841796875,81.91846466064453,499.8200988769531,206.44430541992188,10
Flickr30K/3248040357.jpg,/content/Image_captioning_Local/Flickr30K/flickr30k_images/flickr30k_images/3248040357.jpg,car,0.6682230234146118,285.50775146484375,13.629770278930664,304.33538818359375,64.15354919433594,10
Flickr30K/3248040357.jpg,/content/Image_captioning_Local/Flickr30K/flickr30k_images/flickr30k_images/3248040357.jpg,car,0.6066498160362244,299.0985412597656,0.12135505676269531,403.1701965332031,90.98844909667969,10
Flickr30K/3248040357.jpg,/content/Image_captioning_Local/Flickr30K/flickr30k_images/flickr30k_images/3248040357.jpg,car,0.46170878410339355,471.90399169921875,14.910686492919922,499.81060791015625,41.39949035644531,10
Flickr30K/3248040357.jpg,/content/Image_captioning_Local/Flickr30K/flickr30k_images/flickr30k_images/3248040357.jpg,car,0.37370437383651733,268.7879638671875,14.169179916381836,293.9510498046875,45.68637466430664,10
Flickr30K/3248040357.jpg,/content/Image_captioning_Local/Flickr30K/flickr30k_images/flickr30k_images/3248040357.jpg,person,0.34166938066482544,23.064495086669922,6.852263450622559,41.051597595214844,48.423744201660156,10
Flickr30K/3248040357.jpg,/content/Image_captioning_Local/Flickr30K/flickr30k_images/flickr30k_images/3248040357.jpg,car,0.30140239000320435,426.9483642578125,12.637162208557129,472.2831726074219,22.908710479736328,10
Flickr30K/3248220732.jpg,/content/Image_captioning_Local/Flickr30K/flickr30k_images/flickr30k_images/3248220732.jpg,person,0.9130948781967163,264.1003723144531,140.5487060546875,479.104248046875,245.19442749023438,2
Flickr30K/3248220732.jpg,/content/Image_captioning_Local/Flickr30K/flickr30k_images/flickr30k_images/3248220732.jpg,backpack,0.26955801248550415,276.654296875,137.20584106445312,349.47943115234375,166.06564331054688,2
Flickr30K/3248352729.jpg,/content/Image_captioning_Local/Flickr30K/flickr30k_images/flickr30k_images/3248352729.jpg,snowboard,0.9375895261764526,59.151222229003906,129.72132873535156,209.02426147460938,206.33261108398438,2
Flickr30K/3248352729.jpg,/content/Image_captioning_Local/Flickr30K/flickr30k_images/flickr30k_images/3248352729.jpg,person,0.9191538691520691,51.7354736328125,55.229591369628906,175.44253540039062,174.87588500976562,2
Flickr30K/3248408149.jpg,/content/Image_captioning_Local/Flickr30K/flickr30k_images/flickr30k_images/3248408149.jpg,dog,0.9429137706756592,135.51902770996094,92.70172119140625,395.0184326171875,257.6791687011719,3
Flickr30K/3248408149.jpg,/content/Image_captioning_Local/Flickr30K/flickr30k_images/flickr30k_images/3248408149.jpg,dog,0.7970154881477356,44.113494873046875,165.19461059570312,120.99768829345703,234.56153869628906,3
Flickr30K/3248408149.jpg,/content/Image_captioning_Local/Flickr30K/flickr30k_images/flickr30k_images/3248408149.jpg,dog,0.5574978590011597,43.89448165893555,165.56387329101562,198.64108276367188,247.52989196777344,3
Flickr30K/3248676970.jpg,/content/Image_captioning_Local/Flickr30K/flickr30k_images/flickr30k_images/3248676970.jpg,person,0.8416615128517151,233.50157165527344,64.87848663330078,302.5162353515625,237.62796020507812,8
Flickr30K/3248676970.jpg,/content/Image_captioning_Local/Flickr30K/flickr30k_images/flickr30k_images/3248676970.jpg,person,0.7972737550735474,143.66786193847656,88.35563659667969,248.74391174316406,240.6846923828125,8
Flickr30K/3248676970.jpg,/content/Image_captioning_Local/Flickr30K/flickr30k_images/flickr30k_images/3248676970.jpg,person,0.7717409729957581,296.21826171875,56.6268310546875,350.6544494628906,237.46524047851562,8
Flickr30K/3248676970.jpg,/content/Image_captioning_Local/Flickr30K/flickr30k_images/flickr30k_images/3248676970.jpg,person,0.5511509776115417,90.59679412841797,117.37322998046875,152.385498046875,218.66416931152344,8
Flickr30K/3248676970.jpg,/content/Image_captioning_Local/Flickr30K/flickr30k_images/flickr30k_images/3248676970.jpg,person,0.374190092086792,327.5670166015625,111.18006896972656,386.3548889160156,237.1085662841797,8
Flickr30K/3248676970.jpg,/content/Image_captioning_Local/Flickr30K/flickr30k_images/flickr30k_images/3248676970.jpg,person,0.36854037642478943,90.68798065185547,104.46176147460938,163.78640747070312,239.0850067138672,8
Flickr30K/3248676970.jpg,/content/Image_captioning_Local/Flickr30K/flickr30k_images/flickr30k_images/3248676970.jpg,person,0.35487812757492065,198.39749145507812,79.34951782226562,249.63426208496094,238.78622436523438,8
Flickr30K/3248676970.jpg,/content/Image_captioning_Local/Flickr30K/flickr30k_images/flickr30k_images/3248676970.jpg,skateboard,0.3496769368648529,88.25119018554688,208.72950744628906,157.943603515625,241.65296936035156,8
Flickr30K/3248752274.jpg,/content/Image_captioning_Local/Flickr30K/flickr30k_images/flickr30k_images/3248752274.jpg,dog,0.9562655091285706,88.2618179321289,56.482933044433594,250.07102966308594,321.056640625,11
Flickr30K/3248752274.jpg,/content/Image_captioning_Local/Flickr30K/flickr30k_images/flickr30k_images/3248752274.jpg,person,0.9357620477676392,8.829670906066895,0.4694223403930664,83.23532104492188,112.4897232055664,11
Flickr30K/3248752274.jpg,/content/Image_captioning_Local/Flickr30K/flickr30k_images/flickr30k_images/3248752274.jpg,person,0.818561851978302,371.5089416503906,0.0,433.1148681640625,36.6450080871582,11
Flickr30K/3248752274.jpg,/content/Image_captioning_Local/Flickr30K/flickr30k_images/flickr30k_images/3248752274.jpg,person,0.5344855785369873,77.25590515136719,0.12814998626708984,119.61246490478516,20.28326988220215,11
Flickr30K/3248752274.jpg,/content/Image_captioning_Local/Flickr30K/flickr30k_images/flickr30k_images/3248752274.jpg,person,0.5061845183372498,478.9967041015625,0.5130589008331299,499.8153076171875,41.262935638427734,11
Flickr30K/3248752274.jpg,/content/Image_captioning_Local/Flickr30K/flickr30k_images/flickr30k_images/3248752274.jpg,person,0.483446329832077,177.31195068359375,0.0,281.84942626953125,26.392316818237305,11
Flickr30K/3248752274.jpg,/content/Image_captioning_Local/Flickr30K/flickr30k_images/flickr30k_images/3248752274.jpg,person,0.4313522279262543,300.27667236328125,0.0,358.6966857910156,32.912635803222656,11
Flickr30K/3248752274.jpg,/content/Image_captioning_Local/Flickr30K/flickr30k_images/flickr30k_images/3248752274.jpg,person,0.3877102732658386,436.88238525390625,0.07559061050415039,481.7587890625,25.04159164428711,11
Flickr30K/3248752274.jpg,/content/Image_captioning_Local/Flickr30K/flickr30k_images/flickr30k_images/3248752274.jpg,bowl,0.3326014280319214,445.8216552734375,18.13162612915039,481.1249694824219,35.917152404785156,11
Flickr30K/3248752274.jpg,/content/Image_captioning_Local/Flickr30K/flickr30k_images/flickr30k_images/3248752274.jpg,person,0.3280982971191406,176.86231994628906,0.0,227.5890350341797,25.424480438232422,11
Flickr30K/3248752274.jpg,/content/Image_captioning_Local/Flickr30K/flickr30k_images/flickr30k_images/3248752274.jpg,person,0.2849838137626648,318.85076904296875,0.17911195755004883,358.5579528808594,32.558502197265625,11
Flickr30K/3248869467.jpg,/content/Image_captioning_Local/Flickr30K/flickr30k_images/flickr30k_images/3248869467.jpg,person,0.8787289261817932,411.0613708496094,0.35445690155029297,499.8564758300781,294.5262756347656,23
Flickr30K/3248869467.jpg,/content/Image_captioning_Local/Flickr30K/flickr30k_images/flickr30k_images/3248869467.jpg,bottle,0.7755891680717468,369.6769714355469,264.8722229003906,397.5397033691406,334.7829284667969,23
Flickr30K/3248869467.jpg,/content/Image_captioning_Local/Flickr30K/flickr30k_images/flickr30k_images/3248869467.jpg,person,0.741887092590332,172.31312561035156,122.94564056396484,229.537109375,228.96609497070312,23
Flickr30K/3248869467.jpg,/content/Image_captioning_Local/Flickr30K/flickr30k_images/flickr30k_images/3248869467.jpg,person,0.7370608448982239,270.15643310546875,109.03719329833984,303.8358154296875,230.419921875,23
Flickr30K/3248869467.jpg,/content/Image_captioning_Local/Flickr30K/flickr30k_images/flickr30k_images/3248869467.jpg,person,0.6328330039978027,346.500244140625,111.43436431884766,429.0439147949219,229.6114959716797,23
Flickr30K/3248869467.jpg,/content/Image_captioning_Local/Flickr30K/flickr30k_images/flickr30k_images/3248869467.jpg,bottle,0.5420622825622559,99.15470123291016,268.7676086425781,125.47232055664062,334.5913391113281,23
Flickr30K/3248869467.jpg,/content/Image_captioning_Local/Flickr30K/flickr30k_images/flickr30k_images/3248869467.jpg,person,0.4409905970096588,102.39427185058594,154.50498962402344,123.65238952636719,215.4625244140625,23
Flickr30K/3248869467.jpg,/content/Image_captioning_Local/Flickr30K/flickr30k_images/flickr30k_images/3248869467.jpg,person,0.43101346492767334,6.725585460662842,149.93447875976562,32.12730407714844,223.20657348632812,23
Flickr30K/3248869467.jpg,/content/Image_captioning_Local/Flickr30K/flickr30k_images/flickr30k_images/3248869467.jpg,person,0.42405977845191956,58.044254302978516,146.13294982910156,76.97423553466797,217.95977783203125,23
Flickr30K/3248869467.jpg,/content/Image_captioning_Local/Flickr30K/flickr30k_images/flickr30k_images/3248869467.jpg,person,0.419128954410553,86.53732299804688,158.61549377441406,105.89360046386719,215.59762573242188,23
Flickr30K/3248869467.jpg,/content/Image_captioning_Local/Flickr30K/flickr30k_images/flickr30k_images/3248869467.jpg,person,0.40832582116127014,119.93031311035156,158.70298767089844,136.3375244140625,215.942626953125,23
Flickr30K/3248869467.jpg,/content/Image_captioning_Local/Flickr30K/flickr30k_images/flickr30k_images/3248869467.jpg,person,0.38970574736595154,142.60423278808594,161.90419006347656,156.896728515625,216.08338928222656,23
Flickr30K/3248869467.jpg,/content/Image_captioning_Local/Flickr30K/flickr30k_images/flickr30k_images/3248869467.jpg,person,0.37862464785575867,339.06707763671875,117.4520492553711,393.5523986816406,216.20301818847656,23
Flickr30K/3248869467.jpg,/content/Image_captioning_Local/Flickr30K/flickr30k_images/flickr30k_images/3248869467.jpg,kite,0.3611002564430237,84.22396087646484,232.76348876953125,145.41978454589844,301.8725280761719,23
Flickr30K/3248869467.jpg,/content/Image_captioning_Local/Flickr30K/flickr30k_images/flickr30k_images/3248869467.jpg,person,0.3595578372478485,342.14776611328125,123.67401123046875,364.79144287109375,195.33029174804688,23
Flickr30K/3248869467.jpg,/content/Image_captioning_Local/Flickr30K/flickr30k_images/flickr30k_images/3248869467.jpg,person,0.3574906289577484,44.444793701171875,156.77261352539062,61.52592468261719,218.39981079101562,23
Flickr30K/3248869467.jpg,/content/Image_captioning_Local/Flickr30K/flickr30k_images/flickr30k_images/3248869467.jpg,person,0.29857566952705383,230.64456176757812,166.5596466064453,243.32174682617188,215.65504455566406,23
Flickr30K/3248869467.jpg,/content/Image_captioning_Local/Flickr30K/flickr30k_images/flickr30k_images/3248869467.jpg,person,0.29448872804641724,24.890487670898438,147.61729431152344,51.1097412109375,220.39608764648438,23
Flickr30K/3248869467.jpg,/content/Image_captioning_Local/Flickr30K/flickr30k_images/flickr30k_images/3248869467.jpg,person,0.2919297516345978,324.72039794921875,132.80844116210938,347.48553466796875,217.9503936767578,23
Flickr30K/3248869467.jpg,/content/Image_captioning_Local/Flickr30K/flickr30k_images/flickr30k_images/3248869467.jpg,person,0.2890141010284424,240.50352478027344,158.01780700683594,256.4313659667969,214.93141174316406,23
Flickr30K/3248869467.jpg,/content/Image_captioning_Local/Flickr30K/flickr30k_images/flickr30k_images/3248869467.jpg,kite,0.2646685838699341,240.65174865722656,265.0990905761719,323.77838134765625,334.89276123046875,23
Flickr30K/3248869467.jpg,/content/Image_captioning_Local/Flickr30K/flickr30k_images/flickr30k_images/3248869467.jpg,person,0.26437005400657654,155.30429077148438,161.77049255371094,171.84231567382812,216.7624969482422,23
Flickr30K/3248869467.jpg,/content/Image_captioning_Local/Flickr30K/flickr30k_images/flickr30k_images/3248869467.jpg,person,0.2539348900318146,255.1790771484375,160.83331298828125,269.6966552734375,212.65225219726562,23
Flickr30K/3249014584.jpg,/content/Image_captioning_Local/Flickr30K/flickr30k_images/flickr30k_images/3249014584.jpg,person,0.8988572955131531,111.91451263427734,16.149187088012695,236.60044860839844,328.1847839355469,14
Flickr30K/3249014584.jpg,/content/Image_captioning_Local/Flickr30K/flickr30k_images/flickr30k_images/3249014584.jpg,snowboard,0.874572217464447,194.3911590576172,86.77931213378906,332.9198303222656,191.9381103515625,14
Flickr30K/3249014584.jpg,/content/Image_captioning_Local/Flickr30K/flickr30k_images/flickr30k_images/3249014584.jpg,person,0.8229309320449829,14.607297897338867,45.99616622924805,64.07234954833984,148.79879760742188,14
Flickr30K/3249014584.jpg,/content/Image_captioning_Local/Flickr30K/flickr30k_images/flickr30k_images/3249014584.jpg,person,0.766238808631897,237.58087158203125,35.72230529785156,272.2406311035156,123.96922302246094,14
Flickr30K/3249014584.jpg,/content/Image_captioning_Local/Flickr30K/flickr30k_images/flickr30k_images/3249014584.jpg,person,0.7502890825271606,387.21929931640625,43.71750259399414,416.6402282714844,125.13043975830078,14
Flickr30K/3249014584.jpg,/content/Image_captioning_Local/Flickr30K/flickr30k_images/flickr30k_images/3249014584.jpg,person,0.6854785680770874,57.99313735961914,55.673553466796875,86.57218170166016,145.90089416503906,14
Flickr30K/3249014584.jpg,/content/Image_captioning_Local/Flickr30K/flickr30k_images/flickr30k_images/3249014584.jpg,snowboard,0.5383888483047485,258.6642150878906,10.277295112609863,394.1117248535156,312.016357421875,14
Flickr30K/3249014584.jpg,/content/Image_captioning_Local/Flickr30K/flickr30k_images/flickr30k_images/3249014584.jpg,person,0.4832768738269806,373.1582336425781,42.047332763671875,397.7233581542969,126.4343032836914,14
Flickr30K/3249014584.jpg,/content/Image_captioning_Local/Flickr30K/flickr30k_images/flickr30k_images/3249014584.jpg,person,0.42732298374176025,82.94502258300781,71.7304916381836,113.51110076904297,144.85647583007812,14
Flickr30K/3249014584.jpg,/content/Image_captioning_Local/Flickr30K/flickr30k_images/flickr30k_images/3249014584.jpg,person,0.3982948064804077,221.16348266601562,44.581077575683594,241.63128662109375,117.04855346679688,14
Flickr30K/3249014584.jpg,/content/Image_captioning_Local/Flickr30K/flickr30k_images/flickr30k_images/3249014584.jpg,person,0.3893975615501404,261.75677490234375,38.47100830078125,292.7071228027344,108.6384506225586,14
Flickr30K/3249014584.jpg,/content/Image_captioning_Local/Flickr30K/flickr30k_images/flickr30k_images/3249014584.jpg,bench,0.3858245015144348,215.03176879882812,253.8097381591797,431.82281494140625,328.6607666015625,14
Flickr30K/3249014584.jpg,/content/Image_captioning_Local/Flickr30K/flickr30k_images/flickr30k_images/3249014584.jpg,person,0.32082751393318176,107.95264434814453,63.517486572265625,127.13351440429688,93.7066650390625,14
Flickr30K/3249014584.jpg,/content/Image_captioning_Local/Flickr30K/flickr30k_images/flickr30k_images/3249014584.jpg,person,0.2761650085449219,85.44640350341797,57.553627014160156,107.08999633789062,86.74256896972656,14
Flickr30K/3249062399.jpg,/content/Image_captioning_Local/Flickr30K/flickr30k_images/flickr30k_images/3249062399.jpg,person,0.9239869713783264,223.24676513671875,57.912349700927734,389.8630676269531,497.763427734375,8
Flickr30K/3249062399.jpg,/content/Image_captioning_Local/Flickr30K/flickr30k_images/flickr30k_images/3249062399.jpg,handbag,0.8941963315010071,42.90216064453125,255.6820831298828,88.51921844482422,345.7860412597656,8
Flickr30K/3249062399.jpg,/content/Image_captioning_Local/Flickr30K/flickr30k_images/flickr30k_images/3249062399.jpg,person,0.8823859095573425,52.80207824707031,22.915220260620117,169.04287719726562,434.110595703125,8
Flickr30K/3249062399.jpg,/content/Image_captioning_Local/Flickr30K/flickr30k_images/flickr30k_images/3249062399.jpg,person,0.8678885698318481,140.7095489501953,54.280235290527344,277.2641296386719,471.4175720214844,8
Flickr30K/3249062399.jpg,/content/Image_captioning_Local/Flickr30K/flickr30k_images/flickr30k_images/3249062399.jpg,handbag,0.6388974785804749,0.0,228.54537963867188,17.34306526184082,282.193359375,8
Flickr30K/3249062399.jpg,/content/Image_captioning_Local/Flickr30K/flickr30k_images/flickr30k_images/3249062399.jpg,handbag,0.5040561556816101,192.5223388671875,283.3514099121094,262.9075927734375,356.1158142089844,8
Flickr30K/3249062399.jpg,/content/Image_captioning_Local/Flickr30K/flickr30k_images/flickr30k_images/3249062399.jpg,umbrella,0.41162699460983276,0.09098947048187256,44.5247917175293,47.59849166870117,125.37085723876953,8
Flickr30K/3249062399.jpg,/content/Image_captioning_Local/Flickr30K/flickr30k_images/flickr30k_images/3249062399.jpg,person,0.3660794496536255,0.0,177.9366455078125,9.46362590789795,226.66688537597656,8
Flickr30K/32490830.jpg,/content/Image_captioning_Local/Flickr30K/flickr30k_images/flickr30k_images/32490830.jpg,person,0.938567042350769,386.6500549316406,1.510608196258545,499.6911926269531,369.3222961425781,6
Flickr30K/32490830.jpg,/content/Image_captioning_Local/Flickr30K/flickr30k_images/flickr30k_images/32490830.jpg,person,0.9037154912948608,28.854488372802734,2.9732704162597656,268.25799560546875,373.7060546875,6
Flickr30K/32490830.jpg,/content/Image_captioning_Local/Flickr30K/flickr30k_images/flickr30k_images/32490830.jpg,chair,0.7946338057518005,0.10146498680114746,111.4461441040039,22.9271240234375,369.3666076660156,6
Flickr30K/32490830.jpg,/content/Image_captioning_Local/Flickr30K/flickr30k_images/flickr30k_images/32490830.jpg,chair,0.6847873330116272,95.51171875,156.99481201171875,255.35426330566406,372.30206298828125,6
Flickr30K/32490830.jpg,/content/Image_captioning_Local/Flickr30K/flickr30k_images/flickr30k_images/32490830.jpg,chair,0.6125503182411194,304.5450744628906,111.25617980957031,411.72698974609375,318.22467041015625,6
Flickr30K/32490830.jpg,/content/Image_captioning_Local/Flickr30K/flickr30k_images/flickr30k_images/32490830.jpg,book,0.2739351987838745,140.19041442871094,74.65641784667969,240.79200744628906,187.8308563232422,6
Flickr30K/3249125548.jpg,/content/Image_captioning_Local/Flickr30K/flickr30k_images/flickr30k_images/3249125548.jpg,bicycle,0.9300361275672913,104.67652893066406,182.50994873046875,307.686767578125,303.6637878417969,8
Flickr30K/3249125548.jpg,/content/Image_captioning_Local/Flickr30K/flickr30k_images/flickr30k_images/3249125548.jpg,person,0.9196022152900696,135.9920196533203,103.06694793701172,263.29827880859375,293.4593505859375,8
Flickr30K/3249125548.jpg,/content/Image_captioning_Local/Flickr30K/flickr30k_images/flickr30k_images/3249125548.jpg,person,0.9110360145568848,311.33001708984375,117.69943237304688,448.56024169921875,328.92962646484375,8
Flickr30K/3249125548.jpg,/content/Image_captioning_Local/Flickr30K/flickr30k_images/flickr30k_images/3249125548.jpg,bicycle,0.8782092332839966,294.2870178222656,218.1118927001953,492.76922607421875,330.3815002441406,8
Flickr30K/3249125548.jpg,/content/Image_captioning_Local/Flickr30K/flickr30k_images/flickr30k_images/3249125548.jpg,person,0.69446861743927,234.8741455078125,87.08586883544922,274.5279235839844,141.38479614257812,8
Flickr30K/3249125548.jpg,/content/Image_captioning_Local/Flickr30K/flickr30k_images/flickr30k_images/3249125548.jpg,person,0.4312610924243927,290.1047668457031,97.56707000732422,319.741455078125,145.58868408203125,8
Flickr30K/3249125548.jpg,/content/Image_captioning_Local/Flickr30K/flickr30k_images/flickr30k_images/3249125548.jpg,person,0.2568160593509674,438.2965087890625,134.40380859375,486.17572021484375,192.50636291503906,8
Flickr30K/3249125548.jpg,/content/Image_captioning_Local/Flickr30K/flickr30k_images/flickr30k_images/3249125548.jpg,bicycle,0.25025588274002075,452.6427307128906,187.75282287597656,499.6828918457031,258.159912109375,8
Flickr30K/3249278583.jpg,/content/Image_captioning_Local/Flickr30K/flickr30k_images/flickr30k_images/3249278583.jpg,person,0.8459015488624573,89.30513763427734,124.0408935546875,113.89679718017578,192.29373168945312,5
Flickr30K/3249278583.jpg,/content/Image_captioning_Local/Flickr30K/flickr30k_images/flickr30k_images/3249278583.jpg,person,0.8071050047874451,109.36832427978516,127.74939727783203,138.8155517578125,195.00164794921875,5
Flickr30K/3249278583.jpg,/content/Image_captioning_Local/Flickr30K/flickr30k_images/flickr30k_images/3249278583.jpg,dog,0.39715635776519775,278.0388488769531,187.2720184326172,325.6075744628906,212.794921875,5
Flickr30K/3249278583.jpg,/content/Image_captioning_Local/Flickr30K/flickr30k_images/flickr30k_images/3249278583.jpg,dog,0.39672210812568665,226.16220092773438,182.2997589111328,274.9391174316406,206.89158630371094,5
Flickr30K/3249278583.jpg,/content/Image_captioning_Local/Flickr30K/flickr30k_images/flickr30k_images/3249278583.jpg,dog,0.3819662928581238,323.3757019042969,191.8660888671875,346.0587158203125,215.45521545410156,5
Flickr30K/3249597269.jpg,/content/Image_captioning_Local/Flickr30K/flickr30k_images/flickr30k_images/3249597269.jpg,dog,0.9174623489379883,207.02976989746094,49.32315444946289,448.1795654296875,151.22792053222656,1
Flickr30K/3249619521.jpg,/content/Image_captioning_Local/Flickr30K/flickr30k_images/flickr30k_images/3249619521.jpg,clock,0.7662784457206726,125.59165954589844,158.52825927734375,212.5285186767578,226.8952178955078,2
Flickr30K/3249619521.jpg,/content/Image_captioning_Local/Flickr30K/flickr30k_images/flickr30k_images/3249619521.jpg,person,0.35933977365493774,59.253692626953125,232.3372802734375,95.57583618164062,304.5217590332031,2
Flickr30K/3249624518.jpg,/content/Image_captioning_Local/Flickr30K/flickr30k_images/flickr30k_images/3249624518.jpg,person,0.8697795271873474,0.7567405700683594,0.8296489715576172,294.4158935546875,330.46484375,2
Flickr30K/3249624518.jpg,/content/Image_captioning_Local/Flickr30K/flickr30k_images/flickr30k_images/3249624518.jpg,person,0.7547322511672974,219.7093505859375,5.099725723266602,493.5438232421875,329.33587646484375,2
Flickr30K/3249723543.jpg,/content/Image_captioning_Local/Flickr30K/flickr30k_images/flickr30k_images/3249723543.jpg,person,0.9069664478302002,357.6863708496094,140.9130096435547,405.1807861328125,298.202880859375,9
Flickr30K/3249723543.jpg,/content/Image_captioning_Local/Flickr30K/flickr30k_images/flickr30k_images/3249723543.jpg,person,0.8966206312179565,247.97186279296875,131.58888244628906,290.46673583984375,225.77871704101562,9
Flickr30K/3249723543.jpg,/content/Image_captioning_Local/Flickr30K/flickr30k_images/flickr30k_images/3249723543.jpg,person,0.8882772922515869,429.927978515625,146.44212341308594,473.1245422363281,256.58380126953125,9
Flickr30K/3249723543.jpg,/content/Image_captioning_Local/Flickr30K/flickr30k_images/flickr30k_images/3249723543.jpg,car,0.8869211673736572,163.8670654296875,142.31829833984375,330.83221435546875,218.10125732421875,9
Flickr30K/3249723543.jpg,/content/Image_captioning_Local/Flickr30K/flickr30k_images/flickr30k_images/3249723543.jpg,person,0.8355400562286377,154.44577026367188,121.55602264404297,170.4838104248047,164.2360382080078,9
Flickr30K/3249723543.jpg,/content/Image_captioning_Local/Flickr30K/flickr30k_images/flickr30k_images/3249723543.jpg,car,0.8271673917770386,476.2080078125,159.67813110351562,499.82080078125,189.97315979003906,9
Flickr30K/3249723543.jpg,/content/Image_captioning_Local/Flickr30K/flickr30k_images/flickr30k_images/3249723543.jpg,car,0.7999635338783264,302.289306640625,122.64137268066406,345.6526794433594,146.38748168945312,9
Flickr30K/3249723543.jpg,/content/Image_captioning_Local/Flickr30K/flickr30k_images/flickr30k_images/3249723543.jpg,person,0.6965939998626709,108.97953796386719,119.12574768066406,125.23339080810547,159.10720825195312,9
Flickr30K/3249723543.jpg,/content/Image_captioning_Local/Flickr30K/flickr30k_images/flickr30k_images/3249723543.jpg,car,0.6900104284286499,398.45098876953125,146.4376983642578,427.13580322265625,177.57745361328125,9
Flickr30K/3249738122.jpg,/content/Image_captioning_Local/Flickr30K/flickr30k_images/flickr30k_images/3249738122.jpg,person,0.9080357551574707,61.284873962402344,60.53638458251953,241.9442596435547,271.71429443359375,19
Flickr30K/3249738122.jpg,/content/Image_captioning_Local/Flickr30K/flickr30k_images/flickr30k_images/3249738122.jpg,dog,0.8764051198959351,39.66484832763672,288.5437927246094,123.6390609741211,440.4336853027344,19
Flickr30K/3249738122.jpg,/content/Image_captioning_Local/Flickr30K/flickr30k_images/flickr30k_images/3249738122.jpg,dog,0.8714767694473267,147.66552734375,278.362548828125,258.54705810546875,408.5556945800781,19
Flickr30K/3249738122.jpg,/content/Image_captioning_Local/Flickr30K/flickr30k_images/flickr30k_images/3249738122.jpg,person,0.8093394041061401,169.45787048339844,43.316864013671875,243.19309997558594,283.101318359375,19
Flickr30K/3249738122.jpg,/content/Image_captioning_Local/Flickr30K/flickr30k_images/flickr30k_images/3249738122.jpg,dog,0.7837658524513245,242.19313049316406,249.779052734375,312.6341247558594,387.0772705078125,19
Flickr30K/3249738122.jpg,/content/Image_captioning_Local/Flickr30K/flickr30k_images/flickr30k_images/3249738122.jpg,person,0.7685089111328125,247.42164611816406,61.01383590698242,350.70513916015625,230.05862426757812,19
Flickr30K/3249738122.jpg,/content/Image_captioning_Local/Flickr30K/flickr30k_images/flickr30k_images/3249738122.jpg,person,0.7349262237548828,34.18400955200195,24.29203987121582,96.49293518066406,280.26214599609375,19
Flickr30K/3249738122.jpg,/content/Image_captioning_Local/Flickr30K/flickr30k_images/flickr30k_images/3249738122.jpg,person,0.6276439428329468,141.47596740722656,28.340959548950195,182.82513427734375,119.9991455078125,19
Flickr30K/3249738122.jpg,/content/Image_captioning_Local/Flickr30K/flickr30k_images/flickr30k_images/3249738122.jpg,person,0.6043245792388916,162.4980926513672,12.736404418945312,198.8705596923828,68.19083404541016,19
Flickr30K/3249738122.jpg,/content/Image_captioning_Local/Flickr30K/flickr30k_images/flickr30k_images/3249738122.jpg,person,0.5698796510696411,319.75164794921875,35.97328186035156,371.2510070800781,202.40084838867188,19
Flickr30K/3249738122.jpg,/content/Image_captioning_Local/Flickr30K/flickr30k_images/flickr30k_images/3249738122.jpg,person,0.5397027730941772,265.9729919433594,29.16500473022461,306.83404541015625,75.89069366455078,19
Flickr30K/3249738122.jpg,/content/Image_captioning_Local/Flickr30K/flickr30k_images/flickr30k_images/3249738122.jpg,person,0.5227829813957214,221.41368103027344,36.20954132080078,279.8343811035156,213.9920654296875,19
Flickr30K/3249738122.jpg,/content/Image_captioning_Local/Flickr30K/flickr30k_images/flickr30k_images/3249738122.jpg,dog,0.49117323756217957,60.782859802246094,244.60787963867188,159.32064819335938,398.197265625,19
Flickr30K/3249738122.jpg,/content/Image_captioning_Local/Flickr30K/flickr30k_images/flickr30k_images/3249738122.jpg,person,0.38926422595977783,86.67271423339844,8.958637237548828,145.36972045898438,88.2308349609375,19
Flickr30K/3249738122.jpg,/content/Image_captioning_Local/Flickr30K/flickr30k_images/flickr30k_images/3249738122.jpg,person,0.36763089895248413,12.235045433044434,19.328590393066406,56.523990631103516,107.82881164550781,19
Flickr30K/3249738122.jpg,/content/Image_captioning_Local/Flickr30K/flickr30k_images/flickr30k_images/3249738122.jpg,person,0.3230675160884857,0.0,74.86949157714844,33.39104461669922,269.87432861328125,19
Flickr30K/3249738122.jpg,/content/Image_captioning_Local/Flickr30K/flickr30k_images/flickr30k_images/3249738122.jpg,person,0.27648216485977173,205.46408081054688,17.68430519104004,229.5484619140625,50.30404281616211,19
Flickr30K/3249738122.jpg,/content/Image_captioning_Local/Flickr30K/flickr30k_images/flickr30k_images/3249738122.jpg,dog,0.25903573632240295,61.2529411315918,244.59024047851562,136.2514190673828,321.76776123046875,19
Flickr30K/3249738122.jpg,/content/Image_captioning_Local/Flickr30K/flickr30k_images/flickr30k_images/3249738122.jpg,person,0.25117209553718567,226.24440002441406,21.75155258178711,251.4573516845703,56.99181365966797,19
Flickr30K/3249787980.jpg,/content/Image_captioning_Local/Flickr30K/flickr30k_images/flickr30k_images/3249787980.jpg,car,0.911929726600647,12.992525100708008,212.06417846679688,350.1030578613281,346.4830322265625,2
Flickr30K/3249787980.jpg,/content/Image_captioning_Local/Flickr30K/flickr30k_images/flickr30k_images/3249787980.jpg,person,0.8797199130058289,220.74212646484375,221.0909881591797,288.5928955078125,373.2643127441406,2
Flickr30K/3249865395.jpg,/content/Image_captioning_Local/Flickr30K/flickr30k_images/flickr30k_images/3249865395.jpg,person,0.9043605327606201,336.79205322265625,38.00321960449219,469.49725341796875,303.3941650390625,11
Flickr30K/3249865395.jpg,/content/Image_captioning_Local/Flickr30K/flickr30k_images/flickr30k_images/3249865395.jpg,person,0.8998981714248657,155.71832275390625,86.51097106933594,246.89083862304688,272.9313659667969,11
Flickr30K/3249865395.jpg,/content/Image_captioning_Local/Flickr30K/flickr30k_images/flickr30k_images/3249865395.jpg,person,0.8549628853797913,235.49559020996094,28.7198543548584,330.8735046386719,313.4106140136719,11
Flickr30K/3249865395.jpg,/content/Image_captioning_Local/Flickr30K/flickr30k_images/flickr30k_images/3249865395.jpg,bench,0.819159984588623,0.12739896774291992,145.27125549316406,93.33843231201172,257.8749084472656,11
Flickr30K/3249865395.jpg,/content/Image_captioning_Local/Flickr30K/flickr30k_images/flickr30k_images/3249865395.jpg,person,0.6623865962028503,206.57186889648438,32.506954193115234,291.68701171875,303.57293701171875,11
Flickr30K/3249865395.jpg,/content/Image_captioning_Local/Flickr30K/flickr30k_images/flickr30k_images/3249865395.jpg,person,0.6489629745483398,12.162113189697266,75.5799560546875,78.95904541015625,147.72496032714844,11
Flickr30K/3249865395.jpg,/content/Image_captioning_Local/Flickr30K/flickr30k_images/flickr30k_images/3249865395.jpg,handbag,0.639605700969696,448.20709228515625,131.2772216796875,485.2173767089844,211.9767608642578,11
Flickr30K/3249865395.jpg,/content/Image_captioning_Local/Flickr30K/flickr30k_images/flickr30k_images/3249865395.jpg,bench,0.6011079549789429,80.66120910644531,149.38645935058594,181.73922729492188,217.4105224609375,11
Flickr30K/3249865395.jpg,/content/Image_captioning_Local/Flickr30K/flickr30k_images/flickr30k_images/3249865395.jpg,person,0.5943795442581177,12.209171295166016,74.92152404785156,90.4238510131836,254.5468292236328,11
Flickr30K/3249865395.jpg,/content/Image_captioning_Local/Flickr30K/flickr30k_images/flickr30k_images/3249865395.jpg,train,0.36919423937797546,416.5976867675781,10.572981834411621,499.75897216796875,145.12698364257812,11
Flickr30K/3249865395.jpg,/content/Image_captioning_Local/Flickr30K/flickr30k_images/flickr30k_images/3249865395.jpg,person,0.28518858551979065,207.65672302246094,45.4737663269043,269.4239196777344,302.4837951660156,11
Flickr30K/3249891130.jpg,/content/Image_captioning_Local/Flickr30K/flickr30k_images/flickr30k_images/3249891130.jpg,person,0.8459693193435669,131.95681762695312,72.61381530761719,312.5008239746094,495.74481201171875,5
Flickr30K/3249891130.jpg,/content/Image_captioning_Local/Flickr30K/flickr30k_images/flickr30k_images/3249891130.jpg,handbag,0.701809823513031,139.3870391845703,227.88404846191406,202.09765625,324.1746520996094,5
Flickr30K/3249891130.jpg,/content/Image_captioning_Local/Flickr30K/flickr30k_images/flickr30k_images/3249891130.jpg,person,0.656010091304779,237.3115997314453,80.70211791992188,333.0,495.184814453125,5
Flickr30K/3249891130.jpg,/content/Image_captioning_Local/Flickr30K/flickr30k_images/flickr30k_images/3249891130.jpg,person,0.6501719951629639,83.56232452392578,85.22235107421875,181.0385284423828,448.3207702636719,5
Flickr30K/3249891130.jpg,/content/Image_captioning_Local/Flickr30K/flickr30k_images/flickr30k_images/3249891130.jpg,person,0.3244176208972931,83.88326263427734,85.29328918457031,243.75912475585938,459.4490966796875,5
Flickr30K/3249891874.jpg,/content/Image_captioning_Local/Flickr30K/flickr30k_images/flickr30k_images/3249891874.jpg,person,0.8259290456771851,173.47669982910156,53.917266845703125,341.56170654296875,475.5694274902344,8
Flickr30K/3249891874.jpg,/content/Image_captioning_Local/Flickr30K/flickr30k_images/flickr30k_images/3249891874.jpg,person,0.7862643003463745,362.8329772949219,53.1834602355957,471.8438720703125,486.2301940917969,8
Flickr30K/3249891874.jpg,/content/Image_captioning_Local/Flickr30K/flickr30k_images/flickr30k_images/3249891874.jpg,person,0.724361777305603,258.61614990234375,45.69568634033203,448.70404052734375,486.41357421875,8
Flickr30K/3249891874.jpg,/content/Image_captioning_Local/Flickr30K/flickr30k_images/flickr30k_images/3249891874.jpg,handbag,0.6583407521247864,218.5477752685547,133.78009033203125,326.1791687011719,292.1011962890625,8
Flickr30K/3249891874.jpg,/content/Image_captioning_Local/Flickr30K/flickr30k_images/flickr30k_images/3249891874.jpg,person,0.44501200318336487,144.92108154296875,74.12889099121094,241.5264892578125,250.97947692871094,8
Flickr30K/3249891874.jpg,/content/Image_captioning_Local/Flickr30K/flickr30k_images/flickr30k_images/3249891874.jpg,person,0.3699754774570465,138.10887145996094,72.66835021972656,241.35861206054688,447.532470703125,8
Flickr30K/3249891874.jpg,/content/Image_captioning_Local/Flickr30K/flickr30k_images/flickr30k_images/3249891874.jpg,handbag,0.3456152081489563,403.016845703125,121.72328186035156,461.0860900878906,285.6175537109375,8
Flickr30K/3249891874.jpg,/content/Image_captioning_Local/Flickr30K/flickr30k_images/flickr30k_images/3249891874.jpg,person,0.2606430947780609,146.21762084960938,62.33982849121094,285.0052795410156,447.6163024902344,8
Flickr30K/325005410.jpg,/content/Image_captioning_Local/Flickr30K/flickr30k_images/flickr30k_images/325005410.jpg,person,0.8546012043952942,206.19935607910156,336.89508056640625,295.7069396972656,499.77789306640625,13
Flickr30K/325005410.jpg,/content/Image_captioning_Local/Flickr30K/flickr30k_images/flickr30k_images/325005410.jpg,person,0.7315785884857178,241.7327423095703,65.32182312011719,333.0,346.1466369628906,13
Flickr30K/325005410.jpg,/content/Image_captioning_Local/Flickr30K/flickr30k_images/flickr30k_images/325005410.jpg,person,0.7240281105041504,20.990753173828125,364.7028503417969,187.07037353515625,499.7317810058594,13
Flickr30K/325005410.jpg,/content/Image_captioning_Local/Flickr30K/flickr30k_images/flickr30k_images/325005410.jpg,person,0.5008420944213867,47.460914611816406,320.7636413574219,106.29219818115234,367.515625,13
Flickr30K/325005410.jpg,/content/Image_captioning_Local/Flickr30K/flickr30k_images/flickr30k_images/325005410.jpg,person,0.46070101857185364,144.63253784179688,351.9406433105469,250.72622680664062,499.7671203613281,13
Flickr30K/325005410.jpg,/content/Image_captioning_Local/Flickr30K/flickr30k_images/flickr30k_images/325005410.jpg,person,0.43041980266571045,11.36159896850586,354.7630310058594,86.16404724121094,499.8002014160156,13
Flickr30K/325005410.jpg,/content/Image_captioning_Local/Flickr30K/flickr30k_images/flickr30k_images/325005410.jpg,person,0.41814273595809937,295.8529052734375,22.044694900512695,332.9429016113281,74.32357025146484,13
Flickr30K/325005410.jpg,/content/Image_captioning_Local/Flickr30K/flickr30k_images/flickr30k_images/325005410.jpg,person,0.3220762610435486,0.0,408.0413818359375,34.628807067871094,499.8388366699219,13
Flickr30K/325005410.jpg,/content/Image_captioning_Local/Flickr30K/flickr30k_images/flickr30k_images/325005410.jpg,person,0.32028061151504517,280.60491943359375,192.32000732421875,333.0,318.8829040527344,13
Flickr30K/325005410.jpg,/content/Image_captioning_Local/Flickr30K/flickr30k_images/flickr30k_images/325005410.jpg,person,0.3090062141418457,267.041015625,347.30810546875,320.6792907714844,422.77825927734375,13
Flickr30K/325005410.jpg,/content/Image_captioning_Local/Flickr30K/flickr30k_images/flickr30k_images/325005410.jpg,person,0.2980695962905884,147.77688598632812,200.33917236328125,185.4239501953125,292.9440612792969,13
Flickr30K/325005410.jpg,/content/Image_captioning_Local/Flickr30K/flickr30k_images/flickr30k_images/325005410.jpg,person,0.27340102195739746,11.782121658325195,355.7086486816406,84.543701171875,442.3012390136719,13
Flickr30K/325005410.jpg,/content/Image_captioning_Local/Flickr30K/flickr30k_images/flickr30k_images/325005410.jpg,person,0.25115349888801575,229.21400451660156,98.35298919677734,298.5742492675781,226.89707946777344,13
Flickr30K/3250076419.jpg,/content/Image_captioning_Local/Flickr30K/flickr30k_images/flickr30k_images/3250076419.jpg,dog,0.8246538043022156,185.27536010742188,55.90473556518555,314.62115478515625,178.89857482910156,3
Flickr30K/3250076419.jpg,/content/Image_captioning_Local/Flickr30K/flickr30k_images/flickr30k_images/3250076419.jpg,dog,0.7779501080513,139.49974060058594,132.3780517578125,369.49609375,329.0278015136719,3
Flickr30K/3250076419.jpg,/content/Image_captioning_Local/Flickr30K/flickr30k_images/flickr30k_images/3250076419.jpg,dog,0.445529043674469,129.85984802246094,134.55331420898438,230.34231567382812,277.5333557128906,3
Flickr30K/325015111.jpg,/content/Image_captioning_Local/Flickr30K/flickr30k_images/flickr30k_images/325015111.jpg,person,0.9214767217636108,234.95826721191406,137.9967041015625,308.5975646972656,213.9527587890625,2
Flickr30K/325015111.jpg,/content/Image_captioning_Local/Flickr30K/flickr30k_images/flickr30k_images/325015111.jpg,person,0.9159780740737915,20.532489776611328,54.07557678222656,72.3547134399414,211.36203002929688,2
Flickr30K/3250589803.jpg,/content/Image_captioning_Local/Flickr30K/flickr30k_images/flickr30k_images/3250589803.jpg,person,0.9347783327102661,0.48286914825439453,289.0116271972656,117.97423553466797,499.47137451171875,6
Flickr30K/3250589803.jpg,/content/Image_captioning_Local/Flickr30K/flickr30k_images/flickr30k_images/3250589803.jpg,sports ball,0.9193071722984314,58.4599723815918,9.630435943603516,105.10938262939453,64.02758026123047,6
Flickr30K/3250589803.jpg,/content/Image_captioning_Local/Flickr30K/flickr30k_images/flickr30k_images/3250589803.jpg,person,0.860869288444519,109.37216186523438,175.52557373046875,279.2488708496094,499.27178955078125,6
Flickr30K/3250589803.jpg,/content/Image_captioning_Local/Flickr30K/flickr30k_images/flickr30k_images/3250589803.jpg,person,0.7456089854240417,301.43939208984375,255.5367431640625,333.0,342.0819396972656,6
Flickr30K/3250589803.jpg,/content/Image_captioning_Local/Flickr30K/flickr30k_images/flickr30k_images/3250589803.jpg,person,0.7421965599060059,208.984619140625,256.5289611816406,331.5396728515625,497.38446044921875,6
Flickr30K/3250589803.jpg,/content/Image_captioning_Local/Flickr30K/flickr30k_images/flickr30k_images/3250589803.jpg,bicycle,0.6787106990814209,6.729531288146973,140.1802520751953,131.67918395996094,228.09291076660156,6
Flickr30K/3250593457.jpg,/content/Image_captioning_Local/Flickr30K/flickr30k_images/flickr30k_images/3250593457.jpg,person,0.8903155326843262,33.65665817260742,2.1155357360839844,290.24346923828125,492.42352294921875,2
Flickr30K/3250593457.jpg,/content/Image_captioning_Local/Flickr30K/flickr30k_images/flickr30k_images/3250593457.jpg,person,0.788331151008606,72.68526458740234,172.704833984375,286.2218017578125,496.29693603515625,2
Flickr30K/3250604628.jpg,/content/Image_captioning_Local/Flickr30K/flickr30k_images/flickr30k_images/3250604628.jpg,car,0.941421627998352,53.4952392578125,61.66496276855469,213.6382293701172,147.4669952392578,7
Flickr30K/3250604628.jpg,/content/Image_captioning_Local/Flickr30K/flickr30k_images/flickr30k_images/3250604628.jpg,person,0.891538679599762,253.3497772216797,126.67207336425781,373.5069885253906,222.29795837402344,7
Flickr30K/3250604628.jpg,/content/Image_captioning_Local/Flickr30K/flickr30k_images/flickr30k_images/3250604628.jpg,person,0.8878396153450012,320.87200927734375,60.39214324951172,370.1729736328125,140.34524536132812,7
Flickr30K/3250604628.jpg,/content/Image_captioning_Local/Flickr30K/flickr30k_images/flickr30k_images/3250604628.jpg,person,0.8588348031044006,437.826171875,51.68082809448242,470.0731201171875,129.99212646484375,7
Flickr30K/3250604628.jpg,/content/Image_captioning_Local/Flickr30K/flickr30k_images/flickr30k_images/3250604628.jpg,person,0.8257272839546204,404.06304931640625,109.8316879272461,444.5426025390625,142.37725830078125,7
Flickr30K/3250604628.jpg,/content/Image_captioning_Local/Flickr30K/flickr30k_images/flickr30k_images/3250604628.jpg,car,0.809173047542572,353.302490234375,48.29402160644531,447.80780029296875,93.40505981445312,7
Flickr30K/3250604628.jpg,/content/Image_captioning_Local/Flickr30K/flickr30k_images/flickr30k_images/3250604628.jpg,snowboard,0.2995622456073761,315.36297607421875,197.21731567382812,372.48846435546875,218.3133544921875,7
Flickr30K/3250695024.jpg,/content/Image_captioning_Local/Flickr30K/flickr30k_images/flickr30k_images/3250695024.jpg,person,0.9295304417610168,0.21620988845825195,14.811956405639648,115.89791870117188,351.9233093261719,6
Flickr30K/3250695024.jpg,/content/Image_captioning_Local/Flickr30K/flickr30k_images/flickr30k_images/3250695024.jpg,person,0.9144829511642456,252.14437866210938,88.60558319091797,381.46661376953125,355.2552185058594,6
Flickr30K/3250695024.jpg,/content/Image_captioning_Local/Flickr30K/flickr30k_images/flickr30k_images/3250695024.jpg,person,0.8658058643341064,95.80025482177734,64.94636535644531,251.658447265625,354.4477844238281,6
Flickr30K/3250695024.jpg,/content/Image_captioning_Local/Flickr30K/flickr30k_images/flickr30k_images/3250695024.jpg,person,0.8523643016815186,174.75733947753906,205.25350952148438,345.5118103027344,356.0534362792969,6
Flickr30K/3250695024.jpg,/content/Image_captioning_Local/Flickr30K/flickr30k_images/flickr30k_images/3250695024.jpg,backpack,0.5654923319816589,180.93577575683594,259.01593017578125,308.27740478515625,356.939697265625,6
Flickr30K/3250695024.jpg,/content/Image_captioning_Local/Flickr30K/flickr30k_images/flickr30k_images/3250695024.jpg,handbag,0.2988435626029968,146.9622344970703,169.39645385742188,201.76670837402344,286.8077697753906,6
Flickr30K/3250952067.jpg,/content/Image_captioning_Local/Flickr30K/flickr30k_images/flickr30k_images/3250952067.jpg,person,0.8573287129402161,279.083740234375,137.85870361328125,316.1809997558594,244.25437927246094,6
Flickr30K/3250952067.jpg,/content/Image_captioning_Local/Flickr30K/flickr30k_images/flickr30k_images/3250952067.jpg,person,0.8571348190307617,345.5047912597656,146.4091796875,377.3268127441406,215.94480895996094,6
Flickr30K/3250952067.jpg,/content/Image_captioning_Local/Flickr30K/flickr30k_images/flickr30k_images/3250952067.jpg,person,0.7160760760307312,386.1802062988281,145.1048126220703,399.25909423828125,185.06320190429688,6
Flickr30K/3250952067.jpg,/content/Image_captioning_Local/Flickr30K/flickr30k_images/flickr30k_images/3250952067.jpg,person,0.5703993439674377,31.504703521728516,146.51651000976562,41.86140441894531,171.96221923828125,6
Flickr30K/3250952067.jpg,/content/Image_captioning_Local/Flickr30K/flickr30k_images/flickr30k_images/3250952067.jpg,person,0.337372362613678,368.73980712890625,145.98214721679688,379.18316650390625,182.37945556640625,6
Flickr30K/3250952067.jpg,/content/Image_captioning_Local/Flickr30K/flickr30k_images/flickr30k_images/3250952067.jpg,person,0.31764450669288635,24.69619369506836,140.3941192626953,29.132152557373047,153.36056518554688,6
Flickr30K/3250981070.jpg,/content/Image_captioning_Local/Flickr30K/flickr30k_images/flickr30k_images/3250981070.jpg,person,0.9021523594856262,209.72366333007812,131.676513671875,278.9987487792969,336.1294860839844,7
Flickr30K/3250981070.jpg,/content/Image_captioning_Local/Flickr30K/flickr30k_images/flickr30k_images/3250981070.jpg,person,0.8763002157211304,107.31574249267578,179.56805419921875,208.67300415039062,499.62579345703125,7
Flickr30K/3250981070.jpg,/content/Image_captioning_Local/Flickr30K/flickr30k_images/flickr30k_images/3250981070.jpg,person,0.8635185956954956,26.653718948364258,31.013011932373047,174.6490936279297,464.0785217285156,7
Flickr30K/3250981070.jpg,/content/Image_captioning_Local/Flickr30K/flickr30k_images/flickr30k_images/3250981070.jpg,bottle,0.677332878112793,195.2939453125,332.9054260253906,221.55862426757812,393.3526916503906,7
Flickr30K/3250981070.jpg,/content/Image_captioning_Local/Flickr30K/flickr30k_images/flickr30k_images/3250981070.jpg,person,0.676284909248352,262.74591064453125,152.54676818847656,298.0243225097656,261.02606201171875,7
Flickr30K/3250981070.jpg,/content/Image_captioning_Local/Flickr30K/flickr30k_images/flickr30k_images/3250981070.jpg,bottle,0.44240427017211914,194.65574645996094,332.47882080078125,221.38876342773438,418.6073913574219,7
Flickr30K/3250981070.jpg,/content/Image_captioning_Local/Flickr30K/flickr30k_images/flickr30k_images/3250981070.jpg,handbag,0.2559637725353241,59.70964431762695,271.2770080566406,111.29839324951172,342.41680908203125,7
Flickr30K/3251088971.jpg,/content/Image_captioning_Local/Flickr30K/flickr30k_images/flickr30k_images/3251088971.jpg,person,0.9225547909736633,23.123001098632812,117.12635803222656,261.6490783691406,497.14068603515625,5
Flickr30K/3251088971.jpg,/content/Image_captioning_Local/Flickr30K/flickr30k_images/flickr30k_images/3251088971.jpg,cup,0.8790023922920227,57.725460052490234,246.0857391357422,97.00216674804688,324.0959777832031,5
Flickr30K/3251088971.jpg,/content/Image_captioning_Local/Flickr30K/flickr30k_images/flickr30k_images/3251088971.jpg,chair,0.46810269355773926,44.56222152709961,286.602783203125,257.1930236816406,498.3309631347656,5
Flickr30K/3251088971.jpg,/content/Image_captioning_Local/Flickr30K/flickr30k_images/flickr30k_images/3251088971.jpg,dining table,0.40462735295295715,2.664196491241455,317.8826904296875,190.30523681640625,494.33740234375,5
Flickr30K/3251088971.jpg,/content/Image_captioning_Local/Flickr30K/flickr30k_images/flickr30k_images/3251088971.jpg,chair,0.36895909905433655,212.15638732910156,286.84100341796875,255.72109985351562,393.2492370605469,5
Flickr30K/3251187785.jpg,/content/Image_captioning_Local/Flickr30K/flickr30k_images/flickr30k_images/3251187785.jpg,person,0.9326838254928589,45.293975830078125,74.24689483642578,129.36441040039062,320.2459411621094,2
Flickr30K/3251187785.jpg,/content/Image_captioning_Local/Flickr30K/flickr30k_images/flickr30k_images/3251187785.jpg,person,0.8913312554359436,215.075927734375,92.5032730102539,305.62530517578125,288.9840087890625,2
Flickr30K/3251234434.jpg,/content/Image_captioning_Local/Flickr30K/flickr30k_images/flickr30k_images/3251234434.jpg,dog,0.9259005188941956,32.348968505859375,174.60789489746094,217.49343872070312,344.1502990722656,10
Flickr30K/3251234434.jpg,/content/Image_captioning_Local/Flickr30K/flickr30k_images/flickr30k_images/3251234434.jpg,person,0.9068633913993835,352.65545654296875,0.394439697265625,499.898193359375,218.60589599609375,10
Flickr30K/3251234434.jpg,/content/Image_captioning_Local/Flickr30K/flickr30k_images/flickr30k_images/3251234434.jpg,person,0.8801217079162598,134.5824432373047,3.591156005859375,426.8214111328125,335.7879638671875,10
Flickr30K/3251234434.jpg,/content/Image_captioning_Local/Flickr30K/flickr30k_images/flickr30k_images/3251234434.jpg,person,0.5775347948074341,55.31554412841797,0.15723109245300293,135.50723266601562,152.60183715820312,10
Flickr30K/3251234434.jpg,/content/Image_captioning_Local/Flickr30K/flickr30k_images/flickr30k_images/3251234434.jpg,person,0.5472003817558289,0.0,0.0,60.669803619384766,152.85086059570312,10
Flickr30K/3251234434.jpg,/content/Image_captioning_Local/Flickr30K/flickr30k_images/flickr30k_images/3251234434.jpg,person,0.5185618996620178,91.60211181640625,0.0,170.5252227783203,153.56442260742188,10
Flickr30K/3251234434.jpg,/content/Image_captioning_Local/Flickr30K/flickr30k_images/flickr30k_images/3251234434.jpg,person,0.46453529596328735,255.82742309570312,0.37048161029815674,368.8937072753906,97.63977813720703,10
Flickr30K/3251234434.jpg,/content/Image_captioning_Local/Flickr30K/flickr30k_images/flickr30k_images/3251234434.jpg,person,0.36550799012184143,470.6282653808594,0.00787973403930664,499.8152770996094,76.73320770263672,10
Flickr30K/3251234434.jpg,/content/Image_captioning_Local/Flickr30K/flickr30k_images/flickr30k_images/3251234434.jpg,person,0.34046366810798645,130.84393310546875,0.5033731460571289,202.68678283691406,155.90065002441406,10
Flickr30K/3251234434.jpg,/content/Image_captioning_Local/Flickr30K/flickr30k_images/flickr30k_images/3251234434.jpg,dog,0.2508842945098877,0.06949901580810547,151.46083068847656,109.33973693847656,218.88827514648438,10
Flickr30K/3251449029.jpg,/content/Image_captioning_Local/Flickr30K/flickr30k_images/flickr30k_images/3251449029.jpg,person,0.9317525029182434,38.1963005065918,84.53445434570312,171.15774536132812,329.02783203125,2
Flickr30K/3251449029.jpg,/content/Image_captioning_Local/Flickr30K/flickr30k_images/flickr30k_images/3251449029.jpg,suitcase,0.40792015194892883,199.21527099609375,270.100830078125,281.0033874511719,331.7433776855469,2
Flickr30K/3251460982.jpg,/content/Image_captioning_Local/Flickr30K/flickr30k_images/flickr30k_images/3251460982.jpg,dog,0.4362075626850128,14.940929412841797,80.35700225830078,415.6181335449219,221.46046447753906,1
Flickr30K/3251646144.jpg,/content/Image_captioning_Local/Flickr30K/flickr30k_images/flickr30k_images/3251646144.jpg,person,0.8614646792411804,41.71576690673828,68.8020248413086,262.3832092285156,416.63531494140625,2
Flickr30K/3251646144.jpg,/content/Image_captioning_Local/Flickr30K/flickr30k_images/flickr30k_images/3251646144.jpg,person,0.25570759177207947,33.69980239868164,181.58111572265625,100.1944808959961,374.3771057128906,2
Flickr30K/3251648670.jpg,/content/Image_captioning_Local/Flickr30K/flickr30k_images/flickr30k_images/3251648670.jpg,person,0.8920336961746216,124.9073486328125,139.8089599609375,246.6480712890625,398.9930114746094,11
Flickr30K/3251648670.jpg,/content/Image_captioning_Local/Flickr30K/flickr30k_images/flickr30k_images/3251648670.jpg,person,0.6541000604629517,199.21246337890625,128.3556671142578,214.2810821533203,151.20350646972656,11
Flickr30K/3251648670.jpg,/content/Image_captioning_Local/Flickr30K/flickr30k_images/flickr30k_images/3251648670.jpg,person,0.5607450604438782,234.99136352539062,129.41346740722656,251.44834899902344,168.25045776367188,11
Flickr30K/3251648670.jpg,/content/Image_captioning_Local/Flickr30K/flickr30k_images/flickr30k_images/3251648670.jpg,umbrella,0.5081596374511719,0.22647380828857422,82.4332275390625,38.58211135864258,121.54731750488281,11
Flickr30K/3251648670.jpg,/content/Image_captioning_Local/Flickr30K/flickr30k_images/flickr30k_images/3251648670.jpg,person,0.440816193819046,4.327094554901123,105.77261352539062,25.985658645629883,138.64715576171875,11
Flickr30K/3251648670.jpg,/content/Image_captioning_Local/Flickr30K/flickr30k_images/flickr30k_images/3251648670.jpg,person,0.37589505314826965,217.2936248779297,129.47335815429688,231.19171142578125,152.93807983398438,11
Flickr30K/3251648670.jpg,/content/Image_captioning_Local/Flickr30K/flickr30k_images/flickr30k_images/3251648670.jpg,person,0.3553210198879242,166.7685089111328,130.42100524902344,181.0289306640625,149.13226318359375,11
Flickr30K/3251648670.jpg,/content/Image_captioning_Local/Flickr30K/flickr30k_images/flickr30k_images/3251648670.jpg,person,0.35311421751976013,127.12230682373047,118.79264068603516,161.5151824951172,154.5699920654297,11
Flickr30K/3251648670.jpg,/content/Image_captioning_Local/Flickr30K/flickr30k_images/flickr30k_images/3251648670.jpg,person,0.32884296774864197,177.7609405517578,130.2307586669922,186.53750610351562,148.6613311767578,11
Flickr30K/3251648670.jpg,/content/Image_captioning_Local/Flickr30K/flickr30k_images/flickr30k_images/3251648670.jpg,person,0.3016282618045807,124.21502685546875,118.8047866821289,167.05484008789062,324.40594482421875,11
Flickr30K/3251648670.jpg,/content/Image_captioning_Local/Flickr30K/flickr30k_images/flickr30k_images/3251648670.jpg,dining table,0.28143009543418884,180.45010375976562,149.18765258789062,228.95970153808594,175.8955535888672,11
Flickr30K/3251669502.jpg,/content/Image_captioning_Local/Flickr30K/flickr30k_images/flickr30k_images/3251669502.jpg,handbag,0.8830511569976807,199.14231872558594,190.87826538085938,264.50048828125,299.2845153808594,5
Flickr30K/3251669502.jpg,/content/Image_captioning_Local/Flickr30K/flickr30k_images/flickr30k_images/3251669502.jpg,person,0.8508893251419067,109.6812744140625,123.61073303222656,189.16688537597656,480.8116455078125,5
Flickr30K/3251669502.jpg,/content/Image_captioning_Local/Flickr30K/flickr30k_images/flickr30k_images/3251669502.jpg,handbag,0.8308706283569336,108.7283935546875,178.21774291992188,147.12982177734375,312.723876953125,5
Flickr30K/3251669502.jpg,/content/Image_captioning_Local/Flickr30K/flickr30k_images/flickr30k_images/3251669502.jpg,person,0.7890045642852783,159.22923278808594,135.0877227783203,246.33169555664062,480.0400390625,5
Flickr30K/3251669502.jpg,/content/Image_captioning_Local/Flickr30K/flickr30k_images/flickr30k_images/3251669502.jpg,cell phone,0.5351494550704956,169.86288452148438,166.59622192382812,188.71054077148438,184.004638671875,5
Flickr30K/3251706225.jpg,/content/Image_captioning_Local/Flickr30K/flickr30k_images/flickr30k_images/3251706225.jpg,person,0.8938604593276978,70.48685455322266,49.13206100463867,132.62014770507812,211.68984985351562,3
Flickr30K/3251706225.jpg,/content/Image_captioning_Local/Flickr30K/flickr30k_images/flickr30k_images/3251706225.jpg,train,0.8345478773117065,422.01959228515625,70.0286865234375,499.71026611328125,148.99960327148438,3
Flickr30K/3251706225.jpg,/content/Image_captioning_Local/Flickr30K/flickr30k_images/flickr30k_images/3251706225.jpg,person,0.34592756628990173,372.2657775878906,90.18125915527344,391.23187255859375,115.11683654785156,3
Flickr30K/3251906388.jpg,/content/Image_captioning_Local/Flickr30K/flickr30k_images/flickr30k_images/3251906388.jpg,sheep,0.7277852296829224,11.883115768432617,64.40869903564453,223.35977172851562,304.9068603515625,3
Flickr30K/3251906388.jpg,/content/Image_captioning_Local/Flickr30K/flickr30k_images/flickr30k_images/3251906388.jpg,bird,0.37278297543525696,265.9234619140625,76.94140625,476.6367492675781,339.2630615234375,3
Flickr30K/3251906388.jpg,/content/Image_captioning_Local/Flickr30K/flickr30k_images/flickr30k_images/3251906388.jpg,sheep,0.3456997573375702,266.0624084472656,77.34269714355469,475.7771911621094,340.8463134765625,3
Flickr30K/3251976937.jpg,/content/Image_captioning_Local/Flickr30K/flickr30k_images/flickr30k_images/3251976937.jpg,dog,0.9496147632598877,153.76028442382812,99.15457153320312,362.7303161621094,330.6581115722656,3
Flickr30K/3251976937.jpg,/content/Image_captioning_Local/Flickr30K/flickr30k_images/flickr30k_images/3251976937.jpg,bird,0.6405496001243591,279.29681396484375,6.0169878005981445,355.8382568359375,47.42691421508789,3
Flickr30K/3251976937.jpg,/content/Image_captioning_Local/Flickr30K/flickr30k_images/flickr30k_images/3251976937.jpg,bird,0.48455893993377686,40.389381408691406,42.412376403808594,72.2722396850586,72.46823120117188,3
Flickr30K/3252050544.jpg,/content/Image_captioning_Local/Flickr30K/flickr30k_images/flickr30k_images/3252050544.jpg,person,0.9261214733123779,0.026166439056396484,107.89818572998047,94.30215454101562,330.8363037109375,13
Flickr30K/3252050544.jpg,/content/Image_captioning_Local/Flickr30K/flickr30k_images/flickr30k_images/3252050544.jpg,person,0.8926872611045837,80.39375305175781,126.75605010986328,179.18113708496094,331.24176025390625,13
Flickr30K/3252050544.jpg,/content/Image_captioning_Local/Flickr30K/flickr30k_images/flickr30k_images/3252050544.jpg,person,0.8831451535224915,314.4656066894531,0.774693489074707,416.21484375,184.37257385253906,13
Flickr30K/3252050544.jpg,/content/Image_captioning_Local/Flickr30K/flickr30k_images/flickr30k_images/3252050544.jpg,person,0.873123049736023,395.9098205566406,69.52538299560547,486.321533203125,329.99072265625,13
Flickr30K/3252050544.jpg,/content/Image_captioning_Local/Flickr30K/flickr30k_images/flickr30k_images/3252050544.jpg,person,0.843863844871521,423.3800048828125,85.54916381835938,499.7328796386719,331.17791748046875,13
Flickr30K/3252050544.jpg,/content/Image_captioning_Local/Flickr30K/flickr30k_images/flickr30k_images/3252050544.jpg,person,0.8312176465988159,4.213535785675049,28.797149658203125,99.24549865722656,182.09214782714844,13
Flickr30K/3252050544.jpg,/content/Image_captioning_Local/Flickr30K/flickr30k_images/flickr30k_images/3252050544.jpg,person,0.7380380630493164,52.49668502807617,0.21359920501708984,123.19513702392578,138.35513305664062,13
Flickr30K/3252050544.jpg,/content/Image_captioning_Local/Flickr30K/flickr30k_images/flickr30k_images/3252050544.jpg,person,0.7238693237304688,210.97898864746094,0.3511011600494385,299.7132263183594,77.74038696289062,13
Flickr30K/3252050544.jpg,/content/Image_captioning_Local/Flickr30K/flickr30k_images/flickr30k_images/3252050544.jpg,person,0.5668121576309204,0.05810260772705078,0.0,67.16361236572266,127.83135986328125,13
Flickr30K/3252050544.jpg,/content/Image_captioning_Local/Flickr30K/flickr30k_images/flickr30k_images/3252050544.jpg,person,0.5582743287086487,91.3222885131836,0.8128643035888672,163.52525329589844,84.38288879394531,13
Flickr30K/3252050544.jpg,/content/Image_captioning_Local/Flickr30K/flickr30k_images/flickr30k_images/3252050544.jpg,person,0.40659862756729126,167.93905639648438,54.40568923950195,325.4305419921875,330.5641174316406,13
Flickr30K/3252050544.jpg,/content/Image_captioning_Local/Flickr30K/flickr30k_images/flickr30k_images/3252050544.jpg,teddy bear,0.3616527020931244,167.90513610839844,54.66656494140625,324.8318786621094,330.66583251953125,13
Flickr30K/3252050544.jpg,/content/Image_captioning_Local/Flickr30K/flickr30k_images/flickr30k_images/3252050544.jpg,person,0.34608331322669983,447.6742858886719,84.9808349609375,499.6263427734375,331.89434814453125,13
Flickr30K/3252056028.jpg,/content/Image_captioning_Local/Flickr30K/flickr30k_images/flickr30k_images/3252056028.jpg,sports ball,0.8786247372627258,174.5689697265625,13.032764434814453,196.91165161132812,36.173885345458984,9
Flickr30K/3252056028.jpg,/content/Image_captioning_Local/Flickr30K/flickr30k_images/flickr30k_images/3252056028.jpg,person,0.8395814299583435,141.44639587402344,170.1119384765625,260.50006103515625,364.8344421386719,9
Flickr30K/3252056028.jpg,/content/Image_captioning_Local/Flickr30K/flickr30k_images/flickr30k_images/3252056028.jpg,person,0.7099655866622925,30.819488525390625,289.8408508300781,70.45364379882812,371.21405029296875,9
Flickr30K/3252056028.jpg,/content/Image_captioning_Local/Flickr30K/flickr30k_images/flickr30k_images/3252056028.jpg,person,0.6003227829933167,0.0,239.31436157226562,38.04571533203125,389.00164794921875,9
Flickr30K/3252056028.jpg,/content/Image_captioning_Local/Flickr30K/flickr30k_images/flickr30k_images/3252056028.jpg,person,0.5544386506080627,102.45175170898438,270.8590087890625,145.86062622070312,344.4897155761719,9
Flickr30K/3252056028.jpg,/content/Image_captioning_Local/Flickr30K/flickr30k_images/flickr30k_images/3252056028.jpg,person,0.5438599586486816,69.23966217041016,246.12574768066406,104.3814926147461,322.6678466796875,9
Flickr30K/3252056028.jpg,/content/Image_captioning_Local/Flickr30K/flickr30k_images/flickr30k_images/3252056028.jpg,person,0.5120442509651184,132.4339599609375,238.19140625,171.7408905029297,306.2154846191406,9
Flickr30K/3252056028.jpg,/content/Image_captioning_Local/Flickr30K/flickr30k_images/flickr30k_images/3252056028.jpg,person,0.49301859736442566,30.645824432373047,200.76646423339844,75.92098999023438,264.7801513671875,9
Flickr30K/3252056028.jpg,/content/Image_captioning_Local/Flickr30K/flickr30k_images/flickr30k_images/3252056028.jpg,person,0.3553599417209625,253.5183868408203,283.7501525878906,304.9676818847656,351.26275634765625,9
Flickr30K/3252065328.jpg,/content/Image_captioning_Local/Flickr30K/flickr30k_images/flickr30k_images/3252065328.jpg,person,0.8482921719551086,231.00852966308594,72.94912719726562,380.54046630859375,340.78961181640625,5
Flickr30K/3252065328.jpg,/content/Image_captioning_Local/Flickr30K/flickr30k_images/flickr30k_images/3252065328.jpg,person,0.5112013816833496,323.294921875,71.6659164428711,413.5130310058594,228.38377380371094,5
Flickr30K/3252065328.jpg,/content/Image_captioning_Local/Flickr30K/flickr30k_images/flickr30k_images/3252065328.jpg,person,0.4039803445339203,435.5123596191406,210.90283203125,482.8742980957031,299.544189453125,5
Flickr30K/3252065328.jpg,/content/Image_captioning_Local/Flickr30K/flickr30k_images/flickr30k_images/3252065328.jpg,person,0.2900017201900482,430.3544921875,131.32882690429688,473.11688232421875,230.70626831054688,5
Flickr30K/3252065328.jpg,/content/Image_captioning_Local/Flickr30K/flickr30k_images/flickr30k_images/3252065328.jpg,person,0.2647128403186798,467.67626953125,102.76245880126953,499.810302734375,188.15426635742188,5
Flickr30K/3252457866.jpg,/content/Image_captioning_Local/Flickr30K/flickr30k_images/flickr30k_images/3252457866.jpg,dog,0.9207448363304138,236.72390747070312,37.49449157714844,364.21087646484375,204.69610595703125,2
Flickr30K/3252457866.jpg,/content/Image_captioning_Local/Flickr30K/flickr30k_images/flickr30k_images/3252457866.jpg,dog,0.7260375022888184,58.30986404418945,76.93246459960938,139.28216552734375,218.43829345703125,2
Flickr30K/3252588185.jpg,/content/Image_captioning_Local/Flickr30K/flickr30k_images/flickr30k_images/3252588185.jpg,person,0.9375683665275574,218.90206909179688,83.87084197998047,336.5334167480469,328.925048828125,1
Flickr30K/3252793829.jpg,/content/Image_captioning_Local/Flickr30K/flickr30k_images/flickr30k_images/3252793829.jpg,person,0.9343808889389038,274.4749450683594,179.48446655273438,402.9971618652344,331.5774841308594,10
Flickr30K/3252793829.jpg,/content/Image_captioning_Local/Flickr30K/flickr30k_images/flickr30k_images/3252793829.jpg,umbrella,0.8844624161720276,433.8314208984375,194.87286376953125,499.88421630859375,289.3915100097656,10
Flickr30K/3252793829.jpg,/content/Image_captioning_Local/Flickr30K/flickr30k_images/flickr30k_images/3252793829.jpg,person,0.7784969210624695,249.85751342773438,244.85897827148438,280.01812744140625,332.4769592285156,10
Flickr30K/3252793829.jpg,/content/Image_captioning_Local/Flickr30K/flickr30k_images/flickr30k_images/3252793829.jpg,person,0.7541517615318298,282.82110595703125,236.57989501953125,307.5686340332031,287.1267395019531,10
Flickr30K/3252793829.jpg,/content/Image_captioning_Local/Flickr30K/flickr30k_images/flickr30k_images/3252793829.jpg,person,0.7341729998588562,114.42186737060547,227.08544921875,181.20599365234375,331.486083984375,10
Flickr30K/3252793829.jpg,/content/Image_captioning_Local/Flickr30K/flickr30k_images/flickr30k_images/3252793829.jpg,person,0.691665768623352,455.11273193359375,284.3743896484375,499.7815246582031,331.7677001953125,10
Flickr30K/3252793829.jpg,/content/Image_captioning_Local/Flickr30K/flickr30k_images/flickr30k_images/3252793829.jpg,person,0.6630623936653137,430.6390686035156,227.16827392578125,470.3130798339844,331.3033142089844,10
Flickr30K/3252793829.jpg,/content/Image_captioning_Local/Flickr30K/flickr30k_images/flickr30k_images/3252793829.jpg,backpack,0.4219895601272583,114.18501281738281,264.371337890625,174.2261962890625,331.9790344238281,10
Flickr30K/3252793829.jpg,/content/Image_captioning_Local/Flickr30K/flickr30k_images/flickr30k_images/3252793829.jpg,person,0.3656776249408722,272.9940490722656,245.5849609375,287.8885803222656,305.9462585449219,10
Flickr30K/3252793829.jpg,/content/Image_captioning_Local/Flickr30K/flickr30k_images/flickr30k_images/3252793829.jpg,person,0.25330108404159546,0.011073797941207886,247.36776733398438,7.031598091125488,285.015869140625,10
Flickr30K/3252985078.jpg,/content/Image_captioning_Local/Flickr30K/flickr30k_images/flickr30k_images/3252985078.jpg,person,0.7932906150817871,213.64736938476562,183.612060546875,334.5057373046875,366.3847961425781,17
Flickr30K/3252985078.jpg,/content/Image_captioning_Local/Flickr30K/flickr30k_images/flickr30k_images/3252985078.jpg,person,0.7859997749328613,153.3978729248047,152.58937072753906,230.17840576171875,374.5790100097656,17
Flickr30K/3252985078.jpg,/content/Image_captioning_Local/Flickr30K/flickr30k_images/flickr30k_images/3252985078.jpg,person,0.7641475200653076,351.07769775390625,109.25310516357422,446.65399169921875,349.623779296875,17
Flickr30K/3252985078.jpg,/content/Image_captioning_Local/Flickr30K/flickr30k_images/flickr30k_images/3252985078.jpg,person,0.7265257239341736,94.8412094116211,167.72007751464844,165.38580322265625,374.6993103027344,17
Flickr30K/3252985078.jpg,/content/Image_captioning_Local/Flickr30K/flickr30k_images/flickr30k_images/3252985078.jpg,person,0.7036567330360413,8.217525482177734,240.1226043701172,117.11763000488281,374.8680114746094,17
Flickr30K/3252985078.jpg,/content/Image_captioning_Local/Flickr30K/flickr30k_images/flickr30k_images/3252985078.jpg,person,0.5709867477416992,127.55158233642578,101.48941040039062,208.8153533935547,203.83563232421875,17
Flickr30K/3252985078.jpg,/content/Image_captioning_Local/Flickr30K/flickr30k_images/flickr30k_images/3252985078.jpg,person,0.5532432198524475,0.08005499839782715,177.68893432617188,87.5759506225586,374.63531494140625,17
Flickr30K/3252985078.jpg,/content/Image_captioning_Local/Flickr30K/flickr30k_images/flickr30k_images/3252985078.jpg,person,0.5000224113464355,338.8795166015625,324.3872375488281,390.27020263671875,375.8528747558594,17
Flickr30K/3252985078.jpg,/content/Image_captioning_Local/Flickr30K/flickr30k_images/flickr30k_images/3252985078.jpg,person,0.44400906562805176,46.90007019042969,122.9469985961914,126.02977752685547,317.7287292480469,17
Flickr30K/3252985078.jpg,/content/Image_captioning_Local/Flickr30K/flickr30k_images/flickr30k_images/3252985078.jpg,car,0.43111467361450195,445.05328369140625,0.4900693893432617,499.8313903808594,36.21102523803711,17
Flickr30K/3252985078.jpg,/content/Image_captioning_Local/Flickr30K/flickr30k_images/flickr30k_images/3252985078.jpg,person,0.39734771847724915,430.6087646484375,77.83985137939453,499.920654296875,226.2482147216797,17
Flickr30K/3252985078.jpg,/content/Image_captioning_Local/Flickr30K/flickr30k_images/flickr30k_images/3252985078.jpg,person,0.36724522709846497,404.31195068359375,108.11048889160156,477.4112548828125,314.1319885253906,17
Flickr30K/3252985078.jpg,/content/Image_captioning_Local/Flickr30K/flickr30k_images/flickr30k_images/3252985078.jpg,person,0.36723393201828003,483.6939392089844,300.9053649902344,499.82904052734375,360.2305908203125,17
Flickr30K/3252985078.jpg,/content/Image_captioning_Local/Flickr30K/flickr30k_images/flickr30k_images/3252985078.jpg,person,0.33225592970848083,226.30126953125,115.14692687988281,331.8036804199219,310.4708251953125,17
Flickr30K/3252985078.jpg,/content/Image_captioning_Local/Flickr30K/flickr30k_images/flickr30k_images/3252985078.jpg,truck,0.30811336636543274,443.0384521484375,0.034368038177490234,499.6335144042969,35.658668518066406,17
Flickr30K/3252985078.jpg,/content/Image_captioning_Local/Flickr30K/flickr30k_images/flickr30k_images/3252985078.jpg,person,0.2898976504802704,226.7191162109375,115.21142578125,332.5503234863281,233.24017333984375,17
Flickr30K/3252985078.jpg,/content/Image_captioning_Local/Flickr30K/flickr30k_images/flickr30k_images/3252985078.jpg,person,0.2558526396751404,165.06114196777344,88.94371795654297,222.33717346191406,162.4012908935547,17
Flickr30K/3253060519.jpg,/content/Image_captioning_Local/Flickr30K/flickr30k_images/flickr30k_images/3253060519.jpg,person,0.8439462780952454,0.049185752868652344,411.2348937988281,29.5224666595459,499.5759582519531,13
Flickr30K/3253060519.jpg,/content/Image_captioning_Local/Flickr30K/flickr30k_images/flickr30k_images/3253060519.jpg,person,0.8331640958786011,250.44432067871094,423.6658630371094,272.1992492675781,485.4787292480469,13
Flickr30K/3253060519.jpg,/content/Image_captioning_Local/Flickr30K/flickr30k_images/flickr30k_images/3253060519.jpg,person,0.8143890500068665,165.89144897460938,435.6636962890625,191.37001037597656,499.8078308105469,13
Flickr30K/3253060519.jpg,/content/Image_captioning_Local/Flickr30K/flickr30k_images/flickr30k_images/3253060519.jpg,traffic light,0.8047308921813965,149.2703399658203,356.94097900390625,164.53152465820312,386.8023376464844,13
Flickr30K/3253060519.jpg,/content/Image_captioning_Local/Flickr30K/flickr30k_images/flickr30k_images/3253060519.jpg,person,0.7986723780632019,222.21493530273438,422.7130432128906,240.87791442871094,489.56732177734375,13
Flickr30K/3253060519.jpg,/content/Image_captioning_Local/Flickr30K/flickr30k_images/flickr30k_images/3253060519.jpg,person,0.7913378477096558,138.20059204101562,416.87603759765625,167.66197204589844,500.0,13
Flickr30K/3253060519.jpg,/content/Image_captioning_Local/Flickr30K/flickr30k_images/flickr30k_images/3253060519.jpg,car,0.7872470617294312,300.1650390625,452.2732238769531,332.93157958984375,499.7880554199219,13
Flickr30K/3253060519.jpg,/content/Image_captioning_Local/Flickr30K/flickr30k_images/flickr30k_images/3253060519.jpg,person,0.7493169903755188,294.535400390625,420.86163330078125,314.5439147949219,477.3550109863281,13
Flickr30K/3253060519.jpg,/content/Image_captioning_Local/Flickr30K/flickr30k_images/flickr30k_images/3253060519.jpg,person,0.7285965085029602,102.52711486816406,426.1733093261719,124.96426391601562,484.5484619140625,13
Flickr30K/3253060519.jpg,/content/Image_captioning_Local/Flickr30K/flickr30k_images/flickr30k_images/3253060519.jpg,person,0.6416289210319519,179.55694580078125,422.95074462890625,199.72830200195312,462.98846435546875,13
Flickr30K/3253060519.jpg,/content/Image_captioning_Local/Flickr30K/flickr30k_images/flickr30k_images/3253060519.jpg,person,0.5882330536842346,123.82363891601562,424.0806579589844,142.09861755371094,495.4198913574219,13
Flickr30K/3253060519.jpg,/content/Image_captioning_Local/Flickr30K/flickr30k_images/flickr30k_images/3253060519.jpg,handbag,0.304829865694046,140.28553771972656,476.9993896484375,152.06375122070312,499.9833068847656,13
Flickr30K/3253060519.jpg,/content/Image_captioning_Local/Flickr30K/flickr30k_images/flickr30k_images/3253060519.jpg,person,0.2715792655944824,160.7896728515625,424.63946533203125,174.2750244140625,471.15826416015625,13
Flickr30K/3253174263.jpg,/content/Image_captioning_Local/Flickr30K/flickr30k_images/flickr30k_images/3253174263.jpg,person,0.9065168499946594,8.478057861328125,73.19020080566406,399.8595275878906,332.47259521484375,2
Flickr30K/3253174263.jpg,/content/Image_captioning_Local/Flickr30K/flickr30k_images/flickr30k_images/3253174263.jpg,book,0.49020320177078247,108.72836303710938,165.529296875,278.0941162109375,330.7466125488281,2
Flickr30K/3253249189.jpg,/content/Image_captioning_Local/Flickr30K/flickr30k_images/flickr30k_images/3253249189.jpg,person,0.933445930480957,3.217792510986328,15.370368957519531,273.92431640625,435.6123046875,3
Flickr30K/3253249189.jpg,/content/Image_captioning_Local/Flickr30K/flickr30k_images/flickr30k_images/3253249189.jpg,person,0.8378071784973145,177.4646759033203,20.311450958251953,394.30999755859375,231.05853271484375,3
Flickr30K/3253249189.jpg,/content/Image_captioning_Local/Flickr30K/flickr30k_images/flickr30k_images/3253249189.jpg,cake,0.2516572177410126,250.23541259765625,194.01011657714844,451.3380432128906,350.58721923828125,3
Flickr30K/3253257881.jpg,/content/Image_captioning_Local/Flickr30K/flickr30k_images/flickr30k_images/3253257881.jpg,person,0.878956139087677,251.75697326660156,158.83807373046875,280.56951904296875,223.476318359375,1
Flickr30K/3253523210.jpg,/content/Image_captioning_Local/Flickr30K/flickr30k_images/flickr30k_images/3253523210.jpg,person,0.8984366655349731,194.19357299804688,72.55244445800781,272.6494140625,321.9801940917969,4
Flickr30K/3253523210.jpg,/content/Image_captioning_Local/Flickr30K/flickr30k_images/flickr30k_images/3253523210.jpg,person,0.878422200679779,248.31495666503906,37.66474914550781,340.8896484375,288.366943359375,4
Flickr30K/3253523210.jpg,/content/Image_captioning_Local/Flickr30K/flickr30k_images/flickr30k_images/3253523210.jpg,person,0.5264137387275696,214.5358123779297,21.440685272216797,296.37994384765625,284.1739501953125,4
Flickr30K/3253523210.jpg,/content/Image_captioning_Local/Flickr30K/flickr30k_images/flickr30k_images/3253523210.jpg,person,0.48574328422546387,215.20147705078125,22.374225616455078,296.0969543457031,117.73955535888672,4
Flickr30K/32542645.jpg,/content/Image_captioning_Local/Flickr30K/flickr30k_images/flickr30k_images/32542645.jpg,person,0.8827831745147705,178.5596160888672,121.29441833496094,230.3976287841797,259.6488037109375,8
Flickr30K/32542645.jpg,/content/Image_captioning_Local/Flickr30K/flickr30k_images/flickr30k_images/32542645.jpg,person,0.8680950999259949,113.03965759277344,144.7584228515625,143.578125,258.1373291015625,8
Flickr30K/32542645.jpg,/content/Image_captioning_Local/Flickr30K/flickr30k_images/flickr30k_images/32542645.jpg,person,0.8666992783546448,298.150390625,129.9105224609375,352.325439453125,264.50872802734375,8
Flickr30K/32542645.jpg,/content/Image_captioning_Local/Flickr30K/flickr30k_images/flickr30k_images/32542645.jpg,person,0.8200641870498657,368.7099914550781,118.22154235839844,414.3143310546875,288.4311828613281,8
Flickr30K/32542645.jpg,/content/Image_captioning_Local/Flickr30K/flickr30k_images/flickr30k_images/32542645.jpg,person,0.7265040278434753,233.55865478515625,138.5711212158203,279.4000549316406,263.2735595703125,8
Flickr30K/32542645.jpg,/content/Image_captioning_Local/Flickr30K/flickr30k_images/flickr30k_images/32542645.jpg,handbag,0.395210325717926,333.8714599609375,174.49871826171875,353.1866149902344,204.26414489746094,8
Flickr30K/32542645.jpg,/content/Image_captioning_Local/Flickr30K/flickr30k_images/flickr30k_images/32542645.jpg,handbag,0.3628106713294983,268.44378662109375,164.9263916015625,287.7640075683594,225.65245056152344,8
Flickr30K/32542645.jpg,/content/Image_captioning_Local/Flickr30K/flickr30k_images/flickr30k_images/32542645.jpg,handbag,0.2978256046772003,391.2629699707031,147.36790466308594,412.3175964355469,218.0277862548828,8
Flickr30K/3254640083.jpg,/content/Image_captioning_Local/Flickr30K/flickr30k_images/flickr30k_images/3254640083.jpg,person,0.8916884064674377,31.714380264282227,75.17271423339844,266.20440673828125,401.2763977050781,2
Flickr30K/3254640083.jpg,/content/Image_captioning_Local/Flickr30K/flickr30k_images/flickr30k_images/3254640083.jpg,skateboard,0.5264378786087036,205.23037719726562,305.3116760253906,332.9911193847656,499.76397705078125,2
Flickr30K/3254645823.jpg,/content/Image_captioning_Local/Flickr30K/flickr30k_images/flickr30k_images/3254645823.jpg,snowboard,0.9297234416007996,239.35418701171875,167.1408233642578,294.9727478027344,213.72389221191406,10
Flickr30K/3254645823.jpg,/content/Image_captioning_Local/Flickr30K/flickr30k_images/flickr30k_images/3254645823.jpg,person,0.9128246903419495,253.3732452392578,109.74053955078125,313.8424072265625,203.78990173339844,10
Flickr30K/3254645823.jpg,/content/Image_captioning_Local/Flickr30K/flickr30k_images/flickr30k_images/3254645823.jpg,person,0.901766300201416,136.59300231933594,100.91561889648438,191.01876831054688,175.4538116455078,10
Flickr30K/3254645823.jpg,/content/Image_captioning_Local/Flickr30K/flickr30k_images/flickr30k_images/3254645823.jpg,snowboard,0.8384724259376526,138.7848663330078,161.47122192382812,208.2132110595703,178.13983154296875,10
Flickr30K/3254645823.jpg,/content/Image_captioning_Local/Flickr30K/flickr30k_images/flickr30k_images/3254645823.jpg,person,0.7406793236732483,103.52819061279297,235.3269805908203,112.69457244873047,249.1020965576172,10
Flickr30K/3254645823.jpg,/content/Image_captioning_Local/Flickr30K/flickr30k_images/flickr30k_images/3254645823.jpg,person,0.6718941330909729,131.95529174804688,246.0244598388672,141.52513122558594,258.9411315917969,10
Flickr30K/3254645823.jpg,/content/Image_captioning_Local/Flickr30K/flickr30k_images/flickr30k_images/3254645823.jpg,person,0.4670844078063965,173.17098999023438,257.33599853515625,183.57485961914062,272.73822021484375,10
Flickr30K/3254645823.jpg,/content/Image_captioning_Local/Flickr30K/flickr30k_images/flickr30k_images/3254645823.jpg,person,0.4669692814350128,69.0639419555664,223.81289672851562,83.36531829833984,241.1101531982422,10
Flickr30K/3254645823.jpg,/content/Image_captioning_Local/Flickr30K/flickr30k_images/flickr30k_images/3254645823.jpg,person,0.39037322998046875,139.63990783691406,248.13087463378906,147.93492126464844,261.20263671875,10
Flickr30K/3254645823.jpg,/content/Image_captioning_Local/Flickr30K/flickr30k_images/flickr30k_images/3254645823.jpg,person,0.2807921767234802,0.03739669919013977,206.73289489746094,9.160009384155273,217.15875244140625,10
Flickr30K/3254657077.jpg,/content/Image_captioning_Local/Flickr30K/flickr30k_images/flickr30k_images/3254657077.jpg,person,0.9050512909889221,202.73704528808594,254.3729248046875,284.1573181152344,351.225341796875,1
Flickr30K/3254662117.jpg,/content/Image_captioning_Local/Flickr30K/flickr30k_images/flickr30k_images/3254662117.jpg,person,0.931094229221344,3.12957763671875,58.499908447265625,201.89990234375,498.6996765136719,3
Flickr30K/3254662117.jpg,/content/Image_captioning_Local/Flickr30K/flickr30k_images/flickr30k_images/3254662117.jpg,person,0.9244074821472168,172.40353393554688,16.28241539001465,334.0,499.1419372558594,3
Flickr30K/3254662117.jpg,/content/Image_captioning_Local/Flickr30K/flickr30k_images/flickr30k_images/3254662117.jpg,remote,0.545184314250946,153.03768920898438,309.3653869628906,222.69529724121094,363.57635498046875,3
Flickr30K/325470375.jpg,/content/Image_captioning_Local/Flickr30K/flickr30k_images/flickr30k_images/325470375.jpg,person,0.910272479057312,302.266845703125,123.92730712890625,418.6975402832031,368.51177978515625,7
Flickr30K/325470375.jpg,/content/Image_captioning_Local/Flickr30K/flickr30k_images/flickr30k_images/325470375.jpg,person,0.8260320425033569,470.3526916503906,0.4654407501220703,499.8359069824219,133.23345947265625,7
Flickr30K/325470375.jpg,/content/Image_captioning_Local/Flickr30K/flickr30k_images/flickr30k_images/325470375.jpg,person,0.7512192130088806,467.94415283203125,93.21009826660156,499.8312072753906,267.0374755859375,7
Flickr30K/325470375.jpg,/content/Image_captioning_Local/Flickr30K/flickr30k_images/flickr30k_images/325470375.jpg,person,0.7106915712356567,366.6004638671875,0.3655374050140381,444.99468994140625,197.9763946533203,7
Flickr30K/325470375.jpg,/content/Image_captioning_Local/Flickr30K/flickr30k_images/flickr30k_images/325470375.jpg,baseball bat,0.6905048489570618,247.44009399414062,128.3852996826172,331.89520263671875,231.0486297607422,7
Flickr30K/325470375.jpg,/content/Image_captioning_Local/Flickr30K/flickr30k_images/flickr30k_images/325470375.jpg,car,0.5144901275634766,66.69816589355469,127.95779418945312,228.99014282226562,211.82887268066406,7
Flickr30K/325470375.jpg,/content/Image_captioning_Local/Flickr30K/flickr30k_images/flickr30k_images/325470375.jpg,person,0.26111313700675964,366.3071594238281,0.0,446.9552001953125,140.20367431640625,7
Flickr30K/325480786.jpg,/content/Image_captioning_Local/Flickr30K/flickr30k_images/flickr30k_images/325480786.jpg,person,0.9115483164787292,227.67491149902344,161.65757751464844,274.2201843261719,309.9928283691406,2
Flickr30K/325480786.jpg,/content/Image_captioning_Local/Flickr30K/flickr30k_images/flickr30k_images/325480786.jpg,person,0.8961362838745117,158.08494567871094,168.13597106933594,205.6947021484375,303.6312561035156,2
Flickr30K/3254817653.jpg,/content/Image_captioning_Local/Flickr30K/flickr30k_images/flickr30k_images/3254817653.jpg,person,0.9391013979911804,323.0119323730469,101.74412536621094,475.89678955078125,381.0142517089844,5
Flickr30K/3254817653.jpg,/content/Image_captioning_Local/Flickr30K/flickr30k_images/flickr30k_images/3254817653.jpg,person,0.9348281025886536,78.7310562133789,146.6461639404297,219.2485809326172,381.65478515625,5
Flickr30K/3254817653.jpg,/content/Image_captioning_Local/Flickr30K/flickr30k_images/flickr30k_images/3254817653.jpg,person,0.9306753873825073,232.33743286132812,110.42761993408203,358.6585388183594,381.4905090332031,5
Flickr30K/3254817653.jpg,/content/Image_captioning_Local/Flickr30K/flickr30k_images/flickr30k_images/3254817653.jpg,person,0.9114317297935486,176.2965850830078,73.3669662475586,286.1396179199219,381.3198547363281,5
Flickr30K/3254817653.jpg,/content/Image_captioning_Local/Flickr30K/flickr30k_images/flickr30k_images/3254817653.jpg,person,0.9029742479324341,24.963939666748047,76.7161865234375,175.40585327148438,381.6561279296875,5
Flickr30K/325487789.jpg,/content/Image_captioning_Local/Flickr30K/flickr30k_images/flickr30k_images/325487789.jpg,person,0.9513915777206421,37.571739196777344,153.11207580566406,282.228759765625,372.7089538574219,3
Flickr30K/325487789.jpg,/content/Image_captioning_Local/Flickr30K/flickr30k_images/flickr30k_images/325487789.jpg,person,0.9296660423278809,249.22862243652344,163.16494750976562,371.8204040527344,372.9591979980469,3
Flickr30K/325487789.jpg,/content/Image_captioning_Local/Flickr30K/flickr30k_images/flickr30k_images/325487789.jpg,person,0.7867565751075745,477.9609680175781,0.2599954605102539,499.81365966796875,88.434814453125,3
Flickr30K/3254993045.jpg,/content/Image_captioning_Local/Flickr30K/flickr30k_images/flickr30k_images/3254993045.jpg,person,0.9228485822677612,129.58509826660156,136.51966857910156,181.041259765625,289.14093017578125,13
Flickr30K/3254993045.jpg,/content/Image_captioning_Local/Flickr30K/flickr30k_images/flickr30k_images/3254993045.jpg,person,0.9164211750030518,238.1744384765625,191.90850830078125,322.7311096191406,331.0679931640625,13
Flickr30K/3254993045.jpg,/content/Image_captioning_Local/Flickr30K/flickr30k_images/flickr30k_images/3254993045.jpg,person,0.9074347615242004,277.5851745605469,86.59678649902344,339.0936279296875,248.0904541015625,13
Flickr30K/3254993045.jpg,/content/Image_captioning_Local/Flickr30K/flickr30k_images/flickr30k_images/3254993045.jpg,person,0.887444019317627,313.9440612792969,213.55718994140625,400.9017333984375,331.12921142578125,13
Flickr30K/3254993045.jpg,/content/Image_captioning_Local/Flickr30K/flickr30k_images/flickr30k_images/3254993045.jpg,person,0.8681630492210388,284.3743896484375,48.941959381103516,329.95794677734375,109.80428314208984,13
Flickr30K/3254993045.jpg,/content/Image_captioning_Local/Flickr30K/flickr30k_images/flickr30k_images/3254993045.jpg,person,0.8582919239997864,181.36842346191406,48.21698760986328,224.04624938964844,114.72727966308594,13
Flickr30K/3254993045.jpg,/content/Image_captioning_Local/Flickr30K/flickr30k_images/flickr30k_images/3254993045.jpg,person,0.7770947217941284,291.9140930175781,6.676560401916504,310.2770690917969,58.64012145996094,13
Flickr30K/3254993045.jpg,/content/Image_captioning_Local/Flickr30K/flickr30k_images/flickr30k_images/3254993045.jpg,person,0.6458753943443298,348.199462890625,9.351944923400879,363.56085205078125,25.69239044189453,13
Flickr30K/3254993045.jpg,/content/Image_captioning_Local/Flickr30K/flickr30k_images/flickr30k_images/3254993045.jpg,person,0.5773501396179199,181.21694946289062,4.615724086761475,202.88987731933594,26.48565673828125,13
Flickr30K/3254993045.jpg,/content/Image_captioning_Local/Flickr30K/flickr30k_images/flickr30k_images/3254993045.jpg,person,0.537277102470398,146.7245330810547,7.4128031730651855,165.03231811523438,23.556995391845703,13
Flickr30K/3254993045.jpg,/content/Image_captioning_Local/Flickr30K/flickr30k_images/flickr30k_images/3254993045.jpg,person,0.48115620017051697,88.85502624511719,14.603471755981445,108.10124969482422,30.158924102783203,13
Flickr30K/3254993045.jpg,/content/Image_captioning_Local/Flickr30K/flickr30k_images/flickr30k_images/3254993045.jpg,handbag,0.41812416911125183,321.2322082519531,123.83122253417969,339.9398193359375,187.33816528320312,13
Flickr30K/3254993045.jpg,/content/Image_captioning_Local/Flickr30K/flickr30k_images/flickr30k_images/3254993045.jpg,person,0.31995725631713867,87.95356750488281,14.315205574035645,108.6658935546875,57.91518783569336,13
Flickr30K/3255017708.jpg,/content/Image_captioning_Local/Flickr30K/flickr30k_images/flickr30k_images/3255017708.jpg,person,0.9307990074157715,287.709716796875,0.13680458068847656,408.728515625,295.89697265625,2
Flickr30K/3255017708.jpg,/content/Image_captioning_Local/Flickr30K/flickr30k_images/flickr30k_images/3255017708.jpg,book,0.8278779983520508,245.5813446044922,0.5464673042297363,305.55328369140625,66.09825134277344,2
Flickr30K/3255482333.jpg,/content/Image_captioning_Local/Flickr30K/flickr30k_images/flickr30k_images/3255482333.jpg,person,0.4421519637107849,274.2179870605469,135.3346405029297,381.8636779785156,242.55276489257812,4
Flickr30K/3255482333.jpg,/content/Image_captioning_Local/Flickr30K/flickr30k_images/flickr30k_images/3255482333.jpg,person,0.40924522280693054,273.9925842285156,136.10745239257812,381.7538146972656,198.7806396484375,4
Flickr30K/3255482333.jpg,/content/Image_captioning_Local/Flickr30K/flickr30k_images/flickr30k_images/3255482333.jpg,backpack,0.3478591740131378,273.32904052734375,142.46165466308594,307.42718505859375,172.2388916015625,4
Flickr30K/3255482333.jpg,/content/Image_captioning_Local/Flickr30K/flickr30k_images/flickr30k_images/3255482333.jpg,backpack,0.3374329209327698,273.92645263671875,140.35382080078125,331.20068359375,177.86907958984375,4
Flickr30K/3255486615.jpg,/content/Image_captioning_Local/Flickr30K/flickr30k_images/flickr30k_images/3255486615.jpg,person,0.776931643486023,259.8130798339844,117.56248474121094,370.9161376953125,225.5961456298828,2
Flickr30K/3255486615.jpg,/content/Image_captioning_Local/Flickr30K/flickr30k_images/flickr30k_images/3255486615.jpg,person,0.6723886132240295,275.3863830566406,142.09347534179688,371.2286071777344,225.74815368652344,2
Flickr30K/3255539705.jpg,/content/Image_captioning_Local/Flickr30K/flickr30k_images/flickr30k_images/3255539705.jpg,person,0.9227256774902344,137.36935424804688,30.969751358032227,452.6947937011719,278.095947265625,2
Flickr30K/3255539705.jpg,/content/Image_captioning_Local/Flickr30K/flickr30k_images/flickr30k_images/3255539705.jpg,snowboard,0.6262810826301575,296.04205322265625,215.9087677001953,481.45428466796875,292.0782470703125,2
Flickr30K/3255620561.jpg,/content/Image_captioning_Local/Flickr30K/flickr30k_images/flickr30k_images/3255620561.jpg,person,0.6626729965209961,321.7894287109375,106.48004913330078,363.8802795410156,156.9640350341797,2
Flickr30K/3255620561.jpg,/content/Image_captioning_Local/Flickr30K/flickr30k_images/flickr30k_images/3255620561.jpg,snowboard,0.5325274467468262,314.3355712890625,146.1112060546875,359.8990783691406,162.53919982910156,2
Flickr30K/3255732353.jpg,/content/Image_captioning_Local/Flickr30K/flickr30k_images/flickr30k_images/3255732353.jpg,person,0.9320572018623352,265.99993896484375,59.87696838378906,400.1494445800781,330.26849365234375,2
Flickr30K/3255732353.jpg,/content/Image_captioning_Local/Flickr30K/flickr30k_images/flickr30k_images/3255732353.jpg,person,0.9202097058296204,219.64358520507812,42.310237884521484,289.536865234375,256.2347412109375,2
Flickr30K/3255737244.jpg,/content/Image_captioning_Local/Flickr30K/flickr30k_images/flickr30k_images/3255737244.jpg,person,0.9050763845443726,34.25926971435547,138.1949920654297,178.79290771484375,498.7292785644531,6
Flickr30K/3255737244.jpg,/content/Image_captioning_Local/Flickr30K/flickr30k_images/flickr30k_images/3255737244.jpg,person,0.8694496154785156,30.72626495361328,90.47364807128906,74.18009948730469,179.14556884765625,6
Flickr30K/3255737244.jpg,/content/Image_captioning_Local/Flickr30K/flickr30k_images/flickr30k_images/3255737244.jpg,person,0.8519030809402466,109.3711166381836,128.06039428710938,239.0071563720703,498.5404052734375,6
Flickr30K/3255737244.jpg,/content/Image_captioning_Local/Flickr30K/flickr30k_images/flickr30k_images/3255737244.jpg,person,0.5274786353111267,112.6668701171875,107.19723510742188,154.2274169921875,150.3703155517578,6
Flickr30K/3255737244.jpg,/content/Image_captioning_Local/Flickr30K/flickr30k_images/flickr30k_images/3255737244.jpg,person,0.4163268506526947,160.85047912597656,110.67514038085938,187.65797424316406,145.307373046875,6
Flickr30K/3255737244.jpg,/content/Image_captioning_Local/Flickr30K/flickr30k_images/flickr30k_images/3255737244.jpg,person,0.2813519835472107,170.23129272460938,110.5265121459961,187.68505859375,137.426513671875,6
Flickr30K/325576658.jpg,/content/Image_captioning_Local/Flickr30K/flickr30k_images/flickr30k_images/325576658.jpg,car,0.850929856300354,0.1815319061279297,0.0,99.76969909667969,128.11788940429688,8
Flickr30K/325576658.jpg,/content/Image_captioning_Local/Flickr30K/flickr30k_images/flickr30k_images/325576658.jpg,person,0.8260090351104736,88.8153076171875,35.96788787841797,270.0996398925781,306.4831237792969,8
Flickr30K/325576658.jpg,/content/Image_captioning_Local/Flickr30K/flickr30k_images/flickr30k_images/325576658.jpg,bench,0.6428812146186829,82.07573699951172,90.23653411865234,474.6726379394531,285.12359619140625,8
Flickr30K/325576658.jpg,/content/Image_captioning_Local/Flickr30K/flickr30k_images/flickr30k_images/325576658.jpg,person,0.6227513551712036,473.9965515136719,27.62923240661621,499.8045959472656,159.00645446777344,8
Flickr30K/325576658.jpg,/content/Image_captioning_Local/Flickr30K/flickr30k_images/flickr30k_images/325576658.jpg,bench,0.42122533917427063,221.9127655029297,91.86119842529297,476.21881103515625,268.7974853515625,8
Flickr30K/325576658.jpg,/content/Image_captioning_Local/Flickr30K/flickr30k_images/flickr30k_images/325576658.jpg,person,0.4111965298652649,353.4515380859375,17.820405960083008,370.86614990234375,49.699520111083984,8
Flickr30K/325576658.jpg,/content/Image_captioning_Local/Flickr30K/flickr30k_images/flickr30k_images/325576658.jpg,book,0.35013705492019653,246.62823486328125,126.14531707763672,328.88177490234375,185.59213256835938,8
Flickr30K/325576658.jpg,/content/Image_captioning_Local/Flickr30K/flickr30k_images/flickr30k_images/325576658.jpg,bench,0.31092196702957153,266.4563293457031,71.71308898925781,397.71820068359375,98.23786926269531,8
Flickr30K/3256043113.jpg,/content/Image_captioning_Local/Flickr30K/flickr30k_images/flickr30k_images/3256043113.jpg,person,0.631725013256073,0.12547969818115234,20.384693145751953,332.5787048339844,367.7842102050781,2
Flickr30K/3256043113.jpg,/content/Image_captioning_Local/Flickr30K/flickr30k_images/flickr30k_images/3256043113.jpg,person,0.3579651415348053,0.0,17.972671508789062,477.974365234375,373.9898681640625,2
Flickr30K/3256043809.jpg,/content/Image_captioning_Local/Flickr30K/flickr30k_images/flickr30k_images/3256043809.jpg,dog,0.9216449856758118,30.45177459716797,41.941200256347656,497.21051025390625,290.4125671386719,1
Flickr30K/3256272547.jpg,/content/Image_captioning_Local/Flickr30K/flickr30k_images/flickr30k_images/3256272547.jpg,person,0.9192274808883667,405.8987731933594,166.04933166503906,499.7618713378906,371.3750915527344,10
Flickr30K/3256272547.jpg,/content/Image_captioning_Local/Flickr30K/flickr30k_images/flickr30k_images/3256272547.jpg,person,0.9100882411003113,257.965576171875,209.8513641357422,360.378662109375,373.5096435546875,10
Flickr30K/3256272547.jpg,/content/Image_captioning_Local/Flickr30K/flickr30k_images/flickr30k_images/3256272547.jpg,person,0.8928835391998291,148.48533630371094,92.27481079101562,268.2895202636719,322.2073059082031,10
Flickr30K/3256272547.jpg,/content/Image_captioning_Local/Flickr30K/flickr30k_images/flickr30k_images/3256272547.jpg,person,0.8361038565635681,126.62308502197266,308.3534240722656,205.88076782226562,375.0,10
Flickr30K/3256272547.jpg,/content/Image_captioning_Local/Flickr30K/flickr30k_images/flickr30k_images/3256272547.jpg,person,0.7493716478347778,313.6109924316406,244.65560913085938,449.6798400878906,373.3874816894531,10
Flickr30K/3256272547.jpg,/content/Image_captioning_Local/Flickr30K/flickr30k_images/flickr30k_images/3256272547.jpg,person,0.7320876717567444,72.67880249023438,330.7400207519531,123.13185119628906,375.0,10
Flickr30K/3256272547.jpg,/content/Image_captioning_Local/Flickr30K/flickr30k_images/flickr30k_images/3256272547.jpg,person,0.5961666107177734,43.41250228881836,342.12835693359375,89.70548248291016,375.0,10
Flickr30K/3256272547.jpg,/content/Image_captioning_Local/Flickr30K/flickr30k_images/flickr30k_images/3256272547.jpg,person,0.5377355813980103,0.9848833084106445,296.7593078613281,82.89262390136719,374.1828918457031,10
Flickr30K/3256272547.jpg,/content/Image_captioning_Local/Flickr30K/flickr30k_images/flickr30k_images/3256272547.jpg,person,0.4580877721309662,374.83477783203125,239.76651000976562,455.01007080078125,371.10198974609375,10
Flickr30K/3256272547.jpg,/content/Image_captioning_Local/Flickr30K/flickr30k_images/flickr30k_images/3256272547.jpg,backpack,0.28633368015289307,349.9783020019531,319.2305908203125,436.0166931152344,374.552978515625,10
Flickr30K/3256274183.jpg,/content/Image_captioning_Local/Flickr30K/flickr30k_images/flickr30k_images/3256274183.jpg,car,0.9064707159996033,211.49911499023438,24.03681182861328,339.5937805175781,87.52973175048828,14
Flickr30K/3256274183.jpg,/content/Image_captioning_Local/Flickr30K/flickr30k_images/flickr30k_images/3256274183.jpg,car,0.8971382975578308,0.12288093566894531,26.45893096923828,149.66082763671875,109.63656616210938,14
Flickr30K/3256274183.jpg,/content/Image_captioning_Local/Flickr30K/flickr30k_images/flickr30k_images/3256274183.jpg,car,0.890448272228241,46.50430679321289,23.659873962402344,217.80429077148438,102.12338256835938,14
Flickr30K/3256274183.jpg,/content/Image_captioning_Local/Flickr30K/flickr30k_images/flickr30k_images/3256274183.jpg,person,0.8718551993370056,330.2410583496094,62.19086456298828,458.3917236328125,335.95062255859375,14
Flickr30K/3256274183.jpg,/content/Image_captioning_Local/Flickr30K/flickr30k_images/flickr30k_images/3256274183.jpg,car,0.8263584971427917,45.73950958251953,8.459318161010742,269.0670166015625,91.36549377441406,14
Flickr30K/3256274183.jpg,/content/Image_captioning_Local/Flickr30K/flickr30k_images/flickr30k_images/3256274183.jpg,car,0.8082095980644226,382.2628173828125,23.416107177734375,499.0286865234375,80.03809356689453,14
Flickr30K/3256274183.jpg,/content/Image_captioning_Local/Flickr30K/flickr30k_images/flickr30k_images/3256274183.jpg,car,0.7914456129074097,270.19036865234375,24.105602264404297,408.35870361328125,83.44864654541016,14
Flickr30K/3256274183.jpg,/content/Image_captioning_Local/Flickr30K/flickr30k_images/flickr30k_images/3256274183.jpg,car,0.715461790561676,0.09974241256713867,59.363792419433594,44.330589294433594,107.86833953857422,14
Flickr30K/3256274183.jpg,/content/Image_captioning_Local/Flickr30K/flickr30k_images/flickr30k_images/3256274183.jpg,car,0.6633124947547913,340.0633239746094,24.357378005981445,450.11181640625,82.0757064819336,14
Flickr30K/3256274183.jpg,/content/Image_captioning_Local/Flickr30K/flickr30k_images/flickr30k_images/3256274183.jpg,person,0.5566266179084778,249.59725952148438,160.92715454101562,390.171142578125,287.77679443359375,14
Flickr30K/3256274183.jpg,/content/Image_captioning_Local/Flickr30K/flickr30k_images/flickr30k_images/3256274183.jpg,car,0.45269185304641724,0.05085170269012451,16.92853546142578,43.698646545410156,28.9222412109375,14
Flickr30K/3256274183.jpg,/content/Image_captioning_Local/Flickr30K/flickr30k_images/flickr30k_images/3256274183.jpg,person,0.3211800754070282,248.83883666992188,161.35992431640625,348.8676452636719,257.3735656738281,14
Flickr30K/3256274183.jpg,/content/Image_captioning_Local/Flickr30K/flickr30k_images/flickr30k_images/3256274183.jpg,car,0.2750336825847626,369.2889099121094,3.8369178771972656,499.66650390625,53.443382263183594,14
Flickr30K/3256274183.jpg,/content/Image_captioning_Local/Flickr30K/flickr30k_images/flickr30k_images/3256274183.jpg,car,0.2507997155189514,312.5238342285156,9.579526901245117,360.9849853515625,24.03923225402832,14
Flickr30K/3256275785.jpg,/content/Image_captioning_Local/Flickr30K/flickr30k_images/flickr30k_images/3256275785.jpg,person,0.9462302923202515,92.3645248413086,57.245018005371094,273.50396728515625,316.0057067871094,1
Flickr30K/3256433677.jpg,/content/Image_captioning_Local/Flickr30K/flickr30k_images/flickr30k_images/3256433677.jpg,person,0.9527173638343811,251.8166046142578,6.369531154632568,494.3145751953125,370.03607177734375,2
Flickr30K/3256433677.jpg,/content/Image_captioning_Local/Flickr30K/flickr30k_images/flickr30k_images/3256433677.jpg,tv,0.30078309774398804,39.46930694580078,0.3857254981994629,94.75469970703125,31.571828842163086,2
Flickr30K/3256456935.jpg,/content/Image_captioning_Local/Flickr30K/flickr30k_images/flickr30k_images/3256456935.jpg,person,0.8804240226745605,10.171937942504883,51.24354553222656,270.42840576171875,433.01019287109375,11
Flickr30K/3256456935.jpg,/content/Image_captioning_Local/Flickr30K/flickr30k_images/flickr30k_images/3256456935.jpg,person,0.8630080223083496,451.4145812988281,58.408416748046875,493.9255676269531,161.12588500976562,11
Flickr30K/3256456935.jpg,/content/Image_captioning_Local/Flickr30K/flickr30k_images/flickr30k_images/3256456935.jpg,person,0.7680593729019165,393.8488464355469,61.116844177246094,446.3050231933594,151.44924926757812,11
Flickr30K/3256456935.jpg,/content/Image_captioning_Local/Flickr30K/flickr30k_images/flickr30k_images/3256456935.jpg,person,0.7210142612457275,0.0,22.852676391601562,31.41096305847168,161.8546905517578,11
Flickr30K/3256456935.jpg,/content/Image_captioning_Local/Flickr30K/flickr30k_images/flickr30k_images/3256456935.jpg,person,0.6189848780632019,224.96160888671875,65.25637817382812,257.4328918457031,113.37828826904297,11
Flickr30K/3256456935.jpg,/content/Image_captioning_Local/Flickr30K/flickr30k_images/flickr30k_images/3256456935.jpg,person,0.43171146512031555,262.7530517578125,68.43428802490234,279.6394958496094,109.90946197509766,11
Flickr30K/3256456935.jpg,/content/Image_captioning_Local/Flickr30K/flickr30k_images/flickr30k_images/3256456935.jpg,person,0.41769590973854065,220.8976287841797,46.13591384887695,404.9477233886719,379.2586364746094,11
Flickr30K/3256456935.jpg,/content/Image_captioning_Local/Flickr30K/flickr30k_images/flickr30k_images/3256456935.jpg,person,0.3751750588417053,40.67279052734375,6.615281105041504,137.1226806640625,178.19020080566406,11
Flickr30K/3256456935.jpg,/content/Image_captioning_Local/Flickr30K/flickr30k_images/flickr30k_images/3256456935.jpg,person,0.3649390935897827,355.22747802734375,65.66258239746094,410.153564453125,145.58892822265625,11
Flickr30K/3256456935.jpg,/content/Image_captioning_Local/Flickr30K/flickr30k_images/flickr30k_images/3256456935.jpg,person,0.3319490849971771,23.982120513916016,42.28968811035156,395.76080322265625,427.58770751953125,11
Flickr30K/3256456935.jpg,/content/Image_captioning_Local/Flickr30K/flickr30k_images/flickr30k_images/3256456935.jpg,person,0.3287442624568939,209.9557342529297,60.2628173828125,232.17645263671875,94.74249267578125,11
Flickr30K/3256603992.jpg,/content/Image_captioning_Local/Flickr30K/flickr30k_images/flickr30k_images/3256603992.jpg,person,0.9246426820755005,232.85174560546875,77.09689331054688,428.3590393066406,370.3446350097656,3
Flickr30K/3256603992.jpg,/content/Image_captioning_Local/Flickr30K/flickr30k_images/flickr30k_images/3256603992.jpg,backpack,0.7222670912742615,275.28509521484375,147.1876220703125,393.38372802734375,237.022216796875,3
Flickr30K/3256603992.jpg,/content/Image_captioning_Local/Flickr30K/flickr30k_images/flickr30k_images/3256603992.jpg,bottle,0.3059890866279602,239.51434326171875,261.2509765625,269.5604248046875,312.9210510253906,3
Flickr30K/3256847933.jpg,/content/Image_captioning_Local/Flickr30K/flickr30k_images/flickr30k_images/3256847933.jpg,person,0.8118488788604736,226.36236572265625,268.64190673828125,325.82415771484375,351.06903076171875,1
Flickr30K/325686400.jpg,/content/Image_captioning_Local/Flickr30K/flickr30k_images/flickr30k_images/325686400.jpg,person,0.7714373469352722,146.56260681152344,3.8284778594970703,371.7513427734375,235.45420837402344,7
Flickr30K/325686400.jpg,/content/Image_captioning_Local/Flickr30K/flickr30k_images/flickr30k_images/325686400.jpg,person,0.6822130680084229,357.7823486328125,46.98226547241211,499.7900085449219,290.0491027832031,7
Flickr30K/325686400.jpg,/content/Image_captioning_Local/Flickr30K/flickr30k_images/flickr30k_images/325686400.jpg,person,0.633527934551239,0.10247230529785156,13.695287704467773,120.63638305664062,281.5634765625,7
Flickr30K/325686400.jpg,/content/Image_captioning_Local/Flickr30K/flickr30k_images/flickr30k_images/325686400.jpg,person,0.5047978162765503,409.1941833496094,169.41065979003906,499.68450927734375,370.01947021484375,7
Flickr30K/325686400.jpg,/content/Image_captioning_Local/Flickr30K/flickr30k_images/flickr30k_images/325686400.jpg,chair,0.46015453338623047,78.87284851074219,133.84603881835938,147.90798950195312,219.18792724609375,7
Flickr30K/325686400.jpg,/content/Image_captioning_Local/Flickr30K/flickr30k_images/flickr30k_images/325686400.jpg,bottle,0.3709799349308014,95.23342895507812,90.0461654663086,112.36375427246094,142.67178344726562,7
Flickr30K/325686400.jpg,/content/Image_captioning_Local/Flickr30K/flickr30k_images/flickr30k_images/325686400.jpg,couch,0.3706829845905304,0.0,215.37942504882812,473.0805969238281,371.60760498046875,7
Flickr30K/325696203.jpg,/content/Image_captioning_Local/Flickr30K/flickr30k_images/flickr30k_images/325696203.jpg,person,0.8777132034301758,395.298095703125,73.49662780761719,465.3739929199219,225.81124877929688,8
Flickr30K/325696203.jpg,/content/Image_captioning_Local/Flickr30K/flickr30k_images/flickr30k_images/325696203.jpg,person,0.8391308188438416,0.29712915420532227,0.6448984146118164,95.44873046875,214.67501831054688,8
Flickr30K/325696203.jpg,/content/Image_captioning_Local/Flickr30K/flickr30k_images/flickr30k_images/325696203.jpg,person,0.8040251731872559,296.6348876953125,61.662803649902344,383.5372619628906,204.0932159423828,8
Flickr30K/325696203.jpg,/content/Image_captioning_Local/Flickr30K/flickr30k_images/flickr30k_images/325696203.jpg,person,0.7490752339363098,226.81558227539062,98.1048812866211,313.1183776855469,182.43820190429688,8
Flickr30K/325696203.jpg,/content/Image_captioning_Local/Flickr30K/flickr30k_images/flickr30k_images/325696203.jpg,person,0.6197830438613892,179.08897399902344,25.876760482788086,237.0674591064453,147.33238220214844,8
Flickr30K/325696203.jpg,/content/Image_captioning_Local/Flickr30K/flickr30k_images/flickr30k_images/325696203.jpg,person,0.5988703966140747,229.1584014892578,51.737117767333984,283.3623962402344,132.3130645751953,8
Flickr30K/325696203.jpg,/content/Image_captioning_Local/Flickr30K/flickr30k_images/flickr30k_images/325696203.jpg,person,0.5142284631729126,151.48878479003906,218.9646759033203,293.2319641113281,292.66748046875,8
Flickr30K/325696203.jpg,/content/Image_captioning_Local/Flickr30K/flickr30k_images/flickr30k_images/325696203.jpg,kite,0.5017638206481934,1.2090444564819336,143.66802978515625,221.82176208496094,320.06134033203125,8
Flickr30K/3257103624.jpg,/content/Image_captioning_Local/Flickr30K/flickr30k_images/flickr30k_images/3257103624.jpg,person,0.8581278324127197,221.9644012451172,99.07523345947266,417.0724792480469,302.2252197265625,2
Flickr30K/3257103624.jpg,/content/Image_captioning_Local/Flickr30K/flickr30k_images/flickr30k_images/3257103624.jpg,person,0.8353437781333923,2.959108352661133,56.72571563720703,327.408447265625,210.87185668945312,2
Flickr30K/3257107194.jpg,/content/Image_captioning_Local/Flickr30K/flickr30k_images/flickr30k_images/3257107194.jpg,person,0.9341371655464172,20.730567932128906,81.64944458007812,200.28543090820312,264.58367919921875,5
Flickr30K/3257107194.jpg,/content/Image_captioning_Local/Flickr30K/flickr30k_images/flickr30k_images/3257107194.jpg,person,0.801983654499054,226.2733917236328,73.00591278076172,429.6899719238281,292.6667785644531,5
Flickr30K/3257107194.jpg,/content/Image_captioning_Local/Flickr30K/flickr30k_images/flickr30k_images/3257107194.jpg,person,0.6645478010177612,254.18472290039062,0.12472867965698242,338.79803466796875,58.9655876159668,5
Flickr30K/3257107194.jpg,/content/Image_captioning_Local/Flickr30K/flickr30k_images/flickr30k_images/3257107194.jpg,person,0.4621041417121887,445.85504150390625,0.41713714599609375,499.8352966308594,39.998390197753906,5
Flickr30K/3257107194.jpg,/content/Image_captioning_Local/Flickr30K/flickr30k_images/flickr30k_images/3257107194.jpg,person,0.2757112383842468,0.04870519042015076,0.3128945827484131,11.180588722229004,29.443222045898438,5
Flickr30K/3257182199.jpg,/content/Image_captioning_Local/Flickr30K/flickr30k_images/flickr30k_images/3257182199.jpg,person,0.7591741681098938,328.8363952636719,178.99127197265625,337.895263671875,190.22508239746094,16
Flickr30K/3257182199.jpg,/content/Image_captioning_Local/Flickr30K/flickr30k_images/flickr30k_images/3257182199.jpg,person,0.7401336431503296,259.1302490234375,178.19471740722656,267.54144287109375,188.5498046875,16
Flickr30K/3257182199.jpg,/content/Image_captioning_Local/Flickr30K/flickr30k_images/flickr30k_images/3257182199.jpg,person,0.722690224647522,364.928955078125,179.27593994140625,378.8652038574219,188.22988891601562,16
Flickr30K/3257182199.jpg,/content/Image_captioning_Local/Flickr30K/flickr30k_images/flickr30k_images/3257182199.jpg,person,0.6979369521141052,393.9700927734375,179.27035522460938,402.964111328125,189.58583068847656,16
Flickr30K/3257182199.jpg,/content/Image_captioning_Local/Flickr30K/flickr30k_images/flickr30k_images/3257182199.jpg,person,0.6936407685279846,485.5352478027344,176.22132873535156,494.3353576660156,189.30372619628906,16
Flickr30K/3257182199.jpg,/content/Image_captioning_Local/Flickr30K/flickr30k_images/flickr30k_images/3257182199.jpg,person,0.6904604434967041,308.3680725097656,183.4702911376953,318.4686584472656,190.96188354492188,16
Flickr30K/3257182199.jpg,/content/Image_captioning_Local/Flickr30K/flickr30k_images/flickr30k_images/3257182199.jpg,person,0.6847430467605591,279.3695983886719,180.53848266601562,287.41497802734375,188.2545166015625,16
Flickr30K/3257182199.jpg,/content/Image_captioning_Local/Flickr30K/flickr30k_images/flickr30k_images/3257182199.jpg,person,0.6689640879631042,81.50190734863281,182.1948699951172,88.62229919433594,188.4753875732422,16
Flickr30K/3257182199.jpg,/content/Image_captioning_Local/Flickr30K/flickr30k_images/flickr30k_images/3257182199.jpg,person,0.6465985774993896,38.65097427368164,181.4669189453125,46.4069938659668,189.47482299804688,16
Flickr30K/3257182199.jpg,/content/Image_captioning_Local/Flickr30K/flickr30k_images/flickr30k_images/3257182199.jpg,person,0.6349846124649048,155.98333740234375,176.6540069580078,164.37701416015625,187.62783813476562,16
Flickr30K/3257182199.jpg,/content/Image_captioning_Local/Flickr30K/flickr30k_images/flickr30k_images/3257182199.jpg,person,0.62743079662323,444.9830017089844,175.88214111328125,454.7987976074219,188.2965087890625,16
Flickr30K/3257182199.jpg,/content/Image_captioning_Local/Flickr30K/flickr30k_images/flickr30k_images/3257182199.jpg,person,0.6008822321891785,120.49932861328125,176.9808807373047,129.3018798828125,188.5703125,16
Flickr30K/3257182199.jpg,/content/Image_captioning_Local/Flickr30K/flickr30k_images/flickr30k_images/3257182199.jpg,person,0.5660991072654724,208.31150817871094,180.8115997314453,217.582275390625,186.1905059814453,16
Flickr30K/3257182199.jpg,/content/Image_captioning_Local/Flickr30K/flickr30k_images/flickr30k_images/3257182199.jpg,person,0.49663934111595154,239.0167236328125,176.12181091308594,248.68011474609375,188.18359375,16
Flickr30K/3257182199.jpg,/content/Image_captioning_Local/Flickr30K/flickr30k_images/flickr30k_images/3257182199.jpg,person,0.29473963379859924,15.3794584274292,178.53419494628906,34.02680587768555,185.04278564453125,16
Flickr30K/3257182199.jpg,/content/Image_captioning_Local/Flickr30K/flickr30k_images/flickr30k_images/3257182199.jpg,surfboard,0.27628380060195923,46.56792068481445,181.2589111328125,57.301021575927734,189.3171844482422,16
Flickr30K/3257207516.jpg,/content/Image_captioning_Local/Flickr30K/flickr30k_images/flickr30k_images/3257207516.jpg,person,0.9473142623901367,0.1296520233154297,58.79487991333008,221.9149169921875,371.0885009765625,4
Flickr30K/3257207516.jpg,/content/Image_captioning_Local/Flickr30K/flickr30k_images/flickr30k_images/3257207516.jpg,couch,0.6008673906326294,3.1767845153808594,30.80390739440918,500.0,369.3025207519531,4
Flickr30K/3257207516.jpg,/content/Image_captioning_Local/Flickr30K/flickr30k_images/flickr30k_images/3257207516.jpg,person,0.5687006115913391,0.0,2.4138927459716797,498.85552978515625,370.96490478515625,4
Flickr30K/3257207516.jpg,/content/Image_captioning_Local/Flickr30K/flickr30k_images/flickr30k_images/3257207516.jpg,person,0.5440839529037476,196.23995971679688,2.355480194091797,498.60296630859375,369.8197326660156,4
Flickr30K/3257277774.jpg,/content/Image_captioning_Local/Flickr30K/flickr30k_images/flickr30k_images/3257277774.jpg,dog,0.9437618255615234,195.44033813476562,21.637868881225586,425.6930236816406,217.75454711914062,1
Flickr30K/325742196.jpg,/content/Image_captioning_Local/Flickr30K/flickr30k_images/flickr30k_images/325742196.jpg,person,0.9011628031730652,76.847412109375,0.7310986518859863,498.8284606933594,322.7648620605469,3
Flickr30K/325742196.jpg,/content/Image_captioning_Local/Flickr30K/flickr30k_images/flickr30k_images/325742196.jpg,person,0.40630999207496643,0.18993616104125977,76.04117584228516,91.35948181152344,295.0523376464844,3
Flickr30K/325742196.jpg,/content/Image_captioning_Local/Flickr30K/flickr30k_images/flickr30k_images/325742196.jpg,toothbrush,0.2848164141178131,50.58949661254883,107.45692443847656,192.91030883789062,324.1622009277344,3
Flickr30K/3258071770.jpg,/content/Image_captioning_Local/Flickr30K/flickr30k_images/flickr30k_images/3258071770.jpg,person,0.9314079880714417,191.26223754882812,0.5352497100830078,375.0,271.39324951171875,25
Flickr30K/3258071770.jpg,/content/Image_captioning_Local/Flickr30K/flickr30k_images/flickr30k_images/3258071770.jpg,bottle,0.9288104176521301,237.853759765625,136.26504516601562,305.8294677734375,354.76226806640625,25
Flickr30K/3258071770.jpg,/content/Image_captioning_Local/Flickr30K/flickr30k_images/flickr30k_images/3258071770.jpg,bottle,0.8989890813827515,58.065521240234375,119.32735443115234,98.91735076904297,275.41790771484375,25
Flickr30K/3258071770.jpg,/content/Image_captioning_Local/Flickr30K/flickr30k_images/flickr30k_images/3258071770.jpg,bottle,0.8805403113365173,204.8481903076172,124.50707244873047,250.254638671875,262.1979064941406,25
Flickr30K/3258071770.jpg,/content/Image_captioning_Local/Flickr30K/flickr30k_images/flickr30k_images/3258071770.jpg,bottle,0.859418511390686,89.97815704345703,118.05913543701172,124.2181396484375,263.7131042480469,25
Flickr30K/3258071770.jpg,/content/Image_captioning_Local/Flickr30K/flickr30k_images/flickr30k_images/3258071770.jpg,bottle,0.8579326272010803,325.2318420410156,142.94200134277344,375.0,470.3912658691406,25
Flickr30K/3258071770.jpg,/content/Image_captioning_Local/Flickr30K/flickr30k_images/flickr30k_images/3258071770.jpg,person,0.8309006094932556,63.24897003173828,16.082429885864258,181.42039489746094,222.273681640625,25
Flickr30K/3258071770.jpg,/content/Image_captioning_Local/Flickr30K/flickr30k_images/flickr30k_images/3258071770.jpg,person,0.7921221852302551,0.09136199951171875,341.19720458984375,72.13185119628906,491.92962646484375,25
Flickr30K/3258071770.jpg,/content/Image_captioning_Local/Flickr30K/flickr30k_images/flickr30k_images/3258071770.jpg,fork,0.7319338917732239,71.27261352539062,331.0631408691406,92.95465850830078,401.9832763671875,25
Flickr30K/3258071770.jpg,/content/Image_captioning_Local/Flickr30K/flickr30k_images/flickr30k_images/3258071770.jpg,spoon,0.6956062316894531,104.9419174194336,455.739501953125,216.52467346191406,499.8316650390625,25
Flickr30K/3258071770.jpg,/content/Image_captioning_Local/Flickr30K/flickr30k_images/flickr30k_images/3258071770.jpg,person,0.6242067217826843,150.54083251953125,73.70133209228516,184.94024658203125,120.62435150146484,25
Flickr30K/3258071770.jpg,/content/Image_captioning_Local/Flickr30K/flickr30k_images/flickr30k_images/3258071770.jpg,bowl,0.6164067387580872,0.0,225.36141967773438,55.807186126708984,276.1963195800781,25
Flickr30K/3258071770.jpg,/content/Image_captioning_Local/Flickr30K/flickr30k_images/flickr30k_images/3258071770.jpg,spoon,0.5889014005661011,150.14759826660156,211.72647094726562,161.52923583984375,249.08999633789062,25
Flickr30K/3258071770.jpg,/content/Image_captioning_Local/Flickr30K/flickr30k_images/flickr30k_images/3258071770.jpg,knife,0.560699999332428,71.79237365722656,330.59539794921875,93.19046783447266,402.8496398925781,25
Flickr30K/3258071770.jpg,/content/Image_captioning_Local/Flickr30K/flickr30k_images/flickr30k_images/3258071770.jpg,bowl,0.5072514414787292,153.0916748046875,261.5234375,241.13412475585938,322.3090515136719,25
Flickr30K/3258071770.jpg,/content/Image_captioning_Local/Flickr30K/flickr30k_images/flickr30k_images/3258071770.jpg,person,0.5035452246665955,188.8155517578125,63.81201934814453,224.17539978027344,119.03069305419922,25
Flickr30K/3258071770.jpg,/content/Image_captioning_Local/Flickr30K/flickr30k_images/flickr30k_images/3258071770.jpg,person,0.4804653525352478,174.06231689453125,75.35887145996094,191.73638916015625,107.6790542602539,25
Flickr30K/3258071770.jpg,/content/Image_captioning_Local/Flickr30K/flickr30k_images/flickr30k_images/3258071770.jpg,cup,0.47481974959373474,0.0,294.05670166015625,54.64824295043945,369.4738464355469,25
Flickr30K/3258071770.jpg,/content/Image_captioning_Local/Flickr30K/flickr30k_images/flickr30k_images/3258071770.jpg,chair,0.4625629186630249,32.78065490722656,103.14051818847656,70.87760162353516,140.36734008789062,25
Flickr30K/3258071770.jpg,/content/Image_captioning_Local/Flickr30K/flickr30k_images/flickr30k_images/3258071770.jpg,knife,0.4479967951774597,91.30155944824219,333.2038879394531,106.5470962524414,383.5274658203125,25
Flickr30K/3258071770.jpg,/content/Image_captioning_Local/Flickr30K/flickr30k_images/flickr30k_images/3258071770.jpg,bowl,0.41676121950149536,109.8338623046875,221.43307495117188,208.31890869140625,289.05078125,25
Flickr30K/3258071770.jpg,/content/Image_captioning_Local/Flickr30K/flickr30k_images/flickr30k_images/3258071770.jpg,bowl,0.4033813774585724,84.97505187988281,336.08349609375,337.2935791015625,499.62615966796875,25
Flickr30K/3258071770.jpg,/content/Image_captioning_Local/Flickr30K/flickr30k_images/flickr30k_images/3258071770.jpg,person,0.35695764422416687,140.70286560058594,79.39031982421875,151.99026489257812,104.20616912841797,25
Flickr30K/3258071770.jpg,/content/Image_captioning_Local/Flickr30K/flickr30k_images/flickr30k_images/3258071770.jpg,bowl,0.3374406099319458,0.0,294.00946044921875,54.670047760009766,369.41339111328125,25
Flickr30K/3258071770.jpg,/content/Image_captioning_Local/Flickr30K/flickr30k_images/flickr30k_images/3258071770.jpg,person,0.2608598470687866,186.59300231933594,63.07444763183594,223.00381469726562,136.69268798828125,25
Flickr30K/3258391809.jpg,/content/Image_captioning_Local/Flickr30K/flickr30k_images/flickr30k_images/3258391809.jpg,person,0.9256974458694458,204.39134216308594,11.891925811767578,449.2910461425781,328.27569580078125,5
Flickr30K/3258391809.jpg,/content/Image_captioning_Local/Flickr30K/flickr30k_images/flickr30k_images/3258391809.jpg,person,0.9154515266418457,24.170381546020508,44.905723571777344,204.88941955566406,328.7668762207031,5
Flickr30K/3258391809.jpg,/content/Image_captioning_Local/Flickr30K/flickr30k_images/flickr30k_images/3258391809.jpg,person,0.8683305382728577,0.08186399936676025,71.50739288330078,32.91606140136719,328.8629150390625,5
Flickr30K/3258391809.jpg,/content/Image_captioning_Local/Flickr30K/flickr30k_images/flickr30k_images/3258391809.jpg,car,0.7163604497909546,437.0172424316406,98.0545654296875,499.8220520019531,159.6334991455078,5
Flickr30K/3258391809.jpg,/content/Image_captioning_Local/Flickr30K/flickr30k_images/flickr30k_images/3258391809.jpg,truck,0.2597401738166809,169.45372009277344,60.65766906738281,326.91015625,153.3355712890625,5
Flickr30K/3258394043.jpg,/content/Image_captioning_Local/Flickr30K/flickr30k_images/flickr30k_images/3258394043.jpg,person,0.8958240151405334,294.5337219238281,100.453857421875,343.5938720703125,203.4837188720703,13
Flickr30K/3258394043.jpg,/content/Image_captioning_Local/Flickr30K/flickr30k_images/flickr30k_images/3258394043.jpg,person,0.8897079825401306,369.253173828125,170.95065307617188,459.470947265625,356.5079345703125,13
Flickr30K/3258394043.jpg,/content/Image_captioning_Local/Flickr30K/flickr30k_images/flickr30k_images/3258394043.jpg,person,0.8887898921966553,210.69273376464844,199.81117248535156,291.0680847167969,357.2322998046875,13
Flickr30K/3258394043.jpg,/content/Image_captioning_Local/Flickr30K/flickr30k_images/flickr30k_images/3258394043.jpg,person,0.8598631024360657,117.11778259277344,112.40731811523438,168.93768310546875,245.2406005859375,13
Flickr30K/3258394043.jpg,/content/Image_captioning_Local/Flickr30K/flickr30k_images/flickr30k_images/3258394043.jpg,person,0.8314055800437927,252.51455688476562,107.42903900146484,287.4598083496094,202.02578735351562,13
Flickr30K/3258394043.jpg,/content/Image_captioning_Local/Flickr30K/flickr30k_images/flickr30k_images/3258394043.jpg,person,0.7946368455886841,16.81804847717285,109.11949920654297,50.94499588012695,238.2870635986328,13
Flickr30K/3258394043.jpg,/content/Image_captioning_Local/Flickr30K/flickr30k_images/flickr30k_images/3258394043.jpg,person,0.6683239340782166,423.00726318359375,129.25857543945312,455.0320129394531,196.3561553955078,13
Flickr30K/3258394043.jpg,/content/Image_captioning_Local/Flickr30K/flickr30k_images/flickr30k_images/3258394043.jpg,person,0.5198519825935364,88.09335327148438,127.27696990966797,124.28388977050781,169.62826538085938,13
Flickr30K/3258394043.jpg,/content/Image_captioning_Local/Flickr30K/flickr30k_images/flickr30k_images/3258394043.jpg,book,0.4253874719142914,376.77764892578125,231.938720703125,415.83489990234375,277.2311096191406,13
Flickr30K/3258394043.jpg,/content/Image_captioning_Local/Flickr30K/flickr30k_images/flickr30k_images/3258394043.jpg,backpack,0.35159432888031006,444.4958801269531,213.2969207763672,488.8969421386719,260.8858337402344,13
Flickr30K/3258394043.jpg,/content/Image_captioning_Local/Flickr30K/flickr30k_images/flickr30k_images/3258394043.jpg,bottle,0.30410102009773254,100.07532501220703,160.9202117919922,107.94137573242188,178.96749877929688,13
Flickr30K/3258394043.jpg,/content/Image_captioning_Local/Flickr30K/flickr30k_images/flickr30k_images/3258394043.jpg,person,0.28637275099754333,86.64541625976562,127.3239974975586,125.22282409667969,222.862060546875,13
Flickr30K/3258394043.jpg,/content/Image_captioning_Local/Flickr30K/flickr30k_images/flickr30k_images/3258394043.jpg,dining table,0.2525206506252289,59.01868438720703,173.1648406982422,130.48330688476562,249.46827697753906,13
Flickr30K/3258395783.jpg,/content/Image_captioning_Local/Flickr30K/flickr30k_images/flickr30k_images/3258395783.jpg,person,0.9323616623878479,370.5062561035156,147.65701293945312,484.2529296875,330.34246826171875,7
Flickr30K/3258395783.jpg,/content/Image_captioning_Local/Flickr30K/flickr30k_images/flickr30k_images/3258395783.jpg,person,0.8675751090049744,289.8419494628906,207.1175537109375,404.24212646484375,331.0703125,7
Flickr30K/3258395783.jpg,/content/Image_captioning_Local/Flickr30K/flickr30k_images/flickr30k_images/3258395783.jpg,person,0.7292699813842773,385.04815673828125,166.76480102539062,402.3759460449219,222.42156982421875,7
Flickr30K/3258395783.jpg,/content/Image_captioning_Local/Flickr30K/flickr30k_images/flickr30k_images/3258395783.jpg,person,0.6855517625808716,274.832763671875,143.45626831054688,394.7970886230469,278.911865234375,7
Flickr30K/3258395783.jpg,/content/Image_captioning_Local/Flickr30K/flickr30k_images/flickr30k_images/3258395783.jpg,person,0.32830774784088135,487.90283203125,210.59832763671875,499.82281494140625,330.85736083984375,7
Flickr30K/3258395783.jpg,/content/Image_captioning_Local/Flickr30K/flickr30k_images/flickr30k_images/3258395783.jpg,person,0.32822930812835693,397.06683349609375,163.04058837890625,411.466064453125,218.45355224609375,7
Flickr30K/3258395783.jpg,/content/Image_captioning_Local/Flickr30K/flickr30k_images/flickr30k_images/3258395783.jpg,chair,0.2811405062675476,0.30978918075561523,299.6777038574219,73.79731750488281,332.072021484375,7
Flickr30K/3258396041.jpg,/content/Image_captioning_Local/Flickr30K/flickr30k_images/flickr30k_images/3258396041.jpg,person,0.9253908395767212,377.636474609375,0.684899091720581,462.11810302734375,156.942626953125,6
Flickr30K/3258396041.jpg,/content/Image_captioning_Local/Flickr30K/flickr30k_images/flickr30k_images/3258396041.jpg,person,0.9100693464279175,312.4961853027344,0.08640289306640625,377.1764221191406,158.76104736328125,6
Flickr30K/3258396041.jpg,/content/Image_captioning_Local/Flickr30K/flickr30k_images/flickr30k_images/3258396041.jpg,person,0.9047142267227173,229.8404998779297,0.48694610595703125,308.5553894042969,140.79258728027344,6
Flickr30K/3258396041.jpg,/content/Image_captioning_Local/Flickr30K/flickr30k_images/flickr30k_images/3258396041.jpg,person,0.8552055954933167,38.63737487792969,0.0,318.5224304199219,327.5177001953125,6
Flickr30K/3258396041.jpg,/content/Image_captioning_Local/Flickr30K/flickr30k_images/flickr30k_images/3258396041.jpg,person,0.8232347369194031,289.6669921875,183.94528198242188,497.5664978027344,329.8953857421875,6
Flickr30K/3258396041.jpg,/content/Image_captioning_Local/Flickr30K/flickr30k_images/flickr30k_images/3258396041.jpg,bicycle,0.4296551048755646,0.09008049964904785,71.1220703125,34.27471923828125,150.1987762451172,6
Flickr30K/3258397351.jpg,/content/Image_captioning_Local/Flickr30K/flickr30k_images/flickr30k_images/3258397351.jpg,person,0.869010329246521,140.47946166992188,107.80877685546875,263.5152282714844,316.8547058105469,27
Flickr30K/3258397351.jpg,/content/Image_captioning_Local/Flickr30K/flickr30k_images/flickr30k_images/3258397351.jpg,person,0.8421117663383484,233.97840881347656,115.35874938964844,325.9291076660156,297.1127624511719,27
Flickr30K/3258397351.jpg,/content/Image_captioning_Local/Flickr30K/flickr30k_images/flickr30k_images/3258397351.jpg,person,0.8350248336791992,426.80255126953125,112.90526580810547,499.85247802734375,292.84039306640625,27
Flickr30K/3258397351.jpg,/content/Image_captioning_Local/Flickr30K/flickr30k_images/flickr30k_images/3258397351.jpg,chair,0.8261570930480957,0.09234845638275146,163.25845336914062,44.71477508544922,305.6785583496094,27
Flickr30K/3258397351.jpg,/content/Image_captioning_Local/Flickr30K/flickr30k_images/flickr30k_images/3258397351.jpg,person,0.766047477722168,354.373779296875,56.241416931152344,430.7767333984375,246.54502868652344,27
Flickr30K/3258397351.jpg,/content/Image_captioning_Local/Flickr30K/flickr30k_images/flickr30k_images/3258397351.jpg,person,0.6974061727523804,50.38137435913086,94.8741455078125,117.19596099853516,262.9397888183594,27
Flickr30K/3258397351.jpg,/content/Image_captioning_Local/Flickr30K/flickr30k_images/flickr30k_images/3258397351.jpg,chair,0.6696214079856873,352.53204345703125,156.3004913330078,426.89453125,291.1221923828125,27
Flickr30K/3258397351.jpg,/content/Image_captioning_Local/Flickr30K/flickr30k_images/flickr30k_images/3258397351.jpg,person,0.6463397741317749,104.7832260131836,90.5172348022461,168.61891174316406,269.3857116699219,27
Flickr30K/3258397351.jpg,/content/Image_captioning_Local/Flickr30K/flickr30k_images/flickr30k_images/3258397351.jpg,person,0.6030077338218689,0.004184246063232422,72.62730407714844,62.0610237121582,243.65472412109375,27
Flickr30K/3258397351.jpg,/content/Image_captioning_Local/Flickr30K/flickr30k_images/flickr30k_images/3258397351.jpg,chair,0.5522274971008301,132.154541015625,172.3144073486328,182.7388458251953,307.75738525390625,27
Flickr30K/3258397351.jpg,/content/Image_captioning_Local/Flickr30K/flickr30k_images/flickr30k_images/3258397351.jpg,chair,0.5108467936515808,0.0,142.2413330078125,36.086666107177734,178.39932250976562,27
Flickr30K/3258397351.jpg,/content/Image_captioning_Local/Flickr30K/flickr30k_images/flickr30k_images/3258397351.jpg,person,0.4561154544353485,295.3703918457031,77.67920684814453,355.698486328125,144.21224975585938,27
Flickr30K/3258397351.jpg,/content/Image_captioning_Local/Flickr30K/flickr30k_images/flickr30k_images/3258397351.jpg,chair,0.41811835765838623,300.2532043457031,134.8224639892578,359.12628173828125,227.9752197265625,27
Flickr30K/3258397351.jpg,/content/Image_captioning_Local/Flickr30K/flickr30k_images/flickr30k_images/3258397351.jpg,chair,0.41608285903930664,282.0918273925781,102.79884338378906,301.9881896972656,139.84121704101562,27
Flickr30K/3258397351.jpg,/content/Image_captioning_Local/Flickr30K/flickr30k_images/flickr30k_images/3258397351.jpg,chair,0.40779808163642883,219.56324768066406,140.21029663085938,263.83660888671875,205.5717010498047,27
Flickr30K/3258397351.jpg,/content/Image_captioning_Local/Flickr30K/flickr30k_images/flickr30k_images/3258397351.jpg,chair,0.3990871012210846,457.17779541015625,8.983081817626953,487.52789306640625,43.667457580566406,27
Flickr30K/3258397351.jpg,/content/Image_captioning_Local/Flickr30K/flickr30k_images/flickr30k_images/3258397351.jpg,chair,0.38146570324897766,300.431396484375,134.364990234375,362.6915588378906,294.3439025878906,27
Flickr30K/3258397351.jpg,/content/Image_captioning_Local/Flickr30K/flickr30k_images/flickr30k_images/3258397351.jpg,person,0.3784131109714508,203.75094604492188,61.19213104248047,251.93905639648438,170.39808654785156,27
Flickr30K/3258397351.jpg,/content/Image_captioning_Local/Flickr30K/flickr30k_images/flickr30k_images/3258397351.jpg,chair,0.37281668186187744,45.90326690673828,157.52931213378906,119.17052459716797,265.85675048828125,27
Flickr30K/3258397351.jpg,/content/Image_captioning_Local/Flickr30K/flickr30k_images/flickr30k_images/3258397351.jpg,person,0.3722544312477112,230.34255981445312,77.00839233398438,287.6979675292969,142.6218719482422,27
Flickr30K/3258397351.jpg,/content/Image_captioning_Local/Flickr30K/flickr30k_images/flickr30k_images/3258397351.jpg,chair,0.29580190777778625,132.61070251464844,168.60113525390625,264.99566650390625,308.64208984375,27
Flickr30K/3258397351.jpg,/content/Image_captioning_Local/Flickr30K/flickr30k_images/flickr30k_images/3258397351.jpg,person,0.29299598932266235,168.29144287109375,10.863619804382324,203.13880920410156,108.88860321044922,27
Flickr30K/3258397351.jpg,/content/Image_captioning_Local/Flickr30K/flickr30k_images/flickr30k_images/3258397351.jpg,chair,0.27826616168022156,420.29486083984375,157.06724548339844,491.1776428222656,288.83148193359375,27
Flickr30K/3258397351.jpg,/content/Image_captioning_Local/Flickr30K/flickr30k_images/flickr30k_images/3258397351.jpg,person,0.27348068356513977,295.6123352050781,22.258424758911133,341.83843994140625,106.44917297363281,27
Flickr30K/3258397351.jpg,/content/Image_captioning_Local/Flickr30K/flickr30k_images/flickr30k_images/3258397351.jpg,chair,0.2644496262073517,0.1599520444869995,163.18927001953125,35.37930679321289,263.2887268066406,27
Flickr30K/3258397351.jpg,/content/Image_captioning_Local/Flickr30K/flickr30k_images/flickr30k_images/3258397351.jpg,person,0.25626811385154724,24.82280158996582,14.5904541015625,70.79153442382812,82.17313385009766,27
Flickr30K/3258397351.jpg,/content/Image_captioning_Local/Flickr30K/flickr30k_images/flickr30k_images/3258397351.jpg,chair,0.2555047273635864,465.4103698730469,11.286794662475586,487.36328125,43.2790641784668,27
Flickr30K/3258472448.jpg,/content/Image_captioning_Local/Flickr30K/flickr30k_images/flickr30k_images/3258472448.jpg,person,0.9164395332336426,6.260097026824951,268.23516845703125,93.93325805664062,469.5961608886719,2
Flickr30K/3258472448.jpg,/content/Image_captioning_Local/Flickr30K/flickr30k_images/flickr30k_images/3258472448.jpg,person,0.8470417857170105,263.05523681640625,276.60028076171875,321.0977478027344,424.8141174316406,2
Flickr30K/3258844689.jpg,/content/Image_captioning_Local/Flickr30K/flickr30k_images/flickr30k_images/3258844689.jpg,person,0.7742664813995361,7.586836814880371,34.75818634033203,287.85540771484375,500.0,2
Flickr30K/3258844689.jpg,/content/Image_captioning_Local/Flickr30K/flickr30k_images/flickr30k_images/3258844689.jpg,person,0.4258129894733429,196.79632568359375,206.9287567138672,278.5706481933594,288.3872375488281,2
Flickr30K/3258874419.jpg,/content/Image_captioning_Local/Flickr30K/flickr30k_images/flickr30k_images/3258874419.jpg,bird,0.7790303826332092,20.103073120117188,99.94697570800781,477.9481506347656,307.863525390625,1
Flickr30K/3258993719.jpg,/content/Image_captioning_Local/Flickr30K/flickr30k_images/flickr30k_images/3258993719.jpg,person,0.9023879170417786,171.94113159179688,120.11273956298828,497.42535400390625,463.86712646484375,2
Flickr30K/3258993719.jpg,/content/Image_captioning_Local/Flickr30K/flickr30k_images/flickr30k_images/3258993719.jpg,couch,0.8432519435882568,1.2758731842041016,202.21719360351562,493.44720458984375,463.54168701171875,2
Flickr30K/3259002340.jpg,/content/Image_captioning_Local/Flickr30K/flickr30k_images/flickr30k_images/3259002340.jpg,dog,0.9420684576034546,48.53028106689453,69.72827911376953,204.60195922851562,445.7285461425781,1
Flickr30K/3259110412.jpg,/content/Image_captioning_Local/Flickr30K/flickr30k_images/flickr30k_images/3259110412.jpg,,,,,,,0
Flickr30K/3259119085.jpg,/content/Image_captioning_Local/Flickr30K/flickr30k_images/flickr30k_images/3259119085.jpg,person,0.8671548366546631,13.541475296020508,47.352447509765625,104.08135986328125,142.30438232421875,12
Flickr30K/3259119085.jpg,/content/Image_captioning_Local/Flickr30K/flickr30k_images/flickr30k_images/3259119085.jpg,person,0.7265577912330627,230.70628356933594,172.62950134277344,443.1997985839844,297.21978759765625,12
Flickr30K/3259119085.jpg,/content/Image_captioning_Local/Flickr30K/flickr30k_images/flickr30k_images/3259119085.jpg,snowboard,0.7137851715087891,167.28335571289062,54.9171028137207,258.43212890625,96.70197296142578,12
Flickr30K/3259119085.jpg,/content/Image_captioning_Local/Flickr30K/flickr30k_images/flickr30k_images/3259119085.jpg,person,0.5345591306686401,312.2347106933594,0.40159642696380615,354.8835144042969,91.53710174560547,12
Flickr30K/3259119085.jpg,/content/Image_captioning_Local/Flickr30K/flickr30k_images/flickr30k_images/3259119085.jpg,person,0.5192797780036926,142.3826904296875,0.023791193962097168,255.04502868652344,86.62194061279297,12
Flickr30K/3259119085.jpg,/content/Image_captioning_Local/Flickr30K/flickr30k_images/flickr30k_images/3259119085.jpg,snowboard,0.45297539234161377,294.05267333984375,143.57504272460938,385.3192443847656,163.2850341796875,12
Flickr30K/3259119085.jpg,/content/Image_captioning_Local/Flickr30K/flickr30k_images/flickr30k_images/3259119085.jpg,person,0.42336395382881165,14.34415340423584,134.4285888671875,138.31124877929688,199.80233764648438,12
Flickr30K/3259119085.jpg,/content/Image_captioning_Local/Flickr30K/flickr30k_images/flickr30k_images/3259119085.jpg,person,0.3824092149734497,19.17936134338379,134.6572723388672,229.0516357421875,211.298583984375,12
Flickr30K/3259119085.jpg,/content/Image_captioning_Local/Flickr30K/flickr30k_images/flickr30k_images/3259119085.jpg,person,0.29960834980010986,47.111629486083984,161.8991241455078,216.0478515625,223.76986694335938,12
Flickr30K/3259119085.jpg,/content/Image_captioning_Local/Flickr30K/flickr30k_images/flickr30k_images/3259119085.jpg,skis,0.28826141357421875,228.47454833984375,102.42023468017578,320.3617248535156,128.3670196533203,12
Flickr30K/3259119085.jpg,/content/Image_captioning_Local/Flickr30K/flickr30k_images/flickr30k_images/3259119085.jpg,snowboard,0.2842871844768524,229.013427734375,102.4886474609375,319.9542236328125,128.46290588378906,12
Flickr30K/3259119085.jpg,/content/Image_captioning_Local/Flickr30K/flickr30k_images/flickr30k_images/3259119085.jpg,person,0.260996013879776,97.57132720947266,173.11727905273438,372.8062438964844,250.15530395507812,12
Flickr30K/3259160693.jpg,/content/Image_captioning_Local/Flickr30K/flickr30k_images/flickr30k_images/3259160693.jpg,person,0.864020824432373,48.87393569946289,36.6689453125,130.31019592285156,210.57403564453125,18
Flickr30K/3259160693.jpg,/content/Image_captioning_Local/Flickr30K/flickr30k_images/flickr30k_images/3259160693.jpg,person,0.8383288979530334,174.66378784179688,33.52469253540039,340.91400146484375,236.656005859375,18
Flickr30K/3259160693.jpg,/content/Image_captioning_Local/Flickr30K/flickr30k_images/flickr30k_images/3259160693.jpg,person,0.7028126120567322,129.8116912841797,37.41996383666992,177.73641967773438,192.2381134033203,18
Flickr30K/3259160693.jpg,/content/Image_captioning_Local/Flickr30K/flickr30k_images/flickr30k_images/3259160693.jpg,person,0.665240466594696,218.0319366455078,37.958168029785156,252.9674072265625,125.04129028320312,18
Flickr30K/3259160693.jpg,/content/Image_captioning_Local/Flickr30K/flickr30k_images/flickr30k_images/3259160693.jpg,person,0.6204336285591125,377.006103515625,45.881961822509766,419.535400390625,143.41427612304688,18
Flickr30K/3259160693.jpg,/content/Image_captioning_Local/Flickr30K/flickr30k_images/flickr30k_images/3259160693.jpg,person,0.5432007312774658,346.70196533203125,43.296409606933594,384.0474548339844,147.14816284179688,18
Flickr30K/3259160693.jpg,/content/Image_captioning_Local/Flickr30K/flickr30k_images/flickr30k_images/3259160693.jpg,person,0.4994986355304718,311.0784606933594,39.74275588989258,342.8609924316406,145.4121856689453,18
Flickr30K/3259160693.jpg,/content/Image_captioning_Local/Flickr30K/flickr30k_images/flickr30k_images/3259160693.jpg,handbag,0.4913307726383209,455.6424255371094,65.92416381835938,474.8843078613281,104.45013427734375,18
Flickr30K/3259160693.jpg,/content/Image_captioning_Local/Flickr30K/flickr30k_images/flickr30k_images/3259160693.jpg,person,0.4447437524795532,186.88946533203125,34.27650833129883,217.35101318359375,113.993408203125,18
Flickr30K/3259160693.jpg,/content/Image_captioning_Local/Flickr30K/flickr30k_images/flickr30k_images/3259160693.jpg,person,0.4142826795578003,485.5147399902344,63.707733154296875,499.8022155761719,155.0059814453125,18
Flickr30K/3259160693.jpg,/content/Image_captioning_Local/Flickr30K/flickr30k_images/flickr30k_images/3259160693.jpg,person,0.38262253999710083,436.5396423339844,47.30815887451172,475.32196044921875,149.36990356445312,18
Flickr30K/3259160693.jpg,/content/Image_captioning_Local/Flickr30K/flickr30k_images/flickr30k_images/3259160693.jpg,person,0.3813806474208832,418.08294677734375,61.324928283691406,442.86016845703125,145.2657012939453,18
Flickr30K/3259160693.jpg,/content/Image_captioning_Local/Flickr30K/flickr30k_images/flickr30k_images/3259160693.jpg,person,0.3339585065841675,34.96529006958008,40.859840393066406,68.3235855102539,143.21942138671875,18
Flickr30K/3259160693.jpg,/content/Image_captioning_Local/Flickr30K/flickr30k_images/flickr30k_images/3259160693.jpg,handbag,0.31319674849510193,410.2087097167969,103.38878631591797,426.8026428222656,126.47523498535156,18
Flickr30K/3259160693.jpg,/content/Image_captioning_Local/Flickr30K/flickr30k_images/flickr30k_images/3259160693.jpg,person,0.3010079562664032,0.05865544080734253,56.13233947753906,16.724929809570312,150.9329376220703,18
Flickr30K/3259160693.jpg,/content/Image_captioning_Local/Flickr30K/flickr30k_images/flickr30k_images/3259160693.jpg,person,0.30051377415657043,169.93234252929688,45.706031799316406,197.9239959716797,97.2779769897461,18
Flickr30K/3259160693.jpg,/content/Image_captioning_Local/Flickr30K/flickr30k_images/flickr30k_images/3259160693.jpg,person,0.28147077560424805,478.3037109375,41.63269805908203,499.7754211425781,145.36204528808594,18
Flickr30K/3259160693.jpg,/content/Image_captioning_Local/Flickr30K/flickr30k_images/flickr30k_images/3259160693.jpg,handbag,0.2665725648403168,457.1316833496094,50.368690490722656,475.84344482421875,104.97286224365234,18
Flickr30K/3259222690.jpg,/content/Image_captioning_Local/Flickr30K/flickr30k_images/flickr30k_images/3259222690.jpg,person,0.9202122688293457,208.970458984375,6.520640850067139,461.0242004394531,353.7069396972656,2
Flickr30K/3259222690.jpg,/content/Image_captioning_Local/Flickr30K/flickr30k_images/flickr30k_images/3259222690.jpg,person,0.8918085694313049,85.39969635009766,36.5544319152832,224.96829223632812,353.987548828125,2
Flickr30K/3259222980.jpg,/content/Image_captioning_Local/Flickr30K/flickr30k_images/flickr30k_images/3259222980.jpg,person,0.9335610270500183,116.61421966552734,40.25543975830078,246.48623657226562,265.6153564453125,9
Flickr30K/3259222980.jpg,/content/Image_captioning_Local/Flickr30K/flickr30k_images/flickr30k_images/3259222980.jpg,person,0.9164872765541077,291.9415588378906,21.123779296875,421.8642272949219,256.4454040527344,9
Flickr30K/3259222980.jpg,/content/Image_captioning_Local/Flickr30K/flickr30k_images/flickr30k_images/3259222980.jpg,bottle,0.8658400177955627,33.423851013183594,198.30194091796875,61.2750244140625,290.067138671875,9
Flickr30K/3259222980.jpg,/content/Image_captioning_Local/Flickr30K/flickr30k_images/flickr30k_images/3259222980.jpg,tv,0.6830481290817261,346.4070129394531,192.2269287109375,470.5153503417969,309.3894348144531,9
Flickr30K/3259222980.jpg,/content/Image_captioning_Local/Flickr30K/flickr30k_images/flickr30k_images/3259222980.jpg,car,0.6562262177467346,60.411834716796875,97.18199157714844,495.32318115234375,227.36273193359375,9
Flickr30K/3259222980.jpg,/content/Image_captioning_Local/Flickr30K/flickr30k_images/flickr30k_images/3259222980.jpg,car,0.579232394695282,0.14254748821258545,109.11451721191406,44.396080017089844,166.54257202148438,9
Flickr30K/3259222980.jpg,/content/Image_captioning_Local/Flickr30K/flickr30k_images/flickr30k_images/3259222980.jpg,umbrella,0.4035857021808624,54.60947036743164,0.06641149520874023,199.78863525390625,32.661949157714844,9
Flickr30K/3259222980.jpg,/content/Image_captioning_Local/Flickr30K/flickr30k_images/flickr30k_images/3259222980.jpg,umbrella,0.3828924298286438,452.981201171875,0.23376941680908203,499.8043212890625,30.077802658081055,9
Flickr30K/3259222980.jpg,/content/Image_captioning_Local/Flickr30K/flickr30k_images/flickr30k_images/3259222980.jpg,laptop,0.35206925868988037,121.44944763183594,217.77810668945312,221.63055419921875,285.2984313964844,9
Flickr30K/3259225196.jpg,/content/Image_captioning_Local/Flickr30K/flickr30k_images/flickr30k_images/3259225196.jpg,person,0.9630216360092163,0.17325878143310547,0.39843320846557617,210.33889770507812,329.1643981933594,6
Flickr30K/3259225196.jpg,/content/Image_captioning_Local/Flickr30K/flickr30k_images/flickr30k_images/3259225196.jpg,person,0.926608681678772,213.8302764892578,40.59772491455078,407.4006042480469,329.184326171875,6
Flickr30K/3259225196.jpg,/content/Image_captioning_Local/Flickr30K/flickr30k_images/flickr30k_images/3259225196.jpg,car,0.8949040770530701,404.87237548828125,72.66773986816406,499.7724914550781,146.05123901367188,6
Flickr30K/3259225196.jpg,/content/Image_captioning_Local/Flickr30K/flickr30k_images/flickr30k_images/3259225196.jpg,person,0.8536970019340515,194.99330139160156,100.28762817382812,224.38035583496094,164.7744598388672,6
Flickr30K/3259225196.jpg,/content/Image_captioning_Local/Flickr30K/flickr30k_images/flickr30k_images/3259225196.jpg,car,0.613728404045105,0.04971027374267578,78.39472198486328,50.876991271972656,114.8670883178711,6
Flickr30K/3259225196.jpg,/content/Image_captioning_Local/Flickr30K/flickr30k_images/flickr30k_images/3259225196.jpg,person,0.41617250442504883,387.9655456542969,84.9257583618164,414.635986328125,155.2490234375,6
Flickr30K/3259228898.jpg,/content/Image_captioning_Local/Flickr30K/flickr30k_images/flickr30k_images/3259228898.jpg,chair,0.8661636710166931,344.8277893066406,136.8865509033203,406.3893737792969,282.51995849609375,19
Flickr30K/3259228898.jpg,/content/Image_captioning_Local/Flickr30K/flickr30k_images/flickr30k_images/3259228898.jpg,person,0.8648976683616638,229.69656372070312,86.6117935180664,347.230712890625,281.15496826171875,19
Flickr30K/3259228898.jpg,/content/Image_captioning_Local/Flickr30K/flickr30k_images/flickr30k_images/3259228898.jpg,person,0.8138315081596375,0.3528892993927002,129.91671752929688,80.18535614013672,283.6986999511719,19
Flickr30K/3259228898.jpg,/content/Image_captioning_Local/Flickr30K/flickr30k_images/flickr30k_images/3259228898.jpg,person,0.8097892999649048,86.23851776123047,120.88198852539062,161.5664520263672,282.4089660644531,19
Flickr30K/3259228898.jpg,/content/Image_captioning_Local/Flickr30K/flickr30k_images/flickr30k_images/3259228898.jpg,person,0.7773779630661011,158.09490966796875,133.66766357421875,228.752685546875,280.3805236816406,19
Flickr30K/3259228898.jpg,/content/Image_captioning_Local/Flickr30K/flickr30k_images/flickr30k_images/3259228898.jpg,person,0.7411165237426758,392.5064697265625,140.12693786621094,493.9090270996094,286.6380310058594,19
Flickr30K/3259228898.jpg,/content/Image_captioning_Local/Flickr30K/flickr30k_images/flickr30k_images/3259228898.jpg,car,0.7049974203109741,116.13826751708984,19.54621124267578,170.5411376953125,44.696651458740234,19
Flickr30K/3259228898.jpg,/content/Image_captioning_Local/Flickr30K/flickr30k_images/flickr30k_images/3259228898.jpg,car,0.6876345276832581,336.3459777832031,23.377788543701172,391.0950012207031,46.36880111694336,19
Flickr30K/3259228898.jpg,/content/Image_captioning_Local/Flickr30K/flickr30k_images/flickr30k_images/3259228898.jpg,car,0.5834794640541077,276.0557556152344,27.087068557739258,327.3124084472656,46.260215759277344,19
Flickr30K/3259228898.jpg,/content/Image_captioning_Local/Flickr30K/flickr30k_images/flickr30k_images/3259228898.jpg,handbag,0.5812617540359497,457.3038635253906,179.02743530273438,498.79632568359375,241.7429656982422,19
Flickr30K/3259228898.jpg,/content/Image_captioning_Local/Flickr30K/flickr30k_images/flickr30k_images/3259228898.jpg,chair,0.4874613285064697,210.79071044921875,126.70478820800781,246.3408203125,181.453125,19
Flickr30K/3259228898.jpg,/content/Image_captioning_Local/Flickr30K/flickr30k_images/flickr30k_images/3259228898.jpg,car,0.48675087094306946,472.8006286621094,32.97157287597656,499.7568054199219,48.300697326660156,19
Flickr30K/3259228898.jpg,/content/Image_captioning_Local/Flickr30K/flickr30k_images/flickr30k_images/3259228898.jpg,person,0.34033188223838806,314.47894287109375,51.46050262451172,359.2441711425781,127.46758270263672,19
Flickr30K/3259228898.jpg,/content/Image_captioning_Local/Flickr30K/flickr30k_images/flickr30k_images/3259228898.jpg,car,0.3206758499145508,273.0124816894531,19.787384033203125,312.5982971191406,35.273860931396484,19
Flickr30K/3259228898.jpg,/content/Image_captioning_Local/Flickr30K/flickr30k_images/flickr30k_images/3259228898.jpg,person,0.3145754635334015,438.44000244140625,55.6904296875,495.197998046875,130.14076232910156,19
Flickr30K/3259228898.jpg,/content/Image_captioning_Local/Flickr30K/flickr30k_images/flickr30k_images/3259228898.jpg,person,0.3042123317718506,197.1405029296875,44.53556442260742,232.17124938964844,108.82308197021484,19
Flickr30K/3259228898.jpg,/content/Image_captioning_Local/Flickr30K/flickr30k_images/flickr30k_images/3259228898.jpg,person,0.2749747633934021,303.32379150390625,101.69694519042969,349.6304931640625,155.7560272216797,19
Flickr30K/3259228898.jpg,/content/Image_captioning_Local/Flickr30K/flickr30k_images/flickr30k_images/3259228898.jpg,person,0.26612961292266846,456.6861267089844,105.0437240600586,496.982177734375,186.62164306640625,19
Flickr30K/3259228898.jpg,/content/Image_captioning_Local/Flickr30K/flickr30k_images/flickr30k_images/3259228898.jpg,person,0.2544586658477783,133.67535400390625,106.24315643310547,186.40911865234375,208.62338256835938,19
Flickr30K/3259229498.jpg,/content/Image_captioning_Local/Flickr30K/flickr30k_images/flickr30k_images/3259229498.jpg,person,0.8560541272163391,198.85240173339844,216.9628143310547,288.7212829589844,332.1602783203125,22
Flickr30K/3259229498.jpg,/content/Image_captioning_Local/Flickr30K/flickr30k_images/flickr30k_images/3259229498.jpg,chair,0.7580907940864563,386.25054931640625,225.05140686035156,438.737060546875,267.3064270019531,22
Flickr30K/3259229498.jpg,/content/Image_captioning_Local/Flickr30K/flickr30k_images/flickr30k_images/3259229498.jpg,chair,0.7258386611938477,0.22115111351013184,294.9897155761719,69.54186248779297,332.3598327636719,22
Flickr30K/3259229498.jpg,/content/Image_captioning_Local/Flickr30K/flickr30k_images/flickr30k_images/3259229498.jpg,person,0.6905755996704102,115.09683227539062,205.72315979003906,203.82089233398438,315.3537902832031,22
Flickr30K/3259229498.jpg,/content/Image_captioning_Local/Flickr30K/flickr30k_images/flickr30k_images/3259229498.jpg,person,0.6072340607643127,359.9017028808594,129.24313354492188,382.6855773925781,186.157470703125,22
Flickr30K/3259229498.jpg,/content/Image_captioning_Local/Flickr30K/flickr30k_images/flickr30k_images/3259229498.jpg,chair,0.5692560076713562,403.4698486328125,205.23776245117188,447.15289306640625,252.34841918945312,22
Flickr30K/3259229498.jpg,/content/Image_captioning_Local/Flickr30K/flickr30k_images/flickr30k_images/3259229498.jpg,person,0.5257534980773926,9.594524383544922,211.96856689453125,100.36824035644531,330.7614440917969,22
Flickr30K/3259229498.jpg,/content/Image_captioning_Local/Flickr30K/flickr30k_images/flickr30k_images/3259229498.jpg,chair,0.5036212801933289,359.84820556640625,205.59390258789062,396.4784240722656,248.28240966796875,22
Flickr30K/3259229498.jpg,/content/Image_captioning_Local/Flickr30K/flickr30k_images/flickr30k_images/3259229498.jpg,person,0.46635326743125916,371.99188232421875,181.0950469970703,400.8371887207031,222.25067138671875,22
Flickr30K/3259229498.jpg,/content/Image_captioning_Local/Flickr30K/flickr30k_images/flickr30k_images/3259229498.jpg,person,0.4644433557987213,315.6527404785156,210.1776123046875,398.6185607910156,311.761962890625,22
Flickr30K/3259229498.jpg,/content/Image_captioning_Local/Flickr30K/flickr30k_images/flickr30k_images/3259229498.jpg,chair,0.4321902096271515,395.26171875,264.0257873535156,473.8087158203125,330.5331115722656,22
Flickr30K/3259229498.jpg,/content/Image_captioning_Local/Flickr30K/flickr30k_images/flickr30k_images/3259229498.jpg,person,0.4191976487636566,102.73068237304688,201.9727783203125,138.80174255371094,269.2021484375,22
Flickr30K/3259229498.jpg,/content/Image_captioning_Local/Flickr30K/flickr30k_images/flickr30k_images/3259229498.jpg,person,0.40236642956733704,332.469482421875,176.7081298828125,359.7475891113281,208.24098205566406,22
Flickr30K/3259229498.jpg,/content/Image_captioning_Local/Flickr30K/flickr30k_images/flickr30k_images/3259229498.jpg,person,0.3682669997215271,71.01019287109375,198.0377960205078,111.55884552001953,259.21685791015625,22
Flickr30K/3259229498.jpg,/content/Image_captioning_Local/Flickr30K/flickr30k_images/flickr30k_images/3259229498.jpg,chair,0.35149234533309937,284.09332275390625,218.330810546875,333.6393737792969,263.4421691894531,22
Flickr30K/3259229498.jpg,/content/Image_captioning_Local/Flickr30K/flickr30k_images/flickr30k_images/3259229498.jpg,person,0.3452468812465668,0.011056661605834961,199.03453063964844,21.172815322875977,278.04052734375,22
Flickr30K/3259229498.jpg,/content/Image_captioning_Local/Flickr30K/flickr30k_images/flickr30k_images/3259229498.jpg,person,0.32829973101615906,284.3327941894531,253.11326599121094,395.7777404785156,332.5396423339844,22
Flickr30K/3259229498.jpg,/content/Image_captioning_Local/Flickr30K/flickr30k_images/flickr30k_images/3259229498.jpg,person,0.32013553380966187,26.747840881347656,161.6864013671875,64.54725646972656,219.36886596679688,22
Flickr30K/3259229498.jpg,/content/Image_captioning_Local/Flickr30K/flickr30k_images/flickr30k_images/3259229498.jpg,chair,0.29525530338287354,239.3776397705078,207.28616333007812,262.99127197265625,226.63536071777344,22
Flickr30K/3259229498.jpg,/content/Image_captioning_Local/Flickr30K/flickr30k_images/flickr30k_images/3259229498.jpg,chair,0.2858644723892212,198.42367553710938,192.5417938232422,218.39776611328125,234.12457275390625,22
Flickr30K/3259229498.jpg,/content/Image_captioning_Local/Flickr30K/flickr30k_images/flickr30k_images/3259229498.jpg,chair,0.265418142080307,122.47795867919922,281.15277099609375,218.8340606689453,332.5439453125,22
Flickr30K/3259229498.jpg,/content/Image_captioning_Local/Flickr30K/flickr30k_images/flickr30k_images/3259229498.jpg,person,0.26466652750968933,246.12179565429688,177.46595764160156,276.2525634765625,212.10818481445312,22
Flickr30K/3259231890.jpg,/content/Image_captioning_Local/Flickr30K/flickr30k_images/flickr30k_images/3259231890.jpg,person,0.9047732353210449,8.708429336547852,51.28955841064453,178.34671020507812,328.384033203125,4
Flickr30K/3259231890.jpg,/content/Image_captioning_Local/Flickr30K/flickr30k_images/flickr30k_images/3259231890.jpg,person,0.8403942584991455,145.1195068359375,50.32524871826172,208.8277587890625,328.98712158203125,4
Flickr30K/3259231890.jpg,/content/Image_captioning_Local/Flickr30K/flickr30k_images/flickr30k_images/3259231890.jpg,person,0.319731742143631,290.9058532714844,164.5640869140625,320.85882568359375,217.54908752441406,4
Flickr30K/3259231890.jpg,/content/Image_captioning_Local/Flickr30K/flickr30k_images/flickr30k_images/3259231890.jpg,person,0.2851603031158447,291.5110168457031,190.86196899414062,333.8830871582031,285.0517883300781,4
Flickr30K/3259330901.jpg,/content/Image_captioning_Local/Flickr30K/flickr30k_images/flickr30k_images/3259330901.jpg,person,0.9245216846466064,2.9694557189941406,1.3637065887451172,461.86151123046875,357.0,1
Flickr30K/3259579174.jpg,/content/Image_captioning_Local/Flickr30K/flickr30k_images/flickr30k_images/3259579174.jpg,person,0.672203540802002,133.52713012695312,109.53390502929688,235.11505126953125,252.710205078125,1
Flickr30K/3259666643.jpg,/content/Image_captioning_Local/Flickr30K/flickr30k_images/flickr30k_images/3259666643.jpg,sports ball,0.9327564239501953,100.14862823486328,21.239513397216797,175.6014404296875,96.73448181152344,5
Flickr30K/3259666643.jpg,/content/Image_captioning_Local/Flickr30K/flickr30k_images/flickr30k_images/3259666643.jpg,person,0.9135891795158386,0.0,359.47119140625,49.5565071105957,499.2844543457031,5
Flickr30K/3259666643.jpg,/content/Image_captioning_Local/Flickr30K/flickr30k_images/flickr30k_images/3259666643.jpg,person,0.8981869220733643,42.42205810546875,124.50556945800781,239.99200439453125,498.817626953125,5
Flickr30K/3259666643.jpg,/content/Image_captioning_Local/Flickr30K/flickr30k_images/flickr30k_images/3259666643.jpg,person,0.8850253224372864,85.74896240234375,19.721269607543945,326.72418212890625,500.0,5
Flickr30K/3259666643.jpg,/content/Image_captioning_Local/Flickr30K/flickr30k_images/flickr30k_images/3259666643.jpg,person,0.5644044876098633,293.31640625,323.9488220214844,326.90008544921875,387.1307678222656,5
Flickr30K/3259694057.jpg,/content/Image_captioning_Local/Flickr30K/flickr30k_images/flickr30k_images/3259694057.jpg,dog,0.9420555233955383,106.84159851074219,123.77308654785156,221.553466796875,457.1646728515625,3
Flickr30K/3259694057.jpg,/content/Image_captioning_Local/Flickr30K/flickr30k_images/flickr30k_images/3259694057.jpg,person,0.8358522057533264,101.49870300292969,148.82565307617188,121.67897033691406,192.88360595703125,3
Flickr30K/3259694057.jpg,/content/Image_captioning_Local/Flickr30K/flickr30k_images/flickr30k_images/3259694057.jpg,person,0.7007624506950378,82.47003173828125,159.8837127685547,103.5838394165039,192.8651580810547,3
Flickr30K/3259757648.jpg,/content/Image_captioning_Local/Flickr30K/flickr30k_images/flickr30k_images/3259757648.jpg,dog,0.9345202445983887,276.41107177734375,35.54534912109375,446.4508972167969,138.2352294921875,1
Flickr30K/3259883609.jpg,/content/Image_captioning_Local/Flickr30K/flickr30k_images/flickr30k_images/3259883609.jpg,dog,0.9691168069839478,3.854250907897949,48.23170852661133,293.80792236328125,202.18849182128906,2
Flickr30K/3259883609.jpg,/content/Image_captioning_Local/Flickr30K/flickr30k_images/flickr30k_images/3259883609.jpg,bird,0.9424315690994263,370.0222473144531,35.89044952392578,462.9309997558594,189.514404296875,2
Flickr30K/3259991972.jpg,/content/Image_captioning_Local/Flickr30K/flickr30k_images/flickr30k_images/3259991972.jpg,person,0.8733609914779663,121.33338165283203,99.75933837890625,163.4803009033203,206.93698120117188,15
Flickr30K/3259991972.jpg,/content/Image_captioning_Local/Flickr30K/flickr30k_images/flickr30k_images/3259991972.jpg,person,0.8580623269081116,270.6578674316406,121.89390563964844,298.78326416015625,187.24424743652344,15
Flickr30K/3259991972.jpg,/content/Image_captioning_Local/Flickr30K/flickr30k_images/flickr30k_images/3259991972.jpg,person,0.8529440760612488,173.9207305908203,105.47056579589844,216.1734161376953,207.07054138183594,15
Flickr30K/3259991972.jpg,/content/Image_captioning_Local/Flickr30K/flickr30k_images/flickr30k_images/3259991972.jpg,person,0.8461921215057373,19.66617202758789,131.7776641845703,221.76797485351562,324.4515075683594,15
Flickr30K/3259991972.jpg,/content/Image_captioning_Local/Flickr30K/flickr30k_images/flickr30k_images/3259991972.jpg,person,0.8107060194015503,236.2082977294922,98.93421173095703,268.30859375,192.9503936767578,15
Flickr30K/3259991972.jpg,/content/Image_captioning_Local/Flickr30K/flickr30k_images/flickr30k_images/3259991972.jpg,person,0.6984843015670776,416.6153869628906,93.27080535888672,437.19769287109375,147.15431213378906,15
Flickr30K/3259991972.jpg,/content/Image_captioning_Local/Flickr30K/flickr30k_images/flickr30k_images/3259991972.jpg,person,0.6247475147247314,353.2334289550781,97.1517562866211,375.0762023925781,154.58602905273438,15
Flickr30K/3259991972.jpg,/content/Image_captioning_Local/Flickr30K/flickr30k_images/flickr30k_images/3259991972.jpg,person,0.4980132579803467,205.97720336914062,103.48059844970703,230.09634399414062,163.66941833496094,15
Flickr30K/3259991972.jpg,/content/Image_captioning_Local/Flickr30K/flickr30k_images/flickr30k_images/3259991972.jpg,person,0.48195382952690125,301.3765869140625,115.10935974121094,326.3837890625,159.218017578125,15
Flickr30K/3259991972.jpg,/content/Image_captioning_Local/Flickr30K/flickr30k_images/flickr30k_images/3259991972.jpg,person,0.46692541241645813,331.5506896972656,94.96402740478516,349.5022888183594,139.1773223876953,15
Flickr30K/3259991972.jpg,/content/Image_captioning_Local/Flickr30K/flickr30k_images/flickr30k_images/3259991972.jpg,skateboard,0.4617915451526642,64.86759948730469,275.83599853515625,173.62242126464844,328.936279296875,15
Flickr30K/3259991972.jpg,/content/Image_captioning_Local/Flickr30K/flickr30k_images/flickr30k_images/3259991972.jpg,person,0.42213425040245056,269.7585144042969,98.56285858154297,292.013916015625,132.31243896484375,15
Flickr30K/3259991972.jpg,/content/Image_captioning_Local/Flickr30K/flickr30k_images/flickr30k_images/3259991972.jpg,person,0.3841833472251892,319.09075927734375,112.71818542480469,340.70068359375,153.12452697753906,15
Flickr30K/3259991972.jpg,/content/Image_captioning_Local/Flickr30K/flickr30k_images/flickr30k_images/3259991972.jpg,person,0.278920441865921,477.24322509765625,98.4304428100586,488.583740234375,125.4209976196289,15
Flickr30K/3259991972.jpg,/content/Image_captioning_Local/Flickr30K/flickr30k_images/flickr30k_images/3259991972.jpg,person,0.2731529176235199,176.37689208984375,99.39956665039062,188.60427856445312,123.61206817626953,15
Flickr30K/3259992164.jpg,/content/Image_captioning_Local/Flickr30K/flickr30k_images/flickr30k_images/3259992164.jpg,person,0.8728927969932556,305.4040832519531,111.10721588134766,433.9556579589844,290.2192687988281,17
Flickr30K/3259992164.jpg,/content/Image_captioning_Local/Flickr30K/flickr30k_images/flickr30k_images/3259992164.jpg,person,0.8242764472961426,61.87003707885742,112.34323120117188,126.93186950683594,251.68829345703125,17
Flickr30K/3259992164.jpg,/content/Image_captioning_Local/Flickr30K/flickr30k_images/flickr30k_images/3259992164.jpg,person,0.7935040593147278,141.8885955810547,130.94248962402344,218.75509643554688,250.27804565429688,17
Flickr30K/3259992164.jpg,/content/Image_captioning_Local/Flickr30K/flickr30k_images/flickr30k_images/3259992164.jpg,person,0.7004938125610352,241.65586853027344,155.93724060058594,414.3067932128906,294.103759765625,17
Flickr30K/3259992164.jpg,/content/Image_captioning_Local/Flickr30K/flickr30k_images/flickr30k_images/3259992164.jpg,person,0.6726155877113342,10.154825210571289,82.49092102050781,62.45820999145508,230.14822387695312,17
Flickr30K/3259992164.jpg,/content/Image_captioning_Local/Flickr30K/flickr30k_images/flickr30k_images/3259992164.jpg,person,0.646236777305603,333.6006774902344,87.33580017089844,369.6858825683594,135.1356964111328,17
Flickr30K/3259992164.jpg,/content/Image_captioning_Local/Flickr30K/flickr30k_images/flickr30k_images/3259992164.jpg,person,0.5947349667549133,220.39862060546875,88.40699005126953,258.2747497558594,184.20156860351562,17
Flickr30K/3259992164.jpg,/content/Image_captioning_Local/Flickr30K/flickr30k_images/flickr30k_images/3259992164.jpg,person,0.5705412030220032,274.5732421875,112.08428955078125,315.6347961425781,170.62359619140625,17
Flickr30K/3259992164.jpg,/content/Image_captioning_Local/Flickr30K/flickr30k_images/flickr30k_images/3259992164.jpg,person,0.546546459197998,450.7535400390625,111.13961791992188,480.87677001953125,208.96649169921875,17
Flickr30K/3259992164.jpg,/content/Image_captioning_Local/Flickr30K/flickr30k_images/flickr30k_images/3259992164.jpg,person,0.4147588014602661,472.3653869628906,92.30098724365234,499.77587890625,207.04669189453125,17
Flickr30K/3259992164.jpg,/content/Image_captioning_Local/Flickr30K/flickr30k_images/flickr30k_images/3259992164.jpg,person,0.3991968631744385,143.44168090820312,83.21261596679688,188.40093994140625,151.6449432373047,17
Flickr30K/3259992164.jpg,/content/Image_captioning_Local/Flickr30K/flickr30k_images/flickr30k_images/3259992164.jpg,person,0.3658512830734253,179.47264099121094,82.12399291992188,216.31085205078125,171.17901611328125,17
Flickr30K/3259992164.jpg,/content/Image_captioning_Local/Flickr30K/flickr30k_images/flickr30k_images/3259992164.jpg,person,0.3574232757091522,253.57618713378906,90.40341186523438,286.891357421875,182.69114685058594,17
Flickr30K/3259992164.jpg,/content/Image_captioning_Local/Flickr30K/flickr30k_images/flickr30k_images/3259992164.jpg,handbag,0.3382641077041626,481.9029846191406,160.78466796875,499.9190368652344,188.6183319091797,17
Flickr30K/3259992164.jpg,/content/Image_captioning_Local/Flickr30K/flickr30k_images/flickr30k_images/3259992164.jpg,person,0.3305583596229553,308.8565673828125,79.00686645507812,343.98565673828125,139.1710968017578,17
Flickr30K/3259992164.jpg,/content/Image_captioning_Local/Flickr30K/flickr30k_images/flickr30k_images/3259992164.jpg,person,0.3114597797393799,415.8119201660156,91.89595031738281,455.60015869140625,207.73831176757812,17
Flickr30K/3259992164.jpg,/content/Image_captioning_Local/Flickr30K/flickr30k_images/flickr30k_images/3259992164.jpg,person,0.274909645318985,448.0454406738281,63.1260871887207,477.4208068847656,123.43811798095703,17
Flickr30K/3259992638.jpg,/content/Image_captioning_Local/Flickr30K/flickr30k_images/flickr30k_images/3259992638.jpg,person,0.911896824836731,301.31787109375,108.43984985351562,460.0267333984375,300.3293762207031,16
Flickr30K/3259992638.jpg,/content/Image_captioning_Local/Flickr30K/flickr30k_images/flickr30k_images/3259992638.jpg,person,0.8936073184013367,75.18460845947266,70.28899383544922,192.07119750976562,268.22503662109375,16
Flickr30K/3259992638.jpg,/content/Image_captioning_Local/Flickr30K/flickr30k_images/flickr30k_images/3259992638.jpg,person,0.8394054174423218,204.0416717529297,145.3965606689453,262.80035400390625,245.27487182617188,16
Flickr30K/3259992638.jpg,/content/Image_captioning_Local/Flickr30K/flickr30k_images/flickr30k_images/3259992638.jpg,person,0.8252970576286316,150.56788635253906,127.0303726196289,206.36964416503906,247.34425354003906,16
Flickr30K/3259992638.jpg,/content/Image_captioning_Local/Flickr30K/flickr30k_images/flickr30k_images/3259992638.jpg,person,0.6823928952217102,241.04208374023438,100.61225891113281,278.0498962402344,178.8422088623047,16
Flickr30K/3259992638.jpg,/content/Image_captioning_Local/Flickr30K/flickr30k_images/flickr30k_images/3259992638.jpg,person,0.5662829875946045,276.27496337890625,101.73420715332031,310.76544189453125,190.78775024414062,16
Flickr30K/3259992638.jpg,/content/Image_captioning_Local/Flickr30K/flickr30k_images/flickr30k_images/3259992638.jpg,person,0.466716468334198,473.97119140625,127.65750885009766,499.6839599609375,214.44630432128906,16
Flickr30K/3259992638.jpg,/content/Image_captioning_Local/Flickr30K/flickr30k_images/flickr30k_images/3259992638.jpg,person,0.45146986842155457,11.174660682678223,106.04088592529297,63.079158782958984,215.2964324951172,16
Flickr30K/3259992638.jpg,/content/Image_captioning_Local/Flickr30K/flickr30k_images/flickr30k_images/3259992638.jpg,person,0.39878207445144653,418.95513916015625,110.05827331542969,460.5984802246094,216.1385040283203,16
Flickr30K/3259992638.jpg,/content/Image_captioning_Local/Flickr30K/flickr30k_images/flickr30k_images/3259992638.jpg,person,0.3605191707611084,5.137178421020508,86.38231658935547,43.3358268737793,197.66162109375,16
Flickr30K/3259992638.jpg,/content/Image_captioning_Local/Flickr30K/flickr30k_images/flickr30k_images/3259992638.jpg,person,0.32402104139328003,302.1900634765625,109.58222198486328,335.9927673339844,189.4256591796875,16
Flickr30K/3259992638.jpg,/content/Image_captioning_Local/Flickr30K/flickr30k_images/flickr30k_images/3259992638.jpg,person,0.29339006543159485,328.7854309082031,108.9331283569336,352.02520751953125,146.7246551513672,16
Flickr30K/3259992638.jpg,/content/Image_captioning_Local/Flickr30K/flickr30k_images/flickr30k_images/3259992638.jpg,backpack,0.28306302428245544,138.61587524414062,137.78488159179688,176.8760986328125,199.860595703125,16
Flickr30K/3259992638.jpg,/content/Image_captioning_Local/Flickr30K/flickr30k_images/flickr30k_images/3259992638.jpg,person,0.2773127853870392,3.3306241035461426,198.95169067382812,66.06787109375,249.15512084960938,16
Flickr30K/3259992638.jpg,/content/Image_captioning_Local/Flickr30K/flickr30k_images/flickr30k_images/3259992638.jpg,person,0.27687951922416687,330.44329833984375,128.13063049316406,364.75390625,199.78146362304688,16
Flickr30K/3259992638.jpg,/content/Image_captioning_Local/Flickr30K/flickr30k_images/flickr30k_images/3259992638.jpg,person,0.2684277892112732,59.87234115600586,99.78890228271484,90.15831756591797,204.40005493164062,16
Flickr30K/3259992722.jpg,/content/Image_captioning_Local/Flickr30K/flickr30k_images/flickr30k_images/3259992722.jpg,person,0.918763279914856,261.8498840332031,65.99188995361328,383.5476989746094,329.7890625,14
Flickr30K/3259992722.jpg,/content/Image_captioning_Local/Flickr30K/flickr30k_images/flickr30k_images/3259992722.jpg,person,0.7917508482933044,200.13356018066406,84.70315551757812,263.8538818359375,229.01034545898438,14
Flickr30K/3259992722.jpg,/content/Image_captioning_Local/Flickr30K/flickr30k_images/flickr30k_images/3259992722.jpg,person,0.6993060111999512,143.75009155273438,73.67111206054688,196.10659790039062,220.1951446533203,14
Flickr30K/3259992722.jpg,/content/Image_captioning_Local/Flickr30K/flickr30k_images/flickr30k_images/3259992722.jpg,person,0.6627227663993835,463.5221862792969,122.8128433227539,499.794921875,312.2118835449219,14
Flickr30K/3259992722.jpg,/content/Image_captioning_Local/Flickr30K/flickr30k_images/flickr30k_images/3259992722.jpg,person,0.6531409621238708,394.2524108886719,86.82876586914062,442.46673583984375,233.89468383789062,14
Flickr30K/3259992722.jpg,/content/Image_captioning_Local/Flickr30K/flickr30k_images/flickr30k_images/3259992722.jpg,person,0.6147592663764954,7.006165504455566,83.43156433105469,46.0257453918457,216.1918182373047,14
Flickr30K/3259992722.jpg,/content/Image_captioning_Local/Flickr30K/flickr30k_images/flickr30k_images/3259992722.jpg,person,0.4655265510082245,89.47295379638672,95.01605224609375,137.0608367919922,224.88174438476562,14
Flickr30K/3259992722.jpg,/content/Image_captioning_Local/Flickr30K/flickr30k_images/flickr30k_images/3259992722.jpg,person,0.4626184105873108,0.06157606840133667,96.85281372070312,14.176243782043457,218.63389587402344,14
Flickr30K/3259992722.jpg,/content/Image_captioning_Local/Flickr30K/flickr30k_images/flickr30k_images/3259992722.jpg,handbag,0.3801722228527069,398.93548583984375,134.24668884277344,428.3443603515625,160.9849853515625,14
Flickr30K/3259992722.jpg,/content/Image_captioning_Local/Flickr30K/flickr30k_images/flickr30k_images/3259992722.jpg,person,0.3605618178844452,46.297183990478516,90.8180923461914,88.1109390258789,221.57394409179688,14
Flickr30K/3259992722.jpg,/content/Image_captioning_Local/Flickr30K/flickr30k_images/flickr30k_images/3259992722.jpg,person,0.33235231041908264,190.52090454101562,77.16940307617188,225.75173950195312,217.954345703125,14
Flickr30K/3259992722.jpg,/content/Image_captioning_Local/Flickr30K/flickr30k_images/flickr30k_images/3259992722.jpg,clock,0.28870850801467896,74.41959381103516,4.336535930633545,101.73051452636719,32.02589797973633,14
Flickr30K/3259992722.jpg,/content/Image_captioning_Local/Flickr30K/flickr30k_images/flickr30k_images/3259992722.jpg,handbag,0.2833963930606842,445.7215270996094,147.135498046875,467.2613220214844,181.14938354492188,14
Flickr30K/3259992722.jpg,/content/Image_captioning_Local/Flickr30K/flickr30k_images/flickr30k_images/3259992722.jpg,person,0.25887206196784973,368.131103515625,117.10853576660156,398.5251770019531,241.66354370117188,14
Flickr30K/3260088697.jpg,/content/Image_captioning_Local/Flickr30K/flickr30k_images/flickr30k_images/3260088697.jpg,person,0.9106674790382385,0.06379485130310059,1.1057138442993164,49.267921447753906,219.982666015625,2
Flickr30K/3260088697.jpg,/content/Image_captioning_Local/Flickr30K/flickr30k_images/flickr30k_images/3260088697.jpg,person,0.8516457080841064,171.68080139160156,72.14681243896484,346.1173400878906,251.17645263671875,2
Flickr30K/3260191163.jpg,/content/Image_captioning_Local/Flickr30K/flickr30k_images/flickr30k_images/3260191163.jpg,dog,0.9137423634529114,98.98088073730469,46.985076904296875,328.50457763671875,190.7996826171875,2
Flickr30K/3260191163.jpg,/content/Image_captioning_Local/Flickr30K/flickr30k_images/flickr30k_images/3260191163.jpg,dog,0.8654108047485352,158.63198852539062,54.466068267822266,470.51495361328125,190.54098510742188,2
Flickr30K/3260214530.jpg,/content/Image_captioning_Local/Flickr30K/flickr30k_images/flickr30k_images/3260214530.jpg,person,0.9086991548538208,144.18414306640625,100.82157897949219,242.98130798339844,322.3465881347656,3
Flickr30K/3260214530.jpg,/content/Image_captioning_Local/Flickr30K/flickr30k_images/flickr30k_images/3260214530.jpg,person,0.8300305008888245,101.25689697265625,109.35381317138672,165.9737091064453,284.3106384277344,3
Flickr30K/3260214530.jpg,/content/Image_captioning_Local/Flickr30K/flickr30k_images/flickr30k_images/3260214530.jpg,bench,0.4641161561012268,216.359619140625,164.52293395996094,314.41143798828125,298.1433410644531,3
Flickr30K/326028454.jpg,/content/Image_captioning_Local/Flickr30K/flickr30k_images/flickr30k_images/326028454.jpg,person,0.9392078518867493,46.56281280517578,2.5429725646972656,375.0,497.52996826171875,5
Flickr30K/326028454.jpg,/content/Image_captioning_Local/Flickr30K/flickr30k_images/flickr30k_images/326028454.jpg,person,0.8431926369667053,0.018310546875,53.122989654541016,104.93476104736328,182.47885131835938,5
Flickr30K/326028454.jpg,/content/Image_captioning_Local/Flickr30K/flickr30k_images/flickr30k_images/326028454.jpg,person,0.841468095779419,278.99053955078125,91.10987091064453,365.8955993652344,188.15560913085938,5
Flickr30K/326028454.jpg,/content/Image_captioning_Local/Flickr30K/flickr30k_images/flickr30k_images/326028454.jpg,person,0.47497302293777466,254.6031494140625,61.7238655090332,293.8115539550781,120.11958312988281,5
Flickr30K/326028454.jpg,/content/Image_captioning_Local/Flickr30K/flickr30k_images/flickr30k_images/326028454.jpg,person,0.4656219184398651,75.33850860595703,85.10257720947266,110.0382080078125,127.04570007324219,5
Flickr30K/3260428543.jpg,/content/Image_captioning_Local/Flickr30K/flickr30k_images/flickr30k_images/3260428543.jpg,person,0.9000956416130066,348.1131591796875,91.68548583984375,500.0,302.3747863769531,11
Flickr30K/3260428543.jpg,/content/Image_captioning_Local/Flickr30K/flickr30k_images/flickr30k_images/3260428543.jpg,person,0.7811868190765381,231.99301147460938,99.27622985839844,366.28912353515625,285.7084045410156,11
Flickr30K/3260428543.jpg,/content/Image_captioning_Local/Flickr30K/flickr30k_images/flickr30k_images/3260428543.jpg,person,0.7550846934318542,468.8124694824219,76.27932739257812,499.7742614746094,235.64346313476562,11
Flickr30K/3260428543.jpg,/content/Image_captioning_Local/Flickr30K/flickr30k_images/flickr30k_images/3260428543.jpg,person,0.7438198328018188,264.61920166015625,8.226299285888672,343.6579284667969,155.851318359375,11
Flickr30K/3260428543.jpg,/content/Image_captioning_Local/Flickr30K/flickr30k_images/flickr30k_images/3260428543.jpg,person,0.6954839825630188,162.19772338867188,99.38416290283203,290.61627197265625,283.8266906738281,11
Flickr30K/3260428543.jpg,/content/Image_captioning_Local/Flickr30K/flickr30k_images/flickr30k_images/3260428543.jpg,person,0.6881937384605408,419.9095764160156,75.21884155273438,488.7347106933594,240.93463134765625,11
Flickr30K/3260428543.jpg,/content/Image_captioning_Local/Flickr30K/flickr30k_images/flickr30k_images/3260428543.jpg,person,0.4320918917655945,20.385086059570312,93.03779602050781,121.54814910888672,329.40374755859375,11
Flickr30K/3260428543.jpg,/content/Image_captioning_Local/Flickr30K/flickr30k_images/flickr30k_images/3260428543.jpg,person,0.4263486862182617,116.4955825805664,124.45085144042969,204.65771484375,315.1844177246094,11
Flickr30K/3260428543.jpg,/content/Image_captioning_Local/Flickr30K/flickr30k_images/flickr30k_images/3260428543.jpg,person,0.42497026920318604,20.50707244873047,95.3399658203125,203.75709533691406,330.902099609375,11
Flickr30K/3260428543.jpg,/content/Image_captioning_Local/Flickr30K/flickr30k_images/flickr30k_images/3260428543.jpg,person,0.40675589442253113,129.15744018554688,77.0923843383789,179.4605712890625,138.2781219482422,11
Flickr30K/3260428543.jpg,/content/Image_captioning_Local/Flickr30K/flickr30k_images/flickr30k_images/3260428543.jpg,person,0.4052636921405792,79.35494995117188,125.36387634277344,204.33888244628906,317.7183532714844,11
Flickr30K/3260768565.jpg,/content/Image_captioning_Local/Flickr30K/flickr30k_images/flickr30k_images/3260768565.jpg,person,0.886012077331543,348.93426513671875,97.53413391113281,489.1088562011719,328.5508728027344,5
Flickr30K/3260768565.jpg,/content/Image_captioning_Local/Flickr30K/flickr30k_images/flickr30k_images/3260768565.jpg,person,0.81638103723526,160.98886108398438,134.8527374267578,232.13705444335938,328.7464599609375,5
Flickr30K/3260768565.jpg,/content/Image_captioning_Local/Flickr30K/flickr30k_images/flickr30k_images/3260768565.jpg,person,0.676925539970398,235.42666625976562,172.40538024902344,278.7088928222656,297.1484069824219,5
Flickr30K/3260768565.jpg,/content/Image_captioning_Local/Flickr30K/flickr30k_images/flickr30k_images/3260768565.jpg,person,0.5604659914970398,111.4979019165039,148.78416442871094,148.3033447265625,251.7647705078125,5
Flickr30K/3260768565.jpg,/content/Image_captioning_Local/Flickr30K/flickr30k_images/flickr30k_images/3260768565.jpg,person,0.3427885174751282,320.1658630371094,165.1930389404297,352.36566162109375,287.42236328125,5
Flickr30K/3260975858.jpg,/content/Image_captioning_Local/Flickr30K/flickr30k_images/flickr30k_images/3260975858.jpg,dog,0.9162758588790894,244.02818298339844,117.5242919921875,288.59814453125,172.9134979248047,6
Flickr30K/3260975858.jpg,/content/Image_captioning_Local/Flickr30K/flickr30k_images/flickr30k_images/3260975858.jpg,dog,0.8621992468833923,166.0213165283203,120.47932434082031,233.07911682128906,225.23648071289062,6
Flickr30K/3260975858.jpg,/content/Image_captioning_Local/Flickr30K/flickr30k_images/flickr30k_images/3260975858.jpg,dog,0.8304408192634583,293.87469482421875,113.27674102783203,330.3539733886719,169.99351501464844,6
Flickr30K/3260975858.jpg,/content/Image_captioning_Local/Flickr30K/flickr30k_images/flickr30k_images/3260975858.jpg,person,0.7963886857032776,318.882080078125,73.31697845458984,350.35809326171875,149.66934204101562,6
Flickr30K/3260975858.jpg,/content/Image_captioning_Local/Flickr30K/flickr30k_images/flickr30k_images/3260975858.jpg,dog,0.39998260140419006,128.5106201171875,113.49687194824219,213.40603637695312,216.6401824951172,6
Flickr30K/3260975858.jpg,/content/Image_captioning_Local/Flickr30K/flickr30k_images/flickr30k_images/3260975858.jpg,dog,0.38105690479278564,128.7679901123047,113.70820617675781,175.5061798095703,215.9005584716797,6
Flickr30K/3261493263.jpg,/content/Image_captioning_Local/Flickr30K/flickr30k_images/flickr30k_images/3261493263.jpg,person,0.8558942675590515,144.8042449951172,15.89810848236084,354.7174987792969,258.6332702636719,14
Flickr30K/3261493263.jpg,/content/Image_captioning_Local/Flickr30K/flickr30k_images/flickr30k_images/3261493263.jpg,dog,0.8439887166023254,297.9981994628906,259.64239501953125,395.41717529296875,429.7813415527344,14
Flickr30K/3261493263.jpg,/content/Image_captioning_Local/Flickr30K/flickr30k_images/flickr30k_images/3261493263.jpg,person,0.819404661655426,386.96527099609375,161.63539123535156,471.5670471191406,406.8436584472656,14
Flickr30K/3261493263.jpg,/content/Image_captioning_Local/Flickr30K/flickr30k_images/flickr30k_images/3261493263.jpg,dog,0.805594265460968,220.05882263183594,231.24838256835938,310.7275085449219,459.5926208496094,14
Flickr30K/3261493263.jpg,/content/Image_captioning_Local/Flickr30K/flickr30k_images/flickr30k_images/3261493263.jpg,person,0.7686653137207031,5.023133754730225,153.58213806152344,80.65984344482422,393.2734069824219,14
Flickr30K/3261493263.jpg,/content/Image_captioning_Local/Flickr30K/flickr30k_images/flickr30k_images/3261493263.jpg,dog,0.6844339966773987,118.89226531982422,263.3897705078125,197.6744384765625,460.67401123046875,14
Flickr30K/3261493263.jpg,/content/Image_captioning_Local/Flickr30K/flickr30k_images/flickr30k_images/3261493263.jpg,dog,0.6302298903465271,88.33474731445312,235.960205078125,169.3309326171875,437.2960205078125,14
Flickr30K/3261493263.jpg,/content/Image_captioning_Local/Flickr30K/flickr30k_images/flickr30k_images/3261493263.jpg,person,0.6185990571975708,331.82989501953125,98.44181823730469,401.3764953613281,197.48423767089844,14
Flickr30K/3261493263.jpg,/content/Image_captioning_Local/Flickr30K/flickr30k_images/flickr30k_images/3261493263.jpg,person,0.5331892967224121,51.814056396484375,72.95391845703125,108.27872467041016,171.18780517578125,14
Flickr30K/3261493263.jpg,/content/Image_captioning_Local/Flickr30K/flickr30k_images/flickr30k_images/3261493263.jpg,person,0.46267056465148926,340.37774658203125,166.3505859375,392.62347412109375,264.80499267578125,14
Flickr30K/3261493263.jpg,/content/Image_captioning_Local/Flickr30K/flickr30k_images/flickr30k_images/3261493263.jpg,person,0.3619486391544342,425.5258483886719,88.28606414794922,472.0,169.277099609375,14
Flickr30K/3261493263.jpg,/content/Image_captioning_Local/Flickr30K/flickr30k_images/flickr30k_images/3261493263.jpg,person,0.35772284865379333,126.51793670654297,65.54072570800781,178.74398803710938,155.55679321289062,14
Flickr30K/3261493263.jpg,/content/Image_captioning_Local/Flickr30K/flickr30k_images/flickr30k_images/3261493263.jpg,person,0.3454325199127197,416.64324951171875,0.2849698066711426,471.8962707519531,135.237548828125,14
Flickr30K/3261493263.jpg,/content/Image_captioning_Local/Flickr30K/flickr30k_images/flickr30k_images/3261493263.jpg,person,0.2631435990333557,2.9448509216308594,69.47489929199219,60.162662506103516,149.51585388183594,14
Flickr30K/3261591334.jpg,/content/Image_captioning_Local/Flickr30K/flickr30k_images/flickr30k_images/3261591334.jpg,person,0.9431883692741394,49.70028305053711,273.8829040527344,181.0567626953125,499.11383056640625,3
Flickr30K/3261591334.jpg,/content/Image_captioning_Local/Flickr30K/flickr30k_images/flickr30k_images/3261591334.jpg,person,0.2871915400028229,357.6672058105469,267.1004333496094,365.2848815917969,281.8135681152344,3
Flickr30K/3261591334.jpg,/content/Image_captioning_Local/Flickr30K/flickr30k_images/flickr30k_images/3261591334.jpg,person,0.25831592082977295,328.3331298828125,268.24066162109375,335.9214172363281,282.30780029296875,3
Flickr30K/3261622623.jpg,/content/Image_captioning_Local/Flickr30K/flickr30k_images/flickr30k_images/3261622623.jpg,person,0.8880253434181213,0.0,14.233196258544922,451.89105224609375,331.9877624511719,1
Flickr30K/3261666285.jpg,/content/Image_captioning_Local/Flickr30K/flickr30k_images/flickr30k_images/3261666285.jpg,person,0.9145509600639343,60.716583251953125,173.98919677734375,290.4888610839844,413.0625305175781,8
Flickr30K/3261666285.jpg,/content/Image_captioning_Local/Flickr30K/flickr30k_images/flickr30k_images/3261666285.jpg,sports ball,0.8447777628898621,69.05311584472656,268.4277038574219,107.11380004882812,307.8135986328125,8
Flickr30K/3261666285.jpg,/content/Image_captioning_Local/Flickr30K/flickr30k_images/flickr30k_images/3261666285.jpg,person,0.7321574091911316,171.04840087890625,0.19049644470214844,281.3701171875,188.8256072998047,8
Flickr30K/3261666285.jpg,/content/Image_captioning_Local/Flickr30K/flickr30k_images/flickr30k_images/3261666285.jpg,person,0.602240800857544,24.09246063232422,0.26023387908935547,127.07762908935547,224.28897094726562,8
Flickr30K/3261666285.jpg,/content/Image_captioning_Local/Flickr30K/flickr30k_images/flickr30k_images/3261666285.jpg,person,0.5088504552841187,0.0,0.37772655487060547,94.38786315917969,226.67774963378906,8
Flickr30K/3261666285.jpg,/content/Image_captioning_Local/Flickr30K/flickr30k_images/flickr30k_images/3261666285.jpg,person,0.46242755651474,103.60498046875,0.09071826934814453,167.12388610839844,106.04688262939453,8
Flickr30K/3261666285.jpg,/content/Image_captioning_Local/Flickr30K/flickr30k_images/flickr30k_images/3261666285.jpg,person,0.3328564465045929,151.19375610351562,143.2547149658203,290.9030456542969,403.37310791015625,8
Flickr30K/3261666285.jpg,/content/Image_captioning_Local/Flickr30K/flickr30k_images/flickr30k_images/3261666285.jpg,person,0.2553662359714508,0.0,0.41327476501464844,65.70124816894531,226.70436096191406,8
Flickr30K/3261712960.jpg,/content/Image_captioning_Local/Flickr30K/flickr30k_images/flickr30k_images/3261712960.jpg,person,0.8060795068740845,0.23571252822875977,233.70166015625,138.291015625,371.9500427246094,13
Flickr30K/3261712960.jpg,/content/Image_captioning_Local/Flickr30K/flickr30k_images/flickr30k_images/3261712960.jpg,person,0.7489833831787109,274.3341064453125,145.2090301513672,348.6270446777344,372.5031433105469,13
Flickr30K/3261712960.jpg,/content/Image_captioning_Local/Flickr30K/flickr30k_images/flickr30k_images/3261712960.jpg,person,0.7363072633743286,353.5855712890625,149.4276580810547,393.2706298828125,270.42230224609375,13
Flickr30K/3261712960.jpg,/content/Image_captioning_Local/Flickr30K/flickr30k_images/flickr30k_images/3261712960.jpg,person,0.7342032194137573,386.3221740722656,126.78123474121094,456.09307861328125,237.70089721679688,13
Flickr30K/3261712960.jpg,/content/Image_captioning_Local/Flickr30K/flickr30k_images/flickr30k_images/3261712960.jpg,person,0.7316446900367737,46.89288330078125,148.2575225830078,106.96253967285156,275.99090576171875,13
Flickr30K/3261712960.jpg,/content/Image_captioning_Local/Flickr30K/flickr30k_images/flickr30k_images/3261712960.jpg,person,0.6519160270690918,439.4261474609375,175.75540161132812,499.66314697265625,373.34393310546875,13
Flickr30K/3261712960.jpg,/content/Image_captioning_Local/Flickr30K/flickr30k_images/flickr30k_images/3261712960.jpg,person,0.6357214450836182,443.29132080078125,140.87118530273438,498.6073913574219,218.20616149902344,13
Flickr30K/3261712960.jpg,/content/Image_captioning_Local/Flickr30K/flickr30k_images/flickr30k_images/3261712960.jpg,person,0.6213681697845459,379.9450988769531,196.5426025390625,489.8675842285156,371.412841796875,13
Flickr30K/3261712960.jpg,/content/Image_captioning_Local/Flickr30K/flickr30k_images/flickr30k_images/3261712960.jpg,elephant,0.5499177575111389,85.58053588867188,15.898120880126953,321.500732421875,367.6051025390625,13
Flickr30K/3261712960.jpg,/content/Image_captioning_Local/Flickr30K/flickr30k_images/flickr30k_images/3261712960.jpg,person,0.36668330430984497,414.9549865722656,192.5082244873047,499.05572509765625,373.1452941894531,13
Flickr30K/3261712960.jpg,/content/Image_captioning_Local/Flickr30K/flickr30k_images/flickr30k_images/3261712960.jpg,person,0.36617371439933777,0.037610530853271484,131.89590454101562,50.899051666259766,256.8721008300781,13
Flickr30K/3261712960.jpg,/content/Image_captioning_Local/Flickr30K/flickr30k_images/flickr30k_images/3261712960.jpg,person,0.3483021855354309,389.4315490722656,164.9857940673828,443.25445556640625,241.7388916015625,13
Flickr30K/3261712960.jpg,/content/Image_captioning_Local/Flickr30K/flickr30k_images/flickr30k_images/3261712960.jpg,person,0.347599595785141,17.867719650268555,123.4169692993164,55.807708740234375,181.59268188476562,13
Flickr30K/3262075846.jpg,/content/Image_captioning_Local/Flickr30K/flickr30k_images/flickr30k_images/3262075846.jpg,person,0.9147267937660217,42.16297912597656,37.64414978027344,150.6255645751953,273.33892822265625,7
Flickr30K/3262075846.jpg,/content/Image_captioning_Local/Flickr30K/flickr30k_images/flickr30k_images/3262075846.jpg,person,0.9146977663040161,92.83602142333984,18.079519271850586,280.8843688964844,324.4296875,7
Flickr30K/3262075846.jpg,/content/Image_captioning_Local/Flickr30K/flickr30k_images/flickr30k_images/3262075846.jpg,person,0.889302670955658,13.617950439453125,19.951915740966797,63.14597702026367,191.20542907714844,7
Flickr30K/3262075846.jpg,/content/Image_captioning_Local/Flickr30K/flickr30k_images/flickr30k_images/3262075846.jpg,sports ball,0.8572118282318115,336.57666015625,242.2322235107422,384.47418212890625,280.1141662597656,7
Flickr30K/3262075846.jpg,/content/Image_captioning_Local/Flickr30K/flickr30k_images/flickr30k_images/3262075846.jpg,person,0.846885621547699,226.17807006835938,35.74228286743164,357.95880126953125,325.5557556152344,7
Flickr30K/3262075846.jpg,/content/Image_captioning_Local/Flickr30K/flickr30k_images/flickr30k_images/3262075846.jpg,person,0.7082076668739319,222.58892822265625,16.007471084594727,286.0184631347656,242.64588928222656,7
Flickr30K/3262075846.jpg,/content/Image_captioning_Local/Flickr30K/flickr30k_images/flickr30k_images/3262075846.jpg,person,0.6449060440063477,309.8802185058594,35.92012023925781,394.8518371582031,284.8050842285156,7
Flickr30K/3262104654.jpg,/content/Image_captioning_Local/Flickr30K/flickr30k_images/flickr30k_images/3262104654.jpg,person,0.9079874157905579,37.00090789794922,34.66534423828125,310.0874328613281,498.75982666015625,4
Flickr30K/3262104654.jpg,/content/Image_captioning_Local/Flickr30K/flickr30k_images/flickr30k_images/3262104654.jpg,person,0.8396527767181396,15.848970413208008,2.0502805709838867,122.36876678466797,231.60108947753906,4
Flickr30K/3262104654.jpg,/content/Image_captioning_Local/Flickr30K/flickr30k_images/flickr30k_images/3262104654.jpg,chair,0.7629401683807373,198.7935028076172,393.67633056640625,333.21685791015625,499.7580871582031,4
Flickr30K/3262104654.jpg,/content/Image_captioning_Local/Flickr30K/flickr30k_images/flickr30k_images/3262104654.jpg,tennis racket,0.2852562367916107,89.85717010498047,129.0279541015625,176.61282348632812,392.0205993652344,4
Flickr30K/3262185149.jpg,/content/Image_captioning_Local/Flickr30K/flickr30k_images/flickr30k_images/3262185149.jpg,person,0.9237430095672607,209.94668579101562,0.0,438.8026123046875,255.89816284179688,11
Flickr30K/3262185149.jpg,/content/Image_captioning_Local/Flickr30K/flickr30k_images/flickr30k_images/3262185149.jpg,cup,0.8479220271110535,86.28160858154297,144.55142211914062,150.54673767089844,186.24835205078125,11
Flickr30K/3262185149.jpg,/content/Image_captioning_Local/Flickr30K/flickr30k_images/flickr30k_images/3262185149.jpg,bowl,0.6289200782775879,85.97044372558594,144.22926330566406,150.3479461669922,186.0212860107422,11
Flickr30K/3262185149.jpg,/content/Image_captioning_Local/Flickr30K/flickr30k_images/flickr30k_images/3262185149.jpg,book,0.49967071413993835,426.1098937988281,176.5694580078125,499.4682312011719,271.8877868652344,11
Flickr30K/3262185149.jpg,/content/Image_captioning_Local/Flickr30K/flickr30k_images/flickr30k_images/3262185149.jpg,chair,0.47577014565467834,422.31158447265625,93.84341430664062,499.7962951660156,212.65806579589844,11
Flickr30K/3262185149.jpg,/content/Image_captioning_Local/Flickr30K/flickr30k_images/flickr30k_images/3262185149.jpg,potted plant,0.4326110780239105,478.0882873535156,0.4255056381225586,499.8299560546875,61.61875915527344,11
Flickr30K/3262185149.jpg,/content/Image_captioning_Local/Flickr30K/flickr30k_images/flickr30k_images/3262185149.jpg,potted plant,0.37610581517219543,463.6361999511719,0.18460750579833984,499.6429443359375,61.9126091003418,11
Flickr30K/3262185149.jpg,/content/Image_captioning_Local/Flickr30K/flickr30k_images/flickr30k_images/3262185149.jpg,book,0.3702605366706848,21.668792724609375,178.9833526611328,229.60011291503906,269.45599365234375,11
Flickr30K/3262185149.jpg,/content/Image_captioning_Local/Flickr30K/flickr30k_images/flickr30k_images/3262185149.jpg,dining table,0.32199805974960327,0.15022754669189453,129.25706481933594,263.08319091796875,277.4129333496094,11
Flickr30K/3262185149.jpg,/content/Image_captioning_Local/Flickr30K/flickr30k_images/flickr30k_images/3262185149.jpg,laptop,0.2575525641441345,425.9208068847656,176.8330535888672,499.7148132324219,270.81805419921875,11
Flickr30K/3262185149.jpg,/content/Image_captioning_Local/Flickr30K/flickr30k_images/flickr30k_images/3262185149.jpg,potted plant,0.2512843608856201,463.30499267578125,1.1504888534545898,488.46368408203125,61.52515411376953,11
Flickr30K/3262301835.jpg,/content/Image_captioning_Local/Flickr30K/flickr30k_images/flickr30k_images/3262301835.jpg,person,0.8899296522140503,352.8477783203125,118.5850601196289,401.44281005859375,309.0884704589844,7
Flickr30K/3262301835.jpg,/content/Image_captioning_Local/Flickr30K/flickr30k_images/flickr30k_images/3262301835.jpg,person,0.8812921047210693,161.0808563232422,107.37249755859375,255.68246459960938,315.6600646972656,7
Flickr30K/3262301835.jpg,/content/Image_captioning_Local/Flickr30K/flickr30k_images/flickr30k_images/3262301835.jpg,person,0.8707358241081238,204.11610412597656,95.1073989868164,272.64599609375,276.7668151855469,7
Flickr30K/3262301835.jpg,/content/Image_captioning_Local/Flickr30K/flickr30k_images/flickr30k_images/3262301835.jpg,person,0.8557074666023254,415.6907958984375,121.31690979003906,455.2367248535156,297.9046936035156,7
Flickr30K/3262301835.jpg,/content/Image_captioning_Local/Flickr30K/flickr30k_images/flickr30k_images/3262301835.jpg,person,0.5255865454673767,0.06572455167770386,132.0875701904297,19.21999168395996,173.6297607421875,7
Flickr30K/3262301835.jpg,/content/Image_captioning_Local/Flickr30K/flickr30k_images/flickr30k_images/3262301835.jpg,handbag,0.37025320529937744,386.8215637207031,231.505615234375,403.7674865722656,284.1483459472656,7
Flickr30K/3262301835.jpg,/content/Image_captioning_Local/Flickr30K/flickr30k_images/flickr30k_images/3262301835.jpg,person,0.3085079491138458,405.70068359375,70.1631088256836,433.84246826171875,173.67811584472656,7
Flickr30K/3262326144.jpg,/content/Image_captioning_Local/Flickr30K/flickr30k_images/flickr30k_images/3262326144.jpg,person,0.9307811260223389,296.13104248046875,269.8761901855469,373.9480895996094,484.62542724609375,7
Flickr30K/3262326144.jpg,/content/Image_captioning_Local/Flickr30K/flickr30k_images/flickr30k_images/3262326144.jpg,person,0.9075278043746948,175.53152465820312,275.2485656738281,248.99758911132812,498.7466735839844,7
Flickr30K/3262326144.jpg,/content/Image_captioning_Local/Flickr30K/flickr30k_images/flickr30k_images/3262326144.jpg,person,0.877302348613739,235.545166015625,295.36834716796875,282.39044189453125,483.4747314453125,7
Flickr30K/3262326144.jpg,/content/Image_captioning_Local/Flickr30K/flickr30k_images/flickr30k_images/3262326144.jpg,person,0.8569214344024658,109.41445922851562,154.4609375,189.0613250732422,394.17340087890625,7
Flickr30K/3262326144.jpg,/content/Image_captioning_Local/Flickr30K/flickr30k_images/flickr30k_images/3262326144.jpg,backpack,0.38115251064300537,65.3983383178711,452.4095458984375,105.52525329589844,499.80621337890625,7
Flickr30K/3262326144.jpg,/content/Image_captioning_Local/Flickr30K/flickr30k_images/flickr30k_images/3262326144.jpg,person,0.32742610573768616,176.75242614746094,268.757568359375,198.02317810058594,312.5199890136719,7
Flickr30K/3262326144.jpg,/content/Image_captioning_Local/Flickr30K/flickr30k_images/flickr30k_images/3262326144.jpg,person,0.3162698447704315,178.6262969970703,251.89114379882812,196.5098419189453,272.93377685546875,7
Flickr30K/3262386960.jpg,/content/Image_captioning_Local/Flickr30K/flickr30k_images/flickr30k_images/3262386960.jpg,person,0.9253853559494019,84.18880462646484,118.49407958984375,219.23208618164062,303.48602294921875,12
Flickr30K/3262386960.jpg,/content/Image_captioning_Local/Flickr30K/flickr30k_images/flickr30k_images/3262386960.jpg,person,0.9231917858123779,223.1248321533203,108.72937774658203,496.8074951171875,328.98541259765625,12
Flickr30K/3262386960.jpg,/content/Image_captioning_Local/Flickr30K/flickr30k_images/flickr30k_images/3262386960.jpg,person,0.8274713158607483,440.9645080566406,123.37603759765625,489.9886169433594,284.97308349609375,12
Flickr30K/3262386960.jpg,/content/Image_captioning_Local/Flickr30K/flickr30k_images/flickr30k_images/3262386960.jpg,sports ball,0.7123123407363892,173.18296813964844,270.30938720703125,182.8319549560547,282.7698669433594,12
Flickr30K/3262386960.jpg,/content/Image_captioning_Local/Flickr30K/flickr30k_images/flickr30k_images/3262386960.jpg,person,0.6951054930686951,10.384225845336914,193.8129425048828,46.307979583740234,249.7955322265625,12
Flickr30K/3262386960.jpg,/content/Image_captioning_Local/Flickr30K/flickr30k_images/flickr30k_images/3262386960.jpg,person,0.6331728100776672,0.016888976097106934,157.5309295654297,21.92133903503418,264.436767578125,12
Flickr30K/3262386960.jpg,/content/Image_captioning_Local/Flickr30K/flickr30k_images/flickr30k_images/3262386960.jpg,sports ball,0.6303394436836243,168.3851776123047,129.18453979492188,180.86785888671875,144.24990844726562,12
Flickr30K/3262386960.jpg,/content/Image_captioning_Local/Flickr30K/flickr30k_images/flickr30k_images/3262386960.jpg,person,0.6284840106964111,79.3192138671875,198.62826538085938,107.43009948730469,244.5333709716797,12
Flickr30K/3262386960.jpg,/content/Image_captioning_Local/Flickr30K/flickr30k_images/flickr30k_images/3262386960.jpg,person,0.5847547650337219,25.475942611694336,195.20510864257812,49.02818298339844,245.25689697265625,12
Flickr30K/3262386960.jpg,/content/Image_captioning_Local/Flickr30K/flickr30k_images/flickr30k_images/3262386960.jpg,person,0.5097927451133728,403.61260986328125,181.1928253173828,454.1703186035156,258.1186828613281,12
Flickr30K/3262386960.jpg,/content/Image_captioning_Local/Flickr30K/flickr30k_images/flickr30k_images/3262386960.jpg,person,0.2904835045337677,257.5091247558594,175.46939086914062,300.0462646484375,254.1873016357422,12
Flickr30K/3262386960.jpg,/content/Image_captioning_Local/Flickr30K/flickr30k_images/flickr30k_images/3262386960.jpg,baseball glove,0.27512383460998535,85.88587188720703,140.55247497558594,100.37616729736328,160.32032775878906,12
Flickr30K/3262475923.jpg,/content/Image_captioning_Local/Flickr30K/flickr30k_images/flickr30k_images/3262475923.jpg,person,0.9500803351402283,216.84217834472656,128.67941284179688,466.91351318359375,413.1125793457031,10
Flickr30K/3262475923.jpg,/content/Image_captioning_Local/Flickr30K/flickr30k_images/flickr30k_images/3262475923.jpg,person,0.9316052794456482,39.35995101928711,111.53113555908203,238.8466339111328,390.4844970703125,10
Flickr30K/3262475923.jpg,/content/Image_captioning_Local/Flickr30K/flickr30k_images/flickr30k_images/3262475923.jpg,car,0.8729831576347351,56.369686126708984,64.0558090209961,144.23443603515625,90.96080017089844,10
Flickr30K/3262475923.jpg,/content/Image_captioning_Local/Flickr30K/flickr30k_images/flickr30k_images/3262475923.jpg,frisbee,0.7759850025177002,110.32843780517578,259.11981201171875,176.85604858398438,276.4883117675781,10
Flickr30K/3262475923.jpg,/content/Image_captioning_Local/Flickr30K/flickr30k_images/flickr30k_images/3262475923.jpg,car,0.7074291706085205,156.43186950683594,64.7926254272461,251.63807678222656,89.82142639160156,10
Flickr30K/3262475923.jpg,/content/Image_captioning_Local/Flickr30K/flickr30k_images/flickr30k_images/3262475923.jpg,car,0.4727078974246979,0.03604292869567871,65.05332946777344,21.908802032470703,91.90139770507812,10
Flickr30K/3262475923.jpg,/content/Image_captioning_Local/Flickr30K/flickr30k_images/flickr30k_images/3262475923.jpg,car,0.45113566517829895,296.6830749511719,56.400848388671875,390.5302429199219,88.34223937988281,10
Flickr30K/3262475923.jpg,/content/Image_captioning_Local/Flickr30K/flickr30k_images/flickr30k_images/3262475923.jpg,car,0.38639506697654724,296.97265625,63.16989517211914,372.625732421875,88.264892578125,10
Flickr30K/3262475923.jpg,/content/Image_captioning_Local/Flickr30K/flickr30k_images/flickr30k_images/3262475923.jpg,baseball glove,0.34568896889686584,217.1975860595703,218.71896362304688,249.60635375976562,262.5877990722656,10
Flickr30K/3262475923.jpg,/content/Image_captioning_Local/Flickr30K/flickr30k_images/flickr30k_images/3262475923.jpg,car,0.2540317475795746,0.041365623474121094,56.941749572753906,31.242414474487305,91.65570831298828,10
Flickr30K/3262645599.jpg,/content/Image_captioning_Local/Flickr30K/flickr30k_images/flickr30k_images/3262645599.jpg,person,0.8430261015892029,203.8968048095703,157.09262084960938,281.84625244140625,299.0941467285156,4
Flickr30K/3262645599.jpg,/content/Image_captioning_Local/Flickr30K/flickr30k_images/flickr30k_images/3262645599.jpg,person,0.8384908437728882,303.3151550292969,56.666351318359375,405.3216857910156,286.91925048828125,4
Flickr30K/3262645599.jpg,/content/Image_captioning_Local/Flickr30K/flickr30k_images/flickr30k_images/3262645599.jpg,truck,0.5069069862365723,0.07485449314117432,251.9286346435547,44.02459716796875,313.6562194824219,4
Flickr30K/3262645599.jpg,/content/Image_captioning_Local/Flickr30K/flickr30k_images/flickr30k_images/3262645599.jpg,car,0.47584840655326843,0.07924437522888184,251.99298095703125,44.021751403808594,313.68304443359375,4
Flickr30K/3262647146.jpg,/content/Image_captioning_Local/Flickr30K/flickr30k_images/flickr30k_images/3262647146.jpg,person,0.9327321648597717,51.149513244628906,153.2516326904297,185.45736694335938,424.326416015625,2
Flickr30K/3262647146.jpg,/content/Image_captioning_Local/Flickr30K/flickr30k_images/flickr30k_images/3262647146.jpg,person,0.9318051934242249,177.62107849121094,196.42208862304688,285.9771728515625,460.4550476074219,2
Flickr30K/3262760716.jpg,/content/Image_captioning_Local/Flickr30K/flickr30k_images/flickr30k_images/3262760716.jpg,person,0.923427939414978,61.09457015991211,0.5103588104248047,250.00160217285156,195.6015625,2
Flickr30K/3262760716.jpg,/content/Image_captioning_Local/Flickr30K/flickr30k_images/flickr30k_images/3262760716.jpg,person,0.8941153287887573,207.0515594482422,0.22635459899902344,498.7286682128906,194.94189453125,2
Flickr30K/3262793378.jpg,/content/Image_captioning_Local/Flickr30K/flickr30k_images/flickr30k_images/3262793378.jpg,person,0.8562033772468567,175.00193786621094,39.60356903076172,278.6666564941406,210.08348083496094,8
Flickr30K/3262793378.jpg,/content/Image_captioning_Local/Flickr30K/flickr30k_images/flickr30k_images/3262793378.jpg,person,0.7068281769752502,36.97006607055664,452.1880187988281,52.93648147583008,485.4383544921875,8
Flickr30K/3262793378.jpg,/content/Image_captioning_Local/Flickr30K/flickr30k_images/flickr30k_images/3262793378.jpg,person,0.6789317727088928,47.916255950927734,450.2932434082031,57.244384765625,483.63238525390625,8
Flickr30K/3262793378.jpg,/content/Image_captioning_Local/Flickr30K/flickr30k_images/flickr30k_images/3262793378.jpg,bicycle,0.536659836769104,168.7324981689453,185.6124725341797,251.58868408203125,258.3078308105469,8
Flickr30K/3262793378.jpg,/content/Image_captioning_Local/Flickr30K/flickr30k_images/flickr30k_images/3262793378.jpg,person,0.37910425662994385,23.192739486694336,462.7158203125,34.51054000854492,479.5235595703125,8
Flickr30K/3262793378.jpg,/content/Image_captioning_Local/Flickr30K/flickr30k_images/flickr30k_images/3262793378.jpg,person,0.3698972761631012,9.881904602050781,491.9626159667969,19.560298919677734,499.76483154296875,8
Flickr30K/3262793378.jpg,/content/Image_captioning_Local/Flickr30K/flickr30k_images/flickr30k_images/3262793378.jpg,umbrella,0.3257341682910919,18.637216567993164,424.82037353515625,72.27381134033203,443.652587890625,8
Flickr30K/3262793378.jpg,/content/Image_captioning_Local/Flickr30K/flickr30k_images/flickr30k_images/3262793378.jpg,person,0.291969358921051,347.93450927734375,452.51263427734375,359.62298583984375,474.50665283203125,8
Flickr30K/32627994.jpg,/content/Image_captioning_Local/Flickr30K/flickr30k_images/flickr30k_images/32627994.jpg,sports ball,0.8798476457595825,362.333740234375,293.2417907714844,420.9200744628906,353.45526123046875,15
Flickr30K/32627994.jpg,/content/Image_captioning_Local/Flickr30K/flickr30k_images/flickr30k_images/32627994.jpg,person,0.7603550553321838,220.3574676513672,126.8016357421875,341.5350036621094,373.561279296875,15
Flickr30K/32627994.jpg,/content/Image_captioning_Local/Flickr30K/flickr30k_images/flickr30k_images/32627994.jpg,person,0.6824527382850647,43.61695098876953,66.50574493408203,139.92367553710938,281.7483215332031,15
Flickr30K/32627994.jpg,/content/Image_captioning_Local/Flickr30K/flickr30k_images/flickr30k_images/32627994.jpg,person,0.6332491040229797,306.231689453125,135.37191772460938,408.94683837890625,359.60125732421875,15
Flickr30K/32627994.jpg,/content/Image_captioning_Local/Flickr30K/flickr30k_images/flickr30k_images/32627994.jpg,tennis racket,0.5563374161720276,460.7226257324219,216.34397888183594,499.72418212890625,274.89862060546875,15
Flickr30K/32627994.jpg,/content/Image_captioning_Local/Flickr30K/flickr30k_images/flickr30k_images/32627994.jpg,person,0.4129237234592438,382.633056640625,133.73704528808594,493.277587890625,372.319091796875,15
Flickr30K/32627994.jpg,/content/Image_captioning_Local/Flickr30K/flickr30k_images/flickr30k_images/32627994.jpg,person,0.36839550733566284,118.5760269165039,93.20835876464844,187.8523406982422,241.87889099121094,15
Flickr30K/32627994.jpg,/content/Image_captioning_Local/Flickr30K/flickr30k_images/flickr30k_images/32627994.jpg,person,0.3026527762413025,324.5999450683594,133.75497436523438,492.4939270019531,372.3502197265625,15
Flickr30K/32627994.jpg,/content/Image_captioning_Local/Flickr30K/flickr30k_images/flickr30k_images/32627994.jpg,tennis racket,0.2992335855960846,452.4781188964844,216.77749633789062,499.8361511230469,329.6413269042969,15
Flickr30K/32627994.jpg,/content/Image_captioning_Local/Flickr30K/flickr30k_images/flickr30k_images/32627994.jpg,sports ball,0.29743605852127075,228.8932342529297,195.82443237304688,270.6493835449219,245.26605224609375,15
Flickr30K/32627994.jpg,/content/Image_captioning_Local/Flickr30K/flickr30k_images/flickr30k_images/32627994.jpg,backpack,0.2941264510154724,282.54852294921875,107.18362426757812,321.31500244140625,134.57920837402344,15
Flickr30K/32627994.jpg,/content/Image_captioning_Local/Flickr30K/flickr30k_images/flickr30k_images/32627994.jpg,person,0.2926616072654724,171.57339477539062,111.89642333984375,251.3294677734375,311.2279357910156,15
Flickr30K/32627994.jpg,/content/Image_captioning_Local/Flickr30K/flickr30k_images/flickr30k_images/32627994.jpg,person,0.29047271609306335,330.3044128417969,65.41209411621094,394.624267578125,191.52743530273438,15
Flickr30K/32627994.jpg,/content/Image_captioning_Local/Flickr30K/flickr30k_images/flickr30k_images/32627994.jpg,person,0.2686172425746918,424.7536315917969,47.07882308959961,499.94818115234375,200.755615234375,15
Flickr30K/32627994.jpg,/content/Image_captioning_Local/Flickr30K/flickr30k_images/flickr30k_images/32627994.jpg,person,0.26615363359451294,283.1906433105469,57.656192779541016,336.0232238769531,145.56307983398438,15
Flickr30K/326280022.jpg,/content/Image_captioning_Local/Flickr30K/flickr30k_images/flickr30k_images/326280022.jpg,person,0.8996332883834839,82.24284362792969,58.47597122192383,221.4059600830078,304.8489074707031,5
Flickr30K/326280022.jpg,/content/Image_captioning_Local/Flickr30K/flickr30k_images/flickr30k_images/326280022.jpg,person,0.7847343683242798,163.0332489013672,57.74285888671875,225.81048583984375,209.4318389892578,5
Flickr30K/326280022.jpg,/content/Image_captioning_Local/Flickr30K/flickr30k_images/flickr30k_images/326280022.jpg,orange,0.6492457389831543,170.95089721679688,400.380126953125,302.732421875,468.8852233886719,5
Flickr30K/326280022.jpg,/content/Image_captioning_Local/Flickr30K/flickr30k_images/flickr30k_images/326280022.jpg,orange,0.43494710326194763,150.07638549804688,353.5152893066406,256.6658630371094,410.47540283203125,5
Flickr30K/326280022.jpg,/content/Image_captioning_Local/Flickr30K/flickr30k_images/flickr30k_images/326280022.jpg,person,0.261298805475235,200.09927368164062,63.68644332885742,241.4317169189453,209.51754760742188,5
Flickr30K/3262801036.jpg,/content/Image_captioning_Local/Flickr30K/flickr30k_images/flickr30k_images/3262801036.jpg,person,0.9148091673851013,422.55841064453125,45.97630310058594,499.7322998046875,329.2064208984375,10
Flickr30K/3262801036.jpg,/content/Image_captioning_Local/Flickr30K/flickr30k_images/flickr30k_images/3262801036.jpg,person,0.9134376049041748,38.65522003173828,50.29916763305664,115.67046356201172,228.8463592529297,10
Flickr30K/3262801036.jpg,/content/Image_captioning_Local/Flickr30K/flickr30k_images/flickr30k_images/3262801036.jpg,person,0.9021146297454834,105.01603698730469,40.8314208984375,179.3185272216797,188.9701385498047,10
Flickr30K/3262801036.jpg,/content/Image_captioning_Local/Flickr30K/flickr30k_images/flickr30k_images/3262801036.jpg,person,0.7384282350540161,182.11358642578125,104.02789306640625,224.20401000976562,170.38211059570312,10
Flickr30K/3262801036.jpg,/content/Image_captioning_Local/Flickr30K/flickr30k_images/flickr30k_images/3262801036.jpg,person,0.690110445022583,244.98516845703125,115.141357421875,347.6661071777344,243.3424530029297,10
Flickr30K/3262801036.jpg,/content/Image_captioning_Local/Flickr30K/flickr30k_images/flickr30k_images/3262801036.jpg,skis,0.6488097310066223,16.252399444580078,248.7515869140625,197.50592041015625,320.40277099609375,10
Flickr30K/3262801036.jpg,/content/Image_captioning_Local/Flickr30K/flickr30k_images/flickr30k_images/3262801036.jpg,skis,0.45756322145462036,31.82925033569336,60.11882019042969,44.191062927246094,203.6715545654297,10
Flickr30K/3262801036.jpg,/content/Image_captioning_Local/Flickr30K/flickr30k_images/flickr30k_images/3262801036.jpg,person,0.3657994568347931,220.00079345703125,91.08018493652344,306.4858093261719,188.29942321777344,10
Flickr30K/3262801036.jpg,/content/Image_captioning_Local/Flickr30K/flickr30k_images/flickr30k_images/3262801036.jpg,person,0.29495716094970703,203.32904052734375,114.79618835449219,237.44749450683594,167.90220642089844,10
Flickr30K/3262801036.jpg,/content/Image_captioning_Local/Flickr30K/flickr30k_images/flickr30k_images/3262801036.jpg,backpack,0.2882293164730072,224.07102966308594,91.00678253173828,297.5761413574219,133.28195190429688,10
Flickr30K/32628083.jpg,/content/Image_captioning_Local/Flickr30K/flickr30k_images/flickr30k_images/32628083.jpg,sports ball,0.9584474563598633,421.07391357421875,112.8753662109375,496.051513671875,185.39170837402344,14
Flickr30K/32628083.jpg,/content/Image_captioning_Local/Flickr30K/flickr30k_images/flickr30k_images/32628083.jpg,sports ball,0.939706027507782,265.0315856933594,111.87409973144531,329.0355224609375,169.29258728027344,14
Flickr30K/32628083.jpg,/content/Image_captioning_Local/Flickr30K/flickr30k_images/flickr30k_images/32628083.jpg,sports ball,0.9122389554977417,217.70481872558594,168.70608520507812,339.306640625,293.16400146484375,14
Flickr30K/32628083.jpg,/content/Image_captioning_Local/Flickr30K/flickr30k_images/flickr30k_images/32628083.jpg,person,0.9012144804000854,10.428404808044434,0.2976059913635254,131.75064086914062,304.620849609375,14
Flickr30K/32628083.jpg,/content/Image_captioning_Local/Flickr30K/flickr30k_images/flickr30k_images/32628083.jpg,person,0.8779632449150085,0.09846687316894531,193.26734924316406,95.17044830322266,372.3402099609375,14
Flickr30K/32628083.jpg,/content/Image_captioning_Local/Flickr30K/flickr30k_images/flickr30k_images/32628083.jpg,person,0.8652623891830444,334.46160888671875,33.88700485229492,462.87890625,344.52618408203125,14
Flickr30K/32628083.jpg,/content/Image_captioning_Local/Flickr30K/flickr30k_images/flickr30k_images/32628083.jpg,person,0.8478173017501831,122.20700073242188,95.17044830322266,274.6756896972656,371.7985534667969,14
Flickr30K/32628083.jpg,/content/Image_captioning_Local/Flickr30K/flickr30k_images/flickr30k_images/32628083.jpg,person,0.7541788816452026,129.44093322753906,25.98006820678711,178.31378173828125,210.632568359375,14
Flickr30K/32628083.jpg,/content/Image_captioning_Local/Flickr30K/flickr30k_images/flickr30k_images/32628083.jpg,sports ball,0.7330949902534485,0.07478296756744385,80.83477020263672,29.14214515686035,128.9816436767578,14
Flickr30K/32628083.jpg,/content/Image_captioning_Local/Flickr30K/flickr30k_images/flickr30k_images/32628083.jpg,person,0.6518230438232422,442.7975769042969,74.41551971435547,499.8927001953125,314.3497619628906,14
Flickr30K/32628083.jpg,/content/Image_captioning_Local/Flickr30K/flickr30k_images/flickr30k_images/32628083.jpg,sports ball,0.5491983890533447,46.002235412597656,32.93373107910156,91.55896759033203,84.95881652832031,14
Flickr30K/32628083.jpg,/content/Image_captioning_Local/Flickr30K/flickr30k_images/flickr30k_images/32628083.jpg,person,0.4866708815097809,227.26097106933594,4.7309160232543945,347.38092041015625,176.55897521972656,14
Flickr30K/32628083.jpg,/content/Image_captioning_Local/Flickr30K/flickr30k_images/flickr30k_images/32628083.jpg,tennis racket,0.48379629850387573,278.902587890625,217.3779296875,425.65771484375,308.5694885253906,14
Flickr30K/32628083.jpg,/content/Image_captioning_Local/Flickr30K/flickr30k_images/flickr30k_images/32628083.jpg,person,0.2718549966812134,0.04751831293106079,170.8426513671875,22.68025016784668,268.8623352050781,14
Flickr30K/3262813921.jpg,/content/Image_captioning_Local/Flickr30K/flickr30k_images/flickr30k_images/3262813921.jpg,person,0.8728603720664978,137.00624084472656,62.153564453125,326.23883056640625,265.7794494628906,6
Flickr30K/3262813921.jpg,/content/Image_captioning_Local/Flickr30K/flickr30k_images/flickr30k_images/3262813921.jpg,person,0.8667283058166504,389.8230895996094,0.6286144256591797,495.1043701171875,238.0570831298828,6
Flickr30K/3262813921.jpg,/content/Image_captioning_Local/Flickr30K/flickr30k_images/flickr30k_images/3262813921.jpg,person,0.8551656603813171,255.52691650390625,0.3520011901855469,353.3779296875,142.6553955078125,6
Flickr30K/3262813921.jpg,/content/Image_captioning_Local/Flickr30K/flickr30k_images/flickr30k_images/3262813921.jpg,cup,0.7734032869338989,115.33949279785156,225.82054138183594,142.24774169921875,260.8057861328125,6
Flickr30K/3262813921.jpg,/content/Image_captioning_Local/Flickr30K/flickr30k_images/flickr30k_images/3262813921.jpg,handbag,0.6696431636810303,118.93467712402344,94.37184143066406,243.6889190673828,231.90249633789062,6
Flickr30K/3262813921.jpg,/content/Image_captioning_Local/Flickr30K/flickr30k_images/flickr30k_images/3262813921.jpg,handbag,0.2998334467411041,307.0250549316406,128.23468017578125,403.6979675292969,266.2903747558594,6
Flickr30K/3262845042.jpg,/content/Image_captioning_Local/Flickr30K/flickr30k_images/flickr30k_images/3262845042.jpg,person,0.9428570866584778,4.786014556884766,55.30928421020508,202.9304962158203,330.22003173828125,7
Flickr30K/3262845042.jpg,/content/Image_captioning_Local/Flickr30K/flickr30k_images/flickr30k_images/3262845042.jpg,person,0.8956776857376099,292.2041320800781,64.78809356689453,379.983154296875,245.06593322753906,7
Flickr30K/3262845042.jpg,/content/Image_captioning_Local/Flickr30K/flickr30k_images/flickr30k_images/3262845042.jpg,person,0.5962763428688049,490.8217468261719,102.032958984375,499.8322448730469,158.18634033203125,7
Flickr30K/3262845042.jpg,/content/Image_captioning_Local/Flickr30K/flickr30k_images/flickr30k_images/3262845042.jpg,skis,0.46274662017822266,272.4089050292969,236.07745361328125,429.91839599609375,255.57293701171875,7
Flickr30K/3262845042.jpg,/content/Image_captioning_Local/Flickr30K/flickr30k_images/flickr30k_images/3262845042.jpg,skis,0.3778630197048187,270.67694091796875,219.44598388671875,430.4490661621094,254.51345825195312,7
Flickr30K/3262845042.jpg,/content/Image_captioning_Local/Flickr30K/flickr30k_images/flickr30k_images/3262845042.jpg,backpack,0.32437312602996826,190.3210906982422,216.7308349609375,268.03533935546875,284.7806396484375,7
Flickr30K/3262845042.jpg,/content/Image_captioning_Local/Flickr30K/flickr30k_images/flickr30k_images/3262845042.jpg,backpack,0.26143431663513184,0.18619298934936523,260.591064453125,116.35070037841797,331.6201171875,7
Flickr30K/3262849619.jpg,/content/Image_captioning_Local/Flickr30K/flickr30k_images/flickr30k_images/3262849619.jpg,dog,0.9504550695419312,204.1584014892578,54.89958572387695,390.1107177734375,368.3697814941406,2
Flickr30K/3262849619.jpg,/content/Image_captioning_Local/Flickr30K/flickr30k_images/flickr30k_images/3262849619.jpg,frisbee,0.6383530497550964,275.9416198730469,157.54212951660156,371.2378845214844,233.90484619140625,2
Flickr30K/3262968473.jpg,/content/Image_captioning_Local/Flickr30K/flickr30k_images/flickr30k_images/3262968473.jpg,person,0.8428469896316528,41.13690948486328,88.41600036621094,246.47000122070312,329.04168701171875,3
Flickr30K/3262968473.jpg,/content/Image_captioning_Local/Flickr30K/flickr30k_images/flickr30k_images/3262968473.jpg,person,0.8426210880279541,352.8244934082031,128.03244018554688,495.1910095214844,328.5663146972656,3
Flickr30K/3262968473.jpg,/content/Image_captioning_Local/Flickr30K/flickr30k_images/flickr30k_images/3262968473.jpg,person,0.7341376543045044,152.7499542236328,129.14505004882812,298.65069580078125,328.9978942871094,3
Flickr30K/3263141261.jpg,/content/Image_captioning_Local/Flickr30K/flickr30k_images/flickr30k_images/3263141261.jpg,person,0.9379038214683533,95.91854858398438,179.6165008544922,240.69882202148438,432.0873718261719,2
Flickr30K/3263141261.jpg,/content/Image_captioning_Local/Flickr30K/flickr30k_images/flickr30k_images/3263141261.jpg,person,0.9150174260139465,0.019741058349609375,34.779476165771484,91.95120239257812,380.94580078125,2
Flickr30K/3263182360.jpg,/content/Image_captioning_Local/Flickr30K/flickr30k_images/flickr30k_images/3263182360.jpg,person,0.9413544535636902,7.5290679931640625,67.46249389648438,306.5960998535156,498.31915283203125,1
Flickr30K/3263215700.jpg,/content/Image_captioning_Local/Flickr30K/flickr30k_images/flickr30k_images/3263215700.jpg,dog,0.565123438835144,152.74124145507812,78.50547790527344,499.4058532714844,287.52294921875,1
Flickr30K/326334188.jpg,/content/Image_captioning_Local/Flickr30K/flickr30k_images/flickr30k_images/326334188.jpg,person,0.9052348136901855,215.19906616210938,34.533836364746094,350.2842712402344,371.43255615234375,1
Flickr30K/3263395801.jpg,/content/Image_captioning_Local/Flickr30K/flickr30k_images/flickr30k_images/3263395801.jpg,person,0.8815631866455078,115.39253997802734,139.02874755859375,226.8942413330078,295.8890380859375,3
Flickr30K/3263395801.jpg,/content/Image_captioning_Local/Flickr30K/flickr30k_images/flickr30k_images/3263395801.jpg,motorcycle,0.6529518961906433,124.27611541748047,197.98873901367188,219.40621948242188,347.7579650878906,3
Flickr30K/3263395801.jpg,/content/Image_captioning_Local/Flickr30K/flickr30k_images/flickr30k_images/3263395801.jpg,person,0.622334897518158,74.28614807128906,134.23304748535156,103.36532592773438,229.1697235107422,3
Flickr30K/3263497678.jpg,/content/Image_captioning_Local/Flickr30K/flickr30k_images/flickr30k_images/3263497678.jpg,person,0.9462058544158936,5.17117977142334,164.01943969726562,233.6708526611328,332.8056945800781,4
Flickr30K/3263497678.jpg,/content/Image_captioning_Local/Flickr30K/flickr30k_images/flickr30k_images/3263497678.jpg,person,0.9389930367469788,276.2908020019531,173.8473358154297,478.65106201171875,334.4797668457031,4
Flickr30K/3263497678.jpg,/content/Image_captioning_Local/Flickr30K/flickr30k_images/flickr30k_images/3263497678.jpg,bottle,0.8012373447418213,244.7784881591797,335.99835205078125,266.9516906738281,353.88525390625,4
Flickr30K/3263497678.jpg,/content/Image_captioning_Local/Flickr30K/flickr30k_images/flickr30k_images/3263497678.jpg,handbag,0.28999650478363037,336.6087341308594,322.6759948730469,381.9096984863281,353.9261779785156,4
Flickr30K/3263741906.jpg,/content/Image_captioning_Local/Flickr30K/flickr30k_images/flickr30k_images/3263741906.jpg,dog,0.9136354923248291,288.3325500488281,87.04911804199219,369.9289245605469,218.00518798828125,1
Flickr30K/3263829326.jpg,/content/Image_captioning_Local/Flickr30K/flickr30k_images/flickr30k_images/3263829326.jpg,person,0.784509539604187,145.1230010986328,188.1936492919922,185.48049926757812,293.7060852050781,16
Flickr30K/3263829326.jpg,/content/Image_captioning_Local/Flickr30K/flickr30k_images/flickr30k_images/3263829326.jpg,person,0.7739108204841614,280.0298767089844,187.12831115722656,308.8883361816406,288.3618469238281,16
Flickr30K/3263829326.jpg,/content/Image_captioning_Local/Flickr30K/flickr30k_images/flickr30k_images/3263829326.jpg,person,0.7673407793045044,343.4456481933594,192.06491088867188,377.34161376953125,290.8230285644531,16
Flickr30K/3263829326.jpg,/content/Image_captioning_Local/Flickr30K/flickr30k_images/flickr30k_images/3263829326.jpg,person,0.7668501138687134,309.5852966308594,190.16465759277344,341.652099609375,276.33843994140625,16
Flickr30K/3263829326.jpg,/content/Image_captioning_Local/Flickr30K/flickr30k_images/flickr30k_images/3263829326.jpg,person,0.7554370760917664,175.31822204589844,192.61732482910156,202.687255859375,279.2733154296875,16
Flickr30K/3263829326.jpg,/content/Image_captioning_Local/Flickr30K/flickr30k_images/flickr30k_images/3263829326.jpg,person,0.7200075387954712,127.52120208740234,195.12672424316406,152.5755615234375,276.0616455078125,16
Flickr30K/3263829326.jpg,/content/Image_captioning_Local/Flickr30K/flickr30k_images/flickr30k_images/3263829326.jpg,person,0.6834651827812195,228.34677124023438,191.91346740722656,256.49517822265625,295.1938171386719,16
Flickr30K/3263829326.jpg,/content/Image_captioning_Local/Flickr30K/flickr30k_images/flickr30k_images/3263829326.jpg,person,0.6234382390975952,31.2354679107666,179.90879821777344,70.96805572509766,307.2532043457031,16
Flickr30K/3263829326.jpg,/content/Image_captioning_Local/Flickr30K/flickr30k_images/flickr30k_images/3263829326.jpg,person,0.5696319937705994,406.53753662109375,188.28219604492188,437.6786193847656,233.8498077392578,16
Flickr30K/3263829326.jpg,/content/Image_captioning_Local/Flickr30K/flickr30k_images/flickr30k_images/3263829326.jpg,person,0.49962857365608215,251.48672485351562,191.30267333984375,275.8623046875,290.2586364746094,16
Flickr30K/3263829326.jpg,/content/Image_captioning_Local/Flickr30K/flickr30k_images/flickr30k_images/3263829326.jpg,person,0.4801028072834015,441.3934326171875,207.59303283691406,474.3759765625,291.3612976074219,16
Flickr30K/3263829326.jpg,/content/Image_captioning_Local/Flickr30K/flickr30k_images/flickr30k_images/3263829326.jpg,person,0.465316504240036,372.2919006347656,192.93804931640625,399.03570556640625,240.51055908203125,16
Flickr30K/3263829326.jpg,/content/Image_captioning_Local/Flickr30K/flickr30k_images/flickr30k_images/3263829326.jpg,person,0.45842474699020386,54.131446838378906,191.83331298828125,98.0453872680664,297.0780944824219,16
Flickr30K/3263829326.jpg,/content/Image_captioning_Local/Flickr30K/flickr30k_images/flickr30k_images/3263829326.jpg,person,0.41149836778640747,387.9762268066406,213.42787170410156,429.5138854980469,293.05401611328125,16
Flickr30K/3263829326.jpg,/content/Image_captioning_Local/Flickr30K/flickr30k_images/flickr30k_images/3263829326.jpg,person,0.3092275857925415,441.9604187011719,207.82461547851562,474.0002746582031,246.6646728515625,16
Flickr30K/3263829326.jpg,/content/Image_captioning_Local/Flickr30K/flickr30k_images/flickr30k_images/3263829326.jpg,tie,0.25595995783805847,405.8821716308594,207.72238159179688,411.0777893066406,221.5789794921875,16
Flickr30K/3263946591.jpg,/content/Image_captioning_Local/Flickr30K/flickr30k_images/flickr30k_images/3263946591.jpg,motorcycle,0.8808420896530151,81.99649047851562,131.9622039794922,283.7987060546875,449.3417663574219,2
Flickr30K/3263946591.jpg,/content/Image_captioning_Local/Flickr30K/flickr30k_images/flickr30k_images/3263946591.jpg,person,0.8697875738143921,59.36198425292969,0.5386590957641602,285.5257568359375,343.509765625,2
Flickr30K/3264004517.jpg,/content/Image_captioning_Local/Flickr30K/flickr30k_images/flickr30k_images/3264004517.jpg,person,0.839810311794281,0.0,157.03573608398438,305.7594299316406,499.079833984375,3
Flickr30K/3264004517.jpg,/content/Image_captioning_Local/Flickr30K/flickr30k_images/flickr30k_images/3264004517.jpg,tennis racket,0.33539676666259766,5.208492279052734,269.2950744628906,332.2934265136719,325.65179443359375,3
Flickr30K/3264004517.jpg,/content/Image_captioning_Local/Flickr30K/flickr30k_images/flickr30k_images/3264004517.jpg,baseball bat,0.33157211542129517,66.4906005859375,268.3861389160156,331.6397705078125,323.04669189453125,3
Flickr30K/3264337159.jpg,/content/Image_captioning_Local/Flickr30K/flickr30k_images/flickr30k_images/3264337159.jpg,bird,0.35651645064353943,192.68527221679688,137.52149963378906,470.4737548828125,398.5047912597656,1
Flickr30K/3264350290.jpg,/content/Image_captioning_Local/Flickr30K/flickr30k_images/flickr30k_images/3264350290.jpg,person,0.928681492805481,242.6849365234375,59.305686950683594,319.5531005859375,220.88821411132812,2
Flickr30K/3264350290.jpg,/content/Image_captioning_Local/Flickr30K/flickr30k_images/flickr30k_images/3264350290.jpg,skateboard,0.7166551351547241,258.43951416015625,190.2928009033203,321.0963439941406,223.2980194091797,2
Flickr30K/3264397357.jpg,/content/Image_captioning_Local/Flickr30K/flickr30k_images/flickr30k_images/3264397357.jpg,person,0.9418367147445679,209.35159301757812,28.238428115844727,500.0,281.00714111328125,1
Flickr30K/3264464625.jpg,/content/Image_captioning_Local/Flickr30K/flickr30k_images/flickr30k_images/3264464625.jpg,person,0.8118058443069458,164.62547302246094,258.6531066894531,270.1357116699219,332.0780334472656,3
Flickr30K/3264464625.jpg,/content/Image_captioning_Local/Flickr30K/flickr30k_images/flickr30k_images/3264464625.jpg,person,0.6626322865486145,443.7189636230469,159.93356323242188,499.7690734863281,235.2486114501953,3
Flickr30K/3264464625.jpg,/content/Image_captioning_Local/Flickr30K/flickr30k_images/flickr30k_images/3264464625.jpg,person,0.503121554851532,370.02459716796875,156.4528045654297,449.517333984375,233.1961212158203,3
Flickr30K/326456451.jpg,/content/Image_captioning_Local/Flickr30K/flickr30k_images/flickr30k_images/326456451.jpg,dog,0.9554494023323059,57.82847595214844,115.12886047363281,409.4635009765625,327.6129150390625,1
Flickr30K/3264650118.jpg,/content/Image_captioning_Local/Flickr30K/flickr30k_images/flickr30k_images/3264650118.jpg,person,0.8311904668807983,144.0579833984375,202.05459594726562,224.20993041992188,373.614013671875,4
Flickr30K/3264650118.jpg,/content/Image_captioning_Local/Flickr30K/flickr30k_images/flickr30k_images/3264650118.jpg,person,0.7706918716430664,310.24652099609375,215.41094970703125,326.83953857421875,257.373291015625,4
Flickr30K/3264650118.jpg,/content/Image_captioning_Local/Flickr30K/flickr30k_images/flickr30k_images/3264650118.jpg,backpack,0.6782310009002686,130.37411499023438,225.02500915527344,185.602783203125,297.2135925292969,4
Flickr30K/3264650118.jpg,/content/Image_captioning_Local/Flickr30K/flickr30k_images/flickr30k_images/3264650118.jpg,person,0.37062573432922363,290.6982727050781,219.55299377441406,306.36126708984375,244.43421936035156,4
Flickr30K/3264678536.jpg,/content/Image_captioning_Local/Flickr30K/flickr30k_images/flickr30k_images/3264678536.jpg,dog,0.9382895827293396,207.33384704589844,11.105096817016602,471.97833251953125,213.85244750976562,2
Flickr30K/3264678536.jpg,/content/Image_captioning_Local/Flickr30K/flickr30k_images/flickr30k_images/3264678536.jpg,dog,0.9101953506469727,149.9469757080078,18.488014221191406,229.05728149414062,189.99510192871094,2
Flickr30K/3264832994.jpg,/content/Image_captioning_Local/Flickr30K/flickr30k_images/flickr30k_images/3264832994.jpg,person,0.9089062809944153,352.4103088378906,1.0794639587402344,499.57171630859375,276.7694396972656,8
Flickr30K/3264832994.jpg,/content/Image_captioning_Local/Flickr30K/flickr30k_images/flickr30k_images/3264832994.jpg,person,0.9057037234306335,85.57203674316406,88.49868774414062,407.22149658203125,330.3815002441406,8
Flickr30K/3264832994.jpg,/content/Image_captioning_Local/Flickr30K/flickr30k_images/flickr30k_images/3264832994.jpg,frisbee,0.9045162200927734,20.10434341430664,82.44764709472656,211.19468688964844,284.1001892089844,8
Flickr30K/3264832994.jpg,/content/Image_captioning_Local/Flickr30K/flickr30k_images/flickr30k_images/3264832994.jpg,person,0.6708801984786987,0.16960501670837402,0.8982181549072266,68.25393676757812,324.65887451171875,8
Flickr30K/3264832994.jpg,/content/Image_captioning_Local/Flickr30K/flickr30k_images/flickr30k_images/3264832994.jpg,person,0.5218257308006287,15.163612365722656,0.6633281707763672,159.7997283935547,322.0811462402344,8
Flickr30K/3264832994.jpg,/content/Image_captioning_Local/Flickr30K/flickr30k_images/flickr30k_images/3264832994.jpg,bicycle,0.3959880769252777,336.7376403808594,92.1263198852539,421.8469543457031,216.1580047607422,8
Flickr30K/3264832994.jpg,/content/Image_captioning_Local/Flickr30K/flickr30k_images/flickr30k_images/3264832994.jpg,person,0.341471403837204,17.96973991394043,0.6523370742797852,159.65496826171875,124.13175201416016,8
Flickr30K/3264832994.jpg,/content/Image_captioning_Local/Flickr30K/flickr30k_images/flickr30k_images/3264832994.jpg,motorcycle,0.2896663248538971,338.2435302734375,92.69239044189453,421.55517578125,216.06961059570312,8
Flickr30K/3264937930.jpg,/content/Image_captioning_Local/Flickr30K/flickr30k_images/flickr30k_images/3264937930.jpg,person,0.8898450136184692,56.324981689453125,377.67529296875,201.61802673339844,499.7490539550781,9
Flickr30K/3264937930.jpg,/content/Image_captioning_Local/Flickr30K/flickr30k_images/flickr30k_images/3264937930.jpg,person,0.8587251901626587,222.66993713378906,406.57940673828125,290.80499267578125,499.0665283203125,9
Flickr30K/3264937930.jpg,/content/Image_captioning_Local/Flickr30K/flickr30k_images/flickr30k_images/3264937930.jpg,person,0.8309320211410522,268.4095458984375,438.2547302246094,332.0,499.80450439453125,9
Flickr30K/3264937930.jpg,/content/Image_captioning_Local/Flickr30K/flickr30k_images/flickr30k_images/3264937930.jpg,person,0.7933514714241028,36.14655685424805,398.071044921875,111.61421203613281,499.6226806640625,9
Flickr30K/3264937930.jpg,/content/Image_captioning_Local/Flickr30K/flickr30k_images/flickr30k_images/3264937930.jpg,kite,0.6224983334541321,0.38471221923828125,1.5695571899414062,332.0,478.5425109863281,9
Flickr30K/3264937930.jpg,/content/Image_captioning_Local/Flickr30K/flickr30k_images/flickr30k_images/3264937930.jpg,person,0.581188440322876,282.51251220703125,403.8409118652344,295.884765625,444.5910339355469,9
Flickr30K/3264937930.jpg,/content/Image_captioning_Local/Flickr30K/flickr30k_images/flickr30k_images/3264937930.jpg,person,0.5486959218978882,157.828857421875,370.1260986328125,208.31361389160156,429.0942687988281,9
Flickr30K/3264937930.jpg,/content/Image_captioning_Local/Flickr30K/flickr30k_images/flickr30k_images/3264937930.jpg,person,0.5370091199874878,312.1859130859375,404.7233581542969,319.8938293457031,430.66522216796875,9
Flickr30K/3264937930.jpg,/content/Image_captioning_Local/Flickr30K/flickr30k_images/flickr30k_images/3264937930.jpg,person,0.447361022233963,302.50677490234375,406.0360107421875,312.654052734375,432.102783203125,9
Flickr30K/3265162450.jpg,/content/Image_captioning_Local/Flickr30K/flickr30k_images/flickr30k_images/3265162450.jpg,dog,0.9419435262680054,0.8837699890136719,138.29452514648438,268.24822998046875,243.38925170898438,4
Flickr30K/3265162450.jpg,/content/Image_captioning_Local/Flickr30K/flickr30k_images/flickr30k_images/3265162450.jpg,dog,0.9073977470397949,238.56234741210938,106.2013168334961,461.4266357421875,225.54302978515625,4
Flickr30K/3265162450.jpg,/content/Image_captioning_Local/Flickr30K/flickr30k_images/flickr30k_images/3265162450.jpg,dog,0.9057757258415222,34.79490280151367,30.860042572021484,260.43707275390625,151.5552520751953,4
Flickr30K/3265162450.jpg,/content/Image_captioning_Local/Flickr30K/flickr30k_images/flickr30k_images/3265162450.jpg,surfboard,0.33402448892593384,371.85430908203125,194.9576873779297,499.97442626953125,226.90863037109375,4
Flickr30K/3265209567.jpg,/content/Image_captioning_Local/Flickr30K/flickr30k_images/flickr30k_images/3265209567.jpg,dog,0.3942902088165283,24.953556060791016,75.74373626708984,418.2358703613281,250.63128662109375,2
Flickr30K/3265209567.jpg,/content/Image_captioning_Local/Flickr30K/flickr30k_images/flickr30k_images/3265209567.jpg,dog,0.30173221230506897,26.592493057250977,0.0,500.0,300.4933776855469,2
Flickr30K/3265527323.jpg,/content/Image_captioning_Local/Flickr30K/flickr30k_images/flickr30k_images/3265527323.jpg,bear,0.8355512022972107,263.78826904296875,81.80806732177734,339.1318359375,151.4084930419922,3
Flickr30K/3265527323.jpg,/content/Image_captioning_Local/Flickr30K/flickr30k_images/flickr30k_images/3265527323.jpg,bird,0.7671809196472168,38.4219970703125,184.74911499023438,199.619140625,318.83251953125,3
Flickr30K/3265527323.jpg,/content/Image_captioning_Local/Flickr30K/flickr30k_images/flickr30k_images/3265527323.jpg,bowl,0.2764413356781006,396.6060791015625,179.16810607910156,473.5609130859375,237.19129943847656,3
Flickr30K/3265578645.jpg,/content/Image_captioning_Local/Flickr30K/flickr30k_images/flickr30k_images/3265578645.jpg,person,0.8883578777313232,14.945340156555176,89.05534362792969,179.5518798828125,479.6922302246094,13
Flickr30K/3265578645.jpg,/content/Image_captioning_Local/Flickr30K/flickr30k_images/flickr30k_images/3265578645.jpg,bus,0.8843364119529724,173.19403076171875,5.997991561889648,333.0,440.6588134765625,13
Flickr30K/3265578645.jpg,/content/Image_captioning_Local/Flickr30K/flickr30k_images/flickr30k_images/3265578645.jpg,car,0.7990276217460632,0.0,153.9973602294922,46.440269470214844,355.6437072753906,13
Flickr30K/3265578645.jpg,/content/Image_captioning_Local/Flickr30K/flickr30k_images/flickr30k_images/3265578645.jpg,person,0.6228424906730652,148.96063232421875,140.57252502441406,196.86941528320312,316.1843566894531,13
Flickr30K/3265578645.jpg,/content/Image_captioning_Local/Flickr30K/flickr30k_images/flickr30k_images/3265578645.jpg,person,0.5555395483970642,121.89826965332031,141.75233459472656,153.61680603027344,291.45416259765625,13
Flickr30K/3265578645.jpg,/content/Image_captioning_Local/Flickr30K/flickr30k_images/flickr30k_images/3265578645.jpg,handbag,0.5463989973068237,32.26322937011719,149.21038818359375,90.11702728271484,305.2643127441406,13
Flickr30K/3265578645.jpg,/content/Image_captioning_Local/Flickr30K/flickr30k_images/flickr30k_images/3265578645.jpg,person,0.5384175181388855,2.9952287673950195,133.66880798339844,30.5788516998291,172.38526916503906,13
Flickr30K/3265578645.jpg,/content/Image_captioning_Local/Flickr30K/flickr30k_images/flickr30k_images/3265578645.jpg,person,0.4813064932823181,136.1402587890625,123.27416229248047,158.98684692382812,150.53790283203125,13
Flickr30K/3265578645.jpg,/content/Image_captioning_Local/Flickr30K/flickr30k_images/flickr30k_images/3265578645.jpg,person,0.3919954001903534,113.05360412597656,136.95318603515625,137.30735778808594,184.44320678710938,13
Flickr30K/3265578645.jpg,/content/Image_captioning_Local/Flickr30K/flickr30k_images/flickr30k_images/3265578645.jpg,person,0.3435496985912323,27.385377883911133,134.4573211669922,45.357276916503906,159.5026397705078,13
Flickr30K/3265578645.jpg,/content/Image_captioning_Local/Flickr30K/flickr30k_images/flickr30k_images/3265578645.jpg,person,0.3401835262775421,147.24935913085938,142.72694396972656,177.99696350097656,287.67352294921875,13
Flickr30K/3265578645.jpg,/content/Image_captioning_Local/Flickr30K/flickr30k_images/flickr30k_images/3265578645.jpg,person,0.32251036167144775,122.3551254272461,141.75160217285156,152.832275390625,214.78216552734375,13
Flickr30K/3265578645.jpg,/content/Image_captioning_Local/Flickr30K/flickr30k_images/flickr30k_images/3265578645.jpg,person,0.3066257834434509,168.86058044433594,141.24786376953125,197.64590454101562,210.33489990234375,13
Flickr30K/326585030.jpg,/content/Image_captioning_Local/Flickr30K/flickr30k_images/flickr30k_images/326585030.jpg,boat,0.866548478603363,230.2010955810547,219.1855010986328,371.7732849121094,251.93896484375,2
Flickr30K/326585030.jpg,/content/Image_captioning_Local/Flickr30K/flickr30k_images/flickr30k_images/326585030.jpg,person,0.7310032248497009,330.64483642578125,213.05160522460938,345.2294006347656,239.71795654296875,2
Flickr30K/3265864834.jpg,/content/Image_captioning_Local/Flickr30K/flickr30k_images/flickr30k_images/3265864834.jpg,dog,0.9491676688194275,166.72067260742188,92.03881072998047,341.09344482421875,329.99066162109375,1
Flickr30K/3265964840.jpg,/content/Image_captioning_Local/Flickr30K/flickr30k_images/flickr30k_images/3265964840.jpg,snowboard,0.9206727743148804,60.856746673583984,232.3272247314453,243.00672912597656,398.5235290527344,2
Flickr30K/3265964840.jpg,/content/Image_captioning_Local/Flickr30K/flickr30k_images/flickr30k_images/3265964840.jpg,person,0.9006050229072571,96.57154083251953,92.21182250976562,228.1776885986328,322.601318359375,2
Flickr30K/3266151633.jpg,/content/Image_captioning_Local/Flickr30K/flickr30k_images/flickr30k_images/3266151633.jpg,person,0.7620934247970581,1.66015625,227.44808959960938,41.93885040283203,273.6103515625,17
Flickr30K/3266151633.jpg,/content/Image_captioning_Local/Flickr30K/flickr30k_images/flickr30k_images/3266151633.jpg,person,0.6943598985671997,428.7542419433594,207.67584228515625,460.2861328125,236.04994201660156,17
Flickr30K/3266151633.jpg,/content/Image_captioning_Local/Flickr30K/flickr30k_images/flickr30k_images/3266151633.jpg,person,0.6282548308372498,461.005126953125,227.7693328857422,499.81573486328125,366.2132873535156,17
Flickr30K/3266151633.jpg,/content/Image_captioning_Local/Flickr30K/flickr30k_images/flickr30k_images/3266151633.jpg,person,0.6204782128334045,293.39581298828125,281.35400390625,498.0456237792969,373.4996337890625,17
Flickr30K/3266151633.jpg,/content/Image_captioning_Local/Flickr30K/flickr30k_images/flickr30k_images/3266151633.jpg,person,0.4440488815307617,294.6028137207031,208.91824340820312,355.71295166015625,252.32443237304688,17
Flickr30K/3266151633.jpg,/content/Image_captioning_Local/Flickr30K/flickr30k_images/flickr30k_images/3266151633.jpg,person,0.4103023111820221,332.50189208984375,205.6456756591797,365.574462890625,237.4721221923828,17
Flickr30K/3266151633.jpg,/content/Image_captioning_Local/Flickr30K/flickr30k_images/flickr30k_images/3266151633.jpg,person,0.4088847041130066,404.3719177246094,236.5797576904297,474.8449401855469,318.2289123535156,17
Flickr30K/3266151633.jpg,/content/Image_captioning_Local/Flickr30K/flickr30k_images/flickr30k_images/3266151633.jpg,person,0.39907774329185486,371.55499267578125,143.86029052734375,436.9085693359375,231.81271362304688,17
Flickr30K/3266151633.jpg,/content/Image_captioning_Local/Flickr30K/flickr30k_images/flickr30k_images/3266151633.jpg,person,0.39181947708129883,137.6473846435547,216.39132690429688,176.1055450439453,249.02471923828125,17
Flickr30K/3266151633.jpg,/content/Image_captioning_Local/Flickr30K/flickr30k_images/flickr30k_images/3266151633.jpg,person,0.3682880699634552,137.2200469970703,215.90542602539062,177.8028564453125,269.9022216796875,17
Flickr30K/3266151633.jpg,/content/Image_captioning_Local/Flickr30K/flickr30k_images/flickr30k_images/3266151633.jpg,person,0.3577110171318054,484.6410827636719,207.02565002441406,499.80450439453125,217.98960876464844,17
Flickr30K/3266151633.jpg,/content/Image_captioning_Local/Flickr30K/flickr30k_images/flickr30k_images/3266151633.jpg,person,0.3292069733142853,21.67737579345703,194.57296752929688,63.50455856323242,272.88275146484375,17
Flickr30K/3266151633.jpg,/content/Image_captioning_Local/Flickr30K/flickr30k_images/flickr30k_images/3266151633.jpg,person,0.30286848545074463,142.4306182861328,227.44622802734375,199.8402862548828,310.53643798828125,17
Flickr30K/3266151633.jpg,/content/Image_captioning_Local/Flickr30K/flickr30k_images/flickr30k_images/3266151633.jpg,person,0.2838086187839508,185.4876708984375,172.1396026611328,399.66064453125,372.114501953125,17
Flickr30K/3266151633.jpg,/content/Image_captioning_Local/Flickr30K/flickr30k_images/flickr30k_images/3266151633.jpg,person,0.278916597366333,448.3840026855469,216.7613525390625,499.4865417480469,247.23239135742188,17
Flickr30K/3266151633.jpg,/content/Image_captioning_Local/Flickr30K/flickr30k_images/flickr30k_images/3266151633.jpg,person,0.2630385756492615,104.51321411132812,202.5287628173828,146.27308654785156,277.5586242675781,17
Flickr30K/3266151633.jpg,/content/Image_captioning_Local/Flickr30K/flickr30k_images/flickr30k_images/3266151633.jpg,person,0.2606112062931061,377.6839904785156,219.5936737060547,445.67889404296875,279.0079650878906,17
Flickr30K/3266261886.jpg,/content/Image_captioning_Local/Flickr30K/flickr30k_images/flickr30k_images/3266261886.jpg,person,0.7404108047485352,49.735023498535156,22.38036346435547,497.8434143066406,328.8099365234375,3
Flickr30K/3266261886.jpg,/content/Image_captioning_Local/Flickr30K/flickr30k_images/flickr30k_images/3266261886.jpg,person,0.5663177967071533,186.63906860351562,20.6329345703125,499.1323547363281,324.61956787109375,3
Flickr30K/3266261886.jpg,/content/Image_captioning_Local/Flickr30K/flickr30k_images/flickr30k_images/3266261886.jpg,tie,0.34898221492767334,96.82476806640625,162.29806518554688,305.5764465332031,328.3724670410156,3
Flickr30K/3266306177.jpg,/content/Image_captioning_Local/Flickr30K/flickr30k_images/flickr30k_images/3266306177.jpg,dog,0.9132071137428284,150.3573760986328,104.55012512207031,411.4008483886719,291.72454833984375,1
Flickr30K/3266399073.jpg,/content/Image_captioning_Local/Flickr30K/flickr30k_images/flickr30k_images/3266399073.jpg,cup,0.8402359485626221,149.7049102783203,280.0101318359375,213.76231384277344,374.3564147949219,10
Flickr30K/3266399073.jpg,/content/Image_captioning_Local/Flickr30K/flickr30k_images/flickr30k_images/3266399073.jpg,person,0.805878758430481,99.37004852294922,87.4227066040039,274.7584228515625,326.1091613769531,10
Flickr30K/3266399073.jpg,/content/Image_captioning_Local/Flickr30K/flickr30k_images/flickr30k_images/3266399073.jpg,person,0.7713848948478699,0.0,141.0256805419922,139.7349395751953,371.02923583984375,10
Flickr30K/3266399073.jpg,/content/Image_captioning_Local/Flickr30K/flickr30k_images/flickr30k_images/3266399073.jpg,cup,0.7574681043624878,257.3927307128906,293.86297607421875,295.8114013671875,374.39984130859375,10
Flickr30K/3266399073.jpg,/content/Image_captioning_Local/Flickr30K/flickr30k_images/flickr30k_images/3266399073.jpg,person,0.7019495368003845,456.9328308105469,262.53167724609375,499.78466796875,373.93817138671875,10
Flickr30K/3266399073.jpg,/content/Image_captioning_Local/Flickr30K/flickr30k_images/flickr30k_images/3266399073.jpg,person,0.4359242916107178,0.038313865661621094,114.7013168334961,18.24660873413086,213.88955688476562,10
Flickr30K/3266399073.jpg,/content/Image_captioning_Local/Flickr30K/flickr30k_images/flickr30k_images/3266399073.jpg,person,0.38281866908073425,0.05869865417480469,118.576904296875,100.86643981933594,371.74896240234375,10
Flickr30K/3266399073.jpg,/content/Image_captioning_Local/Flickr30K/flickr30k_images/flickr30k_images/3266399073.jpg,person,0.32425180077552795,224.17874145507812,238.81597900390625,389.1523742675781,367.220458984375,10
Flickr30K/3266399073.jpg,/content/Image_captioning_Local/Flickr30K/flickr30k_images/flickr30k_images/3266399073.jpg,person,0.2962488830089569,268.77618408203125,150.40570068359375,385.19073486328125,284.42724609375,10
Flickr30K/3266399073.jpg,/content/Image_captioning_Local/Flickr30K/flickr30k_images/flickr30k_images/3266399073.jpg,wine glass,0.27174681425094604,149.7286376953125,280.1427001953125,213.83676147460938,374.2195739746094,10
Flickr30K/3266406566.jpg,/content/Image_captioning_Local/Flickr30K/flickr30k_images/flickr30k_images/3266406566.jpg,person,0.8833377361297607,213.8711395263672,128.80841064453125,397.01361083984375,356.4161376953125,8
Flickr30K/3266406566.jpg,/content/Image_captioning_Local/Flickr30K/flickr30k_images/flickr30k_images/3266406566.jpg,person,0.5689383745193481,258.2837219238281,79.33612060546875,457.0337829589844,273.72479248046875,8
Flickr30K/3266406566.jpg,/content/Image_captioning_Local/Flickr30K/flickr30k_images/flickr30k_images/3266406566.jpg,person,0.49266043305397034,87.28388214111328,52.21674346923828,263.76727294921875,295.7657470703125,8
Flickr30K/3266406566.jpg,/content/Image_captioning_Local/Flickr30K/flickr30k_images/flickr30k_images/3266406566.jpg,bed,0.4369950592517853,0.257110595703125,0.1578211784362793,199.44639587402344,368.50537109375,8
Flickr30K/3266406566.jpg,/content/Image_captioning_Local/Flickr30K/flickr30k_images/flickr30k_images/3266406566.jpg,person,0.32830047607421875,318.5478820800781,79.29933166503906,457.7568664550781,273.4735107421875,8
Flickr30K/3266406566.jpg,/content/Image_captioning_Local/Flickr30K/flickr30k_images/flickr30k_images/3266406566.jpg,bottle,0.2730003297328949,405.0346374511719,148.30751037597656,422.7044982910156,190.20933532714844,8
Flickr30K/3266406566.jpg,/content/Image_captioning_Local/Flickr30K/flickr30k_images/flickr30k_images/3266406566.jpg,bed,0.2654291093349457,69.70848846435547,243.7319793701172,499.6695861816406,372.82830810546875,8
Flickr30K/3266406566.jpg,/content/Image_captioning_Local/Flickr30K/flickr30k_images/flickr30k_images/3266406566.jpg,person,0.25452208518981934,86.16032409667969,50.68397521972656,264.46484375,217.040771484375,8
Flickr30K/3266913175.jpg,/content/Image_captioning_Local/Flickr30K/flickr30k_images/flickr30k_images/3266913175.jpg,person,0.924250066280365,295.5301208496094,117.33941650390625,427.8058166503906,329.15802001953125,9
Flickr30K/3266913175.jpg,/content/Image_captioning_Local/Flickr30K/flickr30k_images/flickr30k_images/3266913175.jpg,person,0.8413369655609131,377.85833740234375,55.34446334838867,404.85601806640625,137.36309814453125,9
Flickr30K/3266913175.jpg,/content/Image_captioning_Local/Flickr30K/flickr30k_images/flickr30k_images/3266913175.jpg,bicycle,0.8154072165489197,29.096651077270508,135.4116973876953,125.15835571289062,174.49130249023438,9
Flickr30K/3266913175.jpg,/content/Image_captioning_Local/Flickr30K/flickr30k_images/flickr30k_images/3266913175.jpg,truck,0.7807185053825378,229.64529418945312,29.075504302978516,379.2544860839844,115.35539245605469,9
Flickr30K/3266913175.jpg,/content/Image_captioning_Local/Flickr30K/flickr30k_images/flickr30k_images/3266913175.jpg,car,0.6666455864906311,0.059613585472106934,46.7167854309082,25.28011703491211,92.32859802246094,9
Flickr30K/3266913175.jpg,/content/Image_captioning_Local/Flickr30K/flickr30k_images/flickr30k_images/3266913175.jpg,bicycle,0.6336314678192139,143.0289764404297,158.08067321777344,213.4684600830078,191.8445587158203,9
Flickr30K/3266913175.jpg,/content/Image_captioning_Local/Flickr30K/flickr30k_images/flickr30k_images/3266913175.jpg,bicycle,0.5382907390594482,106.27391052246094,114.41111755371094,161.20249938964844,148.02308654785156,9
Flickr30K/3266913175.jpg,/content/Image_captioning_Local/Flickr30K/flickr30k_images/flickr30k_images/3266913175.jpg,bicycle,0.4344865679740906,110.07378387451172,198.54969787597656,247.25172424316406,270.2175598144531,9
Flickr30K/3266913175.jpg,/content/Image_captioning_Local/Flickr30K/flickr30k_images/flickr30k_images/3266913175.jpg,motorcycle,0.33678823709487915,10.182528495788574,111.76886749267578,47.57609939575195,144.502685546875,9
Flickr30K/3267644370.jpg,/content/Image_captioning_Local/Flickr30K/flickr30k_images/flickr30k_images/3267644370.jpg,person,0.902502179145813,288.40673828125,53.559112548828125,404.12799072265625,152.5433349609375,3
Flickr30K/3267644370.jpg,/content/Image_captioning_Local/Flickr30K/flickr30k_images/flickr30k_images/3267644370.jpg,skis,0.6210649609565735,318.8594970703125,66.78038024902344,418.797119140625,259.8172607421875,3
Flickr30K/3267644370.jpg,/content/Image_captioning_Local/Flickr30K/flickr30k_images/flickr30k_images/3267644370.jpg,snowboard,0.2574164569377899,320.13665771484375,69.62318420410156,418.8326721191406,259.3407287597656,3
Flickr30K/3267720211.jpg,/content/Image_captioning_Local/Flickr30K/flickr30k_images/flickr30k_images/3267720211.jpg,person,0.8601991534233093,320.2825927734375,104.86910247802734,361.5994873046875,226.04046630859375,8
Flickr30K/3267720211.jpg,/content/Image_captioning_Local/Flickr30K/flickr30k_images/flickr30k_images/3267720211.jpg,person,0.8440564870834351,50.383663177490234,71.21005249023438,374.6670837402344,499.8222961425781,8
Flickr30K/3267720211.jpg,/content/Image_captioning_Local/Flickr30K/flickr30k_images/flickr30k_images/3267720211.jpg,backpack,0.6354871392250061,321.6790771484375,123.77266693115234,354.6239929199219,174.7345733642578,8
Flickr30K/3267720211.jpg,/content/Image_captioning_Local/Flickr30K/flickr30k_images/flickr30k_images/3267720211.jpg,person,0.5961639881134033,235.80303955078125,126.9095687866211,309.4630126953125,217.19419860839844,8
Flickr30K/3267720211.jpg,/content/Image_captioning_Local/Flickr30K/flickr30k_images/flickr30k_images/3267720211.jpg,bus,0.4332073926925659,0.0,0.8960723876953125,375.0,500.0,8
Flickr30K/3267720211.jpg,/content/Image_captioning_Local/Flickr30K/flickr30k_images/flickr30k_images/3267720211.jpg,person,0.42901960015296936,214.5050048828125,136.0734405517578,236.51181030273438,158.97898864746094,8
Flickr30K/3267720211.jpg,/content/Image_captioning_Local/Flickr30K/flickr30k_images/flickr30k_images/3267720211.jpg,person,0.3686040937900543,205.88485717773438,135.71493530273438,238.68429565429688,171.36875915527344,8
Flickr30K/3267720211.jpg,/content/Image_captioning_Local/Flickr30K/flickr30k_images/flickr30k_images/3267720211.jpg,person,0.32781141996383667,236.183349609375,127.53670501708984,275.00006103515625,197.78225708007812,8
Flickr30K/3267847492.jpg,/content/Image_captioning_Local/Flickr30K/flickr30k_images/flickr30k_images/3267847492.jpg,person,0.8778101205825806,265.89013671875,407.90106201171875,366.3935546875,499.7297668457031,15
Flickr30K/3267847492.jpg,/content/Image_captioning_Local/Flickr30K/flickr30k_images/flickr30k_images/3267847492.jpg,person,0.8561893701553345,16.80242919921875,35.74363708496094,98.10273742675781,227.03836059570312,15
Flickr30K/3267847492.jpg,/content/Image_captioning_Local/Flickr30K/flickr30k_images/flickr30k_images/3267847492.jpg,person,0.8379895687103271,121.57073974609375,273.82904052734375,226.34901428222656,485.94036865234375,15
Flickr30K/3267847492.jpg,/content/Image_captioning_Local/Flickr30K/flickr30k_images/flickr30k_images/3267847492.jpg,person,0.828903079032898,124.45392608642578,428.5105285644531,206.33816528320312,499.7694396972656,15
Flickr30K/3267847492.jpg,/content/Image_captioning_Local/Flickr30K/flickr30k_images/flickr30k_images/3267847492.jpg,person,0.8217910528182983,90.1591567993164,137.4489288330078,144.98898315429688,224.72280883789062,15
Flickr30K/3267847492.jpg,/content/Image_captioning_Local/Flickr30K/flickr30k_images/flickr30k_images/3267847492.jpg,person,0.817438542842865,132.04937744140625,75.28532409667969,229.69288635253906,221.6368865966797,15
Flickr30K/3267847492.jpg,/content/Image_captioning_Local/Flickr30K/flickr30k_images/flickr30k_images/3267847492.jpg,person,0.8093957304954529,187.6661834716797,433.6852111816406,263.0814208984375,499.8074645996094,15
Flickr30K/3267847492.jpg,/content/Image_captioning_Local/Flickr30K/flickr30k_images/flickr30k_images/3267847492.jpg,person,0.7949517369270325,244.90419006347656,427.78509521484375,286.5958557128906,499.7625427246094,15
Flickr30K/3267847492.jpg,/content/Image_captioning_Local/Flickr30K/flickr30k_images/flickr30k_images/3267847492.jpg,person,0.6650349497795105,194.96798706054688,93.47956085205078,261.24359130859375,208.6180419921875,15
Flickr30K/3267847492.jpg,/content/Image_captioning_Local/Flickr30K/flickr30k_images/flickr30k_images/3267847492.jpg,person,0.6633551120758057,243.57955932617188,126.35521697998047,303.8512878417969,216.79920959472656,15
Flickr30K/3267847492.jpg,/content/Image_captioning_Local/Flickr30K/flickr30k_images/flickr30k_images/3267847492.jpg,bus,0.5999574065208435,0.0,195.2525177001953,375.0,497.14642333984375,15
Flickr30K/3267847492.jpg,/content/Image_captioning_Local/Flickr30K/flickr30k_images/flickr30k_images/3267847492.jpg,person,0.49358782172203064,286.4106750488281,213.0606689453125,358.9720153808594,438.47589111328125,15
Flickr30K/3267847492.jpg,/content/Image_captioning_Local/Flickr30K/flickr30k_images/flickr30k_images/3267847492.jpg,person,0.41465720534324646,355.23638916015625,438.9771423339844,375.0,499.8011474609375,15
Flickr30K/3267847492.jpg,/content/Image_captioning_Local/Flickr30K/flickr30k_images/flickr30k_images/3267847492.jpg,skis,0.413300484418869,211.9741973876953,339.61724853515625,304.4557189941406,422.4957580566406,15
Flickr30K/3267847492.jpg,/content/Image_captioning_Local/Flickr30K/flickr30k_images/flickr30k_images/3267847492.jpg,person,0.2775270938873291,229.37303161621094,341.6246337890625,309.42431640625,465.3746643066406,15
Flickr30K/3267860015.jpg,/content/Image_captioning_Local/Flickr30K/flickr30k_images/flickr30k_images/3267860015.jpg,person,0.8360921740531921,349.819580078125,96.03289031982422,397.6173095703125,179.50076293945312,13
Flickr30K/3267860015.jpg,/content/Image_captioning_Local/Flickr30K/flickr30k_images/flickr30k_images/3267860015.jpg,person,0.8352399468421936,149.5900421142578,93.43977355957031,205.13792419433594,176.29537963867188,13
Flickr30K/3267860015.jpg,/content/Image_captioning_Local/Flickr30K/flickr30k_images/flickr30k_images/3267860015.jpg,person,0.8046292066574097,367.0885009765625,131.53860473632812,441.0580749511719,315.6214904785156,13
Flickr30K/3267860015.jpg,/content/Image_captioning_Local/Flickr30K/flickr30k_images/flickr30k_images/3267860015.jpg,person,0.7824465036392212,27.834957122802734,89.35496520996094,68.77066040039062,171.10125732421875,13
Flickr30K/3267860015.jpg,/content/Image_captioning_Local/Flickr30K/flickr30k_images/flickr30k_images/3267860015.jpg,person,0.7616461515426636,4.4241485595703125,101.13728332519531,36.7387580871582,204.9645233154297,13
Flickr30K/3267860015.jpg,/content/Image_captioning_Local/Flickr30K/flickr30k_images/flickr30k_images/3267860015.jpg,person,0.6431585550308228,98.85821533203125,98.66822052001953,120.86722564697266,151.241943359375,13
Flickr30K/3267860015.jpg,/content/Image_captioning_Local/Flickr30K/flickr30k_images/flickr30k_images/3267860015.jpg,person,0.5830476880073547,238.7816925048828,82.98519897460938,313.28302001953125,316.5502624511719,13
Flickr30K/3267860015.jpg,/content/Image_captioning_Local/Flickr30K/flickr30k_images/flickr30k_images/3267860015.jpg,person,0.47173038125038147,138.3280029296875,103.48063659667969,155.01254272460938,149.8973846435547,13
Flickr30K/3267860015.jpg,/content/Image_captioning_Local/Flickr30K/flickr30k_images/flickr30k_images/3267860015.jpg,person,0.43280091881752014,0.027579069137573242,90.7693862915039,19.553882598876953,217.3328857421875,13
Flickr30K/3267860015.jpg,/content/Image_captioning_Local/Flickr30K/flickr30k_images/flickr30k_images/3267860015.jpg,person,0.41572141647338867,65.30944061279297,92.89363861083984,92.17713928222656,149.0448455810547,13
Flickr30K/3267860015.jpg,/content/Image_captioning_Local/Flickr30K/flickr30k_images/flickr30k_images/3267860015.jpg,person,0.3969259560108185,87.55416870117188,97.48933410644531,100.39336395263672,154.32861328125,13
Flickr30K/3267860015.jpg,/content/Image_captioning_Local/Flickr30K/flickr30k_images/flickr30k_images/3267860015.jpg,person,0.355904757976532,293.54425048828125,122.09811401367188,341.145751953125,183.9132843017578,13
Flickr30K/3267860015.jpg,/content/Image_captioning_Local/Flickr30K/flickr30k_images/flickr30k_images/3267860015.jpg,bicycle,0.349508672952652,0.04315674304962158,195.894287109375,34.968257904052734,293.2705078125,13
Flickr30K/3268171814.jpg,/content/Image_captioning_Local/Flickr30K/flickr30k_images/flickr30k_images/3268171814.jpg,person,0.8570746779441833,272.73577880859375,34.42974090576172,312.9341125488281,104.58123779296875,6
Flickr30K/3268171814.jpg,/content/Image_captioning_Local/Flickr30K/flickr30k_images/flickr30k_images/3268171814.jpg,person,0.8114981651306152,309.9603271484375,41.94839096069336,339.2160949707031,105.1859130859375,6
Flickr30K/3268171814.jpg,/content/Image_captioning_Local/Flickr30K/flickr30k_images/flickr30k_images/3268171814.jpg,person,0.6440388560295105,206.35482788085938,21.10762596130371,256.5200500488281,76.12347412109375,6
Flickr30K/3268171814.jpg,/content/Image_captioning_Local/Flickr30K/flickr30k_images/flickr30k_images/3268171814.jpg,dog,0.6092767119407654,349.5026550292969,135.5959930419922,426.83209228515625,187.30821228027344,6
Flickr30K/3268171814.jpg,/content/Image_captioning_Local/Flickr30K/flickr30k_images/flickr30k_images/3268171814.jpg,bench,0.34708213806152344,376.66046142578125,53.7663459777832,470.7867736816406,126.28390502929688,6
Flickr30K/3268171814.jpg,/content/Image_captioning_Local/Flickr30K/flickr30k_images/flickr30k_images/3268171814.jpg,person,0.3219431936740875,217.46926879882812,48.94912338256836,270.3690185546875,104.13811492919922,6
Flickr30K/3268175963.jpg,/content/Image_captioning_Local/Flickr30K/flickr30k_images/flickr30k_images/3268175963.jpg,person,0.937847375869751,275.24298095703125,42.35745620727539,428.3094482421875,342.18817138671875,2
Flickr30K/3268175963.jpg,/content/Image_captioning_Local/Flickr30K/flickr30k_images/flickr30k_images/3268175963.jpg,person,0.9163376092910767,131.1642303466797,170.62525939941406,276.4548645019531,344.0862731933594,2
Flickr30K/3268191118.jpg,/content/Image_captioning_Local/Flickr30K/flickr30k_images/flickr30k_images/3268191118.jpg,person,0.9222614765167236,154.65345764160156,37.909461975097656,266.2618713378906,201.94302368164062,7
Flickr30K/3268191118.jpg,/content/Image_captioning_Local/Flickr30K/flickr30k_images/flickr30k_images/3268191118.jpg,bicycle,0.8694274425506592,80.7303466796875,125.42073822021484,205.84072875976562,271.2568359375,7
Flickr30K/3268191118.jpg,/content/Image_captioning_Local/Flickr30K/flickr30k_images/flickr30k_images/3268191118.jpg,person,0.5077915787696838,46.053932189941406,220.69863891601562,74.15132141113281,266.425048828125,7
Flickr30K/3268191118.jpg,/content/Image_captioning_Local/Flickr30K/flickr30k_images/flickr30k_images/3268191118.jpg,person,0.47236260771751404,54.521392822265625,221.41207885742188,74.2024154663086,266.2405090332031,7
Flickr30K/3268191118.jpg,/content/Image_captioning_Local/Flickr30K/flickr30k_images/flickr30k_images/3268191118.jpg,person,0.41479259729385376,44.74856948852539,220.89410400390625,63.3045654296875,265.87176513671875,7
Flickr30K/3268191118.jpg,/content/Image_captioning_Local/Flickr30K/flickr30k_images/flickr30k_images/3268191118.jpg,person,0.32238179445266724,31.714963912963867,214.28079223632812,45.34547424316406,240.570068359375,7
Flickr30K/3268191118.jpg,/content/Image_captioning_Local/Flickr30K/flickr30k_images/flickr30k_images/3268191118.jpg,person,0.2770487070083618,9.91542911529541,262.34149169921875,26.34942626953125,322.2770690917969,7
Flickr30K/3268301633.jpg,/content/Image_captioning_Local/Flickr30K/flickr30k_images/flickr30k_images/3268301633.jpg,person,0.8561742901802063,359.4404296875,2.702665328979492,499.54119873046875,265.32000732421875,2
Flickr30K/3268301633.jpg,/content/Image_captioning_Local/Flickr30K/flickr30k_images/flickr30k_images/3268301633.jpg,person,0.5470154881477356,92.18002319335938,0.4204690456390381,189.90673828125,101.23753356933594,2
Flickr30K/3268407162.jpg,/content/Image_captioning_Local/Flickr30K/flickr30k_images/flickr30k_images/3268407162.jpg,person,0.9446921944618225,183.9061279296875,5.218946933746338,500.0,395.3559265136719,3
Flickr30K/3268407162.jpg,/content/Image_captioning_Local/Flickr30K/flickr30k_images/flickr30k_images/3268407162.jpg,sports ball,0.8909770846366882,128.9525909423828,267.9250793457031,157.9022216796875,297.379150390625,3
Flickr30K/3268407162.jpg,/content/Image_captioning_Local/Flickr30K/flickr30k_images/flickr30k_images/3268407162.jpg,tennis racket,0.8785930871963501,0.9489774703979492,227.7609405517578,194.06997680664062,380.3713684082031,3
Flickr30K/3268428191.jpg,/content/Image_captioning_Local/Flickr30K/flickr30k_images/flickr30k_images/3268428191.jpg,person,0.9429531097412109,281.0758972167969,68.1711196899414,499.40289306640625,330.7591552734375,10
Flickr30K/3268428191.jpg,/content/Image_captioning_Local/Flickr30K/flickr30k_images/flickr30k_images/3268428191.jpg,person,0.9145380854606628,27.213214874267578,43.25828552246094,277.04498291015625,329.33392333984375,10
Flickr30K/3268428191.jpg,/content/Image_captioning_Local/Flickr30K/flickr30k_images/flickr30k_images/3268428191.jpg,person,0.8890226483345032,0.3796577453613281,0.0,157.11090087890625,328.3780212402344,10
Flickr30K/3268428191.jpg,/content/Image_captioning_Local/Flickr30K/flickr30k_images/flickr30k_images/3268428191.jpg,person,0.7274578809738159,403.5697021484375,95.93367767333984,453.6330261230469,198.20680236816406,10
Flickr30K/3268428191.jpg,/content/Image_captioning_Local/Flickr30K/flickr30k_images/flickr30k_images/3268428191.jpg,person,0.7223318219184875,134.79013061523438,94.5226821899414,232.14044189453125,256.1995544433594,10
Flickr30K/3268428191.jpg,/content/Image_captioning_Local/Flickr30K/flickr30k_images/flickr30k_images/3268428191.jpg,wine glass,0.644359290599823,223.1396484375,219.3185272216797,256.16357421875,264.19976806640625,10
Flickr30K/3268428191.jpg,/content/Image_captioning_Local/Flickr30K/flickr30k_images/flickr30k_images/3268428191.jpg,person,0.6430071592330933,441.4228820800781,104.63970947265625,499.81884765625,231.5052947998047,10
Flickr30K/3268428191.jpg,/content/Image_captioning_Local/Flickr30K/flickr30k_images/flickr30k_images/3268428191.jpg,wine glass,0.5756914615631104,430.6707458496094,321.033203125,473.8382263183594,332.8598937988281,10
Flickr30K/3268428191.jpg,/content/Image_captioning_Local/Flickr30K/flickr30k_images/flickr30k_images/3268428191.jpg,cell phone,0.5566269755363464,143.6439208984375,149.1169891357422,172.73318481445312,192.1886444091797,10
Flickr30K/3268428191.jpg,/content/Image_captioning_Local/Flickr30K/flickr30k_images/flickr30k_images/3268428191.jpg,person,0.5382388234138489,191.26625061035156,142.4588165283203,310.7425231933594,323.1878662109375,10
Flickr30K/3268443910.jpg,/content/Image_captioning_Local/Flickr30K/flickr30k_images/flickr30k_images/3268443910.jpg,person,0.9382843375205994,5.993223190307617,25.672149658203125,400.0,498.05975341796875,4
Flickr30K/3268443910.jpg,/content/Image_captioning_Local/Flickr30K/flickr30k_images/flickr30k_images/3268443910.jpg,sports ball,0.8983851075172424,195.4338836669922,233.36639404296875,228.14590454101562,266.5050964355469,4
Flickr30K/3268443910.jpg,/content/Image_captioning_Local/Flickr30K/flickr30k_images/flickr30k_images/3268443910.jpg,tennis racket,0.8075398206710815,2.886742353439331,363.1660461425781,126.58660125732422,420.9443664550781,4
Flickr30K/3268443910.jpg,/content/Image_captioning_Local/Flickr30K/flickr30k_images/flickr30k_images/3268443910.jpg,car,0.2875829339027405,44.446022033691406,184.73130798339844,120.05703735351562,234.27687072753906,4
Flickr30K/3268467451.jpg,/content/Image_captioning_Local/Flickr30K/flickr30k_images/flickr30k_images/3268467451.jpg,person,0.9461997747421265,59.65483093261719,2.07291841506958,319.2441711425781,327.7552490234375,4
Flickr30K/3268467451.jpg,/content/Image_captioning_Local/Flickr30K/flickr30k_images/flickr30k_images/3268467451.jpg,tie,0.4351843297481537,155.58877563476562,78.3639907836914,171.96224975585938,99.5899887084961,4
Flickr30K/3268467451.jpg,/content/Image_captioning_Local/Flickr30K/flickr30k_images/flickr30k_images/3268467451.jpg,chair,0.3454095423221588,0.35190582275390625,17.177248001098633,285.1363220214844,327.90533447265625,4
Flickr30K/3268467451.jpg,/content/Image_captioning_Local/Flickr30K/flickr30k_images/flickr30k_images/3268467451.jpg,chair,0.25076672434806824,0.19870996475219727,16.13239097595215,146.6983642578125,322.2315368652344,4
Flickr30K/3268727984.jpg,/content/Image_captioning_Local/Flickr30K/flickr30k_images/flickr30k_images/3268727984.jpg,person,0.8552312254905701,23.651731491088867,53.83596420288086,213.1165008544922,499.3329162597656,4
Flickr30K/3268727984.jpg,/content/Image_captioning_Local/Flickr30K/flickr30k_images/flickr30k_images/3268727984.jpg,baseball bat,0.5584022402763367,122.34306335449219,54.78246307373047,201.37652587890625,262.3917236328125,4
Flickr30K/3268727984.jpg,/content/Image_captioning_Local/Flickr30K/flickr30k_images/flickr30k_images/3268727984.jpg,baseball bat,0.5184870958328247,123.46644592285156,56.120445251464844,272.1617126464844,489.5154113769531,4
Flickr30K/3268727984.jpg,/content/Image_captioning_Local/Flickr30K/flickr30k_images/flickr30k_images/3268727984.jpg,baseball bat,0.3880852162837982,120.80616760253906,46.20143127441406,157.05133056640625,133.4754180908203,4
Flickr30K/3268908792.jpg,/content/Image_captioning_Local/Flickr30K/flickr30k_images/flickr30k_images/3268908792.jpg,motorcycle,0.8584757447242737,177.71136474609375,85.71629333496094,277.2448425292969,197.23892211914062,6
Flickr30K/3268908792.jpg,/content/Image_captioning_Local/Flickr30K/flickr30k_images/flickr30k_images/3268908792.jpg,person,0.8186221718788147,199.4911346435547,31.13079071044922,256.4826965332031,152.71177673339844,6
Flickr30K/3268908792.jpg,/content/Image_captioning_Local/Flickr30K/flickr30k_images/flickr30k_images/3268908792.jpg,umbrella,0.5410003662109375,388.1575012207031,128.7951202392578,433.878662109375,146.30067443847656,6
Flickr30K/3268908792.jpg,/content/Image_captioning_Local/Flickr30K/flickr30k_images/flickr30k_images/3268908792.jpg,umbrella,0.3716807961463928,468.80224609375,245.9289093017578,499.8548583984375,259.5860900878906,6
Flickr30K/3268908792.jpg,/content/Image_captioning_Local/Flickr30K/flickr30k_images/flickr30k_images/3268908792.jpg,person,0.33054864406585693,291.40289306640625,247.97003173828125,320.09075927734375,285.71160888671875,6
Flickr30K/3268908792.jpg,/content/Image_captioning_Local/Flickr30K/flickr30k_images/flickr30k_images/3268908792.jpg,umbrella,0.25123146176338196,137.39157104492188,272.1892395019531,184.6812744140625,289.61895751953125,6
Flickr30K/3269037761.jpg,/content/Image_captioning_Local/Flickr30K/flickr30k_images/flickr30k_images/3269037761.jpg,person,0.9103196859359741,157.1539764404297,100.3795166015625,262.6346435546875,330.8130798339844,2
Flickr30K/3269037761.jpg,/content/Image_captioning_Local/Flickr30K/flickr30k_images/flickr30k_images/3269037761.jpg,person,0.8863084316253662,255.97711181640625,43.17970275878906,333.82977294921875,306.7593994140625,2
Flickr30K/3269087421.jpg,/content/Image_captioning_Local/Flickr30K/flickr30k_images/flickr30k_images/3269087421.jpg,person,0.9123398065567017,5.318188667297363,79.65445709228516,360.5371398925781,364.03460693359375,9
Flickr30K/3269087421.jpg,/content/Image_captioning_Local/Flickr30K/flickr30k_images/flickr30k_images/3269087421.jpg,person,0.8999320864677429,418.13226318359375,200.49667358398438,499.7472229003906,365.6722106933594,9
Flickr30K/3269087421.jpg,/content/Image_captioning_Local/Flickr30K/flickr30k_images/flickr30k_images/3269087421.jpg,person,0.8378869295120239,0.07475614547729492,151.26181030273438,30.609405517578125,364.7348937988281,9
Flickr30K/3269087421.jpg,/content/Image_captioning_Local/Flickr30K/flickr30k_images/flickr30k_images/3269087421.jpg,person,0.7545612454414368,3.7813737392425537,190.5043182373047,53.43027877807617,302.8193054199219,9
Flickr30K/3269087421.jpg,/content/Image_captioning_Local/Flickr30K/flickr30k_images/flickr30k_images/3269087421.jpg,person,0.6842160224914551,358.6174011230469,180.15785217285156,426.68719482421875,365.4237365722656,9
Flickr30K/3269087421.jpg,/content/Image_captioning_Local/Flickr30K/flickr30k_images/flickr30k_images/3269087421.jpg,person,0.5273329019546509,30.83426284790039,188.0370635986328,64.65449523925781,252.29005432128906,9
Flickr30K/3269087421.jpg,/content/Image_captioning_Local/Flickr30K/flickr30k_images/flickr30k_images/3269087421.jpg,person,0.5196490287780762,190.25958251953125,47.13291931152344,405.2301025390625,363.67120361328125,9
Flickr30K/3269087421.jpg,/content/Image_captioning_Local/Flickr30K/flickr30k_images/flickr30k_images/3269087421.jpg,person,0.3709563612937927,483.9190368652344,259.3738098144531,499.8176574707031,276.9827880859375,9
Flickr30K/3269087421.jpg,/content/Image_captioning_Local/Flickr30K/flickr30k_images/flickr30k_images/3269087421.jpg,tie,0.2691970765590668,233.53147888183594,157.3090362548828,267.6417236328125,224.20790100097656,9
Flickr30K/3269218907.jpg,/content/Image_captioning_Local/Flickr30K/flickr30k_images/flickr30k_images/3269218907.jpg,person,0.9187261462211609,199.487060546875,218.27520751953125,411.3630676269531,495.57666015625,3
Flickr30K/3269218907.jpg,/content/Image_captioning_Local/Flickr30K/flickr30k_images/flickr30k_images/3269218907.jpg,person,0.8539769649505615,39.0212287902832,29.786968231201172,316.0240783691406,494.32574462890625,3
Flickr30K/3269218907.jpg,/content/Image_captioning_Local/Flickr30K/flickr30k_images/flickr30k_images/3269218907.jpg,cup,0.2545663118362427,285.70355224609375,282.01702880859375,337.5652160644531,339.927001953125,3
Flickr30K/3269380710.jpg,/content/Image_captioning_Local/Flickr30K/flickr30k_images/flickr30k_images/3269380710.jpg,person,0.9425861835479736,40.38605499267578,32.77606964111328,328.15985107421875,497.7511291503906,1
Flickr30K/3269661567.jpg,/content/Image_captioning_Local/Flickr30K/flickr30k_images/flickr30k_images/3269661567.jpg,person,0.915099561214447,437.9635009765625,177.19297790527344,499.7932434082031,331.7339782714844,9
Flickr30K/3269661567.jpg,/content/Image_captioning_Local/Flickr30K/flickr30k_images/flickr30k_images/3269661567.jpg,person,0.9127106666564941,258.72186279296875,134.0059814453125,476.18096923828125,329.4835205078125,9
Flickr30K/3269661567.jpg,/content/Image_captioning_Local/Flickr30K/flickr30k_images/flickr30k_images/3269661567.jpg,person,0.9110854864120483,95.46122741699219,14.659893035888672,349.05499267578125,329.473876953125,9
Flickr30K/3269661567.jpg,/content/Image_captioning_Local/Flickr30K/flickr30k_images/flickr30k_images/3269661567.jpg,person,0.826507568359375,0.10128021240234375,163.1669921875,36.62516403198242,330.8077697753906,9
Flickr30K/3269661567.jpg,/content/Image_captioning_Local/Flickr30K/flickr30k_images/flickr30k_images/3269661567.jpg,person,0.7716012001037598,31.681406021118164,58.724639892578125,161.32728576660156,328.0805969238281,9
Flickr30K/3269661567.jpg,/content/Image_captioning_Local/Flickr30K/flickr30k_images/flickr30k_images/3269661567.jpg,person,0.7408128976821899,227.9595184326172,181.1980743408203,284.5205993652344,331.6889343261719,9
Flickr30K/3269661567.jpg,/content/Image_captioning_Local/Flickr30K/flickr30k_images/flickr30k_images/3269661567.jpg,person,0.5025084018707275,273.9132385253906,183.48184204101562,343.72314453125,332.2077331542969,9
Flickr30K/3269661567.jpg,/content/Image_captioning_Local/Flickr30K/flickr30k_images/flickr30k_images/3269661567.jpg,person,0.3718683421611786,262.18109130859375,204.34312438964844,296.6466979980469,248.50482177734375,9
Flickr30K/3269661567.jpg,/content/Image_captioning_Local/Flickr30K/flickr30k_images/flickr30k_images/3269661567.jpg,person,0.3321114182472229,27.557600021362305,189.80760192871094,72.15192413330078,331.060791015625,9
Flickr30K/3269841412.jpg,/content/Image_captioning_Local/Flickr30K/flickr30k_images/flickr30k_images/3269841412.jpg,bottle,0.8507797718048096,3.0713982582092285,210.88755798339844,26.70100975036621,295.343994140625,6
Flickr30K/3269841412.jpg,/content/Image_captioning_Local/Flickr30K/flickr30k_images/flickr30k_images/3269841412.jpg,couch,0.7407443523406982,54.8339958190918,46.7534294128418,452.6701965332031,308.9554138183594,6
Flickr30K/3269841412.jpg,/content/Image_captioning_Local/Flickr30K/flickr30k_images/flickr30k_images/3269841412.jpg,person,0.7129883170127869,100.77357482910156,101.42529296875,358.2224426269531,295.7588806152344,6
Flickr30K/3269841412.jpg,/content/Image_captioning_Local/Flickr30K/flickr30k_images/flickr30k_images/3269841412.jpg,book,0.6018563508987427,418.1487121582031,301.54248046875,486.818603515625,333.60223388671875,6
Flickr30K/3269841412.jpg,/content/Image_captioning_Local/Flickr30K/flickr30k_images/flickr30k_images/3269841412.jpg,book,0.5271265506744385,433.99725341796875,331.799072265625,498.8787536621094,350.0,6
Flickr30K/3269841412.jpg,/content/Image_captioning_Local/Flickr30K/flickr30k_images/flickr30k_images/3269841412.jpg,bottle,0.35538437962532043,420.3081970214844,269.5566711425781,440.0387878417969,312.0357971191406,6
Flickr30K/3269895626.jpg,/content/Image_captioning_Local/Flickr30K/flickr30k_images/flickr30k_images/3269895626.jpg,motorcycle,0.8489349484443665,78.3583755493164,152.37716674804688,249.6917724609375,445.0730895996094,2
Flickr30K/3269895626.jpg,/content/Image_captioning_Local/Flickr30K/flickr30k_images/flickr30k_images/3269895626.jpg,person,0.8122138381004333,57.035911560058594,2.8783798217773438,280.1124572753906,393.4118957519531,2
Flickr30K/3269934581.jpg,/content/Image_captioning_Local/Flickr30K/flickr30k_images/flickr30k_images/3269934581.jpg,person,0.8540353775024414,357.8216552734375,39.754150390625,404.8783264160156,147.09759521484375,10
Flickr30K/3269934581.jpg,/content/Image_captioning_Local/Flickr30K/flickr30k_images/flickr30k_images/3269934581.jpg,car,0.844667911529541,214.021484375,51.48637390136719,360.00567626953125,106.12232971191406,10
Flickr30K/3269934581.jpg,/content/Image_captioning_Local/Flickr30K/flickr30k_images/flickr30k_images/3269934581.jpg,person,0.832007884979248,46.39720916748047,45.549320220947266,95.14723205566406,145.55731201171875,10
Flickr30K/3269934581.jpg,/content/Image_captioning_Local/Flickr30K/flickr30k_images/flickr30k_images/3269934581.jpg,person,0.8210340142250061,332.0203857421875,77.2868423461914,374.7248229980469,154.37135314941406,10
Flickr30K/3269934581.jpg,/content/Image_captioning_Local/Flickr30K/flickr30k_images/flickr30k_images/3269934581.jpg,car,0.7794095873832703,0.18033981323242188,55.27112579345703,202.24317932128906,180.96554565429688,10
Flickr30K/3269934581.jpg,/content/Image_captioning_Local/Flickr30K/flickr30k_images/flickr30k_images/3269934581.jpg,person,0.6558080315589905,233.38461303710938,44.79289245605469,284.0558166503906,153.49476623535156,10
Flickr30K/3269934581.jpg,/content/Image_captioning_Local/Flickr30K/flickr30k_images/flickr30k_images/3269934581.jpg,car,0.6179975271224976,298.277099609375,49.118568420410156,363.3278503417969,76.70197296142578,10
Flickr30K/3269934581.jpg,/content/Image_captioning_Local/Flickr30K/flickr30k_images/flickr30k_images/3269934581.jpg,bottle,0.4480821192264557,206.1146240234375,223.60462951660156,214.95309448242188,250.50291442871094,10
Flickr30K/3269934581.jpg,/content/Image_captioning_Local/Flickr30K/flickr30k_images/flickr30k_images/3269934581.jpg,bicycle,0.32170718908309937,217.56854248046875,96.7304458618164,336.3548278808594,192.8265838623047,10
Flickr30K/3269934581.jpg,/content/Image_captioning_Local/Flickr30K/flickr30k_images/flickr30k_images/3269934581.jpg,dog,0.2552758455276489,363.85894775390625,125.50930786132812,393.69989013671875,151.70130920410156,10
Flickr30K/3270010926.jpg,/content/Image_captioning_Local/Flickr30K/flickr30k_images/flickr30k_images/3270010926.jpg,person,0.918648362159729,128.7261199951172,55.94342803955078,212.02206420898438,228.1272430419922,9
Flickr30K/3270010926.jpg,/content/Image_captioning_Local/Flickr30K/flickr30k_images/flickr30k_images/3270010926.jpg,person,0.9097415804862976,24.84627914428711,51.91241455078125,125.88072204589844,200.3892822265625,9
Flickr30K/3270010926.jpg,/content/Image_captioning_Local/Flickr30K/flickr30k_images/flickr30k_images/3270010926.jpg,person,0.909450113773346,400.150634765625,155.83853149414062,458.77288818359375,264.8064270019531,9
Flickr30K/3270010926.jpg,/content/Image_captioning_Local/Flickr30K/flickr30k_images/flickr30k_images/3270010926.jpg,person,0.9070305824279785,244.2064208984375,87.83402252197266,383.1456298828125,331.12371826171875,9
Flickr30K/3270010926.jpg,/content/Image_captioning_Local/Flickr30K/flickr30k_images/flickr30k_images/3270010926.jpg,person,0.8023025393486023,331.1361389160156,124.9481201171875,405.5506591796875,318.51263427734375,9
Flickr30K/3270010926.jpg,/content/Image_captioning_Local/Flickr30K/flickr30k_images/flickr30k_images/3270010926.jpg,person,0.7212175130844116,189.88162231445312,186.45806884765625,265.8106689453125,290.10205078125,9
Flickr30K/3270010926.jpg,/content/Image_captioning_Local/Flickr30K/flickr30k_images/flickr30k_images/3270010926.jpg,handbag,0.5355545878410339,375.30047607421875,223.3018341064453,428.3455810546875,278.0213928222656,9
Flickr30K/3270010926.jpg,/content/Image_captioning_Local/Flickr30K/flickr30k_images/flickr30k_images/3270010926.jpg,person,0.28220799565315247,189.95419311523438,185.87493896484375,327.36138916015625,325.55364990234375,9
Flickr30K/3270010926.jpg,/content/Image_captioning_Local/Flickr30K/flickr30k_images/flickr30k_images/3270010926.jpg,backpack,0.25263553857803345,374.4532470703125,223.61280822753906,428.07568359375,277.7548522949219,9
Flickr30K/3270047169.jpg,/content/Image_captioning_Local/Flickr30K/flickr30k_images/flickr30k_images/3270047169.jpg,person,0.9296917915344238,190.55091857910156,23.593711853027344,295.0904541015625,197.0278778076172,4
Flickr30K/3270047169.jpg,/content/Image_captioning_Local/Flickr30K/flickr30k_images/flickr30k_images/3270047169.jpg,bench,0.6712725758552551,0.05943179130554199,211.14865112304688,98.24102783203125,325.44403076171875,4
Flickr30K/3270047169.jpg,/content/Image_captioning_Local/Flickr30K/flickr30k_images/flickr30k_images/3270047169.jpg,skateboard,0.6054478287696838,223.2316436767578,179.6644287109375,307.9856262207031,201.404052734375,4
Flickr30K/3270047169.jpg,/content/Image_captioning_Local/Flickr30K/flickr30k_images/flickr30k_images/3270047169.jpg,bench,0.5329469442367554,100.84906005859375,147.68743896484375,178.77383422851562,199.2544708251953,4
Flickr30K/3270083123.jpg,/content/Image_captioning_Local/Flickr30K/flickr30k_images/flickr30k_images/3270083123.jpg,person,0.9074689149856567,2.564382553100586,3.7705421447753906,480.1358642578125,237.5863037109375,1
Flickr30K/3270174590.jpg,/content/Image_captioning_Local/Flickr30K/flickr30k_images/flickr30k_images/3270174590.jpg,laptop,0.9338418841362,211.75146484375,7.799577713012695,499.34283447265625,277.060546875,4
Flickr30K/3270174590.jpg,/content/Image_captioning_Local/Flickr30K/flickr30k_images/flickr30k_images/3270174590.jpg,person,0.907500684261322,2.2164344787597656,1.4278173446655273,351.404296875,277.67730712890625,4
Flickr30K/3270174590.jpg,/content/Image_captioning_Local/Flickr30K/flickr30k_images/flickr30k_images/3270174590.jpg,laptop,0.8158050775527954,178.1217803955078,115.9159164428711,309.44488525390625,208.41098022460938,4
Flickr30K/3270174590.jpg,/content/Image_captioning_Local/Flickr30K/flickr30k_images/flickr30k_images/3270174590.jpg,cell phone,0.36870065331459045,187.83279418945312,228.48268127441406,241.12696838378906,269.4659118652344,4
Flickr30K/3270273940.jpg,/content/Image_captioning_Local/Flickr30K/flickr30k_images/flickr30k_images/3270273940.jpg,person,0.932327151298523,85.58468627929688,145.16368103027344,255.14016723632812,365.9659423828125,2
Flickr30K/3270273940.jpg,/content/Image_captioning_Local/Flickr30K/flickr30k_images/flickr30k_images/3270273940.jpg,person,0.9183058142662048,0.0,116.05108642578125,117.34646606445312,364.2797546386719,2
Flickr30K/3270348209.jpg,/content/Image_captioning_Local/Flickr30K/flickr30k_images/flickr30k_images/3270348209.jpg,person,0.9181596636772156,146.966552734375,89.00021362304688,331.6492004394531,295.2844543457031,1
Flickr30K/3270458442.jpg,/content/Image_captioning_Local/Flickr30K/flickr30k_images/flickr30k_images/3270458442.jpg,person,0.9441031813621521,119.95281219482422,69.61210632324219,357.7281494140625,369.5967712402344,1
Flickr30K/3270691950.jpg,/content/Image_captioning_Local/Flickr30K/flickr30k_images/flickr30k_images/3270691950.jpg,person,0.9357081651687622,62.08387756347656,195.43728637695312,285.4504089355469,436.8189697265625,1
Flickr30K/3271061953.jpg,/content/Image_captioning_Local/Flickr30K/flickr30k_images/flickr30k_images/3271061953.jpg,truck,0.8282442092895508,0.20036697387695312,163.405029296875,500.0,322.1988220214844,18
Flickr30K/3271061953.jpg,/content/Image_captioning_Local/Flickr30K/flickr30k_images/flickr30k_images/3271061953.jpg,person,0.6769855618476868,432.9364318847656,137.33767700195312,499.3976135253906,210.7618408203125,18
Flickr30K/3271061953.jpg,/content/Image_captioning_Local/Flickr30K/flickr30k_images/flickr30k_images/3271061953.jpg,person,0.5922134518623352,314.1326904296875,148.07882690429688,360.3764953613281,192.21749877929688,18
Flickr30K/3271061953.jpg,/content/Image_captioning_Local/Flickr30K/flickr30k_images/flickr30k_images/3271061953.jpg,person,0.5858737230300903,361.2667541503906,135.28684997558594,401.2615661621094,194.82064819335938,18
Flickr30K/3271061953.jpg,/content/Image_captioning_Local/Flickr30K/flickr30k_images/flickr30k_images/3271061953.jpg,person,0.5289927124977112,225.3678741455078,138.61636352539062,280.31610107421875,204.05307006835938,18
Flickr30K/3271061953.jpg,/content/Image_captioning_Local/Flickr30K/flickr30k_images/flickr30k_images/3271061953.jpg,person,0.49386343359947205,21.238178253173828,113.05113220214844,96.35782623291016,191.11947631835938,18
Flickr30K/3271061953.jpg,/content/Image_captioning_Local/Flickr30K/flickr30k_images/flickr30k_images/3271061953.jpg,person,0.48576974868774414,485.7920227050781,99.45677185058594,499.8104553222656,197.7647705078125,18
Flickr30K/3271061953.jpg,/content/Image_captioning_Local/Flickr30K/flickr30k_images/flickr30k_images/3271061953.jpg,person,0.43175381422042847,391.05718994140625,150.32052612304688,438.327392578125,203.2207489013672,18
Flickr30K/3271061953.jpg,/content/Image_captioning_Local/Flickr30K/flickr30k_images/flickr30k_images/3271061953.jpg,person,0.4285801947116852,124.8454818725586,122.53599548339844,205.94775390625,179.81214904785156,18
Flickr30K/3271061953.jpg,/content/Image_captioning_Local/Flickr30K/flickr30k_images/flickr30k_images/3271061953.jpg,person,0.4052165448665619,187.95370483398438,132.70492553710938,241.06954956054688,181.53648376464844,18
Flickr30K/3271061953.jpg,/content/Image_captioning_Local/Flickr30K/flickr30k_images/flickr30k_images/3271061953.jpg,person,0.3619500398635864,341.4520263671875,117.2361831665039,379.59967041015625,184.35682678222656,18
Flickr30K/3271061953.jpg,/content/Image_captioning_Local/Flickr30K/flickr30k_images/flickr30k_images/3271061953.jpg,person,0.3459475338459015,276.72052001953125,151.49102783203125,325.5041198730469,194.46902465820312,18
Flickr30K/3271061953.jpg,/content/Image_captioning_Local/Flickr30K/flickr30k_images/flickr30k_images/3271061953.jpg,person,0.32805541157722473,298.89007568359375,136.81594848632812,328.0289306640625,182.41246032714844,18
Flickr30K/3271061953.jpg,/content/Image_captioning_Local/Flickr30K/flickr30k_images/flickr30k_images/3271061953.jpg,person,0.3213023543357849,113.6097640991211,81.5286865234375,175.5391845703125,136.41290283203125,18
Flickr30K/3271061953.jpg,/content/Image_captioning_Local/Flickr30K/flickr30k_images/flickr30k_images/3271061953.jpg,person,0.2698424756526947,0.021779537200927734,85.02835083007812,28.601213455200195,154.57696533203125,18
Flickr30K/3271061953.jpg,/content/Image_captioning_Local/Flickr30K/flickr30k_images/flickr30k_images/3271061953.jpg,person,0.268187016248703,0.06660223007202148,122.72901916503906,23.642518997192383,164.03932189941406,18
Flickr30K/3271061953.jpg,/content/Image_captioning_Local/Flickr30K/flickr30k_images/flickr30k_images/3271061953.jpg,person,0.2548823654651642,389.91082763671875,122.07100677490234,434.1065979003906,169.9750213623047,18
Flickr30K/3271061953.jpg,/content/Image_captioning_Local/Flickr30K/flickr30k_images/flickr30k_images/3271061953.jpg,person,0.2527115046977997,91.63046264648438,133.8154754638672,151.41146850585938,194.45953369140625,18
Flickr30K/3271084924.jpg,/content/Image_captioning_Local/Flickr30K/flickr30k_images/flickr30k_images/3271084924.jpg,dog,0.8688478469848633,27.104318618774414,5.923366546630859,171.51077270507812,150.98045349121094,7
Flickr30K/3271084924.jpg,/content/Image_captioning_Local/Flickr30K/flickr30k_images/flickr30k_images/3271084924.jpg,person,0.8394001126289368,127.40899658203125,0.33652782440185547,199.30374145507812,107.27558135986328,7
Flickr30K/3271084924.jpg,/content/Image_captioning_Local/Flickr30K/flickr30k_images/flickr30k_images/3271084924.jpg,dog,0.8334044218063354,299.7325744628906,112.44564056396484,383.47332763671875,306.6123352050781,7
Flickr30K/3271084924.jpg,/content/Image_captioning_Local/Flickr30K/flickr30k_images/flickr30k_images/3271084924.jpg,dog,0.725272536277771,112.17627716064453,69.82987976074219,190.52284240722656,221.5301055908203,7
Flickr30K/3271084924.jpg,/content/Image_captioning_Local/Flickr30K/flickr30k_images/flickr30k_images/3271084924.jpg,sheep,0.549744725227356,299.5164489746094,112.302490234375,383.38446044921875,306.73321533203125,7
Flickr30K/3271084924.jpg,/content/Image_captioning_Local/Flickr30K/flickr30k_images/flickr30k_images/3271084924.jpg,sheep,0.5403673052787781,111.58082580566406,68.67349243164062,190.23971557617188,221.42288208007812,7
Flickr30K/3271084924.jpg,/content/Image_captioning_Local/Flickr30K/flickr30k_images/flickr30k_images/3271084924.jpg,dog,0.5099819898605347,6.645023822784424,94.42386627197266,37.06050491333008,147.68972778320312,7
Flickr30K/3271178748.jpg,/content/Image_captioning_Local/Flickr30K/flickr30k_images/flickr30k_images/3271178748.jpg,person,0.9329532384872437,7.620084285736084,112.6585464477539,88.70745849609375,295.2167053222656,7
Flickr30K/3271178748.jpg,/content/Image_captioning_Local/Flickr30K/flickr30k_images/flickr30k_images/3271178748.jpg,person,0.9037458896636963,25.177955627441406,247.74594116210938,123.94552612304688,471.7931213378906,7
Flickr30K/3271178748.jpg,/content/Image_captioning_Local/Flickr30K/flickr30k_images/flickr30k_images/3271178748.jpg,sports ball,0.89555424451828,137.45875549316406,239.90890502929688,170.57699584960938,273.302001953125,7
Flickr30K/3271178748.jpg,/content/Image_captioning_Local/Flickr30K/flickr30k_images/flickr30k_images/3271178748.jpg,person,0.8818781971931458,189.1925811767578,120.63689422607422,245.05404663085938,297.6580505371094,7
Flickr30K/3271178748.jpg,/content/Image_captioning_Local/Flickr30K/flickr30k_images/flickr30k_images/3271178748.jpg,person,0.8716205954551697,242.9554443359375,122.47634887695312,286.3553466796875,293.2304992675781,7
Flickr30K/3271178748.jpg,/content/Image_captioning_Local/Flickr30K/flickr30k_images/flickr30k_images/3271178748.jpg,person,0.8653886914253235,122.09065246582031,97.0557632446289,178.7382354736328,290.574462890625,7
Flickr30K/3271178748.jpg,/content/Image_captioning_Local/Flickr30K/flickr30k_images/flickr30k_images/3271178748.jpg,person,0.44000840187072754,160.54653930664062,98.59584045410156,204.1026611328125,214.64712524414062,7
Flickr30K/3271252073.jpg,/content/Image_captioning_Local/Flickr30K/flickr30k_images/flickr30k_images/3271252073.jpg,person,0.9536263942718506,350.8236999511719,34.21764373779297,496.1091003417969,347.29876708984375,8
Flickr30K/3271252073.jpg,/content/Image_captioning_Local/Flickr30K/flickr30k_images/flickr30k_images/3271252073.jpg,person,0.940593421459198,110.4482421875,26.364755630493164,275.84625244140625,347.48516845703125,8
Flickr30K/3271252073.jpg,/content/Image_captioning_Local/Flickr30K/flickr30k_images/flickr30k_images/3271252073.jpg,person,0.9307153224945068,9.299111366271973,41.97406768798828,155.629150390625,347.74627685546875,8
Flickr30K/3271252073.jpg,/content/Image_captioning_Local/Flickr30K/flickr30k_images/flickr30k_images/3271252073.jpg,wine glass,0.8958482146263123,371.58685302734375,188.5154266357422,397.9481201171875,247.8623809814453,8
Flickr30K/3271252073.jpg,/content/Image_captioning_Local/Flickr30K/flickr30k_images/flickr30k_images/3271252073.jpg,wine glass,0.771781325340271,191.07406616210938,153.35888671875,215.6134796142578,212.23654174804688,8
Flickr30K/3271252073.jpg,/content/Image_captioning_Local/Flickr30K/flickr30k_images/flickr30k_images/3271252073.jpg,bench,0.6428514122962952,250.5363006591797,282.939208984375,497.0033264160156,349.423583984375,8
Flickr30K/3271252073.jpg,/content/Image_captioning_Local/Flickr30K/flickr30k_images/flickr30k_images/3271252073.jpg,bench,0.36106371879577637,250.3764190673828,282.03131103515625,362.36370849609375,350.789794921875,8
Flickr30K/3271252073.jpg,/content/Image_captioning_Local/Flickr30K/flickr30k_images/flickr30k_images/3271252073.jpg,cup,0.27114272117614746,190.87548828125,153.5206756591797,215.73228454589844,212.27980041503906,8
Flickr30K/3271385712.jpg,/content/Image_captioning_Local/Flickr30K/flickr30k_images/flickr30k_images/3271385712.jpg,person,0.9012688994407654,337.5027770996094,94.43183898925781,499.53765869140625,341.9313049316406,3
Flickr30K/3271385712.jpg,/content/Image_captioning_Local/Flickr30K/flickr30k_images/flickr30k_images/3271385712.jpg,person,0.8693574070930481,219.1488800048828,12.60272216796875,497.6159973144531,342.03692626953125,3
Flickr30K/3271385712.jpg,/content/Image_captioning_Local/Flickr30K/flickr30k_images/flickr30k_images/3271385712.jpg,person,0.5860899090766907,0.30879974365234375,110.89663696289062,226.0233917236328,343.0788879394531,3
Flickr30K/327142149.jpg,/content/Image_captioning_Local/Flickr30K/flickr30k_images/flickr30k_images/327142149.jpg,person,0.9433944821357727,171.1045684814453,21.707355499267578,284.74298095703125,305.1061706542969,6
Flickr30K/327142149.jpg,/content/Image_captioning_Local/Flickr30K/flickr30k_images/flickr30k_images/327142149.jpg,person,0.910560131072998,19.504594802856445,100.4632797241211,82.34280395507812,228.3660888671875,6
Flickr30K/327142149.jpg,/content/Image_captioning_Local/Flickr30K/flickr30k_images/flickr30k_images/327142149.jpg,person,0.9001423120498657,318.8063659667969,37.18323516845703,452.31591796875,369.2614440917969,6
Flickr30K/327142149.jpg,/content/Image_captioning_Local/Flickr30K/flickr30k_images/flickr30k_images/327142149.jpg,skateboard,0.8716217279434204,356.84088134765625,123.96096801757812,439.52142333984375,296.7165832519531,6
Flickr30K/327142149.jpg,/content/Image_captioning_Local/Flickr30K/flickr30k_images/flickr30k_images/327142149.jpg,bench,0.46068713068962097,51.499305725097656,217.8632049560547,194.6962432861328,270.07952880859375,6
Flickr30K/327142149.jpg,/content/Image_captioning_Local/Flickr30K/flickr30k_images/flickr30k_images/327142149.jpg,bench,0.41875404119491577,469.3328857421875,259.53192138671875,499.8492126464844,328.96160888671875,6
Flickr30K/3271468462.jpg,/content/Image_captioning_Local/Flickr30K/flickr30k_images/flickr30k_images/3271468462.jpg,cow,0.5279580354690552,0.9296894073486328,163.67173767089844,244.09336853027344,353.37567138671875,2
Flickr30K/3271468462.jpg,/content/Image_captioning_Local/Flickr30K/flickr30k_images/flickr30k_images/3271468462.jpg,horse,0.4381166994571686,141.18399047851562,1.2212157249450684,453.98797607421875,331.967529296875,2
Flickr30K/3271495320.jpg,/content/Image_captioning_Local/Flickr30K/flickr30k_images/flickr30k_images/3271495320.jpg,sports ball,0.9366939067840576,201.2543182373047,34.206390380859375,235.12586975097656,69.88224792480469,5
Flickr30K/3271495320.jpg,/content/Image_captioning_Local/Flickr30K/flickr30k_images/flickr30k_images/3271495320.jpg,person,0.8885918855667114,66.26222229003906,206.61358642578125,238.0322723388672,475.3119812011719,5
Flickr30K/3271495320.jpg,/content/Image_captioning_Local/Flickr30K/flickr30k_images/flickr30k_images/3271495320.jpg,person,0.8527605533599854,29.257041931152344,177.55113220214844,128.24557495117188,442.09637451171875,5
Flickr30K/3271495320.jpg,/content/Image_captioning_Local/Flickr30K/flickr30k_images/flickr30k_images/3271495320.jpg,person,0.6897078156471252,247.40223693847656,218.9158935546875,371.72900390625,464.0036926269531,5
Flickr30K/3271495320.jpg,/content/Image_captioning_Local/Flickr30K/flickr30k_images/flickr30k_images/3271495320.jpg,person,0.6329066753387451,203.13868713378906,154.27342224121094,371.0755920410156,461.3777160644531,5
Flickr30K/3272002857.jpg,/content/Image_captioning_Local/Flickr30K/flickr30k_images/flickr30k_images/3272002857.jpg,horse,0.9471672177314758,88.88018035888672,82.40145111083984,357.5424499511719,290.7541198730469,2
Flickr30K/3272002857.jpg,/content/Image_captioning_Local/Flickr30K/flickr30k_images/flickr30k_images/3272002857.jpg,person,0.9115070104598999,189.14715576171875,52.32303237915039,271.44744873046875,203.18692016601562,2
Flickr30K/3272008494.jpg,/content/Image_captioning_Local/Flickr30K/flickr30k_images/flickr30k_images/3272008494.jpg,person,0.9257495403289795,320.7283020019531,123.50625610351562,385.1225891113281,238.23805236816406,9
Flickr30K/3272008494.jpg,/content/Image_captioning_Local/Flickr30K/flickr30k_images/flickr30k_images/3272008494.jpg,person,0.8917643427848816,129.23907470703125,136.42727661132812,197.46200561523438,236.97378540039062,9
Flickr30K/3272008494.jpg,/content/Image_captioning_Local/Flickr30K/flickr30k_images/flickr30k_images/3272008494.jpg,person,0.8270929455757141,80.68995666503906,130.80506896972656,137.52687072753906,231.2355499267578,9
Flickr30K/3272008494.jpg,/content/Image_captioning_Local/Flickr30K/flickr30k_images/flickr30k_images/3272008494.jpg,person,0.7844553589820862,185.201904296875,162.64810180664062,245.0221710205078,239.0184326171875,9
Flickr30K/3272008494.jpg,/content/Image_captioning_Local/Flickr30K/flickr30k_images/flickr30k_images/3272008494.jpg,person,0.7762263417243958,255.95436096191406,134.66925048828125,328.8160400390625,238.00149536132812,9
Flickr30K/3272008494.jpg,/content/Image_captioning_Local/Flickr30K/flickr30k_images/flickr30k_images/3272008494.jpg,person,0.4613300561904907,383.15533447265625,137.847900390625,414.6881103515625,237.86526489257812,9
Flickr30K/3272008494.jpg,/content/Image_captioning_Local/Flickr30K/flickr30k_images/flickr30k_images/3272008494.jpg,train,0.4329235851764679,11.776161193847656,0.0,499.0282897949219,281.0,9
Flickr30K/3272008494.jpg,/content/Image_captioning_Local/Flickr30K/flickr30k_images/flickr30k_images/3272008494.jpg,handbag,0.3201139271259308,242.51174926757812,193.5955810546875,271.9525451660156,238.44677734375,9
Flickr30K/3272008494.jpg,/content/Image_captioning_Local/Flickr30K/flickr30k_images/flickr30k_images/3272008494.jpg,handbag,0.2970244884490967,80.24044036865234,159.04832458496094,113.61431884765625,207.05523681640625,9
Flickr30K/3272071680.jpg,/content/Image_captioning_Local/Flickr30K/flickr30k_images/flickr30k_images/3272071680.jpg,person,0.9367861747741699,6.914830207824707,35.86821746826172,244.61293029785156,381.41845703125,5
Flickr30K/3272071680.jpg,/content/Image_captioning_Local/Flickr30K/flickr30k_images/flickr30k_images/3272071680.jpg,person,0.905680239200592,269.1044921875,75.53638458251953,491.21856689453125,381.49102783203125,5
Flickr30K/3272071680.jpg,/content/Image_captioning_Local/Flickr30K/flickr30k_images/flickr30k_images/3272071680.jpg,person,0.6978797316551208,0.19339323043823242,234.9437255859375,67.24565124511719,381.6653747558594,5
Flickr30K/3272071680.jpg,/content/Image_captioning_Local/Flickr30K/flickr30k_images/flickr30k_images/3272071680.jpg,person,0.4930213391780853,203.424072265625,107.24304962158203,333.575439453125,380.3175964355469,5
Flickr30K/3272071680.jpg,/content/Image_captioning_Local/Flickr30K/flickr30k_images/flickr30k_images/3272071680.jpg,person,0.3519246280193329,152.5830535888672,136.10293579101562,234.4859619140625,233.12518310546875,5
Flickr30K/3272541970.jpg,/content/Image_captioning_Local/Flickr30K/flickr30k_images/flickr30k_images/3272541970.jpg,person,0.9420507550239563,113.76116180419922,7.907581329345703,251.94956970214844,285.21160888671875,2
Flickr30K/3272541970.jpg,/content/Image_captioning_Local/Flickr30K/flickr30k_images/flickr30k_images/3272541970.jpg,skateboard,0.305286169052124,196.3947296142578,274.1905822753906,226.3541259765625,291.96533203125,2
Flickr30K/3272621068.jpg,/content/Image_captioning_Local/Flickr30K/flickr30k_images/flickr30k_images/3272621068.jpg,person,0.9005501866340637,0.07544159889221191,19.630050659179688,56.17287826538086,163.5193328857422,15
Flickr30K/3272621068.jpg,/content/Image_captioning_Local/Flickr30K/flickr30k_images/flickr30k_images/3272621068.jpg,person,0.8662978410720825,305.3504943847656,9.351468086242676,437.69683837890625,158.43540954589844,15
Flickr30K/3272621068.jpg,/content/Image_captioning_Local/Flickr30K/flickr30k_images/flickr30k_images/3272621068.jpg,person,0.8348942995071411,45.987796783447266,0.0,328.3323669433594,234.22784423828125,15
Flickr30K/3272621068.jpg,/content/Image_captioning_Local/Flickr30K/flickr30k_images/flickr30k_images/3272621068.jpg,person,0.7345260977745056,307.222900390625,0.0,347.636474609375,114.8184814453125,15
Flickr30K/3272621068.jpg,/content/Image_captioning_Local/Flickr30K/flickr30k_images/flickr30k_images/3272621068.jpg,person,0.6921182870864868,344.9032897949219,0.0,367.04583740234375,53.26144790649414,15
Flickr30K/3272621068.jpg,/content/Image_captioning_Local/Flickr30K/flickr30k_images/flickr30k_images/3272621068.jpg,person,0.6662067174911499,411.5758056640625,0.029206275939941406,473.1356506347656,51.504207611083984,15
Flickr30K/3272621068.jpg,/content/Image_captioning_Local/Flickr30K/flickr30k_images/flickr30k_images/3272621068.jpg,person,0.5179080367088318,462.8717346191406,0.47991275787353516,489.7546691894531,63.537906646728516,15
Flickr30K/3272621068.jpg,/content/Image_captioning_Local/Flickr30K/flickr30k_images/flickr30k_images/3272621068.jpg,person,0.48993179202079773,71.17434692382812,0.2760648727416992,139.28067016601562,147.47698974609375,15
Flickr30K/3272621068.jpg,/content/Image_captioning_Local/Flickr30K/flickr30k_images/flickr30k_images/3272621068.jpg,handbag,0.4710544943809509,263.6895446777344,54.916236877441406,283.3784484863281,85.90290832519531,15
Flickr30K/3272621068.jpg,/content/Image_captioning_Local/Flickr30K/flickr30k_images/flickr30k_images/3272621068.jpg,person,0.44841423630714417,269.44036865234375,25.897193908691406,308.4610595703125,114.34397888183594,15
Flickr30K/3272621068.jpg,/content/Image_captioning_Local/Flickr30K/flickr30k_images/flickr30k_images/3272621068.jpg,person,0.3617963492870331,269.6569519042969,1.1180877685546875,323.34100341796875,114.69559478759766,15
Flickr30K/3272621068.jpg,/content/Image_captioning_Local/Flickr30K/flickr30k_images/flickr30k_images/3272621068.jpg,handbag,0.34280139207839966,399.22918701171875,41.57960510253906,443.60528564453125,81.46145629882812,15
Flickr30K/3272621068.jpg,/content/Image_captioning_Local/Flickr30K/flickr30k_images/flickr30k_images/3272621068.jpg,person,0.2564835548400879,50.21343231201172,0.5923867225646973,139.54794311523438,171.3853302001953,15
Flickr30K/3272621068.jpg,/content/Image_captioning_Local/Flickr30K/flickr30k_images/flickr30k_images/3272621068.jpg,person,0.2536334693431854,453.537841796875,56.843017578125,499.8078308105469,81.2133560180664,15
Flickr30K/3272621068.jpg,/content/Image_captioning_Local/Flickr30K/flickr30k_images/flickr30k_images/3272621068.jpg,person,0.25335219502449036,383.3223876953125,0.5092144012451172,408.915283203125,54.789306640625,15
Flickr30K/3272845728.jpg,/content/Image_captioning_Local/Flickr30K/flickr30k_images/flickr30k_images/3272845728.jpg,potted plant,0.8683950901031494,0.485992431640625,0.49724578857421875,142.47128295898438,330.5787048339844,7
Flickr30K/3272845728.jpg,/content/Image_captioning_Local/Flickr30K/flickr30k_images/flickr30k_images/3272845728.jpg,person,0.8424334526062012,225.49111938476562,86.79845428466797,280.6702880859375,222.5756378173828,7
Flickr30K/3272845728.jpg,/content/Image_captioning_Local/Flickr30K/flickr30k_images/flickr30k_images/3272845728.jpg,keyboard,0.7895163893699646,188.5028076171875,304.1272277832031,295.9521179199219,334.0,7
Flickr30K/3272845728.jpg,/content/Image_captioning_Local/Flickr30K/flickr30k_images/flickr30k_images/3272845728.jpg,book,0.37671154737472534,428.6752624511719,187.71981811523438,449.9158020019531,215.3164825439453,7
Flickr30K/3272845728.jpg,/content/Image_captioning_Local/Flickr30K/flickr30k_images/flickr30k_images/3272845728.jpg,chair,0.3441504240036011,322.7677001953125,267.184814453125,368.6644287109375,333.658203125,7
Flickr30K/3272845728.jpg,/content/Image_captioning_Local/Flickr30K/flickr30k_images/flickr30k_images/3272845728.jpg,cup,0.2826318144798279,295.6617431640625,307.2928771972656,327.2607727050781,334.0,7
Flickr30K/3272845728.jpg,/content/Image_captioning_Local/Flickr30K/flickr30k_images/flickr30k_images/3272845728.jpg,book,0.26756924390792847,433.89373779296875,185.95953369140625,455.94488525390625,215.13357543945312,7
Flickr30K/3272847211.jpg,/content/Image_captioning_Local/Flickr30K/flickr30k_images/flickr30k_images/3272847211.jpg,sports ball,0.9285656213760376,15.979909896850586,117.8201904296875,73.41127014160156,177.0106964111328,8
Flickr30K/3272847211.jpg,/content/Image_captioning_Local/Flickr30K/flickr30k_images/flickr30k_images/3272847211.jpg,person,0.9030154347419739,14.528036117553711,112.76011657714844,265.2976379394531,500.0,8
Flickr30K/3272847211.jpg,/content/Image_captioning_Local/Flickr30K/flickr30k_images/flickr30k_images/3272847211.jpg,person,0.7718873620033264,179.3944854736328,9.69386100769043,327.0,500.0,8
Flickr30K/3272847211.jpg,/content/Image_captioning_Local/Flickr30K/flickr30k_images/flickr30k_images/3272847211.jpg,person,0.7647666931152344,111.26618194580078,15.957450866699219,322.5472106933594,500.0,8
Flickr30K/3272847211.jpg,/content/Image_captioning_Local/Flickr30K/flickr30k_images/flickr30k_images/3272847211.jpg,person,0.6937864422798157,30.145240783691406,283.5289001464844,81.23562622070312,392.5894775390625,8
Flickr30K/3272847211.jpg,/content/Image_captioning_Local/Flickr30K/flickr30k_images/flickr30k_images/3272847211.jpg,person,0.4663451313972473,178.44381713867188,174.57757568359375,318.75897216796875,498.7904968261719,8
Flickr30K/3272847211.jpg,/content/Image_captioning_Local/Flickr30K/flickr30k_images/flickr30k_images/3272847211.jpg,tie,0.3958227336406708,59.446693420410156,312.7531433105469,66.43144989013672,333.2468566894531,8
Flickr30K/3272847211.jpg,/content/Image_captioning_Local/Flickr30K/flickr30k_images/flickr30k_images/3272847211.jpg,person,0.30998241901397705,0.3650546073913574,284.3883056640625,48.017181396484375,403.24945068359375,8
Flickr30K/327298970.jpg,/content/Image_captioning_Local/Flickr30K/flickr30k_images/flickr30k_images/327298970.jpg,person,0.8467749357223511,96.79291534423828,121.91323852539062,224.08511352539062,264.70208740234375,16
Flickr30K/327298970.jpg,/content/Image_captioning_Local/Flickr30K/flickr30k_images/flickr30k_images/327298970.jpg,person,0.8058524131774902,23.229408264160156,328.7351989746094,329.5376892089844,499.725341796875,16
Flickr30K/327298970.jpg,/content/Image_captioning_Local/Flickr30K/flickr30k_images/flickr30k_images/327298970.jpg,person,0.6216198205947876,74.90892028808594,245.58787536621094,121.90895080566406,320.2206115722656,16
Flickr30K/327298970.jpg,/content/Image_captioning_Local/Flickr30K/flickr30k_images/flickr30k_images/327298970.jpg,person,0.5988807082176208,212.53810119628906,256.34197998046875,250.41661071777344,369.5986328125,16
Flickr30K/327298970.jpg,/content/Image_captioning_Local/Flickr30K/flickr30k_images/flickr30k_images/327298970.jpg,person,0.509005069732666,289.306396484375,257.39697265625,317.3589172363281,383.9659729003906,16
Flickr30K/327298970.jpg,/content/Image_captioning_Local/Flickr30K/flickr30k_images/flickr30k_images/327298970.jpg,person,0.43390512466430664,0.0,335.4014587402344,29.684865951538086,395.9984130859375,16
Flickr30K/327298970.jpg,/content/Image_captioning_Local/Flickr30K/flickr30k_images/flickr30k_images/327298970.jpg,person,0.41613608598709106,14.950018882751465,260.432861328125,40.96992111206055,359.1156005859375,16
Flickr30K/327298970.jpg,/content/Image_captioning_Local/Flickr30K/flickr30k_images/flickr30k_images/327298970.jpg,person,0.40621861815452576,35.014892578125,249.18289184570312,70.74186706542969,326.26458740234375,16
Flickr30K/327298970.jpg,/content/Image_captioning_Local/Flickr30K/flickr30k_images/flickr30k_images/327298970.jpg,person,0.3953648507595062,240.25115966796875,262.6084899902344,258.9225158691406,363.0312805175781,16
Flickr30K/327298970.jpg,/content/Image_captioning_Local/Flickr30K/flickr30k_images/flickr30k_images/327298970.jpg,person,0.3651159703731537,0.0,250.87733459472656,19.314538955688477,362.858642578125,16
Flickr30K/327298970.jpg,/content/Image_captioning_Local/Flickr30K/flickr30k_images/flickr30k_images/327298970.jpg,person,0.3393651843070984,252.6320037841797,278.2864074707031,276.2435302734375,355.5494384765625,16
Flickr30K/327298970.jpg,/content/Image_captioning_Local/Flickr30K/flickr30k_images/flickr30k_images/327298970.jpg,person,0.3361586630344391,60.88292694091797,265.0696716308594,80.90031433105469,323.3201904296875,16
Flickr30K/327298970.jpg,/content/Image_captioning_Local/Flickr30K/flickr30k_images/flickr30k_images/327298970.jpg,person,0.3006708025932312,311.88702392578125,255.28807067871094,332.98516845703125,327.1245422363281,16
Flickr30K/327298970.jpg,/content/Image_captioning_Local/Flickr30K/flickr30k_images/flickr30k_images/327298970.jpg,handbag,0.2893860340118408,84.23628997802734,265.1998596191406,101.1167984008789,311.4178771972656,16
Flickr30K/327298970.jpg,/content/Image_captioning_Local/Flickr30K/flickr30k_images/flickr30k_images/327298970.jpg,person,0.28933119773864746,63.92532730102539,268.13134765625,218.02783203125,366.862548828125,16
Flickr30K/327298970.jpg,/content/Image_captioning_Local/Flickr30K/flickr30k_images/flickr30k_images/327298970.jpg,handbag,0.2591668367385864,76.2240982055664,265.28839111328125,101.23273468017578,318.8124694824219,16
Flickr30K/3273091032.jpg,/content/Image_captioning_Local/Flickr30K/flickr30k_images/flickr30k_images/3273091032.jpg,cat,0.36373835802078247,63.5035514831543,119.64492797851562,210.78189086914062,355.7768249511719,2
Flickr30K/3273091032.jpg,/content/Image_captioning_Local/Flickr30K/flickr30k_images/flickr30k_images/3273091032.jpg,cat,0.3177414536476135,63.24641799926758,118.94754028320312,316.2702331542969,358.3915100097656,2
Flickr30K/3273126450.jpg,/content/Image_captioning_Local/Flickr30K/flickr30k_images/flickr30k_images/3273126450.jpg,person,0.8699262142181396,447.80389404296875,277.5394287109375,499.8100280761719,374.3166809082031,3
Flickr30K/3273126450.jpg,/content/Image_captioning_Local/Flickr30K/flickr30k_images/flickr30k_images/3273126450.jpg,person,0.844367265701294,182.89559936523438,102.83198547363281,235.1388397216797,227.7604522705078,3
Flickr30K/3273126450.jpg,/content/Image_captioning_Local/Flickr30K/flickr30k_images/flickr30k_images/3273126450.jpg,person,0.7199023365974426,316.6083679199219,182.13572692871094,345.1329345703125,258.6690979003906,3
Flickr30K/3273163189.jpg,/content/Image_captioning_Local/Flickr30K/flickr30k_images/flickr30k_images/3273163189.jpg,dog,0.9554995894432068,102.30213165283203,27.664316177368164,439.9903869628906,261.6443176269531,1
Flickr30K/3273325447.jpg,/content/Image_captioning_Local/Flickr30K/flickr30k_images/flickr30k_images/3273325447.jpg,person,0.5853478312492371,129.6395721435547,39.28771209716797,320.8910827636719,244.61727905273438,3
Flickr30K/3273325447.jpg,/content/Image_captioning_Local/Flickr30K/flickr30k_images/flickr30k_images/3273325447.jpg,person,0.42946210503578186,128.51828002929688,39.27264404296875,402.9141540527344,267.6007385253906,3
Flickr30K/3273325447.jpg,/content/Image_captioning_Local/Flickr30K/flickr30k_images/flickr30k_images/3273325447.jpg,motorcycle,0.281642884016037,220.92752075195312,147.26609802246094,401.6063232421875,264.7130126953125,3
Flickr30K/3273403495.jpg,/content/Image_captioning_Local/Flickr30K/flickr30k_images/flickr30k_images/3273403495.jpg,person,0.8055646419525146,44.35438919067383,125.19974517822266,69.72115325927734,155.6426544189453,1
Flickr30K/3273435238.jpg,/content/Image_captioning_Local/Flickr30K/flickr30k_images/flickr30k_images/3273435238.jpg,person,0.8705320358276367,207.61434936523438,103.90380859375,342.16217041015625,279.0317077636719,3
Flickr30K/3273435238.jpg,/content/Image_captioning_Local/Flickr30K/flickr30k_images/flickr30k_images/3273435238.jpg,surfboard,0.8438600897789001,197.74978637695312,256.4787902832031,381.521240234375,296.2865905761719,3
Flickr30K/3273435238.jpg,/content/Image_captioning_Local/Flickr30K/flickr30k_images/flickr30k_images/3273435238.jpg,person,0.8253811001777649,91.06356811523438,139.7114715576172,223.62132263183594,230.3394317626953,3
Flickr30K/3273489163.jpg,/content/Image_captioning_Local/Flickr30K/flickr30k_images/flickr30k_images/3273489163.jpg,train,0.868261992931366,0.3806114196777344,0.19957423210144043,155.2661590576172,88.46572875976562,20
Flickr30K/3273489163.jpg,/content/Image_captioning_Local/Flickr30K/flickr30k_images/flickr30k_images/3273489163.jpg,person,0.823005735874176,227.74595642089844,86.71224212646484,257.2095031738281,167.82150268554688,20
Flickr30K/3273489163.jpg,/content/Image_captioning_Local/Flickr30K/flickr30k_images/flickr30k_images/3273489163.jpg,person,0.8170588612556458,138.42701721191406,220.28871154785156,183.71824645996094,297.0655517578125,20
Flickr30K/3273489163.jpg,/content/Image_captioning_Local/Flickr30K/flickr30k_images/flickr30k_images/3273489163.jpg,person,0.8119233250617981,130.96322631835938,329.4309997558594,171.13131713867188,410.8972473144531,20
Flickr30K/3273489163.jpg,/content/Image_captioning_Local/Flickr30K/flickr30k_images/flickr30k_images/3273489163.jpg,person,0.8055199980735779,90.99798583984375,379.123291015625,135.60104370117188,457.4716491699219,20
Flickr30K/3273489163.jpg,/content/Image_captioning_Local/Flickr30K/flickr30k_images/flickr30k_images/3273489163.jpg,person,0.7810091376304626,193.1865692138672,66.4419174194336,223.80804443359375,145.52239990234375,20
Flickr30K/3273489163.jpg,/content/Image_captioning_Local/Flickr30K/flickr30k_images/flickr30k_images/3273489163.jpg,person,0.7647468447685242,268.51611328125,163.75526428222656,302.9593811035156,237.85548400878906,20
Flickr30K/3273489163.jpg,/content/Image_captioning_Local/Flickr30K/flickr30k_images/flickr30k_images/3273489163.jpg,person,0.7176533341407776,93.57197570800781,233.6824951171875,124.71525573730469,295.07623291015625,20
Flickr30K/3273489163.jpg,/content/Image_captioning_Local/Flickr30K/flickr30k_images/flickr30k_images/3273489163.jpg,person,0.7094328999519348,91.88761901855469,277.7979431152344,126.56063842773438,357.0186767578125,20
Flickr30K/3273489163.jpg,/content/Image_captioning_Local/Flickr30K/flickr30k_images/flickr30k_images/3273489163.jpg,person,0.7041587233543396,174.3267822265625,286.13287353515625,202.78590393066406,358.0405578613281,20
Flickr30K/3273489163.jpg,/content/Image_captioning_Local/Flickr30K/flickr30k_images/flickr30k_images/3273489163.jpg,person,0.6566720008850098,214.61215209960938,238.5823516845703,256.9486999511719,316.25616455078125,20
Flickr30K/3273489163.jpg,/content/Image_captioning_Local/Flickr30K/flickr30k_images/flickr30k_images/3273489163.jpg,person,0.6214830279350281,71.00405883789062,331.52874755859375,106.4584732055664,410.0776672363281,20
Flickr30K/3273489163.jpg,/content/Image_captioning_Local/Flickr30K/flickr30k_images/flickr30k_images/3273489163.jpg,suitcase,0.6018244028091431,238.73435974121094,144.58474731445312,265.8324890136719,172.89610290527344,20
Flickr30K/3273489163.jpg,/content/Image_captioning_Local/Flickr30K/flickr30k_images/flickr30k_images/3273489163.jpg,person,0.5794870853424072,46.14046859741211,236.93899536132812,77.16702270507812,319.68817138671875,20
Flickr30K/3273489163.jpg,/content/Image_captioning_Local/Flickr30K/flickr30k_images/flickr30k_images/3273489163.jpg,handbag,0.5678918957710266,183.76431274414062,74.51918029785156,203.5067138671875,112.7853775024414,20
Flickr30K/3273489163.jpg,/content/Image_captioning_Local/Flickr30K/flickr30k_images/flickr30k_images/3273489163.jpg,backpack,0.32818955183029175,264.5097351074219,173.0767059326172,280.5953369140625,199.76242065429688,20
Flickr30K/3273489163.jpg,/content/Image_captioning_Local/Flickr30K/flickr30k_images/flickr30k_images/3273489163.jpg,handbag,0.31886905431747437,158.70989990234375,352.0851745605469,171.7526397705078,371.21881103515625,20
Flickr30K/3273489163.jpg,/content/Image_captioning_Local/Flickr30K/flickr30k_images/flickr30k_images/3273489163.jpg,handbag,0.30268046259880066,137.19448852539062,231.9394073486328,164.81480407714844,274.4858703613281,20
Flickr30K/3273489163.jpg,/content/Image_captioning_Local/Flickr30K/flickr30k_images/flickr30k_images/3273489163.jpg,handbag,0.2905829846858978,198.60482788085938,312.2693176269531,210.9750213623047,334.7013854980469,20
Flickr30K/3273489163.jpg,/content/Image_captioning_Local/Flickr30K/flickr30k_images/flickr30k_images/3273489163.jpg,handbag,0.258229523897171,137.45245361328125,251.43055725097656,161.94949340820312,274.82305908203125,20
Flickr30K/3273585735.jpg,/content/Image_captioning_Local/Flickr30K/flickr30k_images/flickr30k_images/3273585735.jpg,person,0.8668758273124695,441.1130065917969,58.11589813232422,499.80572509765625,322.96710205078125,11
Flickr30K/3273585735.jpg,/content/Image_captioning_Local/Flickr30K/flickr30k_images/flickr30k_images/3273585735.jpg,person,0.8602715730667114,354.4185791015625,109.60040283203125,439.4910888671875,274.3494873046875,11
Flickr30K/3273585735.jpg,/content/Image_captioning_Local/Flickr30K/flickr30k_images/flickr30k_images/3273585735.jpg,person,0.8433805704116821,178.84645080566406,144.14634704589844,210.95065307617188,245.11895751953125,11
Flickr30K/3273585735.jpg,/content/Image_captioning_Local/Flickr30K/flickr30k_images/flickr30k_images/3273585735.jpg,person,0.8353274464607239,206.7635498046875,109.4793930053711,264.0578308105469,267.6556091308594,11
Flickr30K/3273585735.jpg,/content/Image_captioning_Local/Flickr30K/flickr30k_images/flickr30k_images/3273585735.jpg,person,0.7753182053565979,151.68588256835938,132.53941345214844,183.19781494140625,248.36163330078125,11
Flickr30K/3273585735.jpg,/content/Image_captioning_Local/Flickr30K/flickr30k_images/flickr30k_images/3273585735.jpg,person,0.6790392398834229,0.05005300045013428,106.24250030517578,31.935834884643555,269.8622131347656,11
Flickr30K/3273585735.jpg,/content/Image_captioning_Local/Flickr30K/flickr30k_images/flickr30k_images/3273585735.jpg,person,0.6473180651664734,242.65281677246094,77.89795684814453,359.8453369140625,300.9410705566406,11
Flickr30K/3273585735.jpg,/content/Image_captioning_Local/Flickr30K/flickr30k_images/flickr30k_images/3273585735.jpg,person,0.5416820645332336,7.6016130447387695,32.52077102661133,199.4566650390625,314.36956787109375,11
Flickr30K/3273585735.jpg,/content/Image_captioning_Local/Flickr30K/flickr30k_images/flickr30k_images/3273585735.jpg,person,0.48065653443336487,344.55743408203125,120.80769348144531,379.0613708496094,257.0971984863281,11
Flickr30K/3273585735.jpg,/content/Image_captioning_Local/Flickr30K/flickr30k_images/flickr30k_images/3273585735.jpg,person,0.30875590443611145,121.0509033203125,70.57328033447266,203.90383911132812,291.8578186035156,11
Flickr30K/3273585735.jpg,/content/Image_captioning_Local/Flickr30K/flickr30k_images/flickr30k_images/3273585735.jpg,person,0.25383272767066956,242.9137420654297,69.37238311767578,322.0377197265625,298.51617431640625,11
Flickr30K/3273625566.jpg,/content/Image_captioning_Local/Flickr30K/flickr30k_images/flickr30k_images/3273625566.jpg,dog,0.9057855010032654,20.89533805847168,72.40352630615234,450.6700134277344,242.69090270996094,2
Flickr30K/3273625566.jpg,/content/Image_captioning_Local/Flickr30K/flickr30k_images/flickr30k_images/3273625566.jpg,dog,0.44884192943573,0.2964019775390625,69.5188980102539,130.04214477539062,232.03677368164062,2
Flickr30K/3273757324.jpg,/content/Image_captioning_Local/Flickr30K/flickr30k_images/flickr30k_images/3273757324.jpg,person,0.9067971110343933,152.2169647216797,58.696510314941406,458.7657470703125,313.6876525878906,5
Flickr30K/3273757324.jpg,/content/Image_captioning_Local/Flickr30K/flickr30k_images/flickr30k_images/3273757324.jpg,bench,0.8806175589561462,299.7943420410156,111.77536010742188,499.6861877441406,328.5462951660156,5
Flickr30K/3273757324.jpg,/content/Image_captioning_Local/Flickr30K/flickr30k_images/flickr30k_images/3273757324.jpg,bench,0.5608289241790771,110.04362487792969,99.42639923095703,224.337890625,170.20582580566406,5
Flickr30K/3273757324.jpg,/content/Image_captioning_Local/Flickr30K/flickr30k_images/flickr30k_images/3273757324.jpg,person,0.47060781717300415,311.4431457519531,83.87248229980469,350.9853820800781,133.06185913085938,5
Flickr30K/3273757324.jpg,/content/Image_captioning_Local/Flickr30K/flickr30k_images/flickr30k_images/3273757324.jpg,car,0.3643242120742798,365.4246826171875,86.50584411621094,390.66900634765625,99.53070068359375,5
Flickr30K/3273892996.jpg,/content/Image_captioning_Local/Flickr30K/flickr30k_images/flickr30k_images/3273892996.jpg,person,0.8860635161399841,1.1467456817626953,17.478561401367188,169.502685546875,365.1683349609375,8
Flickr30K/3273892996.jpg,/content/Image_captioning_Local/Flickr30K/flickr30k_images/flickr30k_images/3273892996.jpg,person,0.8436468243598938,165.22955322265625,46.07868194580078,329.5880432128906,307.3330078125,8
Flickr30K/3273892996.jpg,/content/Image_captioning_Local/Flickr30K/flickr30k_images/flickr30k_images/3273892996.jpg,person,0.6746037006378174,405.912109375,26.928424835205078,499.5924987792969,419.137939453125,8
Flickr30K/3273892996.jpg,/content/Image_captioning_Local/Flickr30K/flickr30k_images/flickr30k_images/3273892996.jpg,person,0.5644603967666626,311.08905029296875,27.2097110748291,499.5791320800781,419.796142578125,8
Flickr30K/3273892996.jpg,/content/Image_captioning_Local/Flickr30K/flickr30k_images/flickr30k_images/3273892996.jpg,bowl,0.5204906463623047,289.06146240234375,155.75906372070312,333.80572509765625,173.64149475097656,8
Flickr30K/3273892996.jpg,/content/Image_captioning_Local/Flickr30K/flickr30k_images/flickr30k_images/3273892996.jpg,bowl,0.4122200012207031,81.34127807617188,215.2576446533203,134.5703887939453,243.93653869628906,8
Flickr30K/3273892996.jpg,/content/Image_captioning_Local/Flickr30K/flickr30k_images/flickr30k_images/3273892996.jpg,bowl,0.3742288649082184,301.13824462890625,192.26083374023438,346.2180480957031,209.51890563964844,8
Flickr30K/3273892996.jpg,/content/Image_captioning_Local/Flickr30K/flickr30k_images/flickr30k_images/3273892996.jpg,carrot,0.2751771807670593,95.8001937866211,293.3002014160156,284.7513427734375,368.06036376953125,8
Flickr30K/3273969811.jpg,/content/Image_captioning_Local/Flickr30K/flickr30k_images/flickr30k_images/3273969811.jpg,bird,0.9389207363128662,133.83425903320312,17.26749038696289,480.64404296875,265.0649719238281,1
Flickr30K/327415627.jpg,/content/Image_captioning_Local/Flickr30K/flickr30k_images/flickr30k_images/327415627.jpg,dog,0.9230895042419434,224.44569396972656,211.40606689453125,300.41357421875,334.3909912109375,2
Flickr30K/327415627.jpg,/content/Image_captioning_Local/Flickr30K/flickr30k_images/flickr30k_images/327415627.jpg,dog,0.9046519994735718,277.490234375,148.37808227539062,336.5202941894531,246.9709930419922,2
Flickr30K/3274375509.jpg,/content/Image_captioning_Local/Flickr30K/flickr30k_images/flickr30k_images/3274375509.jpg,person,0.9052727818489075,139.92556762695312,9.082174301147461,459.57098388671875,329.34991455078125,8
Flickr30K/3274375509.jpg,/content/Image_captioning_Local/Flickr30K/flickr30k_images/flickr30k_images/3274375509.jpg,person,0.8117137551307678,0.03210604190826416,139.36280822753906,28.35414695739746,194.42196655273438,8
Flickr30K/3274375509.jpg,/content/Image_captioning_Local/Flickr30K/flickr30k_images/flickr30k_images/3274375509.jpg,tv,0.6888464689254761,124.30159759521484,61.784053802490234,179.57470703125,99.32279968261719,8
Flickr30K/3274375509.jpg,/content/Image_captioning_Local/Flickr30K/flickr30k_images/flickr30k_images/3274375509.jpg,dining table,0.6815229058265686,0.1468181610107422,213.8489227294922,119.01957702636719,329.1490173339844,8
Flickr30K/3274375509.jpg,/content/Image_captioning_Local/Flickr30K/flickr30k_images/flickr30k_images/3274375509.jpg,dining table,0.5495893955230713,0.20514726638793945,190.6405029296875,82.61343383789062,218.1436004638672,8
Flickr30K/3274375509.jpg,/content/Image_captioning_Local/Flickr30K/flickr30k_images/flickr30k_images/3274375509.jpg,person,0.4960688054561615,464.0368347167969,124.1892318725586,480.45281982421875,272.21826171875,8
Flickr30K/3274375509.jpg,/content/Image_captioning_Local/Flickr30K/flickr30k_images/flickr30k_images/3274375509.jpg,tv,0.42670390009880066,183.7528533935547,59.902645111083984,241.01431274414062,96.62468719482422,8
Flickr30K/3274375509.jpg,/content/Image_captioning_Local/Flickr30K/flickr30k_images/flickr30k_images/3274375509.jpg,dining table,0.2840169370174408,142.79476928710938,174.6132354736328,185.10763549804688,243.1376953125,8
Flickr30K/3274495419.jpg,/content/Image_captioning_Local/Flickr30K/flickr30k_images/flickr30k_images/3274495419.jpg,person,0.9195260405540466,340.6645202636719,1.864922046661377,499.72039794921875,324.5000915527344,5
Flickr30K/3274495419.jpg,/content/Image_captioning_Local/Flickr30K/flickr30k_images/flickr30k_images/3274495419.jpg,person,0.8726093173027039,0.08895397186279297,47.950599670410156,110.40361022949219,330.3270263671875,5
Flickr30K/3274495419.jpg,/content/Image_captioning_Local/Flickr30K/flickr30k_images/flickr30k_images/3274495419.jpg,remote,0.8268373608589172,5.124205589294434,231.87892150878906,50.94013977050781,266.9071350097656,5
Flickr30K/3274495419.jpg,/content/Image_captioning_Local/Flickr30K/flickr30k_images/flickr30k_images/3274495419.jpg,person,0.7879366874694824,163.80686950683594,13.155555725097656,333.1877746582031,292.3979797363281,5
Flickr30K/3274495419.jpg,/content/Image_captioning_Local/Flickr30K/flickr30k_images/flickr30k_images/3274495419.jpg,person,0.26912540197372437,413.21221923828125,167.3988800048828,499.73468017578125,330.6895751953125,5
Flickr30K/3274691778.jpg,/content/Image_captioning_Local/Flickr30K/flickr30k_images/flickr30k_images/3274691778.jpg,person,0.9061477184295654,197.71578979492188,133.7146759033203,307.13250732421875,372.1177673339844,4
Flickr30K/3274691778.jpg,/content/Image_captioning_Local/Flickr30K/flickr30k_images/flickr30k_images/3274691778.jpg,person,0.898984432220459,22.58713150024414,102.9469985961914,164.01806640625,371.6412658691406,4
Flickr30K/3274691778.jpg,/content/Image_captioning_Local/Flickr30K/flickr30k_images/flickr30k_images/3274691778.jpg,person,0.8714154958724976,331.5743103027344,144.37913513183594,420.82037353515625,372.463623046875,4
Flickr30K/3274691778.jpg,/content/Image_captioning_Local/Flickr30K/flickr30k_images/flickr30k_images/3274691778.jpg,person,0.36887893080711365,284.7888488769531,335.070556640625,336.3226318359375,374.67340087890625,4
Flickr30K/3274758325.jpg,/content/Image_captioning_Local/Flickr30K/flickr30k_images/flickr30k_images/3274758325.jpg,person,0.9401939511299133,53.49421691894531,1.2777447700500488,355.440185546875,328.50885009765625,1
Flickr30K/3274866788.jpg,/content/Image_captioning_Local/Flickr30K/flickr30k_images/flickr30k_images/3274866788.jpg,person,0.9386284351348877,66.95401763916016,122.30339050292969,269.9146423339844,305.68505859375,3
Flickr30K/3274866788.jpg,/content/Image_captioning_Local/Flickr30K/flickr30k_images/flickr30k_images/3274866788.jpg,sports ball,0.6782526969909668,70.16523742675781,148.91883850097656,121.84983825683594,202.8147430419922,3
Flickr30K/3274866788.jpg,/content/Image_captioning_Local/Flickr30K/flickr30k_images/flickr30k_images/3274866788.jpg,frisbee,0.32712751626968384,70.15001678466797,149.03555297851562,121.69055938720703,202.85220336914062,3
Flickr30K/3274879561.jpg,/content/Image_captioning_Local/Flickr30K/flickr30k_images/flickr30k_images/3274879561.jpg,dog,0.9282537698745728,82.41670227050781,23.850202560424805,316.1376647949219,226.9639892578125,1
Flickr30K/3275065565.jpg,/content/Image_captioning_Local/Flickr30K/flickr30k_images/flickr30k_images/3275065565.jpg,bed,0.8700368404388428,0.24919509887695312,77.26406860351562,500.0,372.23077392578125,5
Flickr30K/3275065565.jpg,/content/Image_captioning_Local/Flickr30K/flickr30k_images/flickr30k_images/3275065565.jpg,dog,0.7560470104217529,243.99008178710938,112.97736358642578,412.4188537597656,353.66650390625,5
Flickr30K/3275065565.jpg,/content/Image_captioning_Local/Flickr30K/flickr30k_images/flickr30k_images/3275065565.jpg,potted plant,0.6973481178283691,293.1820068359375,0.0,440.781005859375,109.8143081665039,5
Flickr30K/3275065565.jpg,/content/Image_captioning_Local/Flickr30K/flickr30k_images/flickr30k_images/3275065565.jpg,dog,0.39754295349121094,106.62846374511719,66.14823150634766,349.2442626953125,211.11398315429688,5
Flickr30K/3275065565.jpg,/content/Image_captioning_Local/Flickr30K/flickr30k_images/flickr30k_images/3275065565.jpg,vase,0.307982474565506,339.4423522949219,54.69629669189453,380.3627014160156,105.15673065185547,5
Flickr30K/327507526.jpg,/content/Image_captioning_Local/Flickr30K/flickr30k_images/flickr30k_images/327507526.jpg,person,0.8926466107368469,41.97716522216797,38.3788948059082,322.9830627441406,371.4769287109375,2
Flickr30K/327507526.jpg,/content/Image_captioning_Local/Flickr30K/flickr30k_images/flickr30k_images/327507526.jpg,book,0.6321147084236145,212.85867309570312,205.73536682128906,377.57244873046875,330.3891296386719,2
Flickr30K/327508059.jpg,/content/Image_captioning_Local/Flickr30K/flickr30k_images/flickr30k_images/327508059.jpg,person,0.9397978186607361,178.87124633789062,56.26416015625,473.2190246582031,373.09088134765625,6
Flickr30K/327508059.jpg,/content/Image_captioning_Local/Flickr30K/flickr30k_images/flickr30k_images/327508059.jpg,person,0.8860423564910889,44.337730407714844,142.92813110351562,185.46783447265625,371.45880126953125,6
Flickr30K/327508059.jpg,/content/Image_captioning_Local/Flickr30K/flickr30k_images/flickr30k_images/327508059.jpg,person,0.8513700366020203,38.42698287963867,138.79771423339844,71.91755676269531,226.97549438476562,6
Flickr30K/327508059.jpg,/content/Image_captioning_Local/Flickr30K/flickr30k_images/flickr30k_images/327508059.jpg,person,0.774223804473877,172.55499267578125,143.51239013671875,193.98239135742188,206.73886108398438,6
Flickr30K/327508059.jpg,/content/Image_captioning_Local/Flickr30K/flickr30k_images/flickr30k_images/327508059.jpg,person,0.5836012959480286,164.5941162109375,146.56805419921875,176.71827697753906,200.94866943359375,6
Flickr30K/327508059.jpg,/content/Image_captioning_Local/Flickr30K/flickr30k_images/flickr30k_images/327508059.jpg,person,0.267470121383667,73.62759399414062,157.8976593017578,93.14293670654297,201.832763671875,6
Flickr30K/3275201035.jpg,/content/Image_captioning_Local/Flickr30K/flickr30k_images/flickr30k_images/3275201035.jpg,bottle,0.932793140411377,176.6165771484375,107.27063751220703,251.25860595703125,309.12371826171875,3
Flickr30K/3275201035.jpg,/content/Image_captioning_Local/Flickr30K/flickr30k_images/flickr30k_images/3275201035.jpg,person,0.6610532999038696,49.820709228515625,0.0,375.650634765625,221.01651000976562,3
Flickr30K/3275201035.jpg,/content/Image_captioning_Local/Flickr30K/flickr30k_images/flickr30k_images/3275201035.jpg,cup,0.346160888671875,54.66246795654297,0.3969728946685791,161.32257080078125,110.0849609375,3
Flickr30K/327520898.jpg,/content/Image_captioning_Local/Flickr30K/flickr30k_images/flickr30k_images/327520898.jpg,person,0.9289164543151855,151.30006408691406,112.81022644042969,359.88970947265625,371.0965576171875,13
Flickr30K/327520898.jpg,/content/Image_captioning_Local/Flickr30K/flickr30k_images/flickr30k_images/327520898.jpg,person,0.9143864512443542,389.353759765625,94.12763977050781,499.73028564453125,370.8104248046875,13
Flickr30K/327520898.jpg,/content/Image_captioning_Local/Flickr30K/flickr30k_images/flickr30k_images/327520898.jpg,person,0.8798421025276184,342.0233154296875,103.49776458740234,424.5449523925781,237.4818115234375,13
Flickr30K/327520898.jpg,/content/Image_captioning_Local/Flickr30K/flickr30k_images/flickr30k_images/327520898.jpg,person,0.7950966954231262,5.740593433380127,116.17318725585938,47.81150817871094,174.40585327148438,13
Flickr30K/327520898.jpg,/content/Image_captioning_Local/Flickr30K/flickr30k_images/flickr30k_images/327520898.jpg,person,0.7051990628242493,0.17983317375183105,106.88565063476562,29.482074737548828,147.99990844726562,13
Flickr30K/327520898.jpg,/content/Image_captioning_Local/Flickr30K/flickr30k_images/flickr30k_images/327520898.jpg,person,0.7034661173820496,79.86854553222656,110.59503173828125,97.08847045898438,136.4927520751953,13
Flickr30K/327520898.jpg,/content/Image_captioning_Local/Flickr30K/flickr30k_images/flickr30k_images/327520898.jpg,person,0.6679663062095642,256.9069519042969,111.36949157714844,281.4705505371094,131.5863800048828,13
Flickr30K/327520898.jpg,/content/Image_captioning_Local/Flickr30K/flickr30k_images/flickr30k_images/327520898.jpg,person,0.6351075172424316,90.00994873046875,113.05508422851562,119.66984558105469,136.698486328125,13
Flickr30K/327520898.jpg,/content/Image_captioning_Local/Flickr30K/flickr30k_images/flickr30k_images/327520898.jpg,person,0.6269025206565857,41.75994873046875,117.46459197998047,85.9529800415039,220.4662322998047,13
Flickr30K/327520898.jpg,/content/Image_captioning_Local/Flickr30K/flickr30k_images/flickr30k_images/327520898.jpg,cup,0.6254716515541077,422.9703369140625,254.92153930664062,449.19427490234375,299.75152587890625,13
Flickr30K/327520898.jpg,/content/Image_captioning_Local/Flickr30K/flickr30k_images/flickr30k_images/327520898.jpg,bottle,0.5000607967376709,423.9865417480469,170.39422607421875,438.8375244140625,200.4741668701172,13
Flickr30K/327520898.jpg,/content/Image_captioning_Local/Flickr30K/flickr30k_images/flickr30k_images/327520898.jpg,chair,0.3811037242412567,326.6085205078125,185.7820281982422,364.54290771484375,238.12387084960938,13
Flickr30K/327520898.jpg,/content/Image_captioning_Local/Flickr30K/flickr30k_images/flickr30k_images/327520898.jpg,chair,0.3415237069129944,327.3916931152344,186.28604125976562,351.6233215332031,237.5553436279297,13
Flickr30K/3275241472.jpg,/content/Image_captioning_Local/Flickr30K/flickr30k_images/flickr30k_images/3275241472.jpg,person,0.912257194519043,36.363006591796875,42.06452178955078,250.2278594970703,328.8582763671875,5
Flickr30K/3275241472.jpg,/content/Image_captioning_Local/Flickr30K/flickr30k_images/flickr30k_images/3275241472.jpg,person,0.9055292010307312,222.1085968017578,78.76934814453125,325.8246765136719,327.92596435546875,5
Flickr30K/3275241472.jpg,/content/Image_captioning_Local/Flickr30K/flickr30k_images/flickr30k_images/3275241472.jpg,person,0.8930519819259644,210.510009765625,123.27857208251953,255.5419464111328,231.11520385742188,5
Flickr30K/3275241472.jpg,/content/Image_captioning_Local/Flickr30K/flickr30k_images/flickr30k_images/3275241472.jpg,tv,0.8001981377601624,388.1980895996094,137.63914489746094,425.7397766113281,177.0316162109375,5
Flickr30K/3275241472.jpg,/content/Image_captioning_Local/Flickr30K/flickr30k_images/flickr30k_images/3275241472.jpg,chair,0.5149343609809875,31.8089599609375,159.77796936035156,105.29740905761719,257.2090759277344,5
Flickr30K/3275527950.jpg,/content/Image_captioning_Local/Flickr30K/flickr30k_images/flickr30k_images/3275527950.jpg,person,0.9138168096542358,122.6472396850586,18.184423446655273,184.1968994140625,91.94774627685547,2
Flickr30K/3275527950.jpg,/content/Image_captioning_Local/Flickr30K/flickr30k_images/flickr30k_images/3275527950.jpg,person,0.8682901859283447,210.08029174804688,15.165728569030762,259.45977783203125,80.90279388427734,2
Flickr30K/3275537015.jpg,/content/Image_captioning_Local/Flickr30K/flickr30k_images/flickr30k_images/3275537015.jpg,person,0.9073979258537292,38.68796157836914,103.1179428100586,229.3541717529297,345.9894104003906,13
Flickr30K/3275537015.jpg,/content/Image_captioning_Local/Flickr30K/flickr30k_images/flickr30k_images/3275537015.jpg,person,0.8886277079582214,195.44351196289062,60.492610931396484,287.8673400878906,313.8980407714844,13
Flickr30K/3275537015.jpg,/content/Image_captioning_Local/Flickr30K/flickr30k_images/flickr30k_images/3275537015.jpg,person,0.8649986982345581,274.4688415527344,57.65755081176758,369.3891906738281,292.7897644042969,13
Flickr30K/3275537015.jpg,/content/Image_captioning_Local/Flickr30K/flickr30k_images/flickr30k_images/3275537015.jpg,person,0.8232813477516174,335.26593017578125,63.651763916015625,450.9789123535156,288.9584655761719,13
Flickr30K/3275537015.jpg,/content/Image_captioning_Local/Flickr30K/flickr30k_images/flickr30k_images/3275537015.jpg,umbrella,0.6562214493751526,17.951929092407227,115.72714233398438,104.98966217041016,168.79782104492188,13
Flickr30K/3275537015.jpg,/content/Image_captioning_Local/Flickr30K/flickr30k_images/flickr30k_images/3275537015.jpg,umbrella,0.5907153487205505,0.007641315460205078,111.30467987060547,52.44194412231445,209.02862548828125,13
Flickr30K/3275537015.jpg,/content/Image_captioning_Local/Flickr30K/flickr30k_images/flickr30k_images/3275537015.jpg,person,0.5173105597496033,76.25018310546875,148.36244201660156,96.7667007446289,176.1096954345703,13
Flickr30K/3275537015.jpg,/content/Image_captioning_Local/Flickr30K/flickr30k_images/flickr30k_images/3275537015.jpg,umbrella,0.41307777166366577,0.3502964973449707,111.56401824951172,51.627410888671875,140.61181640625,13
Flickr30K/3275537015.jpg,/content/Image_captioning_Local/Flickr30K/flickr30k_images/flickr30k_images/3275537015.jpg,person,0.3938027024269104,38.98831558227539,147.35357666015625,108.04322814941406,222.4275360107422,13
Flickr30K/3275537015.jpg,/content/Image_captioning_Local/Flickr30K/flickr30k_images/flickr30k_images/3275537015.jpg,person,0.3934532701969147,38.710594177246094,170.94837951660156,107.77790832519531,222.3326873779297,13
Flickr30K/3275537015.jpg,/content/Image_captioning_Local/Flickr30K/flickr30k_images/flickr30k_images/3275537015.jpg,person,0.3823930025100708,71.63909912109375,148.64573669433594,108.27068328857422,221.91204833984375,13
Flickr30K/3275537015.jpg,/content/Image_captioning_Local/Flickr30K/flickr30k_images/flickr30k_images/3275537015.jpg,boat,0.3776096999645233,92.19000244140625,0.858461856842041,115.63968658447266,33.320735931396484,13
Flickr30K/3275537015.jpg,/content/Image_captioning_Local/Flickr30K/flickr30k_images/flickr30k_images/3275537015.jpg,boat,0.34798964858055115,316.3812255859375,15.912556648254395,456.80133056640625,61.41736602783203,13
Flickr30K/3275575996.jpg,/content/Image_captioning_Local/Flickr30K/flickr30k_images/flickr30k_images/3275575996.jpg,person,0.9198405146598816,2.6482462882995605,52.068817138671875,142.6097869873047,321.3979797363281,2
Flickr30K/3275575996.jpg,/content/Image_captioning_Local/Flickr30K/flickr30k_images/flickr30k_images/3275575996.jpg,person,0.32002508640289307,176.93238830566406,305.0784606933594,185.9954833984375,326.35797119140625,2
Flickr30K/3275627207.jpg,/content/Image_captioning_Local/Flickr30K/flickr30k_images/flickr30k_images/3275627207.jpg,person,0.9394577741622925,28.06209373474121,35.672996520996094,243.91465759277344,497.1937255859375,4
Flickr30K/3275627207.jpg,/content/Image_captioning_Local/Flickr30K/flickr30k_images/flickr30k_images/3275627207.jpg,sports ball,0.6763837933540344,240.70187377929688,328.6617431640625,268.1844787597656,354.97802734375,4
Flickr30K/3275627207.jpg,/content/Image_captioning_Local/Flickr30K/flickr30k_images/flickr30k_images/3275627207.jpg,cell phone,0.33241620659828186,185.04672241210938,117.11764526367188,202.9191436767578,140.93380737304688,4
Flickr30K/3275627207.jpg,/content/Image_captioning_Local/Flickr30K/flickr30k_images/flickr30k_images/3275627207.jpg,person,0.29100921750068665,202.38156127929688,466.9044494628906,316.8222961425781,499.79656982421875,4
Flickr30K/3275646864.jpg,/content/Image_captioning_Local/Flickr30K/flickr30k_images/flickr30k_images/3275646864.jpg,person,0.9054194688796997,0.0,9.790325164794922,266.671142578125,429.7080383300781,2
Flickr30K/3275646864.jpg,/content/Image_captioning_Local/Flickr30K/flickr30k_images/flickr30k_images/3275646864.jpg,toothbrush,0.6593511700630188,237.73448181152344,243.00587463378906,255.11309814453125,295.6064453125,2
Flickr30K/3275687405.jpg,/content/Image_captioning_Local/Flickr30K/flickr30k_images/flickr30k_images/3275687405.jpg,person,0.944523274898529,274.6972961425781,104.47361755371094,427.93865966796875,304.8678283691406,2
Flickr30K/3275687405.jpg,/content/Image_captioning_Local/Flickr30K/flickr30k_images/flickr30k_images/3275687405.jpg,person,0.9321961998939514,158.48635864257812,129.32310485839844,283.1267395019531,308.29669189453125,2
Flickr30K/3275704430.jpg,/content/Image_captioning_Local/Flickr30K/flickr30k_images/flickr30k_images/3275704430.jpg,person,0.9417539238929749,109.63397979736328,88.23590087890625,360.39520263671875,355.5813903808594,2
Flickr30K/3275704430.jpg,/content/Image_captioning_Local/Flickr30K/flickr30k_images/flickr30k_images/3275704430.jpg,bicycle,0.3347412645816803,70.94886016845703,172.326904296875,151.6876983642578,285.3773498535156,2
Flickr30K/3275711232.jpg,/content/Image_captioning_Local/Flickr30K/flickr30k_images/flickr30k_images/3275711232.jpg,person,0.9502092599868774,73.12020111083984,70.88746643066406,433.0740051269531,361.759521484375,2
Flickr30K/3275711232.jpg,/content/Image_captioning_Local/Flickr30K/flickr30k_images/flickr30k_images/3275711232.jpg,person,0.25867924094200134,18.594175338745117,135.2675018310547,57.496238708496094,210.87718200683594,2
Flickr30K/3275748918.jpg,/content/Image_captioning_Local/Flickr30K/flickr30k_images/flickr30k_images/3275748918.jpg,person,0.7575913071632385,270.5096740722656,94.64325714111328,370.29522705078125,311.9997863769531,2
Flickr30K/3275748918.jpg,/content/Image_captioning_Local/Flickr30K/flickr30k_images/flickr30k_images/3275748918.jpg,backpack,0.5896639823913574,356.4709167480469,147.3105010986328,386.3388977050781,221.79273986816406,2
Flickr30K/327621377.jpg,/content/Image_captioning_Local/Flickr30K/flickr30k_images/flickr30k_images/327621377.jpg,dog,0.8640693426132202,29.55341339111328,28.89533042907715,361.9824523925781,485.70855712890625,1
Flickr30K/32762975.jpg,/content/Image_captioning_Local/Flickr30K/flickr30k_images/flickr30k_images/32762975.jpg,person,0.9335875511169434,260.32916259765625,92.45643615722656,455.3403015136719,329.3379211425781,3
Flickr30K/32762975.jpg,/content/Image_captioning_Local/Flickr30K/flickr30k_images/flickr30k_images/32762975.jpg,person,0.9224608540534973,40.613128662109375,107.56278228759766,334.34814453125,328.06549072265625,3
Flickr30K/32762975.jpg,/content/Image_captioning_Local/Flickr30K/flickr30k_images/flickr30k_images/32762975.jpg,clock,0.8148283362388611,224.17459106445312,61.179412841796875,246.94729614257812,82.47453308105469,3
Flickr30K/3276404641.jpg,/content/Image_captioning_Local/Flickr30K/flickr30k_images/flickr30k_images/3276404641.jpg,person,0.9046571254730225,138.64276123046875,172.2875213623047,196.7841796875,272.92303466796875,1
Flickr30K/3276448136.jpg,/content/Image_captioning_Local/Flickr30K/flickr30k_images/flickr30k_images/3276448136.jpg,person,0.9046466946601868,377.6729736328125,61.6840705871582,499.8061218261719,226.2877960205078,13
Flickr30K/3276448136.jpg,/content/Image_captioning_Local/Flickr30K/flickr30k_images/flickr30k_images/3276448136.jpg,person,0.89153653383255,0.12131929397583008,50.13322830200195,165.46914672851562,227.1431884765625,13
Flickr30K/3276448136.jpg,/content/Image_captioning_Local/Flickr30K/flickr30k_images/flickr30k_images/3276448136.jpg,person,0.8800709247589111,141.1739044189453,78.38435363769531,324.1782531738281,227.3512420654297,13
Flickr30K/3276448136.jpg,/content/Image_captioning_Local/Flickr30K/flickr30k_images/flickr30k_images/3276448136.jpg,person,0.8323001861572266,312.69036865234375,59.504364013671875,392.2740478515625,227.05345153808594,13
Flickr30K/3276448136.jpg,/content/Image_captioning_Local/Flickr30K/flickr30k_images/flickr30k_images/3276448136.jpg,person,0.6958572268486023,106.83676147460938,70.87578582763672,169.27684020996094,151.52650451660156,13
Flickr30K/3276448136.jpg,/content/Image_captioning_Local/Flickr30K/flickr30k_images/flickr30k_images/3276448136.jpg,handbag,0.6303392052650452,188.81301879882812,141.9392852783203,259.3721008300781,228.50796508789062,13
Flickr30K/3276448136.jpg,/content/Image_captioning_Local/Flickr30K/flickr30k_images/flickr30k_images/3276448136.jpg,person,0.6241725087165833,156.17816162109375,58.072425842285156,205.3720245361328,120.06993103027344,13
Flickr30K/3276448136.jpg,/content/Image_captioning_Local/Flickr30K/flickr30k_images/flickr30k_images/3276448136.jpg,person,0.4893464744091034,0.0,57.0047607421875,44.18293762207031,203.61293029785156,13
Flickr30K/3276448136.jpg,/content/Image_captioning_Local/Flickr30K/flickr30k_images/flickr30k_images/3276448136.jpg,person,0.47661060094833374,286.2532958984375,57.923423767089844,311.6961364746094,109.26246643066406,13
Flickr30K/3276448136.jpg,/content/Image_captioning_Local/Flickr30K/flickr30k_images/flickr30k_images/3276448136.jpg,handbag,0.403539776802063,0.0,103.82454681396484,21.09726905822754,150.6199188232422,13
Flickr30K/3276448136.jpg,/content/Image_captioning_Local/Flickr30K/flickr30k_images/flickr30k_images/3276448136.jpg,person,0.40281713008880615,0.12549757957458496,57.443092346191406,44.637699127197266,149.21163940429688,13
Flickr30K/3276448136.jpg,/content/Image_captioning_Local/Flickr30K/flickr30k_images/flickr30k_images/3276448136.jpg,handbag,0.2982208728790283,0.011309981346130371,103.23422241210938,21.7252140045166,201.32687377929688,13
Flickr30K/3276448136.jpg,/content/Image_captioning_Local/Flickr30K/flickr30k_images/flickr30k_images/3276448136.jpg,person,0.25104230642318726,246.1600341796875,70.41130065917969,292.2686462402344,170.88113403320312,13
Flickr30K/3276475986.jpg,/content/Image_captioning_Local/Flickr30K/flickr30k_images/flickr30k_images/3276475986.jpg,person,0.9108268618583679,39.81702423095703,111.03500366210938,181.4770965576172,456.92181396484375,16
Flickr30K/3276475986.jpg,/content/Image_captioning_Local/Flickr30K/flickr30k_images/flickr30k_images/3276475986.jpg,person,0.8996008634567261,0.4270315170288086,101.93247985839844,93.10030364990234,453.3963623046875,16
Flickr30K/3276475986.jpg,/content/Image_captioning_Local/Flickr30K/flickr30k_images/flickr30k_images/3276475986.jpg,person,0.8905203342437744,143.63400268554688,72.76104736328125,273.9817199707031,457.5924072265625,16
Flickr30K/3276475986.jpg,/content/Image_captioning_Local/Flickr30K/flickr30k_images/flickr30k_images/3276475986.jpg,person,0.8869165778160095,341.890869140625,91.87531280517578,480.6405944824219,459.1475524902344,16
Flickr30K/3276475986.jpg,/content/Image_captioning_Local/Flickr30K/flickr30k_images/flickr30k_images/3276475986.jpg,person,0.8182610869407654,242.91165161132812,82.12580871582031,364.23809814453125,428.977783203125,16
Flickr30K/3276475986.jpg,/content/Image_captioning_Local/Flickr30K/flickr30k_images/flickr30k_images/3276475986.jpg,car,0.6425807476043701,475.69647216796875,159.93016052246094,499.8143310546875,244.2847442626953,16
Flickr30K/3276475986.jpg,/content/Image_captioning_Local/Flickr30K/flickr30k_images/flickr30k_images/3276475986.jpg,handbag,0.585216224193573,36.939640045166016,250.980712890625,94.54527282714844,370.8011474609375,16
Flickr30K/3276475986.jpg,/content/Image_captioning_Local/Flickr30K/flickr30k_images/flickr30k_images/3276475986.jpg,car,0.5379856824874878,213.14620971679688,116.91059875488281,273.7388610839844,152.14279174804688,16
Flickr30K/3276475986.jpg,/content/Image_captioning_Local/Flickr30K/flickr30k_images/flickr30k_images/3276475986.jpg,car,0.45595741271972656,312.86663818359375,118.57862854003906,358.9870910644531,178.6632537841797,16
Flickr30K/3276475986.jpg,/content/Image_captioning_Local/Flickr30K/flickr30k_images/flickr30k_images/3276475986.jpg,handbag,0.4300164580345154,371.5527038574219,163.8061981201172,444.4261169433594,255.6568145751953,16
Flickr30K/3276475986.jpg,/content/Image_captioning_Local/Flickr30K/flickr30k_images/flickr30k_images/3276475986.jpg,car,0.39852839708328247,341.3683776855469,77.47759246826172,499.8715515136719,203.2706756591797,16
Flickr30K/3276475986.jpg,/content/Image_captioning_Local/Flickr30K/flickr30k_images/flickr30k_images/3276475986.jpg,handbag,0.38780850172042847,36.30999755859375,174.99037170410156,94.13311004638672,368.77508544921875,16
Flickr30K/3276475986.jpg,/content/Image_captioning_Local/Flickr30K/flickr30k_images/flickr30k_images/3276475986.jpg,person,0.37080782651901245,0.06893128156661987,88.75567626953125,19.611736297607422,194.20997619628906,16
Flickr30K/3276475986.jpg,/content/Image_captioning_Local/Flickr30K/flickr30k_images/flickr30k_images/3276475986.jpg,backpack,0.323745995759964,309.0987548828125,165.0378875732422,356.50115966796875,273.8654479980469,16
Flickr30K/3276475986.jpg,/content/Image_captioning_Local/Flickr30K/flickr30k_images/flickr30k_images/3276475986.jpg,car,0.313592791557312,335.337646484375,129.68856811523438,388.01202392578125,205.38021850585938,16
Flickr30K/3276475986.jpg,/content/Image_captioning_Local/Flickr30K/flickr30k_images/flickr30k_images/3276475986.jpg,car,0.28975072503089905,227.1556854248047,123.32933807373047,365.4219055175781,358.57220458984375,16
Flickr30K/3276620831.jpg,/content/Image_captioning_Local/Flickr30K/flickr30k_images/flickr30k_images/3276620831.jpg,bicycle,0.8463281989097595,157.87039184570312,215.69642639160156,219.10337829589844,336.466552734375,24
Flickr30K/3276620831.jpg,/content/Image_captioning_Local/Flickr30K/flickr30k_images/flickr30k_images/3276620831.jpg,person,0.8308823108673096,310.63739013671875,147.51348876953125,336.6050109863281,224.58181762695312,24
Flickr30K/3276620831.jpg,/content/Image_captioning_Local/Flickr30K/flickr30k_images/flickr30k_images/3276620831.jpg,person,0.7644844055175781,225.05006408691406,146.7329559326172,269.7512512207031,225.9481964111328,24
Flickr30K/3276620831.jpg,/content/Image_captioning_Local/Flickr30K/flickr30k_images/flickr30k_images/3276620831.jpg,person,0.7615818977355957,423.79046630859375,142.2191162109375,444.46307373046875,193.29248046875,24
Flickr30K/3276620831.jpg,/content/Image_captioning_Local/Flickr30K/flickr30k_images/flickr30k_images/3276620831.jpg,person,0.7579049468040466,276.2438659667969,142.33465576171875,309.74322509765625,225.1595458984375,24
Flickr30K/3276620831.jpg,/content/Image_captioning_Local/Flickr30K/flickr30k_images/flickr30k_images/3276620831.jpg,person,0.7229921221733093,406.57855224609375,145.47415161132812,420.0669250488281,179.8483428955078,24
Flickr30K/3276620831.jpg,/content/Image_captioning_Local/Flickr30K/flickr30k_images/flickr30k_images/3276620831.jpg,person,0.7133216261863708,438.59442138671875,138.81724548339844,456.7010803222656,183.50579833984375,24
Flickr30K/3276620831.jpg,/content/Image_captioning_Local/Flickr30K/flickr30k_images/flickr30k_images/3276620831.jpg,person,0.6530119776725769,398.17694091796875,147.9937286376953,406.2712707519531,171.5625,24
Flickr30K/3276620831.jpg,/content/Image_captioning_Local/Flickr30K/flickr30k_images/flickr30k_images/3276620831.jpg,person,0.565276026725769,216.42579650878906,144.73435974121094,242.71087646484375,219.48162841796875,24
Flickr30K/3276620831.jpg,/content/Image_captioning_Local/Flickr30K/flickr30k_images/flickr30k_images/3276620831.jpg,car,0.5197100639343262,28.493011474609375,150.6622772216797,59.619163513183594,168.90550231933594,24
Flickr30K/3276620831.jpg,/content/Image_captioning_Local/Flickr30K/flickr30k_images/flickr30k_images/3276620831.jpg,person,0.5046769380569458,358.84765625,142.55857849121094,367.67559814453125,170.67323303222656,24
Flickr30K/3276620831.jpg,/content/Image_captioning_Local/Flickr30K/flickr30k_images/flickr30k_images/3276620831.jpg,truck,0.500145435333252,123.31504821777344,136.24635314941406,212.19158935546875,188.8261260986328,24
Flickr30K/3276620831.jpg,/content/Image_captioning_Local/Flickr30K/flickr30k_images/flickr30k_images/3276620831.jpg,person,0.49735358357429504,373.9536437988281,143.7473602294922,389.4049987792969,172.9551544189453,24
Flickr30K/3276620831.jpg,/content/Image_captioning_Local/Flickr30K/flickr30k_images/flickr30k_images/3276620831.jpg,car,0.44105178117752075,122.92864227294922,136.51263427734375,212.3841094970703,188.96290588378906,24
Flickr30K/3276620831.jpg,/content/Image_captioning_Local/Flickr30K/flickr30k_images/flickr30k_images/3276620831.jpg,fire hydrant,0.41685739159584045,0.08134841918945312,292.0709228515625,54.360843658447266,373.96826171875,24
Flickr30K/3276620831.jpg,/content/Image_captioning_Local/Flickr30K/flickr30k_images/flickr30k_images/3276620831.jpg,person,0.3522931933403015,395.4944152832031,148.08206176757812,405.68756103515625,171.7578887939453,24
Flickr30K/3276620831.jpg,/content/Image_captioning_Local/Flickr30K/flickr30k_images/flickr30k_images/3276620831.jpg,umbrella,0.32184725999832153,372.9300842285156,143.22950744628906,391.87615966796875,149.41380310058594,24
Flickr30K/3276620831.jpg,/content/Image_captioning_Local/Flickr30K/flickr30k_images/flickr30k_images/3276620831.jpg,bicycle,0.3198387920856476,99.16216278076172,153.7017059326172,114.68228149414062,172.20265197753906,24
Flickr30K/3276620831.jpg,/content/Image_captioning_Local/Flickr30K/flickr30k_images/flickr30k_images/3276620831.jpg,person,0.3109184801578522,213.73582458496094,144.78106689453125,232.3097686767578,198.16575622558594,24
Flickr30K/3276620831.jpg,/content/Image_captioning_Local/Flickr30K/flickr30k_images/flickr30k_images/3276620831.jpg,car,0.306213915348053,29.765188217163086,150.39169311523438,60.15953826904297,164.1887969970703,24
Flickr30K/3276620831.jpg,/content/Image_captioning_Local/Flickr30K/flickr30k_images/flickr30k_images/3276620831.jpg,bicycle,0.30323123931884766,82.87406158447266,153.73565673828125,101.24864196777344,173.3463592529297,24
Flickr30K/3276620831.jpg,/content/Image_captioning_Local/Flickr30K/flickr30k_images/flickr30k_images/3276620831.jpg,bicycle,0.27072378993034363,81.95784759521484,154.872314453125,92.21623229980469,172.6942138671875,24
Flickr30K/3276620831.jpg,/content/Image_captioning_Local/Flickr30K/flickr30k_images/flickr30k_images/3276620831.jpg,car,0.25536903738975525,64.01535034179688,153.0791778564453,74.87114715576172,163.59762573242188,24
Flickr30K/3276620831.jpg,/content/Image_captioning_Local/Flickr30K/flickr30k_images/flickr30k_images/3276620831.jpg,person,0.2546287775039673,74.05450439453125,149.39279174804688,81.83432006835938,165.34910583496094,24
Flickr30K/3276895962.jpg,/content/Image_captioning_Local/Flickr30K/flickr30k_images/flickr30k_images/3276895962.jpg,cow,0.9292078614234924,268.1327819824219,93.09730529785156,470.29400634765625,202.88458251953125,2
Flickr30K/3276895962.jpg,/content/Image_captioning_Local/Flickr30K/flickr30k_images/flickr30k_images/3276895962.jpg,dog,0.927208662033081,150.16073608398438,59.20591354370117,395.8087463378906,181.46878051757812,2
Flickr30K/3277162496.jpg,/content/Image_captioning_Local/Flickr30K/flickr30k_images/flickr30k_images/3277162496.jpg,dog,0.9216013550758362,32.46583938598633,167.2612762451172,170.29757690429688,288.26995849609375,3
Flickr30K/3277162496.jpg,/content/Image_captioning_Local/Flickr30K/flickr30k_images/flickr30k_images/3277162496.jpg,dog,0.9140327572822571,239.92825317382812,232.01498413085938,369.59515380859375,435.26092529296875,3
Flickr30K/3277162496.jpg,/content/Image_captioning_Local/Flickr30K/flickr30k_images/flickr30k_images/3277162496.jpg,dog,0.8221377730369568,94.53425598144531,228.96676635742188,241.2708282470703,383.3175048828125,3
Flickr30K/32774948.jpg,/content/Image_captioning_Local/Flickr30K/flickr30k_images/flickr30k_images/32774948.jpg,car,0.7049615383148193,17.527008056640625,314.3202819824219,498.4266357421875,373.53326416015625,13
Flickr30K/32774948.jpg,/content/Image_captioning_Local/Flickr30K/flickr30k_images/flickr30k_images/32774948.jpg,person,0.5739235281944275,129.61044311523438,267.7091979980469,172.80337524414062,339.657958984375,13
Flickr30K/32774948.jpg,/content/Image_captioning_Local/Flickr30K/flickr30k_images/flickr30k_images/32774948.jpg,person,0.570176362991333,34.30110168457031,295.02569580078125,77.76345825195312,356.27703857421875,13
Flickr30K/32774948.jpg,/content/Image_captioning_Local/Flickr30K/flickr30k_images/flickr30k_images/32774948.jpg,person,0.5654346346855164,173.6372528076172,257.0448913574219,215.325927734375,336.7759704589844,13
Flickr30K/32774948.jpg,/content/Image_captioning_Local/Flickr30K/flickr30k_images/flickr30k_images/32774948.jpg,person,0.5081787109375,95.41267395019531,200.54388427734375,134.3933563232422,277.0855407714844,13
Flickr30K/32774948.jpg,/content/Image_captioning_Local/Flickr30K/flickr30k_images/flickr30k_images/32774948.jpg,person,0.42639458179473877,206.57711791992188,284.25482177734375,276.5660400390625,338.7417907714844,13
Flickr30K/32774948.jpg,/content/Image_captioning_Local/Flickr30K/flickr30k_images/flickr30k_images/32774948.jpg,truck,0.4127633571624756,0.32074451446533203,91.3606185913086,196.4043731689453,284.04168701171875,13
Flickr30K/32774948.jpg,/content/Image_captioning_Local/Flickr30K/flickr30k_images/flickr30k_images/32774948.jpg,person,0.37726080417633057,287.76611328125,246.01278686523438,330.5901184082031,330.4063415527344,13
Flickr30K/32774948.jpg,/content/Image_captioning_Local/Flickr30K/flickr30k_images/flickr30k_images/32774948.jpg,person,0.34067922830581665,10.190573692321777,214.82388305664062,39.94395446777344,306.72003173828125,13
Flickr30K/32774948.jpg,/content/Image_captioning_Local/Flickr30K/flickr30k_images/flickr30k_images/32774948.jpg,person,0.2968280017375946,459.11383056640625,250.29202270507812,497.6881408691406,315.98614501953125,13
Flickr30K/32774948.jpg,/content/Image_captioning_Local/Flickr30K/flickr30k_images/flickr30k_images/32774948.jpg,person,0.2829485237598419,431.6987609863281,264.09759521484375,465.0118408203125,317.1982727050781,13
Flickr30K/32774948.jpg,/content/Image_captioning_Local/Flickr30K/flickr30k_images/flickr30k_images/32774948.jpg,car,0.26670750975608826,15.822243690490723,333.80438232421875,268.00286865234375,373.58154296875,13
Flickr30K/32774948.jpg,/content/Image_captioning_Local/Flickr30K/flickr30k_images/flickr30k_images/32774948.jpg,person,0.2564416527748108,90.28799438476562,267.99267578125,139.96546936035156,327.8454895019531,13
Flickr30K/3277532608.jpg,/content/Image_captioning_Local/Flickr30K/flickr30k_images/flickr30k_images/3277532608.jpg,truck,0.879965603351593,333.28997802734375,204.71153259277344,471.7419738769531,283.12548828125,10
Flickr30K/3277532608.jpg,/content/Image_captioning_Local/Flickr30K/flickr30k_images/flickr30k_images/3277532608.jpg,person,0.8388946652412415,179.9476318359375,232.3152313232422,195.04696655273438,283.9168395996094,10
Flickr30K/3277532608.jpg,/content/Image_captioning_Local/Flickr30K/flickr30k_images/flickr30k_images/3277532608.jpg,person,0.8279599547386169,359.55816650390625,224.44314575195312,387.1147766113281,287.0740966796875,10
Flickr30K/3277532608.jpg,/content/Image_captioning_Local/Flickr30K/flickr30k_images/flickr30k_images/3277532608.jpg,person,0.7348494529724121,27.207082748413086,242.198974609375,43.63166809082031,280.52679443359375,10
Flickr30K/3277532608.jpg,/content/Image_captioning_Local/Flickr30K/flickr30k_images/flickr30k_images/3277532608.jpg,person,0.7148228883743286,404.2538757324219,222.1290283203125,427.4447326660156,287.3612060546875,10
Flickr30K/3277532608.jpg,/content/Image_captioning_Local/Flickr30K/flickr30k_images/flickr30k_images/3277532608.jpg,person,0.6677750945091248,289.52886962890625,245.20114135742188,303.7978820800781,281.93060302734375,10
Flickr30K/3277532608.jpg,/content/Image_captioning_Local/Flickr30K/flickr30k_images/flickr30k_images/3277532608.jpg,person,0.6495770812034607,43.15871047973633,244.00315856933594,55.95232391357422,283.89849853515625,10
Flickr30K/3277532608.jpg,/content/Image_captioning_Local/Flickr30K/flickr30k_images/flickr30k_images/3277532608.jpg,bus,0.4109106957912445,478.65924072265625,205.4099578857422,499.8104248046875,278.0405578613281,10
Flickr30K/3277532608.jpg,/content/Image_captioning_Local/Flickr30K/flickr30k_images/flickr30k_images/3277532608.jpg,person,0.2757008671760559,194.3185577392578,218.88278198242188,207.67710876464844,258.02911376953125,10
Flickr30K/3277532608.jpg,/content/Image_captioning_Local/Flickr30K/flickr30k_images/flickr30k_images/3277532608.jpg,handbag,0.25590676069259644,405.1015930175781,260.021728515625,417.99810791015625,273.55108642578125,10
Flickr30K/327762135.jpg,/content/Image_captioning_Local/Flickr30K/flickr30k_images/flickr30k_images/327762135.jpg,person,0.9469701051712036,13.265228271484375,145.57852172851562,258.1534423828125,498.25225830078125,10
Flickr30K/327762135.jpg,/content/Image_captioning_Local/Flickr30K/flickr30k_images/flickr30k_images/327762135.jpg,person,0.8355552554130554,11.240410804748535,123.49565124511719,61.075828552246094,238.44659423828125,10
Flickr30K/327762135.jpg,/content/Image_captioning_Local/Flickr30K/flickr30k_images/flickr30k_images/327762135.jpg,person,0.8301283717155457,281.4610595703125,120.31493377685547,322.53912353515625,191.200439453125,10
Flickr30K/327762135.jpg,/content/Image_captioning_Local/Flickr30K/flickr30k_images/flickr30k_images/327762135.jpg,person,0.6774580478668213,290.46136474609375,123.37281799316406,333.0,191.31385803222656,10
Flickr30K/327762135.jpg,/content/Image_captioning_Local/Flickr30K/flickr30k_images/flickr30k_images/327762135.jpg,orange,0.4957391321659088,245.1626739501953,237.16001892089844,332.8520812988281,274.489501953125,10
Flickr30K/327762135.jpg,/content/Image_captioning_Local/Flickr30K/flickr30k_images/flickr30k_images/327762135.jpg,person,0.43902382254600525,204.85806274414062,129.06561279296875,217.4338836669922,147.13568115234375,10
Flickr30K/327762135.jpg,/content/Image_captioning_Local/Flickr30K/flickr30k_images/flickr30k_images/327762135.jpg,person,0.42532455921173096,188.57740783691406,158.36026000976562,207.97491455078125,178.8400421142578,10
Flickr30K/327762135.jpg,/content/Image_captioning_Local/Flickr30K/flickr30k_images/flickr30k_images/327762135.jpg,handbag,0.4066341519355774,176.56063842773438,286.27423095703125,257.61016845703125,439.253662109375,10
Flickr30K/327762135.jpg,/content/Image_captioning_Local/Flickr30K/flickr30k_images/flickr30k_images/327762135.jpg,orange,0.3132956326007843,245.75289916992188,218.09239196777344,333.0,274.59912109375,10
Flickr30K/327762135.jpg,/content/Image_captioning_Local/Flickr30K/flickr30k_images/flickr30k_images/327762135.jpg,orange,0.3033303916454315,267.7242431640625,208.48898315429688,332.3643798828125,242.8336639404297,10
Flickr30K/3277824093.jpg,/content/Image_captioning_Local/Flickr30K/flickr30k_images/flickr30k_images/3277824093.jpg,person,0.9340642690658569,35.17848205566406,46.24066162109375,234.85556030273438,331.1482238769531,2
Flickr30K/3277824093.jpg,/content/Image_captioning_Local/Flickr30K/flickr30k_images/flickr30k_images/3277824093.jpg,skateboard,0.919999897480011,140.97886657714844,183.8557891845703,253.0914764404297,341.037353515625,2
Flickr30K/3277834387.jpg,/content/Image_captioning_Local/Flickr30K/flickr30k_images/flickr30k_images/3277834387.jpg,person,0.9361043572425842,168.61195373535156,200.5054473876953,307.5173034667969,499.0780029296875,16
Flickr30K/3277834387.jpg,/content/Image_captioning_Local/Flickr30K/flickr30k_images/flickr30k_images/3277834387.jpg,chair,0.8410176038742065,346.3157043457031,351.83270263671875,420.7943420410156,476.47467041015625,16
Flickr30K/3277834387.jpg,/content/Image_captioning_Local/Flickr30K/flickr30k_images/flickr30k_images/3277834387.jpg,chair,0.8354470729827881,298.9698791503906,342.297607421875,356.87042236328125,463.49176025390625,16
Flickr30K/3277834387.jpg,/content/Image_captioning_Local/Flickr30K/flickr30k_images/flickr30k_images/3277834387.jpg,chair,0.5862855315208435,28.226112365722656,351.7829284667969,70.49897003173828,404.73541259765625,16
Flickr30K/3277834387.jpg,/content/Image_captioning_Local/Flickr30K/flickr30k_images/flickr30k_images/3277834387.jpg,chair,0.5721467137336731,73.73888397216797,309.65704345703125,129.09999084472656,369.7301025390625,16
Flickr30K/3277834387.jpg,/content/Image_captioning_Local/Flickr30K/flickr30k_images/flickr30k_images/3277834387.jpg,handbag,0.5676721334457397,266.6336669921875,454.1273193359375,340.0411071777344,499.7705383300781,16
Flickr30K/3277834387.jpg,/content/Image_captioning_Local/Flickr30K/flickr30k_images/flickr30k_images/3277834387.jpg,person,0.5429872870445251,35.75923538208008,222.65835571289062,56.234169006347656,280.73004150390625,16
Flickr30K/3277834387.jpg,/content/Image_captioning_Local/Flickr30K/flickr30k_images/flickr30k_images/3277834387.jpg,chair,0.45075082778930664,86.72919464111328,334.78680419921875,173.84080505371094,436.2303161621094,16
Flickr30K/3277834387.jpg,/content/Image_captioning_Local/Flickr30K/flickr30k_images/flickr30k_images/3277834387.jpg,chair,0.4314437806606293,16.368019104003906,344.1676940917969,56.56230545043945,390.4284362792969,16
Flickr30K/3277834387.jpg,/content/Image_captioning_Local/Flickr30K/flickr30k_images/flickr30k_images/3277834387.jpg,chair,0.3848850429058075,46.467262268066406,361.1209411621094,95.52645874023438,419.64154052734375,16
Flickr30K/3277834387.jpg,/content/Image_captioning_Local/Flickr30K/flickr30k_images/flickr30k_images/3277834387.jpg,chair,0.3314167857170105,29.76506996154785,288.24530029296875,111.09949493408203,328.74859619140625,16
Flickr30K/3277834387.jpg,/content/Image_captioning_Local/Flickr30K/flickr30k_images/flickr30k_images/3277834387.jpg,dining table,0.310696005821228,319.7652893066406,364.7783203125,386.7457275390625,420.83978271484375,16
Flickr30K/3277834387.jpg,/content/Image_captioning_Local/Flickr30K/flickr30k_images/flickr30k_images/3277834387.jpg,dining table,0.29339519143104553,25.3232479095459,316.1375427246094,88.49213409423828,326.3917541503906,16
Flickr30K/3277834387.jpg,/content/Image_captioning_Local/Flickr30K/flickr30k_images/flickr30k_images/3277834387.jpg,dining table,0.28332647681236267,36.08452606201172,324.8236083984375,105.78873443603516,337.7435302734375,16
Flickr30K/3277834387.jpg,/content/Image_captioning_Local/Flickr30K/flickr30k_images/flickr30k_images/3277834387.jpg,person,0.2696378231048584,196.03457641601562,221.2725372314453,221.51055908203125,284.4541320800781,16
Flickr30K/3277834387.jpg,/content/Image_captioning_Local/Flickr30K/flickr30k_images/flickr30k_images/3277834387.jpg,chair,0.2540360689163208,86.83840942382812,335.4551696777344,147.6572723388672,436.189453125,16
Flickr30K/3278132385.jpg,/content/Image_captioning_Local/Flickr30K/flickr30k_images/flickr30k_images/3278132385.jpg,person,0.8799200654029846,67.07604217529297,154.04248046875,202.90367126464844,317.1484375,2
Flickr30K/3278132385.jpg,/content/Image_captioning_Local/Flickr30K/flickr30k_images/flickr30k_images/3278132385.jpg,person,0.7613789439201355,234.35621643066406,142.04969787597656,255.60140991210938,205.0260009765625,2
Flickr30K/327813358.jpg,/content/Image_captioning_Local/Flickr30K/flickr30k_images/flickr30k_images/327813358.jpg,person,0.9147248864173889,259.2093505859375,131.56256103515625,386.9424743652344,364.9600830078125,2
Flickr30K/327813358.jpg,/content/Image_captioning_Local/Flickr30K/flickr30k_images/flickr30k_images/327813358.jpg,person,0.9028881192207336,312.53253173828125,99.04096984863281,447.9479675292969,317.7689514160156,2
Flickr30K/3278189732.jpg,/content/Image_captioning_Local/Flickr30K/flickr30k_images/flickr30k_images/3278189732.jpg,dog,0.953055202960968,241.3275909423828,73.2625961303711,379.1618957519531,257.1638488769531,2
Flickr30K/3278189732.jpg,/content/Image_captioning_Local/Flickr30K/flickr30k_images/flickr30k_images/3278189732.jpg,frisbee,0.5007607936859131,333.3023681640625,192.8875274658203,369.1321716308594,215.9735870361328,2
Flickr30K/3278267794.jpg,/content/Image_captioning_Local/Flickr30K/flickr30k_images/flickr30k_images/3278267794.jpg,person,0.8587028384208679,245.06021118164062,211.6892852783203,306.5774841308594,321.78497314453125,3
Flickr30K/3278267794.jpg,/content/Image_captioning_Local/Flickr30K/flickr30k_images/flickr30k_images/3278267794.jpg,person,0.7388437986373901,93.47037506103516,56.43112564086914,172.52978515625,200.56312561035156,3
Flickr30K/3278267794.jpg,/content/Image_captioning_Local/Flickr30K/flickr30k_images/flickr30k_images/3278267794.jpg,person,0.7045183181762695,219.41795349121094,164.09788513183594,239.62173461914062,282.65618896484375,3
Flickr30K/3278581900.jpg,/content/Image_captioning_Local/Flickr30K/flickr30k_images/flickr30k_images/3278581900.jpg,person,0.9320261478424072,215.0309295654297,91.31922912597656,308.6534118652344,306.22235107421875,2
Flickr30K/3278581900.jpg,/content/Image_captioning_Local/Flickr30K/flickr30k_images/flickr30k_images/3278581900.jpg,person,0.89585280418396,164.45986938476562,123.85588836669922,224.189453125,271.5683898925781,2
Flickr30K/3278589474.jpg,/content/Image_captioning_Local/Flickr30K/flickr30k_images/flickr30k_images/3278589474.jpg,bird,0.8367805480957031,314.2295227050781,114.61705017089844,414.74786376953125,326.30194091796875,1
Flickr30K/32786617.jpg,/content/Image_captioning_Local/Flickr30K/flickr30k_images/flickr30k_images/32786617.jpg,person,0.860175609588623,167.29881286621094,119.70701599121094,457.22247314453125,372.4923095703125,11
Flickr30K/32786617.jpg,/content/Image_captioning_Local/Flickr30K/flickr30k_images/flickr30k_images/32786617.jpg,person,0.8182299733161926,238.83395385742188,99.48348999023438,294.1721496582031,173.5513153076172,11
Flickr30K/32786617.jpg,/content/Image_captioning_Local/Flickr30K/flickr30k_images/flickr30k_images/32786617.jpg,person,0.752282440662384,446.016845703125,135.0050048828125,499.8031005859375,310.55487060546875,11
Flickr30K/32786617.jpg,/content/Image_captioning_Local/Flickr30K/flickr30k_images/flickr30k_images/32786617.jpg,person,0.7451445460319519,33.227684020996094,115.63427734375,232.26048278808594,283.12591552734375,11
Flickr30K/32786617.jpg,/content/Image_captioning_Local/Flickr30K/flickr30k_images/flickr30k_images/32786617.jpg,person,0.7449716925621033,51.62795639038086,22.27601432800293,128.96546936035156,117.65980529785156,11
Flickr30K/32786617.jpg,/content/Image_captioning_Local/Flickr30K/flickr30k_images/flickr30k_images/32786617.jpg,cup,0.615184485912323,261.9209289550781,164.0167694091797,279.37628173828125,191.26014709472656,11
Flickr30K/32786617.jpg,/content/Image_captioning_Local/Flickr30K/flickr30k_images/flickr30k_images/32786617.jpg,person,0.478910356760025,290.05322265625,101.0293960571289,319.4715576171875,145.72756958007812,11
Flickr30K/32786617.jpg,/content/Image_captioning_Local/Flickr30K/flickr30k_images/flickr30k_images/32786617.jpg,car,0.4627779424190521,0.0,0.7019519805908203,500.0,370.6395263671875,11
Flickr30K/32786617.jpg,/content/Image_captioning_Local/Flickr30K/flickr30k_images/flickr30k_images/32786617.jpg,dining table,0.43480682373046875,208.40440368652344,185.2333984375,324.46466064453125,268.4533996582031,11
Flickr30K/32786617.jpg,/content/Image_captioning_Local/Flickr30K/flickr30k_images/flickr30k_images/32786617.jpg,person,0.2620324492454529,273.6658935546875,100.80494689941406,320.2396240234375,185.7412872314453,11
Flickr30K/32786617.jpg,/content/Image_captioning_Local/Flickr30K/flickr30k_images/flickr30k_images/32786617.jpg,cup,0.2524808645248413,242.4468536376953,184.39584350585938,257.4149475097656,204.2969207763672,11
Flickr30K/3278777548.jpg,/content/Image_captioning_Local/Flickr30K/flickr30k_images/flickr30k_images/3278777548.jpg,person,0.7699257731437683,180.6117706298828,208.12429809570312,193.83018493652344,235.35385131835938,6
Flickr30K/3278777548.jpg,/content/Image_captioning_Local/Flickr30K/flickr30k_images/flickr30k_images/3278777548.jpg,person,0.7293806672096252,164.4219207763672,208.8972625732422,176.44122314453125,235.32061767578125,6
Flickr30K/3278777548.jpg,/content/Image_captioning_Local/Flickr30K/flickr30k_images/flickr30k_images/3278777548.jpg,person,0.6475906372070312,152.65512084960938,210.25018310546875,163.0709686279297,234.98764038085938,6
Flickr30K/3278777548.jpg,/content/Image_captioning_Local/Flickr30K/flickr30k_images/flickr30k_images/3278777548.jpg,boat,0.4802282452583313,295.79681396484375,400.3460388183594,311.7802429199219,414.351806640625,6
Flickr30K/3278777548.jpg,/content/Image_captioning_Local/Flickr30K/flickr30k_images/flickr30k_images/3278777548.jpg,boat,0.4367022216320038,126.69117736816406,410.2738952636719,143.37379455566406,421.1559753417969,6
Flickr30K/3278777548.jpg,/content/Image_captioning_Local/Flickr30K/flickr30k_images/flickr30k_images/3278777548.jpg,person,0.3454299569129944,157.67584228515625,209.54150390625,165.09446716308594,234.79971313476562,6
Flickr30K/3278811919.jpg,/content/Image_captioning_Local/Flickr30K/flickr30k_images/flickr30k_images/3278811919.jpg,person,0.8209301233291626,137.34744262695312,315.70306396484375,183.58358764648438,391.7682189941406,3
Flickr30K/3278811919.jpg,/content/Image_captioning_Local/Flickr30K/flickr30k_images/flickr30k_images/3278811919.jpg,skis,0.4893580973148346,137.84117126464844,285.5543212890625,173.67820739746094,379.6529235839844,3
Flickr30K/3278811919.jpg,/content/Image_captioning_Local/Flickr30K/flickr30k_images/flickr30k_images/3278811919.jpg,person,0.4452705979347229,335.5782165527344,340.44757080078125,343.5840148925781,355.5701599121094,3
Flickr30K/3279025792.jpg,/content/Image_captioning_Local/Flickr30K/flickr30k_images/flickr30k_images/3279025792.jpg,dog,0.945382297039032,136.50856018066406,51.78117752075195,320.5418701171875,387.91021728515625,1
Flickr30K/3279150949.jpg,/content/Image_captioning_Local/Flickr30K/flickr30k_images/flickr30k_images/3279150949.jpg,person,0.8818852305412292,110.4868392944336,26.022768020629883,268.73193359375,448.3485107421875,1
Flickr30K/3279228339.jpg,/content/Image_captioning_Local/Flickr30K/flickr30k_images/flickr30k_images/3279228339.jpg,person,0.9155957698822021,135.5955810546875,189.1049346923828,248.5819091796875,278.6861572265625,6
Flickr30K/3279228339.jpg,/content/Image_captioning_Local/Flickr30K/flickr30k_images/flickr30k_images/3279228339.jpg,person,0.90764319896698,1.0006606578826904,129.92495727539062,199.35986328125,347.53912353515625,6
Flickr30K/3279228339.jpg,/content/Image_captioning_Local/Flickr30K/flickr30k_images/flickr30k_images/3279228339.jpg,bottle,0.46098506450653076,347.83099365234375,298.96868896484375,370.1730041503906,349.8963317871094,6
Flickr30K/3279228339.jpg,/content/Image_captioning_Local/Flickr30K/flickr30k_images/flickr30k_images/3279228339.jpg,person,0.41681239008903503,195.88314819335938,157.83078002929688,234.10289001464844,185.12928771972656,6
Flickr30K/3279228339.jpg,/content/Image_captioning_Local/Flickr30K/flickr30k_images/flickr30k_images/3279228339.jpg,refrigerator,0.38726186752319336,0.18290281295776367,43.99180603027344,132.16119384765625,247.73707580566406,6
Flickr30K/3279228339.jpg,/content/Image_captioning_Local/Flickr30K/flickr30k_images/flickr30k_images/3279228339.jpg,bottle,0.28118619322776794,279.3601989746094,255.2928466796875,288.49298095703125,277.34161376953125,6
Flickr30K/327944239.jpg,/content/Image_captioning_Local/Flickr30K/flickr30k_images/flickr30k_images/327944239.jpg,person,0.6249719262123108,138.39964294433594,77.23929595947266,155.71441650390625,122.7317123413086,1
Flickr30K/3279524184.jpg,/content/Image_captioning_Local/Flickr30K/flickr30k_images/flickr30k_images/3279524184.jpg,dog,0.9177283644676208,340.5246887207031,117.994140625,496.6177062988281,217.66807556152344,3
Flickr30K/3279524184.jpg,/content/Image_captioning_Local/Flickr30K/flickr30k_images/flickr30k_images/3279524184.jpg,dog,0.8502017855644226,69.89189910888672,113.06729125976562,263.73516845703125,231.24098205566406,3
Flickr30K/3279524184.jpg,/content/Image_captioning_Local/Flickr30K/flickr30k_images/flickr30k_images/3279524184.jpg,frisbee,0.7109464406967163,92.5735092163086,144.48228454589844,125.89845275878906,187.1656951904297,3
Flickr30K/327955368.jpg,/content/Image_captioning_Local/Flickr30K/flickr30k_images/flickr30k_images/327955368.jpg,person,0.9247366786003113,315.5294494628906,78.75465393066406,393.4039001464844,251.1191864013672,7
Flickr30K/327955368.jpg,/content/Image_captioning_Local/Flickr30K/flickr30k_images/flickr30k_images/327955368.jpg,bird,0.8576109409332275,141.21755981445312,208.9801788330078,185.56602478027344,269.45343017578125,7
Flickr30K/327955368.jpg,/content/Image_captioning_Local/Flickr30K/flickr30k_images/flickr30k_images/327955368.jpg,bird,0.7523877024650574,0.2232968807220459,187.08657836914062,49.65809631347656,243.3573760986328,7
Flickr30K/327955368.jpg,/content/Image_captioning_Local/Flickr30K/flickr30k_images/flickr30k_images/327955368.jpg,bird,0.7372823357582092,42.949954986572266,194.7356414794922,123.9527359008789,254.42869567871094,7
Flickr30K/327955368.jpg,/content/Image_captioning_Local/Flickr30K/flickr30k_images/flickr30k_images/327955368.jpg,bird,0.6687387228012085,180.04244995117188,197.26080322265625,250.88272094726562,247.0764617919922,7
Flickr30K/327955368.jpg,/content/Image_captioning_Local/Flickr30K/flickr30k_images/flickr30k_images/327955368.jpg,bird,0.3994446396827698,0.061255693435668945,235.6180419921875,59.121437072753906,277.1138000488281,7
Flickr30K/327955368.jpg,/content/Image_captioning_Local/Flickr30K/flickr30k_images/flickr30k_images/327955368.jpg,bird,0.25576186180114746,0.05657076835632324,199.67507934570312,58.05674362182617,276.699462890625,7
Flickr30K/327997381.jpg,/content/Image_captioning_Local/Flickr30K/flickr30k_images/flickr30k_images/327997381.jpg,chair,0.8788327574729919,94.72968292236328,322.78704833984375,343.68475341796875,499.42413330078125,11
Flickr30K/327997381.jpg,/content/Image_captioning_Local/Flickr30K/flickr30k_images/flickr30k_images/327997381.jpg,tv,0.7287003993988037,113.8234634399414,203.30670166015625,164.48159790039062,257.6864929199219,11
Flickr30K/327997381.jpg,/content/Image_captioning_Local/Flickr30K/flickr30k_images/flickr30k_images/327997381.jpg,tv,0.4988853931427002,386.4817199707031,203.5572509765625,448.9098205566406,256.4124450683594,11
Flickr30K/327997381.jpg,/content/Image_captioning_Local/Flickr30K/flickr30k_images/flickr30k_images/327997381.jpg,mouse,0.4984593391418457,421.09783935546875,257.3685302734375,439.2263488769531,265.5514221191406,11
Flickr30K/327997381.jpg,/content/Image_captioning_Local/Flickr30K/flickr30k_images/flickr30k_images/327997381.jpg,person,0.4102042615413666,86.31906127929688,191.20077514648438,335.1138000488281,434.635498046875,11
Flickr30K/327997381.jpg,/content/Image_captioning_Local/Flickr30K/flickr30k_images/flickr30k_images/327997381.jpg,vase,0.35957035422325134,60.956668853759766,245.7410888671875,71.94306945800781,283.7983093261719,11
Flickr30K/327997381.jpg,/content/Image_captioning_Local/Flickr30K/flickr30k_images/flickr30k_images/327997381.jpg,person,0.35015472769737244,294.23699951171875,130.20272827148438,382.48944091796875,482.47442626953125,11
Flickr30K/327997381.jpg,/content/Image_captioning_Local/Flickr30K/flickr30k_images/flickr30k_images/327997381.jpg,person,0.32006755471229553,294.03472900390625,130.17315673828125,382.5190124511719,279.3954772949219,11
Flickr30K/327997381.jpg,/content/Image_captioning_Local/Flickr30K/flickr30k_images/flickr30k_images/327997381.jpg,keyboard,0.2926329970359802,365.7010498046875,256.72265625,422.8147888183594,265.75244140625,11
Flickr30K/327997381.jpg,/content/Image_captioning_Local/Flickr30K/flickr30k_images/flickr30k_images/327997381.jpg,bottle,0.2879337668418884,349.5027160644531,264.5908203125,361.8428649902344,291.9858093261719,11
Flickr30K/327997381.jpg,/content/Image_captioning_Local/Flickr30K/flickr30k_images/flickr30k_images/327997381.jpg,bottle,0.2816363275051117,333.72088623046875,245.37901306152344,350.1788024902344,291.797119140625,11
Flickr30K/3279988814.jpg,/content/Image_captioning_Local/Flickr30K/flickr30k_images/flickr30k_images/3279988814.jpg,person,0.9166171550750732,66.81904602050781,89.59722900390625,498.60882568359375,371.4541015625,3
Flickr30K/3279988814.jpg,/content/Image_captioning_Local/Flickr30K/flickr30k_images/flickr30k_images/3279988814.jpg,person,0.8294180631637573,124.21971893310547,93.02582550048828,281.69976806640625,236.21267700195312,3
Flickr30K/3279988814.jpg,/content/Image_captioning_Local/Flickr30K/flickr30k_images/flickr30k_images/3279988814.jpg,person,0.5807967782020569,421.4770202636719,132.6617431640625,449.143310546875,186.3451690673828,3
Flickr30K/3280050128.jpg,/content/Image_captioning_Local/Flickr30K/flickr30k_images/flickr30k_images/3280050128.jpg,person,0.9446452856063843,0.01010894775390625,5.6011199951171875,208.89993286132812,498.0962829589844,3
Flickr30K/3280050128.jpg,/content/Image_captioning_Local/Flickr30K/flickr30k_images/flickr30k_images/3280050128.jpg,bottle,0.8946380615234375,217.15087890625,316.8492736816406,278.22216796875,476.5099182128906,3
Flickr30K/3280050128.jpg,/content/Image_captioning_Local/Flickr30K/flickr30k_images/flickr30k_images/3280050128.jpg,person,0.7573438882827759,199.0042724609375,38.642311096191406,319.32720947265625,156.70289611816406,3
Flickr30K/3280052365.jpg,/content/Image_captioning_Local/Flickr30K/flickr30k_images/flickr30k_images/3280052365.jpg,person,0.7143157720565796,265.06744384765625,156.90060424804688,430.9432373046875,332.52239990234375,11
Flickr30K/3280052365.jpg,/content/Image_captioning_Local/Flickr30K/flickr30k_images/flickr30k_images/3280052365.jpg,person,0.6635770797729492,142.49305725097656,159.68148803710938,234.2801055908203,302.5018310546875,11
Flickr30K/3280052365.jpg,/content/Image_captioning_Local/Flickr30K/flickr30k_images/flickr30k_images/3280052365.jpg,person,0.6336955428123474,0.0,108.32918548583984,223.27719116210938,331.8894348144531,11
Flickr30K/3280052365.jpg,/content/Image_captioning_Local/Flickr30K/flickr30k_images/flickr30k_images/3280052365.jpg,person,0.5452417135238647,241.628173828125,24.939132690429688,497.26824951171875,298.6816711425781,11
Flickr30K/3280052365.jpg,/content/Image_captioning_Local/Flickr30K/flickr30k_images/flickr30k_images/3280052365.jpg,person,0.4846591055393219,212.4606170654297,165.78240966796875,294.0660400390625,304.1810607910156,11
Flickr30K/3280052365.jpg,/content/Image_captioning_Local/Flickr30K/flickr30k_images/flickr30k_images/3280052365.jpg,person,0.4722539782524109,212.18934631347656,166.11570739746094,265.9311828613281,302.71014404296875,11
Flickr30K/3280052365.jpg,/content/Image_captioning_Local/Flickr30K/flickr30k_images/flickr30k_images/3280052365.jpg,person,0.4195915162563324,467.4483337402344,179.3118438720703,499.8154602050781,283.15472412109375,11
Flickr30K/3280052365.jpg,/content/Image_captioning_Local/Flickr30K/flickr30k_images/flickr30k_images/3280052365.jpg,cell phone,0.34292083978652954,264.00274658203125,313.5998840332031,294.86090087890625,334.0,11
Flickr30K/3280052365.jpg,/content/Image_captioning_Local/Flickr30K/flickr30k_images/flickr30k_images/3280052365.jpg,person,0.3382869362831116,141.2455596923828,223.26287841796875,224.05853271484375,333.24853515625,11
Flickr30K/3280052365.jpg,/content/Image_captioning_Local/Flickr30K/flickr30k_images/flickr30k_images/3280052365.jpg,person,0.3080269992351532,376.914794921875,238.56906127929688,499.7003479003906,332.5165710449219,11
Flickr30K/3280052365.jpg,/content/Image_captioning_Local/Flickr30K/flickr30k_images/flickr30k_images/3280052365.jpg,person,0.2534753382205963,0.05723685026168823,117.3307876586914,16.26198959350586,197.1932373046875,11
Flickr30K/3280104292.jpg,/content/Image_captioning_Local/Flickr30K/flickr30k_images/flickr30k_images/3280104292.jpg,person,0.9109808802604675,234.145263671875,152.8614501953125,295.65142822265625,300.0848388671875,1
Flickr30K/3280173193.jpg,/content/Image_captioning_Local/Flickr30K/flickr30k_images/flickr30k_images/3280173193.jpg,dog,0.9010617136955261,193.6708221435547,160.02772521972656,212.07525634765625,187.41934204101562,8
Flickr30K/3280173193.jpg,/content/Image_captioning_Local/Flickr30K/flickr30k_images/flickr30k_images/3280173193.jpg,person,0.9003077149391174,266.9292907714844,78.57017517089844,474.75347900390625,282.220703125,8
Flickr30K/3280173193.jpg,/content/Image_captioning_Local/Flickr30K/flickr30k_images/flickr30k_images/3280173193.jpg,person,0.8792933225631714,113.71207427978516,80.66936492919922,175.440673828125,200.805908203125,8
Flickr30K/3280173193.jpg,/content/Image_captioning_Local/Flickr30K/flickr30k_images/flickr30k_images/3280173193.jpg,dog,0.8713197112083435,71.25956726074219,186.94606018066406,139.19615173339844,272.9604797363281,8
Flickr30K/3280173193.jpg,/content/Image_captioning_Local/Flickr30K/flickr30k_images/flickr30k_images/3280173193.jpg,person,0.6630805134773254,192.0492401123047,117.41896057128906,198.17063903808594,131.34947204589844,8
Flickr30K/3280173193.jpg,/content/Image_captioning_Local/Flickr30K/flickr30k_images/flickr30k_images/3280173193.jpg,person,0.5022332668304443,366.31365966796875,121.47898864746094,379.2716064453125,134.20668029785156,8
Flickr30K/3280173193.jpg,/content/Image_captioning_Local/Flickr30K/flickr30k_images/flickr30k_images/3280173193.jpg,person,0.44911327958106995,183.6407928466797,117.46158599853516,189.2158203125,132.2132110595703,8
Flickr30K/3280173193.jpg,/content/Image_captioning_Local/Flickr30K/flickr30k_images/flickr30k_images/3280173193.jpg,person,0.25898557901382446,184.85984802246094,117.15348052978516,190.66256713867188,132.0291290283203,8
Flickr30K/3280644151.jpg,/content/Image_captioning_Local/Flickr30K/flickr30k_images/flickr30k_images/3280644151.jpg,chair,0.6381632685661316,455.7970886230469,102.6826171875,496.3408508300781,152.68447875976562,1
Flickr30K/3280644936.jpg,/content/Image_captioning_Local/Flickr30K/flickr30k_images/flickr30k_images/3280644936.jpg,person,0.9129698276519775,132.62538146972656,2.3186802864074707,312.339599609375,370.0848693847656,6
Flickr30K/3280644936.jpg,/content/Image_captioning_Local/Flickr30K/flickr30k_images/flickr30k_images/3280644936.jpg,person,0.8532966375350952,369.19427490234375,147.46304321289062,413.1035461425781,198.4530487060547,6
Flickr30K/3280644936.jpg,/content/Image_captioning_Local/Flickr30K/flickr30k_images/flickr30k_images/3280644936.jpg,handbag,0.6928973197937012,265.32708740234375,157.29989624023438,367.92095947265625,253.25155639648438,6
Flickr30K/3280644936.jpg,/content/Image_captioning_Local/Flickr30K/flickr30k_images/flickr30k_images/3280644936.jpg,person,0.5518195033073425,409.9301452636719,128.8642120361328,455.9439697265625,197.92747497558594,6
Flickr30K/3280644936.jpg,/content/Image_captioning_Local/Flickr30K/flickr30k_images/flickr30k_images/3280644936.jpg,handbag,0.4602223038673401,183.8908233642578,140.68746948242188,369.15655517578125,253.5513916015625,6
Flickr30K/3280644936.jpg,/content/Image_captioning_Local/Flickr30K/flickr30k_images/flickr30k_images/3280644936.jpg,person,0.3899919390678406,410.0074768066406,128.62643432617188,462.1219482421875,235.9091796875,6
Flickr30K/3280672302.jpg,/content/Image_captioning_Local/Flickr30K/flickr30k_images/flickr30k_images/3280672302.jpg,person,0.7812212705612183,60.945213317871094,55.403663635253906,257.7906494140625,432.0914306640625,3
Flickr30K/3280672302.jpg,/content/Image_captioning_Local/Flickr30K/flickr30k_images/flickr30k_images/3280672302.jpg,person,0.599205732345581,93.44562530517578,115.80133056640625,217.56930541992188,455.95196533203125,3
Flickr30K/3280672302.jpg,/content/Image_captioning_Local/Flickr30K/flickr30k_images/flickr30k_images/3280672302.jpg,person,0.2967696785926819,95.34886169433594,119.27562713623047,254.5566864013672,389.6842346191406,3
Flickr30K/3281078518.jpg,/content/Image_captioning_Local/Flickr30K/flickr30k_images/flickr30k_images/3281078518.jpg,bird,0.634634256362915,126.46495056152344,0.8169078826904297,265.51007080078125,131.15447998046875,11
Flickr30K/3281078518.jpg,/content/Image_captioning_Local/Flickr30K/flickr30k_images/flickr30k_images/3281078518.jpg,sheep,0.5586559772491455,168.25039672851562,181.70223999023438,282.6653137207031,382.1978759765625,11
Flickr30K/3281078518.jpg,/content/Image_captioning_Local/Flickr30K/flickr30k_images/flickr30k_images/3281078518.jpg,sheep,0.4903740882873535,23.887367248535156,130.95977783203125,381.026123046875,360.0270080566406,11
Flickr30K/3281078518.jpg,/content/Image_captioning_Local/Flickr30K/flickr30k_images/flickr30k_images/3281078518.jpg,sheep,0.4080093204975128,50.38904571533203,209.65264892578125,212.88162231445312,359.606689453125,11
Flickr30K/3281078518.jpg,/content/Image_captioning_Local/Flickr30K/flickr30k_images/flickr30k_images/3281078518.jpg,bird,0.382023423910141,329.44952392578125,144.03379821777344,460.64862060546875,294.6433410644531,11
Flickr30K/3281078518.jpg,/content/Image_captioning_Local/Flickr30K/flickr30k_images/flickr30k_images/3281078518.jpg,bottle,0.36361753940582275,10.410072326660156,115.3741455078125,153.15887451171875,210.9368133544922,11
Flickr30K/3281078518.jpg,/content/Image_captioning_Local/Flickr30K/flickr30k_images/flickr30k_images/3281078518.jpg,sheep,0.3524107038974762,168.31124877929688,181.4970245361328,357.16619873046875,382.938720703125,11
Flickr30K/3281078518.jpg,/content/Image_captioning_Local/Flickr30K/flickr30k_images/flickr30k_images/3281078518.jpg,sheep,0.34216657280921936,16.412796020507812,159.898681640625,169.42660522460938,287.0472106933594,11
Flickr30K/3281078518.jpg,/content/Image_captioning_Local/Flickr30K/flickr30k_images/flickr30k_images/3281078518.jpg,bird,0.33700791001319885,315.806396484375,113.07499694824219,431.1466369628906,193.474365234375,11
Flickr30K/3281078518.jpg,/content/Image_captioning_Local/Flickr30K/flickr30k_images/flickr30k_images/3281078518.jpg,bird,0.3017489016056061,255.03396606445312,185.0305938720703,357.1469421386719,375.43389892578125,11
Flickr30K/3281078518.jpg,/content/Image_captioning_Local/Flickr30K/flickr30k_images/flickr30k_images/3281078518.jpg,sheep,0.2730395197868347,16.029911041259766,159.43162536621094,174.8312530517578,357.4317626953125,11
Flickr30K/3281225560.jpg,/content/Image_captioning_Local/Flickr30K/flickr30k_images/flickr30k_images/3281225560.jpg,person,0.9305357933044434,2.5765419006347656,19.855642318725586,303.7991638183594,348.5745849609375,4
Flickr30K/3281225560.jpg,/content/Image_captioning_Local/Flickr30K/flickr30k_images/flickr30k_images/3281225560.jpg,book,0.8312012553215027,50.234127044677734,124.00163269042969,125.64859008789062,174.59304809570312,4
Flickr30K/3281225560.jpg,/content/Image_captioning_Local/Flickr30K/flickr30k_images/flickr30k_images/3281225560.jpg,person,0.4236636459827423,31.299518585205078,48.219078063964844,158.36241149902344,202.49560546875,4
Flickr30K/3281225560.jpg,/content/Image_captioning_Local/Flickr30K/flickr30k_images/flickr30k_images/3281225560.jpg,person,0.27437832951545715,29.553104400634766,47.39551544189453,159.0370635986328,275.1197204589844,4
Flickr30K/3281580623.jpg,/content/Image_captioning_Local/Flickr30K/flickr30k_images/flickr30k_images/3281580623.jpg,dog,0.9157599210739136,1.280069351196289,16.83673858642578,338.974853515625,294.1572265625,4
Flickr30K/3281580623.jpg,/content/Image_captioning_Local/Flickr30K/flickr30k_images/flickr30k_images/3281580623.jpg,dog,0.6576045751571655,130.01626586914062,126.41720581054688,468.595947265625,314.7467956542969,4
Flickr30K/3281580623.jpg,/content/Image_captioning_Local/Flickr30K/flickr30k_images/flickr30k_images/3281580623.jpg,dog,0.5201907157897949,330.13507080078125,74.29364776611328,475.59405517578125,179.87818908691406,4
Flickr30K/3281580623.jpg,/content/Image_captioning_Local/Flickr30K/flickr30k_images/flickr30k_images/3281580623.jpg,dog,0.27129071950912476,330.7366027832031,74.14616394042969,476.04022216796875,286.7815856933594,4
Flickr30K/3281610068.jpg,/content/Image_captioning_Local/Flickr30K/flickr30k_images/flickr30k_images/3281610068.jpg,person,0.8413733243942261,113.90299987792969,209.1177978515625,146.66998291015625,300.337890625,10
Flickr30K/3281610068.jpg,/content/Image_captioning_Local/Flickr30K/flickr30k_images/flickr30k_images/3281610068.jpg,car,0.7059733271598816,348.0430603027344,62.999046325683594,373.7052917480469,78.92266845703125,10
Flickr30K/3281610068.jpg,/content/Image_captioning_Local/Flickr30K/flickr30k_images/flickr30k_images/3281610068.jpg,car,0.572756826877594,194.83103942871094,117.61174011230469,235.8570556640625,151.37490844726562,10
Flickr30K/3281610068.jpg,/content/Image_captioning_Local/Flickr30K/flickr30k_images/flickr30k_images/3281610068.jpg,traffic light,0.539466142654419,279.8836364746094,264.9486999511719,326.3869323730469,304.72979736328125,10
Flickr30K/3281610068.jpg,/content/Image_captioning_Local/Flickr30K/flickr30k_images/flickr30k_images/3281610068.jpg,car,0.3950420916080475,272.3966979980469,112.26029205322266,321.2241516113281,143.20556640625,10
Flickr30K/3281610068.jpg,/content/Image_captioning_Local/Flickr30K/flickr30k_images/flickr30k_images/3281610068.jpg,car,0.3829917907714844,307.0943298339844,35.65862274169922,328.23529052734375,48.1922607421875,10
Flickr30K/3281610068.jpg,/content/Image_captioning_Local/Flickr30K/flickr30k_images/flickr30k_images/3281610068.jpg,traffic light,0.33784905076026917,228.1259002685547,308.18865966796875,279.01397705078125,377.03326416015625,10
Flickr30K/3281610068.jpg,/content/Image_captioning_Local/Flickr30K/flickr30k_images/flickr30k_images/3281610068.jpg,car,0.3345291316509247,233.08877563476562,110.66926574707031,320.867431640625,149.4788818359375,10
Flickr30K/3281610068.jpg,/content/Image_captioning_Local/Flickr30K/flickr30k_images/flickr30k_images/3281610068.jpg,car,0.31464868783950806,247.83071899414062,72.80925750732422,287.72283935546875,100.21965789794922,10
Flickr30K/3281610068.jpg,/content/Image_captioning_Local/Flickr30K/flickr30k_images/flickr30k_images/3281610068.jpg,car,0.2614443302154541,232.7253875732422,110.96131896972656,285.4238586425781,145.72860717773438,10
Flickr30K/3281611946.jpg,/content/Image_captioning_Local/Flickr30K/flickr30k_images/flickr30k_images/3281611946.jpg,person,0.9206455945968628,249.32069396972656,99.10240173339844,498.1544494628906,372.63494873046875,10
Flickr30K/3281611946.jpg,/content/Image_captioning_Local/Flickr30K/flickr30k_images/flickr30k_images/3281611946.jpg,tie,0.9119590520858765,329.6053771972656,267.5623474121094,382.1424865722656,374.57904052734375,10
Flickr30K/3281611946.jpg,/content/Image_captioning_Local/Flickr30K/flickr30k_images/flickr30k_images/3281611946.jpg,person,0.9101875424385071,21.44327163696289,26.892852783203125,302.7203674316406,374.06610107421875,10
Flickr30K/3281611946.jpg,/content/Image_captioning_Local/Flickr30K/flickr30k_images/flickr30k_images/3281611946.jpg,wine glass,0.8994946479797363,365.4116516113281,142.75498962402344,437.9114074707031,288.4820556640625,10
Flickr30K/3281611946.jpg,/content/Image_captioning_Local/Flickr30K/flickr30k_images/flickr30k_images/3281611946.jpg,cup,0.8307226300239563,134.11325073242188,348.0814514160156,178.0369873046875,374.6855163574219,10
Flickr30K/3281611946.jpg,/content/Image_captioning_Local/Flickr30K/flickr30k_images/flickr30k_images/3281611946.jpg,person,0.6621640920639038,0.05473196506500244,243.77589416503906,38.55363082885742,373.27117919921875,10
Flickr30K/3281611946.jpg,/content/Image_captioning_Local/Flickr30K/flickr30k_images/flickr30k_images/3281611946.jpg,person,0.6341524720191956,475.7987060546875,171.28953552246094,499.81927490234375,231.03561401367188,10
Flickr30K/3281611946.jpg,/content/Image_captioning_Local/Flickr30K/flickr30k_images/flickr30k_images/3281611946.jpg,handbag,0.5745078325271606,125.22010803222656,183.3101806640625,223.0093536376953,356.0995178222656,10
Flickr30K/3281611946.jpg,/content/Image_captioning_Local/Flickr30K/flickr30k_images/flickr30k_images/3281611946.jpg,person,0.43818241357803345,452.7408447265625,147.86537170410156,498.0491638183594,203.16522216796875,10
Flickr30K/3281611946.jpg,/content/Image_captioning_Local/Flickr30K/flickr30k_images/flickr30k_images/3281611946.jpg,person,0.3552360534667969,452.4810791015625,148.33407592773438,498.9736633300781,229.6792449951172,10
Flickr30K/3281764360.jpg,/content/Image_captioning_Local/Flickr30K/flickr30k_images/flickr30k_images/3281764360.jpg,person,0.8865805268287659,322.58306884765625,167.3848114013672,366.83526611328125,268.2014465332031,1
Flickr30K/3282121432.jpg,/content/Image_captioning_Local/Flickr30K/flickr30k_images/flickr30k_images/3282121432.jpg,person,0.9044417142868042,233.45553588867188,84.83038330078125,341.0672302246094,363.0662841796875,1
Flickr30K/3282434895.jpg,/content/Image_captioning_Local/Flickr30K/flickr30k_images/flickr30k_images/3282434895.jpg,person,0.8442342877388,234.0790252685547,0.0,490.56329345703125,329.03326416015625,1
Flickr30K/3282634762.jpg,/content/Image_captioning_Local/Flickr30K/flickr30k_images/flickr30k_images/3282634762.jpg,bird,0.8878363370895386,118.6654052734375,68.04947662353516,397.9228515625,223.07171630859375,1
Flickr30K/3282649301.jpg,/content/Image_captioning_Local/Flickr30K/flickr30k_images/flickr30k_images/3282649301.jpg,person,0.935721755027771,260.57891845703125,16.338634490966797,434.834228515625,329.406982421875,5
Flickr30K/3282649301.jpg,/content/Image_captioning_Local/Flickr30K/flickr30k_images/flickr30k_images/3282649301.jpg,person,0.8957663178443909,415.4984436035156,24.786174774169922,499.6493225097656,281.3428039550781,5
Flickr30K/3282649301.jpg,/content/Image_captioning_Local/Flickr30K/flickr30k_images/flickr30k_images/3282649301.jpg,person,0.8951451778411865,213.7276153564453,19.098520278930664,295.2145080566406,329.88262939453125,5
Flickr30K/3282649301.jpg,/content/Image_captioning_Local/Flickr30K/flickr30k_images/flickr30k_images/3282649301.jpg,person,0.747534453868866,372.8456726074219,35.636783599853516,444.2832946777344,257.8414611816406,5
Flickr30K/3282649301.jpg,/content/Image_captioning_Local/Flickr30K/flickr30k_images/flickr30k_images/3282649301.jpg,person,0.39608150720596313,416.97760009765625,36.614479064941406,474.6009826660156,268.4769287109375,5
Flickr30K/3282832381.jpg,/content/Image_captioning_Local/Flickr30K/flickr30k_images/flickr30k_images/3282832381.jpg,person,0.9119845628738403,91.57547760009766,0.23183822631835938,331.89044189453125,497.93414306640625,3
Flickr30K/3282832381.jpg,/content/Image_captioning_Local/Flickr30K/flickr30k_images/flickr30k_images/3282832381.jpg,person,0.7874414324760437,0.28853416442871094,450.8017578125,109.3933334350586,499.7832336425781,3
Flickr30K/3282832381.jpg,/content/Image_captioning_Local/Flickr30K/flickr30k_images/flickr30k_images/3282832381.jpg,baseball bat,0.2715946435928345,14.831626892089844,0.5983591079711914,375.0,384.65960693359375,3
Flickr30K/3282849143.jpg,/content/Image_captioning_Local/Flickr30K/flickr30k_images/flickr30k_images/3282849143.jpg,person,0.9406101703643799,141.5000457763672,59.847496032714844,290.8655700683594,328.71142578125,4
Flickr30K/3282849143.jpg,/content/Image_captioning_Local/Flickr30K/flickr30k_images/flickr30k_images/3282849143.jpg,person,0.9300966858863831,415.77276611328125,45.27659606933594,486.712890625,258.9014892578125,4
Flickr30K/3282849143.jpg,/content/Image_captioning_Local/Flickr30K/flickr30k_images/flickr30k_images/3282849143.jpg,person,0.9260116219520569,274.6518249511719,47.5108757019043,357.5991516113281,260.8242492675781,4
Flickr30K/3282849143.jpg,/content/Image_captioning_Local/Flickr30K/flickr30k_images/flickr30k_images/3282849143.jpg,person,0.333891898393631,281.2923889160156,46.669532775878906,352.6789245605469,144.570068359375,4
Flickr30K/3282897060.jpg,/content/Image_captioning_Local/Flickr30K/flickr30k_images/flickr30k_images/3282897060.jpg,person,0.9466469883918762,0.1171112060546875,1.0628223419189453,500.0,373.6936950683594,1
Flickr30K/3282925526.jpg,/content/Image_captioning_Local/Flickr30K/flickr30k_images/flickr30k_images/3282925526.jpg,person,0.9109768271446228,0.6964564323425293,1.6976594924926758,178.8190155029297,304.0880432128906,5
Flickr30K/3282925526.jpg,/content/Image_captioning_Local/Flickr30K/flickr30k_images/flickr30k_images/3282925526.jpg,person,0.6234474778175354,201.69944763183594,65.39459228515625,499.54681396484375,370.7533874511719,5
Flickr30K/3282925526.jpg,/content/Image_captioning_Local/Flickr30K/flickr30k_images/flickr30k_images/3282925526.jpg,person,0.4598414897918701,348.6875915527344,103.4923095703125,499.5540771484375,370.31060791015625,5
Flickr30K/3282925526.jpg,/content/Image_captioning_Local/Flickr30K/flickr30k_images/flickr30k_images/3282925526.jpg,bench,0.2844327390193939,0.5634307861328125,198.18482971191406,405.9432067871094,370.84466552734375,5
Flickr30K/3282925526.jpg,/content/Image_captioning_Local/Flickr30K/flickr30k_images/flickr30k_images/3282925526.jpg,person,0.2757422924041748,440.354248046875,18.12349510192871,499.7327880859375,106.62759399414062,5
Flickr30K/3283021089.jpg,/content/Image_captioning_Local/Flickr30K/flickr30k_images/flickr30k_images/3283021089.jpg,person,0.9549674391746521,79.71417999267578,100.92243194580078,255.71607971191406,329.9925231933594,4
Flickr30K/3283021089.jpg,/content/Image_captioning_Local/Flickr30K/flickr30k_images/flickr30k_images/3283021089.jpg,person,0.9454397559165955,384.810546875,136.3319854736328,499.8235778808594,330.85455322265625,4
Flickr30K/3283021089.jpg,/content/Image_captioning_Local/Flickr30K/flickr30k_images/flickr30k_images/3283021089.jpg,person,0.9342553615570068,228.58071899414062,100.48789978027344,344.7747802734375,329.3322448730469,4
Flickr30K/3283021089.jpg,/content/Image_captioning_Local/Flickr30K/flickr30k_images/flickr30k_images/3283021089.jpg,person,0.9337375164031982,0.02937912940979004,166.6127166748047,96.99490356445312,330.7783508300781,4
Flickr30K/328322290.jpg,/content/Image_captioning_Local/Flickr30K/flickr30k_images/flickr30k_images/328322290.jpg,person,0.9091838002204895,230.24790954589844,26.50308609008789,336.6208801269531,183.36300659179688,2
Flickr30K/328322290.jpg,/content/Image_captioning_Local/Flickr30K/flickr30k_images/flickr30k_images/328322290.jpg,person,0.7570721507072449,0.056624412536621094,83.6874008178711,40.21954345703125,178.17430114746094,2
Flickr30K/328322344.jpg,/content/Image_captioning_Local/Flickr30K/flickr30k_images/flickr30k_images/328322344.jpg,person,0.9449371695518494,184.2958984375,300.45892333984375,301.2925720214844,483.4408874511719,3
Flickr30K/328322344.jpg,/content/Image_captioning_Local/Flickr30K/flickr30k_images/flickr30k_images/328322344.jpg,person,0.8864690661430359,48.6409912109375,222.39747619628906,120.97513580322266,480.92034912109375,3
Flickr30K/328322344.jpg,/content/Image_captioning_Local/Flickr30K/flickr30k_images/flickr30k_images/328322344.jpg,cell phone,0.35950401425361633,108.48343658447266,299.59405517578125,122.97880554199219,310.54278564453125,3
Flickr30K/3283368342.jpg,/content/Image_captioning_Local/Flickr30K/flickr30k_images/flickr30k_images/3283368342.jpg,person,0.9307650923728943,136.9241943359375,30.583370208740234,218.68446350097656,253.2215118408203,8
Flickr30K/3283368342.jpg,/content/Image_captioning_Local/Flickr30K/flickr30k_images/flickr30k_images/3283368342.jpg,person,0.9300745129585266,53.37553024291992,59.59732437133789,127.63542938232422,260.34014892578125,8
Flickr30K/3283368342.jpg,/content/Image_captioning_Local/Flickr30K/flickr30k_images/flickr30k_images/3283368342.jpg,person,0.9173049330711365,379.69049072265625,49.5778694152832,458.3052978515625,272.5358581542969,8
Flickr30K/3283368342.jpg,/content/Image_captioning_Local/Flickr30K/flickr30k_images/flickr30k_images/3283368342.jpg,person,0.9069942235946655,256.5091552734375,46.246849060058594,343.8622131347656,264.4732971191406,8
Flickr30K/3283368342.jpg,/content/Image_captioning_Local/Flickr30K/flickr30k_images/flickr30k_images/3283368342.jpg,dog,0.8674500584602356,89.85005950927734,173.5842742919922,163.95590209960938,257.94354248046875,8
Flickr30K/3283368342.jpg,/content/Image_captioning_Local/Flickr30K/flickr30k_images/flickr30k_images/3283368342.jpg,dog,0.7670058012008667,185.08343505859375,153.6956787109375,241.46490478515625,247.7566680908203,8
Flickr30K/3283368342.jpg,/content/Image_captioning_Local/Flickr30K/flickr30k_images/flickr30k_images/3283368342.jpg,dog,0.7202922105789185,322.65826416015625,156.8287811279297,390.51373291015625,264.6356506347656,8
Flickr30K/3283368342.jpg,/content/Image_captioning_Local/Flickr30K/flickr30k_images/flickr30k_images/3283368342.jpg,sheep,0.3499055504798889,322.993896484375,156.7624053955078,390.4371643066406,264.7597351074219,8
Flickr30K/3283626303.jpg,/content/Image_captioning_Local/Flickr30K/flickr30k_images/flickr30k_images/3283626303.jpg,person,0.869516909122467,95.64452362060547,252.09173583984375,163.97723388671875,303.4495849609375,6
Flickr30K/3283626303.jpg,/content/Image_captioning_Local/Flickr30K/flickr30k_images/flickr30k_images/3283626303.jpg,sports ball,0.8049067854881287,114.71875,296.586669921875,149.06637573242188,330.4978942871094,6
Flickr30K/3283626303.jpg,/content/Image_captioning_Local/Flickr30K/flickr30k_images/flickr30k_images/3283626303.jpg,person,0.8031602501869202,163.81785583496094,272.8038330078125,224.09832763671875,315.3334045410156,6
Flickr30K/3283626303.jpg,/content/Image_captioning_Local/Flickr30K/flickr30k_images/flickr30k_images/3283626303.jpg,person,0.7977286577224731,340.66241455078125,226.82113647460938,391.3809509277344,295.2127990722656,6
Flickr30K/3283626303.jpg,/content/Image_captioning_Local/Flickr30K/flickr30k_images/flickr30k_images/3283626303.jpg,person,0.5102787017822266,226.12557983398438,256.234375,323.5648498535156,301.1147155761719,6
Flickr30K/3283626303.jpg,/content/Image_captioning_Local/Flickr30K/flickr30k_images/flickr30k_images/3283626303.jpg,person,0.47280848026275635,265.6324462890625,256.3507385253906,323.478515625,301.207763671875,6
Flickr30K/3283651160.jpg,/content/Image_captioning_Local/Flickr30K/flickr30k_images/flickr30k_images/3283651160.jpg,person,0.8111178278923035,0.4098653793334961,185.9335479736328,312.083984375,499.3056335449219,2
Flickr30K/3283651160.jpg,/content/Image_captioning_Local/Flickr30K/flickr30k_images/flickr30k_images/3283651160.jpg,person,0.7761972546577454,0.8279204368591309,0.9621620178222656,296.31134033203125,202.7010498046875,2
Flickr30K/3283784058.jpg,/content/Image_captioning_Local/Flickr30K/flickr30k_images/flickr30k_images/3283784058.jpg,person,0.8394302129745483,372.4740905761719,60.39507293701172,391.1258544921875,110.4969711303711,1
Flickr30K/328385526.jpg,/content/Image_captioning_Local/Flickr30K/flickr30k_images/flickr30k_images/328385526.jpg,person,0.9411997199058533,149.89315795898438,47.12730407714844,339.4581604003906,260.9936218261719,5
Flickr30K/328385526.jpg,/content/Image_captioning_Local/Flickr30K/flickr30k_images/flickr30k_images/328385526.jpg,person,0.9309829473495483,0.653836727142334,66.08011627197266,204.88246154785156,248.6466522216797,5
Flickr30K/328385526.jpg,/content/Image_captioning_Local/Flickr30K/flickr30k_images/flickr30k_images/328385526.jpg,cup,0.8618189692497253,32.894737243652344,226.768310546875,76.96216583251953,263.0,5
Flickr30K/328385526.jpg,/content/Image_captioning_Local/Flickr30K/flickr30k_images/flickr30k_images/328385526.jpg,cup,0.682826817035675,194.1233367919922,250.4810333251953,238.59397888183594,263.0,5
Flickr30K/328385526.jpg,/content/Image_captioning_Local/Flickr30K/flickr30k_images/flickr30k_images/328385526.jpg,dining table,0.3755173683166504,0.46012401580810547,227.52940368652344,154.82275390625,261.7833251953125,5
Flickr30K/3283897411.jpg,/content/Image_captioning_Local/Flickr30K/flickr30k_images/flickr30k_images/3283897411.jpg,person,0.7919226884841919,63.02328109741211,157.49745178222656,231.0669403076172,498.8448181152344,1
Flickr30K/3283913180.jpg,/content/Image_captioning_Local/Flickr30K/flickr30k_images/flickr30k_images/3283913180.jpg,person,0.91672283411026,188.96775817871094,37.969017028808594,316.6580810546875,161.65647888183594,17
Flickr30K/3283913180.jpg,/content/Image_captioning_Local/Flickr30K/flickr30k_images/flickr30k_images/3283913180.jpg,person,0.8090349435806274,150.570556640625,121.1557388305664,188.75790405273438,185.89859008789062,17
Flickr30K/3283913180.jpg,/content/Image_captioning_Local/Flickr30K/flickr30k_images/flickr30k_images/3283913180.jpg,person,0.7836916446685791,459.6081848144531,138.0513153076172,499.84503173828125,237.73460388183594,17
Flickr30K/3283913180.jpg,/content/Image_captioning_Local/Flickr30K/flickr30k_images/flickr30k_images/3283913180.jpg,person,0.765224814414978,63.181697845458984,148.69808959960938,96.88915252685547,215.22573852539062,17
Flickr30K/3283913180.jpg,/content/Image_captioning_Local/Flickr30K/flickr30k_images/flickr30k_images/3283913180.jpg,person,0.7568839192390442,400.9823913574219,105.4266128540039,439.06451416015625,183.32461547851562,17
Flickr30K/3283913180.jpg,/content/Image_captioning_Local/Flickr30K/flickr30k_images/flickr30k_images/3283913180.jpg,person,0.7332092523574829,46.47614669799805,122.12876892089844,78.7353286743164,184.6260986328125,17
Flickr30K/3283913180.jpg,/content/Image_captioning_Local/Flickr30K/flickr30k_images/flickr30k_images/3283913180.jpg,person,0.7075047492980957,125.02784729003906,118.05216979980469,153.95188903808594,177.3960418701172,17
Flickr30K/3283913180.jpg,/content/Image_captioning_Local/Flickr30K/flickr30k_images/flickr30k_images/3283913180.jpg,person,0.6910689473152161,30.28342056274414,124.90372467041016,58.78493881225586,183.40869140625,17
Flickr30K/3283913180.jpg,/content/Image_captioning_Local/Flickr30K/flickr30k_images/flickr30k_images/3283913180.jpg,person,0.6808736324310303,109.41285705566406,123.42724609375,132.7096405029297,185.04046630859375,17
Flickr30K/3283913180.jpg,/content/Image_captioning_Local/Flickr30K/flickr30k_images/flickr30k_images/3283913180.jpg,person,0.5963442921638489,0.022111833095550537,149.0756072998047,21.415245056152344,184.40394592285156,17
Flickr30K/3283913180.jpg,/content/Image_captioning_Local/Flickr30K/flickr30k_images/flickr30k_images/3283913180.jpg,person,0.42939525842666626,287.9884338378906,123.63410186767578,301.1943359375,152.760986328125,17
Flickr30K/3283913180.jpg,/content/Image_captioning_Local/Flickr30K/flickr30k_images/flickr30k_images/3283913180.jpg,person,0.3677375614643097,355.1790771484375,137.4195098876953,366.8414611816406,159.7176971435547,17
Flickr30K/3283913180.jpg,/content/Image_captioning_Local/Flickr30K/flickr30k_images/flickr30k_images/3283913180.jpg,person,0.3569537103176117,216.361572265625,116.08145141601562,238.7900848388672,186.71153259277344,17
Flickr30K/3283913180.jpg,/content/Image_captioning_Local/Flickr30K/flickr30k_images/flickr30k_images/3283913180.jpg,person,0.33169546723365784,442.29913330078125,103.84769439697266,490.52557373046875,181.4239044189453,17
Flickr30K/3283913180.jpg,/content/Image_captioning_Local/Flickr30K/flickr30k_images/flickr30k_images/3283913180.jpg,person,0.29378581047058105,216.02859497070312,117.32971954345703,238.35792541503906,160.2723388671875,17
Flickr30K/3283913180.jpg,/content/Image_captioning_Local/Flickr30K/flickr30k_images/flickr30k_images/3283913180.jpg,person,0.2890572249889374,457.9251403808594,104.3582534790039,490.11163330078125,152.84381103515625,17
Flickr30K/3283913180.jpg,/content/Image_captioning_Local/Flickr30K/flickr30k_images/flickr30k_images/3283913180.jpg,person,0.25169968605041504,94.1212158203125,123.24347686767578,132.66812133789062,185.07228088378906,17
Flickr30K/3284460070.jpg,/content/Image_captioning_Local/Flickr30K/flickr30k_images/flickr30k_images/3284460070.jpg,person,0.8648353219032288,99.13351440429688,68.74762725830078,198.2220916748047,207.45115661621094,2
Flickr30K/3284460070.jpg,/content/Image_captioning_Local/Flickr30K/flickr30k_images/flickr30k_images/3284460070.jpg,bicycle,0.8457357883453369,113.75498962402344,108.39972686767578,224.45750427246094,248.39434814453125,2
Flickr30K/3284695268.jpg,/content/Image_captioning_Local/Flickr30K/flickr30k_images/flickr30k_images/3284695268.jpg,person,0.9233503341674805,97.66722106933594,103.35254669189453,276.060546875,308.5199279785156,2
Flickr30K/3284695268.jpg,/content/Image_captioning_Local/Flickr30K/flickr30k_images/flickr30k_images/3284695268.jpg,train,0.6511542797088623,0.0,0.0,370.32623291015625,498.8713684082031,2
Flickr30K/3284887033.jpg,/content/Image_captioning_Local/Flickr30K/flickr30k_images/flickr30k_images/3284887033.jpg,dog,0.9500580430030823,143.79940795898438,40.73863220214844,245.07069396972656,231.83030700683594,4
Flickr30K/3284887033.jpg,/content/Image_captioning_Local/Flickr30K/flickr30k_images/flickr30k_images/3284887033.jpg,sports ball,0.9253329634666443,166.13172912597656,195.82066345214844,213.22889709472656,243.18861389160156,4
Flickr30K/3284887033.jpg,/content/Image_captioning_Local/Flickr30K/flickr30k_images/flickr30k_images/3284887033.jpg,person,0.8159863352775574,325.3223571777344,0.24107694625854492,350.3476257324219,31.555330276489258,4
Flickr30K/3284887033.jpg,/content/Image_captioning_Local/Flickr30K/flickr30k_images/flickr30k_images/3284887033.jpg,car,0.7535812258720398,157.7216796875,0.13659000396728516,259.695068359375,20.534955978393555,4
Flickr30K/3284899112.jpg,/content/Image_captioning_Local/Flickr30K/flickr30k_images/flickr30k_images/3284899112.jpg,person,0.9086370468139648,212.67910766601562,213.62957763671875,314.05133056640625,334.0116882324219,2
Flickr30K/3284899112.jpg,/content/Image_captioning_Local/Flickr30K/flickr30k_images/flickr30k_images/3284899112.jpg,person,0.906771719455719,106.98258972167969,220.7305908203125,211.6699676513672,334.3304138183594,2
Flickr30K/3284955091.jpg,/content/Image_captioning_Local/Flickr30K/flickr30k_images/flickr30k_images/3284955091.jpg,snowboard,0.9226732850074768,337.5025329589844,152.95748901367188,445.368896484375,211.06210327148438,2
Flickr30K/3284955091.jpg,/content/Image_captioning_Local/Flickr30K/flickr30k_images/flickr30k_images/3284955091.jpg,person,0.9062265753746033,344.01861572265625,69.07012176513672,428.1426086425781,198.29953002929688,2
Flickr30K/3285180819.jpg,/content/Image_captioning_Local/Flickr30K/flickr30k_images/flickr30k_images/3285180819.jpg,sports ball,0.9430157542228699,6.635677814483643,197.5161590576172,80.00865173339844,270.5519104003906,8
Flickr30K/3285180819.jpg,/content/Image_captioning_Local/Flickr30K/flickr30k_images/flickr30k_images/3285180819.jpg,person,0.8371185660362244,56.07265090942383,55.84688186645508,264.990478515625,463.6593933105469,8
Flickr30K/3285180819.jpg,/content/Image_captioning_Local/Flickr30K/flickr30k_images/flickr30k_images/3285180819.jpg,person,0.810123860836029,175.5076904296875,49.57876205444336,395.3378601074219,463.2406311035156,8
Flickr30K/3285180819.jpg,/content/Image_captioning_Local/Flickr30K/flickr30k_images/flickr30k_images/3285180819.jpg,person,0.7809639573097229,0.0,66.2384033203125,59.27766418457031,436.150634765625,8
Flickr30K/3285180819.jpg,/content/Image_captioning_Local/Flickr30K/flickr30k_images/flickr30k_images/3285180819.jpg,person,0.6657175421714783,37.12845993041992,219.33274841308594,110.32727813720703,378.16900634765625,8
Flickr30K/3285180819.jpg,/content/Image_captioning_Local/Flickr30K/flickr30k_images/flickr30k_images/3285180819.jpg,person,0.47462570667266846,94.90670776367188,219.70782470703125,134.5508575439453,286.30194091796875,8
Flickr30K/3285180819.jpg,/content/Image_captioning_Local/Flickr30K/flickr30k_images/flickr30k_images/3285180819.jpg,tie,0.3109844923019409,63.468624114990234,258.6178894042969,77.18789672851562,326.2458801269531,8
Flickr30K/3285180819.jpg,/content/Image_captioning_Local/Flickr30K/flickr30k_images/flickr30k_images/3285180819.jpg,person,0.2525795102119446,360.75762939453125,164.94061279296875,387.2413635253906,198.84144592285156,8
Flickr30K/3285214689.jpg,/content/Image_captioning_Local/Flickr30K/flickr30k_images/flickr30k_images/3285214689.jpg,sports ball,0.9217441082000732,48.357749938964844,145.73580932617188,106.22270202636719,202.29449462890625,3
Flickr30K/3285214689.jpg,/content/Image_captioning_Local/Flickr30K/flickr30k_images/flickr30k_images/3285214689.jpg,person,0.88011634349823,41.923583984375,161.74868774414062,301.7506103515625,499.14312744140625,3
Flickr30K/3285214689.jpg,/content/Image_captioning_Local/Flickr30K/flickr30k_images/flickr30k_images/3285214689.jpg,person,0.8519633412361145,15.2024507522583,256.1062316894531,138.80746459960938,499.25860595703125,3
Flickr30K/3285298241.jpg,/content/Image_captioning_Local/Flickr30K/flickr30k_images/flickr30k_images/3285298241.jpg,sports ball,0.9181074500083923,94.52531433105469,0.33756494522094727,211.9591522216797,81.20342254638672,6
Flickr30K/3285298241.jpg,/content/Image_captioning_Local/Flickr30K/flickr30k_images/flickr30k_images/3285298241.jpg,person,0.8946710824966431,41.87388610839844,43.08314514160156,314.2356262207031,498.692138671875,6
Flickr30K/3285298241.jpg,/content/Image_captioning_Local/Flickr30K/flickr30k_images/flickr30k_images/3285298241.jpg,person,0.4724840223789215,291.0447082519531,324.02337646484375,325.7225036621094,389.037109375,6
Flickr30K/3285298241.jpg,/content/Image_captioning_Local/Flickr30K/flickr30k_images/flickr30k_images/3285298241.jpg,person,0.42293262481689453,190.94915771484375,319.5694580078125,230.9378204345703,386.97467041015625,6
Flickr30K/3285298241.jpg,/content/Image_captioning_Local/Flickr30K/flickr30k_images/flickr30k_images/3285298241.jpg,person,0.3942292332649231,15.678489685058594,278.6529541015625,63.03838348388672,345.76416015625,6
Flickr30K/3285298241.jpg,/content/Image_captioning_Local/Flickr30K/flickr30k_images/flickr30k_images/3285298241.jpg,person,0.286114901304245,0.4794597625732422,275.4122314453125,31.750572204589844,325.9938659667969,6
Flickr30K/3285342629.jpg,/content/Image_captioning_Local/Flickr30K/flickr30k_images/flickr30k_images/3285342629.jpg,person,0.9086999297142029,224.82528686523438,235.9877166748047,277.96807861328125,390.04583740234375,6
Flickr30K/3285342629.jpg,/content/Image_captioning_Local/Flickr30K/flickr30k_images/flickr30k_images/3285342629.jpg,person,0.866381049156189,36.85848617553711,180.68960571289062,127.6296615600586,497.1004638671875,6
Flickr30K/3285342629.jpg,/content/Image_captioning_Local/Flickr30K/flickr30k_images/flickr30k_images/3285342629.jpg,person,0.8636587858200073,95.40715026855469,221.91162109375,213.38662719726562,432.9734802246094,6
Flickr30K/3285342629.jpg,/content/Image_captioning_Local/Flickr30K/flickr30k_images/flickr30k_images/3285342629.jpg,person,0.860440731048584,201.9207305908203,227.33706665039062,238.127685546875,357.3760070800781,6
Flickr30K/3285342629.jpg,/content/Image_captioning_Local/Flickr30K/flickr30k_images/flickr30k_images/3285342629.jpg,person,0.7859207391738892,156.6399383544922,267.1669616699219,197.80810546875,366.4857482910156,6
Flickr30K/3285342629.jpg,/content/Image_captioning_Local/Flickr30K/flickr30k_images/flickr30k_images/3285342629.jpg,backpack,0.6795012950897217,5.156308174133301,227.4549560546875,85.00821685791016,344.4006042480469,6
Flickr30K/3285552304.jpg,/content/Image_captioning_Local/Flickr30K/flickr30k_images/flickr30k_images/3285552304.jpg,person,0.9035022258758545,0.1399517059326172,62.36562728881836,173.78688049316406,257.763427734375,7
Flickr30K/3285552304.jpg,/content/Image_captioning_Local/Flickr30K/flickr30k_images/flickr30k_images/3285552304.jpg,person,0.7970221042633057,280.0017395019531,91.83216094970703,383.6551513671875,253.0924835205078,7
Flickr30K/3285552304.jpg,/content/Image_captioning_Local/Flickr30K/flickr30k_images/flickr30k_images/3285552304.jpg,person,0.7616615891456604,92.65653991699219,86.7235336303711,170.95697021484375,189.80465698242188,7
Flickr30K/3285552304.jpg,/content/Image_captioning_Local/Flickr30K/flickr30k_images/flickr30k_images/3285552304.jpg,person,0.7329139709472656,182.8785400390625,102.47804260253906,303.7428283691406,255.09986877441406,7
Flickr30K/3285552304.jpg,/content/Image_captioning_Local/Flickr30K/flickr30k_images/flickr30k_images/3285552304.jpg,person,0.5706035494804382,158.90516662597656,93.95394134521484,207.0049285888672,194.02041625976562,7
Flickr30K/3285552304.jpg,/content/Image_captioning_Local/Flickr30K/flickr30k_images/flickr30k_images/3285552304.jpg,person,0.4929830729961395,382.6861877441406,86.36798858642578,499.7746887207031,251.4542999267578,7
Flickr30K/3285552304.jpg,/content/Image_captioning_Local/Flickr30K/flickr30k_images/flickr30k_images/3285552304.jpg,person,0.2749784588813782,443.37652587890625,53.08027267456055,499.6695556640625,164.1753387451172,7
Flickr30K/3285826301.jpg,/content/Image_captioning_Local/Flickr30K/flickr30k_images/flickr30k_images/3285826301.jpg,person,0.906672477722168,15.245908737182617,33.11240768432617,78.67064666748047,236.3060302734375,4
Flickr30K/3285826301.jpg,/content/Image_captioning_Local/Flickr30K/flickr30k_images/flickr30k_images/3285826301.jpg,person,0.8447836637496948,471.2514343261719,75.30854034423828,499.87548828125,143.4654541015625,4
Flickr30K/3285826301.jpg,/content/Image_captioning_Local/Flickr30K/flickr30k_images/flickr30k_images/3285826301.jpg,person,0.7673534154891968,400.05865478515625,83.37552642822266,416.0723571777344,118.20094299316406,4
Flickr30K/3285826301.jpg,/content/Image_captioning_Local/Flickr30K/flickr30k_images/flickr30k_images/3285826301.jpg,person,0.5932468771934509,455.8564758300781,87.03581237792969,464.55712890625,109.39564514160156,4
Flickr30K/3285889990.jpg,/content/Image_captioning_Local/Flickr30K/flickr30k_images/flickr30k_images/3285889990.jpg,person,0.8486195802688599,11.011409759521484,38.42926025390625,407.92828369140625,348.5481262207031,1
Flickr30K/3285993030.jpg,/content/Image_captioning_Local/Flickr30K/flickr30k_images/flickr30k_images/3285993030.jpg,bear,0.6064042448997498,252.25753784179688,49.53369903564453,337.7281188964844,221.49777221679688,1
Flickr30K/3286017638.jpg,/content/Image_captioning_Local/Flickr30K/flickr30k_images/flickr30k_images/3286017638.jpg,sports ball,0.9235723614692688,430.37420654296875,232.07464599609375,465.1405944824219,266.23077392578125,7
Flickr30K/3286017638.jpg,/content/Image_captioning_Local/Flickr30K/flickr30k_images/flickr30k_images/3286017638.jpg,person,0.906211256980896,462.3263244628906,0.44853687286376953,499.80230712890625,117.72480010986328,7
Flickr30K/3286017638.jpg,/content/Image_captioning_Local/Flickr30K/flickr30k_images/flickr30k_images/3286017638.jpg,person,0.9016751050949097,249.69500732421875,0.4199028015136719,306.0984191894531,121.64313507080078,7
Flickr30K/3286017638.jpg,/content/Image_captioning_Local/Flickr30K/flickr30k_images/flickr30k_images/3286017638.jpg,person,0.8775467276573181,109.68988037109375,15.528631210327148,241.00094604492188,222.87229919433594,7
Flickr30K/3286017638.jpg,/content/Image_captioning_Local/Flickr30K/flickr30k_images/flickr30k_images/3286017638.jpg,person,0.773013710975647,11.063599586486816,96.2027587890625,347.4198303222656,275.4992980957031,7
Flickr30K/3286017638.jpg,/content/Image_captioning_Local/Flickr30K/flickr30k_images/flickr30k_images/3286017638.jpg,sports ball,0.5327660441398621,57.8603630065918,197.31797790527344,94.91333770751953,225.65994262695312,7
Flickr30K/3286017638.jpg,/content/Image_captioning_Local/Flickr30K/flickr30k_images/flickr30k_images/3286017638.jpg,person,0.524379551410675,11.976838111877441,172.24581909179688,348.983154296875,275.73492431640625,7
Flickr30K/3286045254.jpg,/content/Image_captioning_Local/Flickr30K/flickr30k_images/flickr30k_images/3286045254.jpg,sports ball,0.9513620138168335,108.63899230957031,255.8646697998047,233.72425842285156,381.9714050292969,6
Flickr30K/3286045254.jpg,/content/Image_captioning_Local/Flickr30K/flickr30k_images/flickr30k_images/3286045254.jpg,person,0.9223845601081848,99.25265502929688,130.75413513183594,385.1311340332031,496.84552001953125,6
Flickr30K/3286045254.jpg,/content/Image_captioning_Local/Flickr30K/flickr30k_images/flickr30k_images/3286045254.jpg,person,0.9043169617652893,0.012993812561035156,183.42538452148438,113.76084899902344,498.35186767578125,6
Flickr30K/3286045254.jpg,/content/Image_captioning_Local/Flickr30K/flickr30k_images/flickr30k_images/3286045254.jpg,person,0.3712556064128876,304.0306091308594,0.5501270294189453,400.0,346.60797119140625,6
Flickr30K/3286045254.jpg,/content/Image_captioning_Local/Flickr30K/flickr30k_images/flickr30k_images/3286045254.jpg,person,0.3603714406490326,333.1334533691406,482.0709228515625,358.6398010253906,499.80908203125,6
Flickr30K/3286045254.jpg,/content/Image_captioning_Local/Flickr30K/flickr30k_images/flickr30k_images/3286045254.jpg,person,0.3534458577632904,195.53408813476562,0.1675128936767578,400.0,495.5848083496094,6
Flickr30K/3286111436.jpg,/content/Image_captioning_Local/Flickr30K/flickr30k_images/flickr30k_images/3286111436.jpg,person,0.9217995405197144,106.35868072509766,8.056068420410156,327.44384765625,483.614013671875,10
Flickr30K/3286111436.jpg,/content/Image_captioning_Local/Flickr30K/flickr30k_images/flickr30k_images/3286111436.jpg,sports ball,0.8986799120903015,114.1458740234375,132.1536102294922,178.78448486328125,197.44017028808594,10
Flickr30K/3286111436.jpg,/content/Image_captioning_Local/Flickr30K/flickr30k_images/flickr30k_images/3286111436.jpg,person,0.8376321792602539,264.0085144042969,175.83157348632812,332.67254638671875,411.1453552246094,10
Flickr30K/3286111436.jpg,/content/Image_captioning_Local/Flickr30K/flickr30k_images/flickr30k_images/3286111436.jpg,person,0.6603955030441284,28.804611206054688,255.64398193359375,98.17562103271484,303.3663330078125,10
Flickr30K/3286111436.jpg,/content/Image_captioning_Local/Flickr30K/flickr30k_images/flickr30k_images/3286111436.jpg,person,0.6210294961929321,6.336104869842529,240.0288543701172,51.89274597167969,299.656005859375,10
Flickr30K/3286111436.jpg,/content/Image_captioning_Local/Flickr30K/flickr30k_images/flickr30k_images/3286111436.jpg,person,0.4779468774795532,350.80084228515625,42.11931228637695,400.0,491.09002685546875,10
Flickr30K/3286111436.jpg,/content/Image_captioning_Local/Flickr30K/flickr30k_images/flickr30k_images/3286111436.jpg,person,0.41168197989463806,116.05150604248047,237.13975524902344,180.19664001464844,419.6869812011719,10
Flickr30K/3286111436.jpg,/content/Image_captioning_Local/Flickr30K/flickr30k_images/flickr30k_images/3286111436.jpg,person,0.3621358573436737,351.2274169921875,260.87054443359375,397.1271057128906,384.0166931152344,10
Flickr30K/3286111436.jpg,/content/Image_captioning_Local/Flickr30K/flickr30k_images/flickr30k_images/3286111436.jpg,person,0.32985320687294006,318.7333068847656,268.9506530761719,360.2117004394531,389.0846862792969,10
Flickr30K/3286111436.jpg,/content/Image_captioning_Local/Flickr30K/flickr30k_images/flickr30k_images/3286111436.jpg,tie,0.258450984954834,61.69015121459961,292.6617736816406,70.77299499511719,303.3003234863281,10
Flickr30K/3286193613.jpg,/content/Image_captioning_Local/Flickr30K/flickr30k_images/flickr30k_images/3286193613.jpg,giraffe,0.5312070250511169,88.31973266601562,75.21038055419922,353.5769348144531,497.24993896484375,2
Flickr30K/3286193613.jpg,/content/Image_captioning_Local/Flickr30K/flickr30k_images/flickr30k_images/3286193613.jpg,sheep,0.5167359709739685,88.01541137695312,75.52366638183594,355.0,497.7541809082031,2
Flickr30K/3286198467.jpg,/content/Image_captioning_Local/Flickr30K/flickr30k_images/flickr30k_images/3286198467.jpg,dog,0.9305036664009094,55.13987731933594,38.64152526855469,498.0111083984375,296.4512634277344,2
Flickr30K/3286198467.jpg,/content/Image_captioning_Local/Flickr30K/flickr30k_images/flickr30k_images/3286198467.jpg,dog,0.3743096888065338,16.871536254882812,120.77515411376953,140.94415283203125,219.4209747314453,2
Flickr30K/3286222970.jpg,/content/Image_captioning_Local/Flickr30K/flickr30k_images/flickr30k_images/3286222970.jpg,bench,0.9489961862564087,1.0377883911132812,80.41693115234375,244.49301147460938,265.59796142578125,2
Flickr30K/3286222970.jpg,/content/Image_captioning_Local/Flickr30K/flickr30k_images/flickr30k_images/3286222970.jpg,person,0.9233982563018799,363.4508056640625,29.068195343017578,471.1826171875,333.041015625,2
Flickr30K/3286262286.jpg,/content/Image_captioning_Local/Flickr30K/flickr30k_images/flickr30k_images/3286262286.jpg,person,0.9278671145439148,70.74243927001953,223.85568237304688,257.7159118652344,499.0761413574219,1
Flickr30K/3286406057.jpg,/content/Image_captioning_Local/Flickr30K/flickr30k_images/flickr30k_images/3286406057.jpg,person,0.9145002365112305,31.128644943237305,0.9647846221923828,282.3993225097656,327.3622131347656,5
Flickr30K/3286406057.jpg,/content/Image_captioning_Local/Flickr30K/flickr30k_images/flickr30k_images/3286406057.jpg,person,0.8957169651985168,258.0816650390625,40.45092010498047,499.6755676269531,328.2221374511719,5
Flickr30K/3286406057.jpg,/content/Image_captioning_Local/Flickr30K/flickr30k_images/flickr30k_images/3286406057.jpg,person,0.8366641998291016,290.8185119628906,0.0,419.46295166015625,70.01763916015625,5
Flickr30K/3286406057.jpg,/content/Image_captioning_Local/Flickr30K/flickr30k_images/flickr30k_images/3286406057.jpg,person,0.7576465606689453,0.052475929260253906,1.2336552143096924,52.66870880126953,199.37255859375,5
Flickr30K/3286406057.jpg,/content/Image_captioning_Local/Flickr30K/flickr30k_images/flickr30k_images/3286406057.jpg,person,0.6114184260368347,462.5496826171875,201.56211853027344,499.7771301269531,330.5959777832031,5
Flickr30K/3286543624.jpg,/content/Image_captioning_Local/Flickr30K/flickr30k_images/flickr30k_images/3286543624.jpg,person,0.950191855430603,178.6425323486328,30.7863712310791,334.7407531738281,332.8649597167969,1
Flickr30K/3286620180.jpg,/content/Image_captioning_Local/Flickr30K/flickr30k_images/flickr30k_images/3286620180.jpg,person,0.8463143110275269,256.3562927246094,170.9037322998047,361.912109375,331.0526428222656,14
Flickr30K/3286620180.jpg,/content/Image_captioning_Local/Flickr30K/flickr30k_images/flickr30k_images/3286620180.jpg,person,0.8389405012130737,370.2514343261719,124.8384017944336,456.1689453125,306.4153747558594,14
Flickr30K/3286620180.jpg,/content/Image_captioning_Local/Flickr30K/flickr30k_images/flickr30k_images/3286620180.jpg,person,0.8355317115783691,101.24089813232422,163.17320251464844,265.0013732910156,330.8660583496094,14
Flickr30K/3286620180.jpg,/content/Image_captioning_Local/Flickr30K/flickr30k_images/flickr30k_images/3286620180.jpg,person,0.6899487972259521,297.6728820800781,98.18952178955078,349.0977783203125,210.02171325683594,14
Flickr30K/3286620180.jpg,/content/Image_captioning_Local/Flickr30K/flickr30k_images/flickr30k_images/3286620180.jpg,person,0.6506974697113037,174.33970642089844,116.0134048461914,260.7850646972656,283.77606201171875,14
Flickr30K/3286620180.jpg,/content/Image_captioning_Local/Flickr30K/flickr30k_images/flickr30k_images/3286620180.jpg,person,0.6469191312789917,34.54294204711914,150.89402770996094,130.1892547607422,299.83563232421875,14
Flickr30K/3286620180.jpg,/content/Image_captioning_Local/Flickr30K/flickr30k_images/flickr30k_images/3286620180.jpg,person,0.4899498522281647,354.8986511230469,80.40288543701172,404.6195983886719,240.77944946289062,14
Flickr30K/3286620180.jpg,/content/Image_captioning_Local/Flickr30K/flickr30k_images/flickr30k_images/3286620180.jpg,person,0.485725462436676,456.81854248046875,43.489601135253906,492.8367004394531,163.56845092773438,14
Flickr30K/3286620180.jpg,/content/Image_captioning_Local/Flickr30K/flickr30k_images/flickr30k_images/3286620180.jpg,person,0.36540403962135315,471.68646240234375,199.4862060546875,499.80535888671875,330.9566650390625,14
Flickr30K/3286620180.jpg,/content/Image_captioning_Local/Flickr30K/flickr30k_images/flickr30k_images/3286620180.jpg,person,0.3451731503009796,112.7747802734375,101.7278823852539,161.09295654296875,194.56082153320312,14
Flickr30K/3286620180.jpg,/content/Image_captioning_Local/Flickr30K/flickr30k_images/flickr30k_images/3286620180.jpg,person,0.34101414680480957,380.8238525390625,59.84458923339844,423.4792175292969,130.59536743164062,14
Flickr30K/3286620180.jpg,/content/Image_captioning_Local/Flickr30K/flickr30k_images/flickr30k_images/3286620180.jpg,person,0.3116375207901001,250.10711669921875,99.89918518066406,296.0368957519531,187.8246307373047,14
Flickr30K/3286620180.jpg,/content/Image_captioning_Local/Flickr30K/flickr30k_images/flickr30k_images/3286620180.jpg,person,0.30202966928482056,0.10124146938323975,304.068603515625,31.104928970336914,332.493408203125,14
Flickr30K/3286620180.jpg,/content/Image_captioning_Local/Flickr30K/flickr30k_images/flickr30k_images/3286620180.jpg,person,0.2672303318977356,0.08415579795837402,135.64303588867188,49.24992752075195,218.8072509765625,14
Flickr30K/3286761458.jpg,/content/Image_captioning_Local/Flickr30K/flickr30k_images/flickr30k_images/3286761458.jpg,person,0.9373335838317871,2.7138471603393555,0.7535099983215332,223.758056640625,325.93280029296875,10
Flickr30K/3286761458.jpg,/content/Image_captioning_Local/Flickr30K/flickr30k_images/flickr30k_images/3286761458.jpg,person,0.7300711274147034,393.6932678222656,67.39542388916016,453.59613037109375,188.46514892578125,10
Flickr30K/3286761458.jpg,/content/Image_captioning_Local/Flickr30K/flickr30k_images/flickr30k_images/3286761458.jpg,person,0.7142021059989929,203.18556213378906,36.374900817871094,490.6885070800781,326.98101806640625,10
Flickr30K/3286761458.jpg,/content/Image_captioning_Local/Flickr30K/flickr30k_images/flickr30k_images/3286761458.jpg,person,0.49283304810523987,0.059248507022857666,60.32133102416992,23.587221145629883,327.6631774902344,10
Flickr30K/3286761458.jpg,/content/Image_captioning_Local/Flickr30K/flickr30k_images/flickr30k_images/3286761458.jpg,person,0.4743981659412384,468.9000549316406,0.0,499.8139953613281,192.58367919921875,10
Flickr30K/3286761458.jpg,/content/Image_captioning_Local/Flickr30K/flickr30k_images/flickr30k_images/3286761458.jpg,person,0.42438843846321106,0.05654841661453247,59.535362243652344,23.405622482299805,209.541748046875,10
Flickr30K/3286761458.jpg,/content/Image_captioning_Local/Flickr30K/flickr30k_images/flickr30k_images/3286761458.jpg,person,0.3301815688610077,203.07855224609375,91.03253173828125,236.31105041503906,178.33731079101562,10
Flickr30K/3286761458.jpg,/content/Image_captioning_Local/Flickr30K/flickr30k_images/flickr30k_images/3286761458.jpg,person,0.2853868305683136,18.241357803344727,50.373172760009766,63.1246337890625,141.1937255859375,10
Flickr30K/3286761458.jpg,/content/Image_captioning_Local/Flickr30K/flickr30k_images/flickr30k_images/3286761458.jpg,person,0.2718988060951233,236.47341918945312,25.29070281982422,309.2554626464844,138.44544982910156,10
Flickr30K/3286761458.jpg,/content/Image_captioning_Local/Flickr30K/flickr30k_images/flickr30k_images/3286761458.jpg,person,0.25887224078178406,395.03289794921875,1.033848524093628,496.006591796875,177.8768310546875,10
Flickr30K/3286822339.jpg,/content/Image_captioning_Local/Flickr30K/flickr30k_images/flickr30k_images/3286822339.jpg,handbag,0.8822414875030518,112.42987823486328,146.4557647705078,159.63644409179688,222.83731079101562,20
Flickr30K/3286822339.jpg,/content/Image_captioning_Local/Flickr30K/flickr30k_images/flickr30k_images/3286822339.jpg,person,0.8809488415718079,77.74087524414062,107.91888427734375,159.1535186767578,331.5650939941406,20
Flickr30K/3286822339.jpg,/content/Image_captioning_Local/Flickr30K/flickr30k_images/flickr30k_images/3286822339.jpg,person,0.8384736180305481,190.8151092529297,128.59739685058594,220.98822021484375,221.62747192382812,20
Flickr30K/3286822339.jpg,/content/Image_captioning_Local/Flickr30K/flickr30k_images/flickr30k_images/3286822339.jpg,person,0.8318811655044556,6.45902156829834,95.54562377929688,89.53903198242188,340.203857421875,20
Flickr30K/3286822339.jpg,/content/Image_captioning_Local/Flickr30K/flickr30k_images/flickr30k_images/3286822339.jpg,person,0.8299659490585327,296.6719970703125,124.01551818847656,317.21368408203125,183.290771484375,20
Flickr30K/3286822339.jpg,/content/Image_captioning_Local/Flickr30K/flickr30k_images/flickr30k_images/3286822339.jpg,person,0.8291300535202026,280.3789978027344,135.09231567382812,298.049072265625,184.88735961914062,20
Flickr30K/3286822339.jpg,/content/Image_captioning_Local/Flickr30K/flickr30k_images/flickr30k_images/3286822339.jpg,bicycle,0.7347450852394104,457.4612731933594,187.34368896484375,494.51092529296875,252.3409881591797,20
Flickr30K/3286822339.jpg,/content/Image_captioning_Local/Flickr30K/flickr30k_images/flickr30k_images/3286822339.jpg,backpack,0.7241516709327698,4.688882827758789,135.51856994628906,79.42794799804688,229.0884246826172,20
Flickr30K/3286822339.jpg,/content/Image_captioning_Local/Flickr30K/flickr30k_images/flickr30k_images/3286822339.jpg,person,0.6745975017547607,222.33641052246094,130.2964630126953,238.58944702148438,177.29258728027344,20
Flickr30K/3286822339.jpg,/content/Image_captioning_Local/Flickr30K/flickr30k_images/flickr30k_images/3286822339.jpg,person,0.658778190612793,264.9945373535156,132.44952392578125,280.83282470703125,179.86917114257812,20
Flickr30K/3286822339.jpg,/content/Image_captioning_Local/Flickr30K/flickr30k_images/flickr30k_images/3286822339.jpg,person,0.6039466857910156,427.2945861816406,107.72611999511719,452.1598205566406,166.54196166992188,20
Flickr30K/3286822339.jpg,/content/Image_captioning_Local/Flickr30K/flickr30k_images/flickr30k_images/3286822339.jpg,umbrella,0.5428282022476196,181.19488525390625,119.60681915283203,227.98623657226562,130.3756866455078,20
Flickr30K/3286822339.jpg,/content/Image_captioning_Local/Flickr30K/flickr30k_images/flickr30k_images/3286822339.jpg,person,0.49295875430107117,246.620361328125,132.47726440429688,264.5567321777344,180.0493927001953,20
Flickr30K/3286822339.jpg,/content/Image_captioning_Local/Flickr30K/flickr30k_images/flickr30k_images/3286822339.jpg,person,0.48160144686698914,211.31964111328125,128.5097198486328,227.0010528564453,176.36795043945312,20
Flickr30K/3286822339.jpg,/content/Image_captioning_Local/Flickr30K/flickr30k_images/flickr30k_images/3286822339.jpg,person,0.4609449505805969,254.7912139892578,135.6753692626953,265.0365295410156,179.91070556640625,20
Flickr30K/3286822339.jpg,/content/Image_captioning_Local/Flickr30K/flickr30k_images/flickr30k_images/3286822339.jpg,person,0.353254109621048,351.51568603515625,136.91281127929688,370.6741943359375,193.32333374023438,20
Flickr30K/3286822339.jpg,/content/Image_captioning_Local/Flickr30K/flickr30k_images/flickr30k_images/3286822339.jpg,handbag,0.314833402633667,183.7940216064453,181.34298706054688,201.9817352294922,214.0289306640625,20
Flickr30K/3286822339.jpg,/content/Image_captioning_Local/Flickr30K/flickr30k_images/flickr30k_images/3286822339.jpg,potted plant,0.28961512446403503,437.03900146484375,218.38116455078125,455.8694763183594,250.78416442871094,20
Flickr30K/3286822339.jpg,/content/Image_captioning_Local/Flickr30K/flickr30k_images/flickr30k_images/3286822339.jpg,handbag,0.28157031536102295,312.4046630859375,161.06846618652344,319.5676574707031,174.9385528564453,20
Flickr30K/3286822339.jpg,/content/Image_captioning_Local/Flickr30K/flickr30k_images/flickr30k_images/3286822339.jpg,potted plant,0.27148327231407166,437.74365234375,227.9937744140625,455.89227294921875,250.56915283203125,20
Flickr30K/3287236038.jpg,/content/Image_captioning_Local/Flickr30K/flickr30k_images/flickr30k_images/3287236038.jpg,person,0.9055097699165344,88.83968353271484,29.743099212646484,348.24432373046875,328.2774963378906,3
Flickr30K/3287236038.jpg,/content/Image_captioning_Local/Flickr30K/flickr30k_images/flickr30k_images/3287236038.jpg,bench,0.7750043869018555,16.22858428955078,134.4258270263672,101.78801727294922,161.50050354003906,3
Flickr30K/3287236038.jpg,/content/Image_captioning_Local/Flickr30K/flickr30k_images/flickr30k_images/3287236038.jpg,potted plant,0.6020110845565796,0.04813075065612793,76.0386962890625,53.27458190917969,148.1312713623047,3
Flickr30K/3287383259.jpg,/content/Image_captioning_Local/Flickr30K/flickr30k_images/flickr30k_images/3287383259.jpg,person,0.8225142359733582,199.2119598388672,17.212724685668945,480.88720703125,370.38134765625,5
Flickr30K/3287383259.jpg,/content/Image_captioning_Local/Flickr30K/flickr30k_images/flickr30k_images/3287383259.jpg,cell phone,0.6959258317947388,60.15916442871094,221.02613830566406,159.7543182373047,329.88348388671875,5
Flickr30K/3287383259.jpg,/content/Image_captioning_Local/Flickr30K/flickr30k_images/flickr30k_images/3287383259.jpg,bottle,0.4707886278629303,489.6558837890625,213.5958709716797,499.6817626953125,249.27969360351562,5
Flickr30K/3287383259.jpg,/content/Image_captioning_Local/Flickr30K/flickr30k_images/flickr30k_images/3287383259.jpg,bottle,0.30586981773376465,488.44781494140625,174.6776123046875,499.66033935546875,212.3483123779297,5
Flickr30K/3287383259.jpg,/content/Image_captioning_Local/Flickr30K/flickr30k_images/flickr30k_images/3287383259.jpg,book,0.2729669213294983,77.55851745605469,254.0496368408203,264.4405517578125,372.4891662597656,5
Flickr30K/3287415664.jpg,/content/Image_captioning_Local/Flickr30K/flickr30k_images/flickr30k_images/3287415664.jpg,person,0.9197044968605042,62.3769645690918,227.94894409179688,110.35054779052734,364.3547058105469,20
Flickr30K/3287415664.jpg,/content/Image_captioning_Local/Flickr30K/flickr30k_images/flickr30k_images/3287415664.jpg,person,0.8643326759338379,436.62127685546875,250.12193298339844,489.11895751953125,380.6770935058594,20
Flickr30K/3287415664.jpg,/content/Image_captioning_Local/Flickr30K/flickr30k_images/flickr30k_images/3287415664.jpg,person,0.8417680263519287,357.6532897949219,172.8687744140625,419.8934020996094,395.7126159667969,20
Flickr30K/3287415664.jpg,/content/Image_captioning_Local/Flickr30K/flickr30k_images/flickr30k_images/3287415664.jpg,umbrella,0.797141969203949,430.3623046875,226.84649658203125,499.7411804199219,300.4232482910156,20
Flickr30K/3287415664.jpg,/content/Image_captioning_Local/Flickr30K/flickr30k_images/flickr30k_images/3287415664.jpg,potted plant,0.794002115726471,122.80574798583984,194.0954132080078,327.7764892578125,450.7415771484375,20
Flickr30K/3287415664.jpg,/content/Image_captioning_Local/Flickr30K/flickr30k_images/flickr30k_images/3287415664.jpg,umbrella,0.7294591665267944,311.93585205078125,151.31015014648438,446.5586242675781,200.5398712158203,20
Flickr30K/3287415664.jpg,/content/Image_captioning_Local/Flickr30K/flickr30k_images/flickr30k_images/3287415664.jpg,handbag,0.6556846499443054,409.5489501953125,215.545654296875,442.43280029296875,296.9915466308594,20
Flickr30K/3287415664.jpg,/content/Image_captioning_Local/Flickr30K/flickr30k_images/flickr30k_images/3287415664.jpg,car,0.6540700793266296,414.9425964355469,170.72152709960938,499.81036376953125,249.900146484375,20
Flickr30K/3287415664.jpg,/content/Image_captioning_Local/Flickr30K/flickr30k_images/flickr30k_images/3287415664.jpg,car,0.6091389060020447,138.04702758789062,170.7509765625,174.25723266601562,191.60655212402344,20
Flickr30K/3287415664.jpg,/content/Image_captioning_Local/Flickr30K/flickr30k_images/flickr30k_images/3287415664.jpg,car,0.5607466697692871,196.8078155517578,166.33102416992188,270.2913818359375,202.59561157226562,20
Flickr30K/3287415664.jpg,/content/Image_captioning_Local/Flickr30K/flickr30k_images/flickr30k_images/3287415664.jpg,car,0.45983651280403137,274.8055114746094,186.05429077148438,368.5824279785156,283.1437683105469,20
Flickr30K/3287415664.jpg,/content/Image_captioning_Local/Flickr30K/flickr30k_images/flickr30k_images/3287415664.jpg,car,0.422200083732605,483.32452392578125,164.58180236816406,499.8139343261719,172.3714141845703,20
Flickr30K/3287415664.jpg,/content/Image_captioning_Local/Flickr30K/flickr30k_images/flickr30k_images/3287415664.jpg,umbrella,0.4131154716014862,8.651792526245117,196.87794494628906,145.57000732421875,262.95709228515625,20
Flickr30K/3287415664.jpg,/content/Image_captioning_Local/Flickr30K/flickr30k_images/flickr30k_images/3287415664.jpg,umbrella,0.37563109397888184,9.345996856689453,197.1845703125,139.2262420654297,235.22000122070312,20
Flickr30K/3287415664.jpg,/content/Image_captioning_Local/Flickr30K/flickr30k_images/flickr30k_images/3287415664.jpg,parking meter,0.35091105103492737,274.32696533203125,190.45187377929688,288.9371032714844,215.85440063476562,20
Flickr30K/3287415664.jpg,/content/Image_captioning_Local/Flickr30K/flickr30k_images/flickr30k_images/3287415664.jpg,umbrella,0.32560408115386963,431.418701171875,227.28482055664062,490.1003723144531,253.39402770996094,20
Flickr30K/3287415664.jpg,/content/Image_captioning_Local/Flickr30K/flickr30k_images/flickr30k_images/3287415664.jpg,car,0.3201327323913574,141.6466064453125,179.2875213623047,217.1383819580078,221.23670959472656,20
Flickr30K/3287415664.jpg,/content/Image_captioning_Local/Flickr30K/flickr30k_images/flickr30k_images/3287415664.jpg,potted plant,0.3109847903251648,121.8247299194336,288.04925537109375,327.27459716796875,449.5993957519531,20
Flickr30K/3287415664.jpg,/content/Image_captioning_Local/Flickr30K/flickr30k_images/flickr30k_images/3287415664.jpg,car,0.29835599660873413,228.24868774414062,176.6721954345703,309.2939453125,212.46783447265625,20
Flickr30K/3287415664.jpg,/content/Image_captioning_Local/Flickr30K/flickr30k_images/flickr30k_images/3287415664.jpg,parking meter,0.26275092363357544,273.8920593261719,189.9251708984375,290.4085693359375,228.98085021972656,20
Flickr30K/3287549827.jpg,/content/Image_captioning_Local/Flickr30K/flickr30k_images/flickr30k_images/3287549827.jpg,person,0.9045079946517944,161.8765411376953,68.578857421875,269.2599792480469,233.18833923339844,2
Flickr30K/3287549827.jpg,/content/Image_captioning_Local/Flickr30K/flickr30k_images/flickr30k_images/3287549827.jpg,snowboard,0.30228808522224426,137.9813232421875,226.26083374023438,275.24114990234375,236.9433135986328,2
Flickr30K/3287738183.jpg,/content/Image_captioning_Local/Flickr30K/flickr30k_images/flickr30k_images/3287738183.jpg,chair,0.9364544153213501,60.2729606628418,169.5670623779297,152.853515625,307.51910400390625,3
Flickr30K/3287738183.jpg,/content/Image_captioning_Local/Flickr30K/flickr30k_images/flickr30k_images/3287738183.jpg,person,0.9062860608100891,121.63516235351562,0.0,422.4949951171875,372.5264892578125,3
Flickr30K/3287738183.jpg,/content/Image_captioning_Local/Flickr30K/flickr30k_images/flickr30k_images/3287738183.jpg,bottle,0.3478918671607971,270.1570739746094,277.03753662109375,280.71990966796875,309.7448425292969,3
Flickr30K/3287760645.jpg,/content/Image_captioning_Local/Flickr30K/flickr30k_images/flickr30k_images/3287760645.jpg,person,0.9426783323287964,44.896209716796875,56.643009185791016,324.180419921875,455.5958251953125,3
Flickr30K/3287760645.jpg,/content/Image_captioning_Local/Flickr30K/flickr30k_images/flickr30k_images/3287760645.jpg,remote,0.5817553997039795,292.7873229980469,231.02574157714844,329.5384826660156,249.78150939941406,3
Flickr30K/3287760645.jpg,/content/Image_captioning_Local/Flickr30K/flickr30k_images/flickr30k_images/3287760645.jpg,remote,0.5563430786132812,41.57688522338867,211.27658081054688,63.03460693359375,236.12704467773438,3
Flickr30K/3287904625.jpg,/content/Image_captioning_Local/Flickr30K/flickr30k_images/flickr30k_images/3287904625.jpg,person,0.6335469484329224,36.72208786010742,94.3844223022461,281.1647033691406,371.0807189941406,2
Flickr30K/3287904625.jpg,/content/Image_captioning_Local/Flickr30K/flickr30k_images/flickr30k_images/3287904625.jpg,person,0.2593025267124176,144.43600463867188,105.78680419921875,281.8433532714844,370.6484680175781,2
Flickr30K/3287963317.jpg,/content/Image_captioning_Local/Flickr30K/flickr30k_images/flickr30k_images/3287963317.jpg,person,0.8742976784706116,112.27278900146484,199.02249145507812,217.1857147216797,347.99951171875,4
Flickr30K/3287963317.jpg,/content/Image_captioning_Local/Flickr30K/flickr30k_images/flickr30k_images/3287963317.jpg,person,0.8657147288322449,302.60369873046875,192.1761016845703,365.5585021972656,346.6985168457031,4
Flickr30K/3287963317.jpg,/content/Image_captioning_Local/Flickr30K/flickr30k_images/flickr30k_images/3287963317.jpg,person,0.8638926148414612,253.02810668945312,201.3497772216797,321.2843933105469,328.83056640625,4
Flickr30K/3287963317.jpg,/content/Image_captioning_Local/Flickr30K/flickr30k_images/flickr30k_images/3287963317.jpg,person,0.8478072285652161,187.57382202148438,182.63525390625,251.74923706054688,323.9451904296875,4
Flickr30K/3287969199.jpg,/content/Image_captioning_Local/Flickr30K/flickr30k_images/flickr30k_images/3287969199.jpg,bird,0.9387848973274231,48.46720886230469,26.238082885742188,352.0426330566406,274.2340393066406,1
Flickr30K/3288173388.jpg,/content/Image_captioning_Local/Flickr30K/flickr30k_images/flickr30k_images/3288173388.jpg,bench,0.8113060593605042,150.63021850585938,263.2704162597656,303.66009521484375,331.2418518066406,3
Flickr30K/3288173388.jpg,/content/Image_captioning_Local/Flickr30K/flickr30k_images/flickr30k_images/3288173388.jpg,person,0.7838594317436218,255.2864990234375,117.06343078613281,354.3098449707031,329.2601623535156,3
Flickr30K/3288173388.jpg,/content/Image_captioning_Local/Flickr30K/flickr30k_images/flickr30k_images/3288173388.jpg,person,0.6488940715789795,169.224853515625,49.27377700805664,323.86578369140625,319.76324462890625,3
Flickr30K/3288174272.jpg,/content/Image_captioning_Local/Flickr30K/flickr30k_images/flickr30k_images/3288174272.jpg,person,0.8680079579353333,404.9905700683594,28.63006591796875,499.0492858886719,328.21466064453125,7
Flickr30K/3288174272.jpg,/content/Image_captioning_Local/Flickr30K/flickr30k_images/flickr30k_images/3288174272.jpg,person,0.7779751420021057,47.50328063964844,156.71328735351562,325.7325744628906,329.93310546875,7
Flickr30K/3288174272.jpg,/content/Image_captioning_Local/Flickr30K/flickr30k_images/flickr30k_images/3288174272.jpg,backpack,0.6978890895843506,83.97750854492188,83.93535614013672,151.7998046875,176.33543395996094,7
Flickr30K/3288174272.jpg,/content/Image_captioning_Local/Flickr30K/flickr30k_images/flickr30k_images/3288174272.jpg,person,0.5949115753173828,0.04101991653442383,137.359375,61.6978874206543,277.4398193359375,7
Flickr30K/3288174272.jpg,/content/Image_captioning_Local/Flickr30K/flickr30k_images/flickr30k_images/3288174272.jpg,person,0.428426057100296,59.06479263305664,91.56627655029297,285.56787109375,246.2288818359375,7
Flickr30K/3288174272.jpg,/content/Image_captioning_Local/Flickr30K/flickr30k_images/flickr30k_images/3288174272.jpg,person,0.35247936844825745,52.37214660644531,92.22537231445312,303.6790771484375,327.57379150390625,7
Flickr30K/3288174272.jpg,/content/Image_captioning_Local/Flickr30K/flickr30k_images/flickr30k_images/3288174272.jpg,suitcase,0.28815048933029175,308.685546875,262.8229675292969,441.67584228515625,332.19915771484375,7
Flickr30K/3288203502.jpg,/content/Image_captioning_Local/Flickr30K/flickr30k_images/flickr30k_images/3288203502.jpg,person,0.9198512434959412,74.2503662109375,65.82665252685547,375.0,497.9214172363281,3
Flickr30K/3288203502.jpg,/content/Image_captioning_Local/Flickr30K/flickr30k_images/flickr30k_images/3288203502.jpg,bottle,0.606346607208252,282.88043212890625,50.6220588684082,312.49200439453125,110.51193237304688,3
Flickr30K/3288203502.jpg,/content/Image_captioning_Local/Flickr30K/flickr30k_images/flickr30k_images/3288203502.jpg,bottle,0.5853694677352905,338.32379150390625,47.13789367675781,372.6975402832031,121.58364868164062,3
Flickr30K/3288274849.jpg,/content/Image_captioning_Local/Flickr30K/flickr30k_images/flickr30k_images/3288274849.jpg,person,0.8134888410568237,41.64546585083008,69.59497833251953,83.0135498046875,171.88270568847656,3
Flickr30K/3288274849.jpg,/content/Image_captioning_Local/Flickr30K/flickr30k_images/flickr30k_images/3288274849.jpg,person,0.8030502796173096,121.23656463623047,70.00479888916016,232.1583709716797,160.31704711914062,3
Flickr30K/3288274849.jpg,/content/Image_captioning_Local/Flickr30K/flickr30k_images/flickr30k_images/3288274849.jpg,snowboard,0.6117825508117676,163.7192840576172,66.0257339477539,253.99179077148438,161.06553649902344,3
Flickr30K/3288494074.jpg,/content/Image_captioning_Local/Flickr30K/flickr30k_images/flickr30k_images/3288494074.jpg,person,0.8976879119873047,306.9376525878906,73.5136489868164,423.17608642578125,327.0543212890625,3
Flickr30K/3288494074.jpg,/content/Image_captioning_Local/Flickr30K/flickr30k_images/flickr30k_images/3288494074.jpg,person,0.8538115620613098,0.30162930488586426,129.83880615234375,37.92721176147461,250.71034240722656,3
Flickr30K/3288494074.jpg,/content/Image_captioning_Local/Flickr30K/flickr30k_images/flickr30k_images/3288494074.jpg,car,0.5039548277854919,411.8308410644531,149.5668182373047,441.149658203125,193.59652709960938,3
Flickr30K/3288596188.jpg,/content/Image_captioning_Local/Flickr30K/flickr30k_images/flickr30k_images/3288596188.jpg,person,0.9373058676719666,269.5406494140625,196.9069061279297,383.3185729980469,369.1577453613281,9
Flickr30K/3288596188.jpg,/content/Image_captioning_Local/Flickr30K/flickr30k_images/flickr30k_images/3288596188.jpg,person,0.9346733093261719,164.92581176757812,193.41773986816406,262.9378356933594,369.8524475097656,9
Flickr30K/3288596188.jpg,/content/Image_captioning_Local/Flickr30K/flickr30k_images/flickr30k_images/3288596188.jpg,boat,0.8282974362373352,8.165454864501953,65.41934204101562,474.54071044921875,240.43002319335938,9
Flickr30K/3288596188.jpg,/content/Image_captioning_Local/Flickr30K/flickr30k_images/flickr30k_images/3288596188.jpg,boat,0.5210901498794556,111.31690979003906,146.70571899414062,153.89443969726562,159.8976593017578,9
Flickr30K/3288596188.jpg,/content/Image_captioning_Local/Flickr30K/flickr30k_images/flickr30k_images/3288596188.jpg,boat,0.4989926815032959,162.96636962890625,146.79269409179688,204.98764038085938,161.88287353515625,9
Flickr30K/3288596188.jpg,/content/Image_captioning_Local/Flickr30K/flickr30k_images/flickr30k_images/3288596188.jpg,boat,0.497496634721756,102.76228332519531,203.85107421875,193.13916015625,254.5523223876953,9
Flickr30K/3288596188.jpg,/content/Image_captioning_Local/Flickr30K/flickr30k_images/flickr30k_images/3288596188.jpg,boat,0.4559796154499054,66.53478240966797,146.9097137451172,108.77017974853516,159.9436798095703,9
Flickr30K/3288596188.jpg,/content/Image_captioning_Local/Flickr30K/flickr30k_images/flickr30k_images/3288596188.jpg,boat,0.30749180912971497,13.127571105957031,146.81179809570312,56.896827697753906,162.3290252685547,9
Flickr30K/3288596188.jpg,/content/Image_captioning_Local/Flickr30K/flickr30k_images/flickr30k_images/3288596188.jpg,boat,0.30575016140937805,213.80230712890625,146.32106018066406,254.5990753173828,163.7154083251953,9
Flickr30K/3288839246.jpg,/content/Image_captioning_Local/Flickr30K/flickr30k_images/flickr30k_images/3288839246.jpg,person,0.9343053102493286,227.32791137695312,71.45065307617188,359.1433410644531,224.34310913085938,1
Flickr30K/328887787.jpg,/content/Image_captioning_Local/Flickr30K/flickr30k_images/flickr30k_images/328887787.jpg,bicycle,0.931604266166687,160.1403045654297,161.91653442382812,253.57589721679688,330.2380676269531,2
Flickr30K/328887787.jpg,/content/Image_captioning_Local/Flickr30K/flickr30k_images/flickr30k_images/328887787.jpg,person,0.8906225562095642,90.93565368652344,75.16828918457031,163.06080627441406,325.911376953125,2
Flickr30K/3288912340.jpg,/content/Image_captioning_Local/Flickr30K/flickr30k_images/flickr30k_images/3288912340.jpg,person,0.9048324227333069,89.74790954589844,99.40296173095703,159.63006591796875,295.5542907714844,2
Flickr30K/3288912340.jpg,/content/Image_captioning_Local/Flickr30K/flickr30k_images/flickr30k_images/3288912340.jpg,boat,0.2917516529560089,9.554052352905273,180.59373474121094,499.0241394042969,328.91656494140625,2
Flickr30K/3288928346.jpg,/content/Image_captioning_Local/Flickr30K/flickr30k_images/flickr30k_images/3288928346.jpg,person,0.937583863735199,137.9628143310547,223.25930786132812,262.36077880859375,391.63232421875,3
Flickr30K/3288928346.jpg,/content/Image_captioning_Local/Flickr30K/flickr30k_images/flickr30k_images/3288928346.jpg,car,0.9267837405204773,36.372947692871094,312.7597351074219,120.9300537109375,364.6358947753906,3
Flickr30K/3288928346.jpg,/content/Image_captioning_Local/Flickr30K/flickr30k_images/flickr30k_images/3288928346.jpg,bicycle,0.9261069297790527,88.76741027832031,312.19378662109375,281.52197265625,483.2546691894531,3
Flickr30K/328916930.jpg,/content/Image_captioning_Local/Flickr30K/flickr30k_images/flickr30k_images/328916930.jpg,person,0.9245614409446716,410.90460205078125,0.47185420989990234,499.7672119140625,231.73175048828125,8
Flickr30K/328916930.jpg,/content/Image_captioning_Local/Flickr30K/flickr30k_images/flickr30k_images/328916930.jpg,person,0.8746688961982727,26.76144790649414,0.1790165901184082,187.48602294921875,269.9899597167969,8
Flickr30K/328916930.jpg,/content/Image_captioning_Local/Flickr30K/flickr30k_images/flickr30k_images/328916930.jpg,person,0.8588671684265137,253.87615966796875,0.39597153663635254,336.4077453613281,119.10796356201172,8
Flickr30K/328916930.jpg,/content/Image_captioning_Local/Flickr30K/flickr30k_images/flickr30k_images/328916930.jpg,person,0.8333237171173096,155.1387481689453,72.47686767578125,347.12188720703125,246.25596618652344,8
Flickr30K/328916930.jpg,/content/Image_captioning_Local/Flickr30K/flickr30k_images/flickr30k_images/328916930.jpg,person,0.7899817824363708,342.69000244140625,0.5373716354370117,395.0230712890625,86.5897445678711,8
Flickr30K/328916930.jpg,/content/Image_captioning_Local/Flickr30K/flickr30k_images/flickr30k_images/328916930.jpg,person,0.6315485835075378,0.035765767097473145,0.6200551986694336,43.81557846069336,188.78079223632812,8
Flickr30K/328916930.jpg,/content/Image_captioning_Local/Flickr30K/flickr30k_images/flickr30k_images/328916930.jpg,handbag,0.3446577191352844,462.6744384765625,160.7227783203125,499.82470703125,235.5296630859375,8
Flickr30K/328916930.jpg,/content/Image_captioning_Local/Flickr30K/flickr30k_images/flickr30k_images/328916930.jpg,person,0.2559836506843567,411.5516662597656,0.7765591144561768,443.2263488769531,81.64427185058594,8
Flickr30K/3289429783.jpg,/content/Image_captioning_Local/Flickr30K/flickr30k_images/flickr30k_images/3289429783.jpg,person,0.9300722479820251,11.619937896728516,21.861600875854492,270.29534912109375,498.3321228027344,1
Flickr30K/3289433994.jpg,/content/Image_captioning_Local/Flickr30K/flickr30k_images/flickr30k_images/3289433994.jpg,dog,0.9086548686027527,122.26927185058594,99.83501434326172,311.8503723144531,426.3622741699219,4
Flickr30K/3289433994.jpg,/content/Image_captioning_Local/Flickr30K/flickr30k_images/flickr30k_images/3289433994.jpg,sports ball,0.6741956472396851,106.21377563476562,142.00381469726562,131.10113525390625,161.93167114257812,4
Flickr30K/3289433994.jpg,/content/Image_captioning_Local/Flickr30K/flickr30k_images/flickr30k_images/3289433994.jpg,dog,0.40551748871803284,70.50094604492188,88.24553680419922,192.32015991210938,408.3047790527344,4
Flickr30K/3289433994.jpg,/content/Image_captioning_Local/Flickr30K/flickr30k_images/flickr30k_images/3289433994.jpg,dog,0.29442334175109863,71.81898498535156,88.43811798095703,284.899658203125,411.3805847167969,4
Flickr30K/3289474362.jpg,/content/Image_captioning_Local/Flickr30K/flickr30k_images/flickr30k_images/3289474362.jpg,person,0.8430564999580383,157.77227783203125,116.23220825195312,230.5225830078125,328.8298034667969,7
Flickr30K/3289474362.jpg,/content/Image_captioning_Local/Flickr30K/flickr30k_images/flickr30k_images/3289474362.jpg,chair,0.7513805031776428,92.25179290771484,208.19654846191406,137.8902587890625,284.5789794921875,7
Flickr30K/3289474362.jpg,/content/Image_captioning_Local/Flickr30K/flickr30k_images/flickr30k_images/3289474362.jpg,chair,0.6494907140731812,29.885759353637695,205.36642456054688,82.06957244873047,287.8500061035156,7
Flickr30K/3289474362.jpg,/content/Image_captioning_Local/Flickr30K/flickr30k_images/flickr30k_images/3289474362.jpg,bottle,0.628804624080658,271.4602966308594,285.3830871582031,285.466064453125,322.6997375488281,7
Flickr30K/3289474362.jpg,/content/Image_captioning_Local/Flickr30K/flickr30k_images/flickr30k_images/3289474362.jpg,teddy bear,0.6019434332847595,404.52557373046875,155.70970153808594,426.2121276855469,185.67828369140625,7
Flickr30K/3289474362.jpg,/content/Image_captioning_Local/Flickr30K/flickr30k_images/flickr30k_images/3289474362.jpg,dining table,0.36197420954704285,55.80598068237305,210.05682373046875,115.89627075195312,221.256591796875,7
Flickr30K/3289474362.jpg,/content/Image_captioning_Local/Flickr30K/flickr30k_images/flickr30k_images/3289474362.jpg,dining table,0.34403008222579956,55.38836669921875,209.8915557861328,116.65615844726562,281.8863525390625,7
Flickr30K/3289817083.jpg,/content/Image_captioning_Local/Flickr30K/flickr30k_images/flickr30k_images/3289817083.jpg,horse,0.9285442233085632,171.59710693359375,62.53437805175781,498.771484375,328.6834716796875,7
Flickr30K/3289817083.jpg,/content/Image_captioning_Local/Flickr30K/flickr30k_images/flickr30k_images/3289817083.jpg,person,0.8198674917221069,0.5799531936645508,36.287261962890625,198.94692993164062,324.1497497558594,7
Flickr30K/3289817083.jpg,/content/Image_captioning_Local/Flickr30K/flickr30k_images/flickr30k_images/3289817083.jpg,person,0.519503116607666,0.1658797264099121,1.3543009757995605,131.5965576171875,328.51104736328125,7
Flickr30K/3289817083.jpg,/content/Image_captioning_Local/Flickr30K/flickr30k_images/flickr30k_images/3289817083.jpg,person,0.5084809064865112,427.4606628417969,52.437496185302734,480.86968994140625,156.30245971679688,7
Flickr30K/3289817083.jpg,/content/Image_captioning_Local/Flickr30K/flickr30k_images/flickr30k_images/3289817083.jpg,person,0.44846755266189575,428.0911865234375,52.714012145996094,480.4616394042969,116.52257537841797,7
Flickr30K/3289817083.jpg,/content/Image_captioning_Local/Flickr30K/flickr30k_images/flickr30k_images/3289817083.jpg,person,0.39069318771362305,161.96656799316406,105.0882339477539,251.80430603027344,327.7715148925781,7
Flickr30K/3289817083.jpg,/content/Image_captioning_Local/Flickr30K/flickr30k_images/flickr30k_images/3289817083.jpg,person,0.37942126393318176,167.39404296875,105.00513458251953,225.2705078125,150.5209503173828,7
Flickr30K/3289893683.jpg,/content/Image_captioning_Local/Flickr30K/flickr30k_images/flickr30k_images/3289893683.jpg,sports ball,0.9532439708709717,112.01994323730469,301.651611328125,212.69276428222656,401.5025634765625,9
Flickr30K/3289893683.jpg,/content/Image_captioning_Local/Flickr30K/flickr30k_images/flickr30k_images/3289893683.jpg,person,0.9018606543540955,0.30739307403564453,76.3589859008789,212.29600524902344,500.0,9
Flickr30K/3289893683.jpg,/content/Image_captioning_Local/Flickr30K/flickr30k_images/flickr30k_images/3289893683.jpg,person,0.8910747766494751,124.5604019165039,6.043148040771484,309.8280029296875,499.4022216796875,9
Flickr30K/3289893683.jpg,/content/Image_captioning_Local/Flickr30K/flickr30k_images/flickr30k_images/3289893683.jpg,person,0.7657526135444641,344.1903991699219,426.5569763183594,373.99359130859375,499.8830871582031,9
Flickr30K/3289893683.jpg,/content/Image_captioning_Local/Flickr30K/flickr30k_images/flickr30k_images/3289893683.jpg,person,0.7337647676467896,308.0785217285156,433.32537841796875,337.8311767578125,499.82501220703125,9
Flickr30K/3289893683.jpg,/content/Image_captioning_Local/Flickr30K/flickr30k_images/flickr30k_images/3289893683.jpg,person,0.4214811623096466,314.42327880859375,378.8825988769531,340.2336120605469,419.1885070800781,9
Flickr30K/3289893683.jpg,/content/Image_captioning_Local/Flickr30K/flickr30k_images/flickr30k_images/3289893683.jpg,person,0.35078442096710205,297.43035888671875,472.6776123046875,312.9557189941406,499.78350830078125,9
Flickr30K/3289893683.jpg,/content/Image_captioning_Local/Flickr30K/flickr30k_images/flickr30k_images/3289893683.jpg,person,0.33831852674484253,332.23388671875,447.9250793457031,353.9080505371094,499.7376403808594,9
Flickr30K/3289893683.jpg,/content/Image_captioning_Local/Flickr30K/flickr30k_images/flickr30k_images/3289893683.jpg,person,0.260763943195343,333.3612060546875,425.41436767578125,354.3913269042969,458.8196716308594,9
Flickr30K/3290025108.jpg,/content/Image_captioning_Local/Flickr30K/flickr30k_images/flickr30k_images/3290025108.jpg,person,0.8570635318756104,140.10467529296875,77.23532104492188,277.3468017578125,400.8548583984375,3
Flickr30K/3290025108.jpg,/content/Image_captioning_Local/Flickr30K/flickr30k_images/flickr30k_images/3290025108.jpg,skis,0.5283834934234619,41.126060485839844,189.67124938964844,214.23779296875,290.4542236328125,3
Flickr30K/3290025108.jpg,/content/Image_captioning_Local/Flickr30K/flickr30k_images/flickr30k_images/3290025108.jpg,snowboard,0.2955016493797302,40.42222595214844,189.91854858398438,213.57986450195312,289.2130432128906,3
Flickr30K/3290105461.jpg,/content/Image_captioning_Local/Flickr30K/flickr30k_images/flickr30k_images/3290105461.jpg,person,0.878816545009613,155.2623291015625,53.2597541809082,262.3294372558594,292.8716735839844,3
Flickr30K/3290105461.jpg,/content/Image_captioning_Local/Flickr30K/flickr30k_images/flickr30k_images/3290105461.jpg,sports ball,0.5533907413482666,326.3876037597656,65.94743347167969,338.48284912109375,77.9203872680664,3
Flickr30K/3290105461.jpg,/content/Image_captioning_Local/Flickr30K/flickr30k_images/flickr30k_images/3290105461.jpg,frisbee,0.3209376633167267,233.606201171875,69.0953369140625,274.9660949707031,110.23439025878906,3
Flickr30K/3290465391.jpg,/content/Image_captioning_Local/Flickr30K/flickr30k_images/flickr30k_images/3290465391.jpg,person,0.8853785991668701,112.34673309326172,147.0692138671875,225.9229736328125,313.2408752441406,3
Flickr30K/3290465391.jpg,/content/Image_captioning_Local/Flickr30K/flickr30k_images/flickr30k_images/3290465391.jpg,skateboard,0.5935961604118347,146.2421875,303.3888244628906,180.67555236816406,330.1176452636719,3
Flickr30K/3290465391.jpg,/content/Image_captioning_Local/Flickr30K/flickr30k_images/flickr30k_images/3290465391.jpg,skateboard,0.38481664657592773,147.15737915039062,311.34619140625,180.4332733154297,330.537841796875,3
Flickr30K/3290744071.jpg,/content/Image_captioning_Local/Flickr30K/flickr30k_images/flickr30k_images/3290744071.jpg,person,0.9073114395141602,19.658851623535156,71.5195083618164,150.6968994140625,402.1009826660156,9
Flickr30K/3290744071.jpg,/content/Image_captioning_Local/Flickr30K/flickr30k_images/flickr30k_images/3290744071.jpg,sports ball,0.8662306666374207,133.9520721435547,45.72935104370117,163.28981018066406,75.42296600341797,9
Flickr30K/3290744071.jpg,/content/Image_captioning_Local/Flickr30K/flickr30k_images/flickr30k_images/3290744071.jpg,person,0.846186637878418,214.23606872558594,103.73959350585938,287.4547424316406,437.1646728515625,9
Flickr30K/3290744071.jpg,/content/Image_captioning_Local/Flickr30K/flickr30k_images/flickr30k_images/3290744071.jpg,bird,0.6557106971740723,209.48672485351562,417.0445556640625,238.864990234375,449.87353515625,9
Flickr30K/3290744071.jpg,/content/Image_captioning_Local/Flickr30K/flickr30k_images/flickr30k_images/3290744071.jpg,person,0.6396501064300537,163.83445739746094,257.775390625,195.5270538330078,364.55126953125,9
Flickr30K/3290744071.jpg,/content/Image_captioning_Local/Flickr30K/flickr30k_images/flickr30k_images/3290744071.jpg,person,0.5625402927398682,26.383853912353516,285.74761962890625,46.0347900390625,300.63848876953125,9
Flickr30K/3290744071.jpg,/content/Image_captioning_Local/Flickr30K/flickr30k_images/flickr30k_images/3290744071.jpg,person,0.3923630118370056,117.54541015625,275.90838623046875,133.96090698242188,332.7054748535156,9
Flickr30K/3290744071.jpg,/content/Image_captioning_Local/Flickr30K/flickr30k_images/flickr30k_images/3290744071.jpg,person,0.27109166979789734,238.92483520507812,305.88494873046875,332.2825927734375,419.0705261230469,9
Flickr30K/3290744071.jpg,/content/Image_captioning_Local/Flickr30K/flickr30k_images/flickr30k_images/3290744071.jpg,tennis racket,0.2672761082649231,203.17340087890625,224.5778350830078,241.9400634765625,268.3067932128906,9
Flickr30K/3291255271.jpg,/content/Image_captioning_Local/Flickr30K/flickr30k_images/flickr30k_images/3291255271.jpg,baseball bat,0.907824695110321,186.64767456054688,182.69801330566406,273.5270690917969,432.8114013671875,2
Flickr30K/3291255271.jpg,/content/Image_captioning_Local/Flickr30K/flickr30k_images/flickr30k_images/3291255271.jpg,person,0.8708631992340088,61.67583465576172,58.061553955078125,355.0,425.7413330078125,2
Flickr30K/3291515826.jpg,/content/Image_captioning_Local/Flickr30K/flickr30k_images/flickr30k_images/3291515826.jpg,person,0.9343509078025818,385.224609375,88.11293029785156,499.7895202636719,301.21954345703125,5
Flickr30K/3291515826.jpg,/content/Image_captioning_Local/Flickr30K/flickr30k_images/flickr30k_images/3291515826.jpg,person,0.9336342811584473,134.24777221679688,67.2262191772461,271.0505065917969,295.6952209472656,5
Flickr30K/3291515826.jpg,/content/Image_captioning_Local/Flickr30K/flickr30k_images/flickr30k_images/3291515826.jpg,person,0.9205760955810547,39.45252227783203,92.60493469238281,171.54620361328125,298.7646179199219,5
Flickr30K/3291515826.jpg,/content/Image_captioning_Local/Flickr30K/flickr30k_images/flickr30k_images/3291515826.jpg,person,0.9137542843818665,254.31199645996094,93.52429962158203,363.4984130859375,293.39013671875,5
Flickr30K/3291515826.jpg,/content/Image_captioning_Local/Flickr30K/flickr30k_images/flickr30k_images/3291515826.jpg,person,0.6056511998176575,124.69215393066406,131.3906707763672,161.64669799804688,185.08863830566406,5
Flickr30K/3291587911.jpg,/content/Image_captioning_Local/Flickr30K/flickr30k_images/flickr30k_images/3291587911.jpg,dog,0.9018101096153259,49.003780364990234,198.33432006835938,331.98193359375,499.18255615234375,2
Flickr30K/3291587911.jpg,/content/Image_captioning_Local/Flickr30K/flickr30k_images/flickr30k_images/3291587911.jpg,person,0.8235982656478882,0.0,27.1420955657959,200.57530212402344,500.0,2
Flickr30K/3291979978.jpg,/content/Image_captioning_Local/Flickr30K/flickr30k_images/flickr30k_images/3291979978.jpg,person,0.9280487895011902,102.92401123046875,42.45011901855469,204.2378387451172,288.6382751464844,7
Flickr30K/3291979978.jpg,/content/Image_captioning_Local/Flickr30K/flickr30k_images/flickr30k_images/3291979978.jpg,person,0.9110686182975769,194.46978759765625,58.14533233642578,283.31585693359375,299.0621643066406,7
Flickr30K/3291979978.jpg,/content/Image_captioning_Local/Flickr30K/flickr30k_images/flickr30k_images/3291979978.jpg,person,0.9043241143226624,345.6362609863281,69.17133331298828,432.5591125488281,326.4183044433594,7
Flickr30K/3291979978.jpg,/content/Image_captioning_Local/Flickr30K/flickr30k_images/flickr30k_images/3291979978.jpg,snowboard,0.4966323971748352,335.51751708984375,304.8846130371094,429.8057556152344,332.3319396972656,7
Flickr30K/3291979978.jpg,/content/Image_captioning_Local/Flickr30K/flickr30k_images/flickr30k_images/3291979978.jpg,backpack,0.3770546615123749,417.85321044921875,114.29815673828125,448.41943359375,180.75341796875,7
Flickr30K/3291979978.jpg,/content/Image_captioning_Local/Flickr30K/flickr30k_images/flickr30k_images/3291979978.jpg,backpack,0.2759452760219574,128.76638793945312,77.40709686279297,188.0563507080078,147.87948608398438,7
Flickr30K/3291979978.jpg,/content/Image_captioning_Local/Flickr30K/flickr30k_images/flickr30k_images/3291979978.jpg,skis,0.2565823495388031,201.2387237548828,277.6661682128906,276.55792236328125,307.3044128417969,7
Flickr30K/3292016893.jpg,/content/Image_captioning_Local/Flickr30K/flickr30k_images/flickr30k_images/3292016893.jpg,dog,0.9386999011039734,1.1058568954467773,20.025300979614258,316.7014465332031,326.0932922363281,2
Flickr30K/3292016893.jpg,/content/Image_captioning_Local/Flickr30K/flickr30k_images/flickr30k_images/3292016893.jpg,dog,0.9092527031898499,295.7472229003906,74.08267211914062,437.4310607910156,253.5108642578125,2
Flickr30K/3292124758.jpg,/content/Image_captioning_Local/Flickr30K/flickr30k_images/flickr30k_images/3292124758.jpg,person,0.9148263335227966,226.51791381835938,126.30323028564453,282.3995056152344,283.2328186035156,5
Flickr30K/3292124758.jpg,/content/Image_captioning_Local/Flickr30K/flickr30k_images/flickr30k_images/3292124758.jpg,person,0.8037150502204895,0.0162661075592041,173.06103515625,14.115570068359375,207.20172119140625,5
Flickr30K/3292124758.jpg,/content/Image_captioning_Local/Flickr30K/flickr30k_images/flickr30k_images/3292124758.jpg,surfboard,0.7890869379043579,414.6181945800781,136.33604431152344,480.3921813964844,156.42404174804688,5
Flickr30K/3292124758.jpg,/content/Image_captioning_Local/Flickr30K/flickr30k_images/flickr30k_images/3292124758.jpg,person,0.7697547078132629,20.745288848876953,143.35614013671875,46.799312591552734,205.92098999023438,5
Flickr30K/3292124758.jpg,/content/Image_captioning_Local/Flickr30K/flickr30k_images/flickr30k_images/3292124758.jpg,person,0.6801283955574036,448.19427490234375,117.01844787597656,462.2272033691406,182.27171325683594,5
Flickr30K/3292176342.jpg,/content/Image_captioning_Local/Flickr30K/flickr30k_images/flickr30k_images/3292176342.jpg,person,0.9125648140907288,184.79647827148438,122.99003601074219,279.2572021484375,336.94366455078125,5
Flickr30K/3292176342.jpg,/content/Image_captioning_Local/Flickr30K/flickr30k_images/flickr30k_images/3292176342.jpg,person,0.8017053008079529,329.52093505859375,117.60173034667969,386.8791198730469,334.39569091796875,5
Flickr30K/3292176342.jpg,/content/Image_captioning_Local/Flickr30K/flickr30k_images/flickr30k_images/3292176342.jpg,car,0.7282588481903076,23.50764274597168,165.17428588867188,488.0745849609375,337.795654296875,5
Flickr30K/3292176342.jpg,/content/Image_captioning_Local/Flickr30K/flickr30k_images/flickr30k_images/3292176342.jpg,car,0.36765816807746887,0.11795759201049805,189.8682098388672,49.17192840576172,291.7936706542969,5
Flickr30K/3292176342.jpg,/content/Image_captioning_Local/Flickr30K/flickr30k_images/flickr30k_images/3292176342.jpg,person,0.26205745339393616,307.2568359375,181.20236206054688,356.50628662109375,334.31903076171875,5
Flickr30K/3292277400.jpg,/content/Image_captioning_Local/Flickr30K/flickr30k_images/flickr30k_images/3292277400.jpg,sheep,0.8229232430458069,66.48535919189453,52.548099517822266,331.0591735839844,288.73046875,2
Flickr30K/3292277400.jpg,/content/Image_captioning_Local/Flickr30K/flickr30k_images/flickr30k_images/3292277400.jpg,sheep,0.5777540802955627,275.2164001464844,90.55056762695312,399.5058898925781,289.8157958984375,2
Flickr30K/3292859458.jpg,/content/Image_captioning_Local/Flickr30K/flickr30k_images/flickr30k_images/3292859458.jpg,person,0.9348828196525574,48.21955490112305,100.0782470703125,218.62818908691406,331.4305725097656,9
Flickr30K/3292859458.jpg,/content/Image_captioning_Local/Flickr30K/flickr30k_images/flickr30k_images/3292859458.jpg,person,0.9288704991340637,212.8123321533203,90.01579284667969,401.48297119140625,331.04620361328125,9
Flickr30K/3292859458.jpg,/content/Image_captioning_Local/Flickr30K/flickr30k_images/flickr30k_images/3292859458.jpg,person,0.7700578570365906,259.7911376953125,86.07473754882812,344.0863952636719,314.3988037109375,9
Flickr30K/3292859458.jpg,/content/Image_captioning_Local/Flickr30K/flickr30k_images/flickr30k_images/3292859458.jpg,car,0.5668907165527344,476.93768310546875,54.02866744995117,499.838623046875,71.78105163574219,9
Flickr30K/3292859458.jpg,/content/Image_captioning_Local/Flickr30K/flickr30k_images/flickr30k_images/3292859458.jpg,car,0.4625278115272522,149.24264526367188,63.37835693359375,172.6285400390625,81.24546813964844,9
Flickr30K/3292859458.jpg,/content/Image_captioning_Local/Flickr30K/flickr30k_images/flickr30k_images/3292859458.jpg,car,0.3081219494342804,39.425575256347656,69.29762268066406,62.165714263916016,85.02976989746094,9
Flickr30K/3292859458.jpg,/content/Image_captioning_Local/Flickr30K/flickr30k_images/flickr30k_images/3292859458.jpg,car,0.29960566759109497,38.98663330078125,61.629878997802734,63.55295181274414,84.96085357666016,9
Flickr30K/3292859458.jpg,/content/Image_captioning_Local/Flickr30K/flickr30k_images/flickr30k_images/3292859458.jpg,car,0.254922091960907,397.94512939453125,56.930206298828125,424.0595703125,73.03776550292969,9
Flickr30K/3292859458.jpg,/content/Image_captioning_Local/Flickr30K/flickr30k_images/flickr30k_images/3292859458.jpg,car,0.2515762150287628,39.01051330566406,59.401798248291016,75.776611328125,84.35089874267578,9
Flickr30K/3293018193.jpg,/content/Image_captioning_Local/Flickr30K/flickr30k_images/flickr30k_images/3293018193.jpg,person,0.9101191163063049,161.37185668945312,202.67567443847656,249.5963592529297,386.1336364746094,5
Flickr30K/3293018193.jpg,/content/Image_captioning_Local/Flickr30K/flickr30k_images/flickr30k_images/3293018193.jpg,person,0.8787597417831421,86.87315368652344,257.2748107910156,158.5282745361328,343.316162109375,5
Flickr30K/3293018193.jpg,/content/Image_captioning_Local/Flickr30K/flickr30k_images/flickr30k_images/3293018193.jpg,backpack,0.8233981132507324,242.13404846191406,336.85821533203125,292.43597412109375,383.7635498046875,5
Flickr30K/3293018193.jpg,/content/Image_captioning_Local/Flickr30K/flickr30k_images/flickr30k_images/3293018193.jpg,skateboard,0.529999852180481,174.3614959716797,365.16314697265625,255.21109008789062,402.6885070800781,5
Flickr30K/3293018193.jpg,/content/Image_captioning_Local/Flickr30K/flickr30k_images/flickr30k_images/3293018193.jpg,suitcase,0.2923643887042999,57.0500373840332,342.9418029785156,176.37615966796875,412.8567199707031,5
Flickr30K/3293596075.jpg,/content/Image_captioning_Local/Flickr30K/flickr30k_images/flickr30k_images/3293596075.jpg,dog,0.8129392266273499,323.0634765625,155.52220153808594,420.831787109375,209.60450744628906,1
Flickr30K/3293633594.jpg,/content/Image_captioning_Local/Flickr30K/flickr30k_images/flickr30k_images/3293633594.jpg,chair,0.9244950413703918,0.019025802612304688,183.0127716064453,64.65177917480469,272.7590637207031,6
Flickr30K/3293633594.jpg,/content/Image_captioning_Local/Flickr30K/flickr30k_images/flickr30k_images/3293633594.jpg,chair,0.8947361707687378,350.0404968261719,168.25270080566406,402.7521667480469,223.20013427734375,6
Flickr30K/3293633594.jpg,/content/Image_captioning_Local/Flickr30K/flickr30k_images/flickr30k_images/3293633594.jpg,chair,0.8857501149177551,437.7745666503906,175.91128540039062,499.8408203125,266.08795166015625,6
Flickr30K/3293633594.jpg,/content/Image_captioning_Local/Flickr30K/flickr30k_images/flickr30k_images/3293633594.jpg,person,0.8666934370994568,140.798583984375,47.28384017944336,265.5777893066406,329.0024719238281,6
Flickr30K/3293633594.jpg,/content/Image_captioning_Local/Flickr30K/flickr30k_images/flickr30k_images/3293633594.jpg,chair,0.8346126079559326,378.97119140625,171.82493591308594,446.17767333984375,255.48887634277344,6
Flickr30K/3293633594.jpg,/content/Image_captioning_Local/Flickr30K/flickr30k_images/flickr30k_images/3293633594.jpg,person,0.755457878112793,248.15191650390625,98.56319427490234,381.2484130859375,329.1891174316406,6
Flickr30K/329363857.jpg,/content/Image_captioning_Local/Flickr30K/flickr30k_images/flickr30k_images/329363857.jpg,person,0.9164735674858093,132.24427795410156,193.35244750976562,222.7895965576172,379.1806640625,7
Flickr30K/329363857.jpg,/content/Image_captioning_Local/Flickr30K/flickr30k_images/flickr30k_images/329363857.jpg,person,0.916166365146637,194.1447296142578,190.8832550048828,311.1719970703125,458.1274108886719,7
Flickr30K/329363857.jpg,/content/Image_captioning_Local/Flickr30K/flickr30k_images/flickr30k_images/329363857.jpg,snowboard,0.7512044310569763,189.5382843017578,395.83551025390625,265.06329345703125,464.7168273925781,7
Flickr30K/329363857.jpg,/content/Image_captioning_Local/Flickr30K/flickr30k_images/flickr30k_images/329363857.jpg,traffic light,0.7371222972869873,19.344728469848633,193.40609741210938,24.368268966674805,203.55381774902344,7
Flickr30K/329363857.jpg,/content/Image_captioning_Local/Flickr30K/flickr30k_images/flickr30k_images/329363857.jpg,traffic light,0.5949466228485107,56.88755416870117,210.24847412109375,61.321022033691406,221.22784423828125,7
Flickr30K/329363857.jpg,/content/Image_captioning_Local/Flickr30K/flickr30k_images/flickr30k_images/329363857.jpg,car,0.5268422365188599,17.470073699951172,227.84283447265625,26.96607208251953,236.82696533203125,7
Flickr30K/329363857.jpg,/content/Image_captioning_Local/Flickr30K/flickr30k_images/flickr30k_images/329363857.jpg,skis,0.2657330632209778,135.9234619140625,359.9139099121094,183.53750610351562,384.1059265136719,7
Flickr30K/3293642024.jpg,/content/Image_captioning_Local/Flickr30K/flickr30k_images/flickr30k_images/3293642024.jpg,surfboard,0.9166694283485413,81.94464874267578,105.83013153076172,197.22848510742188,242.0004425048828,3
Flickr30K/3293642024.jpg,/content/Image_captioning_Local/Flickr30K/flickr30k_images/flickr30k_images/3293642024.jpg,person,0.8533035516738892,142.64332580566406,50.21118927001953,240.29345703125,180.5836944580078,3
Flickr30K/3293642024.jpg,/content/Image_captioning_Local/Flickr30K/flickr30k_images/flickr30k_images/3293642024.jpg,surfboard,0.31103986501693726,160.5740966796875,42.176414489746094,278.5211181640625,131.62387084960938,3
Flickr30K/3293751136.jpg,/content/Image_captioning_Local/Flickr30K/flickr30k_images/flickr30k_images/3293751136.jpg,car,0.9083631038665771,102.31373596191406,215.6013946533203,181.74545288085938,287.8228759765625,15
Flickr30K/3293751136.jpg,/content/Image_captioning_Local/Flickr30K/flickr30k_images/flickr30k_images/3293751136.jpg,person,0.8827080726623535,136.8028564453125,136.9723358154297,260.4626159667969,365.7334289550781,15
Flickr30K/3293751136.jpg,/content/Image_captioning_Local/Flickr30K/flickr30k_images/flickr30k_images/3293751136.jpg,car,0.8703905940055847,315.7308654785156,214.66665649414062,378.4795227050781,269.7718505859375,15
Flickr30K/3293751136.jpg,/content/Image_captioning_Local/Flickr30K/flickr30k_images/flickr30k_images/3293751136.jpg,person,0.8630870580673218,242.95204162597656,155.08580017089844,370.5406799316406,365.35235595703125,15
Flickr30K/3293751136.jpg,/content/Image_captioning_Local/Flickr30K/flickr30k_images/flickr30k_images/3293751136.jpg,car,0.7755868434906006,98.23432922363281,208.32342529296875,144.77662658691406,243.97879028320312,15
Flickr30K/3293751136.jpg,/content/Image_captioning_Local/Flickr30K/flickr30k_images/flickr30k_images/3293751136.jpg,parking meter,0.7070344686508179,41.54928207397461,228.3943634033203,55.87211227416992,279.519287109375,15
Flickr30K/3293751136.jpg,/content/Image_captioning_Local/Flickr30K/flickr30k_images/flickr30k_images/3293751136.jpg,car,0.5881840586662292,74.30936431884766,205.226318359375,115.66301727294922,242.34152221679688,15
Flickr30K/3293751136.jpg,/content/Image_captioning_Local/Flickr30K/flickr30k_images/flickr30k_images/3293751136.jpg,car,0.5876773595809937,63.547969818115234,212.75172424316406,83.20708465576172,236.12313842773438,15
Flickr30K/3293751136.jpg,/content/Image_captioning_Local/Flickr30K/flickr30k_images/flickr30k_images/3293751136.jpg,traffic light,0.39571189880371094,79.38749694824219,180.0139617919922,86.65478515625,189.26861572265625,15
Flickr30K/3293751136.jpg,/content/Image_captioning_Local/Flickr30K/flickr30k_images/flickr30k_images/3293751136.jpg,car,0.38656124472618103,74.33702087402344,206.19888305664062,95.52104187011719,241.62435913085938,15
Flickr30K/3293751136.jpg,/content/Image_captioning_Local/Flickr30K/flickr30k_images/flickr30k_images/3293751136.jpg,car,0.3489384055137634,7.98029899597168,183.13235473632812,33.44413757324219,246.09451293945312,15
Flickr30K/3293751136.jpg,/content/Image_captioning_Local/Flickr30K/flickr30k_images/flickr30k_images/3293751136.jpg,traffic light,0.28938737511634827,98.18292999267578,172.15953063964844,106.83621215820312,182.98611450195312,15
Flickr30K/3293751136.jpg,/content/Image_captioning_Local/Flickr30K/flickr30k_images/flickr30k_images/3293751136.jpg,truck,0.2779753506183624,7.720226287841797,183.030029296875,33.38096618652344,245.8721160888672,15
Flickr30K/3293751136.jpg,/content/Image_captioning_Local/Flickr30K/flickr30k_images/flickr30k_images/3293751136.jpg,car,0.27650830149650574,88.79949951171875,205.59034729003906,114.82997131347656,240.0096435546875,15
Flickr30K/3293751136.jpg,/content/Image_captioning_Local/Flickr30K/flickr30k_images/flickr30k_images/3293751136.jpg,bus,0.2684718072414398,7.933097839355469,182.3942413330078,33.236968994140625,245.55126953125,15
Flickr30K/3293751640.jpg,/content/Image_captioning_Local/Flickr30K/flickr30k_images/flickr30k_images/3293751640.jpg,person,0.9515189528465271,71.565673828125,118.78929138183594,312.4219055175781,498.4571533203125,1
Flickr30K/3293753378.jpg,/content/Image_captioning_Local/Flickr30K/flickr30k_images/flickr30k_images/3293753378.jpg,person,0.9142621755599976,269.19317626953125,18.221187591552734,389.83355712890625,256.6108703613281,5
Flickr30K/3293753378.jpg,/content/Image_captioning_Local/Flickr30K/flickr30k_images/flickr30k_images/3293753378.jpg,person,0.9087961316108704,56.6483268737793,44.539878845214844,260.36798095703125,328.5937805175781,5
Flickr30K/3293753378.jpg,/content/Image_captioning_Local/Flickr30K/flickr30k_images/flickr30k_images/3293753378.jpg,person,0.815672755241394,12.48633861541748,35.41421890258789,57.244361877441406,193.66688537597656,5
Flickr30K/3293753378.jpg,/content/Image_captioning_Local/Flickr30K/flickr30k_images/flickr30k_images/3293753378.jpg,remote,0.7192893028259277,313.9595642089844,149.8271942138672,348.8470458984375,165.95135498046875,5
Flickr30K/3293753378.jpg,/content/Image_captioning_Local/Flickr30K/flickr30k_images/flickr30k_images/3293753378.jpg,handbag,0.5686331391334534,45.462154388427734,235.5635223388672,69.72633361816406,330.41778564453125,5
Flickr30K/3293945284.jpg,/content/Image_captioning_Local/Flickr30K/flickr30k_images/flickr30k_images/3293945284.jpg,kite,0.8933811783790588,337.7229309082031,98.49710083007812,407.2710876464844,161.34109497070312,27
Flickr30K/3293945284.jpg,/content/Image_captioning_Local/Flickr30K/flickr30k_images/flickr30k_images/3293945284.jpg,kite,0.7861125469207764,18.168794631958008,118.52230834960938,64.3508529663086,184.65618896484375,27
Flickr30K/3293945284.jpg,/content/Image_captioning_Local/Flickr30K/flickr30k_images/flickr30k_images/3293945284.jpg,kite,0.7782171964645386,290.4282531738281,20.84103775024414,305.7635192871094,38.477622985839844,27
Flickr30K/3293945284.jpg,/content/Image_captioning_Local/Flickr30K/flickr30k_images/flickr30k_images/3293945284.jpg,person,0.7542415261268616,275.7076721191406,225.2755126953125,319.56878662109375,332.2395324707031,27
Flickr30K/3293945284.jpg,/content/Image_captioning_Local/Flickr30K/flickr30k_images/flickr30k_images/3293945284.jpg,person,0.6656379103660583,71.3623275756836,245.3836212158203,94.831787109375,294.10455322265625,27
Flickr30K/3293945284.jpg,/content/Image_captioning_Local/Flickr30K/flickr30k_images/flickr30k_images/3293945284.jpg,person,0.6578239798545837,257.7864074707031,249.0953369140625,277.3014221191406,310.49462890625,27
Flickr30K/3293945284.jpg,/content/Image_captioning_Local/Flickr30K/flickr30k_images/flickr30k_images/3293945284.jpg,kite,0.5700200200080872,369.195068359375,163.1497802734375,393.13507080078125,180.44972229003906,27
Flickr30K/3293945284.jpg,/content/Image_captioning_Local/Flickr30K/flickr30k_images/flickr30k_images/3293945284.jpg,kite,0.5362512469291687,365.775146484375,175.36874389648438,393.1891784667969,204.05145263671875,27
Flickr30K/3293945284.jpg,/content/Image_captioning_Local/Flickr30K/flickr30k_images/flickr30k_images/3293945284.jpg,person,0.49335211515426636,212.8654022216797,237.40267944335938,230.07302856445312,273.6750183105469,27
Flickr30K/3293945284.jpg,/content/Image_captioning_Local/Flickr30K/flickr30k_images/flickr30k_images/3293945284.jpg,kite,0.4755881726741791,220.93472290039062,183.1043243408203,266.3096008300781,207.49139404296875,27
Flickr30K/3293945284.jpg,/content/Image_captioning_Local/Flickr30K/flickr30k_images/flickr30k_images/3293945284.jpg,kite,0.4151092767715454,53.795921325683594,149.07208251953125,78.08556365966797,161.88693237304688,27
Flickr30K/3293945284.jpg,/content/Image_captioning_Local/Flickr30K/flickr30k_images/flickr30k_images/3293945284.jpg,person,0.40156954526901245,40.912349700927734,241.57228088378906,55.459434509277344,279.9513854980469,27
Flickr30K/3293945284.jpg,/content/Image_captioning_Local/Flickr30K/flickr30k_images/flickr30k_images/3293945284.jpg,kite,0.39029788970947266,489.3385009765625,74.45683288574219,499.8034362792969,80.74693298339844,27
Flickr30K/3293945284.jpg,/content/Image_captioning_Local/Flickr30K/flickr30k_images/flickr30k_images/3293945284.jpg,kite,0.38469836115837097,196.76673889160156,27.211688995361328,215.34317016601562,41.11564254760742,27
Flickr30K/3293945284.jpg,/content/Image_captioning_Local/Flickr30K/flickr30k_images/flickr30k_images/3293945284.jpg,person,0.35622289776802063,303.64947509765625,249.12210083007812,321.5877990722656,304.3345947265625,27
Flickr30K/3293945284.jpg,/content/Image_captioning_Local/Flickr30K/flickr30k_images/flickr30k_images/3293945284.jpg,person,0.33043092489242554,389.518798828125,284.6499938964844,406.5051574707031,308.1541442871094,27
Flickr30K/3293945284.jpg,/content/Image_captioning_Local/Flickr30K/flickr30k_images/flickr30k_images/3293945284.jpg,kite,0.3211773633956909,160.595458984375,162.40277099609375,176.3702392578125,174.67723083496094,27
Flickr30K/3293945284.jpg,/content/Image_captioning_Local/Flickr30K/flickr30k_images/flickr30k_images/3293945284.jpg,person,0.314686119556427,105.5959243774414,233.94381713867188,115.8131103515625,264.01763916015625,27
Flickr30K/3293945284.jpg,/content/Image_captioning_Local/Flickr30K/flickr30k_images/flickr30k_images/3293945284.jpg,person,0.31157371401786804,147.65493774414062,234.6749725341797,157.5826416015625,261.67913818359375,27
Flickr30K/3293945284.jpg,/content/Image_captioning_Local/Flickr30K/flickr30k_images/flickr30k_images/3293945284.jpg,person,0.3030833601951599,422.9905090332031,258.7488708496094,437.3316650390625,291.2331237792969,27
Flickr30K/3293945284.jpg,/content/Image_captioning_Local/Flickr30K/flickr30k_images/flickr30k_images/3293945284.jpg,kite,0.2975088059902191,478.3818359375,2.3966431617736816,493.5822448730469,13.73029899597168,27
Flickr30K/3293945284.jpg,/content/Image_captioning_Local/Flickr30K/flickr30k_images/flickr30k_images/3293945284.jpg,kite,0.29660269618034363,267.78082275390625,155.8499755859375,279.5528869628906,160.5843048095703,27
Flickr30K/3293945284.jpg,/content/Image_captioning_Local/Flickr30K/flickr30k_images/flickr30k_images/3293945284.jpg,person,0.294826477766037,202.3132781982422,228.45053100585938,210.7217254638672,252.25901794433594,27
Flickr30K/3293945284.jpg,/content/Image_captioning_Local/Flickr30K/flickr30k_images/flickr30k_images/3293945284.jpg,person,0.28954607248306274,173.8944091796875,206.84695434570312,183.6739959716797,227.92820739746094,27
Flickr30K/3293945284.jpg,/content/Image_captioning_Local/Flickr30K/flickr30k_images/flickr30k_images/3293945284.jpg,kite,0.27318963408470154,462.5104064941406,82.73985290527344,470.6240539550781,90.80159759521484,27
Flickr30K/3293945284.jpg,/content/Image_captioning_Local/Flickr30K/flickr30k_images/flickr30k_images/3293945284.jpg,kite,0.2591078579425812,338.9501647949219,55.42108917236328,351.36920166015625,63.44983673095703,27
Flickr30K/3293945284.jpg,/content/Image_captioning_Local/Flickr30K/flickr30k_images/flickr30k_images/3293945284.jpg,person,0.2566267251968384,334.06231689453125,278.035400390625,363.6119079589844,304.3236389160156,27
Flickr30K/3293974034.jpg,/content/Image_captioning_Local/Flickr30K/flickr30k_images/flickr30k_images/3293974034.jpg,person,0.7742413878440857,167.1931915283203,151.34434509277344,385.5476989746094,261.92315673828125,2
Flickr30K/3293974034.jpg,/content/Image_captioning_Local/Flickr30K/flickr30k_images/flickr30k_images/3293974034.jpg,person,0.4575803875923157,166.37319946289062,150.5351104736328,386.78216552734375,311.90557861328125,2
Flickr30K/3293979340.jpg,/content/Image_captioning_Local/Flickr30K/flickr30k_images/flickr30k_images/3293979340.jpg,person,0.9452909231185913,36.07683181762695,97.88379669189453,179.20162963867188,351.91668701171875,1
Flickr30K/3294179574.jpg,/content/Image_captioning_Local/Flickr30K/flickr30k_images/flickr30k_images/3294179574.jpg,person,0.9210477471351624,299.4583740234375,90.26885986328125,499.7447509765625,327.2325134277344,11
Flickr30K/3294179574.jpg,/content/Image_captioning_Local/Flickr30K/flickr30k_images/flickr30k_images/3294179574.jpg,person,0.8786326050758362,154.09188842773438,61.089778900146484,391.42193603515625,162.93179321289062,11
Flickr30K/3294179574.jpg,/content/Image_captioning_Local/Flickr30K/flickr30k_images/flickr30k_images/3294179574.jpg,cell phone,0.6467680931091309,289.3561706542969,168.5509033203125,322.2081604003906,206.1622314453125,11
Flickr30K/3294179574.jpg,/content/Image_captioning_Local/Flickr30K/flickr30k_images/flickr30k_images/3294179574.jpg,person,0.5967370271682739,208.3129425048828,194.9751434326172,248.00686645507812,283.84820556640625,11
Flickr30K/3294179574.jpg,/content/Image_captioning_Local/Flickr30K/flickr30k_images/flickr30k_images/3294179574.jpg,skateboard,0.5776749849319458,290.3212890625,45.44596862792969,395.6188659667969,89.7621841430664,11
Flickr30K/3294179574.jpg,/content/Image_captioning_Local/Flickr30K/flickr30k_images/flickr30k_images/3294179574.jpg,person,0.5471460819244385,112.60751342773438,232.1177978515625,144.85568237304688,281.7954406738281,11
Flickr30K/3294179574.jpg,/content/Image_captioning_Local/Flickr30K/flickr30k_images/flickr30k_images/3294179574.jpg,person,0.43407702445983887,393.8994445800781,174.6910858154297,430.9133605957031,232.68211364746094,11
Flickr30K/3294179574.jpg,/content/Image_captioning_Local/Flickr30K/flickr30k_images/flickr30k_images/3294179574.jpg,skateboard,0.3949989974498749,208.3870391845703,261.23138427734375,237.9011688232422,285.1709899902344,11
Flickr30K/3294179574.jpg,/content/Image_captioning_Local/Flickr30K/flickr30k_images/flickr30k_images/3294179574.jpg,person,0.3384242355823517,253.44407653808594,222.251220703125,286.404052734375,279.9897766113281,11
Flickr30K/3294179574.jpg,/content/Image_captioning_Local/Flickr30K/flickr30k_images/flickr30k_images/3294179574.jpg,person,0.28044843673706055,370.0411071777344,179.6326141357422,397.61126708984375,234.46006774902344,11
Flickr30K/3294179574.jpg,/content/Image_captioning_Local/Flickr30K/flickr30k_images/flickr30k_images/3294179574.jpg,person,0.26930421590805054,0.027301162481307983,252.20799255371094,11.125364303588867,284.9992370605469,11
Flickr30K/3294202771.jpg,/content/Image_captioning_Local/Flickr30K/flickr30k_images/flickr30k_images/3294202771.jpg,person,0.9414172768592834,237.25076293945312,95.16997528076172,495.06878662109375,259.0807800292969,1
Flickr30K/3294209955.jpg,/content/Image_captioning_Local/Flickr30K/flickr30k_images/flickr30k_images/3294209955.jpg,dog,0.9554968476295471,242.0154571533203,16.775596618652344,457.668701171875,284.74835205078125,1
Flickr30K/3294336227.jpg,/content/Image_captioning_Local/Flickr30K/flickr30k_images/flickr30k_images/3294336227.jpg,person,0.8904840350151062,159.25784301757812,113.25979614257812,193.73635864257812,181.80809020996094,1
Flickr30K/329456684.jpg,/content/Image_captioning_Local/Flickr30K/flickr30k_images/flickr30k_images/329456684.jpg,chair,0.9241704344749451,11.499852180480957,214.46694946289062,189.56858825683594,371.2121887207031,24
Flickr30K/329456684.jpg,/content/Image_captioning_Local/Flickr30K/flickr30k_images/flickr30k_images/329456684.jpg,chair,0.9098207950592041,176.42007446289062,205.7359619140625,308.9545593261719,370.945556640625,24
Flickr30K/329456684.jpg,/content/Image_captioning_Local/Flickr30K/flickr30k_images/flickr30k_images/329456684.jpg,chair,0.9004529714584351,348.0372619628906,266.5157775878906,499.61920166015625,372.40802001953125,24
Flickr30K/329456684.jpg,/content/Image_captioning_Local/Flickr30K/flickr30k_images/flickr30k_images/329456684.jpg,person,0.8536549806594849,257.3792419433594,60.32414245605469,409.38671875,281.8220520019531,24
Flickr30K/329456684.jpg,/content/Image_captioning_Local/Flickr30K/flickr30k_images/flickr30k_images/329456684.jpg,chair,0.812671959400177,210.26548767089844,174.29791259765625,251.12728881835938,195.12815856933594,24
Flickr30K/329456684.jpg,/content/Image_captioning_Local/Flickr30K/flickr30k_images/flickr30k_images/329456684.jpg,person,0.8046209812164307,47.72805404663086,1.414245367050171,75.3787612915039,82.80796813964844,24
Flickr30K/329456684.jpg,/content/Image_captioning_Local/Flickr30K/flickr30k_images/flickr30k_images/329456684.jpg,person,0.7936863899230957,0.2358660101890564,0.8566856384277344,22.068531036376953,84.82492065429688,24
Flickr30K/329456684.jpg,/content/Image_captioning_Local/Flickr30K/flickr30k_images/flickr30k_images/329456684.jpg,chair,0.730952799320221,293.8013000488281,202.84385681152344,371.9512023925781,351.0867004394531,24
Flickr30K/329456684.jpg,/content/Image_captioning_Local/Flickr30K/flickr30k_images/flickr30k_images/329456684.jpg,person,0.7105706930160522,20.26303482055664,12.628519058227539,36.90217208862305,39.85816192626953,24
Flickr30K/329456684.jpg,/content/Image_captioning_Local/Flickr30K/flickr30k_images/flickr30k_images/329456684.jpg,person,0.6987254619598389,89.98577880859375,16.760295867919922,113.45579528808594,81.71658325195312,24
Flickr30K/329456684.jpg,/content/Image_captioning_Local/Flickr30K/flickr30k_images/flickr30k_images/329456684.jpg,chair,0.6473711729049683,426.456787109375,241.56350708007812,499.4118347167969,324.5569152832031,24
Flickr30K/329456684.jpg,/content/Image_captioning_Local/Flickr30K/flickr30k_images/flickr30k_images/329456684.jpg,chair,0.6334244012832642,403.4371337890625,192.1780548095703,446.2658996582031,272.0584411621094,24
Flickr30K/329456684.jpg,/content/Image_captioning_Local/Flickr30K/flickr30k_images/flickr30k_images/329456684.jpg,chair,0.6279400587081909,150.91693115234375,175.40550231933594,204.2592315673828,198.91519165039062,24
Flickr30K/329456684.jpg,/content/Image_captioning_Local/Flickr30K/flickr30k_images/flickr30k_images/329456684.jpg,chair,0.5749735832214355,62.48820877075195,176.19459533691406,129.8431396484375,204.70822143554688,24
Flickr30K/329456684.jpg,/content/Image_captioning_Local/Flickr30K/flickr30k_images/flickr30k_images/329456684.jpg,chair,0.552722156047821,1.7007887363433838,178.2565155029297,32.070247650146484,204.71438598632812,24
Flickr30K/329456684.jpg,/content/Image_captioning_Local/Flickr30K/flickr30k_images/flickr30k_images/329456684.jpg,dining table,0.462266206741333,183.3787841796875,189.3648681640625,341.972412109375,214.98007202148438,24
Flickr30K/329456684.jpg,/content/Image_captioning_Local/Flickr30K/flickr30k_images/flickr30k_images/329456684.jpg,chair,0.436258465051651,432.2689208984375,182.00254821777344,470.50323486328125,249.08990478515625,24
Flickr30K/329456684.jpg,/content/Image_captioning_Local/Flickr30K/flickr30k_images/flickr30k_images/329456684.jpg,dining table,0.3865056037902832,1.7489314079284668,201.12918090820312,148.3685760498047,234.4849853515625,24
Flickr30K/329456684.jpg,/content/Image_captioning_Local/Flickr30K/flickr30k_images/flickr30k_images/329456684.jpg,person,0.37233489751815796,445.4299011230469,157.39869689941406,468.4262390136719,184.32211303710938,24
Flickr30K/329456684.jpg,/content/Image_captioning_Local/Flickr30K/flickr30k_images/flickr30k_images/329456684.jpg,dining table,0.3578868806362152,91.11466217041016,196.84999084472656,233.98342895507812,224.20433044433594,24
Flickr30K/329456684.jpg,/content/Image_captioning_Local/Flickr30K/flickr30k_images/flickr30k_images/329456684.jpg,chair,0.30442965030670166,467.28887939453125,198.19564819335938,499.73193359375,243.8120880126953,24
Flickr30K/329456684.jpg,/content/Image_captioning_Local/Flickr30K/flickr30k_images/flickr30k_images/329456684.jpg,chair,0.29022079706192017,0.748249888420105,177.9660186767578,32.23371887207031,265.1457824707031,24
Flickr30K/329456684.jpg,/content/Image_captioning_Local/Flickr30K/flickr30k_images/flickr30k_images/329456684.jpg,chair,0.26251527667045593,259.9419250488281,173.063232421875,299.65301513671875,192.23141479492188,24
Flickr30K/329456684.jpg,/content/Image_captioning_Local/Flickr30K/flickr30k_images/flickr30k_images/329456684.jpg,chair,0.254861444234848,151.52008056640625,175.59521484375,229.14686584472656,198.57562255859375,24
Flickr30K/3294717824.jpg,/content/Image_captioning_Local/Flickr30K/flickr30k_images/flickr30k_images/3294717824.jpg,person,0.9153176546096802,100.16526794433594,163.54904174804688,216.6576385498047,282.11431884765625,2
Flickr30K/3294717824.jpg,/content/Image_captioning_Local/Flickr30K/flickr30k_images/flickr30k_images/3294717824.jpg,surfboard,0.6897255778312683,82.6811294555664,270.97161865234375,137.74232482910156,291.1310729980469,2
Flickr30K/3294830188.jpg,/content/Image_captioning_Local/Flickr30K/flickr30k_images/flickr30k_images/3294830188.jpg,bird,0.8987550139427185,344.3116149902344,46.13592529296875,499.7156066894531,310.68829345703125,4
Flickr30K/3294830188.jpg,/content/Image_captioning_Local/Flickr30K/flickr30k_images/flickr30k_images/3294830188.jpg,bird,0.8713042736053467,35.0895881652832,39.03056335449219,206.03395080566406,254.87078857421875,4
Flickr30K/3294830188.jpg,/content/Image_captioning_Local/Flickr30K/flickr30k_images/flickr30k_images/3294830188.jpg,bird,0.3951820433139801,44.043052673339844,37.259613037109375,172.90232849121094,216.3057861328125,4
Flickr30K/3294830188.jpg,/content/Image_captioning_Local/Flickr30K/flickr30k_images/flickr30k_images/3294830188.jpg,bird,0.33391204476356506,35.350616455078125,163.298583984375,205.94076538085938,254.96136474609375,4
Flickr30K/3294952558.jpg,/content/Image_captioning_Local/Flickr30K/flickr30k_images/flickr30k_images/3294952558.jpg,sheep,0.8165348768234253,128.3486785888672,220.34454345703125,234.88650512695312,381.2897644042969,1
Flickr30K/3294964868.jpg,/content/Image_captioning_Local/Flickr30K/flickr30k_images/flickr30k_images/3294964868.jpg,person,0.8822113275527954,268.231689453125,82.44367980957031,352.018310546875,165.97647094726562,2
Flickr30K/3294964868.jpg,/content/Image_captioning_Local/Flickr30K/flickr30k_images/flickr30k_images/3294964868.jpg,skis,0.5987845063209534,213.61880493164062,119.55384826660156,387.2668762207031,202.13717651367188,2
Flickr30K/3295024992.jpg,/content/Image_captioning_Local/Flickr30K/flickr30k_images/flickr30k_images/3295024992.jpg,person,0.8321663737297058,223.633056640625,175.71774291992188,271.4972839355469,215.02609252929688,1
Flickr30K/3295391572.jpg,/content/Image_captioning_Local/Flickr30K/flickr30k_images/flickr30k_images/3295391572.jpg,person,0.923210084438324,258.3704833984375,1.7604827880859375,499.1873779296875,327.7865905761719,7
Flickr30K/3295391572.jpg,/content/Image_captioning_Local/Flickr30K/flickr30k_images/flickr30k_images/3295391572.jpg,person,0.8159158825874329,0.836026668548584,1.3045787811279297,151.6815948486328,325.96478271484375,7
Flickr30K/3295391572.jpg,/content/Image_captioning_Local/Flickr30K/flickr30k_images/flickr30k_images/3295391572.jpg,person,0.7569113969802856,182.6231231689453,0.9454727172851562,349.8489074707031,184.2620391845703,7
Flickr30K/3295391572.jpg,/content/Image_captioning_Local/Flickr30K/flickr30k_images/flickr30k_images/3295391572.jpg,person,0.6448665261268616,122.71974182128906,0.8794724941253662,243.26710510253906,193.83726501464844,7
Flickr30K/3295391572.jpg,/content/Image_captioning_Local/Flickr30K/flickr30k_images/flickr30k_images/3295391572.jpg,person,0.3852260410785675,124.281982421875,0.7458686828613281,216.69654846191406,111.67636108398438,7
Flickr30K/3295391572.jpg,/content/Image_captioning_Local/Flickr30K/flickr30k_images/flickr30k_images/3295391572.jpg,handbag,0.3789709210395813,7.714664936065674,221.55809020996094,155.15133666992188,329.5728759765625,7
Flickr30K/3295391572.jpg,/content/Image_captioning_Local/Flickr30K/flickr30k_images/flickr30k_images/3295391572.jpg,person,0.25083214044570923,462.3006896972656,0.6752252578735352,499.8810729980469,168.32485961914062,7
Flickr30K/3295418287.jpg,/content/Image_captioning_Local/Flickr30K/flickr30k_images/flickr30k_images/3295418287.jpg,person,0.9223880171775818,140.95298767089844,182.82322692871094,232.10504150390625,331.5047607421875,8
Flickr30K/3295418287.jpg,/content/Image_captioning_Local/Flickr30K/flickr30k_images/flickr30k_images/3295418287.jpg,person,0.8958738446235657,309.3279724121094,185.51416015625,427.0627136230469,330.9892578125,8
Flickr30K/3295418287.jpg,/content/Image_captioning_Local/Flickr30K/flickr30k_images/flickr30k_images/3295418287.jpg,person,0.8732834458351135,434.74072265625,200.35443115234375,499.78826904296875,331.5644226074219,8
Flickr30K/3295418287.jpg,/content/Image_captioning_Local/Flickr30K/flickr30k_images/flickr30k_images/3295418287.jpg,person,0.6969466209411621,403.5997314453125,188.9392852783203,471.9482421875,268.9292907714844,8
Flickr30K/3295418287.jpg,/content/Image_captioning_Local/Flickr30K/flickr30k_images/flickr30k_images/3295418287.jpg,person,0.5882965922355652,225.80313110351562,203.95750427246094,305.7103576660156,331.5253601074219,8
Flickr30K/3295418287.jpg,/content/Image_captioning_Local/Flickr30K/flickr30k_images/flickr30k_images/3295418287.jpg,person,0.49384796619415283,88.22598266601562,233.37649536132812,142.43247985839844,331.53448486328125,8
Flickr30K/3295418287.jpg,/content/Image_captioning_Local/Flickr30K/flickr30k_images/flickr30k_images/3295418287.jpg,backpack,0.40756574273109436,395.2304992675781,253.69662475585938,460.6210632324219,332.5264587402344,8
Flickr30K/3295418287.jpg,/content/Image_captioning_Local/Flickr30K/flickr30k_images/flickr30k_images/3295418287.jpg,person,0.34987691044807434,224.53648376464844,206.20016479492188,264.40618896484375,267.95440673828125,8
Flickr30K/3295452057.jpg,/content/Image_captioning_Local/Flickr30K/flickr30k_images/flickr30k_images/3295452057.jpg,dog,0.9616512656211853,118.34486389160156,89.59513854980469,342.84515380859375,288.3735656738281,4
Flickr30K/3295452057.jpg,/content/Image_captioning_Local/Flickr30K/flickr30k_images/flickr30k_images/3295452057.jpg,dog,0.9502530694007874,313.9040832519531,56.577659606933594,460.9067077636719,263.6248474121094,4
Flickr30K/3295452057.jpg,/content/Image_captioning_Local/Flickr30K/flickr30k_images/flickr30k_images/3295452057.jpg,person,0.854870617389679,302.45819091796875,33.596683502197266,326.86358642578125,94.3349609375,4
Flickr30K/3295452057.jpg,/content/Image_captioning_Local/Flickr30K/flickr30k_images/flickr30k_images/3295452057.jpg,person,0.849997878074646,260.6378173828125,33.474327087402344,283.68182373046875,95.144775390625,4
Flickr30K/3295671644.jpg,/content/Image_captioning_Local/Flickr30K/flickr30k_images/flickr30k_images/3295671644.jpg,dog,0.9528977870941162,188.1488494873047,141.70706176757812,352.7260437011719,354.11370849609375,1
Flickr30K/3295680663.jpg,/content/Image_captioning_Local/Flickr30K/flickr30k_images/flickr30k_images/3295680663.jpg,train,0.8937050700187683,0.5438804626464844,178.73199462890625,500.0,316.7648010253906,3
Flickr30K/3295680663.jpg,/content/Image_captioning_Local/Flickr30K/flickr30k_images/flickr30k_images/3295680663.jpg,person,0.8467937111854553,415.9472351074219,118.14413452148438,450.34368896484375,161.34396362304688,3
Flickr30K/3295680663.jpg,/content/Image_captioning_Local/Flickr30K/flickr30k_images/flickr30k_images/3295680663.jpg,bicycle,0.820743203163147,403.8748779296875,134.2000274658203,451.48822021484375,170.41036987304688,3
Flickr30K/3296124052.jpg,/content/Image_captioning_Local/Flickr30K/flickr30k_images/flickr30k_images/3296124052.jpg,person,0.9363753199577332,177.08116149902344,114.89730072021484,331.5064392089844,497.37591552734375,2
Flickr30K/3296124052.jpg,/content/Image_captioning_Local/Flickr30K/flickr30k_images/flickr30k_images/3296124052.jpg,person,0.26256826519966125,0.0,47.130191802978516,156.32723999023438,407.5521545410156,2
Flickr30K/3296150666.jpg,/content/Image_captioning_Local/Flickr30K/flickr30k_images/flickr30k_images/3296150666.jpg,truck,0.7987293004989624,43.688560485839844,0.4077911376953125,398.91827392578125,225.68106079101562,2
Flickr30K/3296150666.jpg,/content/Image_captioning_Local/Flickr30K/flickr30k_images/flickr30k_images/3296150666.jpg,car,0.6536506414413452,41.9581298828125,0.0,399.5942077636719,225.0396728515625,2
Flickr30K/3296226598.jpg,/content/Image_captioning_Local/Flickr30K/flickr30k_images/flickr30k_images/3296226598.jpg,person,0.9440463781356812,25.260448455810547,137.7596893310547,279.2929992675781,331.0388488769531,11
Flickr30K/3296226598.jpg,/content/Image_captioning_Local/Flickr30K/flickr30k_images/flickr30k_images/3296226598.jpg,person,0.8393877744674683,398.0306701660156,178.95211791992188,428.4233093261719,263.6227722167969,11
Flickr30K/3296226598.jpg,/content/Image_captioning_Local/Flickr30K/flickr30k_images/flickr30k_images/3296226598.jpg,person,0.8345823287963867,421.2490539550781,171.9960174560547,454.2264404296875,246.06199645996094,11
Flickr30K/3296226598.jpg,/content/Image_captioning_Local/Flickr30K/flickr30k_images/flickr30k_images/3296226598.jpg,person,0.8026153445243835,466.0268249511719,172.1912078857422,488.8393859863281,247.13389587402344,11
Flickr30K/3296226598.jpg,/content/Image_captioning_Local/Flickr30K/flickr30k_images/flickr30k_images/3296226598.jpg,person,0.7013832330703735,384.1021423339844,172.05352783203125,404.46258544921875,257.7611083984375,11
Flickr30K/3296226598.jpg,/content/Image_captioning_Local/Flickr30K/flickr30k_images/flickr30k_images/3296226598.jpg,person,0.5477357506752014,352.9529113769531,178.83953857421875,378.50299072265625,258.9793701171875,11
Flickr30K/3296226598.jpg,/content/Image_captioning_Local/Flickr30K/flickr30k_images/flickr30k_images/3296226598.jpg,person,0.3749321699142456,370.2328186035156,173.650390625,390.48895263671875,223.24859619140625,11
Flickr30K/3296226598.jpg,/content/Image_captioning_Local/Flickr30K/flickr30k_images/flickr30k_images/3296226598.jpg,handbag,0.3605739176273346,486.11273193359375,213.15744018554688,499.4739074707031,235.21449279785156,11
Flickr30K/3296226598.jpg,/content/Image_captioning_Local/Flickr30K/flickr30k_images/flickr30k_images/3296226598.jpg,person,0.34577956795692444,412.0072937011719,169.36827087402344,427.5724792480469,197.42117309570312,11
Flickr30K/3296226598.jpg,/content/Image_captioning_Local/Flickr30K/flickr30k_images/flickr30k_images/3296226598.jpg,person,0.31217318773269653,372.0429382324219,173.0113983154297,391.7062683105469,244.22865295410156,11
Flickr30K/3296226598.jpg,/content/Image_captioning_Local/Flickr30K/flickr30k_images/flickr30k_images/3296226598.jpg,handbag,0.2856989800930023,369.6002502441406,199.20306396484375,385.41717529296875,223.43458557128906,11
Flickr30K/3296500180.jpg,/content/Image_captioning_Local/Flickr30K/flickr30k_images/flickr30k_images/3296500180.jpg,person,0.8746470808982849,332.3838195800781,36.886260986328125,421.9167785644531,136.81512451171875,8
Flickr30K/3296500180.jpg,/content/Image_captioning_Local/Flickr30K/flickr30k_images/flickr30k_images/3296500180.jpg,car,0.8212406039237976,85.93292236328125,184.82504272460938,136.00238037109375,210.99366760253906,8
Flickr30K/3296500180.jpg,/content/Image_captioning_Local/Flickr30K/flickr30k_images/flickr30k_images/3296500180.jpg,car,0.7996056079864502,154.37953186035156,188.8826141357422,176.8810577392578,201.42738342285156,8
Flickr30K/3296500180.jpg,/content/Image_captioning_Local/Flickr30K/flickr30k_images/flickr30k_images/3296500180.jpg,car,0.7953527569770813,185.26930236816406,186.72695922851562,205.50274658203125,197.66416931152344,8
Flickr30K/3296500180.jpg,/content/Image_captioning_Local/Flickr30K/flickr30k_images/flickr30k_images/3296500180.jpg,car,0.7337716221809387,128.9969024658203,189.6645050048828,149.2805938720703,205.34939575195312,8
Flickr30K/3296500180.jpg,/content/Image_captioning_Local/Flickr30K/flickr30k_images/flickr30k_images/3296500180.jpg,car,0.6831817030906677,221.45957946777344,191.47161865234375,233.66517639160156,199.07469177246094,8
Flickr30K/3296500180.jpg,/content/Image_captioning_Local/Flickr30K/flickr30k_images/flickr30k_images/3296500180.jpg,motorcycle,0.5369166731834412,330.3915100097656,69.44849395751953,422.2803039550781,169.17999267578125,8
Flickr30K/3296500180.jpg,/content/Image_captioning_Local/Flickr30K/flickr30k_images/flickr30k_images/3296500180.jpg,car,0.39838287234306335,230.7079315185547,188.72134399414062,239.82200622558594,197.61387634277344,8
Flickr30K/3296584432.jpg,/content/Image_captioning_Local/Flickr30K/flickr30k_images/flickr30k_images/3296584432.jpg,person,0.9478052258491516,0.08516311645507812,40.16423034667969,102.7751235961914,319.29364013671875,3
Flickr30K/3296584432.jpg,/content/Image_captioning_Local/Flickr30K/flickr30k_images/flickr30k_images/3296584432.jpg,dog,0.9342756867408752,289.83050537109375,193.0552520751953,419.5542297363281,267.72357177734375,3
Flickr30K/3296584432.jpg,/content/Image_captioning_Local/Flickr30K/flickr30k_images/flickr30k_images/3296584432.jpg,handbag,0.36461561918258667,0.0,85.44683837890625,62.47792053222656,196.8395233154297,3
Flickr30K/3296715418.jpg,/content/Image_captioning_Local/Flickr30K/flickr30k_images/flickr30k_images/3296715418.jpg,dog,0.9492722749710083,32.076499938964844,39.20170211791992,432.42401123046875,377.1130065917969,1
Flickr30K/3297272270.jpg,/content/Image_captioning_Local/Flickr30K/flickr30k_images/flickr30k_images/3297272270.jpg,person,0.8997057676315308,173.37049865722656,71.68455505371094,304.11163330078125,334.7118835449219,4
Flickr30K/3297272270.jpg,/content/Image_captioning_Local/Flickr30K/flickr30k_images/flickr30k_images/3297272270.jpg,person,0.8168577551841736,322.5738525390625,57.294857025146484,457.77630615234375,321.670166015625,4
Flickr30K/3297272270.jpg,/content/Image_captioning_Local/Flickr30K/flickr30k_images/flickr30k_images/3297272270.jpg,person,0.7278536558151245,46.95100784301758,73.7453842163086,186.92626953125,375.8633117675781,4
Flickr30K/3297272270.jpg,/content/Image_captioning_Local/Flickr30K/flickr30k_images/flickr30k_images/3297272270.jpg,person,0.5504197478294373,144.691650390625,4.658138751983643,222.80499267578125,97.93220520019531,4
Flickr30K/3297323827.jpg,/content/Image_captioning_Local/Flickr30K/flickr30k_images/flickr30k_images/3297323827.jpg,person,0.7189579010009766,167.4771270751953,44.346595764160156,381.41632080078125,251.2805633544922,2
Flickr30K/3297323827.jpg,/content/Image_captioning_Local/Flickr30K/flickr30k_images/flickr30k_images/3297323827.jpg,person,0.25969892740249634,167.21031188964844,45.197105407714844,385.52655029296875,385.10540771484375,2
Flickr30K/3298106624.jpg,/content/Image_captioning_Local/Flickr30K/flickr30k_images/flickr30k_images/3298106624.jpg,person,0.9362182021141052,358.40643310546875,210.60400390625,481.6165771484375,372.63818359375,6
Flickr30K/3298106624.jpg,/content/Image_captioning_Local/Flickr30K/flickr30k_images/flickr30k_images/3298106624.jpg,person,0.9343666434288025,167.26292419433594,50.786136627197266,234.1400146484375,150.209228515625,6
Flickr30K/3298106624.jpg,/content/Image_captioning_Local/Flickr30K/flickr30k_images/flickr30k_images/3298106624.jpg,horse,0.7496567964553833,308.7309265136719,112.06491088867188,418.1479797363281,259.21728515625,6
Flickr30K/3298106624.jpg,/content/Image_captioning_Local/Flickr30K/flickr30k_images/flickr30k_images/3298106624.jpg,person,0.7417463064193726,425.17681884765625,155.93228149414062,471.81854248046875,279.483642578125,6
Flickr30K/3298106624.jpg,/content/Image_captioning_Local/Flickr30K/flickr30k_images/flickr30k_images/3298106624.jpg,person,0.3447357416152954,432.0154113769531,140.5991973876953,475.3042297363281,222.20101928710938,6
Flickr30K/3298106624.jpg,/content/Image_captioning_Local/Flickr30K/flickr30k_images/flickr30k_images/3298106624.jpg,truck,0.30919182300567627,83.69598388671875,131.31491088867188,411.3644714355469,310.05206298828125,6
Flickr30K/3298175192.jpg,/content/Image_captioning_Local/Flickr30K/flickr30k_images/flickr30k_images/3298175192.jpg,dog,0.7840017080307007,0.07191896438598633,8.499550819396973,288.27935791015625,399.0091552734375,1
Flickr30K/3298199743.jpg,/content/Image_captioning_Local/Flickr30K/flickr30k_images/flickr30k_images/3298199743.jpg,person,0.9296866059303284,52.43302536010742,9.013104438781738,234.5173797607422,321.320068359375,17
Flickr30K/3298199743.jpg,/content/Image_captioning_Local/Flickr30K/flickr30k_images/flickr30k_images/3298199743.jpg,person,0.718010663986206,40.77518081665039,349.66455078125,52.4988899230957,386.8764343261719,17
Flickr30K/3298199743.jpg,/content/Image_captioning_Local/Flickr30K/flickr30k_images/flickr30k_images/3298199743.jpg,person,0.7155691981315613,7.40283727645874,316.8643798828125,32.369529724121094,406.3619689941406,17
Flickr30K/3298199743.jpg,/content/Image_captioning_Local/Flickr30K/flickr30k_images/flickr30k_images/3298199743.jpg,person,0.7125547528266907,251.82595825195312,357.998291015625,262.5569763183594,391.35137939453125,17
Flickr30K/3298199743.jpg,/content/Image_captioning_Local/Flickr30K/flickr30k_images/flickr30k_images/3298199743.jpg,kite,0.698825478553772,20.130168914794922,71.3720474243164,33.483612060546875,78.98355865478516,17
Flickr30K/3298199743.jpg,/content/Image_captioning_Local/Flickr30K/flickr30k_images/flickr30k_images/3298199743.jpg,person,0.6307169198989868,261.3704833984375,358.0743408203125,272.5274963378906,391.3236083984375,17
Flickr30K/3298199743.jpg,/content/Image_captioning_Local/Flickr30K/flickr30k_images/flickr30k_images/3298199743.jpg,kite,0.5839929580688477,152.47879028320312,309.096435546875,158.45079040527344,318.34698486328125,17
Flickr30K/3298199743.jpg,/content/Image_captioning_Local/Flickr30K/flickr30k_images/flickr30k_images/3298199743.jpg,person,0.47176551818847656,89.87939453125,364.515869140625,95.79875183105469,378.40966796875,17
Flickr30K/3298199743.jpg,/content/Image_captioning_Local/Flickr30K/flickr30k_images/flickr30k_images/3298199743.jpg,person,0.45344671607017517,24.695384979248047,337.4892578125,39.0126838684082,385.9602355957031,17
Flickr30K/3298199743.jpg,/content/Image_captioning_Local/Flickr30K/flickr30k_images/flickr30k_images/3298199743.jpg,person,0.44723957777023315,72.00244903564453,365.83978271484375,78.92941284179688,381.29510498046875,17
Flickr30K/3298199743.jpg,/content/Image_captioning_Local/Flickr30K/flickr30k_images/flickr30k_images/3298199743.jpg,person,0.4166063070297241,243.72805786132812,359.039794921875,253.0952911376953,391.0497741699219,17
Flickr30K/3298199743.jpg,/content/Image_captioning_Local/Flickr30K/flickr30k_images/flickr30k_images/3298199743.jpg,person,0.4142664968967438,234.5791778564453,359.94525146484375,246.616455078125,391.1909484863281,17
Flickr30K/3298199743.jpg,/content/Image_captioning_Local/Flickr30K/flickr30k_images/flickr30k_images/3298199743.jpg,person,0.4086281657218933,23.74618148803711,317.6339111328125,39.20741271972656,386.306396484375,17
Flickr30K/3298199743.jpg,/content/Image_captioning_Local/Flickr30K/flickr30k_images/flickr30k_images/3298199743.jpg,person,0.4075153172016144,80.04559326171875,364.7241516113281,89.40859985351562,381.25634765625,17
Flickr30K/3298199743.jpg,/content/Image_captioning_Local/Flickr30K/flickr30k_images/flickr30k_images/3298199743.jpg,person,0.3275218605995178,274.74407958984375,362.03912353515625,288.6948547363281,390.4690246582031,17
Flickr30K/3298199743.jpg,/content/Image_captioning_Local/Flickr30K/flickr30k_images/flickr30k_images/3298199743.jpg,person,0.2837393283843994,183.98089599609375,368.5290222167969,191.00299072265625,380.2884216308594,17
Flickr30K/3298199743.jpg,/content/Image_captioning_Local/Flickr30K/flickr30k_images/flickr30k_images/3298199743.jpg,person,0.2510906457901001,109.57713317871094,366.5592346191406,116.8750991821289,378.51641845703125,17
Flickr30K/3298233193.jpg,/content/Image_captioning_Local/Flickr30K/flickr30k_images/flickr30k_images/3298233193.jpg,dog,0.9573618173599243,126.870361328125,78.69684600830078,378.76385498046875,335.4457092285156,2
Flickr30K/3298233193.jpg,/content/Image_captioning_Local/Flickr30K/flickr30k_images/flickr30k_images/3298233193.jpg,sports ball,0.8653175234794617,216.28024291992188,129.66244506835938,236.10679626464844,149.52464294433594,2
Flickr30K/329828970.jpg,/content/Image_captioning_Local/Flickr30K/flickr30k_images/flickr30k_images/329828970.jpg,person,0.9263549447059631,0.2981424331665039,94.04226684570312,241.59901428222656,370.84869384765625,3
Flickr30K/329828970.jpg,/content/Image_captioning_Local/Flickr30K/flickr30k_images/flickr30k_images/329828970.jpg,person,0.8909968733787537,299.94921875,96.74275207519531,456.6051025390625,313.84552001953125,3
Flickr30K/329828970.jpg,/content/Image_captioning_Local/Flickr30K/flickr30k_images/flickr30k_images/329828970.jpg,potted plant,0.350780189037323,123.71705627441406,43.87092590332031,383.8800964355469,370.76922607421875,3
Flickr30K/329832949.jpg,/content/Image_captioning_Local/Flickr30K/flickr30k_images/flickr30k_images/329832949.jpg,person,0.9277562499046326,76.61552429199219,133.1129913330078,283.798583984375,370.8682861328125,1
Flickr30K/329832952.jpg,/content/Image_captioning_Local/Flickr30K/flickr30k_images/flickr30k_images/329832952.jpg,person,0.8812010288238525,46.20750045776367,83.04586791992188,200.53477478027344,500.0,8
Flickr30K/329832952.jpg,/content/Image_captioning_Local/Flickr30K/flickr30k_images/flickr30k_images/329832952.jpg,person,0.8791632056236267,161.81869506835938,74.33867645263672,282.9873046875,497.8521423339844,8
Flickr30K/329832952.jpg,/content/Image_captioning_Local/Flickr30K/flickr30k_images/flickr30k_images/329832952.jpg,cup,0.7566052675247192,38.93935775756836,205.10313415527344,54.88693618774414,225.76553344726562,8
Flickr30K/329832952.jpg,/content/Image_captioning_Local/Flickr30K/flickr30k_images/flickr30k_images/329832952.jpg,chair,0.7296313643455505,0.0,351.7247314453125,43.965946197509766,463.73138427734375,8
Flickr30K/329832952.jpg,/content/Image_captioning_Local/Flickr30K/flickr30k_images/flickr30k_images/329832952.jpg,dining table,0.3881889581680298,0.17807483673095703,218.23377990722656,68.82215881347656,321.6424865722656,8
Flickr30K/329832952.jpg,/content/Image_captioning_Local/Flickr30K/flickr30k_images/flickr30k_images/329832952.jpg,potted plant,0.3759754002094269,0.05497932434082031,121.65036010742188,64.05520629882812,205.32846069335938,8
Flickr30K/329832952.jpg,/content/Image_captioning_Local/Flickr30K/flickr30k_images/flickr30k_images/329832952.jpg,person,0.2623506188392639,55.84931182861328,109.13736724853516,114.24324798583984,211.21583557128906,8
Flickr30K/329832952.jpg,/content/Image_captioning_Local/Flickr30K/flickr30k_images/flickr30k_images/329832952.jpg,person,0.2620849311351776,55.757286071777344,109.37852478027344,91.56217956542969,206.87696838378906,8
Flickr30K/329835313.jpg,/content/Image_captioning_Local/Flickr30K/flickr30k_images/flickr30k_images/329835313.jpg,person,0.9245991706848145,38.32929229736328,133.33038330078125,264.8358154296875,497.8122253417969,2
Flickr30K/329835313.jpg,/content/Image_captioning_Local/Flickr30K/flickr30k_images/flickr30k_images/329835313.jpg,bed,0.4891204833984375,0.0,228.14512634277344,374.3459167480469,497.6569519042969,2
Flickr30K/3298378599.jpg,/content/Image_captioning_Local/Flickr30K/flickr30k_images/flickr30k_images/3298378599.jpg,person,0.9135285019874573,196.12179565429688,98.16923522949219,421.4014892578125,305.67645263671875,2
Flickr30K/3298378599.jpg,/content/Image_captioning_Local/Flickr30K/flickr30k_images/flickr30k_images/3298378599.jpg,surfboard,0.28940659761428833,65.70481872558594,142.45872497558594,344.64617919921875,266.1038513183594,2
Flickr30K/3298457064.jpg,/content/Image_captioning_Local/Flickr30K/flickr30k_images/flickr30k_images/3298457064.jpg,person,0.8381588459014893,127.05938720703125,179.6028594970703,173.986083984375,279.2178955078125,4
Flickr30K/3298457064.jpg,/content/Image_captioning_Local/Flickr30K/flickr30k_images/flickr30k_images/3298457064.jpg,person,0.7310409545898438,181.7973175048828,152.7069091796875,234.01942443847656,222.93128967285156,4
Flickr30K/3298457064.jpg,/content/Image_captioning_Local/Flickr30K/flickr30k_images/flickr30k_images/3298457064.jpg,horse,0.6575776934623718,190.76548767089844,215.50030517578125,299.1296691894531,300.56451416015625,4
Flickr30K/3298457064.jpg,/content/Image_captioning_Local/Flickr30K/flickr30k_images/flickr30k_images/3298457064.jpg,horse,0.28635942935943604,190.63954162597656,213.92295837402344,342.8118591308594,301.5801696777344,4
Flickr30K/3298547199.jpg,/content/Image_captioning_Local/Flickr30K/flickr30k_images/flickr30k_images/3298547199.jpg,person,0.9407406449317932,5.926322937011719,102.3168716430664,190.99440002441406,419.2212219238281,5
Flickr30K/3298547199.jpg,/content/Image_captioning_Local/Flickr30K/flickr30k_images/flickr30k_images/3298547199.jpg,sports ball,0.600247859954834,260.3948974609375,19.945419311523438,333.0,127.65965270996094,5
Flickr30K/3298547199.jpg,/content/Image_captioning_Local/Flickr30K/flickr30k_images/flickr30k_images/3298547199.jpg,person,0.48781946301460266,158.10708618164062,65.92092895507812,318.1259765625,461.3084716796875,5
Flickr30K/3298547199.jpg,/content/Image_captioning_Local/Flickr30K/flickr30k_images/flickr30k_images/3298547199.jpg,car,0.4427303671836853,46.832130432128906,418.91827392578125,104.3651123046875,431.2691345214844,5
Flickr30K/3298547199.jpg,/content/Image_captioning_Local/Flickr30K/flickr30k_images/flickr30k_images/3298547199.jpg,bottle,0.38418692350387573,7.932782173156738,194.76051330566406,26.609588623046875,240.05322265625,5
