image_id,image_path,object_name,confidence,xmin,ymin,xmax,ymax,objects_detected
Flickr30K/28041138.jpg,/content/Image_captioning_Local/Flickr30K/flickr30k_images/flickr30k_images/28041138.jpg,person,0.9062587022781372,0.8152008056640625,28.024911880493164,311.3783264160156,494.6585998535156,1
Flickr30K/280435773.jpg,/content/Image_captioning_Local/Flickr30K/flickr30k_images/flickr30k_images/280435773.jpg,laptop,0.8461231589317322,154.60171508789062,211.3339385986328,276.1357727050781,306.4714050292969,3
Flickr30K/280435773.jpg,/content/Image_captioning_Local/Flickr30K/flickr30k_images/flickr30k_images/280435773.jpg,person,0.7243351936340332,107.50384521484375,92.55876159667969,280.1332092285156,327.2391357421875,3
Flickr30K/280435773.jpg,/content/Image_captioning_Local/Flickr30K/flickr30k_images/flickr30k_images/280435773.jpg,tie,0.25224336981773376,187.82650756835938,191.72372436523438,242.16075134277344,213.13934326171875,3
Flickr30K/2804374083.jpg,/content/Image_captioning_Local/Flickr30K/flickr30k_images/flickr30k_images/2804374083.jpg,person,0.904424786567688,75.5777816772461,14.189481735229492,354.4197998046875,473.65606689453125,3
Flickr30K/2804374083.jpg,/content/Image_captioning_Local/Flickr30K/flickr30k_images/flickr30k_images/2804374083.jpg,surfboard,0.7243050336837769,0.0,270.393310546875,498.5621337890625,487.8096008300781,3
Flickr30K/2804374083.jpg,/content/Image_captioning_Local/Flickr30K/flickr30k_images/flickr30k_images/2804374083.jpg,surfboard,0.60158371925354,0.37033557891845703,307.59735107421875,391.03802490234375,487.4798889160156,3
Flickr30K/2804851816.jpg,/content/Image_captioning_Local/Flickr30K/flickr30k_images/flickr30k_images/2804851816.jpg,dog,0.9023204445838928,255.821533203125,179.57798767089844,317.797119140625,312.3282775878906,1
Flickr30K/2804904604.jpg,/content/Image_captioning_Local/Flickr30K/flickr30k_images/flickr30k_images/2804904604.jpg,person,0.9556676745414734,0.0,54.38084411621094,353.1012878417969,497.53326416015625,1
Flickr30K/2805101709.jpg,/content/Image_captioning_Local/Flickr30K/flickr30k_images/flickr30k_images/2805101709.jpg,person,0.5849881768226624,6.479513645172119,152.22837829589844,21.229541778564453,192.98255920410156,6
Flickr30K/2805101709.jpg,/content/Image_captioning_Local/Flickr30K/flickr30k_images/flickr30k_images/2805101709.jpg,person,0.5515187382698059,98.64802551269531,169.75804138183594,343.6925964355469,315.3446044921875,6
Flickr30K/2805101709.jpg,/content/Image_captioning_Local/Flickr30K/flickr30k_images/flickr30k_images/2805101709.jpg,person,0.4391932487487793,98.61708068847656,167.98252868652344,343.27197265625,396.7010498046875,6
Flickr30K/2805101709.jpg,/content/Image_captioning_Local/Flickr30K/flickr30k_images/flickr30k_images/2805101709.jpg,person,0.4326443076133728,285.24664306640625,242.3463592529297,358.304931640625,323.68280029296875,6
Flickr30K/2805101709.jpg,/content/Image_captioning_Local/Flickr30K/flickr30k_images/flickr30k_images/2805101709.jpg,bench,0.4058610200881958,213.72799682617188,160.48570251464844,255.76748657226562,181.5049285888672,6
Flickr30K/2805101709.jpg,/content/Image_captioning_Local/Flickr30K/flickr30k_images/flickr30k_images/2805101709.jpg,person,0.2881906032562256,6.742703914642334,153.40252685546875,42.56020736694336,194.92984008789062,6
Flickr30K/280511194.jpg,/content/Image_captioning_Local/Flickr30K/flickr30k_images/flickr30k_images/280511194.jpg,person,0.763729989528656,63.08403015136719,138.8111572265625,130.74307250976562,248.6258544921875,9
Flickr30K/280511194.jpg,/content/Image_captioning_Local/Flickr30K/flickr30k_images/flickr30k_images/280511194.jpg,person,0.754077136516571,214.37200927734375,149.8587646484375,271.5221862792969,232.5236358642578,9
Flickr30K/280511194.jpg,/content/Image_captioning_Local/Flickr30K/flickr30k_images/flickr30k_images/280511194.jpg,person,0.5804123282432556,386.2267761230469,8.865904808044434,496.4797058105469,190.579345703125,9
Flickr30K/280511194.jpg,/content/Image_captioning_Local/Flickr30K/flickr30k_images/flickr30k_images/280511194.jpg,person,0.5543719530105591,159.35879516601562,153.0037841796875,183.19454956054688,200.8828125,9
Flickr30K/280511194.jpg,/content/Image_captioning_Local/Flickr30K/flickr30k_images/flickr30k_images/280511194.jpg,person,0.41252413392066956,123.67428588867188,148.6053924560547,142.358154296875,205.12042236328125,9
Flickr30K/280511194.jpg,/content/Image_captioning_Local/Flickr30K/flickr30k_images/flickr30k_images/280511194.jpg,person,0.39256784319877625,0.03478527069091797,111.19537353515625,49.998748779296875,206.25057983398438,9
Flickr30K/280511194.jpg,/content/Image_captioning_Local/Flickr30K/flickr30k_images/flickr30k_images/280511194.jpg,person,0.3257695734500885,0.0,111.64898681640625,49.89030456542969,258.1240234375,9
Flickr30K/280511194.jpg,/content/Image_captioning_Local/Flickr30K/flickr30k_images/flickr30k_images/280511194.jpg,person,0.30067476630210876,194.5091552734375,153.837158203125,233.6508331298828,227.9776153564453,9
Flickr30K/280511194.jpg,/content/Image_captioning_Local/Flickr30K/flickr30k_images/flickr30k_images/280511194.jpg,truck,0.26749953627586365,264.2956848144531,54.83794403076172,499.3143005371094,284.6001281738281,9
Flickr30K/2805576776.jpg,/content/Image_captioning_Local/Flickr30K/flickr30k_images/flickr30k_images/2805576776.jpg,chair,0.7943170070648193,320.7733459472656,220.59292602539062,495.3321533203125,331.1153564453125,16
Flickr30K/2805576776.jpg,/content/Image_captioning_Local/Flickr30K/flickr30k_images/flickr30k_images/2805576776.jpg,person,0.7046627402305603,128.4496612548828,185.919189453125,186.72901916503906,243.8265838623047,16
Flickr30K/2805576776.jpg,/content/Image_captioning_Local/Flickr30K/flickr30k_images/flickr30k_images/2805576776.jpg,person,0.6777256727218628,59.03248596191406,185.77127075195312,116.59571838378906,252.20938110351562,16
Flickr30K/2805576776.jpg,/content/Image_captioning_Local/Flickr30K/flickr30k_images/flickr30k_images/2805576776.jpg,person,0.5189505815505981,96.00154113769531,170.2739715576172,135.8008575439453,222.90611267089844,16
Flickr30K/2805576776.jpg,/content/Image_captioning_Local/Flickr30K/flickr30k_images/flickr30k_images/2805576776.jpg,umbrella,0.49178218841552734,4.153624057769775,157.51206970214844,39.188690185546875,219.74713134765625,16
Flickr30K/2805576776.jpg,/content/Image_captioning_Local/Flickr30K/flickr30k_images/flickr30k_images/2805576776.jpg,person,0.47690531611442566,280.64532470703125,195.6123809814453,414.2779846191406,300.94403076171875,16
Flickr30K/2805576776.jpg,/content/Image_captioning_Local/Flickr30K/flickr30k_images/flickr30k_images/2805576776.jpg,person,0.4501829445362091,0.0,115.17827606201172,31.996191024780273,214.16819763183594,16
Flickr30K/2805576776.jpg,/content/Image_captioning_Local/Flickr30K/flickr30k_images/flickr30k_images/2805576776.jpg,dining table,0.4444679915904999,414.6949768066406,186.14544677734375,499.35015869140625,224.1394500732422,16
Flickr30K/2805576776.jpg,/content/Image_captioning_Local/Flickr30K/flickr30k_images/flickr30k_images/2805576776.jpg,umbrella,0.437827467918396,70.78913116455078,91.9281234741211,134.96917724609375,117.7705078125,16
Flickr30K/2805576776.jpg,/content/Image_captioning_Local/Flickr30K/flickr30k_images/flickr30k_images/2805576776.jpg,person,0.42690524458885193,52.886451721191406,114.9296646118164,86.617919921875,212.03012084960938,16
Flickr30K/2805576776.jpg,/content/Image_captioning_Local/Flickr30K/flickr30k_images/flickr30k_images/2805576776.jpg,person,0.4241524934768677,250.44369506835938,161.16485595703125,340.1360168457031,250.92721557617188,16
Flickr30K/2805576776.jpg,/content/Image_captioning_Local/Flickr30K/flickr30k_images/flickr30k_images/2805576776.jpg,person,0.38654085993766785,396.1929931640625,197.33531188964844,461.97418212890625,270.5091247558594,16
Flickr30K/2805576776.jpg,/content/Image_captioning_Local/Flickr30K/flickr30k_images/flickr30k_images/2805576776.jpg,person,0.3858014643192291,358.7682189941406,288.4360656738281,499.6593017578125,332.9429016113281,16
Flickr30K/2805576776.jpg,/content/Image_captioning_Local/Flickr30K/flickr30k_images/flickr30k_images/2805576776.jpg,person,0.30913814902305603,291.3074951171875,108.8229751586914,316.79595947265625,148.823974609375,16
Flickr30K/2805576776.jpg,/content/Image_captioning_Local/Flickr30K/flickr30k_images/flickr30k_images/2805576776.jpg,person,0.29087403416633606,450.7884521484375,114.09867858886719,476.7371520996094,184.56082153320312,16
Flickr30K/2805576776.jpg,/content/Image_captioning_Local/Flickr30K/flickr30k_images/flickr30k_images/2805576776.jpg,bottle,0.26065531373023987,351.7547607421875,293.1814270019531,372.3760070800781,332.1712951660156,16
Flickr30K/2805822564.jpg,/content/Image_captioning_Local/Flickr30K/flickr30k_images/flickr30k_images/2805822564.jpg,person,0.9366240501403809,166.609619140625,118.71595764160156,274.91363525390625,308.523193359375,2
Flickr30K/2805822564.jpg,/content/Image_captioning_Local/Flickr30K/flickr30k_images/flickr30k_images/2805822564.jpg,person,0.8803296089172363,364.9385070800781,88.86862182617188,385.7307434082031,136.138916015625,2
Flickr30K/2805873509.jpg,/content/Image_captioning_Local/Flickr30K/flickr30k_images/flickr30k_images/2805873509.jpg,person,0.9089745283126831,301.8047790527344,116.26277160644531,430.7951354980469,345.1318359375,2
Flickr30K/2805873509.jpg,/content/Image_captioning_Local/Flickr30K/flickr30k_images/flickr30k_images/2805873509.jpg,backpack,0.763338029384613,357.2129821777344,138.45510864257812,424.2692565917969,208.21237182617188,2
Flickr30K/2806006698.jpg,/content/Image_captioning_Local/Flickr30K/flickr30k_images/flickr30k_images/2806006698.jpg,sports ball,0.906021773815155,96.281005859375,67.10260772705078,136.0670166015625,106.98169708251953,3
Flickr30K/2806006698.jpg,/content/Image_captioning_Local/Flickr30K/flickr30k_images/flickr30k_images/2806006698.jpg,person,0.7121850848197937,143.4714813232422,31.735944747924805,312.0968322753906,469.75921630859375,3
Flickr30K/2806006698.jpg,/content/Image_captioning_Local/Flickr30K/flickr30k_images/flickr30k_images/2806006698.jpg,person,0.6253668069839478,70.8637924194336,31.000328063964844,240.70599365234375,378.4081115722656,3
Flickr30K/280608840.jpg,/content/Image_captioning_Local/Flickr30K/flickr30k_images/flickr30k_images/280608840.jpg,person,0.9174847602844238,374.63446044921875,98.71063232421875,481.0105285644531,296.1930847167969,8
Flickr30K/280608840.jpg,/content/Image_captioning_Local/Flickr30K/flickr30k_images/flickr30k_images/280608840.jpg,chair,0.9172682762145996,426.80426025390625,169.802001953125,499.72344970703125,296.8741455078125,8
Flickr30K/280608840.jpg,/content/Image_captioning_Local/Flickr30K/flickr30k_images/flickr30k_images/280608840.jpg,person,0.9160122871398926,44.704734802246094,116.77973175048828,153.064697265625,293.537841796875,8
Flickr30K/280608840.jpg,/content/Image_captioning_Local/Flickr30K/flickr30k_images/flickr30k_images/280608840.jpg,person,0.8681753277778625,152.03192138671875,121.00071716308594,256.1885986328125,285.3313903808594,8
Flickr30K/280608840.jpg,/content/Image_captioning_Local/Flickr30K/flickr30k_images/flickr30k_images/280608840.jpg,chair,0.7978058457374573,20.74319076538086,176.70721435546875,107.78265380859375,294.7947998046875,8
Flickr30K/280608840.jpg,/content/Image_captioning_Local/Flickr30K/flickr30k_images/flickr30k_images/280608840.jpg,person,0.5743026733398438,314.06640625,123.87513732910156,394.3284912109375,282.8433837890625,8
Flickr30K/280608840.jpg,/content/Image_captioning_Local/Flickr30K/flickr30k_images/flickr30k_images/280608840.jpg,chair,0.4034601151943207,158.03549194335938,224.2339630126953,221.75213623046875,296.48260498046875,8
Flickr30K/280608840.jpg,/content/Image_captioning_Local/Flickr30K/flickr30k_images/flickr30k_images/280608840.jpg,chair,0.37368062138557434,280.00616455078125,211.09762573242188,349.48028564453125,296.8312683105469,8
Flickr30K/280614767.jpg,/content/Image_captioning_Local/Flickr30K/flickr30k_images/flickr30k_images/280614767.jpg,person,0.9082232713699341,121.79765319824219,98.65348052978516,224.9794921875,338.7164001464844,5
Flickr30K/280614767.jpg,/content/Image_captioning_Local/Flickr30K/flickr30k_images/flickr30k_images/280614767.jpg,person,0.47749683260917664,59.00313949584961,170.4500732421875,66.5199966430664,181.02027893066406,5
Flickr30K/280614767.jpg,/content/Image_captioning_Local/Flickr30K/flickr30k_images/flickr30k_images/280614767.jpg,person,0.46504127979278564,47.76469421386719,169.94102478027344,54.87800979614258,183.49879455566406,5
Flickr30K/280614767.jpg,/content/Image_captioning_Local/Flickr30K/flickr30k_images/flickr30k_images/280614767.jpg,person,0.40394866466522217,292.35748291015625,175.99278259277344,300.20098876953125,187.62619018554688,5
Flickr30K/280614767.jpg,/content/Image_captioning_Local/Flickr30K/flickr30k_images/flickr30k_images/280614767.jpg,person,0.26959311962127686,47.3643798828125,169.80075073242188,55.56263732910156,189.8136444091797,5
Flickr30K/2806447.jpg,/content/Image_captioning_Local/Flickr30K/flickr30k_images/flickr30k_images/2806447.jpg,person,0.8732854723930359,1.908552646636963,75.4332046508789,152.6873779296875,264.04937744140625,8
Flickr30K/2806447.jpg,/content/Image_captioning_Local/Flickr30K/flickr30k_images/flickr30k_images/2806447.jpg,person,0.764796257019043,219.03089904785156,73.25301361083984,438.91729736328125,286.11968994140625,8
Flickr30K/2806447.jpg,/content/Image_captioning_Local/Flickr30K/flickr30k_images/flickr30k_images/2806447.jpg,handbag,0.5474874973297119,80.97551727294922,208.99920654296875,173.302490234375,287.06060791015625,8
Flickr30K/2806447.jpg,/content/Image_captioning_Local/Flickr30K/flickr30k_images/flickr30k_images/2806447.jpg,skis,0.5224468111991882,215.1405792236328,66.88704681396484,500.0,257.575927734375,8
Flickr30K/2806447.jpg,/content/Image_captioning_Local/Flickr30K/flickr30k_images/flickr30k_images/2806447.jpg,baseball glove,0.38771501183509827,81.27958679199219,208.47659301757812,173.2133331298828,286.446044921875,8
Flickr30K/2806447.jpg,/content/Image_captioning_Local/Flickr30K/flickr30k_images/flickr30k_images/2806447.jpg,handbag,0.3075273633003235,20.401918411254883,209.3031005859375,84.85181427001953,289.5885925292969,8
Flickr30K/2806447.jpg,/content/Image_captioning_Local/Flickr30K/flickr30k_images/flickr30k_images/2806447.jpg,person,0.30081719160079956,391.3509826660156,110.47562408447266,403.6742248535156,127.61331939697266,8
Flickr30K/2806447.jpg,/content/Image_captioning_Local/Flickr30K/flickr30k_images/flickr30k_images/2806447.jpg,handbag,0.2821202576160431,442.88568115234375,261.1968078613281,492.52520751953125,300.412353515625,8
Flickr30K/2806632713.jpg,/content/Image_captioning_Local/Flickr30K/flickr30k_images/flickr30k_images/2806632713.jpg,person,0.9305807948112488,171.1947479248047,119.33131408691406,364.3021545410156,239.9974365234375,1
Flickr30K/280667538.jpg,/content/Image_captioning_Local/Flickr30K/flickr30k_images/flickr30k_images/280667538.jpg,person,0.9138604998588562,198.40650939941406,202.1920623779297,319.67401123046875,464.7985534667969,12
Flickr30K/280667538.jpg,/content/Image_captioning_Local/Flickr30K/flickr30k_images/flickr30k_images/280667538.jpg,person,0.5827888250350952,310.86297607421875,266.4984130859375,343.3745422363281,316.50238037109375,12
Flickr30K/280667538.jpg,/content/Image_captioning_Local/Flickr30K/flickr30k_images/flickr30k_images/280667538.jpg,person,0.5719298124313354,33.372615814208984,256.6231689453125,55.1492919921875,298.4862365722656,12
Flickr30K/280667538.jpg,/content/Image_captioning_Local/Flickr30K/flickr30k_images/flickr30k_images/280667538.jpg,person,0.5456693768501282,112.12014770507812,166.59898376464844,200.9224395751953,375.8029479980469,12
Flickr30K/280667538.jpg,/content/Image_captioning_Local/Flickr30K/flickr30k_images/flickr30k_images/280667538.jpg,horse,0.5199742913246155,106.54345703125,236.27691650390625,223.944091796875,444.35552978515625,12
Flickr30K/280667538.jpg,/content/Image_captioning_Local/Flickr30K/flickr30k_images/flickr30k_images/280667538.jpg,person,0.4774371087551117,11.027169227600098,263.6521911621094,48.568119049072266,309.8624572753906,12
Flickr30K/280667538.jpg,/content/Image_captioning_Local/Flickr30K/flickr30k_images/flickr30k_images/280667538.jpg,person,0.3069726228713989,310.4345397949219,266.0622253417969,344.5662536621094,367.4411315917969,12
Flickr30K/280667538.jpg,/content/Image_captioning_Local/Flickr30K/flickr30k_images/flickr30k_images/280667538.jpg,person,0.30582061409950256,48.0931282043457,259.2413330078125,81.88099670410156,345.9264221191406,12
Flickr30K/280667538.jpg,/content/Image_captioning_Local/Flickr30K/flickr30k_images/flickr30k_images/280667538.jpg,person,0.2922395169734955,335.5908508300781,245.9798126220703,364.51702880859375,286.569580078125,12
Flickr30K/280667538.jpg,/content/Image_captioning_Local/Flickr30K/flickr30k_images/flickr30k_images/280667538.jpg,person,0.2908725440502167,342.55780029296875,270.8954162597656,364.3074035644531,318.17852783203125,12
Flickr30K/280667538.jpg,/content/Image_captioning_Local/Flickr30K/flickr30k_images/flickr30k_images/280667538.jpg,person,0.26942235231399536,107.04449462890625,167.29244995117188,221.31442260742188,441.77374267578125,12
Flickr30K/280667538.jpg,/content/Image_captioning_Local/Flickr30K/flickr30k_images/flickr30k_images/280667538.jpg,person,0.2686484754085541,86.35115814208984,261.5242614746094,116.63560485839844,306.4691162109375,12
Flickr30K/2806694193.jpg,/content/Image_captioning_Local/Flickr30K/flickr30k_images/flickr30k_images/2806694193.jpg,bench,0.868751585483551,0.07384419441223145,257.2959899902344,57.866455078125,389.8253479003906,15
Flickr30K/2806694193.jpg,/content/Image_captioning_Local/Flickr30K/flickr30k_images/flickr30k_images/2806694193.jpg,person,0.8380461931228638,5.904650688171387,55.88252639770508,227.42115783691406,366.763671875,15
Flickr30K/2806694193.jpg,/content/Image_captioning_Local/Flickr30K/flickr30k_images/flickr30k_images/2806694193.jpg,person,0.8126947283744812,126.44644165039062,0.489652156829834,305.3367004394531,362.8861083984375,15
Flickr30K/2806694193.jpg,/content/Image_captioning_Local/Flickr30K/flickr30k_images/flickr30k_images/2806694193.jpg,person,0.703325629234314,478.7642517089844,186.47608947753906,500.0,232.57632446289062,15
Flickr30K/2806694193.jpg,/content/Image_captioning_Local/Flickr30K/flickr30k_images/flickr30k_images/2806694193.jpg,car,0.5766090154647827,401.96295166015625,149.82443237304688,426.9574279785156,164.88528442382812,15
Flickr30K/2806694193.jpg,/content/Image_captioning_Local/Flickr30K/flickr30k_images/flickr30k_images/2806694193.jpg,bench,0.5681750774383545,464.6332702636719,209.13043212890625,499.6506652832031,252.17051696777344,15
Flickr30K/2806694193.jpg,/content/Image_captioning_Local/Flickr30K/flickr30k_images/flickr30k_images/2806694193.jpg,truck,0.5549856424331665,0.0,164.75238037109375,52.18814468383789,197.16610717773438,15
Flickr30K/2806694193.jpg,/content/Image_captioning_Local/Flickr30K/flickr30k_images/flickr30k_images/2806694193.jpg,car,0.47598519921302795,421.25225830078125,144.8658905029297,439.13287353515625,159.11264038085938,15
Flickr30K/2806694193.jpg,/content/Image_captioning_Local/Flickr30K/flickr30k_images/flickr30k_images/2806694193.jpg,car,0.46934452652931213,5.94857931137085,179.2794647216797,120.89837646484375,233.35804748535156,15
Flickr30K/2806694193.jpg,/content/Image_captioning_Local/Flickr30K/flickr30k_images/flickr30k_images/2806694193.jpg,truck,0.4152507781982422,6.364750862121582,179.71478271484375,120.81184387207031,233.45584106445312,15
Flickr30K/2806694193.jpg,/content/Image_captioning_Local/Flickr30K/flickr30k_images/flickr30k_images/2806694193.jpg,person,0.4014485478401184,413.3533020019531,175.07789611816406,424.1474609375,204.2562713623047,15
Flickr30K/2806694193.jpg,/content/Image_captioning_Local/Flickr30K/flickr30k_images/flickr30k_images/2806694193.jpg,person,0.37998640537261963,394.1932678222656,173.3496856689453,413.0507507324219,204.38604736328125,15
Flickr30K/2806694193.jpg,/content/Image_captioning_Local/Flickr30K/flickr30k_images/flickr30k_images/2806694193.jpg,car,0.3442190885543823,0.035822391510009766,193.74766540527344,8.800186157226562,238.34242248535156,15
Flickr30K/2806694193.jpg,/content/Image_captioning_Local/Flickr30K/flickr30k_images/flickr30k_images/2806694193.jpg,car,0.3120947778224945,0.040891021490097046,193.11489868164062,10.74791145324707,228.77870178222656,15
Flickr30K/2806694193.jpg,/content/Image_captioning_Local/Flickr30K/flickr30k_images/flickr30k_images/2806694193.jpg,car,0.2921006679534912,457.9900207519531,178.64389038085938,499.79681396484375,202.51779174804688,15
Flickr30K/2806710650.jpg,/content/Image_captioning_Local/Flickr30K/flickr30k_images/flickr30k_images/2806710650.jpg,person,0.9121201038360596,192.5437469482422,140.41636657714844,243.8487548828125,308.6776428222656,1
Flickr30K/2807030070.jpg,/content/Image_captioning_Local/Flickr30K/flickr30k_images/flickr30k_images/2807030070.jpg,person,0.9279414415359497,413.1084899902344,182.85269165039062,460.4019775390625,295.4393005371094,4
Flickr30K/2807030070.jpg,/content/Image_captioning_Local/Flickr30K/flickr30k_images/flickr30k_images/2807030070.jpg,tie,0.4804762601852417,437.4292297363281,201.24459838867188,441.31353759765625,219.03038024902344,4
Flickr30K/2807030070.jpg,/content/Image_captioning_Local/Flickr30K/flickr30k_images/flickr30k_images/2807030070.jpg,tie,0.3485817015171051,437.4964294433594,201.11398315429688,442.7196960449219,219.75537109375,4
Flickr30K/2807030070.jpg,/content/Image_captioning_Local/Flickr30K/flickr30k_images/flickr30k_images/2807030070.jpg,tie,0.2538490891456604,436.6944885253906,200.97750854492188,440.87548828125,217.5728759765625,4
Flickr30K/280706862.jpg,/content/Image_captioning_Local/Flickr30K/flickr30k_images/flickr30k_images/280706862.jpg,dog,0.856111466884613,140.6975555419922,71.6340560913086,317.31640625,352.9471740722656,2
Flickr30K/280706862.jpg,/content/Image_captioning_Local/Flickr30K/flickr30k_images/flickr30k_images/280706862.jpg,frisbee,0.554680347442627,160.84124755859375,242.1863555908203,229.0243682861328,299.7037048339844,2
Flickr30K/2807177340.jpg,/content/Image_captioning_Local/Flickr30K/flickr30k_images/flickr30k_images/2807177340.jpg,person,0.9109017252922058,154.1099853515625,56.80792236328125,262.5449523925781,241.3564910888672,9
Flickr30K/2807177340.jpg,/content/Image_captioning_Local/Flickr30K/flickr30k_images/flickr30k_images/2807177340.jpg,car,0.6526250243186951,333.664306640625,131.6783905029297,361.4694519042969,144.22616577148438,9
Flickr30K/2807177340.jpg,/content/Image_captioning_Local/Flickr30K/flickr30k_images/flickr30k_images/2807177340.jpg,skateboard,0.6315643191337585,166.53253173828125,233.63284301757812,277.552978515625,265.6388244628906,9
Flickr30K/2807177340.jpg,/content/Image_captioning_Local/Flickr30K/flickr30k_images/flickr30k_images/2807177340.jpg,person,0.628512978553772,84.0243911743164,149.69129943847656,98.69609832763672,170.36370849609375,9
Flickr30K/2807177340.jpg,/content/Image_captioning_Local/Flickr30K/flickr30k_images/flickr30k_images/2807177340.jpg,person,0.5967838764190674,63.78746032714844,139.2467041015625,75.90910339355469,172.46670532226562,9
Flickr30K/2807177340.jpg,/content/Image_captioning_Local/Flickr30K/flickr30k_images/flickr30k_images/2807177340.jpg,car,0.3963603973388672,17.32294273376465,141.5405731201172,41.325714111328125,150.57940673828125,9
Flickr30K/2807177340.jpg,/content/Image_captioning_Local/Flickr30K/flickr30k_images/flickr30k_images/2807177340.jpg,car,0.3296603858470917,32.66032791137695,143.83790588378906,42.12224578857422,149.50244140625,9
Flickr30K/2807177340.jpg,/content/Image_captioning_Local/Flickr30K/flickr30k_images/flickr30k_images/2807177340.jpg,car,0.3293095827102661,333.34942626953125,131.25352478027344,374.6369323730469,144.41494750976562,9
Flickr30K/2807177340.jpg,/content/Image_captioning_Local/Flickr30K/flickr30k_images/flickr30k_images/2807177340.jpg,car,0.3015100359916687,164.89073181152344,137.0555419921875,187.9678192138672,143.31436157226562,9
Flickr30K/2807209904.jpg,/content/Image_captioning_Local/Flickr30K/flickr30k_images/flickr30k_images/2807209904.jpg,person,0.9313895106315613,83.218017578125,313.1720886230469,239.58071899414062,499.6054992675781,10
Flickr30K/2807209904.jpg,/content/Image_captioning_Local/Flickr30K/flickr30k_images/flickr30k_images/2807209904.jpg,person,0.9081240296363831,0.0,318.31475830078125,56.81259536743164,499.6498107910156,10
Flickr30K/2807209904.jpg,/content/Image_captioning_Local/Flickr30K/flickr30k_images/flickr30k_images/2807209904.jpg,person,0.8859423398971558,188.091796875,298.98187255859375,279.4877624511719,498.7698669433594,10
Flickr30K/2807209904.jpg,/content/Image_captioning_Local/Flickr30K/flickr30k_images/flickr30k_images/2807209904.jpg,person,0.7507501840591431,160.12046813964844,316.1400451660156,184.7197723388672,358.7639465332031,10
Flickr30K/2807209904.jpg,/content/Image_captioning_Local/Flickr30K/flickr30k_images/flickr30k_images/2807209904.jpg,person,0.5922268033027649,48.55258560180664,308.7857360839844,93.5199966430664,500.0,10
Flickr30K/2807209904.jpg,/content/Image_captioning_Local/Flickr30K/flickr30k_images/flickr30k_images/2807209904.jpg,person,0.5110892057418823,18.85421371459961,312.0948791503906,68.39554595947266,499.5680847167969,10
Flickr30K/2807209904.jpg,/content/Image_captioning_Local/Flickr30K/flickr30k_images/flickr30k_images/2807209904.jpg,backpack,0.5041157603263855,113.62061309814453,354.8337097167969,220.41201782226562,499.7291564941406,10
Flickr30K/2807209904.jpg,/content/Image_captioning_Local/Flickr30K/flickr30k_images/flickr30k_images/2807209904.jpg,person,0.46122199296951294,19.53272819519043,312.6236877441406,67.12775421142578,443.63861083984375,10
Flickr30K/2807209904.jpg,/content/Image_captioning_Local/Flickr30K/flickr30k_images/flickr30k_images/2807209904.jpg,person,0.3048222064971924,81.39653015136719,310.36260986328125,101.54562377929688,365.9337158203125,10
Flickr30K/2807209904.jpg,/content/Image_captioning_Local/Flickr30K/flickr30k_images/flickr30k_images/2807209904.jpg,person,0.28182563185691833,138.5216522216797,302.7330322265625,161.64515686035156,325.63970947265625,10
Flickr30K/2807228428.jpg,/content/Image_captioning_Local/Flickr30K/flickr30k_images/flickr30k_images/2807228428.jpg,person,0.7005842328071594,135.1258087158203,86.13274383544922,197.82278442382812,174.12503051757812,1
Flickr30K/2807380242.jpg,/content/Image_captioning_Local/Flickr30K/flickr30k_images/flickr30k_images/2807380242.jpg,person,0.7836087942123413,290.60980224609375,83.46345520019531,353.0210876464844,220.57640075683594,16
Flickr30K/2807380242.jpg,/content/Image_captioning_Local/Flickr30K/flickr30k_images/flickr30k_images/2807380242.jpg,person,0.6984729766845703,266.09820556640625,162.8975830078125,441.65020751953125,330.8543701171875,16
Flickr30K/2807380242.jpg,/content/Image_captioning_Local/Flickr30K/flickr30k_images/flickr30k_images/2807380242.jpg,person,0.6881793141365051,106.82846069335938,157.16909790039062,182.24925231933594,248.83447265625,16
Flickr30K/2807380242.jpg,/content/Image_captioning_Local/Flickr30K/flickr30k_images/flickr30k_images/2807380242.jpg,person,0.6861007213592529,223.1107177734375,98.82755279541016,327.3173828125,353.6857604980469,16
Flickr30K/2807380242.jpg,/content/Image_captioning_Local/Flickr30K/flickr30k_images/flickr30k_images/2807380242.jpg,person,0.6838117837905884,351.1061096191406,104.15023803710938,453.5039367675781,253.68304443359375,16
Flickr30K/2807380242.jpg,/content/Image_captioning_Local/Flickr30K/flickr30k_images/flickr30k_images/2807380242.jpg,person,0.5771749019622803,336.5985412597656,124.36309814453125,365.8359069824219,206.54940795898438,16
Flickr30K/2807380242.jpg,/content/Image_captioning_Local/Flickr30K/flickr30k_images/flickr30k_images/2807380242.jpg,person,0.5598373413085938,182.0028533935547,121.957275390625,225.84698486328125,253.72703552246094,16
Flickr30K/2807380242.jpg,/content/Image_captioning_Local/Flickr30K/flickr30k_images/flickr30k_images/2807380242.jpg,person,0.5503532290458679,42.35209274291992,156.8773193359375,115.86172485351562,234.60684204101562,16
Flickr30K/2807380242.jpg,/content/Image_captioning_Local/Flickr30K/flickr30k_images/flickr30k_images/2807380242.jpg,person,0.5192021131515503,77.98304748535156,107.94953155517578,141.37423706054688,170.53775024414062,16
Flickr30K/2807380242.jpg,/content/Image_captioning_Local/Flickr30K/flickr30k_images/flickr30k_images/2807380242.jpg,person,0.5102893114089966,94.57197570800781,108.92874145507812,201.6848602294922,247.70494079589844,16
Flickr30K/2807380242.jpg,/content/Image_captioning_Local/Flickr30K/flickr30k_images/flickr30k_images/2807380242.jpg,person,0.45285606384277344,395.2070007324219,175.00897216796875,485.349853515625,261.3145751953125,16
Flickr30K/2807380242.jpg,/content/Image_captioning_Local/Flickr30K/flickr30k_images/flickr30k_images/2807380242.jpg,person,0.4487055540084839,168.9126739501953,113.14158630371094,202.09413146972656,143.37962341308594,16
Flickr30K/2807380242.jpg,/content/Image_captioning_Local/Flickr30K/flickr30k_images/flickr30k_images/2807380242.jpg,person,0.4257238805294037,266.9642333984375,162.62564086914062,350.2084655761719,260.661376953125,16
Flickr30K/2807380242.jpg,/content/Image_captioning_Local/Flickr30K/flickr30k_images/flickr30k_images/2807380242.jpg,frisbee,0.376686692237854,65.13086700439453,157.3880157470703,115.55780029296875,183.5279541015625,16
Flickr30K/2807380242.jpg,/content/Image_captioning_Local/Flickr30K/flickr30k_images/flickr30k_images/2807380242.jpg,person,0.3395311236381531,208.18116760253906,127.5146255493164,241.14129638671875,200.92727661132812,16
Flickr30K/2807380242.jpg,/content/Image_captioning_Local/Flickr30K/flickr30k_images/flickr30k_images/2807380242.jpg,person,0.33703699707984924,42.25166320800781,106.57414245605469,140.70053100585938,235.2633514404297,16
Flickr30K/2807437579.jpg,/content/Image_captioning_Local/Flickr30K/flickr30k_images/flickr30k_images/2807437579.jpg,person,0.9470568299293518,0.8724212646484375,18.033658981323242,256.3060607910156,329.80657958984375,4
Flickr30K/2807437579.jpg,/content/Image_captioning_Local/Flickr30K/flickr30k_images/flickr30k_images/2807437579.jpg,person,0.8726866841316223,250.58860778808594,22.079265594482422,453.67926025390625,329.65020751953125,4
Flickr30K/2807437579.jpg,/content/Image_captioning_Local/Flickr30K/flickr30k_images/flickr30k_images/2807437579.jpg,tie,0.6567453145980835,133.56080627441406,270.7492370605469,207.6241912841797,310.6955871582031,4
Flickr30K/2807437579.jpg,/content/Image_captioning_Local/Flickr30K/flickr30k_images/flickr30k_images/2807437579.jpg,person,0.2889939248561859,361.6132507324219,38.362491607666016,499.61871337890625,327.6461486816406,4
Flickr30K/2807437977.jpg,/content/Image_captioning_Local/Flickr30K/flickr30k_images/flickr30k_images/2807437977.jpg,person,0.8793676495552063,97.15602111816406,222.11813354492188,248.97439575195312,433.2427978515625,9
Flickr30K/2807437977.jpg,/content/Image_captioning_Local/Flickr30K/flickr30k_images/flickr30k_images/2807437977.jpg,person,0.8426440358161926,79.73029327392578,225.66490173339844,141.80953979492188,416.22906494140625,9
Flickr30K/2807437977.jpg,/content/Image_captioning_Local/Flickr30K/flickr30k_images/flickr30k_images/2807437977.jpg,person,0.7191434502601624,185.5580291748047,224.75738525390625,236.74984741210938,396.25390625,9
Flickr30K/2807437977.jpg,/content/Image_captioning_Local/Flickr30K/flickr30k_images/flickr30k_images/2807437977.jpg,person,0.5674070715904236,278.1070251464844,202.44064331054688,330.0840759277344,327.9258728027344,9
Flickr30K/2807437977.jpg,/content/Image_captioning_Local/Flickr30K/flickr30k_images/flickr30k_images/2807437977.jpg,person,0.5223119258880615,5.603623390197754,242.3555908203125,51.418758392333984,339.9737243652344,9
Flickr30K/2807437977.jpg,/content/Image_captioning_Local/Flickr30K/flickr30k_images/flickr30k_images/2807437977.jpg,person,0.5011376142501831,235.39976501464844,235.6722869873047,281.8140563964844,402.7249450683594,9
Flickr30K/2807437977.jpg,/content/Image_captioning_Local/Flickr30K/flickr30k_images/flickr30k_images/2807437977.jpg,person,0.453229159116745,12.859421730041504,210.09893798828125,79.31916809082031,337.82757568359375,9
Flickr30K/2807437977.jpg,/content/Image_captioning_Local/Flickr30K/flickr30k_images/flickr30k_images/2807437977.jpg,person,0.27477267384529114,224.09344482421875,229.59934997558594,242.91534423828125,275.14398193359375,9
Flickr30K/2807437977.jpg,/content/Image_captioning_Local/Flickr30K/flickr30k_images/flickr30k_images/2807437977.jpg,person,0.25998687744140625,221.8818359375,229.50282287597656,242.66268920898438,289.21990966796875,9
Flickr30K/2807463968.jpg,/content/Image_captioning_Local/Flickr30K/flickr30k_images/flickr30k_images/2807463968.jpg,person,0.917198657989502,72.48182678222656,146.21578979492188,325.4508972167969,496.70062255859375,10
Flickr30K/2807463968.jpg,/content/Image_captioning_Local/Flickr30K/flickr30k_images/flickr30k_images/2807463968.jpg,person,0.9027072191238403,272.75067138671875,48.87666702270508,329.38909912109375,214.06817626953125,10
Flickr30K/2807463968.jpg,/content/Image_captioning_Local/Flickr30K/flickr30k_images/flickr30k_images/2807463968.jpg,car,0.741934061050415,250.66880798339844,62.410152435302734,332.0,147.92092895507812,10
Flickr30K/2807463968.jpg,/content/Image_captioning_Local/Flickr30K/flickr30k_images/flickr30k_images/2807463968.jpg,person,0.7070472240447998,164.71109008789062,90.67615509033203,199.32565307617188,130.71290588378906,10
Flickr30K/2807463968.jpg,/content/Image_captioning_Local/Flickr30K/flickr30k_images/flickr30k_images/2807463968.jpg,person,0.7014077305793762,99.09085083007812,108.44354248046875,225.54617309570312,258.90692138671875,10
Flickr30K/2807463968.jpg,/content/Image_captioning_Local/Flickr30K/flickr30k_images/flickr30k_images/2807463968.jpg,person,0.4596611261367798,130.2543182373047,94.11909484863281,164.63369750976562,142.45249938964844,10
Flickr30K/2807463968.jpg,/content/Image_captioning_Local/Flickr30K/flickr30k_images/flickr30k_images/2807463968.jpg,car,0.3100140392780304,237.56103515625,82.10359954833984,258.66650390625,134.9491424560547,10
Flickr30K/2807463968.jpg,/content/Image_captioning_Local/Flickr30K/flickr30k_images/flickr30k_images/2807463968.jpg,person,0.3040790259838104,99.46932983398438,106.18131256103516,165.1714324951172,186.6123504638672,10
Flickr30K/2807463968.jpg,/content/Image_captioning_Local/Flickr30K/flickr30k_images/flickr30k_images/2807463968.jpg,bench,0.27788931131362915,0.0,343.7916564941406,200.60763549804688,499.541748046875,10
Flickr30K/2807463968.jpg,/content/Image_captioning_Local/Flickr30K/flickr30k_images/flickr30k_images/2807463968.jpg,traffic light,0.254280686378479,220.13211059570312,5.781547546386719,229.3246307373047,20.490808486938477,10
Flickr30K/2807545270.jpg,/content/Image_captioning_Local/Flickr30K/flickr30k_images/flickr30k_images/2807545270.jpg,person,0.915020227432251,5.324029922485352,75.96177673339844,444.5653991699219,329.63818359375,6
Flickr30K/2807545270.jpg,/content/Image_captioning_Local/Flickr30K/flickr30k_images/flickr30k_images/2807545270.jpg,person,0.8807172179222107,451.0434265136719,0.08766651153564453,499.8105163574219,187.58206176757812,6
Flickr30K/2807545270.jpg,/content/Image_captioning_Local/Flickr30K/flickr30k_images/flickr30k_images/2807545270.jpg,handbag,0.5910763740539551,248.463623046875,231.25831604003906,322.7052307128906,274.8593444824219,6
Flickr30K/2807545270.jpg,/content/Image_captioning_Local/Flickr30K/flickr30k_images/flickr30k_images/2807545270.jpg,bench,0.5000107288360596,0.3284454345703125,2.8844833374023438,172.21017456054688,131.4056396484375,6
Flickr30K/2807545270.jpg,/content/Image_captioning_Local/Flickr30K/flickr30k_images/flickr30k_images/2807545270.jpg,backpack,0.48696619272232056,165.8255157470703,97.02229309082031,292.8276062011719,202.72311401367188,6
Flickr30K/2807545270.jpg,/content/Image_captioning_Local/Flickr30K/flickr30k_images/flickr30k_images/2807545270.jpg,backpack,0.45616087317466736,168.9007568359375,4.314189910888672,264.89971923828125,108.98098754882812,6
Flickr30K/2807850454.jpg,/content/Image_captioning_Local/Flickr30K/flickr30k_images/flickr30k_images/2807850454.jpg,person,0.8696293234825134,162.66217041015625,98.85948944091797,267.08489990234375,364.7061462402344,11
Flickr30K/2807850454.jpg,/content/Image_captioning_Local/Flickr30K/flickr30k_images/flickr30k_images/2807850454.jpg,person,0.8597661256790161,0.016930699348449707,109.70458984375,24.33924674987793,317.505126953125,11
Flickr30K/2807850454.jpg,/content/Image_captioning_Local/Flickr30K/flickr30k_images/flickr30k_images/2807850454.jpg,person,0.8586155772209167,454.0018615722656,79.80775451660156,499.7341613769531,372.1968994140625,11
Flickr30K/2807850454.jpg,/content/Image_captioning_Local/Flickr30K/flickr30k_images/flickr30k_images/2807850454.jpg,person,0.8371850848197937,310.46539306640625,99.1709213256836,379.40875244140625,325.4064636230469,11
Flickr30K/2807850454.jpg,/content/Image_captioning_Local/Flickr30K/flickr30k_images/flickr30k_images/2807850454.jpg,person,0.8238710165023804,70.14439392089844,113.31102752685547,143.18453979492188,292.67633056640625,11
Flickr30K/2807850454.jpg,/content/Image_captioning_Local/Flickr30K/flickr30k_images/flickr30k_images/2807850454.jpg,person,0.7751362323760986,430.1492614746094,100.2290267944336,468.9935607910156,293.6775817871094,11
Flickr30K/2807850454.jpg,/content/Image_captioning_Local/Flickr30K/flickr30k_images/flickr30k_images/2807850454.jpg,car,0.6776630282402039,155.0398406982422,59.655616760253906,234.84239196777344,117.15142822265625,11
Flickr30K/2807850454.jpg,/content/Image_captioning_Local/Flickr30K/flickr30k_images/flickr30k_images/2807850454.jpg,person,0.6613626480102539,58.07771682739258,157.03616333007812,95.6198959350586,261.1439208984375,11
Flickr30K/2807850454.jpg,/content/Image_captioning_Local/Flickr30K/flickr30k_images/flickr30k_images/2807850454.jpg,car,0.3387913405895233,343.4085693359375,45.68762969970703,455.83990478515625,101.60250854492188,11
Flickr30K/2807850454.jpg,/content/Image_captioning_Local/Flickr30K/flickr30k_images/flickr30k_images/2807850454.jpg,car,0.2897396385669708,404.16680908203125,49.11079406738281,499.5022888183594,99.73702239990234,11
Flickr30K/2807850454.jpg,/content/Image_captioning_Local/Flickr30K/flickr30k_images/flickr30k_images/2807850454.jpg,car,0.25908297300338745,343.2348327636719,46.5198860168457,413.88568115234375,101.18976593017578,11
Flickr30K/2808098783.jpg,/content/Image_captioning_Local/Flickr30K/flickr30k_images/flickr30k_images/2808098783.jpg,dog,0.8881821036338806,163.89773559570312,2.3326873779296875,499.03472900390625,371.2935485839844,1
Flickr30K/2808285842.jpg,/content/Image_captioning_Local/Flickr30K/flickr30k_images/flickr30k_images/2808285842.jpg,person,0.7878313660621643,253.99856567382812,112.17416381835938,302.6109313964844,243.8368377685547,20
Flickr30K/2808285842.jpg,/content/Image_captioning_Local/Flickr30K/flickr30k_images/flickr30k_images/2808285842.jpg,person,0.7367399334907532,445.7039794921875,170.2389678955078,499.8080139160156,282.98358154296875,20
Flickr30K/2808285842.jpg,/content/Image_captioning_Local/Flickr30K/flickr30k_images/flickr30k_images/2808285842.jpg,person,0.73573237657547,181.32530212402344,116.09144592285156,290.1060485839844,260.62451171875,20
Flickr30K/2808285842.jpg,/content/Image_captioning_Local/Flickr30K/flickr30k_images/flickr30k_images/2808285842.jpg,potted plant,0.7224575877189636,393.2675476074219,65.30146789550781,468.12237548828125,141.62136840820312,20
Flickr30K/2808285842.jpg,/content/Image_captioning_Local/Flickr30K/flickr30k_images/flickr30k_images/2808285842.jpg,potted plant,0.7058919072151184,47.8917350769043,68.93086242675781,122.0890884399414,153.47962951660156,20
Flickr30K/2808285842.jpg,/content/Image_captioning_Local/Flickr30K/flickr30k_images/flickr30k_images/2808285842.jpg,person,0.6888587474822998,362.30780029296875,139.76116943359375,410.541015625,201.3988037109375,20
Flickr30K/2808285842.jpg,/content/Image_captioning_Local/Flickr30K/flickr30k_images/flickr30k_images/2808285842.jpg,person,0.6646332144737244,353.58709716796875,137.5994415283203,394.0860290527344,195.99864196777344,20
Flickr30K/2808285842.jpg,/content/Image_captioning_Local/Flickr30K/flickr30k_images/flickr30k_images/2808285842.jpg,person,0.6194051504135132,98.47425079345703,138.40489196777344,164.39732360839844,236.68026733398438,20
Flickr30K/2808285842.jpg,/content/Image_captioning_Local/Flickr30K/flickr30k_images/flickr30k_images/2808285842.jpg,person,0.5654754638671875,42.862937927246094,162.22286987304688,104.642333984375,246.4063720703125,20
Flickr30K/2808285842.jpg,/content/Image_captioning_Local/Flickr30K/flickr30k_images/flickr30k_images/2808285842.jpg,person,0.5182142853736877,438.1823425292969,138.11349487304688,463.93939208984375,178.82127380371094,20
Flickr30K/2808285842.jpg,/content/Image_captioning_Local/Flickr30K/flickr30k_images/flickr30k_images/2808285842.jpg,person,0.4755251407623291,408.1540222167969,170.8355712890625,478.2000427246094,246.48721313476562,20
Flickr30K/2808285842.jpg,/content/Image_captioning_Local/Flickr30K/flickr30k_images/flickr30k_images/2808285842.jpg,person,0.45715591311454773,451.22222900390625,143.402099609375,487.2510070800781,202.4098358154297,20
Flickr30K/2808285842.jpg,/content/Image_captioning_Local/Flickr30K/flickr30k_images/flickr30k_images/2808285842.jpg,person,0.4421452581882477,63.77177429199219,150.3981170654297,120.1868667602539,232.1968536376953,20
Flickr30K/2808285842.jpg,/content/Image_captioning_Local/Flickr30K/flickr30k_images/flickr30k_images/2808285842.jpg,vase,0.41546404361724854,66.1921615600586,112.38577270507812,91.11076354980469,152.88441467285156,20
Flickr30K/2808285842.jpg,/content/Image_captioning_Local/Flickr30K/flickr30k_images/flickr30k_images/2808285842.jpg,person,0.3558846414089203,382.708251953125,158.56170654296875,438.7977600097656,220.33148193359375,20
Flickr30K/2808285842.jpg,/content/Image_captioning_Local/Flickr30K/flickr30k_images/flickr30k_images/2808285842.jpg,bench,0.3088339567184448,435.55792236328125,264.1897277832031,484.0853576660156,331.63641357421875,20
Flickr30K/2808285842.jpg,/content/Image_captioning_Local/Flickr30K/flickr30k_images/flickr30k_images/2808285842.jpg,bench,0.2947479486465454,370.9707336425781,232.00302124023438,450.1917724609375,331.350341796875,20
Flickr30K/2808285842.jpg,/content/Image_captioning_Local/Flickr30K/flickr30k_images/flickr30k_images/2808285842.jpg,person,0.2918621003627777,0.1361846923828125,267.39892578125,30.77285385131836,315.3188781738281,20
Flickr30K/2808285842.jpg,/content/Image_captioning_Local/Flickr30K/flickr30k_images/flickr30k_images/2808285842.jpg,person,0.28811490535736084,474.96832275390625,256.05364990234375,499.80450439453125,331.96295166015625,20
Flickr30K/2808285842.jpg,/content/Image_captioning_Local/Flickr30K/flickr30k_images/flickr30k_images/2808285842.jpg,vase,0.2758871614933014,418.68524169921875,111.40768432617188,438.66461181640625,137.2715301513672,20
Flickr30K/2808286426.jpg,/content/Image_captioning_Local/Flickr30K/flickr30k_images/flickr30k_images/2808286426.jpg,person,0.8605754375457764,102.66081237792969,78.96107482910156,247.89491271972656,447.2124938964844,5
Flickr30K/2808286426.jpg,/content/Image_captioning_Local/Flickr30K/flickr30k_images/flickr30k_images/2808286426.jpg,person,0.6482221484184265,0.0,2.2202491760253906,129.42523193359375,400.64239501953125,5
Flickr30K/2808286426.jpg,/content/Image_captioning_Local/Flickr30K/flickr30k_images/flickr30k_images/2808286426.jpg,handbag,0.44450002908706665,105.00166320800781,203.24668884277344,223.6637420654297,277.2851867675781,5
Flickr30K/2808286426.jpg,/content/Image_captioning_Local/Flickr30K/flickr30k_images/flickr30k_images/2808286426.jpg,person,0.38968387246131897,102.71763610839844,0.25424957275390625,257.7279052734375,371.6893005371094,5
Flickr30K/2808286426.jpg,/content/Image_captioning_Local/Flickr30K/flickr30k_images/flickr30k_images/2808286426.jpg,tie,0.26150068640708923,152.16624450683594,162.4962158203125,160.32325744628906,198.9490203857422,5
Flickr30K/280840823.jpg,/content/Image_captioning_Local/Flickr30K/flickr30k_images/flickr30k_images/280840823.jpg,person,0.9090279340744019,266.9345397949219,58.751487731933594,499.7419738769531,369.6212158203125,19
Flickr30K/280840823.jpg,/content/Image_captioning_Local/Flickr30K/flickr30k_images/flickr30k_images/280840823.jpg,dining table,0.9063335061073303,90.41849517822266,159.7443084716797,403.55096435546875,319.59576416015625,19
Flickr30K/280840823.jpg,/content/Image_captioning_Local/Flickr30K/flickr30k_images/flickr30k_images/280840823.jpg,person,0.8931851983070374,0.2458333969116211,51.89237594604492,273.6415100097656,370.69854736328125,19
Flickr30K/280840823.jpg,/content/Image_captioning_Local/Flickr30K/flickr30k_images/flickr30k_images/280840823.jpg,chair,0.8359151482582092,0.39299726486206055,294.891845703125,80.95327758789062,373.7763366699219,19
Flickr30K/280840823.jpg,/content/Image_captioning_Local/Flickr30K/flickr30k_images/flickr30k_images/280840823.jpg,chair,0.7967521548271179,168.34603881835938,135.98614501953125,237.8858642578125,198.33302307128906,19
Flickr30K/280840823.jpg,/content/Image_captioning_Local/Flickr30K/flickr30k_images/flickr30k_images/280840823.jpg,chair,0.7722694873809814,71.67203521728516,96.68831634521484,121.52397918701172,119.42808532714844,19
Flickr30K/280840823.jpg,/content/Image_captioning_Local/Flickr30K/flickr30k_images/flickr30k_images/280840823.jpg,chair,0.7008438110351562,100.7740249633789,167.29750061035156,154.6581268310547,229.80938720703125,19
Flickr30K/280840823.jpg,/content/Image_captioning_Local/Flickr30K/flickr30k_images/flickr30k_images/280840823.jpg,chair,0.58750981092453,36.053062438964844,133.30960083007812,104.02833557128906,234.81602478027344,19
Flickr30K/280840823.jpg,/content/Image_captioning_Local/Flickr30K/flickr30k_images/flickr30k_images/280840823.jpg,chair,0.580834150314331,372.5854797363281,290.73577880859375,499.7001647949219,374.31768798828125,19
Flickr30K/280840823.jpg,/content/Image_captioning_Local/Flickr30K/flickr30k_images/flickr30k_images/280840823.jpg,chair,0.5190884470939636,374.9623107910156,236.12313842773438,499.8093566894531,372.9117431640625,19
Flickr30K/280840823.jpg,/content/Image_captioning_Local/Flickr30K/flickr30k_images/flickr30k_images/280840823.jpg,dining table,0.4912227988243103,42.33023452758789,111.1317367553711,188.5277099609375,144.79454040527344,19
Flickr30K/280840823.jpg,/content/Image_captioning_Local/Flickr30K/flickr30k_images/flickr30k_images/280840823.jpg,chair,0.48313209414482117,111.06906127929688,117.47557830810547,172.86863708496094,185.7212371826172,19
Flickr30K/280840823.jpg,/content/Image_captioning_Local/Flickr30K/flickr30k_images/flickr30k_images/280840823.jpg,person,0.46245077252388,266.7825622558594,73.89469146728516,404.7070617675781,175.4902801513672,19
Flickr30K/280840823.jpg,/content/Image_captioning_Local/Flickr30K/flickr30k_images/flickr30k_images/280840823.jpg,chair,0.4242524206638336,190.48541259765625,114.07737731933594,240.75596618652344,143.04457092285156,19
Flickr30K/280840823.jpg,/content/Image_captioning_Local/Flickr30K/flickr30k_images/flickr30k_images/280840823.jpg,cup,0.37922120094299316,98.60370635986328,112.51852416992188,115.22223663330078,132.84042358398438,19
Flickr30K/280840823.jpg,/content/Image_captioning_Local/Flickr30K/flickr30k_images/flickr30k_images/280840823.jpg,chair,0.3776659369468689,190.50241088867188,113.12389373779297,241.0491485595703,176.08180236816406,19
Flickr30K/280840823.jpg,/content/Image_captioning_Local/Flickr30K/flickr30k_images/flickr30k_images/280840823.jpg,chair,0.28531768918037415,44.07608413696289,100.30517578125,75.84848022460938,122.64656829833984,19
Flickr30K/280840823.jpg,/content/Image_captioning_Local/Flickr30K/flickr30k_images/flickr30k_images/280840823.jpg,bottle,0.28202158212661743,166.89744567871094,178.7666015625,185.8966522216797,215.88461303710938,19
Flickr30K/280840823.jpg,/content/Image_captioning_Local/Flickr30K/flickr30k_images/flickr30k_images/280840823.jpg,chair,0.26910027861595154,96.92350769042969,117.1232681274414,173.07778930664062,199.85665893554688,19
Flickr30K/2808838598.jpg,/content/Image_captioning_Local/Flickr30K/flickr30k_images/flickr30k_images/2808838598.jpg,boat,0.8240611553192139,18.1429386138916,137.5447540283203,483.254638671875,318.0193786621094,8
Flickr30K/2808838598.jpg,/content/Image_captioning_Local/Flickr30K/flickr30k_images/flickr30k_images/2808838598.jpg,person,0.7018320560455322,271.89825439453125,157.62261962890625,358.677490234375,247.93624877929688,8
Flickr30K/2808838598.jpg,/content/Image_captioning_Local/Flickr30K/flickr30k_images/flickr30k_images/2808838598.jpg,banana,0.39815688133239746,235.74066162109375,213.72274780273438,254.65182495117188,239.40963745117188,8
Flickr30K/2808838598.jpg,/content/Image_captioning_Local/Flickr30K/flickr30k_images/flickr30k_images/2808838598.jpg,boat,0.33212506771087646,20.836639404296875,0.9421825408935547,474.3047180175781,333.5628662109375,8
Flickr30K/2808838598.jpg,/content/Image_captioning_Local/Flickr30K/flickr30k_images/flickr30k_images/2808838598.jpg,banana,0.31504738330841064,220.73703002929688,250.5005340576172,242.6424560546875,273.0990905761719,8
Flickr30K/2808838598.jpg,/content/Image_captioning_Local/Flickr30K/flickr30k_images/flickr30k_images/2808838598.jpg,banana,0.30499640107154846,249.85775756835938,266.2652893066406,271.0517272949219,292.80584716796875,8
Flickr30K/2808838598.jpg,/content/Image_captioning_Local/Flickr30K/flickr30k_images/flickr30k_images/2808838598.jpg,bowl,0.2957826256752014,218.78065490722656,271.8392028808594,242.05374145507812,295.75848388671875,8
Flickr30K/2808838598.jpg,/content/Image_captioning_Local/Flickr30K/flickr30k_images/flickr30k_images/2808838598.jpg,banana,0.256592333316803,244.73623657226562,185.9355010986328,268.9658508300781,211.74917602539062,8
Flickr30K/2808870080.jpg,/content/Image_captioning_Local/Flickr30K/flickr30k_images/flickr30k_images/2808870080.jpg,cow,0.89878910779953,245.96810913085938,77.69677734375,391.97686767578125,260.5732116699219,4
Flickr30K/2808870080.jpg,/content/Image_captioning_Local/Flickr30K/flickr30k_images/flickr30k_images/2808870080.jpg,cow,0.8984200358390808,25.626134872436523,165.9950714111328,328.257568359375,411.8468322753906,4
Flickr30K/2808870080.jpg,/content/Image_captioning_Local/Flickr30K/flickr30k_images/flickr30k_images/2808870080.jpg,cow,0.8640468120574951,436.7184753417969,114.4439926147461,480.8664245605469,148.9256591796875,4
Flickr30K/2808870080.jpg,/content/Image_captioning_Local/Flickr30K/flickr30k_images/flickr30k_images/2808870080.jpg,cow,0.5077887177467346,155.67324829101562,151.13296508789062,178.6356201171875,167.99473571777344,4
Flickr30K/280896848.jpg,/content/Image_captioning_Local/Flickr30K/flickr30k_images/flickr30k_images/280896848.jpg,person,0.9415540099143982,147.47132873535156,79.76484680175781,260.986328125,430.4801025390625,13
Flickr30K/280896848.jpg,/content/Image_captioning_Local/Flickr30K/flickr30k_images/flickr30k_images/280896848.jpg,person,0.9080588817596436,29.142642974853516,23.310232162475586,143.39480590820312,479.5160827636719,13
Flickr30K/280896848.jpg,/content/Image_captioning_Local/Flickr30K/flickr30k_images/flickr30k_images/280896848.jpg,person,0.9070067405700684,263.7663269042969,56.840850830078125,371.95977783203125,448.90313720703125,13
Flickr30K/280896848.jpg,/content/Image_captioning_Local/Flickr30K/flickr30k_images/flickr30k_images/280896848.jpg,person,0.867737889289856,102.92508697509766,73.92056274414062,167.50283813476562,247.79129028320312,13
Flickr30K/280896848.jpg,/content/Image_captioning_Local/Flickr30K/flickr30k_images/flickr30k_images/280896848.jpg,person,0.8495692014694214,0.1682281494140625,79.62157440185547,36.883819580078125,206.131103515625,13
Flickr30K/280896848.jpg,/content/Image_captioning_Local/Flickr30K/flickr30k_images/flickr30k_images/280896848.jpg,bottle,0.764741837978363,314.6336975097656,245.4609375,334.7835998535156,291.41021728515625,13
Flickr30K/280896848.jpg,/content/Image_captioning_Local/Flickr30K/flickr30k_images/flickr30k_images/280896848.jpg,backpack,0.7394406199455261,8.413439750671387,102.27510833740234,33.84162902832031,144.69554138183594,13
Flickr30K/280896848.jpg,/content/Image_captioning_Local/Flickr30K/flickr30k_images/flickr30k_images/280896848.jpg,car,0.7298119068145752,102.60647583007812,78.8613052368164,191.7133331298828,121.01171112060547,13
Flickr30K/280896848.jpg,/content/Image_captioning_Local/Flickr30K/flickr30k_images/flickr30k_images/280896848.jpg,person,0.6194430589675903,258.6520690917969,71.70579528808594,296.99530029296875,255.23805236816406,13
Flickr30K/280896848.jpg,/content/Image_captioning_Local/Flickr30K/flickr30k_images/flickr30k_images/280896848.jpg,person,0.5696932077407837,228.3724822998047,76.0101547241211,254.45260620117188,127.09672546386719,13
Flickr30K/280896848.jpg,/content/Image_captioning_Local/Flickr30K/flickr30k_images/flickr30k_images/280896848.jpg,umbrella,0.46829408407211304,145.9544677734375,260.86138916015625,186.76515197753906,406.0091857910156,13
Flickr30K/280896848.jpg,/content/Image_captioning_Local/Flickr30K/flickr30k_images/flickr30k_images/280896848.jpg,car,0.4418971538543701,101.61044311523438,81.30648040771484,126.03685760498047,107.99503326416016,13
Flickr30K/280896848.jpg,/content/Image_captioning_Local/Flickr30K/flickr30k_images/flickr30k_images/280896848.jpg,person,0.31678733229637146,226.85487365722656,76.16434478759766,253.6561279296875,143.60867309570312,13
Flickr30K/280896856.jpg,/content/Image_captioning_Local/Flickr30K/flickr30k_images/flickr30k_images/280896856.jpg,person,0.8538519740104675,225.95777893066406,215.1253662109375,312.6192932128906,289.8980712890625,1
Flickr30K/280899903.jpg,/content/Image_captioning_Local/Flickr30K/flickr30k_images/flickr30k_images/280899903.jpg,person,0.9026780724525452,0.09229183197021484,124.78561401367188,180.225830078125,499.2169494628906,9
Flickr30K/280899903.jpg,/content/Image_captioning_Local/Flickr30K/flickr30k_images/flickr30k_images/280899903.jpg,umbrella,0.8605358004570007,0.38306713104248047,5.454432964324951,181.0,152.43701171875,9
Flickr30K/280899903.jpg,/content/Image_captioning_Local/Flickr30K/flickr30k_images/flickr30k_images/280899903.jpg,person,0.7564702033996582,0.02357959747314453,196.18211364746094,53.13441848754883,339.8955383300781,9
Flickr30K/280899903.jpg,/content/Image_captioning_Local/Flickr30K/flickr30k_images/flickr30k_images/280899903.jpg,umbrella,0.4951731264591217,0.026750564575195312,99.33552551269531,77.6783447265625,209.46238708496094,9
Flickr30K/280899903.jpg,/content/Image_captioning_Local/Flickr30K/flickr30k_images/flickr30k_images/280899903.jpg,person,0.43989235162734985,152.48455810546875,237.49986267089844,181.0,499.70745849609375,9
Flickr30K/280899903.jpg,/content/Image_captioning_Local/Flickr30K/flickr30k_images/flickr30k_images/280899903.jpg,person,0.38954678177833557,153.1676788330078,245.15232849121094,181.0,424.1541442871094,9
Flickr30K/280899903.jpg,/content/Image_captioning_Local/Flickr30K/flickr30k_images/flickr30k_images/280899903.jpg,cell phone,0.35696902871131897,48.35951232910156,282.7107849121094,67.62015533447266,318.4912109375,9
Flickr30K/280899903.jpg,/content/Image_captioning_Local/Flickr30K/flickr30k_images/flickr30k_images/280899903.jpg,person,0.30718284845352173,141.00088500976562,147.42416381835938,181.0,270.4567565917969,9
Flickr30K/280899903.jpg,/content/Image_captioning_Local/Flickr30K/flickr30k_images/flickr30k_images/280899903.jpg,cell phone,0.2867749333381653,46.493412017822266,282.8045959472656,62.81387710571289,317.6499328613281,9
Flickr30K/280899906.jpg,/content/Image_captioning_Local/Flickr30K/flickr30k_images/flickr30k_images/280899906.jpg,motorcycle,0.9267135262489319,18.851661682128906,83.55059814453125,487.6173095703125,382.2509765625,14
Flickr30K/280899906.jpg,/content/Image_captioning_Local/Flickr30K/flickr30k_images/flickr30k_images/280899906.jpg,person,0.9117262363433838,186.8977508544922,34.58995819091797,311.2534484863281,221.3494110107422,14
Flickr30K/280899906.jpg,/content/Image_captioning_Local/Flickr30K/flickr30k_images/flickr30k_images/280899906.jpg,car,0.8492223024368286,0.07868409156799316,20.854209899902344,84.94635009765625,177.62001037597656,14
Flickr30K/280899906.jpg,/content/Image_captioning_Local/Flickr30K/flickr30k_images/flickr30k_images/280899906.jpg,car,0.8338960409164429,60.902584075927734,35.20562744140625,139.2764892578125,129.07955932617188,14
Flickr30K/280899906.jpg,/content/Image_captioning_Local/Flickr30K/flickr30k_images/flickr30k_images/280899906.jpg,car,0.767383873462677,67.42609405517578,51.46050262451172,112.70476531982422,147.13182067871094,14
Flickr30K/280899906.jpg,/content/Image_captioning_Local/Flickr30K/flickr30k_images/flickr30k_images/280899906.jpg,car,0.6993381977081299,161.56137084960938,26.663541793823242,219.34921264648438,85.0563735961914,14
Flickr30K/280899906.jpg,/content/Image_captioning_Local/Flickr30K/flickr30k_images/flickr30k_images/280899906.jpg,car,0.6352971196174622,118.83019256591797,34.698081970214844,193.42245483398438,97.0630874633789,14
Flickr30K/280899906.jpg,/content/Image_captioning_Local/Flickr30K/flickr30k_images/flickr30k_images/280899906.jpg,car,0.5881408452987671,116.71333312988281,35.277835845947266,167.502685546875,113.95797729492188,14
Flickr30K/280899906.jpg,/content/Image_captioning_Local/Flickr30K/flickr30k_images/flickr30k_images/280899906.jpg,car,0.4985446631908417,261.5722961425781,15.101981163024902,294.04156494140625,46.82135772705078,14
Flickr30K/280899906.jpg,/content/Image_captioning_Local/Flickr30K/flickr30k_images/flickr30k_images/280899906.jpg,car,0.38158610463142395,209.02786254882812,19.828760147094727,265.9354248046875,54.97072982788086,14
Flickr30K/280899906.jpg,/content/Image_captioning_Local/Flickr30K/flickr30k_images/flickr30k_images/280899906.jpg,car,0.2798292636871338,227.3878631591797,10.361587524414062,267.1410217285156,54.86924743652344,14
Flickr30K/280899906.jpg,/content/Image_captioning_Local/Flickr30K/flickr30k_images/flickr30k_images/280899906.jpg,car,0.27044370770454407,262.8297424316406,10.168754577636719,295.22186279296875,38.90761184692383,14
Flickr30K/280899906.jpg,/content/Image_captioning_Local/Flickr30K/flickr30k_images/flickr30k_images/280899906.jpg,car,0.2691707909107208,260.8601989746094,16.22649383544922,283.1571044921875,46.903194427490234,14
Flickr30K/280899906.jpg,/content/Image_captioning_Local/Flickr30K/flickr30k_images/flickr30k_images/280899906.jpg,car,0.2531919479370117,174.12318420410156,26.16330337524414,227.70681762695312,75.35513305664062,14
Flickr30K/2809218945.jpg,/content/Image_captioning_Local/Flickr30K/flickr30k_images/flickr30k_images/2809218945.jpg,person,0.918684184551239,73.23040008544922,18.36566925048828,290.5234680175781,497.1343078613281,2
Flickr30K/2809218945.jpg,/content/Image_captioning_Local/Flickr30K/flickr30k_images/flickr30k_images/2809218945.jpg,person,0.4576576352119446,0.0,205.28797912597656,57.319114685058594,269.3086242675781,2
Flickr30K/280932151.jpg,/content/Image_captioning_Local/Flickr30K/flickr30k_images/flickr30k_images/280932151.jpg,dog,0.9587888717651367,224.15823364257812,63.48579025268555,334.1871337890625,244.65748596191406,1
Flickr30K/2809338182.jpg,/content/Image_captioning_Local/Flickr30K/flickr30k_images/flickr30k_images/2809338182.jpg,car,0.8983962535858154,347.1028747558594,179.44676208496094,375.0,231.1921844482422,4
Flickr30K/2809338182.jpg,/content/Image_captioning_Local/Flickr30K/flickr30k_images/flickr30k_images/2809338182.jpg,person,0.6762136816978455,142.21853637695312,176.46255493164062,167.23341369628906,229.256103515625,4
Flickr30K/2809338182.jpg,/content/Image_captioning_Local/Flickr30K/flickr30k_images/flickr30k_images/2809338182.jpg,car,0.4981933832168579,0.0,248.35076904296875,374.01031494140625,498.0069580078125,4
Flickr30K/2809338182.jpg,/content/Image_captioning_Local/Flickr30K/flickr30k_images/flickr30k_images/2809338182.jpg,motorcycle,0.4343652129173279,118.1212158203125,200.55703735351562,179.00917053222656,243.2498016357422,4
Flickr30K/2809396455.jpg,/content/Image_captioning_Local/Flickr30K/flickr30k_images/flickr30k_images/2809396455.jpg,person,0.8654249310493469,104.38334655761719,165.9440460205078,196.40817260742188,330.331787109375,3
Flickr30K/2809396455.jpg,/content/Image_captioning_Local/Flickr30K/flickr30k_images/flickr30k_images/2809396455.jpg,person,0.7358785271644592,182.7470245361328,55.04835891723633,387.56390380859375,330.56097412109375,3
Flickr30K/2809396455.jpg,/content/Image_captioning_Local/Flickr30K/flickr30k_images/flickr30k_images/2809396455.jpg,backpack,0.4353247284889221,398.7393493652344,259.70001220703125,453.9124450683594,330.76629638671875,3
Flickr30K/280940032.jpg,/content/Image_captioning_Local/Flickr30K/flickr30k_images/flickr30k_images/280940032.jpg,person,0.8207224011421204,0.0,65.82599639892578,413.6678161621094,464.7115173339844,2
Flickr30K/280940032.jpg,/content/Image_captioning_Local/Flickr30K/flickr30k_images/flickr30k_images/280940032.jpg,backpack,0.6278412938117981,166.64305114746094,55.79555130004883,390.73577880859375,354.9919738769531,2
Flickr30K/280940033.jpg,/content/Image_captioning_Local/Flickr30K/flickr30k_images/flickr30k_images/280940033.jpg,person,0.942191481590271,64.68431091308594,20.14789581298828,396.360107421875,496.84716796875,2
Flickr30K/280940033.jpg,/content/Image_captioning_Local/Flickr30K/flickr30k_images/flickr30k_images/280940033.jpg,bicycle,0.3338719606399536,275.8984069824219,283.84381103515625,471.0,471.93212890625,2
Flickr30K/2809406383.jpg,/content/Image_captioning_Local/Flickr30K/flickr30k_images/flickr30k_images/2809406383.jpg,person,0.8033080101013184,94.36460876464844,1.7049789428710938,487.6178283691406,306.3556213378906,6
Flickr30K/2809406383.jpg,/content/Image_captioning_Local/Flickr30K/flickr30k_images/flickr30k_images/2809406383.jpg,dining table,0.7445384860038757,0.33969879150390625,165.63287353515625,480.0300598144531,370.5274963378906,6
Flickr30K/2809406383.jpg,/content/Image_captioning_Local/Flickr30K/flickr30k_images/flickr30k_images/2809406383.jpg,person,0.6141672134399414,79.48832702636719,2.3038268089294434,338.5954284667969,322.2908630371094,6
Flickr30K/2809406383.jpg,/content/Image_captioning_Local/Flickr30K/flickr30k_images/flickr30k_images/2809406383.jpg,person,0.6131088733673096,60.33168029785156,0.3271341323852539,267.6802978515625,205.2827606201172,6
Flickr30K/2809406383.jpg,/content/Image_captioning_Local/Flickr30K/flickr30k_images/flickr30k_images/2809406383.jpg,donut,0.3958398401737213,208.03079223632812,243.2810821533203,236.26646423339844,261.07464599609375,6
Flickr30K/2809406383.jpg,/content/Image_captioning_Local/Flickr30K/flickr30k_images/flickr30k_images/2809406383.jpg,donut,0.30004972219467163,239.36175537109375,240.1224365234375,269.31658935546875,257.8955993652344,6
Flickr30K/2809793070.jpg,/content/Image_captioning_Local/Flickr30K/flickr30k_images/flickr30k_images/2809793070.jpg,dog,0.950736939907074,239.782470703125,59.13825225830078,484.0621032714844,270.8655700683594,3
Flickr30K/2809793070.jpg,/content/Image_captioning_Local/Flickr30K/flickr30k_images/flickr30k_images/2809793070.jpg,dog,0.9413183927536011,78.57482147216797,57.28416442871094,244.1977081298828,269.33477783203125,3
Flickr30K/2809793070.jpg,/content/Image_captioning_Local/Flickr30K/flickr30k_images/flickr30k_images/2809793070.jpg,dog,0.7135428786277771,1.3672828674316406,125.15396881103516,130.69488525390625,266.0721740722656,3
Flickr30K/2810289270.jpg,/content/Image_captioning_Local/Flickr30K/flickr30k_images/flickr30k_images/2810289270.jpg,person,0.9177003502845764,33.425567626953125,106.12250518798828,333.0,498.6890869140625,6
Flickr30K/2810289270.jpg,/content/Image_captioning_Local/Flickr30K/flickr30k_images/flickr30k_images/2810289270.jpg,person,0.6747949123382568,34.402000427246094,0.0,249.8665771484375,484.9661865234375,6
Flickr30K/2810289270.jpg,/content/Image_captioning_Local/Flickr30K/flickr30k_images/flickr30k_images/2810289270.jpg,person,0.6093745827674866,248.99530029296875,0.1472949981689453,332.6336975097656,157.4910888671875,6
Flickr30K/2810289270.jpg,/content/Image_captioning_Local/Flickr30K/flickr30k_images/flickr30k_images/2810289270.jpg,person,0.47786223888397217,140.0268096923828,0.17822980880737305,204.40206909179688,150.46080017089844,6
Flickr30K/2810289270.jpg,/content/Image_captioning_Local/Flickr30K/flickr30k_images/flickr30k_images/2810289270.jpg,person,0.465565949678421,0.0,0.0,92.28437042236328,500.0,6
Flickr30K/2810289270.jpg,/content/Image_captioning_Local/Flickr30K/flickr30k_images/flickr30k_images/2810289270.jpg,person,0.3856421411037445,250.35748291015625,0.2611398696899414,299.2821350097656,123.37606048583984,6
Flickr30K/2810333931.jpg,/content/Image_captioning_Local/Flickr30K/flickr30k_images/flickr30k_images/2810333931.jpg,person,0.8631966710090637,276.2196044921875,79.36986541748047,345.67877197265625,352.19635009765625,13
Flickr30K/2810333931.jpg,/content/Image_captioning_Local/Flickr30K/flickr30k_images/flickr30k_images/2810333931.jpg,person,0.8550546169281006,338.92694091796875,71.90685272216797,411.22540283203125,353.54986572265625,13
Flickr30K/2810333931.jpg,/content/Image_captioning_Local/Flickr30K/flickr30k_images/flickr30k_images/2810333931.jpg,person,0.8419296145439148,215.7776336669922,92.41372680664062,281.41943359375,352.11895751953125,13
Flickr30K/2810333931.jpg,/content/Image_captioning_Local/Flickr30K/flickr30k_images/flickr30k_images/2810333931.jpg,person,0.84000563621521,22.88120460510254,115.01698303222656,98.94728088378906,351.95159912109375,13
Flickr30K/2810333931.jpg,/content/Image_captioning_Local/Flickr30K/flickr30k_images/flickr30k_images/2810333931.jpg,person,0.8326770067214966,390.6144104003906,80.25336456298828,484.6417541503906,360.9722595214844,13
Flickr30K/2810333931.jpg,/content/Image_captioning_Local/Flickr30K/flickr30k_images/flickr30k_images/2810333931.jpg,person,0.8300303816795349,164.56134033203125,107.5349349975586,228.06942749023438,352.5899353027344,13
Flickr30K/2810333931.jpg,/content/Image_captioning_Local/Flickr30K/flickr30k_images/flickr30k_images/2810333931.jpg,person,0.8061225414276123,115.81404113769531,145.19381713867188,186.14794921875,355.3269348144531,13
Flickr30K/2810333931.jpg,/content/Image_captioning_Local/Flickr30K/flickr30k_images/flickr30k_images/2810333931.jpg,person,0.7894068360328674,0.09005963802337646,124.14679718017578,40.95697784423828,349.0758056640625,13
Flickr30K/2810333931.jpg,/content/Image_captioning_Local/Flickr30K/flickr30k_images/flickr30k_images/2810333931.jpg,person,0.5828278660774231,94.26941680908203,114.61949157714844,153.03897094726562,348.09246826171875,13
Flickr30K/2810333931.jpg,/content/Image_captioning_Local/Flickr30K/flickr30k_images/flickr30k_images/2810333931.jpg,person,0.5145260691642761,461.6591491699219,104.21418762207031,499.8032531738281,338.0509948730469,13
Flickr30K/2810333931.jpg,/content/Image_captioning_Local/Flickr30K/flickr30k_images/flickr30k_images/2810333931.jpg,baseball glove,0.4340791702270508,22.20822525024414,180.84954833984375,64.14402770996094,213.5211944580078,13
Flickr30K/2810333931.jpg,/content/Image_captioning_Local/Flickr30K/flickr30k_images/flickr30k_images/2810333931.jpg,baseball bat,0.3783184587955475,426.8163757324219,77.26698303222656,446.103271484375,196.72384643554688,13
Flickr30K/2810333931.jpg,/content/Image_captioning_Local/Flickr30K/flickr30k_images/flickr30k_images/2810333931.jpg,baseball glove,0.32955795526504517,304.1120910644531,172.87745666503906,339.14178466796875,213.44752502441406,13
Flickr30K/2810412010.jpg,/content/Image_captioning_Local/Flickr30K/flickr30k_images/flickr30k_images/2810412010.jpg,bird,0.4063693583011627,87.43114471435547,0.8943557739257812,499.468994140625,333.0,2
Flickr30K/2810412010.jpg,/content/Image_captioning_Local/Flickr30K/flickr30k_images/flickr30k_images/2810412010.jpg,bird,0.25645682215690613,249.31349182128906,3.877735137939453,498.76519775390625,328.18292236328125,2
Flickr30K/2810456728.jpg,/content/Image_captioning_Local/Flickr30K/flickr30k_images/flickr30k_images/2810456728.jpg,person,0.8562954068183899,73.26669311523438,203.470947265625,134.0115509033203,337.1286926269531,6
Flickr30K/2810456728.jpg,/content/Image_captioning_Local/Flickr30K/flickr30k_images/flickr30k_images/2810456728.jpg,person,0.8504577279090881,213.05067443847656,201.21107482910156,274.1036682128906,327.16961669921875,6
Flickr30K/2810456728.jpg,/content/Image_captioning_Local/Flickr30K/flickr30k_images/flickr30k_images/2810456728.jpg,person,0.8015751242637634,340.4141845703125,103.69157409667969,392.7787170410156,225.73370361328125,6
Flickr30K/2810456728.jpg,/content/Image_captioning_Local/Flickr30K/flickr30k_images/flickr30k_images/2810456728.jpg,person,0.7874292135238647,135.65354919433594,103.01370239257812,182.354736328125,158.86488342285156,6
Flickr30K/2810456728.jpg,/content/Image_captioning_Local/Flickr30K/flickr30k_images/flickr30k_images/2810456728.jpg,person,0.650288999080658,236.26919555664062,156.4552001953125,300.2354736328125,249.11224365234375,6
Flickr30K/2810456728.jpg,/content/Image_captioning_Local/Flickr30K/flickr30k_images/flickr30k_images/2810456728.jpg,person,0.3433002233505249,327.61224365234375,62.39874267578125,348.564208984375,98.79963684082031,6
Flickr30K/2810457590.jpg,/content/Image_captioning_Local/Flickr30K/flickr30k_images/flickr30k_images/2810457590.jpg,person,0.901964008808136,335.4338684082031,49.81617736816406,402.1841125488281,211.28378295898438,6
Flickr30K/2810457590.jpg,/content/Image_captioning_Local/Flickr30K/flickr30k_images/flickr30k_images/2810457590.jpg,person,0.8997399210929871,134.7849578857422,202.03179931640625,184.00538635253906,334.0,6
Flickr30K/2810457590.jpg,/content/Image_captioning_Local/Flickr30K/flickr30k_images/flickr30k_images/2810457590.jpg,person,0.8780094981193542,396.50555419921875,14.75973129272461,444.4480895996094,175.07345581054688,6
Flickr30K/2810457590.jpg,/content/Image_captioning_Local/Flickr30K/flickr30k_images/flickr30k_images/2810457590.jpg,person,0.8738552331924438,183.3529052734375,234.98292541503906,243.68643188476562,332.7750549316406,6
Flickr30K/2810457590.jpg,/content/Image_captioning_Local/Flickr30K/flickr30k_images/flickr30k_images/2810457590.jpg,person,0.8637678027153015,205.85208129882812,106.80464172363281,258.5763854980469,270.9914245605469,6
Flickr30K/2810457590.jpg,/content/Image_captioning_Local/Flickr30K/flickr30k_images/flickr30k_images/2810457590.jpg,person,0.6275429129600525,94.9878921508789,25.56147575378418,147.68075561523438,102.8970718383789,6
Flickr30K/281076795.jpg,/content/Image_captioning_Local/Flickr30K/flickr30k_images/flickr30k_images/281076795.jpg,person,0.9381728768348694,55.24623489379883,134.21083068847656,158.42739868164062,267.5087890625,19
Flickr30K/281076795.jpg,/content/Image_captioning_Local/Flickr30K/flickr30k_images/flickr30k_images/281076795.jpg,person,0.9007940888404846,381.13140869140625,1.3321757316589355,499.68408203125,369.4565734863281,19
Flickr30K/281076795.jpg,/content/Image_captioning_Local/Flickr30K/flickr30k_images/flickr30k_images/281076795.jpg,person,0.8711631894111633,160.07070922851562,149.5666961669922,255.24411010742188,259.87200927734375,19
Flickr30K/281076795.jpg,/content/Image_captioning_Local/Flickr30K/flickr30k_images/flickr30k_images/281076795.jpg,person,0.7287488579750061,129.38453674316406,104.72843933105469,153.3834228515625,132.1580810546875,19
Flickr30K/281076795.jpg,/content/Image_captioning_Local/Flickr30K/flickr30k_images/flickr30k_images/281076795.jpg,person,0.6481277942657471,155.16314697265625,94.30656433105469,197.60873413085938,159.42701721191406,19
Flickr30K/281076795.jpg,/content/Image_captioning_Local/Flickr30K/flickr30k_images/flickr30k_images/281076795.jpg,person,0.6042450070381165,89.08646392822266,95.4751968383789,119.5606460571289,144.63018798828125,19
Flickr30K/281076795.jpg,/content/Image_captioning_Local/Flickr30K/flickr30k_images/flickr30k_images/281076795.jpg,person,0.45478877425193787,35.54386901855469,96.90113067626953,50.828125,137.90542602539062,19
Flickr30K/281076795.jpg,/content/Image_captioning_Local/Flickr30K/flickr30k_images/flickr30k_images/281076795.jpg,cup,0.44246476888656616,375.10101318359375,284.8016357421875,390.7616271972656,317.1956481933594,19
Flickr30K/281076795.jpg,/content/Image_captioning_Local/Flickr30K/flickr30k_images/flickr30k_images/281076795.jpg,chair,0.41459882259368896,318.86834716796875,135.02467346191406,344.3570251464844,188.2620391845703,19
Flickr30K/281076795.jpg,/content/Image_captioning_Local/Flickr30K/flickr30k_images/flickr30k_images/281076795.jpg,cup,0.4048224091529846,113.68341064453125,267.76275634765625,134.14450073242188,289.872314453125,19
Flickr30K/281076795.jpg,/content/Image_captioning_Local/Flickr30K/flickr30k_images/flickr30k_images/281076795.jpg,dining table,0.37807703018188477,2.287471294403076,245.8812713623047,399.4080505371094,372.83392333984375,19
Flickr30K/281076795.jpg,/content/Image_captioning_Local/Flickr30K/flickr30k_images/flickr30k_images/281076795.jpg,person,0.35718491673469543,427.90765380859375,0.0,499.73126220703125,371.2286376953125,19
Flickr30K/281076795.jpg,/content/Image_captioning_Local/Flickr30K/flickr30k_images/flickr30k_images/281076795.jpg,cup,0.3287179470062256,356.49224853515625,285.6561279296875,368.0229187011719,305.7176208496094,19
Flickr30K/281076795.jpg,/content/Image_captioning_Local/Flickr30K/flickr30k_images/flickr30k_images/281076795.jpg,chair,0.31537365913391113,272.4779052734375,157.65672302246094,309.3295593261719,247.23062133789062,19
Flickr30K/281076795.jpg,/content/Image_captioning_Local/Flickr30K/flickr30k_images/flickr30k_images/281076795.jpg,chair,0.3016397953033447,43.61960220336914,138.28921508789062,83.25137329101562,223.8389892578125,19
Flickr30K/281076795.jpg,/content/Image_captioning_Local/Flickr30K/flickr30k_images/flickr30k_images/281076795.jpg,cup,0.3008209764957428,375.7615966796875,293.28009033203125,389.5660400390625,317.1160888671875,19
Flickr30K/281076795.jpg,/content/Image_captioning_Local/Flickr30K/flickr30k_images/flickr30k_images/281076795.jpg,chair,0.2785993814468384,0.08613169193267822,173.02194213867188,32.164241790771484,241.56832885742188,19
Flickr30K/281076795.jpg,/content/Image_captioning_Local/Flickr30K/flickr30k_images/flickr30k_images/281076795.jpg,dining table,0.27237868309020996,126.89051818847656,157.391357421875,263.367919921875,181.05650329589844,19
Flickr30K/281076795.jpg,/content/Image_captioning_Local/Flickr30K/flickr30k_images/flickr30k_images/281076795.jpg,chair,0.2571980357170105,0.08159279823303223,171.8831787109375,34.702728271484375,266.28662109375,19
Flickr30K/2811001948.jpg,/content/Image_captioning_Local/Flickr30K/flickr30k_images/flickr30k_images/2811001948.jpg,person,0.8818952441215515,119.98150634765625,118.62077331542969,226.55780029296875,283.9053039550781,4
Flickr30K/2811001948.jpg,/content/Image_captioning_Local/Flickr30K/flickr30k_images/flickr30k_images/2811001948.jpg,motorcycle,0.7357884645462036,54.412864685058594,192.49411010742188,285.2917785644531,297.4701843261719,4
Flickr30K/2811001948.jpg,/content/Image_captioning_Local/Flickr30K/flickr30k_images/flickr30k_images/2811001948.jpg,stop sign,0.6663678884506226,268.4721374511719,200.87953186035156,284.1689453125,224.00106811523438,4
Flickr30K/2811001948.jpg,/content/Image_captioning_Local/Flickr30K/flickr30k_images/flickr30k_images/2811001948.jpg,motorcycle,0.4277235269546509,56.89430236816406,141.66546630859375,286.3405456542969,299.2939453125,4
Flickr30K/2811917688.jpg,/content/Image_captioning_Local/Flickr30K/flickr30k_images/flickr30k_images/2811917688.jpg,person,0.9291762709617615,167.1150665283203,61.68736267089844,498.9923095703125,457.6639099121094,2
Flickr30K/2811917688.jpg,/content/Image_captioning_Local/Flickr30K/flickr30k_images/flickr30k_images/2811917688.jpg,banana,0.6346204876899719,0.09517669677734375,27.90599822998047,252.19679260253906,114.83779907226562,2
Flickr30K/2811917934.jpg,/content/Image_captioning_Local/Flickr30K/flickr30k_images/flickr30k_images/2811917934.jpg,person,0.9292081594467163,114.85897064208984,2.748405933380127,417.6576232910156,318.3104553222656,2
Flickr30K/2811917934.jpg,/content/Image_captioning_Local/Flickr30K/flickr30k_images/flickr30k_images/2811917934.jpg,skateboard,0.3044640123844147,128.1053009033203,0.7033467292785645,254.7349853515625,280.71484375,2
Flickr30K/2811918074.jpg,/content/Image_captioning_Local/Flickr30K/flickr30k_images/flickr30k_images/2811918074.jpg,person,0.923703134059906,76.2522201538086,44.65446472167969,360.0284423828125,496.7977600097656,1
Flickr30K/2812086571.jpg,/content/Image_captioning_Local/Flickr30K/flickr30k_images/flickr30k_images/2812086571.jpg,person,0.9343263506889343,195.19873046875,24.07944107055664,327.38079833984375,230.56076049804688,2
Flickr30K/2812086571.jpg,/content/Image_captioning_Local/Flickr30K/flickr30k_images/flickr30k_images/2812086571.jpg,person,0.9209069609642029,341.9814147949219,138.9029998779297,427.12725830078125,279.4855651855469,2
Flickr30K/2812125355.jpg,/content/Image_captioning_Local/Flickr30K/flickr30k_images/flickr30k_images/2812125355.jpg,person,0.9261562824249268,0.0,38.31172180175781,332.68560791015625,500.0,3
Flickr30K/2812125355.jpg,/content/Image_captioning_Local/Flickr30K/flickr30k_images/flickr30k_images/2812125355.jpg,toothbrush,0.6998279094696045,117.85655212402344,225.7251739501953,150.67266845703125,449.46881103515625,3
Flickr30K/2812125355.jpg,/content/Image_captioning_Local/Flickr30K/flickr30k_images/flickr30k_images/2812125355.jpg,toothbrush,0.4215162396430969,93.07537078857422,211.9920654296875,151.43814086914062,491.3838806152344,3
Flickr30K/2812568040.jpg,/content/Image_captioning_Local/Flickr30K/flickr30k_images/flickr30k_images/2812568040.jpg,person,0.9248098731040955,35.29555130004883,207.922607421875,154.5039825439453,499.7027282714844,5
Flickr30K/2812568040.jpg,/content/Image_captioning_Local/Flickr30K/flickr30k_images/flickr30k_images/2812568040.jpg,person,0.9077106714248657,161.90167236328125,73.14448547363281,362.06640625,498.5097351074219,5
Flickr30K/2812568040.jpg,/content/Image_captioning_Local/Flickr30K/flickr30k_images/flickr30k_images/2812568040.jpg,person,0.867963969707489,319.3338928222656,175.11178588867188,418.5007019042969,499.07177734375,5
Flickr30K/2812568040.jpg,/content/Image_captioning_Local/Flickr30K/flickr30k_images/flickr30k_images/2812568040.jpg,bird,0.6481197476387024,251.11932373046875,277.0169677734375,325.39892578125,321.05316162109375,5
Flickr30K/2812568040.jpg,/content/Image_captioning_Local/Flickr30K/flickr30k_images/flickr30k_images/2812568040.jpg,skateboard,0.2553432881832123,321.8695068359375,366.70263671875,371.0138854980469,430.4472351074219,5
Flickr30K/2812590023.jpg,/content/Image_captioning_Local/Flickr30K/flickr30k_images/flickr30k_images/2812590023.jpg,person,0.8753576874732971,164.19418334960938,124.46356201171875,203.70957946777344,210.90040588378906,7
Flickr30K/2812590023.jpg,/content/Image_captioning_Local/Flickr30K/flickr30k_images/flickr30k_images/2812590023.jpg,person,0.8233922123908997,471.10919189453125,245.83888244628906,499.8632507324219,368.35418701171875,7
Flickr30K/2812590023.jpg,/content/Image_captioning_Local/Flickr30K/flickr30k_images/flickr30k_images/2812590023.jpg,truck,0.7863311767578125,104.80783081054688,80.5230484008789,391.4123229980469,295.4050598144531,7
Flickr30K/2812590023.jpg,/content/Image_captioning_Local/Flickr30K/flickr30k_images/flickr30k_images/2812590023.jpg,person,0.7693771719932556,224.67796325683594,69.99240112304688,266.58135986328125,157.2377166748047,7
Flickr30K/2812590023.jpg,/content/Image_captioning_Local/Flickr30K/flickr30k_images/flickr30k_images/2812590023.jpg,person,0.5691837072372437,205.50680541992188,292.2088623046875,254.2958221435547,332.47119140625,7
Flickr30K/2812590023.jpg,/content/Image_captioning_Local/Flickr30K/flickr30k_images/flickr30k_images/2812590023.jpg,traffic light,0.36273375153541565,0.08871853351593018,106.69407653808594,14.295042037963867,153.64605712890625,7
Flickr30K/2812590023.jpg,/content/Image_captioning_Local/Flickr30K/flickr30k_images/flickr30k_images/2812590023.jpg,person,0.263015478849411,0.0418931245803833,374.27996826171875,8.728374481201172,394.93426513671875,7
Flickr30K/281271503.jpg,/content/Image_captioning_Local/Flickr30K/flickr30k_images/flickr30k_images/281271503.jpg,person,0.8885820508003235,260.4939270019531,354.2139892578125,315.206298828125,458.65582275390625,13
Flickr30K/281271503.jpg,/content/Image_captioning_Local/Flickr30K/flickr30k_images/flickr30k_images/281271503.jpg,person,0.8688686490058899,32.4946403503418,418.185791015625,83.78987121582031,493.6265869140625,13
Flickr30K/281271503.jpg,/content/Image_captioning_Local/Flickr30K/flickr30k_images/flickr30k_images/281271503.jpg,person,0.8419587016105652,98.45254516601562,363.64617919921875,138.58726501464844,461.3284606933594,13
Flickr30K/281271503.jpg,/content/Image_captioning_Local/Flickr30K/flickr30k_images/flickr30k_images/281271503.jpg,person,0.8357447385787964,150.20094299316406,377.0355529785156,188.0390167236328,443.7856750488281,13
Flickr30K/281271503.jpg,/content/Image_captioning_Local/Flickr30K/flickr30k_images/flickr30k_images/281271503.jpg,person,0.7628886103630066,135.82705688476562,141.34445190429688,265.0280456542969,416.4671936035156,13
Flickr30K/281271503.jpg,/content/Image_captioning_Local/Flickr30K/flickr30k_images/flickr30k_images/281271503.jpg,person,0.7355527877807617,187.75506591796875,367.8219299316406,217.86627197265625,443.3207092285156,13
Flickr30K/281271503.jpg,/content/Image_captioning_Local/Flickr30K/flickr30k_images/flickr30k_images/281271503.jpg,person,0.6127116084098816,57.666015625,360.1160888671875,93.15581512451172,441.2930603027344,13
Flickr30K/281271503.jpg,/content/Image_captioning_Local/Flickr30K/flickr30k_images/flickr30k_images/281271503.jpg,person,0.5755460858345032,0.0,360.715087890625,18.681156158447266,494.2098693847656,13
Flickr30K/281271503.jpg,/content/Image_captioning_Local/Flickr30K/flickr30k_images/flickr30k_images/281271503.jpg,person,0.515436053276062,78.65257263183594,355.54010009765625,99.0782241821289,425.6773986816406,13
Flickr30K/281271503.jpg,/content/Image_captioning_Local/Flickr30K/flickr30k_images/flickr30k_images/281271503.jpg,baseball bat,0.47207358479499817,147.35641479492188,149.04940795898438,198.02685546875,163.2183837890625,13
Flickr30K/281271503.jpg,/content/Image_captioning_Local/Flickr30K/flickr30k_images/flickr30k_images/281271503.jpg,baseball bat,0.4414582848548889,89.76800537109375,205.39804077148438,146.57919311523438,221.06289672851562,13
Flickr30K/281271503.jpg,/content/Image_captioning_Local/Flickr30K/flickr30k_images/flickr30k_images/281271503.jpg,person,0.3737863004207611,320.2202453613281,378.4024353027344,334.0,441.9861755371094,13
Flickr30K/281271503.jpg,/content/Image_captioning_Local/Flickr30K/flickr30k_images/flickr30k_images/281271503.jpg,person,0.311341792345047,0.0,361.36846923828125,18.395090103149414,407.3090515136719,13
Flickr30K/281297361.jpg,/content/Image_captioning_Local/Flickr30K/flickr30k_images/flickr30k_images/281297361.jpg,person,0.9484543204307556,217.62179565429688,49.24254608154297,499.43212890625,330.0797424316406,11
Flickr30K/281297361.jpg,/content/Image_captioning_Local/Flickr30K/flickr30k_images/flickr30k_images/281297361.jpg,person,0.7755097150802612,27.297609329223633,268.4073486328125,59.74958038330078,332.5159912109375,11
Flickr30K/281297361.jpg,/content/Image_captioning_Local/Flickr30K/flickr30k_images/flickr30k_images/281297361.jpg,person,0.5567231774330139,180.85336303710938,291.15277099609375,197.61288452148438,328.4873962402344,11
Flickr30K/281297361.jpg,/content/Image_captioning_Local/Flickr30K/flickr30k_images/flickr30k_images/281297361.jpg,car,0.5455529093742371,139.36203002929688,296.0924072265625,184.58023071289062,328.8119201660156,11
Flickr30K/281297361.jpg,/content/Image_captioning_Local/Flickr30K/flickr30k_images/flickr30k_images/281297361.jpg,car,0.43618080019950867,48.372779846191406,272.28399658203125,110.19901275634766,330.1096496582031,11
Flickr30K/281297361.jpg,/content/Image_captioning_Local/Flickr30K/flickr30k_images/flickr30k_images/281297361.jpg,tie,0.4302785098552704,329.605224609375,235.03546142578125,367.2371520996094,331.06488037109375,11
Flickr30K/281297361.jpg,/content/Image_captioning_Local/Flickr30K/flickr30k_images/flickr30k_images/281297361.jpg,person,0.3505712151527405,11.498114585876465,270.39788818359375,34.19170379638672,328.72357177734375,11
Flickr30K/281297361.jpg,/content/Image_captioning_Local/Flickr30K/flickr30k_images/flickr30k_images/281297361.jpg,car,0.3216293454170227,0.0,279.6659851074219,16.999343872070312,321.6503601074219,11
Flickr30K/281297361.jpg,/content/Image_captioning_Local/Flickr30K/flickr30k_images/flickr30k_images/281297361.jpg,car,0.2839655578136444,191.46481323242188,302.61279296875,224.68557739257812,332.993896484375,11
Flickr30K/281297361.jpg,/content/Image_captioning_Local/Flickr30K/flickr30k_images/flickr30k_images/281297361.jpg,person,0.2538602650165558,79.8828125,280.5352783203125,100.23882293701172,332.2458190917969,11
Flickr30K/281297361.jpg,/content/Image_captioning_Local/Flickr30K/flickr30k_images/flickr30k_images/281297361.jpg,car,0.25192511081695557,165.88885498046875,298.92767333984375,224.63319396972656,332.7522277832031,11
Flickr30K/2813005964.jpg,/content/Image_captioning_Local/Flickr30K/flickr30k_images/flickr30k_images/2813005964.jpg,cup,0.9111539125442505,171.46632385253906,306.0487365722656,235.89637756347656,374.8193664550781,14
Flickr30K/2813005964.jpg,/content/Image_captioning_Local/Flickr30K/flickr30k_images/flickr30k_images/2813005964.jpg,person,0.8444803357124329,157.3899688720703,69.56825256347656,388.994873046875,372.0881042480469,14
Flickr30K/2813005964.jpg,/content/Image_captioning_Local/Flickr30K/flickr30k_images/flickr30k_images/2813005964.jpg,chair,0.8242032527923584,91.1874008178711,155.93190002441406,230.37054443359375,330.9316101074219,14
Flickr30K/2813005964.jpg,/content/Image_captioning_Local/Flickr30K/flickr30k_images/flickr30k_images/2813005964.jpg,car,0.8020797967910767,60.79018020629883,7.6050519943237305,258.11138916015625,127.21288299560547,14
Flickr30K/2813005964.jpg,/content/Image_captioning_Local/Flickr30K/flickr30k_images/flickr30k_images/2813005964.jpg,car,0.7434804439544678,211.15560913085938,20.082246780395508,340.6750793457031,73.21194458007812,14
Flickr30K/2813005964.jpg,/content/Image_captioning_Local/Flickr30K/flickr30k_images/flickr30k_images/2813005964.jpg,bottle,0.6813780069351196,10.403185844421387,319.01361083984375,39.01298141479492,374.7344970703125,14
Flickr30K/2813005964.jpg,/content/Image_captioning_Local/Flickr30K/flickr30k_images/flickr30k_images/2813005964.jpg,dining table,0.6779287457466125,1.310265064239502,248.81472778320312,181.29383850097656,372.0959167480469,14
Flickr30K/2813005964.jpg,/content/Image_captioning_Local/Flickr30K/flickr30k_images/flickr30k_images/2813005964.jpg,chair,0.6728705763816833,442.47235107421875,98.70298767089844,499.7044677734375,208.63333129882812,14
Flickr30K/2813005964.jpg,/content/Image_captioning_Local/Flickr30K/flickr30k_images/flickr30k_images/2813005964.jpg,car,0.6713895797729492,62.25197219848633,107.83805847167969,130.26316833496094,225.8719024658203,14
Flickr30K/2813005964.jpg,/content/Image_captioning_Local/Flickr30K/flickr30k_images/flickr30k_images/2813005964.jpg,sandwich,0.5399652719497681,83.7589111328125,296.431640625,148.82720947265625,347.6565246582031,14
Flickr30K/2813005964.jpg,/content/Image_captioning_Local/Flickr30K/flickr30k_images/flickr30k_images/2813005964.jpg,hot dog,0.4510922431945801,211.17405700683594,101.58295440673828,250.90298461914062,168.40371704101562,14
Flickr30K/2813005964.jpg,/content/Image_captioning_Local/Flickr30K/flickr30k_images/flickr30k_images/2813005964.jpg,car,0.3770589232444763,446.6824645996094,19.959657669067383,499.24468994140625,72.35357666015625,14
Flickr30K/2813005964.jpg,/content/Image_captioning_Local/Flickr30K/flickr30k_images/flickr30k_images/2813005964.jpg,sandwich,0.3518787622451782,209.6873779296875,102.37863159179688,250.66494750976562,168.43807983398438,14
Flickr30K/2813005964.jpg,/content/Image_captioning_Local/Flickr30K/flickr30k_images/flickr30k_images/2813005964.jpg,car,0.3234139084815979,220.98406982421875,0.1494765281677246,265.4631042480469,19.984745025634766,14
Flickr30K/2813033949.jpg,/content/Image_captioning_Local/Flickr30K/flickr30k_images/flickr30k_images/2813033949.jpg,dog,0.9300850033760071,98.62432861328125,209.47900390625,206.60963439941406,352.607666015625,4
Flickr30K/2813033949.jpg,/content/Image_captioning_Local/Flickr30K/flickr30k_images/flickr30k_images/2813033949.jpg,car,0.8328288793563843,189.17417907714844,311.9499816894531,306.8941955566406,344.4093322753906,4
Flickr30K/2813033949.jpg,/content/Image_captioning_Local/Flickr30K/flickr30k_images/flickr30k_images/2813033949.jpg,sports ball,0.75685054063797,244.21701049804688,199.1496124267578,257.5699768066406,212.23602294921875,4
Flickr30K/2813033949.jpg,/content/Image_captioning_Local/Flickr30K/flickr30k_images/flickr30k_images/2813033949.jpg,frisbee,0.43051111698150635,182.5397491455078,307.7132568359375,206.8634490966797,314.7493896484375,4
Flickr30K/2813588204.jpg,/content/Image_captioning_Local/Flickr30K/flickr30k_images/flickr30k_images/2813588204.jpg,dog,0.811077892780304,53.6488037109375,84.70808410644531,358.4109191894531,283.24407958984375,2
Flickr30K/2813588204.jpg,/content/Image_captioning_Local/Flickr30K/flickr30k_images/flickr30k_images/2813588204.jpg,dog,0.6329222917556763,269.64300537109375,85.2578125,472.6724548339844,280.3799133300781,2
Flickr30K/2813703338.jpg,/content/Image_captioning_Local/Flickr30K/flickr30k_images/flickr30k_images/2813703338.jpg,person,0.7694993615150452,169.93406677246094,17.318511962890625,240.68899536132812,155.0154266357422,8
Flickr30K/2813703338.jpg,/content/Image_captioning_Local/Flickr30K/flickr30k_images/flickr30k_images/2813703338.jpg,person,0.6904156804084778,77.8321533203125,62.78889083862305,100.24535369873047,117.88160705566406,8
Flickr30K/2813703338.jpg,/content/Image_captioning_Local/Flickr30K/flickr30k_images/flickr30k_images/2813703338.jpg,person,0.6874193549156189,428.0101318359375,96.059326171875,465.3517150878906,244.52243041992188,8
Flickr30K/2813703338.jpg,/content/Image_captioning_Local/Flickr30K/flickr30k_images/flickr30k_images/2813703338.jpg,person,0.6627828478813171,90.98954010009766,58.09572982788086,106.66764068603516,115.99773406982422,8
Flickr30K/2813703338.jpg,/content/Image_captioning_Local/Flickr30K/flickr30k_images/flickr30k_images/2813703338.jpg,skateboard,0.6401447653770447,247.0041961669922,27.09503173828125,290.5577392578125,75.4547348022461,8
Flickr30K/2813703338.jpg,/content/Image_captioning_Local/Flickr30K/flickr30k_images/flickr30k_images/2813703338.jpg,person,0.6380097270011902,277.8914794921875,52.6163330078125,332.690185546875,152.31875610351562,8
Flickr30K/2813703338.jpg,/content/Image_captioning_Local/Flickr30K/flickr30k_images/flickr30k_images/2813703338.jpg,skateboard,0.44202369451522827,432.2534484863281,238.3961944580078,462.6180725097656,248.35031127929688,8
Flickr30K/2813703338.jpg,/content/Image_captioning_Local/Flickr30K/flickr30k_images/flickr30k_images/2813703338.jpg,person,0.35317546129226685,165.820556640625,66.52085876464844,190.94586181640625,148.80482482910156,8
Flickr30K/2813784259.jpg,/content/Image_captioning_Local/Flickr30K/flickr30k_images/flickr30k_images/2813784259.jpg,person,0.9296558499336243,305.5621643066406,141.85400390625,424.8252868652344,271.616455078125,10
Flickr30K/2813784259.jpg,/content/Image_captioning_Local/Flickr30K/flickr30k_images/flickr30k_images/2813784259.jpg,person,0.7039618492126465,88.2843017578125,192.4466094970703,97.32008361816406,211.5833282470703,10
Flickr30K/2813784259.jpg,/content/Image_captioning_Local/Flickr30K/flickr30k_images/flickr30k_images/2813784259.jpg,person,0.6390770673751831,66.39253997802734,194.02761840820312,73.11026763916016,211.54937744140625,10
Flickr30K/2813784259.jpg,/content/Image_captioning_Local/Flickr30K/flickr30k_images/flickr30k_images/2813784259.jpg,person,0.631278932094574,179.649169921875,190.8751983642578,188.0568389892578,211.97218322753906,10
Flickr30K/2813784259.jpg,/content/Image_captioning_Local/Flickr30K/flickr30k_images/flickr30k_images/2813784259.jpg,person,0.5567665100097656,173.04483032226562,190.90814208984375,181.29788208007812,212.1714630126953,10
Flickr30K/2813784259.jpg,/content/Image_captioning_Local/Flickr30K/flickr30k_images/flickr30k_images/2813784259.jpg,person,0.46322304010391235,38.83651351928711,193.7296905517578,50.358699798583984,212.36033630371094,10
Flickr30K/2813784259.jpg,/content/Image_captioning_Local/Flickr30K/flickr30k_images/flickr30k_images/2813784259.jpg,person,0.37496188282966614,55.80768585205078,193.65582275390625,66.56179809570312,212.23721313476562,10
Flickr30K/2813784259.jpg,/content/Image_captioning_Local/Flickr30K/flickr30k_images/flickr30k_images/2813784259.jpg,person,0.2836567461490631,49.937294006347656,195.2511749267578,58.382774353027344,212.02931213378906,10
Flickr30K/2813784259.jpg,/content/Image_captioning_Local/Flickr30K/flickr30k_images/flickr30k_images/2813784259.jpg,person,0.26954683661460876,54.1315803527832,194.23973083496094,61.99688720703125,212.18211364746094,10
Flickr30K/2813784259.jpg,/content/Image_captioning_Local/Flickr30K/flickr30k_images/flickr30k_images/2813784259.jpg,person,0.2611152231693268,47.29230880737305,195.0269775390625,57.154518127441406,212.0014190673828,10
Flickr30K/2813992915.jpg,/content/Image_captioning_Local/Flickr30K/flickr30k_images/flickr30k_images/2813992915.jpg,person,0.7620282173156738,416.7334899902344,230.25636291503906,448.5544738769531,282.2173156738281,10
Flickr30K/2813992915.jpg,/content/Image_captioning_Local/Flickr30K/flickr30k_images/flickr30k_images/2813992915.jpg,person,0.7529172301292419,374.24444580078125,257.0437316894531,409.1871643066406,305.53271484375,10
Flickr30K/2813992915.jpg,/content/Image_captioning_Local/Flickr30K/flickr30k_images/flickr30k_images/2813992915.jpg,person,0.6966359615325928,474.9541320800781,247.1627197265625,499.81451416015625,306.4022216796875,10
Flickr30K/2813992915.jpg,/content/Image_captioning_Local/Flickr30K/flickr30k_images/flickr30k_images/2813992915.jpg,person,0.6870116591453552,405.5495300292969,265.5594482421875,441.3790588378906,304.8501892089844,10
Flickr30K/2813992915.jpg,/content/Image_captioning_Local/Flickr30K/flickr30k_images/flickr30k_images/2813992915.jpg,skateboard,0.6840521693229675,180.40017700195312,69.80929565429688,366.2014465332031,286.62823486328125,10
Flickr30K/2813992915.jpg,/content/Image_captioning_Local/Flickr30K/flickr30k_images/flickr30k_images/2813992915.jpg,person,0.6447554230690002,84.81851959228516,19.941579818725586,363.9431457519531,280.98388671875,10
Flickr30K/2813992915.jpg,/content/Image_captioning_Local/Flickr30K/flickr30k_images/flickr30k_images/2813992915.jpg,person,0.6139508485794067,441.538818359375,266.57305908203125,475.253662109375,304.1402893066406,10
Flickr30K/2813992915.jpg,/content/Image_captioning_Local/Flickr30K/flickr30k_images/flickr30k_images/2813992915.jpg,person,0.6046316623687744,447.9647521972656,221.40164184570312,486.61517333984375,277.46624755859375,10
Flickr30K/2813992915.jpg,/content/Image_captioning_Local/Flickr30K/flickr30k_images/flickr30k_images/2813992915.jpg,person,0.5947057604789734,217.90745544433594,202.7090606689453,265.5606384277344,279.7252197265625,10
Flickr30K/2813992915.jpg,/content/Image_captioning_Local/Flickr30K/flickr30k_images/flickr30k_images/2813992915.jpg,person,0.48699140548706055,290.5482177734375,257.7775573730469,322.8271484375,307.3112487792969,10
Flickr30K/2814028429.jpg,/content/Image_captioning_Local/Flickr30K/flickr30k_images/flickr30k_images/2814028429.jpg,person,0.9288696646690369,83.21003723144531,136.84657287597656,231.5906524658203,341.86431884765625,3
Flickr30K/2814028429.jpg,/content/Image_captioning_Local/Flickr30K/flickr30k_images/flickr30k_images/2814028429.jpg,person,0.9217758178710938,0.0,347.343505859375,145.44970703125,470.4712829589844,3
Flickr30K/2814028429.jpg,/content/Image_captioning_Local/Flickr30K/flickr30k_images/flickr30k_images/2814028429.jpg,person,0.9096256494522095,258.630615234375,308.5032958984375,332.4437255859375,413.1285095214844,3
Flickr30K/2814037463.jpg,/content/Image_captioning_Local/Flickr30K/flickr30k_images/flickr30k_images/2814037463.jpg,person,0.9476707577705383,189.71063232421875,0.7798075675964355,499.5129699707031,329.1269226074219,7
Flickr30K/2814037463.jpg,/content/Image_captioning_Local/Flickr30K/flickr30k_images/flickr30k_images/2814037463.jpg,wine glass,0.9257377982139587,209.14385986328125,246.087646484375,268.1468811035156,332.0870361328125,7
Flickr30K/2814037463.jpg,/content/Image_captioning_Local/Flickr30K/flickr30k_images/flickr30k_images/2814037463.jpg,cake,0.41282251477241516,53.74102783203125,266.91827392578125,103.3203353881836,331.87554931640625,7
Flickr30K/2814037463.jpg,/content/Image_captioning_Local/Flickr30K/flickr30k_images/flickr30k_images/2814037463.jpg,fork,0.31964629888534546,109.44361877441406,294.6265563964844,128.15399169921875,333.0,7
Flickr30K/2814037463.jpg,/content/Image_captioning_Local/Flickr30K/flickr30k_images/flickr30k_images/2814037463.jpg,potted plant,0.31738555431365967,0.3997325897216797,111.3967056274414,215.28170776367188,248.4427490234375,7
Flickr30K/2814037463.jpg,/content/Image_captioning_Local/Flickr30K/flickr30k_images/flickr30k_images/2814037463.jpg,potted plant,0.3003605306148529,0.21960735321044922,45.52395248413086,213.87359619140625,248.3183135986328,7
Flickr30K/2814037463.jpg,/content/Image_captioning_Local/Flickr30K/flickr30k_images/flickr30k_images/2814037463.jpg,person,0.27383771538734436,1.031661033630371,110.68589782714844,213.99867248535156,248.8709259033203,7
Flickr30K/2814050407.jpg,/content/Image_captioning_Local/Flickr30K/flickr30k_images/flickr30k_images/2814050407.jpg,person,0.9119892120361328,189.84078979492188,131.64080810546875,334.0,499.0362243652344,7
Flickr30K/2814050407.jpg,/content/Image_captioning_Local/Flickr30K/flickr30k_images/flickr30k_images/2814050407.jpg,bottle,0.8392380475997925,32.8871955871582,336.1961975097656,62.539649963378906,415.0372009277344,7
Flickr30K/2814050407.jpg,/content/Image_captioning_Local/Flickr30K/flickr30k_images/flickr30k_images/2814050407.jpg,person,0.8351227045059204,47.08662033081055,139.51092529296875,222.8260498046875,391.025634765625,7
Flickr30K/2814050407.jpg,/content/Image_captioning_Local/Flickr30K/flickr30k_images/flickr30k_images/2814050407.jpg,person,0.8233347535133362,45.438026428222656,157.94931030273438,92.76246643066406,263.4554443359375,7
Flickr30K/2814050407.jpg,/content/Image_captioning_Local/Flickr30K/flickr30k_images/flickr30k_images/2814050407.jpg,pizza,0.5113891959190369,100.3358383178711,462.946044921875,151.4701385498047,487.624267578125,7
Flickr30K/2814050407.jpg,/content/Image_captioning_Local/Flickr30K/flickr30k_images/flickr30k_images/2814050407.jpg,cell phone,0.37903398275375366,173.29702758789062,335.98388671875,227.31446838378906,363.9325256347656,7
Flickr30K/2814050407.jpg,/content/Image_captioning_Local/Flickr30K/flickr30k_images/flickr30k_images/2814050407.jpg,person,0.33668985962867737,293.42584228515625,173.97613525390625,320.0658874511719,226.69406127929688,7
Flickr30K/281419391.jpg,/content/Image_captioning_Local/Flickr30K/flickr30k_images/flickr30k_images/281419391.jpg,person,0.5876960754394531,165.7378692626953,101.86624145507812,196.9059295654297,159.33480834960938,3
Flickr30K/281419391.jpg,/content/Image_captioning_Local/Flickr30K/flickr30k_images/flickr30k_images/281419391.jpg,person,0.45179226994514465,251.6162872314453,62.2772216796875,288.0561828613281,105.39317321777344,3
Flickr30K/281419391.jpg,/content/Image_captioning_Local/Flickr30K/flickr30k_images/flickr30k_images/281419391.jpg,car,0.2572941482067108,0.10919570922851562,98.95074462890625,495.3585510253906,305.2934875488281,3
Flickr30K/2814321280.jpg,/content/Image_captioning_Local/Flickr30K/flickr30k_images/flickr30k_images/2814321280.jpg,person,0.9255550503730774,31.62093162536621,20.06688117980957,430.14154052734375,328.2010498046875,11
Flickr30K/2814321280.jpg,/content/Image_captioning_Local/Flickr30K/flickr30k_images/flickr30k_images/2814321280.jpg,person,0.8164024949073792,0.049757957458496094,67.77930450439453,88.21674346923828,176.035400390625,11
Flickr30K/2814321280.jpg,/content/Image_captioning_Local/Flickr30K/flickr30k_images/flickr30k_images/2814321280.jpg,person,0.6407886743545532,332.8487548828125,246.17185974121094,499.6526794433594,329.5854187011719,11
Flickr30K/2814321280.jpg,/content/Image_captioning_Local/Flickr30K/flickr30k_images/flickr30k_images/2814321280.jpg,person,0.5464147925376892,283.3157958984375,8.432960510253906,458.0949401855469,326.5984191894531,11
Flickr30K/2814321280.jpg,/content/Image_captioning_Local/Flickr30K/flickr30k_images/flickr30k_images/2814321280.jpg,person,0.5173396468162537,283.05560302734375,8.725839614868164,412.2452697753906,190.734619140625,11
Flickr30K/2814321280.jpg,/content/Image_captioning_Local/Flickr30K/flickr30k_images/flickr30k_images/2814321280.jpg,person,0.4924207329750061,473.5133056640625,59.997894287109375,499.8239440917969,220.1263885498047,11
Flickr30K/2814321280.jpg,/content/Image_captioning_Local/Flickr30K/flickr30k_images/flickr30k_images/2814321280.jpg,person,0.48613548278808594,0.31086206436157227,162.67276000976562,74.73661041259766,329.54913330078125,11
Flickr30K/2814321280.jpg,/content/Image_captioning_Local/Flickr30K/flickr30k_images/flickr30k_images/2814321280.jpg,person,0.3555227816104889,306.6449279785156,78.14354705810547,458.1737060546875,326.97857666015625,11
Flickr30K/2814321280.jpg,/content/Image_captioning_Local/Flickr30K/flickr30k_images/flickr30k_images/2814321280.jpg,person,0.3555148243904114,71.00062561035156,70.90458679199219,100.37649536132812,131.93890380859375,11
Flickr30K/2814321280.jpg,/content/Image_captioning_Local/Flickr30K/flickr30k_images/flickr30k_images/2814321280.jpg,person,0.3418366312980652,0.07733702659606934,69.49453735351562,88.45646667480469,328.552001953125,11
Flickr30K/2814321280.jpg,/content/Image_captioning_Local/Flickr30K/flickr30k_images/flickr30k_images/2814321280.jpg,person,0.32685258984565735,203.76405334472656,75.61336517333984,274.77398681640625,180.64761352539062,11
Flickr30K/2814406547.jpg,/content/Image_captioning_Local/Flickr30K/flickr30k_images/flickr30k_images/2814406547.jpg,person,0.8448548913002014,396.7530212402344,37.170074462890625,463.9035339355469,153.81080627441406,11
Flickr30K/2814406547.jpg,/content/Image_captioning_Local/Flickr30K/flickr30k_images/flickr30k_images/2814406547.jpg,person,0.8345741629600525,454.7348937988281,39.29612731933594,499.6956787109375,151.96224975585938,11
Flickr30K/2814406547.jpg,/content/Image_captioning_Local/Flickr30K/flickr30k_images/flickr30k_images/2814406547.jpg,car,0.7109740972518921,264.2240905761719,50.652740478515625,402.541015625,148.6735076904297,11
Flickr30K/2814406547.jpg,/content/Image_captioning_Local/Flickr30K/flickr30k_images/flickr30k_images/2814406547.jpg,person,0.6314653754234314,1.4237403869628906,34.28639221191406,320.13818359375,332.7454528808594,11
Flickr30K/2814406547.jpg,/content/Image_captioning_Local/Flickr30K/flickr30k_images/flickr30k_images/2814406547.jpg,person,0.46447882056236267,381.59283447265625,40.672420501708984,419.67315673828125,152.85792541503906,11
Flickr30K/2814406547.jpg,/content/Image_captioning_Local/Flickr30K/flickr30k_images/flickr30k_images/2814406547.jpg,car,0.45792755484580994,18.767255783081055,40.617061614990234,77.8282241821289,114.27924346923828,11
Flickr30K/2814406547.jpg,/content/Image_captioning_Local/Flickr30K/flickr30k_images/flickr30k_images/2814406547.jpg,chair,0.4223484992980957,283.2489013671875,274.1987609863281,423.4466552734375,334.11468505859375,11
Flickr30K/2814406547.jpg,/content/Image_captioning_Local/Flickr30K/flickr30k_images/flickr30k_images/2814406547.jpg,person,0.4081385135650635,250.53338623046875,62.21141815185547,276.923095703125,137.87770080566406,11
Flickr30K/2814406547.jpg,/content/Image_captioning_Local/Flickr30K/flickr30k_images/flickr30k_images/2814406547.jpg,cup,0.3909551203250885,266.2423095703125,218.56439208984375,299.2834167480469,257.9014892578125,11
Flickr30K/2814406547.jpg,/content/Image_captioning_Local/Flickr30K/flickr30k_images/flickr30k_images/2814406547.jpg,person,0.33829060196876526,101.66201782226562,33.245086669921875,208.3385467529297,124.2269515991211,11
Flickr30K/2814406547.jpg,/content/Image_captioning_Local/Flickr30K/flickr30k_images/flickr30k_images/2814406547.jpg,car,0.2632870376110077,443.07745361328125,67.26937103271484,499.78924560546875,120.64151763916016,11
Flickr30K/28144507.jpg,/content/Image_captioning_Local/Flickr30K/flickr30k_images/flickr30k_images/28144507.jpg,person,0.4328114688396454,124.33522033691406,82.80982971191406,252.96058654785156,369.5882263183594,2
Flickr30K/28144507.jpg,/content/Image_captioning_Local/Flickr30K/flickr30k_images/flickr30k_images/28144507.jpg,person,0.35608094930648804,126.15733337402344,82.32196807861328,252.28289794921875,233.5854949951172,2
Flickr30K/2814913390.jpg,/content/Image_captioning_Local/Flickr30K/flickr30k_images/flickr30k_images/2814913390.jpg,person,0.8517313003540039,398.8469543457031,81.17823791503906,470.91107177734375,233.042236328125,10
Flickr30K/2814913390.jpg,/content/Image_captioning_Local/Flickr30K/flickr30k_images/flickr30k_images/2814913390.jpg,person,0.8515989184379578,253.59210205078125,56.9626579284668,381.1897277832031,260.7009582519531,10
Flickr30K/2814913390.jpg,/content/Image_captioning_Local/Flickr30K/flickr30k_images/flickr30k_images/2814913390.jpg,person,0.8098461031913757,171.83132934570312,212.22076416015625,274.3162536621094,330.6676330566406,10
Flickr30K/2814913390.jpg,/content/Image_captioning_Local/Flickr30K/flickr30k_images/flickr30k_images/2814913390.jpg,person,0.7690825462341309,132.71945190429688,80.94693756103516,249.91867065429688,286.8238525390625,10
Flickr30K/2814913390.jpg,/content/Image_captioning_Local/Flickr30K/flickr30k_images/flickr30k_images/2814913390.jpg,person,0.7022140622138977,349.71270751953125,86.15809631347656,400.2131042480469,207.7961883544922,10
Flickr30K/2814913390.jpg,/content/Image_captioning_Local/Flickr30K/flickr30k_images/flickr30k_images/2814913390.jpg,person,0.5946438908576965,69.7769775390625,89.5574722290039,112.6053237915039,229.64295959472656,10
Flickr30K/2814913390.jpg,/content/Image_captioning_Local/Flickr30K/flickr30k_images/flickr30k_images/2814913390.jpg,person,0.5668338537216187,206.35707092285156,73.40884399414062,260.9495544433594,137.33837890625,10
Flickr30K/2814913390.jpg,/content/Image_captioning_Local/Flickr30K/flickr30k_images/flickr30k_images/2814913390.jpg,person,0.4918942451477051,0.12521147727966309,259.7958984375,54.91786575317383,331.33172607421875,10
Flickr30K/2814913390.jpg,/content/Image_captioning_Local/Flickr30K/flickr30k_images/flickr30k_images/2814913390.jpg,person,0.3795357048511505,31.560638427734375,79.0964584350586,86.65644836425781,253.92098999023438,10
Flickr30K/2814913390.jpg,/content/Image_captioning_Local/Flickr30K/flickr30k_images/flickr30k_images/2814913390.jpg,person,0.33273595571517944,0.09360313415527344,140.37823486328125,57.26082992553711,289.0867614746094,10
Flickr30K/2814952319.jpg,/content/Image_captioning_Local/Flickr30K/flickr30k_images/flickr30k_images/2814952319.jpg,person,0.9077009558677673,225.91085815429688,107.1008529663086,302.646728515625,302.2675476074219,8
Flickr30K/2814952319.jpg,/content/Image_captioning_Local/Flickr30K/flickr30k_images/flickr30k_images/2814952319.jpg,person,0.9065770506858826,134.4554443359375,115.07414245605469,212.05172729492188,296.5514221191406,8
Flickr30K/2814952319.jpg,/content/Image_captioning_Local/Flickr30K/flickr30k_images/flickr30k_images/2814952319.jpg,person,0.9056001901626587,295.46002197265625,112.31388854980469,366.82196044921875,307.1845397949219,8
Flickr30K/2814952319.jpg,/content/Image_captioning_Local/Flickr30K/flickr30k_images/flickr30k_images/2814952319.jpg,person,0.901280403137207,358.02496337890625,131.95867919921875,426.92547607421875,319.080078125,8
Flickr30K/2814952319.jpg,/content/Image_captioning_Local/Flickr30K/flickr30k_images/flickr30k_images/2814952319.jpg,person,0.8943188786506653,411.5302429199219,129.95767211914062,473.83331298828125,317.41827392578125,8
Flickr30K/2814952319.jpg,/content/Image_captioning_Local/Flickr30K/flickr30k_images/flickr30k_images/2814952319.jpg,person,0.8927085399627686,22.392105102539062,113.67955017089844,86.44503021240234,283.0210266113281,8
Flickr30K/2814952319.jpg,/content/Image_captioning_Local/Flickr30K/flickr30k_images/flickr30k_images/2814952319.jpg,person,0.8745301961898804,62.91716003417969,108.49270629882812,140.02432250976562,287.78033447265625,8
Flickr30K/2814952319.jpg,/content/Image_captioning_Local/Flickr30K/flickr30k_images/flickr30k_images/2814952319.jpg,person,0.8722764253616333,198.8741455078125,109.33394622802734,246.20924377441406,294.1786193847656,8
Flickr30K/2815027292.jpg,/content/Image_captioning_Local/Flickr30K/flickr30k_images/flickr30k_images/2815027292.jpg,person,0.7976581454277039,6.860876083374023,1.1038780212402344,375.0,500.0,4
Flickr30K/2815027292.jpg,/content/Image_captioning_Local/Flickr30K/flickr30k_images/flickr30k_images/2815027292.jpg,person,0.3674662113189697,133.2771453857422,1.8651008605957031,375.0,500.0,4
Flickr30K/2815027292.jpg,/content/Image_captioning_Local/Flickr30K/flickr30k_images/flickr30k_images/2815027292.jpg,tie,0.3350259065628052,52.90699005126953,21.910858154296875,322.2964172363281,500.0,4
Flickr30K/2815027292.jpg,/content/Image_captioning_Local/Flickr30K/flickr30k_images/flickr30k_images/2815027292.jpg,tie,0.3225962221622467,130.48974609375,1.5315055847167969,235.402587890625,304.16259765625,4
Flickr30K/2815256108.jpg,/content/Image_captioning_Local/Flickr30K/flickr30k_images/flickr30k_images/2815256108.jpg,person,0.9133383631706238,0.0028371810913085938,41.68705749511719,203.83389282226562,473.4971008300781,4
Flickr30K/2815256108.jpg,/content/Image_captioning_Local/Flickr30K/flickr30k_images/flickr30k_images/2815256108.jpg,person,0.894244372844696,97.9645004272461,73.4432373046875,212.9987030029297,439.0616455078125,4
Flickr30K/2815256108.jpg,/content/Image_captioning_Local/Flickr30K/flickr30k_images/flickr30k_images/2815256108.jpg,person,0.5633078217506409,0.0,70.24198913574219,15.862667083740234,123.56156158447266,4
Flickr30K/2815256108.jpg,/content/Image_captioning_Local/Flickr30K/flickr30k_images/flickr30k_images/2815256108.jpg,bottle,0.33354687690734863,322.25164794921875,435.94378662109375,360.6978759765625,453.9268493652344,4
Flickr30K/2815507707.jpg,/content/Image_captioning_Local/Flickr30K/flickr30k_images/flickr30k_images/2815507707.jpg,person,0.7867435812950134,161.543701171875,215.85702514648438,240.7714385986328,373.19134521484375,20
Flickr30K/2815507707.jpg,/content/Image_captioning_Local/Flickr30K/flickr30k_images/flickr30k_images/2815507707.jpg,person,0.7347482442855835,0.054383277893066406,267.0106506347656,53.74983596801758,374.3700866699219,20
Flickr30K/2815507707.jpg,/content/Image_captioning_Local/Flickr30K/flickr30k_images/flickr30k_images/2815507707.jpg,chair,0.7040955424308777,408.8770751953125,356.1559753417969,439.07861328125,374.89642333984375,20
Flickr30K/2815507707.jpg,/content/Image_captioning_Local/Flickr30K/flickr30k_images/flickr30k_images/2815507707.jpg,person,0.6639177799224854,284.66424560546875,216.5421905517578,321.979248046875,281.4671936035156,20
Flickr30K/2815507707.jpg,/content/Image_captioning_Local/Flickr30K/flickr30k_images/flickr30k_images/2815507707.jpg,dining table,0.5801267027854919,297.5242614746094,337.0401306152344,384.9741516113281,374.6460876464844,20
Flickr30K/2815507707.jpg,/content/Image_captioning_Local/Flickr30K/flickr30k_images/flickr30k_images/2815507707.jpg,person,0.5464717745780945,390.1786804199219,234.87620544433594,423.4169006347656,336.3229675292969,20
Flickr30K/2815507707.jpg,/content/Image_captioning_Local/Flickr30K/flickr30k_images/flickr30k_images/2815507707.jpg,person,0.5009984970092773,289.9085693359375,266.6127624511719,364.1158752441406,342.57794189453125,20
Flickr30K/2815507707.jpg,/content/Image_captioning_Local/Flickr30K/flickr30k_images/flickr30k_images/2815507707.jpg,person,0.49625474214553833,93.56021881103516,276.23968505859375,142.50247192382812,370.5528259277344,20
Flickr30K/2815507707.jpg,/content/Image_captioning_Local/Flickr30K/flickr30k_images/flickr30k_images/2815507707.jpg,cup,0.4890933334827423,290.658203125,353.52764892578125,306.020751953125,374.61968994140625,20
Flickr30K/2815507707.jpg,/content/Image_captioning_Local/Flickr30K/flickr30k_images/flickr30k_images/2815507707.jpg,person,0.46568337082862854,282.1708068847656,270.11834716796875,314.6719055175781,317.8727111816406,20
Flickr30K/2815507707.jpg,/content/Image_captioning_Local/Flickr30K/flickr30k_images/flickr30k_images/2815507707.jpg,chair,0.46165573596954346,0.06283372640609741,334.9490966796875,14.202740669250488,374.5852355957031,20
Flickr30K/2815507707.jpg,/content/Image_captioning_Local/Flickr30K/flickr30k_images/flickr30k_images/2815507707.jpg,person,0.450234055519104,103.74713134765625,216.662353515625,122.99990844726562,278.14508056640625,20
Flickr30K/2815507707.jpg,/content/Image_captioning_Local/Flickr30K/flickr30k_images/flickr30k_images/2815507707.jpg,person,0.4479144513607025,77.29090118408203,221.73585510253906,105.45808410644531,282.4317932128906,20
Flickr30K/2815507707.jpg,/content/Image_captioning_Local/Flickr30K/flickr30k_images/flickr30k_images/2815507707.jpg,chair,0.43798667192459106,238.4633026123047,323.24713134765625,284.35174560546875,367.3735656738281,20
Flickr30K/2815507707.jpg,/content/Image_captioning_Local/Flickr30K/flickr30k_images/flickr30k_images/2815507707.jpg,person,0.4357568025588989,238.57366943359375,269.4291076660156,289.1337585449219,348.08551025390625,20
Flickr30K/2815507707.jpg,/content/Image_captioning_Local/Flickr30K/flickr30k_images/flickr30k_images/2815507707.jpg,person,0.4159403145313263,268.1624755859375,220.21237182617188,289.0417175292969,272.1260986328125,20
Flickr30K/2815507707.jpg,/content/Image_captioning_Local/Flickr30K/flickr30k_images/flickr30k_images/2815507707.jpg,cup,0.29417258501052856,265.9493103027344,350.3296813964844,282.2364196777344,367.5524597167969,20
Flickr30K/2815507707.jpg,/content/Image_captioning_Local/Flickr30K/flickr30k_images/flickr30k_images/2815507707.jpg,chair,0.2884436249732971,114.71295166015625,330.41229248046875,166.48635864257812,374.61663818359375,20
Flickr30K/2815507707.jpg,/content/Image_captioning_Local/Flickr30K/flickr30k_images/flickr30k_images/2815507707.jpg,person,0.26451364159584045,290.09515380859375,266.73675537109375,364.7208251953125,374.35150146484375,20
Flickr30K/2815507707.jpg,/content/Image_captioning_Local/Flickr30K/flickr30k_images/flickr30k_images/2815507707.jpg,person,0.2598635256290436,248.53778076171875,221.1722412109375,272.4327697753906,274.3291015625,20
Flickr30K/2815745115.jpg,/content/Image_captioning_Local/Flickr30K/flickr30k_images/flickr30k_images/2815745115.jpg,teddy bear,0.9024932384490967,386.48492431640625,96.085693359375,436.9415283203125,200.6183624267578,11
Flickr30K/2815745115.jpg,/content/Image_captioning_Local/Flickr30K/flickr30k_images/flickr30k_images/2815745115.jpg,person,0.8687318563461304,261.0185546875,99.48562622070312,371.34765625,359.08856201171875,11
Flickr30K/2815745115.jpg,/content/Image_captioning_Local/Flickr30K/flickr30k_images/flickr30k_images/2815745115.jpg,teddy bear,0.8558140397071838,451.169677734375,88.40298461914062,499.8415832519531,199.79061889648438,11
Flickr30K/2815745115.jpg,/content/Image_captioning_Local/Flickr30K/flickr30k_images/flickr30k_images/2815745115.jpg,teddy bear,0.8424299359321594,59.43488311767578,235.520263671875,148.7637939453125,359.94586181640625,11
Flickr30K/2815745115.jpg,/content/Image_captioning_Local/Flickr30K/flickr30k_images/flickr30k_images/2815745115.jpg,teddy bear,0.8388474583625793,450.96197509765625,206.9918670654297,499.8766784667969,309.1660461425781,11
Flickr30K/2815745115.jpg,/content/Image_captioning_Local/Flickr30K/flickr30k_images/flickr30k_images/2815745115.jpg,teddy bear,0.7513868808746338,451.4051513671875,0.17843246459960938,499.87908935546875,84.49697875976562,11
Flickr30K/2815745115.jpg,/content/Image_captioning_Local/Flickr30K/flickr30k_images/flickr30k_images/2815745115.jpg,teddy bear,0.737752377986908,403.8339538574219,208.42662048339844,436.6572265625,306.3372497558594,11
Flickr30K/2815745115.jpg,/content/Image_captioning_Local/Flickr30K/flickr30k_images/flickr30k_images/2815745115.jpg,teddy bear,0.6782624125480652,388.3786926269531,0.0,436.01513671875,87.50244140625,11
Flickr30K/2815745115.jpg,/content/Image_captioning_Local/Flickr30K/flickr30k_images/flickr30k_images/2815745115.jpg,teddy bear,0.5940815210342407,110.61148834228516,0.807642936706543,199.3028564453125,175.44729614257812,11
Flickr30K/2815745115.jpg,/content/Image_captioning_Local/Flickr30K/flickr30k_images/flickr30k_images/2815745115.jpg,teddy bear,0.5769696235656738,121.42899322509766,266.87713623046875,212.9910888671875,360.6131591796875,11
Flickr30K/2815745115.jpg,/content/Image_captioning_Local/Flickr30K/flickr30k_images/flickr30k_images/2815745115.jpg,teddy bear,0.4068608283996582,198.89732360839844,0.2940714359283447,280.6978759765625,160.12229919433594,11
Flickr30K/2815755985.jpg,/content/Image_captioning_Local/Flickr30K/flickr30k_images/flickr30k_images/2815755985.jpg,person,0.9327548742294312,129.6822509765625,141.28675842285156,410.8740234375,278.71923828125,3
Flickr30K/2815755985.jpg,/content/Image_captioning_Local/Flickr30K/flickr30k_images/flickr30k_images/2815755985.jpg,bed,0.41662880778312683,3.848743438720703,0.0,500.0,322.6624450683594,3
Flickr30K/2815755985.jpg,/content/Image_captioning_Local/Flickr30K/flickr30k_images/flickr30k_images/2815755985.jpg,bed,0.3365000784397125,0.0,96.30265045166016,496.4075622558594,332.35601806640625,3
Flickr30K/2815788792.jpg,/content/Image_captioning_Local/Flickr30K/flickr30k_images/flickr30k_images/2815788792.jpg,person,0.8467052578926086,38.82014846801758,27.369356155395508,248.43898010253906,470.27471923828125,2
Flickr30K/2815788792.jpg,/content/Image_captioning_Local/Flickr30K/flickr30k_images/flickr30k_images/2815788792.jpg,dog,0.6597672700881958,82.18132019042969,225.7862091064453,231.4869384765625,422.4313659667969,2
Flickr30K/2816259113.jpg,/content/Image_captioning_Local/Flickr30K/flickr30k_images/flickr30k_images/2816259113.jpg,person,0.9293941855430603,22.964122772216797,23.072099685668945,99.32942199707031,209.18646240234375,3
Flickr30K/2816259113.jpg,/content/Image_captioning_Local/Flickr30K/flickr30k_images/flickr30k_images/2816259113.jpg,person,0.8479056358337402,403.0147705078125,88.29476928710938,450.79193115234375,171.37982177734375,3
Flickr30K/2816259113.jpg,/content/Image_captioning_Local/Flickr30K/flickr30k_images/flickr30k_images/2816259113.jpg,dog,0.7887033820152283,246.86935424804688,131.81080627441406,279.6366882324219,186.3477783203125,3
Flickr30K/2816361063.jpg,/content/Image_captioning_Local/Flickr30K/flickr30k_images/flickr30k_images/2816361063.jpg,person,0.9053927659988403,415.36541748046875,375.3238830566406,478.570556640625,497.3035888671875,5
Flickr30K/2816361063.jpg,/content/Image_captioning_Local/Flickr30K/flickr30k_images/flickr30k_images/2816361063.jpg,person,0.89616459608078,357.4629821777344,397.25689697265625,410.96514892578125,499.6772155761719,5
Flickr30K/2816361063.jpg,/content/Image_captioning_Local/Flickr30K/flickr30k_images/flickr30k_images/2816361063.jpg,person,0.7218457460403442,81.77725219726562,6.815433502197266,397.0469970703125,500.0,5
Flickr30K/2816361063.jpg,/content/Image_captioning_Local/Flickr30K/flickr30k_images/flickr30k_images/2816361063.jpg,skateboard,0.617315948009491,97.03512573242188,185.95225524902344,381.6333312988281,283.67974853515625,5
Flickr30K/2816361063.jpg,/content/Image_captioning_Local/Flickr30K/flickr30k_images/flickr30k_images/2816361063.jpg,skateboard,0.2636667788028717,394.8045349121094,460.9070739746094,423.7475891113281,499.6686096191406,5
Flickr30K/281658181.jpg,/content/Image_captioning_Local/Flickr30K/flickr30k_images/flickr30k_images/281658181.jpg,person,0.8824260234832764,149.22695922851562,32.84902572631836,447.0302734375,332.2808837890625,5
Flickr30K/281658181.jpg,/content/Image_captioning_Local/Flickr30K/flickr30k_images/flickr30k_images/281658181.jpg,person,0.8091616034507751,450.9551086425781,121.95582580566406,499.7105712890625,212.35113525390625,5
Flickr30K/281658181.jpg,/content/Image_captioning_Local/Flickr30K/flickr30k_images/flickr30k_images/281658181.jpg,person,0.6918639540672302,98.28167724609375,145.22976684570312,178.6591033935547,319.0378723144531,5
Flickr30K/281658181.jpg,/content/Image_captioning_Local/Flickr30K/flickr30k_images/flickr30k_images/281658181.jpg,person,0.6149383783340454,447.69085693359375,166.5150146484375,499.8150939941406,280.69677734375,5
Flickr30K/281658181.jpg,/content/Image_captioning_Local/Flickr30K/flickr30k_images/flickr30k_images/281658181.jpg,cell phone,0.31991326808929443,475.5540771484375,190.84896850585938,485.27105712890625,201.8970947265625,5
Flickr30K/281658184.jpg,/content/Image_captioning_Local/Flickr30K/flickr30k_images/flickr30k_images/281658184.jpg,person,0.9061400890350342,55.5208625793457,47.060630798339844,235.1878662109375,445.3699035644531,15
Flickr30K/281658184.jpg,/content/Image_captioning_Local/Flickr30K/flickr30k_images/flickr30k_images/281658184.jpg,person,0.8834481835365295,285.3357849121094,300.5318603515625,332.1967468261719,423.6649475097656,15
Flickr30K/281658184.jpg,/content/Image_captioning_Local/Flickr30K/flickr30k_images/flickr30k_images/281658184.jpg,potted plant,0.7850133776664734,79.45069122314453,405.8216552734375,114.32081604003906,434.9239807128906,15
Flickr30K/281658184.jpg,/content/Image_captioning_Local/Flickr30K/flickr30k_images/flickr30k_images/281658184.jpg,potted plant,0.6489327549934387,172.81053161621094,409.8893127441406,207.7726593017578,439.878173828125,15
Flickr30K/281658184.jpg,/content/Image_captioning_Local/Flickr30K/flickr30k_images/flickr30k_images/281658184.jpg,potted plant,0.6180620789527893,214.56570434570312,412.9654846191406,252.34503173828125,442.433837890625,15
Flickr30K/281658184.jpg,/content/Image_captioning_Local/Flickr30K/flickr30k_images/flickr30k_images/281658184.jpg,potted plant,0.520313024520874,41.113677978515625,403.4496765136719,74.94222259521484,431.9570007324219,15
Flickr30K/281658184.jpg,/content/Image_captioning_Local/Flickr30K/flickr30k_images/flickr30k_images/281658184.jpg,potted plant,0.5139409899711609,125.58409881591797,409.9540100097656,142.7715606689453,436.69732666015625,15
Flickr30K/281658184.jpg,/content/Image_captioning_Local/Flickr30K/flickr30k_images/flickr30k_images/281658184.jpg,potted plant,0.4171736538410187,4.683923721313477,401.74163818359375,31.03628158569336,428.0485534667969,15
Flickr30K/281658184.jpg,/content/Image_captioning_Local/Flickr30K/flickr30k_images/flickr30k_images/281658184.jpg,person,0.3971382975578308,46.40729522705078,257.91790771484375,61.94601058959961,304.36517333984375,15
Flickr30K/281658184.jpg,/content/Image_captioning_Local/Flickr30K/flickr30k_images/flickr30k_images/281658184.jpg,potted plant,0.3913748264312744,276.00494384765625,414.9413146972656,317.1442565917969,440.494140625,15
Flickr30K/281658184.jpg,/content/Image_captioning_Local/Flickr30K/flickr30k_images/flickr30k_images/281658184.jpg,potted plant,0.3747779428958893,341.63201904296875,416.1545715332031,378.3369445800781,434.8873291015625,15
Flickr30K/281658184.jpg,/content/Image_captioning_Local/Flickr30K/flickr30k_images/flickr30k_images/281658184.jpg,person,0.31829825043678284,292.46240234375,263.86602783203125,312.0978698730469,297.7270202636719,15
Flickr30K/281658184.jpg,/content/Image_captioning_Local/Flickr30K/flickr30k_images/flickr30k_images/281658184.jpg,person,0.3109707832336426,56.356178283691406,267.2337951660156,70.18543243408203,305.35882568359375,15
Flickr30K/281658184.jpg,/content/Image_captioning_Local/Flickr30K/flickr30k_images/flickr30k_images/281658184.jpg,potted plant,0.292453795671463,481.59283447265625,424.2312316894531,489.0,439.2979736328125,15
Flickr30K/281658184.jpg,/content/Image_captioning_Local/Flickr30K/flickr30k_images/flickr30k_images/281658184.jpg,potted plant,0.28602278232574463,413.7154541015625,417.94561767578125,456.6542663574219,441.4979553222656,15
Flickr30K/281706216.jpg,/content/Image_captioning_Local/Flickr30K/flickr30k_images/flickr30k_images/281706216.jpg,person,0.9437984228134155,137.80581665039062,0.0,351.8709411621094,271.7046813964844,1
Flickr30K/2817132182.jpg,/content/Image_captioning_Local/Flickr30K/flickr30k_images/flickr30k_images/2817132182.jpg,cup,0.863405704498291,23.956035614013672,264.2304992675781,54.780025482177734,303.41455078125,6
Flickr30K/2817132182.jpg,/content/Image_captioning_Local/Flickr30K/flickr30k_images/flickr30k_images/2817132182.jpg,person,0.8560109734535217,141.08309936523438,108.92033386230469,290.52496337890625,330.30511474609375,6
Flickr30K/2817132182.jpg,/content/Image_captioning_Local/Flickr30K/flickr30k_images/flickr30k_images/2817132182.jpg,dining table,0.8049623370170593,0.29718875885009766,216.48348999023438,187.6129608154297,330.19830322265625,6
Flickr30K/2817132182.jpg,/content/Image_captioning_Local/Flickr30K/flickr30k_images/flickr30k_images/2817132182.jpg,car,0.7728552222251892,438.87567138671875,83.16046905517578,499.8207092285156,155.56076049804688,6
Flickr30K/2817132182.jpg,/content/Image_captioning_Local/Flickr30K/flickr30k_images/flickr30k_images/2817132182.jpg,chair,0.2792015075683594,249.51719665527344,222.95413208007812,346.650634765625,331.4085998535156,6
Flickr30K/2817132182.jpg,/content/Image_captioning_Local/Flickr30K/flickr30k_images/flickr30k_images/2817132182.jpg,bowl,0.2745697796344757,62.593711853027344,315.7702331542969,116.92820739746094,332.5574035644531,6
Flickr30K/281716983.jpg,/content/Image_captioning_Local/Flickr30K/flickr30k_images/flickr30k_images/281716983.jpg,person,0.9180843234062195,177.32052612304688,22.26074981689453,429.3852844238281,368.64727783203125,2
Flickr30K/281716983.jpg,/content/Image_captioning_Local/Flickr30K/flickr30k_images/flickr30k_images/281716983.jpg,motorcycle,0.8376648426055908,51.88317108154297,109.02498626708984,496.13165283203125,370.9131164550781,2
Flickr30K/2817230861.jpg,/content/Image_captioning_Local/Flickr30K/flickr30k_images/flickr30k_images/2817230861.jpg,person,0.9061464071273804,112.08972930908203,88.69271087646484,277.0243225097656,475.0527038574219,4
Flickr30K/2817230861.jpg,/content/Image_captioning_Local/Flickr30K/flickr30k_images/flickr30k_images/2817230861.jpg,person,0.6332988142967224,129.73818969726562,89.8191909790039,235.11251831054688,439.72802734375,4
Flickr30K/2817230861.jpg,/content/Image_captioning_Local/Flickr30K/flickr30k_images/flickr30k_images/2817230861.jpg,sports ball,0.525010883808136,234.85806274414062,86.58834838867188,258.8018798828125,119.44583892822266,4
Flickr30K/2817230861.jpg,/content/Image_captioning_Local/Flickr30K/flickr30k_images/flickr30k_images/2817230861.jpg,sports ball,0.4473751485347748,234.63595581054688,86.3214340209961,271.2786560058594,120.87876892089844,4
Flickr30K/2817414272.jpg,/content/Image_captioning_Local/Flickr30K/flickr30k_images/flickr30k_images/2817414272.jpg,person,0.9012753963470459,168.88055419921875,122.46990203857422,293.5118713378906,488.8919677734375,4
Flickr30K/2817414272.jpg,/content/Image_captioning_Local/Flickr30K/flickr30k_images/flickr30k_images/2817414272.jpg,person,0.6468427777290344,140.47952270507812,121.3179931640625,237.6334686279297,447.87945556640625,4
Flickr30K/2817414272.jpg,/content/Image_captioning_Local/Flickr30K/flickr30k_images/flickr30k_images/2817414272.jpg,umbrella,0.3179107904434204,124.65200805664062,111.71176147460938,195.63369750976562,240.6043701171875,4
Flickr30K/2817414272.jpg,/content/Image_captioning_Local/Flickr30K/flickr30k_images/flickr30k_images/2817414272.jpg,person,0.31201010942459106,167.94378662109375,130.04550170898438,236.3609619140625,445.48846435546875,4
Flickr30K/281754914.jpg,/content/Image_captioning_Local/Flickr30K/flickr30k_images/flickr30k_images/281754914.jpg,person,0.7221353054046631,190.222900390625,126.20044708251953,361.2582092285156,371.28387451171875,1
Flickr30K/2817686385.jpg,/content/Image_captioning_Local/Flickr30K/flickr30k_images/flickr30k_images/2817686385.jpg,person,0.9354700446128845,85.60401153564453,96.49817657470703,284.9057312011719,360.4600524902344,7
Flickr30K/2817686385.jpg,/content/Image_captioning_Local/Flickr30K/flickr30k_images/flickr30k_images/2817686385.jpg,cup,0.9091697931289673,46.157264709472656,320.29443359375,110.26530456542969,440.8822021484375,7
Flickr30K/2817686385.jpg,/content/Image_captioning_Local/Flickr30K/flickr30k_images/flickr30k_images/2817686385.jpg,person,0.9026458263397217,36.4382209777832,47.832061767578125,123.37593841552734,329.2596435546875,7
Flickr30K/2817686385.jpg,/content/Image_captioning_Local/Flickr30K/flickr30k_images/flickr30k_images/2817686385.jpg,dining table,0.8983097672462463,3.8445472717285156,295.08795166015625,373.9889221191406,499.0945739746094,7
Flickr30K/2817686385.jpg,/content/Image_captioning_Local/Flickr30K/flickr30k_images/flickr30k_images/2817686385.jpg,person,0.8553732633590698,170.90802001953125,49.856685638427734,240.77783203125,170.91510009765625,7
Flickr30K/2817686385.jpg,/content/Image_captioning_Local/Flickr30K/flickr30k_images/flickr30k_images/2817686385.jpg,person,0.8427971005439758,204.76255798339844,64.30399322509766,255.348388671875,178.81532287597656,7
Flickr30K/2817686385.jpg,/content/Image_captioning_Local/Flickr30K/flickr30k_images/flickr30k_images/2817686385.jpg,cup,0.8043915033340454,210.99676513671875,272.0108642578125,253.81703186035156,357.841064453125,7
Flickr30K/2817847072.jpg,/content/Image_captioning_Local/Flickr30K/flickr30k_images/flickr30k_images/2817847072.jpg,person,0.9491176009178162,66.51397705078125,113.99097442626953,314.10955810546875,499.22991943359375,7
Flickr30K/2817847072.jpg,/content/Image_captioning_Local/Flickr30K/flickr30k_images/flickr30k_images/2817847072.jpg,person,0.8839811682701111,277.11358642578125,20.097721099853516,330.84039306640625,150.36679077148438,7
Flickr30K/2817847072.jpg,/content/Image_captioning_Local/Flickr30K/flickr30k_images/flickr30k_images/2817847072.jpg,person,0.880013644695282,54.8823127746582,0.14178752899169922,124.01266479492188,145.1708526611328,7
Flickr30K/2817847072.jpg,/content/Image_captioning_Local/Flickr30K/flickr30k_images/flickr30k_images/2817847072.jpg,person,0.8463925719261169,178.69509887695312,27.045690536499023,237.36749267578125,151.33688354492188,7
Flickr30K/2817847072.jpg,/content/Image_captioning_Local/Flickr30K/flickr30k_images/flickr30k_images/2817847072.jpg,person,0.7773237824440002,143.54290771484375,0.0948190689086914,217.1431121826172,88.20669555664062,7
Flickr30K/2817847072.jpg,/content/Image_captioning_Local/Flickr30K/flickr30k_images/flickr30k_images/2817847072.jpg,person,0.6607205271720886,98.07796478271484,16.006135940551758,163.84024047851562,146.1487579345703,7
Flickr30K/2817847072.jpg,/content/Image_captioning_Local/Flickr30K/flickr30k_images/flickr30k_images/2817847072.jpg,car,0.5721938610076904,195.16973876953125,0.11875033378601074,275.1319885253906,73.19339752197266,7
Flickr30K/281789241.jpg,/content/Image_captioning_Local/Flickr30K/flickr30k_images/flickr30k_images/281789241.jpg,person,0.9296295642852783,93.64891052246094,0.7969260215759277,269.2057189941406,258.7767028808594,4
Flickr30K/281789241.jpg,/content/Image_captioning_Local/Flickr30K/flickr30k_images/flickr30k_images/281789241.jpg,tv,0.8298362493515015,311.70819091796875,0.40599703788757324,499.8177490234375,68.4639663696289,4
Flickr30K/281789241.jpg,/content/Image_captioning_Local/Flickr30K/flickr30k_images/flickr30k_images/281789241.jpg,dining table,0.8147395253181458,3.0649185180664062,228.23614501953125,492.258544921875,331.08563232421875,4
Flickr30K/281789241.jpg,/content/Image_captioning_Local/Flickr30K/flickr30k_images/flickr30k_images/281789241.jpg,chair,0.7970824241638184,60.29329299926758,124.53050231933594,108.76544952392578,237.9780731201172,4
Flickr30K/281792349.jpg,/content/Image_captioning_Local/Flickr30K/flickr30k_images/flickr30k_images/281792349.jpg,person,0.9280849099159241,86.34990692138672,206.54783630371094,234.64279174804688,331.40753173828125,10
Flickr30K/281792349.jpg,/content/Image_captioning_Local/Flickr30K/flickr30k_images/flickr30k_images/281792349.jpg,person,0.9200045466423035,235.75643920898438,122.79252624511719,320.3309631347656,249.15618896484375,10
Flickr30K/281792349.jpg,/content/Image_captioning_Local/Flickr30K/flickr30k_images/flickr30k_images/281792349.jpg,person,0.9051095843315125,267.8214416503906,175.2157745361328,394.2455749511719,300.3856201171875,10
Flickr30K/281792349.jpg,/content/Image_captioning_Local/Flickr30K/flickr30k_images/flickr30k_images/281792349.jpg,person,0.904035210609436,233.25257873535156,5.013519287109375,349.5322265625,149.80221557617188,10
Flickr30K/281792349.jpg,/content/Image_captioning_Local/Flickr30K/flickr30k_images/flickr30k_images/281792349.jpg,person,0.8429941534996033,22.8477840423584,94.3628158569336,146.73968505859375,216.9935302734375,10
Flickr30K/281792349.jpg,/content/Image_captioning_Local/Flickr30K/flickr30k_images/flickr30k_images/281792349.jpg,person,0.7895596623420715,447.3461608886719,96.05183410644531,499.8503112792969,193.16387939453125,10
Flickr30K/281792349.jpg,/content/Image_captioning_Local/Flickr30K/flickr30k_images/flickr30k_images/281792349.jpg,chair,0.7322219014167786,24.591995239257812,136.01434326171875,141.2902069091797,252.05404663085938,10
Flickr30K/281792349.jpg,/content/Image_captioning_Local/Flickr30K/flickr30k_images/flickr30k_images/281792349.jpg,person,0.6089687347412109,322.0307312011719,107.2977066040039,451.3474426269531,223.3487548828125,10
Flickr30K/281792349.jpg,/content/Image_captioning_Local/Flickr30K/flickr30k_images/flickr30k_images/281792349.jpg,cup,0.6080539226531982,335.38824462890625,150.19374084472656,350.8846740722656,170.64947509765625,10
Flickr30K/281792349.jpg,/content/Image_captioning_Local/Flickr30K/flickr30k_images/flickr30k_images/281792349.jpg,book,0.41606131196022034,175.7934112548828,41.39179992675781,227.53329467773438,64.21665954589844,10
Flickr30K/2818336787.jpg,/content/Image_captioning_Local/Flickr30K/flickr30k_images/flickr30k_images/2818336787.jpg,person,0.8721674084663391,255.49989318847656,158.3017578125,289.1086120605469,264.80419921875,1
Flickr30K/2818419321.jpg,/content/Image_captioning_Local/Flickr30K/flickr30k_images/flickr30k_images/2818419321.jpg,person,0.9337648153305054,184.3037109375,153.67079162597656,292.7904968261719,368.619140625,1
Flickr30K/2818735880.jpg,/content/Image_captioning_Local/Flickr30K/flickr30k_images/flickr30k_images/2818735880.jpg,dog,0.8226397633552551,231.98516845703125,259.2254943847656,256.94500732421875,322.0594787597656,7
Flickr30K/2818735880.jpg,/content/Image_captioning_Local/Flickr30K/flickr30k_images/flickr30k_images/2818735880.jpg,dog,0.70380038022995,217.2707061767578,321.55438232421875,260.2889404296875,432.7746276855469,7
Flickr30K/2818735880.jpg,/content/Image_captioning_Local/Flickr30K/flickr30k_images/flickr30k_images/2818735880.jpg,dog,0.5362486243247986,0.0,269.3356018066406,41.24248123168945,347.0974426269531,7
Flickr30K/2818735880.jpg,/content/Image_captioning_Local/Flickr30K/flickr30k_images/flickr30k_images/2818735880.jpg,dog,0.5351532101631165,127.18355560302734,242.2884979248047,148.08848571777344,289.58428955078125,7
Flickr30K/2818735880.jpg,/content/Image_captioning_Local/Flickr30K/flickr30k_images/flickr30k_images/2818735880.jpg,sheep,0.4607032835483551,69.47799682617188,250.68316650390625,96.96892547607422,314.4254150390625,7
Flickr30K/2818735880.jpg,/content/Image_captioning_Local/Flickr30K/flickr30k_images/flickr30k_images/2818735880.jpg,dog,0.4258134365081787,69.4308853149414,250.68707275390625,96.9540023803711,314.48931884765625,7
Flickr30K/2818735880.jpg,/content/Image_captioning_Local/Flickr30K/flickr30k_images/flickr30k_images/2818735880.jpg,cow,0.2618575990200043,69.29812622070312,250.64439392089844,96.98429107666016,314.5986633300781,7
Flickr30K/2819000497.jpg,/content/Image_captioning_Local/Flickr30K/flickr30k_images/flickr30k_images/2819000497.jpg,person,0.9340034127235413,175.98533630371094,3.113126754760742,499.2680969238281,267.639404296875,6
Flickr30K/2819000497.jpg,/content/Image_captioning_Local/Flickr30K/flickr30k_images/flickr30k_images/2819000497.jpg,person,0.9118397235870361,0.2715945243835449,0.0,161.1957244873047,142.05606079101562,6
Flickr30K/2819000497.jpg,/content/Image_captioning_Local/Flickr30K/flickr30k_images/flickr30k_images/2819000497.jpg,bed,0.6405754685401917,3.607511520385742,186.58790588378906,480.96795654296875,332.51251220703125,6
Flickr30K/2819000497.jpg,/content/Image_captioning_Local/Flickr30K/flickr30k_images/flickr30k_images/2819000497.jpg,person,0.5128200650215149,138.21156311035156,215.92044067382812,286.74090576171875,332.54217529296875,6
Flickr30K/2819000497.jpg,/content/Image_captioning_Local/Flickr30K/flickr30k_images/flickr30k_images/2819000497.jpg,person,0.5018693208694458,136.48423767089844,196.70925903320312,498.4733581542969,332.2881774902344,6
Flickr30K/2819000497.jpg,/content/Image_captioning_Local/Flickr30K/flickr30k_images/flickr30k_images/2819000497.jpg,person,0.32583367824554443,18.89824867248535,185.35609436035156,497.4820251464844,332.07965087890625,6
Flickr30K/2819188080.jpg,/content/Image_captioning_Local/Flickr30K/flickr30k_images/flickr30k_images/2819188080.jpg,person,0.883701503276825,10.730814933776855,80.06378173828125,88.09452819824219,265.49267578125,13
Flickr30K/2819188080.jpg,/content/Image_captioning_Local/Flickr30K/flickr30k_images/flickr30k_images/2819188080.jpg,person,0.8592007160186768,144.7509765625,115.74591064453125,186.37344360351562,219.82078552246094,13
Flickr30K/2819188080.jpg,/content/Image_captioning_Local/Flickr30K/flickr30k_images/flickr30k_images/2819188080.jpg,person,0.8507344126701355,363.1536560058594,47.65868377685547,498.0037841796875,273.55517578125,13
Flickr30K/2819188080.jpg,/content/Image_captioning_Local/Flickr30K/flickr30k_images/flickr30k_images/2819188080.jpg,person,0.8445665240287781,82.69000244140625,111.31591796875,121.53575134277344,223.49371337890625,13
Flickr30K/2819188080.jpg,/content/Image_captioning_Local/Flickr30K/flickr30k_images/flickr30k_images/2819188080.jpg,person,0.8104605674743652,224.34963989257812,105.81423950195312,270.0982666015625,221.3848419189453,13
Flickr30K/2819188080.jpg,/content/Image_captioning_Local/Flickr30K/flickr30k_images/flickr30k_images/2819188080.jpg,person,0.7537001967430115,307.9219970703125,102.45823669433594,339.7374572753906,220.3166961669922,13
Flickr30K/2819188080.jpg,/content/Image_captioning_Local/Flickr30K/flickr30k_images/flickr30k_images/2819188080.jpg,car,0.6448796987533569,0.06344318389892578,164.67819213867188,18.200366973876953,190.81163024902344,13
Flickr30K/2819188080.jpg,/content/Image_captioning_Local/Flickr30K/flickr30k_images/flickr30k_images/2819188080.jpg,person,0.4722627103328705,288.8119812011719,137.28518676757812,303.5080871582031,177.73480224609375,13
Flickr30K/2819188080.jpg,/content/Image_captioning_Local/Flickr30K/flickr30k_images/flickr30k_images/2819188080.jpg,person,0.43218156695365906,183.79466247558594,142.77200317382812,198.05319213867188,183.489990234375,13
Flickr30K/2819188080.jpg,/content/Image_captioning_Local/Flickr30K/flickr30k_images/flickr30k_images/2819188080.jpg,person,0.3841528594493866,335.4757385253906,99.69194793701172,377.8567810058594,203.07406616210938,13
Flickr30K/2819188080.jpg,/content/Image_captioning_Local/Flickr30K/flickr30k_images/flickr30k_images/2819188080.jpg,handbag,0.3675105571746826,330.3019104003906,199.84852600097656,352.9779052734375,228.41403198242188,13
Flickr30K/2819188080.jpg,/content/Image_captioning_Local/Flickr30K/flickr30k_images/flickr30k_images/2819188080.jpg,person,0.2960371673107147,73.74966430664062,142.89797973632812,88.468017578125,192.57559204101562,13
Flickr30K/2819188080.jpg,/content/Image_captioning_Local/Flickr30K/flickr30k_images/flickr30k_images/2819188080.jpg,person,0.29104384779930115,201.94680786132812,140.6619110107422,214.50802612304688,174.0526123046875,13
Flickr30K/2819254573.jpg,/content/Image_captioning_Local/Flickr30K/flickr30k_images/flickr30k_images/2819254573.jpg,person,0.9348240494728088,229.4527587890625,47.94239807128906,499.6060791015625,371.1412353515625,5
Flickr30K/2819254573.jpg,/content/Image_captioning_Local/Flickr30K/flickr30k_images/flickr30k_images/2819254573.jpg,person,0.717482328414917,444.3167724609375,1.7491817474365234,499.7527160644531,295.78485107421875,5
Flickr30K/2819254573.jpg,/content/Image_captioning_Local/Flickr30K/flickr30k_images/flickr30k_images/2819254573.jpg,person,0.5410954356193542,189.88070678710938,0.0,457.69537353515625,177.03233337402344,5
Flickr30K/2819254573.jpg,/content/Image_captioning_Local/Flickr30K/flickr30k_images/flickr30k_images/2819254573.jpg,person,0.30684369802474976,313.4659423828125,0.21290183067321777,459.5859069824219,115.55342864990234,5
Flickr30K/2819254573.jpg,/content/Image_captioning_Local/Flickr30K/flickr30k_images/flickr30k_images/2819254573.jpg,person,0.27025699615478516,190.8795623779297,0.0,316.572509765625,176.59857177734375,5
Flickr30K/2819466992.jpg,/content/Image_captioning_Local/Flickr30K/flickr30k_images/flickr30k_images/2819466992.jpg,person,0.9536551237106323,238.11712646484375,12.138235092163086,479.6450500488281,211.1405792236328,1
Flickr30K/281963267.jpg,/content/Image_captioning_Local/Flickr30K/flickr30k_images/flickr30k_images/281963267.jpg,person,0.9002974629402161,306.53399658203125,21.398210525512695,455.3437194824219,453.0542297363281,9
Flickr30K/281963267.jpg,/content/Image_captioning_Local/Flickr30K/flickr30k_images/flickr30k_images/281963267.jpg,person,0.89619380235672,271.9210510253906,87.14830780029297,321.0587463378906,227.6267547607422,9
Flickr30K/281963267.jpg,/content/Image_captioning_Local/Flickr30K/flickr30k_images/flickr30k_images/281963267.jpg,dog,0.8957625031471252,94.36292266845703,216.89805603027344,204.3632049560547,365.74774169921875,9
Flickr30K/281963267.jpg,/content/Image_captioning_Local/Flickr30K/flickr30k_images/flickr30k_images/281963267.jpg,person,0.8861954212188721,49.93729019165039,47.99132537841797,196.4250030517578,322.2917175292969,9
Flickr30K/281963267.jpg,/content/Image_captioning_Local/Flickr30K/flickr30k_images/flickr30k_images/281963267.jpg,person,0.8809987306594849,423.9468688964844,60.871551513671875,499.8208923339844,373.2757568359375,9
Flickr30K/281963267.jpg,/content/Image_captioning_Local/Flickr30K/flickr30k_images/flickr30k_images/281963267.jpg,bench,0.49951887130737305,0.37734508514404297,266.9753723144531,87.14348602294922,344.9355773925781,9
Flickr30K/281963267.jpg,/content/Image_captioning_Local/Flickr30K/flickr30k_images/flickr30k_images/281963267.jpg,person,0.3057430684566498,453.4426574707031,108.68563842773438,499.76129150390625,349.0126037597656,9
Flickr30K/281963267.jpg,/content/Image_captioning_Local/Flickr30K/flickr30k_images/flickr30k_images/281963267.jpg,person,0.2919046878814697,489.9794616699219,55.73445510864258,499.82080078125,97.83675384521484,9
Flickr30K/281963267.jpg,/content/Image_captioning_Local/Flickr30K/flickr30k_images/flickr30k_images/281963267.jpg,person,0.27415671944618225,479.2352294921875,393.16473388671875,499.82666015625,421.967041015625,9
Flickr30K/2819833106.jpg,/content/Image_captioning_Local/Flickr30K/flickr30k_images/flickr30k_images/2819833106.jpg,person,0.9353978633880615,223.58493041992188,53.17939376831055,429.337158203125,332.7481689453125,4
Flickr30K/2819833106.jpg,/content/Image_captioning_Local/Flickr30K/flickr30k_images/flickr30k_images/2819833106.jpg,person,0.8691083788871765,36.03181838989258,17.47889518737793,243.88682556152344,330.832763671875,4
Flickr30K/2819833106.jpg,/content/Image_captioning_Local/Flickr30K/flickr30k_images/flickr30k_images/2819833106.jpg,person,0.6386419534683228,0.16219615936279297,102.92778015136719,71.18706512451172,298.53753662109375,4
Flickr30K/2819833106.jpg,/content/Image_captioning_Local/Flickr30K/flickr30k_images/flickr30k_images/2819833106.jpg,book,0.254229873418808,223.89382934570312,295.84222412109375,293.8388671875,334.8287658691406,4
Flickr30K/2820063211.jpg,/content/Image_captioning_Local/Flickr30K/flickr30k_images/flickr30k_images/2820063211.jpg,sports ball,0.935163140296936,135.35943603515625,75.68022918701172,182.54856872558594,122.64571380615234,2
Flickr30K/2820063211.jpg,/content/Image_captioning_Local/Flickr30K/flickr30k_images/flickr30k_images/2820063211.jpg,person,0.9172422885894775,80.194091796875,160.00657653808594,436.1675720214844,479.4169006347656,2
Flickr30K/2820512895.jpg,/content/Image_captioning_Local/Flickr30K/flickr30k_images/flickr30k_images/2820512895.jpg,person,0.9346219897270203,34.864280700683594,131.82530212402344,297.70928955078125,371.87689208984375,1
Flickr30K/282052899.jpg,/content/Image_captioning_Local/Flickr30K/flickr30k_images/flickr30k_images/282052899.jpg,person,0.8274020552635193,103.10177612304688,8.964384078979492,431.982421875,330.0513610839844,4
Flickr30K/282052899.jpg,/content/Image_captioning_Local/Flickr30K/flickr30k_images/flickr30k_images/282052899.jpg,bottle,0.7285597920417786,0.03950297832489014,256.35369873046875,34.88117980957031,332.4012145996094,4
Flickr30K/282052899.jpg,/content/Image_captioning_Local/Flickr30K/flickr30k_images/flickr30k_images/282052899.jpg,cup,0.4344029724597931,48.79558563232422,304.5719299316406,89.15596771240234,333.0,4
Flickr30K/282052899.jpg,/content/Image_captioning_Local/Flickr30K/flickr30k_images/flickr30k_images/282052899.jpg,wine glass,0.30300962924957275,89.03960418701172,305.69915771484375,116.37391662597656,332.75433349609375,4
Flickr30K/2820596638.jpg,/content/Image_captioning_Local/Flickr30K/flickr30k_images/flickr30k_images/2820596638.jpg,person,0.9298143982887268,354.55621337890625,187.62741088867188,439.0694274902344,372.8878173828125,6
Flickr30K/2820596638.jpg,/content/Image_captioning_Local/Flickr30K/flickr30k_images/flickr30k_images/2820596638.jpg,backpack,0.8343416452407837,368.16253662109375,212.45999145507812,417.75091552734375,276.32098388671875,6
Flickr30K/2820596638.jpg,/content/Image_captioning_Local/Flickr30K/flickr30k_images/flickr30k_images/2820596638.jpg,person,0.8125995993614197,430.08203125,209.14988708496094,467.48095703125,344.39434814453125,6
Flickr30K/2820596638.jpg,/content/Image_captioning_Local/Flickr30K/flickr30k_images/flickr30k_images/2820596638.jpg,backpack,0.5645744800567627,431.74981689453125,231.2033233642578,461.3034362792969,268.63970947265625,6
Flickr30K/2820596638.jpg,/content/Image_captioning_Local/Flickr30K/flickr30k_images/flickr30k_images/2820596638.jpg,backpack,0.4103321135044098,421.1661376953125,269.1315612792969,443.60693359375,314.0839538574219,6
Flickr30K/2820596638.jpg,/content/Image_captioning_Local/Flickr30K/flickr30k_images/flickr30k_images/2820596638.jpg,backpack,0.4085085690021515,374.7727355957031,212.89515686035156,418.5243225097656,264.97998046875,6
Flickr30K/282116218.jpg,/content/Image_captioning_Local/Flickr30K/flickr30k_images/flickr30k_images/282116218.jpg,dog,0.9447064399719238,193.1316375732422,40.05188751220703,436.5110778808594,371.8995056152344,3
Flickr30K/282116218.jpg,/content/Image_captioning_Local/Flickr30K/flickr30k_images/flickr30k_images/282116218.jpg,frisbee,0.5558409094810486,250.22935485839844,121.96746063232422,383.3732604980469,240.33795166015625,3
Flickr30K/282116218.jpg,/content/Image_captioning_Local/Flickr30K/flickr30k_images/flickr30k_images/282116218.jpg,sports ball,0.3723777234554291,250.17958068847656,122.84994506835938,383.3712463378906,240.78826904296875,3
Flickr30K/282131366.jpg,/content/Image_captioning_Local/Flickr30K/flickr30k_images/flickr30k_images/282131366.jpg,person,0.9183900952339172,185.21533203125,168.95057678222656,319.21429443359375,487.5404357910156,2
Flickr30K/282131366.jpg,/content/Image_captioning_Local/Flickr30K/flickr30k_images/flickr30k_images/282131366.jpg,person,0.6358827352523804,7.96506404876709,98.11041259765625,37.14329147338867,185.4602813720703,2
Flickr30K/2821352858.jpg,/content/Image_captioning_Local/Flickr30K/flickr30k_images/flickr30k_images/2821352858.jpg,person,0.9214754104614258,122.48959350585938,54.953861236572266,331.5321044921875,370.39373779296875,2
Flickr30K/2821352858.jpg,/content/Image_captioning_Local/Flickr30K/flickr30k_images/flickr30k_images/2821352858.jpg,person,0.6744908690452576,297.7100830078125,98.98575592041016,407.5502014160156,306.77557373046875,2
Flickr30K/2821356536.jpg,/content/Image_captioning_Local/Flickr30K/flickr30k_images/flickr30k_images/2821356536.jpg,person,0.9242526888847351,26.89908218383789,79.22286987304688,176.0546875,498.3717956542969,3
Flickr30K/2821356536.jpg,/content/Image_captioning_Local/Flickr30K/flickr30k_images/flickr30k_images/2821356536.jpg,person,0.8978229761123657,277.01007080078125,193.7147674560547,375.0,320.94677734375,3
Flickr30K/2821356536.jpg,/content/Image_captioning_Local/Flickr30K/flickr30k_images/flickr30k_images/2821356536.jpg,bench,0.27684077620506287,0.012278556823730469,206.81219482421875,87.74249267578125,498.84625244140625,3
Flickr30K/2821374709.jpg,/content/Image_captioning_Local/Flickr30K/flickr30k_images/flickr30k_images/2821374709.jpg,person,0.7986456155776978,45.56555938720703,93.00347900390625,285.5419616699219,330.9170837402344,5
Flickr30K/2821374709.jpg,/content/Image_captioning_Local/Flickr30K/flickr30k_images/flickr30k_images/2821374709.jpg,laptop,0.6660206913948059,48.73298263549805,22.016191482543945,185.29571533203125,129.90460205078125,5
Flickr30K/2821374709.jpg,/content/Image_captioning_Local/Flickr30K/flickr30k_images/flickr30k_images/2821374709.jpg,person,0.4193700850009918,453.4401550292969,1.2721776962280273,499.6478576660156,150.10702514648438,5
Flickr30K/2821374709.jpg,/content/Image_captioning_Local/Flickr30K/flickr30k_images/flickr30k_images/2821374709.jpg,cup,0.37700966000556946,11.591974258422852,268.92791748046875,37.62696838378906,291.5280456542969,5
Flickr30K/2821374709.jpg,/content/Image_captioning_Local/Flickr30K/flickr30k_images/flickr30k_images/2821374709.jpg,cup,0.2510069012641907,28.258281707763672,260.44927978515625,49.94943618774414,280.8404541015625,5
Flickr30K/2822148499.jpg,/content/Image_captioning_Local/Flickr30K/flickr30k_images/flickr30k_images/2822148499.jpg,dog,0.9305911064147949,11.483287811279297,74.44314575195312,271.9747619628906,268.0037536621094,3
Flickr30K/2822148499.jpg,/content/Image_captioning_Local/Flickr30K/flickr30k_images/flickr30k_images/2822148499.jpg,sports ball,0.48221004009246826,410.5146789550781,277.0615539550781,443.21807861328125,296.1861572265625,3
Flickr30K/2822148499.jpg,/content/Image_captioning_Local/Flickr30K/flickr30k_images/flickr30k_images/2822148499.jpg,sports ball,0.4152037799358368,410.31683349609375,277.1388854980469,443.423828125,307.3668212890625,3
Flickr30K/2822156510.jpg,/content/Image_captioning_Local/Flickr30K/flickr30k_images/flickr30k_images/2822156510.jpg,person,0.8765408992767334,441.70343017578125,116.92362976074219,499.8473205566406,273.8861083984375,11
Flickr30K/2822156510.jpg,/content/Image_captioning_Local/Flickr30K/flickr30k_images/flickr30k_images/2822156510.jpg,person,0.8753690123558044,379.3913879394531,110.61697387695312,433.115478515625,300.8277893066406,11
Flickr30K/2822156510.jpg,/content/Image_captioning_Local/Flickr30K/flickr30k_images/flickr30k_images/2822156510.jpg,person,0.8365867733955383,131.1424560546875,164.82882690429688,164.89999389648438,226.82485961914062,11
Flickr30K/2822156510.jpg,/content/Image_captioning_Local/Flickr30K/flickr30k_images/flickr30k_images/2822156510.jpg,person,0.8028845191001892,338.35186767578125,118.3694839477539,373.3505859375,246.49114990234375,11
Flickr30K/2822156510.jpg,/content/Image_captioning_Local/Flickr30K/flickr30k_images/flickr30k_images/2822156510.jpg,person,0.7754351496696472,315.8301086425781,131.9561004638672,350.3211364746094,262.96533203125,11
Flickr30K/2822156510.jpg,/content/Image_captioning_Local/Flickr30K/flickr30k_images/flickr30k_images/2822156510.jpg,person,0.7285506725311279,263.8852233886719,156.27474975585938,289.8634033203125,205.33689880371094,11
Flickr30K/2822156510.jpg,/content/Image_captioning_Local/Flickr30K/flickr30k_images/flickr30k_images/2822156510.jpg,person,0.5282097458839417,369.89764404296875,136.4451446533203,394.6400146484375,237.3507080078125,11
Flickr30K/2822156510.jpg,/content/Image_captioning_Local/Flickr30K/flickr30k_images/flickr30k_images/2822156510.jpg,person,0.505882978439331,429.43353271484375,147.17428588867188,457.4662170410156,208.86380004882812,11
Flickr30K/2822156510.jpg,/content/Image_captioning_Local/Flickr30K/flickr30k_images/flickr30k_images/2822156510.jpg,frisbee,0.461286723613739,312.35223388671875,215.3001251220703,336.90679931640625,238.62628173828125,11
Flickr30K/2822156510.jpg,/content/Image_captioning_Local/Flickr30K/flickr30k_images/flickr30k_images/2822156510.jpg,person,0.4504738748073578,50.144100189208984,189.0533905029297,83.68496704101562,267.928466796875,11
Flickr30K/2822156510.jpg,/content/Image_captioning_Local/Flickr30K/flickr30k_images/flickr30k_images/2822156510.jpg,frisbee,0.3876704275608063,259.6759338378906,195.29771423339844,272.4139099121094,208.1673583984375,11
Flickr30K/2822265828.jpg,/content/Image_captioning_Local/Flickr30K/flickr30k_images/flickr30k_images/2822265828.jpg,person,0.6655198931694031,192.59075927734375,157.21688842773438,225.56700134277344,246.36903381347656,22
Flickr30K/2822265828.jpg,/content/Image_captioning_Local/Flickr30K/flickr30k_images/flickr30k_images/2822265828.jpg,person,0.5631206035614014,325.20770263671875,159.1552734375,355.12872314453125,241.90187072753906,22
Flickr30K/2822265828.jpg,/content/Image_captioning_Local/Flickr30K/flickr30k_images/flickr30k_images/2822265828.jpg,person,0.5417723059654236,413.0113525390625,164.03794860839844,442.001708984375,238.6923828125,22
Flickr30K/2822265828.jpg,/content/Image_captioning_Local/Flickr30K/flickr30k_images/flickr30k_images/2822265828.jpg,person,0.5124440789222717,381.8172912597656,158.97645568847656,415.075439453125,239.17178344726562,22
Flickr30K/2822265828.jpg,/content/Image_captioning_Local/Flickr30K/flickr30k_images/flickr30k_images/2822265828.jpg,person,0.5094409584999084,351.3108825683594,155.70822143554688,381.10406494140625,240.56109619140625,22
Flickr30K/2822265828.jpg,/content/Image_captioning_Local/Flickr30K/flickr30k_images/flickr30k_images/2822265828.jpg,umbrella,0.5064219236373901,357.0904846191406,30.356836318969727,403.2153625488281,61.979103088378906,22
Flickr30K/2822265828.jpg,/content/Image_captioning_Local/Flickr30K/flickr30k_images/flickr30k_images/2822265828.jpg,person,0.5030178427696228,224.59326171875,156.3322296142578,262.4237976074219,246.7541961669922,22
Flickr30K/2822265828.jpg,/content/Image_captioning_Local/Flickr30K/flickr30k_images/flickr30k_images/2822265828.jpg,person,0.49109840393066406,441.4473571777344,157.86285400390625,481.81964111328125,239.6228790283203,22
Flickr30K/2822265828.jpg,/content/Image_captioning_Local/Flickr30K/flickr30k_images/flickr30k_images/2822265828.jpg,person,0.45982199907302856,275.6867370605469,161.9676513671875,305.43634033203125,241.79725646972656,22
Flickr30K/2822265828.jpg,/content/Image_captioning_Local/Flickr30K/flickr30k_images/flickr30k_images/2822265828.jpg,person,0.4551389515399933,252.41189575195312,159.5958251953125,281.9512023925781,241.93849182128906,22
Flickr30K/2822265828.jpg,/content/Image_captioning_Local/Flickr30K/flickr30k_images/flickr30k_images/2822265828.jpg,person,0.44387584924697876,299.7350158691406,161.78016662597656,328.3465881347656,241.02536010742188,22
Flickr30K/2822265828.jpg,/content/Image_captioning_Local/Flickr30K/flickr30k_images/flickr30k_images/2822265828.jpg,umbrella,0.4306299090385437,308.5174560546875,28.8362979888916,358.563232421875,47.12028503417969,22
Flickr30K/2822265828.jpg,/content/Image_captioning_Local/Flickr30K/flickr30k_images/flickr30k_images/2822265828.jpg,umbrella,0.40572187304496765,1.0314315557479858,50.57574462890625,48.114803314208984,79.15664672851562,22
Flickr30K/2822265828.jpg,/content/Image_captioning_Local/Flickr30K/flickr30k_images/flickr30k_images/2822265828.jpg,person,0.3900879919528961,158.0033721923828,161.64186096191406,196.370361328125,244.98031616210938,22
Flickr30K/2822265828.jpg,/content/Image_captioning_Local/Flickr30K/flickr30k_images/flickr30k_images/2822265828.jpg,person,0.38329407572746277,17.68857192993164,163.85440063476562,53.084964752197266,245.03555297851562,22
Flickr30K/2822265828.jpg,/content/Image_captioning_Local/Flickr30K/flickr30k_images/flickr30k_images/2822265828.jpg,person,0.36369016766548157,94.84414672851562,161.1756591796875,126.9256820678711,245.22926330566406,22
Flickr30K/2822265828.jpg,/content/Image_captioning_Local/Flickr30K/flickr30k_images/flickr30k_images/2822265828.jpg,person,0.35158562660217285,52.00386047363281,163.95425415039062,82.24922180175781,246.9313201904297,22
Flickr30K/2822265828.jpg,/content/Image_captioning_Local/Flickr30K/flickr30k_images/flickr30k_images/2822265828.jpg,person,0.3452865779399872,471.9346923828125,162.14797973632812,499.8588562011719,239.4066619873047,22
Flickr30K/2822265828.jpg,/content/Image_captioning_Local/Flickr30K/flickr30k_images/flickr30k_images/2822265828.jpg,person,0.318075031042099,74.48358154296875,166.0291748046875,101.32804107666016,245.2920379638672,22
Flickr30K/2822265828.jpg,/content/Image_captioning_Local/Flickr30K/flickr30k_images/flickr30k_images/2822265828.jpg,person,0.30637118220329285,0.0,166.7887725830078,18.939516067504883,245.68194580078125,22
Flickr30K/2822265828.jpg,/content/Image_captioning_Local/Flickr30K/flickr30k_images/flickr30k_images/2822265828.jpg,umbrella,0.30273500084877014,356.9891052246094,30.74784278869629,403.2742614746094,52.85043716430664,22
Flickr30K/2822265828.jpg,/content/Image_captioning_Local/Flickr30K/flickr30k_images/flickr30k_images/2822265828.jpg,person,0.26340386271476746,116.7408676147461,161.33795166015625,150.51048278808594,245.3776397705078,22
Flickr30K/2822290399.jpg,/content/Image_captioning_Local/Flickr30K/flickr30k_images/flickr30k_images/2822290399.jpg,dog,0.8776760101318359,131.24642944335938,165.64393615722656,180.491455078125,236.40293884277344,1
Flickr30K/2822418176.jpg,/content/Image_captioning_Local/Flickr30K/flickr30k_images/flickr30k_images/2822418176.jpg,person,0.8773268461227417,17.99449920654297,40.196861267089844,159.06178283691406,438.34356689453125,1
Flickr30K/2822689563.jpg,/content/Image_captioning_Local/Flickr30K/flickr30k_images/flickr30k_images/2822689563.jpg,person,0.9235475063323975,402.5204772949219,164.76211547851562,487.89874267578125,266.608154296875,10
Flickr30K/2822689563.jpg,/content/Image_captioning_Local/Flickr30K/flickr30k_images/flickr30k_images/2822689563.jpg,person,0.9043923616409302,219.66348266601562,163.2637939453125,290.77239990234375,248.75201416015625,10
Flickr30K/2822689563.jpg,/content/Image_captioning_Local/Flickr30K/flickr30k_images/flickr30k_images/2822689563.jpg,person,0.8546093702316284,325.3453674316406,167.47364807128906,392.3621520996094,255.87281799316406,10
Flickr30K/2822689563.jpg,/content/Image_captioning_Local/Flickr30K/flickr30k_images/flickr30k_images/2822689563.jpg,chair,0.7550702095031738,479.2694091796875,226.60675048828125,499.79351806640625,266.78375244140625,10
Flickr30K/2822689563.jpg,/content/Image_captioning_Local/Flickr30K/flickr30k_images/flickr30k_images/2822689563.jpg,cup,0.7400529384613037,359.5328369140625,240.88011169433594,376.3504943847656,256.6459655761719,10
Flickr30K/2822689563.jpg,/content/Image_captioning_Local/Flickr30K/flickr30k_images/flickr30k_images/2822689563.jpg,tie,0.6162019968032837,248.7199249267578,200.20875549316406,258.1034240722656,234.64108276367188,10
Flickr30K/2822689563.jpg,/content/Image_captioning_Local/Flickr30K/flickr30k_images/flickr30k_images/2822689563.jpg,person,0.605278491973877,103.53424835205078,203.60235595703125,180.8470001220703,256.37603759765625,10
Flickr30K/2822689563.jpg,/content/Image_captioning_Local/Flickr30K/flickr30k_images/flickr30k_images/2822689563.jpg,tie,0.5616046190261841,426.136962890625,208.60009765625,433.2542419433594,232.27200317382812,10
Flickr30K/2822689563.jpg,/content/Image_captioning_Local/Flickr30K/flickr30k_images/flickr30k_images/2822689563.jpg,chair,0.5548992156982422,388.5205383300781,220.1598663330078,398.17718505859375,257.5349426269531,10
Flickr30K/2822689563.jpg,/content/Image_captioning_Local/Flickr30K/flickr30k_images/flickr30k_images/2822689563.jpg,tie,0.3455463945865631,421.5173645019531,208.90426635742188,433.094970703125,251.14193725585938,10
Flickr30K/2822891602.jpg,/content/Image_captioning_Local/Flickr30K/flickr30k_images/flickr30k_images/2822891602.jpg,person,0.8964093923568726,3.7751197814941406,158.57833862304688,336.4441833496094,498.3675537109375,1
Flickr30K/2823056477.jpg,/content/Image_captioning_Local/Flickr30K/flickr30k_images/flickr30k_images/2823056477.jpg,person,0.9128225445747375,123.9735107421875,109.78336334228516,250.20956420898438,334.3399963378906,4
Flickr30K/2823056477.jpg,/content/Image_captioning_Local/Flickr30K/flickr30k_images/flickr30k_images/2823056477.jpg,car,0.8687512278556824,186.09437561035156,5.103158950805664,217.98434448242188,30.061765670776367,4
Flickr30K/2823056477.jpg,/content/Image_captioning_Local/Flickr30K/flickr30k_images/flickr30k_images/2823056477.jpg,skateboard,0.7896718382835388,139.72857666015625,304.2487487792969,228.9754638671875,356.04949951171875,4
Flickr30K/2823056477.jpg,/content/Image_captioning_Local/Flickr30K/flickr30k_images/flickr30k_images/2823056477.jpg,car,0.32842257618904114,0.9088754653930664,0.05875155329704285,47.107337951660156,7.936893463134766,4
Flickr30K/2823075967.jpg,/content/Image_captioning_Local/Flickr30K/flickr30k_images/flickr30k_images/2823075967.jpg,dog,0.8319181799888611,136.43344116210938,3.9804935455322266,498.4766540527344,329.0881042480469,2
Flickr30K/2823075967.jpg,/content/Image_captioning_Local/Flickr30K/flickr30k_images/flickr30k_images/2823075967.jpg,dog,0.32656270265579224,191.1621551513672,2.1785974502563477,499.2218933105469,262.95196533203125,2
Flickr30K/282308302.jpg,/content/Image_captioning_Local/Flickr30K/flickr30k_images/flickr30k_images/282308302.jpg,person,0.9263379573822021,109.76734161376953,145.3699188232422,254.3134765625,274.7121887207031,3
Flickr30K/282308302.jpg,/content/Image_captioning_Local/Flickr30K/flickr30k_images/flickr30k_images/282308302.jpg,chair,0.898558497428894,0.24925470352172852,45.14471435546875,41.403282165527344,141.6884307861328,3
Flickr30K/282308302.jpg,/content/Image_captioning_Local/Flickr30K/flickr30k_images/flickr30k_images/282308302.jpg,car,0.4575366973876953,23.36164665222168,0.49317479133605957,100.79108428955078,46.03364562988281,3
Flickr30K/2823103057.jpg,/content/Image_captioning_Local/Flickr30K/flickr30k_images/flickr30k_images/2823103057.jpg,person,0.906051516532898,194.68882751464844,100.47917175292969,361.2455139160156,264.0784606933594,12
Flickr30K/2823103057.jpg,/content/Image_captioning_Local/Flickr30K/flickr30k_images/flickr30k_images/2823103057.jpg,person,0.8979105353355408,51.045536041259766,15.441596984863281,167.279296875,241.52297973632812,12
Flickr30K/2823103057.jpg,/content/Image_captioning_Local/Flickr30K/flickr30k_images/flickr30k_images/2823103057.jpg,person,0.8958232402801514,105.42543029785156,85.5091781616211,238.10186767578125,259.2359313964844,12
Flickr30K/2823103057.jpg,/content/Image_captioning_Local/Flickr30K/flickr30k_images/flickr30k_images/2823103057.jpg,person,0.8444786667823792,184.3512725830078,79.70733642578125,271.42547607421875,206.15158081054688,12
Flickr30K/2823103057.jpg,/content/Image_captioning_Local/Flickr30K/flickr30k_images/flickr30k_images/2823103057.jpg,person,0.8433486819267273,326.93988037109375,61.597476959228516,428.49969482421875,251.74192810058594,12
Flickr30K/2823103057.jpg,/content/Image_captioning_Local/Flickr30K/flickr30k_images/flickr30k_images/2823103057.jpg,person,0.6577728986740112,230.6995391845703,48.35542297363281,296.1850280761719,182.75350952148438,12
Flickr30K/2823103057.jpg,/content/Image_captioning_Local/Flickr30K/flickr30k_images/flickr30k_images/2823103057.jpg,person,0.5139276385307312,109.64041137695312,57.440673828125,205.73582458496094,212.72268676757812,12
Flickr30K/2823103057.jpg,/content/Image_captioning_Local/Flickr30K/flickr30k_images/flickr30k_images/2823103057.jpg,surfboard,0.46421149373054504,360.3695068359375,25.500202178955078,499.67919921875,200.5889892578125,12
Flickr30K/2823103057.jpg,/content/Image_captioning_Local/Flickr30K/flickr30k_images/flickr30k_images/2823103057.jpg,person,0.46414244174957275,144.59786987304688,27.234554290771484,244.10939025878906,90.04931640625,12
Flickr30K/2823103057.jpg,/content/Image_captioning_Local/Flickr30K/flickr30k_images/flickr30k_images/2823103057.jpg,chair,0.4313631057739258,394.83026123046875,126.20792388916016,457.2521667480469,208.9399871826172,12
Flickr30K/2823103057.jpg,/content/Image_captioning_Local/Flickr30K/flickr30k_images/flickr30k_images/2823103057.jpg,person,0.34758511185646057,307.1051025390625,67.05712890625,351.5958251953125,151.60040283203125,12
Flickr30K/2823103057.jpg,/content/Image_captioning_Local/Flickr30K/flickr30k_images/flickr30k_images/2823103057.jpg,person,0.26919642090797424,235.60299682617188,106.27937316894531,291.89129638671875,180.62600708007812,12
Flickr30K/2823200990.jpg,/content/Image_captioning_Local/Flickr30K/flickr30k_images/flickr30k_images/2823200990.jpg,person,0.9282720685005188,10.981237411499023,50.971126556396484,283.0068054199219,303.6334533691406,6
Flickr30K/2823200990.jpg,/content/Image_captioning_Local/Flickr30K/flickr30k_images/flickr30k_images/2823200990.jpg,chair,0.8260194063186646,118.02825927734375,185.0734100341797,332.9629821777344,432.6816101074219,6
Flickr30K/2823200990.jpg,/content/Image_captioning_Local/Flickr30K/flickr30k_images/flickr30k_images/2823200990.jpg,person,0.7035786509513855,0.0,255.12437438964844,75.64966583251953,348.69793701171875,6
Flickr30K/2823200990.jpg,/content/Image_captioning_Local/Flickr30K/flickr30k_images/flickr30k_images/2823200990.jpg,chair,0.6846633553504944,0.0,211.49830627441406,115.26040649414062,413.5733642578125,6
Flickr30K/2823200990.jpg,/content/Image_captioning_Local/Flickr30K/flickr30k_images/flickr30k_images/2823200990.jpg,couch,0.2911606431007385,0.010883808135986328,213.3719482421875,114.87373352050781,413.8984680175781,6
Flickr30K/2823200990.jpg,/content/Image_captioning_Local/Flickr30K/flickr30k_images/flickr30k_images/2823200990.jpg,chair,0.25434163212776184,0.4229426383972168,463.55633544921875,66.54569244384766,499.7247314453125,6
Flickr30K/2823575468.jpg,/content/Image_captioning_Local/Flickr30K/flickr30k_images/flickr30k_images/2823575468.jpg,person,0.9275129437446594,84.5476303100586,11.048030853271484,225.82664489746094,483.11309814453125,5
Flickr30K/2823575468.jpg,/content/Image_captioning_Local/Flickr30K/flickr30k_images/flickr30k_images/2823575468.jpg,person,0.6697437763214111,0.0,39.34848403930664,41.18415069580078,215.3104248046875,5
Flickr30K/2823575468.jpg,/content/Image_captioning_Local/Flickr30K/flickr30k_images/flickr30k_images/2823575468.jpg,person,0.6355063319206238,95.59504699707031,9.369945526123047,149.32510375976562,119.9228515625,5
Flickr30K/2823575468.jpg,/content/Image_captioning_Local/Flickr30K/flickr30k_images/flickr30k_images/2823575468.jpg,person,0.3617079555988312,92.9271469116211,168.74461364746094,128.36366271972656,292.0740051269531,5
Flickr30K/2823575468.jpg,/content/Image_captioning_Local/Flickr30K/flickr30k_images/flickr30k_images/2823575468.jpg,person,0.2823614776134491,85.91143798828125,9.313201904296875,149.35476684570312,285.3628845214844,5
Flickr30K/2824004868.jpg,/content/Image_captioning_Local/Flickr30K/flickr30k_images/flickr30k_images/2824004868.jpg,person,0.9336099624633789,217.57855224609375,42.630184173583984,356.0285949707031,350.2232666015625,1
Flickr30K/2824153131.jpg,/content/Image_captioning_Local/Flickr30K/flickr30k_images/flickr30k_images/2824153131.jpg,person,0.8400791883468628,195.58984375,135.84046936035156,349.436279296875,329.3448486328125,14
Flickr30K/2824153131.jpg,/content/Image_captioning_Local/Flickr30K/flickr30k_images/flickr30k_images/2824153131.jpg,person,0.822705090045929,39.400001525878906,94.46952056884766,88.98310852050781,214.69166564941406,14
Flickr30K/2824153131.jpg,/content/Image_captioning_Local/Flickr30K/flickr30k_images/flickr30k_images/2824153131.jpg,person,0.8093631267547607,85.5341567993164,100.98008728027344,142.1166534423828,239.87445068359375,14
Flickr30K/2824153131.jpg,/content/Image_captioning_Local/Flickr30K/flickr30k_images/flickr30k_images/2824153131.jpg,person,0.7952653765678406,0.0295102596282959,148.21510314941406,31.332515716552734,289.3052062988281,14
Flickr30K/2824153131.jpg,/content/Image_captioning_Local/Flickr30K/flickr30k_images/flickr30k_images/2824153131.jpg,person,0.7412266731262207,151.37088012695312,88.62185668945312,195.359375,204.78219604492188,14
Flickr30K/2824153131.jpg,/content/Image_captioning_Local/Flickr30K/flickr30k_images/flickr30k_images/2824153131.jpg,person,0.6493321657180786,326.8581848144531,148.3795623779297,496.0798645019531,329.6603088378906,14
Flickr30K/2824153131.jpg,/content/Image_captioning_Local/Flickr30K/flickr30k_images/flickr30k_images/2824153131.jpg,person,0.5808879733085632,112.40399169921875,229.04905700683594,186.74171447753906,330.4170227050781,14
Flickr30K/2824153131.jpg,/content/Image_captioning_Local/Flickr30K/flickr30k_images/flickr30k_images/2824153131.jpg,person,0.4857843220233917,111.72608947753906,77.211669921875,146.69447326660156,131.24424743652344,14
Flickr30K/2824153131.jpg,/content/Image_captioning_Local/Flickr30K/flickr30k_images/flickr30k_images/2824153131.jpg,handbag,0.48377344012260437,86.92828369140625,169.1682586669922,119.88264465332031,217.0902557373047,14
Flickr30K/2824153131.jpg,/content/Image_captioning_Local/Flickr30K/flickr30k_images/flickr30k_images/2824153131.jpg,person,0.44416046142578125,295.20269775390625,106.2677230834961,348.1429443359375,188.59796142578125,14
Flickr30K/2824153131.jpg,/content/Image_captioning_Local/Flickr30K/flickr30k_images/flickr30k_images/2824153131.jpg,person,0.40706637501716614,85.26242065429688,52.440738677978516,122.62814331054688,126.8472671508789,14
Flickr30K/2824153131.jpg,/content/Image_captioning_Local/Flickr30K/flickr30k_images/flickr30k_images/2824153131.jpg,person,0.34693530201911926,117.45309448242188,208.726806640625,194.28244018554688,277.13873291015625,14
Flickr30K/2824153131.jpg,/content/Image_captioning_Local/Flickr30K/flickr30k_images/flickr30k_images/2824153131.jpg,handbag,0.3007407784461975,144.334228515625,151.9202880859375,160.7727508544922,189.9129180908203,14
Flickr30K/2824153131.jpg,/content/Image_captioning_Local/Flickr30K/flickr30k_images/flickr30k_images/2824153131.jpg,handbag,0.27285006642341614,86.94025421142578,182.77523803710938,119.67381286621094,216.24400329589844,14
Flickr30K/2824227447.jpg,/content/Image_captioning_Local/Flickr30K/flickr30k_images/flickr30k_images/2824227447.jpg,person,0.9230420589447021,231.22958374023438,13.822722434997559,397.5340881347656,254.5501251220703,17
Flickr30K/2824227447.jpg,/content/Image_captioning_Local/Flickr30K/flickr30k_images/flickr30k_images/2824227447.jpg,person,0.8493703007698059,420.7136535644531,18.998027801513672,445.7308349609375,82.34596252441406,17
Flickr30K/2824227447.jpg,/content/Image_captioning_Local/Flickr30K/flickr30k_images/flickr30k_images/2824227447.jpg,person,0.7789594531059265,219.15122985839844,8.006155014038086,235.81173706054688,46.808231353759766,17
Flickr30K/2824227447.jpg,/content/Image_captioning_Local/Flickr30K/flickr30k_images/flickr30k_images/2824227447.jpg,person,0.723688542842865,231.9977264404297,12.181520462036133,245.99508666992188,45.31291580200195,17
Flickr30K/2824227447.jpg,/content/Image_captioning_Local/Flickr30K/flickr30k_images/flickr30k_images/2824227447.jpg,person,0.6818901896476746,175.3620147705078,0.0,194.79722595214844,50.17728805541992,17
Flickr30K/2824227447.jpg,/content/Image_captioning_Local/Flickr30K/flickr30k_images/flickr30k_images/2824227447.jpg,person,0.6153188943862915,0.0056236982345581055,0.15842914581298828,21.806352615356445,56.264732360839844,17
Flickr30K/2824227447.jpg,/content/Image_captioning_Local/Flickr30K/flickr30k_images/flickr30k_images/2824227447.jpg,person,0.6149526834487915,15.701839447021484,0.2624392509460449,40.796634674072266,54.18175506591797,17
Flickr30K/2824227447.jpg,/content/Image_captioning_Local/Flickr30K/flickr30k_images/flickr30k_images/2824227447.jpg,person,0.6029205918312073,150.94561767578125,9.839057922363281,159.57742309570312,30.39427947998047,17
Flickr30K/2824227447.jpg,/content/Image_captioning_Local/Flickr30K/flickr30k_images/flickr30k_images/2824227447.jpg,person,0.5944926142692566,277.3082580566406,22.521400451660156,286.1748352050781,41.87583923339844,17
Flickr30K/2824227447.jpg,/content/Image_captioning_Local/Flickr30K/flickr30k_images/flickr30k_images/2824227447.jpg,person,0.5878351926803589,189.5478057861328,19.3577880859375,202.66574096679688,43.917762756347656,17
Flickr30K/2824227447.jpg,/content/Image_captioning_Local/Flickr30K/flickr30k_images/flickr30k_images/2824227447.jpg,person,0.5535159111022949,286.87811279296875,23.70438575744629,294.105712890625,42.537784576416016,17
Flickr30K/2824227447.jpg,/content/Image_captioning_Local/Flickr30K/flickr30k_images/flickr30k_images/2824227447.jpg,person,0.5490841865539551,97.46894836425781,0.08901357650756836,108.6619644165039,31.472980499267578,17
Flickr30K/2824227447.jpg,/content/Image_captioning_Local/Flickr30K/flickr30k_images/flickr30k_images/2824227447.jpg,person,0.5195398926734924,129.52549743652344,7.922821998596191,137.29779052734375,24.205917358398438,17
Flickr30K/2824227447.jpg,/content/Image_captioning_Local/Flickr30K/flickr30k_images/flickr30k_images/2824227447.jpg,person,0.4042991101741791,298.9574279785156,24.49331283569336,307.3668212890625,45.29457092285156,17
Flickr30K/2824227447.jpg,/content/Image_captioning_Local/Flickr30K/flickr30k_images/flickr30k_images/2824227447.jpg,person,0.3628210425376892,294.05157470703125,24.305831909179688,301.4363098144531,43.1529655456543,17
Flickr30K/2824227447.jpg,/content/Image_captioning_Local/Flickr30K/flickr30k_images/flickr30k_images/2824227447.jpg,person,0.32386231422424316,164.21693420410156,15.917348861694336,168.51719665527344,26.154756546020508,17
Flickr30K/2824227447.jpg,/content/Image_captioning_Local/Flickr30K/flickr30k_images/flickr30k_images/2824227447.jpg,umbrella,0.30747050046920776,478.8651123046875,60.93440246582031,499.7303466796875,70.06463623046875,17
Flickr30K/2824401212.jpg,/content/Image_captioning_Local/Flickr30K/flickr30k_images/flickr30k_images/2824401212.jpg,person,0.9203921556472778,245.21890258789062,162.1507568359375,398.2401428222656,331.04833984375,11
Flickr30K/2824401212.jpg,/content/Image_captioning_Local/Flickr30K/flickr30k_images/flickr30k_images/2824401212.jpg,person,0.9061319231987,144.22694396972656,150.64845275878906,271.1197814941406,330.9701843261719,11
Flickr30K/2824401212.jpg,/content/Image_captioning_Local/Flickr30K/flickr30k_images/flickr30k_images/2824401212.jpg,person,0.8254270553588867,385.9087829589844,151.44290161132812,499.7361145019531,330.4407043457031,11
Flickr30K/2824401212.jpg,/content/Image_captioning_Local/Flickr30K/flickr30k_images/flickr30k_images/2824401212.jpg,cell phone,0.7735866904258728,314.13165283203125,213.7704315185547,354.38250732421875,261.3772888183594,11
Flickr30K/2824401212.jpg,/content/Image_captioning_Local/Flickr30K/flickr30k_images/flickr30k_images/2824401212.jpg,person,0.6558207273483276,84.98822784423828,175.22869873046875,177.55262756347656,330.22088623046875,11
Flickr30K/2824401212.jpg,/content/Image_captioning_Local/Flickr30K/flickr30k_images/flickr30k_images/2824401212.jpg,person,0.4235613942146301,0.09694695472717285,129.01434326171875,90.54420471191406,328.4496765136719,11
Flickr30K/2824401212.jpg,/content/Image_captioning_Local/Flickr30K/flickr30k_images/flickr30k_images/2824401212.jpg,handbag,0.36241549253463745,144.89437866210938,212.76426696777344,199.57980346679688,331.1702880859375,11
Flickr30K/2824401212.jpg,/content/Image_captioning_Local/Flickr30K/flickr30k_images/flickr30k_images/2824401212.jpg,cell phone,0.34000179171562195,313.2698974609375,214.05300903320312,334.14544677734375,237.51158142089844,11
Flickr30K/2824401212.jpg,/content/Image_captioning_Local/Flickr30K/flickr30k_images/flickr30k_images/2824401212.jpg,person,0.3097011148929596,141.65008544921875,119.84810638427734,187.4209442138672,198.4946746826172,11
Flickr30K/2824401212.jpg,/content/Image_captioning_Local/Flickr30K/flickr30k_images/flickr30k_images/2824401212.jpg,handbag,0.2750471830368042,257.58258056640625,266.6317138671875,318.07952880859375,330.8398132324219,11
Flickr30K/2824401212.jpg,/content/Image_captioning_Local/Flickr30K/flickr30k_images/flickr30k_images/2824401212.jpg,cell phone,0.27179664373397827,312.81634521484375,213.59329223632812,341.86322021484375,250.6732940673828,11
Flickr30K/2824492858.jpg,/content/Image_captioning_Local/Flickr30K/flickr30k_images/flickr30k_images/2824492858.jpg,person,0.9130465388298035,35.79930114746094,7.744646072387695,334.433349609375,419.0748596191406,9
Flickr30K/2824492858.jpg,/content/Image_captioning_Local/Flickr30K/flickr30k_images/flickr30k_images/2824492858.jpg,bowl,0.8782004714012146,60.19813919067383,319.8653259277344,122.85842895507812,371.70257568359375,9
Flickr30K/2824492858.jpg,/content/Image_captioning_Local/Flickr30K/flickr30k_images/flickr30k_images/2824492858.jpg,person,0.8611992597579956,199.2495574951172,0.0,281.835693359375,154.79833984375,9
Flickr30K/2824492858.jpg,/content/Image_captioning_Local/Flickr30K/flickr30k_images/flickr30k_images/2824492858.jpg,person,0.7607405781745911,278.433837890625,58.998531341552734,335.0,149.50857543945312,9
Flickr30K/2824492858.jpg,/content/Image_captioning_Local/Flickr30K/flickr30k_images/flickr30k_images/2824492858.jpg,oven,0.6759476065635681,1.2287497520446777,387.6776123046875,303.6360168457031,499.72015380859375,9
Flickr30K/2824492858.jpg,/content/Image_captioning_Local/Flickr30K/flickr30k_images/flickr30k_images/2824492858.jpg,bowl,0.6423216462135315,285.669189453125,144.57101440429688,335.0,202.25062561035156,9
Flickr30K/2824492858.jpg,/content/Image_captioning_Local/Flickr30K/flickr30k_images/flickr30k_images/2824492858.jpg,spoon,0.6292879581451416,183.935791015625,355.2084045410156,334.1004943847656,423.8167419433594,9
Flickr30K/2824492858.jpg,/content/Image_captioning_Local/Flickr30K/flickr30k_images/flickr30k_images/2824492858.jpg,person,0.555290162563324,7.535970211029053,0.0,95.02455139160156,135.85789489746094,9
Flickr30K/2824492858.jpg,/content/Image_captioning_Local/Flickr30K/flickr30k_images/flickr30k_images/2824492858.jpg,person,0.445444256067276,0.0,90.13712310791016,58.363868713378906,221.4589080810547,9
Flickr30K/282481027.jpg,/content/Image_captioning_Local/Flickr30K/flickr30k_images/flickr30k_images/282481027.jpg,person,0.9276289343833923,280.59930419921875,43.14985275268555,405.2327575683594,335.8495788574219,5
Flickr30K/282481027.jpg,/content/Image_captioning_Local/Flickr30K/flickr30k_images/flickr30k_images/282481027.jpg,person,0.8920230269432068,226.22689819335938,145.72906494140625,260.6947326660156,222.01657104492188,5
Flickr30K/282481027.jpg,/content/Image_captioning_Local/Flickr30K/flickr30k_images/flickr30k_images/282481027.jpg,person,0.32584625482559204,409.863525390625,178.70135498046875,422.9968566894531,192.29493713378906,5
Flickr30K/282481027.jpg,/content/Image_captioning_Local/Flickr30K/flickr30k_images/flickr30k_images/282481027.jpg,person,0.318844199180603,124.85025024414062,153.3949432373047,164.6691131591797,197.39947509765625,5
Flickr30K/282481027.jpg,/content/Image_captioning_Local/Flickr30K/flickr30k_images/flickr30k_images/282481027.jpg,chair,0.2662929892539978,124.68907928466797,172.30810546875,158.31341552734375,204.79579162597656,5
Flickr30K/2824875517.jpg,/content/Image_captioning_Local/Flickr30K/flickr30k_images/flickr30k_images/2824875517.jpg,book,0.894963264465332,35.82763671875,0.8855342864990234,497.7190856933594,347.51910400390625,3
Flickr30K/2824875517.jpg,/content/Image_captioning_Local/Flickr30K/flickr30k_images/flickr30k_images/2824875517.jpg,person,0.7340911626815796,150.2602081298828,57.292972564697266,500.0,370.4396667480469,3
Flickr30K/2824875517.jpg,/content/Image_captioning_Local/Flickr30K/flickr30k_images/flickr30k_images/2824875517.jpg,person,0.5501124858856201,0.0,3.9684176445007324,499.5308837890625,365.739013671875,3
Flickr30K/2824922268.jpg,/content/Image_captioning_Local/Flickr30K/flickr30k_images/flickr30k_images/2824922268.jpg,dog,0.9526833891868591,247.2270965576172,77.58030700683594,499.53375244140625,330.08837890625,1
Flickr30K/2825202229.jpg,/content/Image_captioning_Local/Flickr30K/flickr30k_images/flickr30k_images/2825202229.jpg,person,0.8917083144187927,247.42367553710938,39.27149963378906,316.1163024902344,141.22080993652344,4
Flickr30K/2825202229.jpg,/content/Image_captioning_Local/Flickr30K/flickr30k_images/flickr30k_images/2825202229.jpg,truck,0.8086621165275574,12.075471878051758,75.923583984375,498.822509765625,266.93109130859375,4
Flickr30K/2825202229.jpg,/content/Image_captioning_Local/Flickr30K/flickr30k_images/flickr30k_images/2825202229.jpg,person,0.77277010679245,348.2245788574219,28.10103988647461,396.7342529296875,158.6914825439453,4
Flickr30K/2825202229.jpg,/content/Image_captioning_Local/Flickr30K/flickr30k_images/flickr30k_images/2825202229.jpg,person,0.7650617361068726,334.02520751953125,56.911563873291016,368.675048828125,157.36021423339844,4
Flickr30K/2825327005.jpg,/content/Image_captioning_Local/Flickr30K/flickr30k_images/flickr30k_images/2825327005.jpg,person,0.922498881816864,32.376609802246094,100.22754669189453,332.0,454.7463073730469,4
Flickr30K/2825327005.jpg,/content/Image_captioning_Local/Flickr30K/flickr30k_images/flickr30k_images/2825327005.jpg,person,0.8291019201278687,90.1236572265625,0.14554262161254883,217.3236846923828,175.3772430419922,4
Flickr30K/2825327005.jpg,/content/Image_captioning_Local/Flickr30K/flickr30k_images/flickr30k_images/2825327005.jpg,chair,0.7864794135093689,143.14756774902344,442.77056884765625,306.2967834472656,499.6951904296875,4
Flickr30K/2825327005.jpg,/content/Image_captioning_Local/Flickr30K/flickr30k_images/flickr30k_images/2825327005.jpg,chair,0.6777196526527405,273.6455993652344,401.08941650390625,332.0,500.0,4
Flickr30K/2825483885.jpg,/content/Image_captioning_Local/Flickr30K/flickr30k_images/flickr30k_images/2825483885.jpg,bicycle,0.8909149765968323,219.45542907714844,169.968505859375,303.9305725097656,234.34767150878906,2
Flickr30K/2825483885.jpg,/content/Image_captioning_Local/Flickr30K/flickr30k_images/flickr30k_images/2825483885.jpg,person,0.8261732459068298,232.1591339111328,133.84547424316406,280.1351623535156,212.19163513183594,2
Flickr30K/2825540754.jpg,/content/Image_captioning_Local/Flickr30K/flickr30k_images/flickr30k_images/2825540754.jpg,person,0.9206535220146179,143.83087158203125,138.02073669433594,220.50006103515625,274.1542663574219,2
Flickr30K/2825540754.jpg,/content/Image_captioning_Local/Flickr30K/flickr30k_images/flickr30k_images/2825540754.jpg,handbag,0.4804960787296295,137.1918487548828,203.48362731933594,159.12559509277344,233.82191467285156,2
Flickr30K/2825668136.jpg,/content/Image_captioning_Local/Flickr30K/flickr30k_images/flickr30k_images/2825668136.jpg,person,0.9128552079200745,212.54339599609375,52.16901779174805,322.06842041015625,176.06484985351562,3
Flickr30K/2825668136.jpg,/content/Image_captioning_Local/Flickr30K/flickr30k_images/flickr30k_images/2825668136.jpg,bicycle,0.8635281920433044,117.55255126953125,153.49603271484375,280.044189453125,291.33306884765625,3
Flickr30K/2825668136.jpg,/content/Image_captioning_Local/Flickr30K/flickr30k_images/flickr30k_images/2825668136.jpg,skateboard,0.26264286041259766,218.055908203125,152.0751190185547,276.3984069824219,198.5791473388672,3
Flickr30K/2825808939.jpg,/content/Image_captioning_Local/Flickr30K/flickr30k_images/flickr30k_images/2825808939.jpg,person,0.9296314120292664,222.13372802734375,133.06256103515625,326.6988830566406,372.4460144042969,5
Flickr30K/2825808939.jpg,/content/Image_captioning_Local/Flickr30K/flickr30k_images/flickr30k_images/2825808939.jpg,person,0.9026516675949097,305.9575500488281,140.9598388671875,373.6540222167969,320.8024597167969,5
Flickr30K/2825808939.jpg,/content/Image_captioning_Local/Flickr30K/flickr30k_images/flickr30k_images/2825808939.jpg,person,0.866523265838623,408.3763122558594,144.32431030273438,469.82843017578125,372.4866027832031,5
Flickr30K/2825808939.jpg,/content/Image_captioning_Local/Flickr30K/flickr30k_images/flickr30k_images/2825808939.jpg,backpack,0.6862127780914307,438.4966735839844,188.53091430664062,499.91845703125,276.716552734375,5
Flickr30K/2825808939.jpg,/content/Image_captioning_Local/Flickr30K/flickr30k_images/flickr30k_images/2825808939.jpg,dog,0.38712289929389954,145.9472198486328,291.8775939941406,244.27847290039062,372.30120849609375,5
Flickr30K/2825897091.jpg,/content/Image_captioning_Local/Flickr30K/flickr30k_images/flickr30k_images/2825897091.jpg,person,0.7980961203575134,347.5238342285156,101.79452514648438,411.8064270019531,176.1430206298828,22
Flickr30K/2825897091.jpg,/content/Image_captioning_Local/Flickr30K/flickr30k_images/flickr30k_images/2825897091.jpg,person,0.7750431299209595,300.2046203613281,88.93180847167969,345.84649658203125,144.84439086914062,22
Flickr30K/2825897091.jpg,/content/Image_captioning_Local/Flickr30K/flickr30k_images/flickr30k_images/2825897091.jpg,person,0.7387550473213196,0.05387067794799805,119.60697174072266,138.92425537109375,328.367431640625,22
Flickr30K/2825897091.jpg,/content/Image_captioning_Local/Flickr30K/flickr30k_images/flickr30k_images/2825897091.jpg,person,0.7341514229774475,22.973262786865234,105.34036254882812,131.17869567871094,226.3140411376953,22
Flickr30K/2825897091.jpg,/content/Image_captioning_Local/Flickr30K/flickr30k_images/flickr30k_images/2825897091.jpg,person,0.7280630469322205,405.6943359375,106.4985122680664,451.2651062011719,164.05191040039062,22
Flickr30K/2825897091.jpg,/content/Image_captioning_Local/Flickr30K/flickr30k_images/flickr30k_images/2825897091.jpg,person,0.6927899718284607,446.26702880859375,112.71358489990234,499.9178771972656,260.1459045410156,22
Flickr30K/2825897091.jpg,/content/Image_captioning_Local/Flickr30K/flickr30k_images/flickr30k_images/2825897091.jpg,laptop,0.6561653017997742,396.3262939453125,154.46987915039062,498.8757629394531,319.1280517578125,22
Flickr30K/2825897091.jpg,/content/Image_captioning_Local/Flickr30K/flickr30k_images/flickr30k_images/2825897091.jpg,tv,0.6290852427482605,149.50421142578125,140.40818786621094,182.42042541503906,244.5382537841797,22
Flickr30K/2825897091.jpg,/content/Image_captioning_Local/Flickr30K/flickr30k_images/flickr30k_images/2825897091.jpg,person,0.6204481720924377,0.0031709671020507812,117.66209411621094,128.45428466796875,268.80340576171875,22
Flickr30K/2825897091.jpg,/content/Image_captioning_Local/Flickr30K/flickr30k_images/flickr30k_images/2825897091.jpg,person,0.6082307696342468,244.573974609375,77.50010681152344,274.8963317871094,120.08738708496094,22
Flickr30K/2825897091.jpg,/content/Image_captioning_Local/Flickr30K/flickr30k_images/flickr30k_images/2825897091.jpg,person,0.5943024754524231,447.03485107421875,115.30338287353516,490.15789794921875,226.6307373046875,22
Flickr30K/2825897091.jpg,/content/Image_captioning_Local/Flickr30K/flickr30k_images/flickr30k_images/2825897091.jpg,person,0.571990966796875,57.48143005371094,93.65606689453125,127.15489959716797,181.68263244628906,22
Flickr30K/2825897091.jpg,/content/Image_captioning_Local/Flickr30K/flickr30k_images/flickr30k_images/2825897091.jpg,tv,0.5248477458953857,177.13385009765625,149.69801330566406,216.34716796875,287.8223876953125,22
Flickr30K/2825897091.jpg,/content/Image_captioning_Local/Flickr30K/flickr30k_images/flickr30k_images/2825897091.jpg,keyboard,0.48564013838768005,101.48551177978516,215.8875274658203,139.28306579589844,231.73793029785156,22
Flickr30K/2825897091.jpg,/content/Image_captioning_Local/Flickr30K/flickr30k_images/flickr30k_images/2825897091.jpg,keyboard,0.4163303077220917,448.5598449707031,278.0841369628906,499.8944396972656,311.7909851074219,22
Flickr30K/2825897091.jpg,/content/Image_captioning_Local/Flickr30K/flickr30k_images/flickr30k_images/2825897091.jpg,person,0.39718738198280334,71.76095581054688,78.33609771728516,122.37378692626953,147.78611755371094,22
Flickr30K/2825897091.jpg,/content/Image_captioning_Local/Flickr30K/flickr30k_images/flickr30k_images/2825897091.jpg,person,0.39456242322921753,272.6007080078125,84.16349792480469,299.8659973144531,131.71839904785156,22
Flickr30K/2825897091.jpg,/content/Image_captioning_Local/Flickr30K/flickr30k_images/flickr30k_images/2825897091.jpg,keyboard,0.3569444715976715,103.93714904785156,279.9635314941406,171.0092010498047,322.9306640625,22
Flickr30K/2825897091.jpg,/content/Image_captioning_Local/Flickr30K/flickr30k_images/flickr30k_images/2825897091.jpg,keyboard,0.3337714374065399,432.220947265625,277.192626953125,499.8160400390625,320.99212646484375,22
Flickr30K/2825897091.jpg,/content/Image_captioning_Local/Flickr30K/flickr30k_images/flickr30k_images/2825897091.jpg,tv,0.3228124678134918,177.3629913330078,147.6034698486328,255.25711059570312,288.33984375,22
Flickr30K/2825897091.jpg,/content/Image_captioning_Local/Flickr30K/flickr30k_images/flickr30k_images/2825897091.jpg,keyboard,0.29691281914711,83.44441223144531,242.35597229003906,143.78756713867188,271.8367004394531,22
Flickr30K/2825897091.jpg,/content/Image_captioning_Local/Flickr30K/flickr30k_images/flickr30k_images/2825897091.jpg,tv,0.2859812080860138,212.34097290039062,165.818115234375,310.8360900878906,326.9617004394531,22
Flickr30K/2825932918.jpg,/content/Image_captioning_Local/Flickr30K/flickr30k_images/flickr30k_images/2825932918.jpg,person,0.9397989511489868,12.371936798095703,96.29469299316406,98.1561508178711,324.18255615234375,6
Flickr30K/2825932918.jpg,/content/Image_captioning_Local/Flickr30K/flickr30k_images/flickr30k_images/2825932918.jpg,person,0.8627124428749084,164.22366333007812,98.84867858886719,208.38165283203125,151.24826049804688,6
Flickr30K/2825932918.jpg,/content/Image_captioning_Local/Flickr30K/flickr30k_images/flickr30k_images/2825932918.jpg,person,0.7799146771430969,254.99725341796875,111.2884750366211,297.0022277832031,151.01678466796875,6
Flickr30K/2825932918.jpg,/content/Image_captioning_Local/Flickr30K/flickr30k_images/flickr30k_images/2825932918.jpg,person,0.7611451148986816,209.13339233398438,124.33843994140625,238.62432861328125,150.3192901611328,6
Flickr30K/2825932918.jpg,/content/Image_captioning_Local/Flickr30K/flickr30k_images/flickr30k_images/2825932918.jpg,person,0.752090573310852,244.37884521484375,106.89864349365234,268.5979919433594,148.40493774414062,6
Flickr30K/2825932918.jpg,/content/Image_captioning_Local/Flickr30K/flickr30k_images/flickr30k_images/2825932918.jpg,person,0.6659489274024963,347.7330627441406,115.82708740234375,415.7465515136719,144.1253662109375,6
Flickr30K/2826030193.jpg,/content/Image_captioning_Local/Flickr30K/flickr30k_images/flickr30k_images/2826030193.jpg,person,0.913456380367279,32.07740783691406,86.27238464355469,429.7632751464844,357.2364196777344,2
Flickr30K/2826030193.jpg,/content/Image_captioning_Local/Flickr30K/flickr30k_images/flickr30k_images/2826030193.jpg,person,0.8465911149978638,0.4482746124267578,0.7781744003295898,206.0136260986328,241.79916381835938,2
Flickr30K/2826039524.jpg,/content/Image_captioning_Local/Flickr30K/flickr30k_images/flickr30k_images/2826039524.jpg,truck,0.7362737655639648,94.26102447509766,119.06414031982422,376.59259033203125,306.7338562011719,2
Flickr30K/2826039524.jpg,/content/Image_captioning_Local/Flickr30K/flickr30k_images/flickr30k_images/2826039524.jpg,person,0.6778756380081177,198.7969207763672,146.47793579101562,229.84780883789062,206.65087890625,2
Flickr30K/2826039666.jpg,/content/Image_captioning_Local/Flickr30K/flickr30k_images/flickr30k_images/2826039666.jpg,person,0.9059681296348572,165.75355529785156,169.9044189453125,222.47763061523438,274.192138671875,4
Flickr30K/2826039666.jpg,/content/Image_captioning_Local/Flickr30K/flickr30k_images/flickr30k_images/2826039666.jpg,truck,0.6058453321456909,218.4051055908203,95.87556457519531,470.2580871582031,286.7479248046875,4
Flickr30K/2826039666.jpg,/content/Image_captioning_Local/Flickr30K/flickr30k_images/flickr30k_images/2826039666.jpg,truck,0.3974223732948303,355.8646240234375,94.8104476928711,469.1961364746094,223.81214904785156,4
Flickr30K/2826039666.jpg,/content/Image_captioning_Local/Flickr30K/flickr30k_images/flickr30k_images/2826039666.jpg,person,0.30022478103637695,269.79791259765625,140.65194702148438,287.2811279296875,165.85641479492188,4
Flickr30K/2826574228.jpg,/content/Image_captioning_Local/Flickr30K/flickr30k_images/flickr30k_images/2826574228.jpg,person,0.9419263005256653,222.0775146484375,52.962158203125,372.62176513671875,238.65179443359375,2
Flickr30K/2826574228.jpg,/content/Image_captioning_Local/Flickr30K/flickr30k_images/flickr30k_images/2826574228.jpg,person,0.9181801080703735,14.936799049377441,61.0565185546875,84.8574447631836,275.52093505859375,2
Flickr30K/282660659.jpg,/content/Image_captioning_Local/Flickr30K/flickr30k_images/flickr30k_images/282660659.jpg,person,0.8740749955177307,55.86371612548828,47.31111526489258,312.92095947265625,480.2846374511719,3
Flickr30K/282660659.jpg,/content/Image_captioning_Local/Flickr30K/flickr30k_images/flickr30k_images/282660659.jpg,chair,0.8111156225204468,201.037841796875,196.99749755859375,365.03582763671875,447.50714111328125,3
Flickr30K/282660659.jpg,/content/Image_captioning_Local/Flickr30K/flickr30k_images/flickr30k_images/282660659.jpg,suitcase,0.27113839983940125,348.60955810546875,273.4432678222656,375.0,447.1421813964844,3
Flickr30K/2826647354.jpg,/content/Image_captioning_Local/Flickr30K/flickr30k_images/flickr30k_images/2826647354.jpg,person,0.9254979491233826,181.378173828125,6.349480152130127,307.7783203125,296.1594543457031,4
Flickr30K/2826647354.jpg,/content/Image_captioning_Local/Flickr30K/flickr30k_images/flickr30k_images/2826647354.jpg,person,0.9157887697219849,74.36921691894531,100.86317443847656,199.3303985595703,332.34381103515625,4
Flickr30K/2826647354.jpg,/content/Image_captioning_Local/Flickr30K/flickr30k_images/flickr30k_images/2826647354.jpg,motorcycle,0.46834203600883484,60.81047058105469,121.33149719238281,341.8078308105469,331.9892883300781,4
Flickr30K/2826647354.jpg,/content/Image_captioning_Local/Flickr30K/flickr30k_images/flickr30k_images/2826647354.jpg,bicycle,0.454464316368103,181.7877197265625,121.21572875976562,340.81683349609375,330.06658935546875,4
Flickr30K/2826701936.jpg,/content/Image_captioning_Local/Flickr30K/flickr30k_images/flickr30k_images/2826701936.jpg,person,0.9185782074928284,383.6742858886719,68.80841064453125,476.4541015625,332.7261962890625,15
Flickr30K/2826701936.jpg,/content/Image_captioning_Local/Flickr30K/flickr30k_images/flickr30k_images/2826701936.jpg,person,0.8916634917259216,112.1651382446289,116.12044525146484,150.6543426513672,239.21337890625,15
Flickr30K/2826701936.jpg,/content/Image_captioning_Local/Flickr30K/flickr30k_images/flickr30k_images/2826701936.jpg,person,0.8788699507713318,207.79299926757812,119.33026123046875,274.84326171875,300.5032958984375,15
Flickr30K/2826701936.jpg,/content/Image_captioning_Local/Flickr30K/flickr30k_images/flickr30k_images/2826701936.jpg,person,0.8295962810516357,320.68524169921875,108.93658447265625,377.1481628417969,228.13177490234375,15
Flickr30K/2826701936.jpg,/content/Image_captioning_Local/Flickr30K/flickr30k_images/flickr30k_images/2826701936.jpg,person,0.7906103730201721,257.3328552246094,135.48512268066406,302.8356018066406,235.30307006835938,15
Flickr30K/2826701936.jpg,/content/Image_captioning_Local/Flickr30K/flickr30k_images/flickr30k_images/2826701936.jpg,person,0.7833454012870789,448.63214111328125,88.63983154296875,499.3742980957031,277.9097900390625,15
Flickr30K/2826701936.jpg,/content/Image_captioning_Local/Flickr30K/flickr30k_images/flickr30k_images/2826701936.jpg,person,0.668836772441864,313.06585693359375,84.30764770507812,331.5462646484375,149.4401397705078,15
Flickr30K/2826701936.jpg,/content/Image_captioning_Local/Flickr30K/flickr30k_images/flickr30k_images/2826701936.jpg,person,0.6658902168273926,334.3974609375,86.25669860839844,365.2159118652344,164.85800170898438,15
Flickr30K/2826701936.jpg,/content/Image_captioning_Local/Flickr30K/flickr30k_images/flickr30k_images/2826701936.jpg,person,0.6463305354118347,276.61920166015625,91.51351165771484,293.3666687011719,143.62338256835938,15
Flickr30K/2826701936.jpg,/content/Image_captioning_Local/Flickr30K/flickr30k_images/flickr30k_images/2826701936.jpg,person,0.6428604125976562,198.1952362060547,147.6327362060547,223.694580078125,273.22100830078125,15
Flickr30K/2826701936.jpg,/content/Image_captioning_Local/Flickr30K/flickr30k_images/flickr30k_images/2826701936.jpg,person,0.6178526878356934,198.92848205566406,87.34864807128906,216.2560272216797,149.31797790527344,15
Flickr30K/2826701936.jpg,/content/Image_captioning_Local/Flickr30K/flickr30k_images/flickr30k_images/2826701936.jpg,person,0.5598583817481995,237.7000732421875,90.22185516357422,277.90948486328125,156.6152801513672,15
Flickr30K/2826701936.jpg,/content/Image_captioning_Local/Flickr30K/flickr30k_images/flickr30k_images/2826701936.jpg,person,0.47749853134155273,458.17572021484375,81.18112182617188,485.8148193359375,124.05476379394531,15
Flickr30K/2826701936.jpg,/content/Image_captioning_Local/Flickr30K/flickr30k_images/flickr30k_images/2826701936.jpg,person,0.37724846601486206,371.2442321777344,128.80697631835938,395.1582336425781,202.39915466308594,15
Flickr30K/2826701936.jpg,/content/Image_captioning_Local/Flickr30K/flickr30k_images/flickr30k_images/2826701936.jpg,bus,0.25824815034866333,380.8218078613281,90.75135803222656,415.0482177734375,119.46349334716797,15
Flickr30K/2826769554.jpg,/content/Image_captioning_Local/Flickr30K/flickr30k_images/flickr30k_images/2826769554.jpg,dog,0.9422441124916077,152.89105224609375,80.65357208251953,312.3501892089844,416.4497375488281,1
Flickr30K/282704017.jpg,/content/Image_captioning_Local/Flickr30K/flickr30k_images/flickr30k_images/282704017.jpg,person,0.9094408750534058,11.47918701171875,100.30398559570312,334.1957092285156,400.57135009765625,4
Flickr30K/282704017.jpg,/content/Image_captioning_Local/Flickr30K/flickr30k_images/flickr30k_images/282704017.jpg,book,0.3947148621082306,352.83795166015625,0.0,366.7610168457031,19.62358283996582,4
Flickr30K/282704017.jpg,/content/Image_captioning_Local/Flickr30K/flickr30k_images/flickr30k_images/282704017.jpg,book,0.328011691570282,363.1761474609375,0.0230252742767334,374.65399169921875,17.71223258972168,4
Flickr30K/282704017.jpg,/content/Image_captioning_Local/Flickr30K/flickr30k_images/flickr30k_images/282704017.jpg,book,0.3053879141807556,333.8179016113281,0.12266039848327637,343.4403991699219,23.74490737915039,4
Flickr30K/2827108217.jpg,/content/Image_captioning_Local/Flickr30K/flickr30k_images/flickr30k_images/2827108217.jpg,person,0.9078204035758972,70.54500579833984,89.27674102783203,222.64743041992188,386.17987060546875,3
Flickr30K/2827108217.jpg,/content/Image_captioning_Local/Flickr30K/flickr30k_images/flickr30k_images/2827108217.jpg,person,0.9046868085861206,222.2364501953125,122.65623474121094,377.5765380859375,455.80224609375,3
Flickr30K/2827108217.jpg,/content/Image_captioning_Local/Flickr30K/flickr30k_images/flickr30k_images/2827108217.jpg,bowl,0.4508967101573944,201.08438110351562,235.2732696533203,245.8046417236328,262.0043640136719,3
Flickr30K/282741726.jpg,/content/Image_captioning_Local/Flickr30K/flickr30k_images/flickr30k_images/282741726.jpg,bottle,0.9119518995285034,32.02306365966797,248.98863220214844,68.13975524902344,341.77947998046875,28
Flickr30K/282741726.jpg,/content/Image_captioning_Local/Flickr30K/flickr30k_images/flickr30k_images/282741726.jpg,person,0.8789823651313782,387.2578430175781,54.818416595458984,467.5745849609375,187.229736328125,28
Flickr30K/282741726.jpg,/content/Image_captioning_Local/Flickr30K/flickr30k_images/flickr30k_images/282741726.jpg,person,0.8755900263786316,0.11799335479736328,98.3022689819336,228.065185546875,313.7768859863281,28
Flickr30K/282741726.jpg,/content/Image_captioning_Local/Flickr30K/flickr30k_images/flickr30k_images/282741726.jpg,bottle,0.8591820001602173,453.29437255859375,140.83270263671875,474.275390625,193.8426055908203,28
Flickr30K/282741726.jpg,/content/Image_captioning_Local/Flickr30K/flickr30k_images/flickr30k_images/282741726.jpg,bottle,0.8526313900947571,380.9934997558594,124.13137817382812,404.1859130859375,194.75650024414062,28
Flickr30K/282741726.jpg,/content/Image_captioning_Local/Flickr30K/flickr30k_images/flickr30k_images/282741726.jpg,chair,0.8456332087516785,370.4301452636719,199.80506896972656,441.9196472167969,372.1744384765625,28
Flickr30K/282741726.jpg,/content/Image_captioning_Local/Flickr30K/flickr30k_images/flickr30k_images/282741726.jpg,person,0.7803976535797119,169.9946746826172,106.20832824707031,406.6538391113281,370.8143310546875,28
Flickr30K/282741726.jpg,/content/Image_captioning_Local/Flickr30K/flickr30k_images/flickr30k_images/282741726.jpg,person,0.7600067257881165,343.0322265625,84.33299255371094,387.6213684082031,179.064208984375,28
Flickr30K/282741726.jpg,/content/Image_captioning_Local/Flickr30K/flickr30k_images/flickr30k_images/282741726.jpg,person,0.7504938244819641,192.80165100097656,68.15471649169922,250.39044189453125,162.64967346191406,28
Flickr30K/282741726.jpg,/content/Image_captioning_Local/Flickr30K/flickr30k_images/flickr30k_images/282741726.jpg,person,0.7341690063476562,470.5751953125,110.64203643798828,499.8080749511719,193.04293823242188,28
Flickr30K/282741726.jpg,/content/Image_captioning_Local/Flickr30K/flickr30k_images/flickr30k_images/282741726.jpg,person,0.7269237041473389,218.5538787841797,110.4085464477539,289.2703552246094,285.6807861328125,28
Flickr30K/282741726.jpg,/content/Image_captioning_Local/Flickr30K/flickr30k_images/flickr30k_images/282741726.jpg,person,0.7229825854301453,0.07534325122833252,120.22071838378906,40.764007568359375,238.91024780273438,28
Flickr30K/282741726.jpg,/content/Image_captioning_Local/Flickr30K/flickr30k_images/flickr30k_images/282741726.jpg,chair,0.719697892665863,174.91014099121094,175.0782928466797,209.87989807128906,228.98348999023438,28
Flickr30K/282741726.jpg,/content/Image_captioning_Local/Flickr30K/flickr30k_images/flickr30k_images/282741726.jpg,dining table,0.619314968585968,0.2586841583251953,251.5186767578125,214.98789978027344,372.9880676269531,28
Flickr30K/282741726.jpg,/content/Image_captioning_Local/Flickr30K/flickr30k_images/flickr30k_images/282741726.jpg,bottle,0.6084118485450745,213.32765197753906,130.4443817138672,228.8499298095703,172.67298889160156,28
Flickr30K/282741726.jpg,/content/Image_captioning_Local/Flickr30K/flickr30k_images/flickr30k_images/282741726.jpg,person,0.5535123348236084,108.55252838134766,96.00910949707031,181.1015625,202.07968139648438,28
Flickr30K/282741726.jpg,/content/Image_captioning_Local/Flickr30K/flickr30k_images/flickr30k_images/282741726.jpg,chair,0.5439656972885132,192.85638427734375,191.57603454589844,233.13487243652344,278.1524963378906,28
Flickr30K/282741726.jpg,/content/Image_captioning_Local/Flickr30K/flickr30k_images/flickr30k_images/282741726.jpg,bottle,0.5383651256561279,177.202392578125,137.9911651611328,188.34182739257812,175.71270751953125,28
Flickr30K/282741726.jpg,/content/Image_captioning_Local/Flickr30K/flickr30k_images/flickr30k_images/282741726.jpg,cup,0.5214440226554871,0.03761947154998779,257.509765625,15.530477523803711,307.7029724121094,28
Flickr30K/282741726.jpg,/content/Image_captioning_Local/Flickr30K/flickr30k_images/flickr30k_images/282741726.jpg,person,0.4021584689617157,60.551918029785156,74.138427734375,113.65354919433594,103.83904266357422,28
Flickr30K/282741726.jpg,/content/Image_captioning_Local/Flickr30K/flickr30k_images/flickr30k_images/282741726.jpg,cell phone,0.39213812351226807,0.09490251541137695,325.0040588378906,17.060977935791016,345.26068115234375,28
Flickr30K/282741726.jpg,/content/Image_captioning_Local/Flickr30K/flickr30k_images/flickr30k_images/282741726.jpg,person,0.3708686828613281,145.48373413085938,118.50199890136719,185.6107177734375,172.77545166015625,28
Flickr30K/282741726.jpg,/content/Image_captioning_Local/Flickr30K/flickr30k_images/flickr30k_images/282741726.jpg,bottle,0.37081748247146606,196.65872192382812,140.87643432617188,209.3539276123047,174.81436157226562,28
Flickr30K/282741726.jpg,/content/Image_captioning_Local/Flickr30K/flickr30k_images/flickr30k_images/282741726.jpg,chair,0.3367752432823181,293.7853698730469,246.1678466796875,408.32086181640625,372.4237365722656,28
Flickr30K/282741726.jpg,/content/Image_captioning_Local/Flickr30K/flickr30k_images/flickr30k_images/282741726.jpg,chair,0.325162410736084,232.58648681640625,187.55780029296875,300.1637878417969,297.78546142578125,28
Flickr30K/282741726.jpg,/content/Image_captioning_Local/Flickr30K/flickr30k_images/flickr30k_images/282741726.jpg,person,0.32301193475723267,27.593219757080078,99.05147552490234,65.03646850585938,157.92254638671875,28
Flickr30K/282741726.jpg,/content/Image_captioning_Local/Flickr30K/flickr30k_images/flickr30k_images/282741726.jpg,chair,0.2993577718734741,244.28286743164062,244.13623046875,408.3650207519531,372.6253967285156,28
Flickr30K/282741726.jpg,/content/Image_captioning_Local/Flickr30K/flickr30k_images/flickr30k_images/282741726.jpg,person,0.2599097490310669,26.531166076660156,98.73150634765625,65.34062194824219,191.33033752441406,28
Flickr30K/2827549989.jpg,/content/Image_captioning_Local/Flickr30K/flickr30k_images/flickr30k_images/2827549989.jpg,person,0.9224046468734741,124.13206481933594,180.81442260742188,222.9603729248047,347.67822265625,3
Flickr30K/2827549989.jpg,/content/Image_captioning_Local/Flickr30K/flickr30k_images/flickr30k_images/2827549989.jpg,person,0.9162203073501587,217.45477294921875,102.82449340820312,317.3770446777344,287.532470703125,3
Flickr30K/2827549989.jpg,/content/Image_captioning_Local/Flickr30K/flickr30k_images/flickr30k_images/2827549989.jpg,boat,0.8930297493934631,9.424983978271484,377.297607421875,327.8023681640625,499.47900390625,3
Flickr30K/2827589184.jpg,/content/Image_captioning_Local/Flickr30K/flickr30k_images/flickr30k_images/2827589184.jpg,person,0.8854455947875977,113.71878051757812,28.083765029907227,332.46356201171875,302.7082824707031,3
Flickr30K/2827589184.jpg,/content/Image_captioning_Local/Flickr30K/flickr30k_images/flickr30k_images/2827589184.jpg,baseball glove,0.8515955805778503,281.1492919921875,143.17898559570312,340.5959167480469,188.30743408203125,3
Flickr30K/2827589184.jpg,/content/Image_captioning_Local/Flickr30K/flickr30k_images/flickr30k_images/2827589184.jpg,person,0.7332100868225098,206.3875732421875,166.18475341796875,412.09417724609375,289.0290832519531,3
Flickr30K/2827629249.jpg,/content/Image_captioning_Local/Flickr30K/flickr30k_images/flickr30k_images/2827629249.jpg,person,0.9221265316009521,220.4251708984375,24.855268478393555,372.9469909667969,330.55377197265625,7
Flickr30K/2827629249.jpg,/content/Image_captioning_Local/Flickr30K/flickr30k_images/flickr30k_images/2827629249.jpg,person,0.8918265700340271,70.583251953125,43.200538635253906,240.24758911132812,333.2830505371094,7
Flickr30K/2827629249.jpg,/content/Image_captioning_Local/Flickr30K/flickr30k_images/flickr30k_images/2827629249.jpg,chair,0.8294044137001038,0.024998188018798828,3.2452762126922607,74.55438995361328,115.88599395751953,7
Flickr30K/2827629249.jpg,/content/Image_captioning_Local/Flickr30K/flickr30k_images/flickr30k_images/2827629249.jpg,laptop,0.6689231395721436,330.15350341796875,9.484851837158203,418.3566589355469,51.103675842285156,7
Flickr30K/2827629249.jpg,/content/Image_captioning_Local/Flickr30K/flickr30k_images/flickr30k_images/2827629249.jpg,couch,0.5912268757820129,81.85480499267578,2.9287099838256836,470.50762939453125,215.03347778320312,7
Flickr30K/2827629249.jpg,/content/Image_captioning_Local/Flickr30K/flickr30k_images/flickr30k_images/2827629249.jpg,person,0.5435853004455566,325.90948486328125,0.8173942565917969,460.5511169433594,187.98374938964844,7
Flickr30K/2827629249.jpg,/content/Image_captioning_Local/Flickr30K/flickr30k_images/flickr30k_images/2827629249.jpg,couch,0.3286900818347931,307.5612487792969,0.4341602325439453,499.5680236816406,179.33804321289062,7
Flickr30K/2827964381.jpg,/content/Image_captioning_Local/Flickr30K/flickr30k_images/flickr30k_images/2827964381.jpg,dog,0.8486031889915466,55.129005432128906,47.704933166503906,260.750244140625,300.0124816894531,2
Flickr30K/2827964381.jpg,/content/Image_captioning_Local/Flickr30K/flickr30k_images/flickr30k_images/2827964381.jpg,dog,0.6560060381889343,240.2945098876953,23.223007202148438,446.19451904296875,341.953857421875,2
Flickr30K/2828583747.jpg,/content/Image_captioning_Local/Flickr30K/flickr30k_images/flickr30k_images/2828583747.jpg,person,0.936794638633728,389.62298583984375,79.21161651611328,469.3282165527344,354.1893005371094,7
Flickr30K/2828583747.jpg,/content/Image_captioning_Local/Flickr30K/flickr30k_images/flickr30k_images/2828583747.jpg,car,0.9183551073074341,174.7323455810547,0.7416963577270508,400.5688171386719,141.71392822265625,7
Flickr30K/2828583747.jpg,/content/Image_captioning_Local/Flickr30K/flickr30k_images/flickr30k_images/2828583747.jpg,car,0.8662466406822205,0.06585121154785156,3.6703109741210938,193.3385772705078,166.06533813476562,7
Flickr30K/2828583747.jpg,/content/Image_captioning_Local/Flickr30K/flickr30k_images/flickr30k_images/2828583747.jpg,car,0.8271098136901855,360.2823181152344,0.0,470.4188232421875,102.48162841796875,7
Flickr30K/2828583747.jpg,/content/Image_captioning_Local/Flickr30K/flickr30k_images/flickr30k_images/2828583747.jpg,car,0.8162855505943298,448.4287109375,0.29300451278686523,499.8050537109375,72.07937622070312,7
Flickr30K/2828583747.jpg,/content/Image_captioning_Local/Flickr30K/flickr30k_images/flickr30k_images/2828583747.jpg,motorcycle,0.7825808525085449,0.3366827964782715,182.76319885253906,161.90370178222656,374.8028869628906,7
Flickr30K/2828583747.jpg,/content/Image_captioning_Local/Flickr30K/flickr30k_images/flickr30k_images/2828583747.jpg,person,0.33092036843299866,388.1634216308594,3.254830837249756,423.3326416015625,30.014074325561523,7
Flickr30K/2829028284.jpg,/content/Image_captioning_Local/Flickr30K/flickr30k_images/flickr30k_images/2829028284.jpg,person,0.8838977813720703,45.01582336425781,83.78152465820312,274.1085205078125,498.0185852050781,2
Flickr30K/2829028284.jpg,/content/Image_captioning_Local/Flickr30K/flickr30k_images/flickr30k_images/2829028284.jpg,person,0.8777937889099121,25.76259422302246,11.076927185058594,176.1177520751953,497.3353271484375,2
Flickr30K/2829169200.jpg,/content/Image_captioning_Local/Flickr30K/flickr30k_images/flickr30k_images/2829169200.jpg,person,0.9421506524085999,258.66961669921875,130.7919921875,423.901611328125,330.68719482421875,21
Flickr30K/2829169200.jpg,/content/Image_captioning_Local/Flickr30K/flickr30k_images/flickr30k_images/2829169200.jpg,chair,0.8538539409637451,253.64895629882812,248.59275817871094,388.8496398925781,331.7674560546875,21
Flickr30K/2829169200.jpg,/content/Image_captioning_Local/Flickr30K/flickr30k_images/flickr30k_images/2829169200.jpg,person,0.7203607559204102,52.403865814208984,127.3863296508789,172.11415100097656,289.59356689453125,21
Flickr30K/2829169200.jpg,/content/Image_captioning_Local/Flickr30K/flickr30k_images/flickr30k_images/2829169200.jpg,person,0.7070508003234863,286.40142822265625,164.4886474609375,308.0317077636719,199.39512634277344,21
Flickr30K/2829169200.jpg,/content/Image_captioning_Local/Flickr30K/flickr30k_images/flickr30k_images/2829169200.jpg,chair,0.6717559695243835,0.14367103576660156,252.8115234375,82.92052459716797,331.5914611816406,21
Flickr30K/2829169200.jpg,/content/Image_captioning_Local/Flickr30K/flickr30k_images/flickr30k_images/2829169200.jpg,person,0.653630793094635,186.56063842773438,167.1083221435547,205.94863891601562,198.44944763183594,21
Flickr30K/2829169200.jpg,/content/Image_captioning_Local/Flickr30K/flickr30k_images/flickr30k_images/2829169200.jpg,person,0.6479727029800415,0.12135505676269531,118.47319793701172,196.9330596923828,330.82275390625,21
Flickr30K/2829169200.jpg,/content/Image_captioning_Local/Flickr30K/flickr30k_images/flickr30k_images/2829169200.jpg,person,0.6312121152877808,203.2972869873047,168.25819396972656,225.1809539794922,194.630859375,21
Flickr30K/2829169200.jpg,/content/Image_captioning_Local/Flickr30K/flickr30k_images/flickr30k_images/2829169200.jpg,chair,0.6260877847671509,195.08590698242188,220.0245819091797,282.368896484375,330.3998107910156,21
Flickr30K/2829169200.jpg,/content/Image_captioning_Local/Flickr30K/flickr30k_images/flickr30k_images/2829169200.jpg,person,0.5708211064338684,225.01560974121094,167.9039306640625,247.44822692871094,201.80104064941406,21
Flickr30K/2829169200.jpg,/content/Image_captioning_Local/Flickr30K/flickr30k_images/flickr30k_images/2829169200.jpg,chair,0.5679693818092346,436.542236328125,313.6138916015625,499.81011962890625,332.5753173828125,21
Flickr30K/2829169200.jpg,/content/Image_captioning_Local/Flickr30K/flickr30k_images/flickr30k_images/2829169200.jpg,chair,0.558419406414032,179.37295532226562,198.0358123779297,199.83685302734375,240.586669921875,21
Flickr30K/2829169200.jpg,/content/Image_captioning_Local/Flickr30K/flickr30k_images/flickr30k_images/2829169200.jpg,person,0.48425957560539246,239.5629425048828,167.4313507080078,293.689453125,227.4411163330078,21
Flickr30K/2829169200.jpg,/content/Image_captioning_Local/Flickr30K/flickr30k_images/flickr30k_images/2829169200.jpg,person,0.4723547101020813,270.9427490234375,164.71624755859375,291.1558532714844,198.5994873046875,21
Flickr30K/2829169200.jpg,/content/Image_captioning_Local/Flickr30K/flickr30k_images/flickr30k_images/2829169200.jpg,chair,0.4436750113964081,101.42068481445312,189.80245971679688,156.2577667236328,250.16488647460938,21
Flickr30K/2829169200.jpg,/content/Image_captioning_Local/Flickr30K/flickr30k_images/flickr30k_images/2829169200.jpg,chair,0.415176659822464,197.98826599121094,192.4950408935547,232.8535614013672,228.736083984375,21
Flickr30K/2829169200.jpg,/content/Image_captioning_Local/Flickr30K/flickr30k_images/flickr30k_images/2829169200.jpg,person,0.3998768925666809,242.95950317382812,160.60548400878906,253.57046508789062,184.96017456054688,21
Flickr30K/2829169200.jpg,/content/Image_captioning_Local/Flickr30K/flickr30k_images/flickr30k_images/2829169200.jpg,person,0.3432749807834625,0.2002239227294922,118.81208801269531,115.1773452758789,329.9214782714844,21
Flickr30K/2829169200.jpg,/content/Image_captioning_Local/Flickr30K/flickr30k_images/flickr30k_images/2829169200.jpg,chair,0.30313050746917725,198.53968811035156,193.04652404785156,230.91744995117188,219.60682678222656,21
Flickr30K/2829169200.jpg,/content/Image_captioning_Local/Flickr30K/flickr30k_images/flickr30k_images/2829169200.jpg,person,0.29391998052597046,101.21729278564453,167.39849853515625,125.20913696289062,197.59364318847656,21
Flickr30K/2829169200.jpg,/content/Image_captioning_Local/Flickr30K/flickr30k_images/flickr30k_images/2829169200.jpg,chair,0.2809487581253052,128.35452270507812,200.1739959716797,165.19195556640625,249.42745971679688,21
Flickr30K/282960970.jpg,/content/Image_captioning_Local/Flickr30K/flickr30k_images/flickr30k_images/282960970.jpg,person,0.8700465559959412,36.79370880126953,37.24384307861328,234.3092041015625,497.3486022949219,2
Flickr30K/282960970.jpg,/content/Image_captioning_Local/Flickr30K/flickr30k_images/flickr30k_images/282960970.jpg,horse,0.35837191343307495,1.2875795364379883,326.6517028808594,268.0644226074219,499.379638671875,2
Flickr30K/2829719998.jpg,/content/Image_captioning_Local/Flickr30K/flickr30k_images/flickr30k_images/2829719998.jpg,truck,0.9148580431938171,3.1891822814941406,21.201658248901367,491.4242858886719,324.0998840332031,2
Flickr30K/2829719998.jpg,/content/Image_captioning_Local/Flickr30K/flickr30k_images/flickr30k_images/2829719998.jpg,person,0.8024355173110962,376.6447448730469,172.18417358398438,427.7086181640625,308.8796691894531,2
Flickr30K/2830073704.jpg,/content/Image_captioning_Local/Flickr30K/flickr30k_images/flickr30k_images/2830073704.jpg,person,0.8620916604995728,0.2187490463256836,74.70870208740234,245.0732879638672,498.1123046875,6
Flickr30K/2830073704.jpg,/content/Image_captioning_Local/Flickr30K/flickr30k_images/flickr30k_images/2830073704.jpg,person,0.6111840605735779,252.2003173828125,263.7283935546875,375.0,462.16058349609375,6
Flickr30K/2830073704.jpg,/content/Image_captioning_Local/Flickr30K/flickr30k_images/flickr30k_images/2830073704.jpg,laptop,0.5866808295249939,55.260013580322266,432.309326171875,167.16648864746094,499.8465576171875,6
Flickr30K/2830073704.jpg,/content/Image_captioning_Local/Flickr30K/flickr30k_images/flickr30k_images/2830073704.jpg,book,0.46494260430336,54.948089599609375,431.2446594238281,167.41575622558594,499.8117370605469,6
Flickr30K/2830073704.jpg,/content/Image_captioning_Local/Flickr30K/flickr30k_images/flickr30k_images/2830073704.jpg,person,0.3557860553264618,219.05908203125,287.6370544433594,279.02935791015625,359.5961608886719,6
Flickr30K/2830073704.jpg,/content/Image_captioning_Local/Flickr30K/flickr30k_images/flickr30k_images/2830073704.jpg,person,0.32757332921028137,124.26531219482422,351.7725830078125,278.13531494140625,499.6020202636719,6
Flickr30K/2830276969.jpg,/content/Image_captioning_Local/Flickr30K/flickr30k_images/flickr30k_images/2830276969.jpg,person,0.9557227492332458,160.00018310546875,49.94892883300781,430.2234191894531,328.3450012207031,9
Flickr30K/2830276969.jpg,/content/Image_captioning_Local/Flickr30K/flickr30k_images/flickr30k_images/2830276969.jpg,bottle,0.8968703746795654,165.00656127929688,67.92410278320312,196.2400665283203,165.86990356445312,9
Flickr30K/2830276969.jpg,/content/Image_captioning_Local/Flickr30K/flickr30k_images/flickr30k_images/2830276969.jpg,chair,0.887293815612793,426.2090759277344,120.45449829101562,499.71429443359375,328.6551513671875,9
Flickr30K/2830276969.jpg,/content/Image_captioning_Local/Flickr30K/flickr30k_images/flickr30k_images/2830276969.jpg,bottle,0.8471701741218567,69.14825439453125,72.46424865722656,114.34095001220703,170.42080688476562,9
Flickr30K/2830276969.jpg,/content/Image_captioning_Local/Flickr30K/flickr30k_images/flickr30k_images/2830276969.jpg,tv,0.8333737254142761,54.62887191772461,145.4539794921875,250.9163360595703,328.5408630371094,9
Flickr30K/2830276969.jpg,/content/Image_captioning_Local/Flickr30K/flickr30k_images/flickr30k_images/2830276969.jpg,cup,0.42094942927360535,118.75338745117188,136.25538635253906,135.83670043945312,168.4589080810547,9
Flickr30K/2830276969.jpg,/content/Image_captioning_Local/Flickr30K/flickr30k_images/flickr30k_images/2830276969.jpg,cup,0.40692755579948425,48.6584587097168,114.06364440917969,80.1153793334961,149.63607788085938,9
Flickr30K/2830276969.jpg,/content/Image_captioning_Local/Flickr30K/flickr30k_images/flickr30k_images/2830276969.jpg,mouse,0.31499388813972473,161.46923828125,188.29727172851562,190.4474334716797,201.43966674804688,9
Flickr30K/2830276969.jpg,/content/Image_captioning_Local/Flickr30K/flickr30k_images/flickr30k_images/2830276969.jpg,laptop,0.27475765347480774,0.17083287239074707,256.03131103515625,64.3876953125,331.20001220703125,9
Flickr30K/2830309113.jpg,/content/Image_captioning_Local/Flickr30K/flickr30k_images/flickr30k_images/2830309113.jpg,person,0.926090657711029,76.5971908569336,44.41132354736328,288.876220703125,497.98651123046875,2
Flickr30K/2830309113.jpg,/content/Image_captioning_Local/Flickr30K/flickr30k_images/flickr30k_images/2830309113.jpg,car,0.3598318099975586,24.255752563476562,244.07725524902344,106.5156478881836,374.3160705566406,2
Flickr30K/2830559753.jpg,/content/Image_captioning_Local/Flickr30K/flickr30k_images/flickr30k_images/2830559753.jpg,person,0.9495731592178345,64.3107681274414,1.5431404113769531,253.61700439453125,370.8791198730469,5
Flickr30K/2830559753.jpg,/content/Image_captioning_Local/Flickr30K/flickr30k_images/flickr30k_images/2830559753.jpg,person,0.9216719269752502,249.8695831298828,106.92782592773438,446.4799499511719,370.9588623046875,5
Flickr30K/2830559753.jpg,/content/Image_captioning_Local/Flickr30K/flickr30k_images/flickr30k_images/2830559753.jpg,person,0.8547192811965942,248.0948486328125,135.31607055664062,354.279052734375,372.16949462890625,5
Flickr30K/2830559753.jpg,/content/Image_captioning_Local/Flickr30K/flickr30k_images/flickr30k_images/2830559753.jpg,couch,0.6178634762763977,407.3114318847656,167.724365234375,499.8205261230469,270.1766357421875,5
Flickr30K/2830559753.jpg,/content/Image_captioning_Local/Flickr30K/flickr30k_images/flickr30k_images/2830559753.jpg,hair drier,0.254227876663208,220.3019561767578,132.91661071777344,251.94239807128906,176.51283264160156,5
Flickr30K/2830559877.jpg,/content/Image_captioning_Local/Flickr30K/flickr30k_images/flickr30k_images/2830559877.jpg,person,0.9209765195846558,27.976585388183594,20.09115219116211,228.2865753173828,251.5838623046875,6
Flickr30K/2830559877.jpg,/content/Image_captioning_Local/Flickr30K/flickr30k_images/flickr30k_images/2830559877.jpg,person,0.9177367091178894,210.36935424804688,201.95909118652344,331.8779602050781,373.6169738769531,6
Flickr30K/2830559877.jpg,/content/Image_captioning_Local/Flickr30K/flickr30k_images/flickr30k_images/2830559877.jpg,person,0.9096498489379883,116.67001342773438,116.6728286743164,256.9461975097656,328.07720947265625,6
Flickr30K/2830559877.jpg,/content/Image_captioning_Local/Flickr30K/flickr30k_images/flickr30k_images/2830559877.jpg,couch,0.8029661178588867,27.25820541381836,37.17913818359375,319.6673278808594,247.91555786132812,6
Flickr30K/2830559877.jpg,/content/Image_captioning_Local/Flickr30K/flickr30k_images/flickr30k_images/2830559877.jpg,chair,0.6591950058937073,416.7127990722656,255.60556030273438,499.83392333984375,372.1687316894531,6
Flickr30K/2830559877.jpg,/content/Image_captioning_Local/Flickr30K/flickr30k_images/flickr30k_images/2830559877.jpg,chair,0.2522338330745697,339.4563293457031,254.5579376220703,500.0,372.8426513671875,6
Flickr30K/2830561291.jpg,/content/Image_captioning_Local/Flickr30K/flickr30k_images/flickr30k_images/2830561291.jpg,person,0.9356151819229126,68.89057159423828,3.2996654510498047,483.1473388671875,371.7799072265625,2
Flickr30K/2830561291.jpg,/content/Image_captioning_Local/Flickr30K/flickr30k_images/flickr30k_images/2830561291.jpg,couch,0.6038675308227539,0.5730867385864258,139.47177124023438,233.7384490966797,371.3450012207031,2
Flickr30K/2830561413.jpg,/content/Image_captioning_Local/Flickr30K/flickr30k_images/flickr30k_images/2830561413.jpg,person,0.9334585070610046,10.826802253723145,102.54449462890625,179.23190307617188,297.94940185546875,8
Flickr30K/2830561413.jpg,/content/Image_captioning_Local/Flickr30K/flickr30k_images/flickr30k_images/2830561413.jpg,person,0.9211543202400208,351.2929992675781,136.85414123535156,455.4700927734375,304.5813903808594,8
Flickr30K/2830561413.jpg,/content/Image_captioning_Local/Flickr30K/flickr30k_images/flickr30k_images/2830561413.jpg,chair,0.8777377605438232,0.04246234893798828,230.90756225585938,81.17012023925781,323.7911071777344,8
Flickr30K/2830561413.jpg,/content/Image_captioning_Local/Flickr30K/flickr30k_images/flickr30k_images/2830561413.jpg,person,0.8732467889785767,305.2073974609375,243.251708984375,398.0069274902344,372.9520263671875,8
Flickr30K/2830561413.jpg,/content/Image_captioning_Local/Flickr30K/flickr30k_images/flickr30k_images/2830561413.jpg,person,0.7939786314964294,134.2250518798828,27.234100341796875,197.56690979003906,126.64542388916016,8
Flickr30K/2830561413.jpg,/content/Image_captioning_Local/Flickr30K/flickr30k_images/flickr30k_images/2830561413.jpg,chair,0.6794161796569824,225.9117431640625,205.3964385986328,299.2558288574219,309.3414611816406,8
Flickr30K/2830561413.jpg,/content/Image_captioning_Local/Flickr30K/flickr30k_images/flickr30k_images/2830561413.jpg,dining table,0.4721805155277252,92.20467376708984,115.11912536621094,227.1038055419922,266.28521728515625,8
Flickr30K/2830561413.jpg,/content/Image_captioning_Local/Flickr30K/flickr30k_images/flickr30k_images/2830561413.jpg,chair,0.41399461030960083,0.041618943214416504,66.55792999267578,18.792015075683594,105.15780639648438,8
Flickr30K/283056265.jpg,/content/Image_captioning_Local/Flickr30K/flickr30k_images/flickr30k_images/283056265.jpg,person,0.8486713767051697,72.57906341552734,138.48776245117188,327.1097717285156,491.2849426269531,3
Flickr30K/283056265.jpg,/content/Image_captioning_Local/Flickr30K/flickr30k_images/flickr30k_images/283056265.jpg,person,0.49194762110710144,161.51194763183594,14.909505844116211,331.595458984375,463.9427185058594,3
Flickr30K/283056265.jpg,/content/Image_captioning_Local/Flickr30K/flickr30k_images/flickr30k_images/283056265.jpg,person,0.39814773201942444,162.51144409179688,15.793657302856445,331.42138671875,262.1761779785156,3
Flickr30K/2830579786.jpg,/content/Image_captioning_Local/Flickr30K/flickr30k_images/flickr30k_images/2830579786.jpg,bus,0.79554283618927,12.649726867675781,72.89430236816406,500.0,371.9446105957031,9
Flickr30K/2830579786.jpg,/content/Image_captioning_Local/Flickr30K/flickr30k_images/flickr30k_images/2830579786.jpg,person,0.6700799465179443,474.9532775878906,237.97879028320312,495.1277770996094,284.0180969238281,9
Flickr30K/2830579786.jpg,/content/Image_captioning_Local/Flickr30K/flickr30k_images/flickr30k_images/2830579786.jpg,person,0.661291241645813,266.7091979980469,29.776763916015625,328.28375244140625,87.34884643554688,9
Flickr30K/2830579786.jpg,/content/Image_captioning_Local/Flickr30K/flickr30k_images/flickr30k_images/2830579786.jpg,person,0.5552670955657959,399.20343017578125,137.65029907226562,429.9708251953125,199.36846923828125,9
Flickr30K/2830579786.jpg,/content/Image_captioning_Local/Flickr30K/flickr30k_images/flickr30k_images/2830579786.jpg,person,0.49999403953552246,90.64591979980469,48.10898208618164,163.33282470703125,116.57421875,9
Flickr30K/2830579786.jpg,/content/Image_captioning_Local/Flickr30K/flickr30k_images/flickr30k_images/2830579786.jpg,person,0.4736706614494324,90.22563934326172,47.76921081542969,163.9599151611328,189.33953857421875,9
Flickr30K/2830579786.jpg,/content/Image_captioning_Local/Flickr30K/flickr30k_images/flickr30k_images/2830579786.jpg,person,0.4734485149383545,430.0734558105469,174.2961883544922,467.1418151855469,236.2681427001953,9
Flickr30K/2830579786.jpg,/content/Image_captioning_Local/Flickr30K/flickr30k_images/flickr30k_images/2830579786.jpg,person,0.36451131105422974,198.18971252441406,62.36701202392578,270.6739807128906,178.63299560546875,9
Flickr30K/2830579786.jpg,/content/Image_captioning_Local/Flickr30K/flickr30k_images/flickr30k_images/2830579786.jpg,person,0.32475632429122925,225.55084228515625,61.170196533203125,256.797607421875,91.78323364257812,9
Flickr30K/2830755303.jpg,/content/Image_captioning_Local/Flickr30K/flickr30k_images/flickr30k_images/2830755303.jpg,bird,0.9191000461578369,7.406127452850342,94.10796356201172,100.6106948852539,130.03921508789062,12
Flickr30K/2830755303.jpg,/content/Image_captioning_Local/Flickr30K/flickr30k_images/flickr30k_images/2830755303.jpg,bird,0.8928890824317932,147.75123596191406,28.31967544555664,192.36488342285156,63.5831184387207,12
Flickr30K/2830755303.jpg,/content/Image_captioning_Local/Flickr30K/flickr30k_images/flickr30k_images/2830755303.jpg,bird,0.8904632329940796,240.07696533203125,122.0011215209961,284.8094482421875,148.926025390625,12
Flickr30K/2830755303.jpg,/content/Image_captioning_Local/Flickr30K/flickr30k_images/flickr30k_images/2830755303.jpg,person,0.8882755041122437,152.1842498779297,264.3738708496094,201.52859497070312,375.98370361328125,12
Flickr30K/2830755303.jpg,/content/Image_captioning_Local/Flickr30K/flickr30k_images/flickr30k_images/2830755303.jpg,bird,0.7879522442817688,260.8957214355469,250.4061737060547,278.9462890625,269.8878173828125,12
Flickr30K/2830755303.jpg,/content/Image_captioning_Local/Flickr30K/flickr30k_images/flickr30k_images/2830755303.jpg,bird,0.774636447429657,148.23251342773438,450.991455078125,230.6570587158203,499.8243408203125,12
Flickr30K/2830755303.jpg,/content/Image_captioning_Local/Flickr30K/flickr30k_images/flickr30k_images/2830755303.jpg,bird,0.7055017948150635,0.0,132.56256103515625,26.06166648864746,155.69317626953125,12
Flickr30K/2830755303.jpg,/content/Image_captioning_Local/Flickr30K/flickr30k_images/flickr30k_images/2830755303.jpg,bird,0.6508036851882935,191.5446319580078,267.6501159667969,221.53997802734375,286.73638916015625,12
Flickr30K/2830755303.jpg,/content/Image_captioning_Local/Flickr30K/flickr30k_images/flickr30k_images/2830755303.jpg,bird,0.6383630037307739,242.12786865234375,311.91064453125,260.4648742675781,328.8272705078125,12
Flickr30K/2830755303.jpg,/content/Image_captioning_Local/Flickr30K/flickr30k_images/flickr30k_images/2830755303.jpg,bird,0.4384115934371948,192.13014221191406,268.1150817871094,212.59779357910156,286.7289733886719,12
Flickr30K/2830755303.jpg,/content/Image_captioning_Local/Flickr30K/flickr30k_images/flickr30k_images/2830755303.jpg,bird,0.2730625867843628,104.31804656982422,277.4755859375,111.34662628173828,285.9123840332031,12
Flickr30K/2830755303.jpg,/content/Image_captioning_Local/Flickr30K/flickr30k_images/flickr30k_images/2830755303.jpg,bird,0.262501060962677,229.54530334472656,275.76605224609375,238.94366455078125,289.1004943847656,12
Flickr30K/2830869109.jpg,/content/Image_captioning_Local/Flickr30K/flickr30k_images/flickr30k_images/2830869109.jpg,person,0.9210454821586609,119.76697540283203,121.4234848022461,286.00738525390625,431.59942626953125,4
Flickr30K/2830869109.jpg,/content/Image_captioning_Local/Flickr30K/flickr30k_images/flickr30k_images/2830869109.jpg,person,0.8953481316566467,296.6659851074219,135.80184936523438,362.5564880371094,296.4897766113281,4
Flickr30K/2830869109.jpg,/content/Image_captioning_Local/Flickr30K/flickr30k_images/flickr30k_images/2830869109.jpg,frisbee,0.6943338513374329,279.79779052734375,204.49366760253906,310.76458740234375,233.93673706054688,4
Flickr30K/2830869109.jpg,/content/Image_captioning_Local/Flickr30K/flickr30k_images/flickr30k_images/2830869109.jpg,person,0.5150587558746338,492.037109375,118.7591781616211,499.7466125488281,144.322998046875,4
Flickr30K/2830880811.jpg,/content/Image_captioning_Local/Flickr30K/flickr30k_images/flickr30k_images/2830880811.jpg,dog,0.9547427892684937,220.76658630371094,133.10459899902344,390.07415771484375,408.7559814453125,2
Flickr30K/2830880811.jpg,/content/Image_captioning_Local/Flickr30K/flickr30k_images/flickr30k_images/2830880811.jpg,sports ball,0.8850145936012268,260.33636474609375,180.0590362548828,306.45794677734375,228.33299255371094,2
Flickr30K/283091793.jpg,/content/Image_captioning_Local/Flickr30K/flickr30k_images/flickr30k_images/283091793.jpg,person,0.9443591237068176,29.76719093322754,11.278629302978516,207.89083862304688,497.1626892089844,2
Flickr30K/283091793.jpg,/content/Image_captioning_Local/Flickr30K/flickr30k_images/flickr30k_images/283091793.jpg,car,0.8707109689712524,0.0,292.9891052246094,43.554664611816406,492.88446044921875,2
Flickr30K/2831215155.jpg,/content/Image_captioning_Local/Flickr30K/flickr30k_images/flickr30k_images/2831215155.jpg,person,0.7848623394966125,47.4634895324707,312.85101318359375,77.04827880859375,373.0762634277344,4
Flickr30K/2831215155.jpg,/content/Image_captioning_Local/Flickr30K/flickr30k_images/flickr30k_images/2831215155.jpg,truck,0.5239030122756958,149.60365295410156,287.2505798339844,335.0,355.4014587402344,4
Flickr30K/2831215155.jpg,/content/Image_captioning_Local/Flickr30K/flickr30k_images/flickr30k_images/2831215155.jpg,car,0.43791258335113525,148.94857788085938,287.0801086425781,335.0,354.77362060546875,4
Flickr30K/2831215155.jpg,/content/Image_captioning_Local/Flickr30K/flickr30k_images/flickr30k_images/2831215155.jpg,person,0.31436392664909363,261.26776123046875,308.3628234863281,280.45306396484375,330.0962829589844,4
Flickr30K/2831217847.jpg,/content/Image_captioning_Local/Flickr30K/flickr30k_images/flickr30k_images/2831217847.jpg,truck,0.7089663743972778,147.25775146484375,124.02162170410156,357.1022033691406,232.97348022460938,2
Flickr30K/2831217847.jpg,/content/Image_captioning_Local/Flickr30K/flickr30k_images/flickr30k_images/2831217847.jpg,person,0.5427839756011963,207.4393310546875,143.0778045654297,230.92713928222656,170.6010284423828,2
Flickr30K/2831313661.jpg,/content/Image_captioning_Local/Flickr30K/flickr30k_images/flickr30k_images/2831313661.jpg,person,0.9393879771232605,91.0002212524414,7.104301452636719,282.59088134765625,499.0638732910156,2
Flickr30K/2831313661.jpg,/content/Image_captioning_Local/Flickr30K/flickr30k_images/flickr30k_images/2831313661.jpg,bottle,0.25591546297073364,113.19501495361328,110.09748077392578,138.02182006835938,138.67404174804688,2
Flickr30K/2831314869.jpg,/content/Image_captioning_Local/Flickr30K/flickr30k_images/flickr30k_images/2831314869.jpg,person,0.623613715171814,10.845088958740234,31.630409240722656,485.8641662597656,380.1019592285156,4
Flickr30K/2831314869.jpg,/content/Image_captioning_Local/Flickr30K/flickr30k_images/flickr30k_images/2831314869.jpg,truck,0.5438348650932312,4.557704925537109,0.0,500.0,398.0687561035156,4
Flickr30K/2831314869.jpg,/content/Image_captioning_Local/Flickr30K/flickr30k_images/flickr30k_images/2831314869.jpg,person,0.4670199155807495,327.9878234863281,34.84149169921875,488.1725769042969,261.4090270996094,4
Flickr30K/2831314869.jpg,/content/Image_captioning_Local/Flickr30K/flickr30k_images/flickr30k_images/2831314869.jpg,train,0.28678545355796814,1.5694618225097656,0.0,497.63287353515625,400.0,4
Flickr30K/2831394884.jpg,/content/Image_captioning_Local/Flickr30K/flickr30k_images/flickr30k_images/2831394884.jpg,person,0.33722710609436035,59.10115051269531,176.96775817871094,498.97894287109375,371.6274719238281,6
Flickr30K/2831394884.jpg,/content/Image_captioning_Local/Flickr30K/flickr30k_images/flickr30k_images/2831394884.jpg,bed,0.29960235953330994,1.4354228973388672,0.9171724319458008,440.480224609375,202.66909790039062,6
Flickr30K/2831394884.jpg,/content/Image_captioning_Local/Flickr30K/flickr30k_images/flickr30k_images/2831394884.jpg,person,0.29294922947883606,7.581663131713867,0.0,498.3717346191406,370.8798522949219,6
Flickr30K/2831394884.jpg,/content/Image_captioning_Local/Flickr30K/flickr30k_images/flickr30k_images/2831394884.jpg,person,0.2917885184288025,0.02765655517578125,189.4378204345703,223.42465209960938,308.4497375488281,6
Flickr30K/2831394884.jpg,/content/Image_captioning_Local/Flickr30K/flickr30k_images/flickr30k_images/2831394884.jpg,person,0.2667177617549896,124.18365478515625,49.24931335449219,499.34405517578125,371.0130310058594,6
Flickr30K/2831394884.jpg,/content/Image_captioning_Local/Flickr30K/flickr30k_images/flickr30k_images/2831394884.jpg,person,0.2587377727031708,148.19680786132812,6.317591667175293,499.51495361328125,240.35842895507812,6
Flickr30K/283146608.jpg,/content/Image_captioning_Local/Flickr30K/flickr30k_images/flickr30k_images/283146608.jpg,person,0.9365650415420532,129.85525512695312,78.952880859375,301.4987487792969,433.184326171875,2
Flickr30K/283146608.jpg,/content/Image_captioning_Local/Flickr30K/flickr30k_images/flickr30k_images/283146608.jpg,laptop,0.5137399435043335,98.59906768798828,434.0650634765625,331.25286865234375,499.7047424316406,2
Flickr30K/2831578193.jpg,/content/Image_captioning_Local/Flickr30K/flickr30k_images/flickr30k_images/2831578193.jpg,person,0.8953797817230225,0.20961761474609375,37.676475524902344,104.84185028076172,260.24951171875,1
Flickr30K/2831656774.jpg,/content/Image_captioning_Local/Flickr30K/flickr30k_images/flickr30k_images/2831656774.jpg,person,0.9150910973548889,0.0,86.68231964111328,136.79818725585938,486.4881591796875,3
Flickr30K/2831656774.jpg,/content/Image_captioning_Local/Flickr30K/flickr30k_images/flickr30k_images/2831656774.jpg,dog,0.45151233673095703,137.89732360839844,46.0219612121582,344.44000244140625,222.29432678222656,3
Flickr30K/2831656774.jpg,/content/Image_captioning_Local/Flickr30K/flickr30k_images/flickr30k_images/2831656774.jpg,horse,0.2876899242401123,137.59107971191406,46.1311149597168,344.1890869140625,222.7610321044922,3
Flickr30K/2831672255.jpg,/content/Image_captioning_Local/Flickr30K/flickr30k_images/flickr30k_images/2831672255.jpg,dog,0.9185900092124939,83.51953887939453,24.823856353759766,227.54067993164062,421.7785949707031,3
Flickr30K/2831672255.jpg,/content/Image_captioning_Local/Flickr30K/flickr30k_images/flickr30k_images/2831672255.jpg,bench,0.33098140358924866,46.537315368652344,113.91120147705078,317.0,496.3381652832031,3
Flickr30K/2831672255.jpg,/content/Image_captioning_Local/Flickr30K/flickr30k_images/flickr30k_images/2831672255.jpg,person,0.25339198112487793,247.84178161621094,187.80987548828125,310.40533447265625,346.9090270996094,3
Flickr30K/2831723637.jpg,/content/Image_captioning_Local/Flickr30K/flickr30k_images/flickr30k_images/2831723637.jpg,dog,0.947546124458313,2.313232421875,119.13752746582031,434.37841796875,434.1479797363281,1
Flickr30K/283178378.jpg,/content/Image_captioning_Local/Flickr30K/flickr30k_images/flickr30k_images/283178378.jpg,truck,0.5353657603263855,229.48065185546875,118.17896270751953,301.2452087402344,217.6018524169922,5
Flickr30K/283178378.jpg,/content/Image_captioning_Local/Flickr30K/flickr30k_images/flickr30k_images/283178378.jpg,person,0.5248894095420837,42.063323974609375,87.90037536621094,70.52132415771484,127.86624145507812,5
Flickr30K/283178378.jpg,/content/Image_captioning_Local/Flickr30K/flickr30k_images/flickr30k_images/283178378.jpg,person,0.33610862493515015,381.2340393066406,70.9705810546875,395.0911865234375,89.63847351074219,5
Flickr30K/283178378.jpg,/content/Image_captioning_Local/Flickr30K/flickr30k_images/flickr30k_images/283178378.jpg,person,0.27034908533096313,349.24835205078125,85.97306823730469,366.8201904296875,123.4730224609375,5
Flickr30K/283178378.jpg,/content/Image_captioning_Local/Flickr30K/flickr30k_images/flickr30k_images/283178378.jpg,person,0.2681944966316223,25.12541961669922,69.64466857910156,48.006038665771484,124.66996002197266,5
Flickr30K/28318358.jpg,/content/Image_captioning_Local/Flickr30K/flickr30k_images/flickr30k_images/28318358.jpg,person,0.8665423393249512,0.05182027816772461,242.41600036621094,36.488075256347656,374.179931640625,9
Flickr30K/28318358.jpg,/content/Image_captioning_Local/Flickr30K/flickr30k_images/flickr30k_images/28318358.jpg,person,0.8552367091178894,237.28933715820312,147.21861267089844,272.53826904296875,220.47605895996094,9
Flickr30K/28318358.jpg,/content/Image_captioning_Local/Flickr30K/flickr30k_images/flickr30k_images/28318358.jpg,person,0.8465195298194885,227.80633544921875,215.73805236816406,264.1214904785156,295.8726501464844,9
Flickr30K/28318358.jpg,/content/Image_captioning_Local/Flickr30K/flickr30k_images/flickr30k_images/28318358.jpg,person,0.8309263586997986,154.54270935058594,208.07728576660156,193.0575408935547,275.99969482421875,9
Flickr30K/28318358.jpg,/content/Image_captioning_Local/Flickr30K/flickr30k_images/flickr30k_images/28318358.jpg,person,0.7085805535316467,28.894657135009766,297.3891296386719,65.20001220703125,374.30810546875,9
Flickr30K/28318358.jpg,/content/Image_captioning_Local/Flickr30K/flickr30k_images/flickr30k_images/28318358.jpg,person,0.705710768699646,138.63424682617188,102.87022399902344,170.59335327148438,198.67185974121094,9
Flickr30K/28318358.jpg,/content/Image_captioning_Local/Flickr30K/flickr30k_images/flickr30k_images/28318358.jpg,person,0.6569996476173401,164.65380859375,149.25546264648438,191.2169189453125,222.16758728027344,9
Flickr30K/28318358.jpg,/content/Image_captioning_Local/Flickr30K/flickr30k_images/flickr30k_images/28318358.jpg,person,0.3375314474105835,162.82688903808594,113.03248596191406,200.54931640625,191.8245849609375,9
Flickr30K/28318358.jpg,/content/Image_captioning_Local/Flickr30K/flickr30k_images/flickr30k_images/28318358.jpg,person,0.291453093290329,163.3643798828125,113.31755828857422,200.2867889404297,168.0670928955078,9
Flickr30K/2831846986.jpg,/content/Image_captioning_Local/Flickr30K/flickr30k_images/flickr30k_images/2831846986.jpg,person,0.9312747120857239,316.40338134765625,131.80189514160156,431.71209716796875,269.97723388671875,6
Flickr30K/2831846986.jpg,/content/Image_captioning_Local/Flickr30K/flickr30k_images/flickr30k_images/2831846986.jpg,person,0.9130992293357849,61.62102127075195,94.4535140991211,155.9671173095703,235.65415954589844,6
Flickr30K/2831846986.jpg,/content/Image_captioning_Local/Flickr30K/flickr30k_images/flickr30k_images/2831846986.jpg,person,0.9125710725784302,235.5384063720703,65.8578872680664,293.2623596191406,202.48770141601562,6
Flickr30K/2831846986.jpg,/content/Image_captioning_Local/Flickr30K/flickr30k_images/flickr30k_images/2831846986.jpg,person,0.9093398451805115,283.24945068359375,69.315673828125,332.5992431640625,176.6041717529297,6
Flickr30K/2831846986.jpg,/content/Image_captioning_Local/Flickr30K/flickr30k_images/flickr30k_images/2831846986.jpg,person,0.8954854607582092,130.8065643310547,80.02798461914062,212.0995330810547,208.83644104003906,6
Flickr30K/2831846986.jpg,/content/Image_captioning_Local/Flickr30K/flickr30k_images/flickr30k_images/2831846986.jpg,person,0.7469857931137085,328.0217590332031,88.57903289794922,404.2542419433594,186.7482147216797,6
Flickr30K/28318644.jpg,/content/Image_captioning_Local/Flickr30K/flickr30k_images/flickr30k_images/28318644.jpg,person,0.8354582190513611,259.8362731933594,180.26170349121094,281.9532775878906,273.4630126953125,4
Flickr30K/28318644.jpg,/content/Image_captioning_Local/Flickr30K/flickr30k_images/flickr30k_images/28318644.jpg,person,0.6655795574188232,295.2295227050781,142.530517578125,302.83154296875,167.8914337158203,4
Flickr30K/28318644.jpg,/content/Image_captioning_Local/Flickr30K/flickr30k_images/flickr30k_images/28318644.jpg,person,0.6239604353904724,308.00408935546875,146.62783813476562,317.9762878417969,166.6258544921875,4
Flickr30K/28318644.jpg,/content/Image_captioning_Local/Flickr30K/flickr30k_images/flickr30k_images/28318644.jpg,person,0.5323406457901001,458.81060791015625,140.6942901611328,468.247802734375,158.65664672851562,4
Flickr30K/2831891201.jpg,/content/Image_captioning_Local/Flickr30K/flickr30k_images/flickr30k_images/2831891201.jpg,person,0.9499137997627258,102.24298095703125,109.56828308105469,256.0456848144531,260.5902099609375,1
Flickr30K/2832033116.jpg,/content/Image_captioning_Local/Flickr30K/flickr30k_images/flickr30k_images/2832033116.jpg,person,0.6390928626060486,94.60271453857422,41.3055419921875,434.94305419921875,327.55517578125,1
Flickr30K/2832076014.jpg,/content/Image_captioning_Local/Flickr30K/flickr30k_images/flickr30k_images/2832076014.jpg,boat,0.46379879117012024,232.09780883789062,126.16233825683594,323.1748962402344,170.3014373779297,1
Flickr30K/283214657.jpg,/content/Image_captioning_Local/Flickr30K/flickr30k_images/flickr30k_images/283214657.jpg,person,0.9377901554107666,258.601318359375,0.3960728645324707,426.27105712890625,329.59423828125,6
Flickr30K/283214657.jpg,/content/Image_captioning_Local/Flickr30K/flickr30k_images/flickr30k_images/283214657.jpg,person,0.9215564727783203,0.6794214248657227,0.9182453155517578,163.5870361328125,329.4486999511719,6
Flickr30K/283214657.jpg,/content/Image_captioning_Local/Flickr30K/flickr30k_images/flickr30k_images/283214657.jpg,person,0.8719072937965393,169.5767364501953,92.27433013916016,277.7579345703125,328.249267578125,6
Flickr30K/283214657.jpg,/content/Image_captioning_Local/Flickr30K/flickr30k_images/flickr30k_images/283214657.jpg,person,0.7745169997215271,387.70953369140625,106.03675842285156,443.6387939453125,331.77685546875,6
Flickr30K/283214657.jpg,/content/Image_captioning_Local/Flickr30K/flickr30k_images/flickr30k_images/283214657.jpg,person,0.7604832649230957,464.9374084472656,102.0069580078125,499.82720947265625,304.8111572265625,6
Flickr30K/283214657.jpg,/content/Image_captioning_Local/Flickr30K/flickr30k_images/flickr30k_images/283214657.jpg,handbag,0.5258722305297852,318.5926818847656,60.642601013183594,396.77978515625,217.30953979492188,6
Flickr30K/283221274.jpg,/content/Image_captioning_Local/Flickr30K/flickr30k_images/flickr30k_images/283221274.jpg,person,0.9169576168060303,95.1283950805664,274.55133056640625,215.38552856445312,420.9588623046875,9
Flickr30K/283221274.jpg,/content/Image_captioning_Local/Flickr30K/flickr30k_images/flickr30k_images/283221274.jpg,person,0.855234682559967,78.96577453613281,23.5598087310791,275.4459228515625,247.73464965820312,9
Flickr30K/283221274.jpg,/content/Image_captioning_Local/Flickr30K/flickr30k_images/flickr30k_images/283221274.jpg,skateboard,0.8533651232719421,130.3195037841797,397.355712890625,172.1597137451172,450.5152587890625,9
Flickr30K/283221274.jpg,/content/Image_captioning_Local/Flickr30K/flickr30k_images/flickr30k_images/283221274.jpg,person,0.7730996608734131,142.41790771484375,252.83465576171875,158.02468872070312,278.0995788574219,9
Flickr30K/283221274.jpg,/content/Image_captioning_Local/Flickr30K/flickr30k_images/flickr30k_images/283221274.jpg,person,0.7688747644424438,157.74964904785156,249.41648864746094,176.051513671875,275.9339294433594,9
Flickr30K/283221274.jpg,/content/Image_captioning_Local/Flickr30K/flickr30k_images/flickr30k_images/283221274.jpg,person,0.7551960945129395,178.57835388183594,249.40733337402344,192.51072692871094,288.62310791015625,9
Flickr30K/283221274.jpg,/content/Image_captioning_Local/Flickr30K/flickr30k_images/flickr30k_images/283221274.jpg,person,0.71802818775177,205.42039489746094,233.30307006835938,242.7090606689453,340.1872253417969,9
Flickr30K/283221274.jpg,/content/Image_captioning_Local/Flickr30K/flickr30k_images/flickr30k_images/283221274.jpg,bench,0.664560079574585,263.4045104980469,277.6708984375,284.98486328125,296.614013671875,9
Flickr30K/283221274.jpg,/content/Image_captioning_Local/Flickr30K/flickr30k_images/flickr30k_images/283221274.jpg,person,0.5330656170845032,248.85801696777344,267.8836364746094,263.1390075683594,297.5868225097656,9
Flickr30K/2832453252.jpg,/content/Image_captioning_Local/Flickr30K/flickr30k_images/flickr30k_images/2832453252.jpg,person,0.8860495686531067,294.2840576171875,159.53598022460938,339.578857421875,219.17738342285156,4
Flickr30K/2832453252.jpg,/content/Image_captioning_Local/Flickr30K/flickr30k_images/flickr30k_images/2832453252.jpg,person,0.8345642685890198,209.64511108398438,160.51702880859375,239.13900756835938,220.14065551757812,4
Flickr30K/2832453252.jpg,/content/Image_captioning_Local/Flickr30K/flickr30k_images/flickr30k_images/2832453252.jpg,person,0.8256900310516357,76.89929962158203,195.75018310546875,101.95181274414062,219.62709045410156,4
Flickr30K/2832453252.jpg,/content/Image_captioning_Local/Flickr30K/flickr30k_images/flickr30k_images/2832453252.jpg,person,0.8128890991210938,192.138916015625,159.74679565429688,215.4945831298828,219.12969970703125,4
Flickr30K/2832487464.jpg,/content/Image_captioning_Local/Flickr30K/flickr30k_images/flickr30k_images/2832487464.jpg,dog,0.9263946413993835,66.08634185791016,72.91927337646484,309.4976806640625,374.5815734863281,2
Flickr30K/2832487464.jpg,/content/Image_captioning_Local/Flickr30K/flickr30k_images/flickr30k_images/2832487464.jpg,person,0.5260069370269775,16.364086151123047,6.5833210945129395,78.14593505859375,151.7468719482422,2
Flickr30K/283252248.jpg,/content/Image_captioning_Local/Flickr30K/flickr30k_images/flickr30k_images/283252248.jpg,person,0.9286094307899475,270.40362548828125,60.20157241821289,371.5093078613281,291.37127685546875,13
Flickr30K/283252248.jpg,/content/Image_captioning_Local/Flickr30K/flickr30k_images/flickr30k_images/283252248.jpg,person,0.9247937202453613,69.17963409423828,53.62372589111328,193.92857360839844,303.07794189453125,13
Flickr30K/283252248.jpg,/content/Image_captioning_Local/Flickr30K/flickr30k_images/flickr30k_images/283252248.jpg,person,0.9047586917877197,364.0960693359375,51.47286605834961,447.06591796875,262.92742919921875,13
Flickr30K/283252248.jpg,/content/Image_captioning_Local/Flickr30K/flickr30k_images/flickr30k_images/283252248.jpg,person,0.8798179030418396,258.2069396972656,0.8289694786071777,307.3836364746094,109.85292053222656,13
Flickr30K/283252248.jpg,/content/Image_captioning_Local/Flickr30K/flickr30k_images/flickr30k_images/283252248.jpg,person,0.8568306565284729,189.44557189941406,52.055503845214844,276.1988525390625,285.72076416015625,13
Flickr30K/283252248.jpg,/content/Image_captioning_Local/Flickr30K/flickr30k_images/flickr30k_images/283252248.jpg,person,0.8566425442695618,29.962032318115234,47.05426788330078,86.01480102539062,149.4408416748047,13
Flickr30K/283252248.jpg,/content/Image_captioning_Local/Flickr30K/flickr30k_images/flickr30k_images/283252248.jpg,person,0.853873074054718,0.0191420316696167,31.947063446044922,32.246253967285156,146.56712341308594,13
Flickr30K/283252248.jpg,/content/Image_captioning_Local/Flickr30K/flickr30k_images/flickr30k_images/283252248.jpg,handbag,0.818848729133606,366.67083740234375,141.13400268554688,436.3037109375,181.6984405517578,13
Flickr30K/283252248.jpg,/content/Image_captioning_Local/Flickr30K/flickr30k_images/flickr30k_images/283252248.jpg,person,0.7509828209877014,317.42877197265625,3.0763864517211914,357.45135498046875,100.19068908691406,13
Flickr30K/283252248.jpg,/content/Image_captioning_Local/Flickr30K/flickr30k_images/flickr30k_images/283252248.jpg,person,0.6318916082382202,210.89425659179688,8.221244812011719,241.5010986328125,80.00788879394531,13
Flickr30K/283252248.jpg,/content/Image_captioning_Local/Flickr30K/flickr30k_images/flickr30k_images/283252248.jpg,bench,0.41698652505874634,69.8721923828125,143.06430053710938,454.9707946777344,271.1789245605469,13
Flickr30K/283252248.jpg,/content/Image_captioning_Local/Flickr30K/flickr30k_images/flickr30k_images/283252248.jpg,handbag,0.35166603326797485,340.3552551269531,39.61594009399414,361.4047546386719,61.97135543823242,13
Flickr30K/283252248.jpg,/content/Image_captioning_Local/Flickr30K/flickr30k_images/flickr30k_images/283252248.jpg,bench,0.25603190064430237,70.19033813476562,101.9237289428711,434.0277099609375,288.1474304199219,13
Flickr30K/2832594839.jpg,/content/Image_captioning_Local/Flickr30K/flickr30k_images/flickr30k_images/2832594839.jpg,person,0.9333890080451965,154.616455078125,1.479339599609375,375.0,348.7720947265625,5
Flickr30K/2832594839.jpg,/content/Image_captioning_Local/Flickr30K/flickr30k_images/flickr30k_images/2832594839.jpg,person,0.9270188212394714,5.347847938537598,81.47358703613281,221.91928100585938,405.3235168457031,5
Flickr30K/2832594839.jpg,/content/Image_captioning_Local/Flickr30K/flickr30k_images/flickr30k_images/2832594839.jpg,couch,0.7773110270500183,0.28815269470214844,11.03372573852539,277.45684814453125,269.093994140625,5
Flickr30K/2832594839.jpg,/content/Image_captioning_Local/Flickr30K/flickr30k_images/flickr30k_images/2832594839.jpg,book,0.6474502086639404,1.429063081741333,391.6416931152344,108.53226470947266,499.7388000488281,5
Flickr30K/2832594839.jpg,/content/Image_captioning_Local/Flickr30K/flickr30k_images/flickr30k_images/2832594839.jpg,book,0.36400163173675537,70.02706909179688,323.5265808105469,375.0,499.6534423828125,5
Flickr30K/2832610852.jpg,/content/Image_captioning_Local/Flickr30K/flickr30k_images/flickr30k_images/2832610852.jpg,chair,0.7569229602813721,218.52059936523438,192.35916137695312,305.03759765625,323.16290283203125,12
Flickr30K/2832610852.jpg,/content/Image_captioning_Local/Flickr30K/flickr30k_images/flickr30k_images/2832610852.jpg,person,0.7116121649742126,84.54432678222656,94.4244155883789,227.94236755371094,327.9944152832031,12
Flickr30K/2832610852.jpg,/content/Image_captioning_Local/Flickr30K/flickr30k_images/flickr30k_images/2832610852.jpg,person,0.7079199552536011,22.395706176757812,127.5575180053711,70.22888946533203,161.79042053222656,12
Flickr30K/2832610852.jpg,/content/Image_captioning_Local/Flickr30K/flickr30k_images/flickr30k_images/2832610852.jpg,person,0.5603799819946289,2.6726603507995605,285.1993408203125,238.94329833984375,428.3408508300781,12
Flickr30K/2832610852.jpg,/content/Image_captioning_Local/Flickr30K/flickr30k_images/flickr30k_images/2832610852.jpg,chair,0.42609113454818726,305.2961730957031,165.19825744628906,333.0,251.4217071533203,12
Flickr30K/2832610852.jpg,/content/Image_captioning_Local/Flickr30K/flickr30k_images/flickr30k_images/2832610852.jpg,bottle,0.42148324847221375,214.89500427246094,126.9969482421875,223.99630737304688,154.77133178710938,12
Flickr30K/2832610852.jpg,/content/Image_captioning_Local/Flickr30K/flickr30k_images/flickr30k_images/2832610852.jpg,bottle,0.3897613286972046,88.70110321044922,152.43771362304688,101.07955932617188,188.103515625,12
Flickr30K/2832610852.jpg,/content/Image_captioning_Local/Flickr30K/flickr30k_images/flickr30k_images/2832610852.jpg,vase,0.3789704442024231,171.60897827148438,20.8760986328125,188.5728759765625,53.38091278076172,12
Flickr30K/2832610852.jpg,/content/Image_captioning_Local/Flickr30K/flickr30k_images/flickr30k_images/2832610852.jpg,bottle,0.3538142442703247,11.670351028442383,168.3625030517578,29.224252700805664,210.29493713378906,12
Flickr30K/2832610852.jpg,/content/Image_captioning_Local/Flickr30K/flickr30k_images/flickr30k_images/2832610852.jpg,bottle,0.29843586683273315,192.03057861328125,132.0554962158203,201.1302032470703,155.50502014160156,12
Flickr30K/2832610852.jpg,/content/Image_captioning_Local/Flickr30K/flickr30k_images/flickr30k_images/2832610852.jpg,bottle,0.298062801361084,102.44528198242188,142.07090759277344,110.47261810302734,163.90341186523438,12
Flickr30K/2832610852.jpg,/content/Image_captioning_Local/Flickr30K/flickr30k_images/flickr30k_images/2832610852.jpg,chair,0.28703296184539795,0.10461807250976562,347.77099609375,235.349365234375,499.1778259277344,12
Flickr30K/2832613782.jpg,/content/Image_captioning_Local/Flickr30K/flickr30k_images/flickr30k_images/2832613782.jpg,chair,0.9388481378555298,381.39947509765625,183.27841186523438,499.50860595703125,360.59613037109375,2
Flickr30K/2832613782.jpg,/content/Image_captioning_Local/Flickr30K/flickr30k_images/flickr30k_images/2832613782.jpg,person,0.9293376803398132,79.06625366210938,64.49589538574219,196.9657440185547,374.0667419433594,2
Flickr30K/2832654970.jpg,/content/Image_captioning_Local/Flickr30K/flickr30k_images/flickr30k_images/2832654970.jpg,person,0.7728410363197327,7.229131698608398,31.938505172729492,198.95143127441406,458.6689453125,4
Flickr30K/2832654970.jpg,/content/Image_captioning_Local/Flickr30K/flickr30k_images/flickr30k_images/2832654970.jpg,tie,0.6822608113288879,425.86346435546875,6.9423675537109375,450.576416015625,400.2215270996094,4
Flickr30K/2832654970.jpg,/content/Image_captioning_Local/Flickr30K/flickr30k_images/flickr30k_images/2832654970.jpg,tie,0.5393751263618469,446.658935546875,12.298250198364258,478.44671630859375,401.2325744628906,4
Flickr30K/2832654970.jpg,/content/Image_captioning_Local/Flickr30K/flickr30k_images/flickr30k_images/2832654970.jpg,tie,0.2575494647026062,448.6691589355469,0.0,477.7798767089844,227.810546875,4
Flickr30K/2832747707.jpg,/content/Image_captioning_Local/Flickr30K/flickr30k_images/flickr30k_images/2832747707.jpg,person,0.8830176591873169,49.458885192871094,57.4320068359375,199.04733276367188,211.54107666015625,2
Flickr30K/2832747707.jpg,/content/Image_captioning_Local/Flickr30K/flickr30k_images/flickr30k_images/2832747707.jpg,horse,0.8279726505279541,74.54650115966797,139.1081085205078,177.2861785888672,277.3914489746094,2
Flickr30K/2832978253.jpg,/content/Image_captioning_Local/Flickr30K/flickr30k_images/flickr30k_images/2832978253.jpg,person,0.8488292694091797,224.16500854492188,210.66903686523438,281.3403625488281,307.5249328613281,3
Flickr30K/2832978253.jpg,/content/Image_captioning_Local/Flickr30K/flickr30k_images/flickr30k_images/2832978253.jpg,backpack,0.49643829464912415,245.5441436767578,202.5315704345703,285.0641174316406,237.28756713867188,3
Flickr30K/2832978253.jpg,/content/Image_captioning_Local/Flickr30K/flickr30k_images/flickr30k_images/2832978253.jpg,backpack,0.2852099537849426,246.64564514160156,214.06431579589844,284.212646484375,236.7961883544922,3
Flickr30K/2833172038.jpg,/content/Image_captioning_Local/Flickr30K/flickr30k_images/flickr30k_images/2833172038.jpg,person,0.9271284341812134,70.0582504272461,93.94674682617188,396.98638916015625,498.02532958984375,5
Flickr30K/2833172038.jpg,/content/Image_captioning_Local/Flickr30K/flickr30k_images/flickr30k_images/2833172038.jpg,cup,0.712631344795227,16.705406188964844,450.47283935546875,156.29824829101562,499.70074462890625,5
Flickr30K/2833172038.jpg,/content/Image_captioning_Local/Flickr30K/flickr30k_images/flickr30k_images/2833172038.jpg,chair,0.6817919611930847,0.4194915294647217,215.11082458496094,75.40802764892578,288.7106018066406,5
Flickr30K/2833172038.jpg,/content/Image_captioning_Local/Flickr30K/flickr30k_images/flickr30k_images/2833172038.jpg,bench,0.5234284400939941,0.519484281539917,215.21334838867188,75.70280456542969,288.91259765625,5
Flickr30K/2833172038.jpg,/content/Image_captioning_Local/Flickr30K/flickr30k_images/flickr30k_images/2833172038.jpg,remote,0.29019230604171753,126.62071990966797,112.14313507080078,162.6198272705078,172.16458129882812,5
Flickr30K/2833431496.jpg,/content/Image_captioning_Local/Flickr30K/flickr30k_images/flickr30k_images/2833431496.jpg,person,0.8311402797698975,67.87905883789062,61.02678680419922,334.0,303.569091796875,1
Flickr30K/2833502675.jpg,/content/Image_captioning_Local/Flickr30K/flickr30k_images/flickr30k_images/2833502675.jpg,person,0.8991031646728516,66.66246795654297,33.838844299316406,334.0,490.4767150878906,3
Flickr30K/2833502675.jpg,/content/Image_captioning_Local/Flickr30K/flickr30k_images/flickr30k_images/2833502675.jpg,cell phone,0.29052481055259705,145.22357177734375,193.63156127929688,225.40745544433594,296.1650390625,3
Flickr30K/2833502675.jpg,/content/Image_captioning_Local/Flickr30K/flickr30k_images/flickr30k_images/2833502675.jpg,car,0.26178210973739624,4.930973052978516,0.18978118896484375,334.0,500.0,3
Flickr30K/2833509990.jpg,/content/Image_captioning_Local/Flickr30K/flickr30k_images/flickr30k_images/2833509990.jpg,person,0.5561481714248657,99.34284973144531,209.4656524658203,194.3675537109375,374.0708923339844,10
Flickr30K/2833509990.jpg,/content/Image_captioning_Local/Flickr30K/flickr30k_images/flickr30k_images/2833509990.jpg,person,0.5351451635360718,6.0555338859558105,174.1677703857422,79.47789764404297,299.57891845703125,10
Flickr30K/2833509990.jpg,/content/Image_captioning_Local/Flickr30K/flickr30k_images/flickr30k_images/2833509990.jpg,person,0.44962283968925476,252.34510803222656,200.5331573486328,320.43701171875,372.9685363769531,10
Flickr30K/2833509990.jpg,/content/Image_captioning_Local/Flickr30K/flickr30k_images/flickr30k_images/2833509990.jpg,person,0.37084266543388367,67.281982421875,161.81259155273438,117.70267486572266,331.6889343261719,10
Flickr30K/2833509990.jpg,/content/Image_captioning_Local/Flickr30K/flickr30k_images/flickr30k_images/2833509990.jpg,person,0.35842806100845337,188.4936981201172,236.6425018310547,267.06951904296875,374.0068359375,10
Flickr30K/2833509990.jpg,/content/Image_captioning_Local/Flickr30K/flickr30k_images/flickr30k_images/2833509990.jpg,person,0.3175705075263977,404.5084533691406,145.32528686523438,462.84765625,243.9602813720703,10
Flickr30K/2833509990.jpg,/content/Image_captioning_Local/Flickr30K/flickr30k_images/flickr30k_images/2833509990.jpg,person,0.30480560660362244,358.30657958984375,197.35255432128906,459.8597412109375,368.819580078125,10
Flickr30K/2833509990.jpg,/content/Image_captioning_Local/Flickr30K/flickr30k_images/flickr30k_images/2833509990.jpg,person,0.2918861508369446,131.6427459716797,175.72496032714844,189.3802947998047,273.76519775390625,10
Flickr30K/2833509990.jpg,/content/Image_captioning_Local/Flickr30K/flickr30k_images/flickr30k_images/2833509990.jpg,person,0.25764521956443787,201.41744995117188,314.10272216796875,279.43658447265625,375.0,10
Flickr30K/2833509990.jpg,/content/Image_captioning_Local/Flickr30K/flickr30k_images/flickr30k_images/2833509990.jpg,person,0.25177866220474243,218.9657440185547,161.31353759765625,272.6424865722656,270.8630676269531,10
Flickr30K/2833560457.jpg,/content/Image_captioning_Local/Flickr30K/flickr30k_images/flickr30k_images/2833560457.jpg,dog,0.9551149010658264,81.35161590576172,76.55870819091797,500.0,275.67059326171875,1
Flickr30K/2833582518.jpg,/content/Image_captioning_Local/Flickr30K/flickr30k_images/flickr30k_images/2833582518.jpg,dog,0.902292788028717,120.12095642089844,80.5044174194336,450.8715515136719,262.26177978515625,1
Flickr30K/2833820456.jpg,/content/Image_captioning_Local/Flickr30K/flickr30k_images/flickr30k_images/2833820456.jpg,person,0.9271230101585388,383.40740966796875,34.804283142089844,499.2518310546875,331.034423828125,16
Flickr30K/2833820456.jpg,/content/Image_captioning_Local/Flickr30K/flickr30k_images/flickr30k_images/2833820456.jpg,person,0.8888258934020996,221.84884643554688,90.14899444580078,353.38848876953125,232.3406982421875,16
Flickr30K/2833820456.jpg,/content/Image_captioning_Local/Flickr30K/flickr30k_images/flickr30k_images/2833820456.jpg,cup,0.8451912999153137,347.5211181640625,159.5794219970703,366.8600158691406,189.22219848632812,16
Flickr30K/2833820456.jpg,/content/Image_captioning_Local/Flickr30K/flickr30k_images/flickr30k_images/2833820456.jpg,dining table,0.8177200555801392,56.28940963745117,198.4810791015625,396.37237548828125,371.49371337890625,16
Flickr30K/2833820456.jpg,/content/Image_captioning_Local/Flickr30K/flickr30k_images/flickr30k_images/2833820456.jpg,cup,0.8025921583175659,364.6354064941406,171.69512939453125,380.1286315917969,194.29830932617188,16
Flickr30K/2833820456.jpg,/content/Image_captioning_Local/Flickr30K/flickr30k_images/flickr30k_images/2833820456.jpg,chair,0.785783052444458,37.29529571533203,73.00054931640625,93.34131622314453,179.18565368652344,16
Flickr30K/2833820456.jpg,/content/Image_captioning_Local/Flickr30K/flickr30k_images/flickr30k_images/2833820456.jpg,bowl,0.7292996048927307,227.556640625,204.83331298828125,265.7395935058594,250.24862670898438,16
Flickr30K/2833820456.jpg,/content/Image_captioning_Local/Flickr30K/flickr30k_images/flickr30k_images/2833820456.jpg,teddy bear,0.6282209753990173,407.23858642578125,110.51148986816406,460.6527404785156,162.50186157226562,16
Flickr30K/2833820456.jpg,/content/Image_captioning_Local/Flickr30K/flickr30k_images/flickr30k_images/2833820456.jpg,cup,0.6198479533195496,360.5788879394531,150.6934356689453,377.0041198730469,172.28062438964844,16
Flickr30K/2833820456.jpg,/content/Image_captioning_Local/Flickr30K/flickr30k_images/flickr30k_images/2833820456.jpg,bicycle,0.581049382686615,409.8380126953125,18.39737892150879,447.7114562988281,52.22709274291992,16
Flickr30K/2833820456.jpg,/content/Image_captioning_Local/Flickr30K/flickr30k_images/flickr30k_images/2833820456.jpg,cup,0.48480814695358276,260.3545227050781,196.44248962402344,295.9320983886719,247.66552734375,16
Flickr30K/2833820456.jpg,/content/Image_captioning_Local/Flickr30K/flickr30k_images/flickr30k_images/2833820456.jpg,teddy bear,0.44884875416755676,406.52001953125,111.00385284423828,460.9410705566406,186.32791137695312,16
Flickr30K/2833820456.jpg,/content/Image_captioning_Local/Flickr30K/flickr30k_images/flickr30k_images/2833820456.jpg,chair,0.371960312128067,87.68550109863281,82.27600860595703,146.52487182617188,178.5897674560547,16
Flickr30K/2833820456.jpg,/content/Image_captioning_Local/Flickr30K/flickr30k_images/flickr30k_images/2833820456.jpg,dining table,0.3363763988018036,456.5406799316406,204.2687225341797,499.7505187988281,300.8157043457031,16
Flickr30K/2833820456.jpg,/content/Image_captioning_Local/Flickr30K/flickr30k_images/flickr30k_images/2833820456.jpg,cup,0.30480924248695374,257.340576171875,195.8146514892578,296.0668029785156,273.531494140625,16
Flickr30K/2833820456.jpg,/content/Image_captioning_Local/Flickr30K/flickr30k_images/flickr30k_images/2833820456.jpg,cup,0.2667965888977051,262.06707763671875,163.60574340820312,293.48822021484375,193.6370391845703,16
Flickr30K/2833888275.jpg,/content/Image_captioning_Local/Flickr30K/flickr30k_images/flickr30k_images/2833888275.jpg,person,0.9476996660232544,0.25226473808288574,25.952577590942383,85.99982452392578,327.3424987792969,11
Flickr30K/2833888275.jpg,/content/Image_captioning_Local/Flickr30K/flickr30k_images/flickr30k_images/2833888275.jpg,person,0.9057168364524841,263.7978515625,95.67122650146484,351.12762451171875,329.2477111816406,11
Flickr30K/2833888275.jpg,/content/Image_captioning_Local/Flickr30K/flickr30k_images/flickr30k_images/2833888275.jpg,person,0.9045084118843079,158.7432403564453,89.47787475585938,237.13670349121094,311.1037292480469,11
Flickr30K/2833888275.jpg,/content/Image_captioning_Local/Flickr30K/flickr30k_images/flickr30k_images/2833888275.jpg,traffic light,0.6160029768943787,121.6043701171875,88.53363037109375,134.42747497558594,113.1270980834961,11
Flickr30K/2833888275.jpg,/content/Image_captioning_Local/Flickr30K/flickr30k_images/flickr30k_images/2833888275.jpg,traffic light,0.5775167942047119,112.97540283203125,90.7471923828125,122.49674987792969,112.2833480834961,11
Flickr30K/2833888275.jpg,/content/Image_captioning_Local/Flickr30K/flickr30k_images/flickr30k_images/2833888275.jpg,handbag,0.5462585687637329,156.50082397460938,159.1881103515625,191.0324249267578,197.11605834960938,11
Flickr30K/2833888275.jpg,/content/Image_captioning_Local/Flickr30K/flickr30k_images/flickr30k_images/2833888275.jpg,handbag,0.49477165937423706,156.87994384765625,127.46438598632812,194.87852478027344,197.04713439941406,11
Flickr30K/2833888275.jpg,/content/Image_captioning_Local/Flickr30K/flickr30k_images/flickr30k_images/2833888275.jpg,fire hydrant,0.489745169878006,95.07134246826172,170.15367126464844,104.36842346191406,191.48507690429688,11
Flickr30K/2833888275.jpg,/content/Image_captioning_Local/Flickr30K/flickr30k_images/flickr30k_images/2833888275.jpg,handbag,0.36882099509239197,273.58447265625,137.63783264160156,335.8128662109375,191.3977813720703,11
Flickr30K/2833888275.jpg,/content/Image_captioning_Local/Flickr30K/flickr30k_images/flickr30k_images/2833888275.jpg,traffic light,0.28601694107055664,112.84124755859375,88.95115661621094,133.7841796875,112.9545669555664,11
Flickr30K/2833888275.jpg,/content/Image_captioning_Local/Flickr30K/flickr30k_images/flickr30k_images/2833888275.jpg,traffic light,0.2773634195327759,180.45233154296875,101.7791976928711,190.42050170898438,115.00871276855469,11
Flickr30K/2834032170.jpg,/content/Image_captioning_Local/Flickr30K/flickr30k_images/flickr30k_images/2834032170.jpg,person,0.8364761471748352,91.8720932006836,112.10956573486328,121.66168975830078,206.14805603027344,15
Flickr30K/2834032170.jpg,/content/Image_captioning_Local/Flickr30K/flickr30k_images/flickr30k_images/2834032170.jpg,person,0.8140888810157776,11.580419540405273,116.4011001586914,44.875144958496094,193.76844787597656,15
Flickr30K/2834032170.jpg,/content/Image_captioning_Local/Flickr30K/flickr30k_images/flickr30k_images/2834032170.jpg,person,0.7940316200256348,0.012639164924621582,120.18728637695312,16.64608383178711,195.77322387695312,15
Flickr30K/2834032170.jpg,/content/Image_captioning_Local/Flickr30K/flickr30k_images/flickr30k_images/2834032170.jpg,person,0.7577332258224487,51.984046936035156,118.67294311523438,82.77460479736328,203.63168334960938,15
Flickr30K/2834032170.jpg,/content/Image_captioning_Local/Flickr30K/flickr30k_images/flickr30k_images/2834032170.jpg,motorcycle,0.7360203266143799,394.093505859375,137.4481201171875,417.8652648925781,175.2896270751953,15
Flickr30K/2834032170.jpg,/content/Image_captioning_Local/Flickr30K/flickr30k_images/flickr30k_images/2834032170.jpg,person,0.6488862633705139,355.28240966796875,134.51910400390625,380.74749755859375,174.97206115722656,15
Flickr30K/2834032170.jpg,/content/Image_captioning_Local/Flickr30K/flickr30k_images/flickr30k_images/2834032170.jpg,person,0.6244033575057983,75.91825866699219,122.46112823486328,91.67569732666016,192.17147827148438,15
Flickr30K/2834032170.jpg,/content/Image_captioning_Local/Flickr30K/flickr30k_images/flickr30k_images/2834032170.jpg,person,0.5934680104255676,40.618587493896484,115.26451110839844,58.59833908081055,197.29080200195312,15
Flickr30K/2834032170.jpg,/content/Image_captioning_Local/Flickr30K/flickr30k_images/flickr30k_images/2834032170.jpg,car,0.527593195438385,251.4193572998047,112.09178161621094,342.169189453125,183.39114379882812,15
Flickr30K/2834032170.jpg,/content/Image_captioning_Local/Flickr30K/flickr30k_images/flickr30k_images/2834032170.jpg,backpack,0.5021209716796875,59.47284698486328,131.8358917236328,82.07752990722656,160.15052795410156,15
Flickr30K/2834032170.jpg,/content/Image_captioning_Local/Flickr30K/flickr30k_images/flickr30k_images/2834032170.jpg,motorcycle,0.4737171530723572,422.6766662597656,136.43942260742188,454.4687194824219,155.542236328125,15
Flickr30K/2834032170.jpg,/content/Image_captioning_Local/Flickr30K/flickr30k_images/flickr30k_images/2834032170.jpg,person,0.4028139114379883,358.0374450683594,116.96219635009766,374.26617431640625,149.35655212402344,15
Flickr30K/2834032170.jpg,/content/Image_captioning_Local/Flickr30K/flickr30k_images/flickr30k_images/2834032170.jpg,car,0.4005158841609955,143.9679412841797,112.42599487304688,222.34793090820312,193.73435974121094,15
Flickr30K/2834032170.jpg,/content/Image_captioning_Local/Flickr30K/flickr30k_images/flickr30k_images/2834032170.jpg,truck,0.359602153301239,130.10479736328125,111.91796875,239.5902862548828,164.13870239257812,15
Flickr30K/2834032170.jpg,/content/Image_captioning_Local/Flickr30K/flickr30k_images/flickr30k_images/2834032170.jpg,person,0.3415488302707672,449.9739685058594,126.38864135742188,458.1151123046875,142.94557189941406,15
Flickr30K/2834103050.jpg,/content/Image_captioning_Local/Flickr30K/flickr30k_images/flickr30k_images/2834103050.jpg,person,0.9217290282249451,16.482898712158203,150.09622192382812,112.85357666015625,372.137451171875,13
Flickr30K/2834103050.jpg,/content/Image_captioning_Local/Flickr30K/flickr30k_images/flickr30k_images/2834103050.jpg,person,0.8408167362213135,412.0724792480469,152.44093322753906,484.2513122558594,353.9192810058594,13
Flickr30K/2834103050.jpg,/content/Image_captioning_Local/Flickr30K/flickr30k_images/flickr30k_images/2834103050.jpg,umbrella,0.8388278484344482,0.021266937255859375,121.84486389160156,116.31753540039062,235.70327758789062,13
Flickr30K/2834103050.jpg,/content/Image_captioning_Local/Flickr30K/flickr30k_images/flickr30k_images/2834103050.jpg,person,0.838467538356781,304.437744140625,174.08447265625,336.02178955078125,290.3787536621094,13
Flickr30K/2834103050.jpg,/content/Image_captioning_Local/Flickr30K/flickr30k_images/flickr30k_images/2834103050.jpg,bicycle,0.814128577709198,352.26763916015625,233.8209686279297,500.0,344.5584411621094,13
Flickr30K/2834103050.jpg,/content/Image_captioning_Local/Flickr30K/flickr30k_images/flickr30k_images/2834103050.jpg,person,0.7604609727859497,270.73370361328125,172.4527587890625,304.94073486328125,285.5116271972656,13
Flickr30K/2834103050.jpg,/content/Image_captioning_Local/Flickr30K/flickr30k_images/flickr30k_images/2834103050.jpg,person,0.739949643611908,196.48928833007812,178.23838806152344,223.15711975097656,261.60693359375,13
Flickr30K/2834103050.jpg,/content/Image_captioning_Local/Flickr30K/flickr30k_images/flickr30k_images/2834103050.jpg,person,0.7386427521705627,329.2840576171875,178.10812377929688,356.36517333984375,281.98193359375,13
Flickr30K/2834103050.jpg,/content/Image_captioning_Local/Flickr30K/flickr30k_images/flickr30k_images/2834103050.jpg,bicycle,0.7331566214561462,336.96746826171875,310.8205261230469,455.01385498046875,374.3832092285156,13
Flickr30K/2834103050.jpg,/content/Image_captioning_Local/Flickr30K/flickr30k_images/flickr30k_images/2834103050.jpg,person,0.5309939384460449,353.5181579589844,171.83790588378906,373.9808654785156,252.1989288330078,13
Flickr30K/2834103050.jpg,/content/Image_captioning_Local/Flickr30K/flickr30k_images/flickr30k_images/2834103050.jpg,backpack,0.4158015251159668,268.2125244140625,187.74618530273438,291.7206115722656,223.91229248046875,13
Flickr30K/2834103050.jpg,/content/Image_captioning_Local/Flickr30K/flickr30k_images/flickr30k_images/2834103050.jpg,person,0.2694830000400543,117.25077819824219,161.19541931152344,139.70346069335938,243.84642028808594,13
Flickr30K/2834103050.jpg,/content/Image_captioning_Local/Flickr30K/flickr30k_images/flickr30k_images/2834103050.jpg,bicycle,0.253711462020874,11.880341529846191,257.8597106933594,33.7924919128418,295.9076843261719,13
Flickr30K/283428775.jpg,/content/Image_captioning_Local/Flickr30K/flickr30k_images/flickr30k_images/283428775.jpg,dog,0.9047425389289856,60.450660705566406,58.88984298706055,405.3894958496094,294.34521484375,1
Flickr30K/2834409892.jpg,/content/Image_captioning_Local/Flickr30K/flickr30k_images/flickr30k_images/2834409892.jpg,person,0.9115992188453674,74.95276641845703,194.1712188720703,209.24703979492188,455.2899475097656,9
Flickr30K/2834409892.jpg,/content/Image_captioning_Local/Flickr30K/flickr30k_images/flickr30k_images/2834409892.jpg,person,0.9078711867332458,198.34046936035156,206.1819610595703,294.0659484863281,452.92333984375,9
Flickr30K/2834409892.jpg,/content/Image_captioning_Local/Flickr30K/flickr30k_images/flickr30k_images/2834409892.jpg,handbag,0.45130449533462524,282.87847900390625,318.3276062011719,337.58477783203125,356.46246337890625,9
Flickr30K/2834409892.jpg,/content/Image_captioning_Local/Flickr30K/flickr30k_images/flickr30k_images/2834409892.jpg,cell phone,0.3725651800632477,235.85140991210938,239.80453491210938,241.1836395263672,250.2714385986328,9
Flickr30K/2834409892.jpg,/content/Image_captioning_Local/Flickr30K/flickr30k_images/flickr30k_images/2834409892.jpg,person,0.35826611518859863,89.49400329589844,205.6102294921875,142.61573791503906,348.05999755859375,9
Flickr30K/2834409892.jpg,/content/Image_captioning_Local/Flickr30K/flickr30k_images/flickr30k_images/2834409892.jpg,cell phone,0.33838024735450745,235.78829956054688,237.25953674316406,242.14877319335938,250.3378448486328,9
Flickr30K/2834409892.jpg,/content/Image_captioning_Local/Flickr30K/flickr30k_images/flickr30k_images/2834409892.jpg,person,0.3077061176300049,79.80253601074219,205.55267333984375,142.7855224609375,380.5361328125,9
Flickr30K/2834409892.jpg,/content/Image_captioning_Local/Flickr30K/flickr30k_images/flickr30k_images/2834409892.jpg,person,0.2844756543636322,273.6952819824219,256.6822509765625,319.41796875,325.4991149902344,9
Flickr30K/2834409892.jpg,/content/Image_captioning_Local/Flickr30K/flickr30k_images/flickr30k_images/2834409892.jpg,bench,0.2780875265598297,117.98434448242188,341.7778015136719,398.73944091796875,423.05126953125,9
Flickr30K/2834451643.jpg,/content/Image_captioning_Local/Flickr30K/flickr30k_images/flickr30k_images/2834451643.jpg,person,0.9213511347770691,214.26959228515625,177.28929138183594,346.9062194824219,315.63909912109375,10
Flickr30K/2834451643.jpg,/content/Image_captioning_Local/Flickr30K/flickr30k_images/flickr30k_images/2834451643.jpg,person,0.9032405614852905,45.68564987182617,137.49746704101562,127.56421661376953,306.0841064453125,10
Flickr30K/2834451643.jpg,/content/Image_captioning_Local/Flickr30K/flickr30k_images/flickr30k_images/2834451643.jpg,person,0.894879162311554,361.8906555175781,172.53399658203125,488.4416198730469,315.1659851074219,10
Flickr30K/2834451643.jpg,/content/Image_captioning_Local/Flickr30K/flickr30k_images/flickr30k_images/2834451643.jpg,person,0.8903894424438477,0.0,148.7073974609375,37.517974853515625,303.12957763671875,10
Flickr30K/2834451643.jpg,/content/Image_captioning_Local/Flickr30K/flickr30k_images/flickr30k_images/2834451643.jpg,person,0.7082650065422058,303.27716064453125,81.5032730102539,358.71282958984375,213.94908142089844,10
Flickr30K/2834451643.jpg,/content/Image_captioning_Local/Flickr30K/flickr30k_images/flickr30k_images/2834451643.jpg,bicycle,0.4094069004058838,422.5768127441406,152.72288513183594,499.8499755859375,311.0373840332031,10
Flickr30K/2834451643.jpg,/content/Image_captioning_Local/Flickr30K/flickr30k_images/flickr30k_images/2834451643.jpg,handbag,0.4009277820587158,46.28960037231445,171.55384826660156,103.1646957397461,244.90390014648438,10
Flickr30K/2834451643.jpg,/content/Image_captioning_Local/Flickr30K/flickr30k_images/flickr30k_images/2834451643.jpg,person,0.3513343334197998,1.4022231101989746,135.08474731445312,34.22353744506836,185.14706420898438,10
Flickr30K/2834451643.jpg,/content/Image_captioning_Local/Flickr30K/flickr30k_images/flickr30k_images/2834451643.jpg,motorcycle,0.3383537530899048,301.8338623046875,193.00448608398438,389.5243225097656,308.1983947753906,10
Flickr30K/2834451643.jpg,/content/Image_captioning_Local/Flickr30K/flickr30k_images/flickr30k_images/2834451643.jpg,person,0.3012428879737854,301.72918701171875,81.03618621826172,358.5674133300781,267.02984619140625,10
Flickr30K/2834752476.jpg,/content/Image_captioning_Local/Flickr30K/flickr30k_images/flickr30k_images/2834752476.jpg,person,0.9457772374153137,7.438802719116211,105.93595886230469,333.62799072265625,497.98394775390625,2
Flickr30K/2834752476.jpg,/content/Image_captioning_Local/Flickr30K/flickr30k_images/flickr30k_images/2834752476.jpg,couch,0.7837623357772827,0.0,208.23049926757812,334.0,499.6781921386719,2
Flickr30K/2834761411.jpg,/content/Image_captioning_Local/Flickr30K/flickr30k_images/flickr30k_images/2834761411.jpg,person,0.934360921382904,228.06362915039062,75.57703399658203,475.1305236816406,373.8269348144531,2
Flickr30K/2834761411.jpg,/content/Image_captioning_Local/Flickr30K/flickr30k_images/flickr30k_images/2834761411.jpg,person,0.6429648399353027,137.9259796142578,184.53819274902344,171.1585235595703,269.59954833984375,2
Flickr30K/2834973135.jpg,/content/Image_captioning_Local/Flickr30K/flickr30k_images/flickr30k_images/2834973135.jpg,person,0.9244040250778198,303.86053466796875,41.210819244384766,498.74945068359375,283.9989929199219,2
Flickr30K/2834973135.jpg,/content/Image_captioning_Local/Flickr30K/flickr30k_images/flickr30k_images/2834973135.jpg,person,0.9222646951675415,8.971762657165527,9.290361404418945,299.4585876464844,329.6843566894531,2
Flickr30K/2835367658.jpg,/content/Image_captioning_Local/Flickr30K/flickr30k_images/flickr30k_images/2835367658.jpg,person,0.9273276925086975,177.05091857910156,98.67059326171875,311.1070251464844,285.72100830078125,5
Flickr30K/2835367658.jpg,/content/Image_captioning_Local/Flickr30K/flickr30k_images/flickr30k_images/2835367658.jpg,bowl,0.8116041421890259,62.93756866455078,249.26084899902344,150.04940795898438,295.70989990234375,5
Flickr30K/2835367658.jpg,/content/Image_captioning_Local/Flickr30K/flickr30k_images/flickr30k_images/2835367658.jpg,person,0.5280086994171143,154.7801513671875,79.89041900634766,204.14785766601562,205.24017333984375,5
Flickr30K/2835367658.jpg,/content/Image_captioning_Local/Flickr30K/flickr30k_images/flickr30k_images/2835367658.jpg,person,0.3754853904247284,154.00018310546875,79.15882873535156,227.84957885742188,206.75978088378906,5
Flickr30K/2835367658.jpg,/content/Image_captioning_Local/Flickr30K/flickr30k_images/flickr30k_images/2835367658.jpg,bowl,0.2916666567325592,362.1568603515625,328.1206970214844,408.7210693359375,371.864990234375,5
Flickr30K/2835793460.jpg,/content/Image_captioning_Local/Flickr30K/flickr30k_images/flickr30k_images/2835793460.jpg,bicycle,0.8933293223381042,166.45355224609375,147.01541137695312,367.3587646484375,307.86474609375,4
Flickr30K/2835793460.jpg,/content/Image_captioning_Local/Flickr30K/flickr30k_images/flickr30k_images/2835793460.jpg,person,0.8603958487510681,289.2851257324219,18.667030334472656,391.6815185546875,297.75732421875,4
Flickr30K/2835793460.jpg,/content/Image_captioning_Local/Flickr30K/flickr30k_images/flickr30k_images/2835793460.jpg,person,0.7812669277191162,207.17930603027344,13.721752166748047,288.4030456542969,282.8596496582031,4
Flickr30K/2835793460.jpg,/content/Image_captioning_Local/Flickr30K/flickr30k_images/flickr30k_images/2835793460.jpg,skateboard,0.6831926703453064,273.08233642578125,69.42854309082031,309.5985412597656,189.13430786132812,4
Flickr30K/283600520.jpg,/content/Image_captioning_Local/Flickr30K/flickr30k_images/flickr30k_images/283600520.jpg,teddy bear,0.37336966395378113,229.288818359375,171.4446563720703,306.9138488769531,253.9886932373047,1
Flickr30K/283611810.jpg,/content/Image_captioning_Local/Flickr30K/flickr30k_images/flickr30k_images/283611810.jpg,person,0.9278226494789124,225.17576599121094,87.30879211425781,369.92889404296875,371.0016784667969,8
Flickr30K/283611810.jpg,/content/Image_captioning_Local/Flickr30K/flickr30k_images/flickr30k_images/283611810.jpg,person,0.9158725142478943,0.2985835075378418,19.85970687866211,161.661865234375,370.1009826660156,8
Flickr30K/283611810.jpg,/content/Image_captioning_Local/Flickr30K/flickr30k_images/flickr30k_images/283611810.jpg,cup,0.8777597546577454,243.26748657226562,243.4903564453125,267.7846374511719,288.8134460449219,8
Flickr30K/283611810.jpg,/content/Image_captioning_Local/Flickr30K/flickr30k_images/flickr30k_images/283611810.jpg,person,0.8391914367675781,106.85751342773438,95.5733413696289,218.96566772460938,371.3159484863281,8
Flickr30K/283611810.jpg,/content/Image_captioning_Local/Flickr30K/flickr30k_images/flickr30k_images/283611810.jpg,chair,0.7541598677635193,421.3759460449219,190.6558074951172,499.86248779296875,283.39910888671875,8
Flickr30K/283611810.jpg,/content/Image_captioning_Local/Flickr30K/flickr30k_images/flickr30k_images/283611810.jpg,chair,0.6757252812385559,393.4353942871094,210.40444946289062,482.90625,371.6138916015625,8
Flickr30K/283611810.jpg,/content/Image_captioning_Local/Flickr30K/flickr30k_images/flickr30k_images/283611810.jpg,chair,0.3447893559932709,120.56539154052734,229.57247924804688,199.85948181152344,373.6792907714844,8
Flickr30K/283611810.jpg,/content/Image_captioning_Local/Flickr30K/flickr30k_images/flickr30k_images/283611810.jpg,chair,0.2844683527946472,1.6775846481323242,227.64630126953125,199.27975463867188,371.3693542480469,8
Flickr30K/283614756.jpg,/content/Image_captioning_Local/Flickr30K/flickr30k_images/flickr30k_images/283614756.jpg,person,0.9350161552429199,0.2663135528564453,20.88431167602539,132.1307830810547,369.45294189453125,3
Flickr30K/283614756.jpg,/content/Image_captioning_Local/Flickr30K/flickr30k_images/flickr30k_images/283614756.jpg,person,0.885231614112854,128.8077850341797,3.900146484375,430.19097900390625,370.3597412109375,3
Flickr30K/283614756.jpg,/content/Image_captioning_Local/Flickr30K/flickr30k_images/flickr30k_images/283614756.jpg,handbag,0.4412250518798828,389.6018981933594,252.48565673828125,500.0,374.1123046875,3
Flickr30K/2836325261.jpg,/content/Image_captioning_Local/Flickr30K/flickr30k_images/flickr30k_images/2836325261.jpg,person,0.9000179171562195,149.28402709960938,28.661001205444336,271.99664306640625,407.4410095214844,3
Flickr30K/2836325261.jpg,/content/Image_captioning_Local/Flickr30K/flickr30k_images/flickr30k_images/2836325261.jpg,handbag,0.41195982694625854,157.45285034179688,181.75857543945312,195.41514587402344,263.56512451171875,3
Flickr30K/2836325261.jpg,/content/Image_captioning_Local/Flickr30K/flickr30k_images/flickr30k_images/2836325261.jpg,bowl,0.28732550144195557,165.29922485351562,449.10797119140625,275.78564453125,499.70458984375,3
Flickr30K/2836360729.jpg,/content/Image_captioning_Local/Flickr30K/flickr30k_images/flickr30k_images/2836360729.jpg,person,0.7167780995368958,149.0248565673828,37.31615447998047,167.69134521484375,62.0514030456543,13
Flickr30K/2836360729.jpg,/content/Image_captioning_Local/Flickr30K/flickr30k_images/flickr30k_images/2836360729.jpg,umbrella,0.689757227897644,149.33154296875,6.321010112762451,205.9532470703125,31.292051315307617,13
Flickr30K/2836360729.jpg,/content/Image_captioning_Local/Flickr30K/flickr30k_images/flickr30k_images/2836360729.jpg,chair,0.6539770364761353,68.9156494140625,35.44493865966797,150.2677001953125,122.30345916748047,13
Flickr30K/2836360729.jpg,/content/Image_captioning_Local/Flickr30K/flickr30k_images/flickr30k_images/2836360729.jpg,person,0.6511698961257935,36.072296142578125,33.04310989379883,58.86949920654297,61.15291213989258,13
Flickr30K/2836360729.jpg,/content/Image_captioning_Local/Flickr30K/flickr30k_images/flickr30k_images/2836360729.jpg,person,0.6159980893135071,383.9269714355469,46.28517532348633,430.8828430175781,87.67352294921875,13
Flickr30K/2836360729.jpg,/content/Image_captioning_Local/Flickr30K/flickr30k_images/flickr30k_images/2836360729.jpg,chair,0.5126475691795349,317.61578369140625,40.06145095825195,336.95391845703125,69.07025909423828,13
Flickr30K/2836360729.jpg,/content/Image_captioning_Local/Flickr30K/flickr30k_images/flickr30k_images/2836360729.jpg,umbrella,0.4960707426071167,412.67205810546875,0.016951560974121094,492.66510009765625,90.95747375488281,13
Flickr30K/2836360729.jpg,/content/Image_captioning_Local/Flickr30K/flickr30k_images/flickr30k_images/2836360729.jpg,person,0.4743310809135437,460.9549560546875,58.01451873779297,486.7552795410156,90.89443969726562,13
Flickr30K/2836360729.jpg,/content/Image_captioning_Local/Flickr30K/flickr30k_images/flickr30k_images/2836360729.jpg,umbrella,0.46655288338661194,283.1754150390625,0.00864267349243164,359.6247253417969,62.947059631347656,13
Flickr30K/2836360729.jpg,/content/Image_captioning_Local/Flickr30K/flickr30k_images/flickr30k_images/2836360729.jpg,person,0.3943940997123718,380.947265625,32.81082534790039,393.5867919921875,52.70803451538086,13
Flickr30K/2836360729.jpg,/content/Image_captioning_Local/Flickr30K/flickr30k_images/flickr30k_images/2836360729.jpg,umbrella,0.36715346574783325,412.7270812988281,0.0,492.7750549316406,14.668285369873047,13
Flickr30K/2836360729.jpg,/content/Image_captioning_Local/Flickr30K/flickr30k_images/flickr30k_images/2836360729.jpg,umbrella,0.34322884678840637,283.12872314453125,0.0,359.2248229980469,13.86585521697998,13
Flickr30K/2836360729.jpg,/content/Image_captioning_Local/Flickr30K/flickr30k_images/flickr30k_images/2836360729.jpg,person,0.33039480447769165,74.3971939086914,29.301475524902344,94.3403091430664,67.37847137451172,13
Flickr30K/2836553263.jpg,/content/Image_captioning_Local/Flickr30K/flickr30k_images/flickr30k_images/2836553263.jpg,bicycle,0.8998512029647827,81.6935806274414,145.71127319335938,293.44085693359375,331.23626708984375,4
Flickr30K/2836553263.jpg,/content/Image_captioning_Local/Flickr30K/flickr30k_images/flickr30k_images/2836553263.jpg,person,0.8764427304267883,185.4065399169922,33.15162658691406,288.75213623046875,322.5602111816406,4
Flickr30K/2836553263.jpg,/content/Image_captioning_Local/Flickr30K/flickr30k_images/flickr30k_images/2836553263.jpg,person,0.8474550843238831,62.328983306884766,119.72103118896484,102.73796081542969,191.00546264648438,4
Flickr30K/2836553263.jpg,/content/Image_captioning_Local/Flickr30K/flickr30k_images/flickr30k_images/2836553263.jpg,bicycle,0.8177652359008789,57.17011642456055,154.56314086914062,108.072265625,205.6490936279297,4
Flickr30K/2836696661.jpg,/content/Image_captioning_Local/Flickr30K/flickr30k_images/flickr30k_images/2836696661.jpg,person,0.9293742179870605,206.18882751464844,1.059722900390625,352.99139404296875,295.7980651855469,7
Flickr30K/2836696661.jpg,/content/Image_captioning_Local/Flickr30K/flickr30k_images/flickr30k_images/2836696661.jpg,person,0.9263685345649719,52.15782928466797,92.93180847167969,209.1414031982422,364.2651062011719,7
Flickr30K/2836696661.jpg,/content/Image_captioning_Local/Flickr30K/flickr30k_images/flickr30k_images/2836696661.jpg,umbrella,0.6532142162322998,21.003276824951172,0.13982057571411133,95.95153045654297,189.60301208496094,7
Flickr30K/2836696661.jpg,/content/Image_captioning_Local/Flickr30K/flickr30k_images/flickr30k_images/2836696661.jpg,dining table,0.4849981665611267,129.24899291992188,242.22988891601562,375.0,498.77105712890625,7
Flickr30K/2836696661.jpg,/content/Image_captioning_Local/Flickr30K/flickr30k_images/flickr30k_images/2836696661.jpg,bowl,0.4800061285495758,195.34521484375,281.74267578125,239.1367950439453,320.93792724609375,7
Flickr30K/2836696661.jpg,/content/Image_captioning_Local/Flickr30K/flickr30k_images/flickr30k_images/2836696661.jpg,umbrella,0.47088462114334106,21.680009841918945,0.023424625396728516,96.06002807617188,131.77310180664062,7
Flickr30K/2836696661.jpg,/content/Image_captioning_Local/Flickr30K/flickr30k_images/flickr30k_images/2836696661.jpg,umbrella,0.4433428943157196,354.2915344238281,31.251049041748047,375.0,159.62701416015625,7
Flickr30K/2836703077.jpg,/content/Image_captioning_Local/Flickr30K/flickr30k_images/flickr30k_images/2836703077.jpg,person,0.8701736330986023,72.98552703857422,127.67891693115234,203.26466369628906,397.73345947265625,3
Flickr30K/2836703077.jpg,/content/Image_captioning_Local/Flickr30K/flickr30k_images/flickr30k_images/2836703077.jpg,person,0.5945053100585938,172.01451110839844,152.64950561523438,309.3201599121094,397.3238830566406,3
Flickr30K/2836703077.jpg,/content/Image_captioning_Local/Flickr30K/flickr30k_images/flickr30k_images/2836703077.jpg,person,0.3767881393432617,110.02540588378906,153.0406951904297,309.0020751953125,394.7351989746094,3
Flickr30K/283677618.jpg,/content/Image_captioning_Local/Flickr30K/flickr30k_images/flickr30k_images/283677618.jpg,person,0.8128345608711243,1.0041236877441406,115.05230712890625,247.8848876953125,498.43597412109375,3
Flickr30K/283677618.jpg,/content/Image_captioning_Local/Flickr30K/flickr30k_images/flickr30k_images/283677618.jpg,person,0.5231480598449707,115.2994613647461,2.63214111328125,333.0,497.73272705078125,3
Flickr30K/283677618.jpg,/content/Image_captioning_Local/Flickr30K/flickr30k_images/flickr30k_images/283677618.jpg,person,0.4413294196128845,182.29917907714844,0.19216537475585938,332.3431396484375,206.1743927001953,3
Flickr30K/2836808985.jpg,/content/Image_captioning_Local/Flickr30K/flickr30k_images/flickr30k_images/2836808985.jpg,person,0.8796109557151794,95.8425521850586,4.161083698272705,426.1706237792969,388.8694763183594,1
Flickr30K/2836864045.jpg,/content/Image_captioning_Local/Flickr30K/flickr30k_images/flickr30k_images/2836864045.jpg,dog,0.9405867457389832,65.36544799804688,22.984027862548828,359.9210205078125,318.2607727050781,2
Flickr30K/2836864045.jpg,/content/Image_captioning_Local/Flickr30K/flickr30k_images/flickr30k_images/2836864045.jpg,frisbee,0.9255879521369934,273.1755676269531,103.92813873291016,383.8022155761719,193.07156372070312,2
Flickr30K/2836926422.jpg,/content/Image_captioning_Local/Flickr30K/flickr30k_images/flickr30k_images/2836926422.jpg,person,0.8186759352684021,73.19984436035156,175.4109344482422,111.05711364746094,307.867919921875,11
Flickr30K/2836926422.jpg,/content/Image_captioning_Local/Flickr30K/flickr30k_images/flickr30k_images/2836926422.jpg,person,0.7451896667480469,348.3381652832031,168.43716430664062,393.0013122558594,293.73785400390625,11
Flickr30K/2836926422.jpg,/content/Image_captioning_Local/Flickr30K/flickr30k_images/flickr30k_images/2836926422.jpg,person,0.652414858341217,396.40313720703125,178.8635711669922,426.4413757324219,239.97044372558594,11
Flickr30K/2836926422.jpg,/content/Image_captioning_Local/Flickr30K/flickr30k_images/flickr30k_images/2836926422.jpg,chair,0.5502526760101318,467.4790344238281,227.90899658203125,499.7828369140625,309.33721923828125,11
Flickr30K/2836926422.jpg,/content/Image_captioning_Local/Flickr30K/flickr30k_images/flickr30k_images/2836926422.jpg,person,0.492634117603302,185.37034606933594,136.1935577392578,214.1082305908203,185.3284912109375,11
Flickr30K/2836926422.jpg,/content/Image_captioning_Local/Flickr30K/flickr30k_images/flickr30k_images/2836926422.jpg,chair,0.4842519164085388,263.5098571777344,220.35955810546875,306.0607604980469,270.18475341796875,11
Flickr30K/2836926422.jpg,/content/Image_captioning_Local/Flickr30K/flickr30k_images/flickr30k_images/2836926422.jpg,person,0.44277238845825195,100.74182891845703,185.19915771484375,142.78150939941406,306.88134765625,11
Flickr30K/2836926422.jpg,/content/Image_captioning_Local/Flickr30K/flickr30k_images/flickr30k_images/2836926422.jpg,person,0.3690003752708435,106.12883758544922,185.12472534179688,134.1998291015625,224.85980224609375,11
Flickr30K/2836926422.jpg,/content/Image_captioning_Local/Flickr30K/flickr30k_images/flickr30k_images/2836926422.jpg,person,0.31822749972343445,74.19662475585938,154.0164031982422,91.07498931884766,178.90972900390625,11
Flickr30K/2836926422.jpg,/content/Image_captioning_Local/Flickr30K/flickr30k_images/flickr30k_images/2836926422.jpg,person,0.2974244952201843,90.98817443847656,150.59877014160156,109.48698425292969,179.86502075195312,11
Flickr30K/2836926422.jpg,/content/Image_captioning_Local/Flickr30K/flickr30k_images/flickr30k_images/2836926422.jpg,person,0.26159197092056274,15.036246299743652,137.57958984375,42.834136962890625,201.15618896484375,11
Flickr30K/2837110865.jpg,/content/Image_captioning_Local/Flickr30K/flickr30k_images/flickr30k_images/2837110865.jpg,person,0.9190690517425537,26.942014694213867,73.80294799804688,333.0,500.0,2
Flickr30K/2837110865.jpg,/content/Image_captioning_Local/Flickr30K/flickr30k_images/flickr30k_images/2837110865.jpg,car,0.3578718602657318,0.17120838165283203,167.62542724609375,26.898252487182617,182.66168212890625,2
Flickr30K/2837127816.jpg,/content/Image_captioning_Local/Flickr30K/flickr30k_images/flickr30k_images/2837127816.jpg,person,0.9272169470787048,84.95066833496094,17.648101806640625,173.8879852294922,198.82313537597656,5
Flickr30K/2837127816.jpg,/content/Image_captioning_Local/Flickr30K/flickr30k_images/flickr30k_images/2837127816.jpg,dog,0.905896008014679,186.50888061523438,138.12403869628906,268.8740234375,193.79954528808594,5
Flickr30K/2837127816.jpg,/content/Image_captioning_Local/Flickr30K/flickr30k_images/flickr30k_images/2837127816.jpg,person,0.7961770296096802,320.273193359375,97.2005844116211,373.7143859863281,171.4243927001953,5
Flickr30K/2837127816.jpg,/content/Image_captioning_Local/Flickr30K/flickr30k_images/flickr30k_images/2837127816.jpg,person,0.5183623433113098,280.16363525390625,79.92159271240234,326.5135192871094,167.75173950195312,5
Flickr30K/2837127816.jpg,/content/Image_captioning_Local/Flickr30K/flickr30k_images/flickr30k_images/2837127816.jpg,chair,0.37446704506874084,334.1686706542969,100.16793823242188,374.6940002441406,170.411865234375,5
Flickr30K/2837253011.jpg,/content/Image_captioning_Local/Flickr30K/flickr30k_images/flickr30k_images/2837253011.jpg,person,0.8272605538368225,149.8115997314453,241.97750854492188,278.2687683105469,373.3473205566406,14
Flickr30K/2837253011.jpg,/content/Image_captioning_Local/Flickr30K/flickr30k_images/flickr30k_images/2837253011.jpg,person,0.6991391181945801,87.08020782470703,299.7813720703125,185.13934326171875,374.876220703125,14
Flickr30K/2837253011.jpg,/content/Image_captioning_Local/Flickr30K/flickr30k_images/flickr30k_images/2837253011.jpg,person,0.6881474256515503,301.5943603515625,275.9123229980469,404.0401916503906,374.4982604980469,14
Flickr30K/2837253011.jpg,/content/Image_captioning_Local/Flickr30K/flickr30k_images/flickr30k_images/2837253011.jpg,person,0.6531627774238586,186.26161193847656,146.34767150878906,325.4716491699219,319.2693176269531,14
Flickr30K/2837253011.jpg,/content/Image_captioning_Local/Flickr30K/flickr30k_images/flickr30k_images/2837253011.jpg,person,0.652547299861908,308.1405029296875,168.0916748046875,421.4078369140625,258.44384765625,14
Flickr30K/2837253011.jpg,/content/Image_captioning_Local/Flickr30K/flickr30k_images/flickr30k_images/2837253011.jpg,person,0.6228571534156799,0.04960298538208008,168.7178192138672,74.0759048461914,295.0065002441406,14
Flickr30K/2837253011.jpg,/content/Image_captioning_Local/Flickr30K/flickr30k_images/flickr30k_images/2837253011.jpg,person,0.6037678122520447,452.35205078125,269.9468994140625,499.8166198730469,374.2498779296875,14
Flickr30K/2837253011.jpg,/content/Image_captioning_Local/Flickr30K/flickr30k_images/flickr30k_images/2837253011.jpg,person,0.5914687514305115,233.5366668701172,194.9177703857422,378.0084228515625,371.0962219238281,14
Flickr30K/2837253011.jpg,/content/Image_captioning_Local/Flickr30K/flickr30k_images/flickr30k_images/2837253011.jpg,person,0.5211158394813538,260.9444580078125,207.41482543945312,319.83050537109375,295.87860107421875,14
Flickr30K/2837253011.jpg,/content/Image_captioning_Local/Flickr30K/flickr30k_images/flickr30k_images/2837253011.jpg,person,0.5125422477722168,0.14489293098449707,280.2303466796875,65.06893157958984,374.5897216796875,14
Flickr30K/2837253011.jpg,/content/Image_captioning_Local/Flickr30K/flickr30k_images/flickr30k_images/2837253011.jpg,person,0.44060397148132324,312.660400390625,227.51014709472656,377.1184997558594,284.4608459472656,14
Flickr30K/2837253011.jpg,/content/Image_captioning_Local/Flickr30K/flickr30k_images/flickr30k_images/2837253011.jpg,person,0.3567757308483124,101.34146118164062,258.85028076171875,162.46383666992188,323.498291015625,14
Flickr30K/2837253011.jpg,/content/Image_captioning_Local/Flickr30K/flickr30k_images/flickr30k_images/2837253011.jpg,person,0.33240243792533875,380.548583984375,230.65122985839844,430.3686218261719,285.86212158203125,14
Flickr30K/2837253011.jpg,/content/Image_captioning_Local/Flickr30K/flickr30k_images/flickr30k_images/2837253011.jpg,person,0.27924057841300964,417.5021667480469,218.1448516845703,499.35565185546875,372.9525451660156,14
Flickr30K/2837254541.jpg,/content/Image_captioning_Local/Flickr30K/flickr30k_images/flickr30k_images/2837254541.jpg,person,0.8715155124664307,361.4723815917969,120.81565856933594,499.4355163574219,370.82305908203125,3
Flickr30K/2837254541.jpg,/content/Image_captioning_Local/Flickr30K/flickr30k_images/flickr30k_images/2837254541.jpg,person,0.8096457123756409,46.80921936035156,66.70561218261719,293.62445068359375,368.62841796875,3
Flickr30K/2837254541.jpg,/content/Image_captioning_Local/Flickr30K/flickr30k_images/flickr30k_images/2837254541.jpg,person,0.7851448059082031,96.7405776977539,311.7062072753906,324.8984375,373.5933837890625,3
Flickr30K/283745783.jpg,/content/Image_captioning_Local/Flickr30K/flickr30k_images/flickr30k_images/283745783.jpg,person,0.8504917621612549,178.6807403564453,121.58343505859375,253.6215362548828,233.14149475097656,15
Flickr30K/283745783.jpg,/content/Image_captioning_Local/Flickr30K/flickr30k_images/flickr30k_images/283745783.jpg,person,0.8363053798675537,246.54469299316406,170.33399963378906,484.30023193359375,361.44671630859375,15
Flickr30K/283745783.jpg,/content/Image_captioning_Local/Flickr30K/flickr30k_images/flickr30k_images/283745783.jpg,person,0.830198347568512,117.33639526367188,143.5680389404297,186.33267211914062,246.23709106445312,15
Flickr30K/283745783.jpg,/content/Image_captioning_Local/Flickr30K/flickr30k_images/flickr30k_images/283745783.jpg,person,0.7518023252487183,264.1929016113281,114.47412872314453,320.4032287597656,201.19383239746094,15
Flickr30K/283745783.jpg,/content/Image_captioning_Local/Flickr30K/flickr30k_images/flickr30k_images/283745783.jpg,person,0.7161071300506592,343.753662109375,82.5376968383789,387.8772277832031,179.7241973876953,15
Flickr30K/283745783.jpg,/content/Image_captioning_Local/Flickr30K/flickr30k_images/flickr30k_images/283745783.jpg,backpack,0.6846897602081299,0.0,142.3495330810547,51.455963134765625,187.21676635742188,15
Flickr30K/283745783.jpg,/content/Image_captioning_Local/Flickr30K/flickr30k_images/flickr30k_images/283745783.jpg,person,0.5964235067367554,298.57318115234375,106.02217102050781,341.036376953125,167.75045776367188,15
Flickr30K/283745783.jpg,/content/Image_captioning_Local/Flickr30K/flickr30k_images/flickr30k_images/283745783.jpg,person,0.579185426235199,0.056546926498413086,178.53150939941406,58.189754486083984,304.54345703125,15
Flickr30K/283745783.jpg,/content/Image_captioning_Local/Flickr30K/flickr30k_images/flickr30k_images/283745783.jpg,backpack,0.5682117342948914,317.208251953125,155.28707885742188,355.85565185546875,196.30889892578125,15
Flickr30K/283745783.jpg,/content/Image_captioning_Local/Flickr30K/flickr30k_images/flickr30k_images/283745783.jpg,bench,0.5447167158126831,333.9505310058594,248.89688110351562,450.75665283203125,355.0299987792969,15
Flickr30K/283745783.jpg,/content/Image_captioning_Local/Flickr30K/flickr30k_images/flickr30k_images/283745783.jpg,person,0.54325270652771,250.3498077392578,169.61830139160156,412.7795104980469,308.83978271484375,15
Flickr30K/283745783.jpg,/content/Image_captioning_Local/Flickr30K/flickr30k_images/flickr30k_images/283745783.jpg,chair,0.4719837009906769,422.86663818359375,117.30978393554688,462.55609130859375,169.39456176757812,15
Flickr30K/283745783.jpg,/content/Image_captioning_Local/Flickr30K/flickr30k_images/flickr30k_images/283745783.jpg,person,0.44255557656288147,400.50335693359375,91.92855072021484,463.1921691894531,172.435546875,15
Flickr30K/283745783.jpg,/content/Image_captioning_Local/Flickr30K/flickr30k_images/flickr30k_images/283745783.jpg,person,0.42613595724105835,398.317626953125,83.94093322753906,417.93841552734375,163.09457397460938,15
Flickr30K/283745783.jpg,/content/Image_captioning_Local/Flickr30K/flickr30k_images/flickr30k_images/283745783.jpg,person,0.2853153645992279,384.6846923828125,91.7244644165039,401.6449890136719,134.545654296875,15
Flickr30K/2837480448.jpg,/content/Image_captioning_Local/Flickr30K/flickr30k_images/flickr30k_images/2837480448.jpg,clock,0.9573021531105042,0.1724720001220703,1.164543628692627,259.4344177246094,269.3179016113281,2
Flickr30K/2837480448.jpg,/content/Image_captioning_Local/Flickr30K/flickr30k_images/flickr30k_images/2837480448.jpg,person,0.6710801124572754,274.06903076171875,124.19390869140625,392.7628479003906,331.41217041015625,2
Flickr30K/283757164.jpg,/content/Image_captioning_Local/Flickr30K/flickr30k_images/flickr30k_images/283757164.jpg,person,0.9051167964935303,315.66204833984375,128.1244354248047,445.3767395019531,372.5569763183594,16
Flickr30K/283757164.jpg,/content/Image_captioning_Local/Flickr30K/flickr30k_images/flickr30k_images/283757164.jpg,person,0.8894726634025574,96.09241485595703,163.1031951904297,204.4373779296875,327.6688537597656,16
Flickr30K/283757164.jpg,/content/Image_captioning_Local/Flickr30K/flickr30k_images/flickr30k_images/283757164.jpg,person,0.8699274063110352,421.55169677734375,149.71250915527344,475.9368896484375,329.0633239746094,16
Flickr30K/283757164.jpg,/content/Image_captioning_Local/Flickr30K/flickr30k_images/flickr30k_images/283757164.jpg,person,0.814151406288147,465.6996765136719,158.3909454345703,499.8414001464844,300.8489074707031,16
Flickr30K/283757164.jpg,/content/Image_captioning_Local/Flickr30K/flickr30k_images/flickr30k_images/283757164.jpg,person,0.7932523488998413,246.0979461669922,154.4405975341797,276.4800109863281,234.3186798095703,16
Flickr30K/283757164.jpg,/content/Image_captioning_Local/Flickr30K/flickr30k_images/flickr30k_images/283757164.jpg,person,0.7792360782623291,305.9095458984375,178.46755981445312,361.88897705078125,372.19866943359375,16
Flickr30K/283757164.jpg,/content/Image_captioning_Local/Flickr30K/flickr30k_images/flickr30k_images/283757164.jpg,person,0.7587187886238098,209.7639617919922,147.99136352539062,229.7637481689453,191.33367919921875,16
Flickr30K/283757164.jpg,/content/Image_captioning_Local/Flickr30K/flickr30k_images/flickr30k_images/283757164.jpg,potted plant,0.6944406628608704,0.07269084453582764,162.12997436523438,15.32111930847168,204.24647521972656,16
Flickr30K/283757164.jpg,/content/Image_captioning_Local/Flickr30K/flickr30k_images/flickr30k_images/283757164.jpg,car,0.5770902037620544,453.8455505371094,151.25474548339844,498.9958190917969,186.59201049804688,16
Flickr30K/283757164.jpg,/content/Image_captioning_Local/Flickr30K/flickr30k_images/flickr30k_images/283757164.jpg,person,0.4957359731197357,312.0001220703125,143.8986358642578,354.46673583984375,189.19406127929688,16
Flickr30K/283757164.jpg,/content/Image_captioning_Local/Flickr30K/flickr30k_images/flickr30k_images/283757164.jpg,handbag,0.41867929697036743,469.51287841796875,218.1343994140625,487.45989990234375,251.48043823242188,16
Flickr30K/283757164.jpg,/content/Image_captioning_Local/Flickr30K/flickr30k_images/flickr30k_images/283757164.jpg,person,0.29854530096054077,313.1946105957031,144.01817321777344,342.86590576171875,181.8492889404297,16
Flickr30K/283757164.jpg,/content/Image_captioning_Local/Flickr30K/flickr30k_images/flickr30k_images/283757164.jpg,umbrella,0.2826751172542572,157.41839599609375,104.99191284179688,262.52685546875,147.6481475830078,16
Flickr30K/283757164.jpg,/content/Image_captioning_Local/Flickr30K/flickr30k_images/flickr30k_images/283757164.jpg,potted plant,0.27459579706192017,36.417327880859375,173.5218505859375,48.45914077758789,192.20071411132812,16
Flickr30K/283757164.jpg,/content/Image_captioning_Local/Flickr30K/flickr30k_images/flickr30k_images/283757164.jpg,person,0.2588486969470978,236.62847900390625,155.18490600585938,248.58660888671875,186.35418701171875,16
Flickr30K/283757164.jpg,/content/Image_captioning_Local/Flickr30K/flickr30k_images/flickr30k_images/283757164.jpg,umbrella,0.2500579357147217,81.83528900146484,99.08492279052734,183.32217407226562,146.19725036621094,16
Flickr30K/2837640996.jpg,/content/Image_captioning_Local/Flickr30K/flickr30k_images/flickr30k_images/2837640996.jpg,person,0.9064012169837952,42.540313720703125,8.16812515258789,466.0821533203125,438.0360107421875,3
Flickr30K/2837640996.jpg,/content/Image_captioning_Local/Flickr30K/flickr30k_images/flickr30k_images/2837640996.jpg,cell phone,0.3232106864452362,120.98992156982422,130.48179626464844,157.19773864746094,163.24913024902344,3
Flickr30K/2837640996.jpg,/content/Image_captioning_Local/Flickr30K/flickr30k_images/flickr30k_images/2837640996.jpg,cell phone,0.3158872127532959,62.00435256958008,101.0814437866211,156.95223999023438,162.59866333007812,3
Flickr30K/2837695157.jpg,/content/Image_captioning_Local/Flickr30K/flickr30k_images/flickr30k_images/2837695157.jpg,person,0.9104204177856445,215.2662353515625,34.58866882324219,303.11041259765625,174.09002685546875,4
Flickr30K/2837695157.jpg,/content/Image_captioning_Local/Flickr30K/flickr30k_images/flickr30k_images/2837695157.jpg,chair,0.8653034567832947,291.09564208984375,39.74113464355469,415.76556396484375,167.05364990234375,4
Flickr30K/2837695157.jpg,/content/Image_captioning_Local/Flickr30K/flickr30k_images/flickr30k_images/2837695157.jpg,couch,0.6193568110466003,0.34363269805908203,49.09927749633789,239.84930419921875,184.46490478515625,4
Flickr30K/2837695157.jpg,/content/Image_captioning_Local/Flickr30K/flickr30k_images/flickr30k_images/2837695157.jpg,book,0.2896580994129181,334.0119323730469,83.84888458251953,389.3255310058594,100.4150161743164,4
Flickr30K/2837695383.jpg,/content/Image_captioning_Local/Flickr30K/flickr30k_images/flickr30k_images/2837695383.jpg,person,0.9223747253417969,314.47076416015625,32.86363983154297,468.4340515136719,235.18431091308594,8
Flickr30K/2837695383.jpg,/content/Image_captioning_Local/Flickr30K/flickr30k_images/flickr30k_images/2837695383.jpg,person,0.9211125373840332,241.4375,55.03584289550781,349.16656494140625,219.71287536621094,8
Flickr30K/2837695383.jpg,/content/Image_captioning_Local/Flickr30K/flickr30k_images/flickr30k_images/2837695383.jpg,person,0.9175422787666321,15.354192733764648,59.199642181396484,181.28419494628906,246.01805114746094,8
Flickr30K/2837695383.jpg,/content/Image_captioning_Local/Flickr30K/flickr30k_images/flickr30k_images/2837695383.jpg,couch,0.4929884076118469,316.0163879394531,7.429867744445801,499.5400390625,166.28158569335938,8
Flickr30K/2837695383.jpg,/content/Image_captioning_Local/Flickr30K/flickr30k_images/flickr30k_images/2837695383.jpg,chair,0.45690223574638367,307.2726135253906,13.96484375,342.30987548828125,29.762672424316406,8
Flickr30K/2837695383.jpg,/content/Image_captioning_Local/Flickr30K/flickr30k_images/flickr30k_images/2837695383.jpg,scissors,0.4273218512535095,218.5879669189453,205.5034942626953,268.0994873046875,222.18211364746094,8
Flickr30K/2837695383.jpg,/content/Image_captioning_Local/Flickr30K/flickr30k_images/flickr30k_images/2837695383.jpg,cake,0.33286333084106445,0.0,213.61936950683594,498.5995178222656,337.13995361328125,8
Flickr30K/2837695383.jpg,/content/Image_captioning_Local/Flickr30K/flickr30k_images/flickr30k_images/2837695383.jpg,couch,0.30049073696136475,374.1846923828125,7.304859161376953,499.8692626953125,166.81649780273438,8
Flickr30K/2837734285.jpg,/content/Image_captioning_Local/Flickr30K/flickr30k_images/flickr30k_images/2837734285.jpg,person,0.9309050440788269,34.337921142578125,32.538700103759766,222.87982177734375,329.20184326171875,2
Flickr30K/2837734285.jpg,/content/Image_captioning_Local/Flickr30K/flickr30k_images/flickr30k_images/2837734285.jpg,person,0.9240335822105408,316.20416259765625,94.04277801513672,499.6582946777344,329.6874084472656,2
Flickr30K/2837740149.jpg,/content/Image_captioning_Local/Flickr30K/flickr30k_images/flickr30k_images/2837740149.jpg,person,0.8922109007835388,168.37481689453125,64.06932067871094,309.76678466796875,330.2116394042969,2
Flickr30K/2837740149.jpg,/content/Image_captioning_Local/Flickr30K/flickr30k_images/flickr30k_images/2837740149.jpg,person,0.7110196948051453,54.47342300415039,56.421661376953125,172.42477416992188,329.9609069824219,2
Flickr30K/2837777441.jpg,/content/Image_captioning_Local/Flickr30K/flickr30k_images/flickr30k_images/2837777441.jpg,person,0.8282994627952576,44.084049224853516,42.172706604003906,382.8059387207031,328.37115478515625,2
Flickr30K/2837777441.jpg,/content/Image_captioning_Local/Flickr30K/flickr30k_images/flickr30k_images/2837777441.jpg,person,0.4382089674472809,43.81015396118164,119.69642639160156,310.120849609375,329.6210632324219,2
Flickr30K/2837799692.jpg,/content/Image_captioning_Local/Flickr30K/flickr30k_images/flickr30k_images/2837799692.jpg,person,0.9320254921913147,44.164085388183594,1.1005401611328125,338.22003173828125,500.0,1
Flickr30K/2837804631.jpg,/content/Image_captioning_Local/Flickr30K/flickr30k_images/flickr30k_images/2837804631.jpg,person,0.9262205362319946,7.041382789611816,171.2521514892578,122.35133361816406,330.28985595703125,6
Flickr30K/2837804631.jpg,/content/Image_captioning_Local/Flickr30K/flickr30k_images/flickr30k_images/2837804631.jpg,person,0.9024598598480225,0.04751086235046387,1.330876350402832,41.25275802612305,187.90672302246094,6
Flickr30K/2837804631.jpg,/content/Image_captioning_Local/Flickr30K/flickr30k_images/flickr30k_images/2837804631.jpg,car,0.7447707653045654,42.82498550415039,77.21436309814453,78.7251205444336,111.68315124511719,6
Flickr30K/2837804631.jpg,/content/Image_captioning_Local/Flickr30K/flickr30k_images/flickr30k_images/2837804631.jpg,bus,0.6865043044090271,101.0040512084961,60.70513916015625,249.24659729003906,111.12547302246094,6
Flickr30K/2837804631.jpg,/content/Image_captioning_Local/Flickr30K/flickr30k_images/flickr30k_images/2837804631.jpg,car,0.26085659861564636,286.2090759277344,75.61115264892578,314.06494140625,103.79045867919922,6
Flickr30K/2837804631.jpg,/content/Image_captioning_Local/Flickr30K/flickr30k_images/flickr30k_images/2837804631.jpg,car,0.25505688786506653,32.88159942626953,80.60677337646484,52.4828987121582,112.6312026977539,6
Flickr30K/2837808847.jpg,/content/Image_captioning_Local/Flickr30K/flickr30k_images/flickr30k_images/2837808847.jpg,dog,0.9183956980705261,220.804931640625,153.66473388671875,321.5731201171875,206.37417602539062,2
Flickr30K/2837808847.jpg,/content/Image_captioning_Local/Flickr30K/flickr30k_images/flickr30k_images/2837808847.jpg,dog,0.9089829325675964,166.56396484375,151.63082885742188,253.0236053466797,190.35772705078125,2
Flickr30K/2837886692.jpg,/content/Image_captioning_Local/Flickr30K/flickr30k_images/flickr30k_images/2837886692.jpg,person,0.921644389629364,58.054901123046875,81.55831909179688,187.8854522705078,329.9676818847656,9
Flickr30K/2837886692.jpg,/content/Image_captioning_Local/Flickr30K/flickr30k_images/flickr30k_images/2837886692.jpg,person,0.912551999092102,0.1093149185180664,91.30878448486328,74.69795989990234,330.16644287109375,9
Flickr30K/2837886692.jpg,/content/Image_captioning_Local/Flickr30K/flickr30k_images/flickr30k_images/2837886692.jpg,person,0.8980223536491394,137.12547302246094,101.49330139160156,205.23062133789062,304.10980224609375,9
Flickr30K/2837886692.jpg,/content/Image_captioning_Local/Flickr30K/flickr30k_images/flickr30k_images/2837886692.jpg,person,0.8925172686576843,203.418212890625,83.4512939453125,264.7108459472656,281.1567077636719,9
Flickr30K/2837886692.jpg,/content/Image_captioning_Local/Flickr30K/flickr30k_images/flickr30k_images/2837886692.jpg,person,0.8900980353355408,279.23931884765625,0.3506183624267578,499.10186767578125,327.4482116699219,9
Flickr30K/2837886692.jpg,/content/Image_captioning_Local/Flickr30K/flickr30k_images/flickr30k_images/2837886692.jpg,person,0.7168774604797363,252.68585205078125,80.88569641113281,307.8260803222656,329.7569274902344,9
Flickr30K/2837886692.jpg,/content/Image_captioning_Local/Flickr30K/flickr30k_images/flickr30k_images/2837886692.jpg,person,0.7083772420883179,40.15470886230469,117.39968872070312,95.12897491455078,320.63702392578125,9
Flickr30K/2837886692.jpg,/content/Image_captioning_Local/Flickr30K/flickr30k_images/flickr30k_images/2837886692.jpg,person,0.4994663894176483,81.24699401855469,90.47770690917969,103.3127212524414,125.18916320800781,9
Flickr30K/2837886692.jpg,/content/Image_captioning_Local/Flickr30K/flickr30k_images/flickr30k_images/2837886692.jpg,person,0.34798359870910645,233.41226196289062,75.8625259399414,271.5529479980469,116.5822982788086,9
Flickr30K/2837908308.jpg,/content/Image_captioning_Local/Flickr30K/flickr30k_images/flickr30k_images/2837908308.jpg,dog,0.9358206987380981,229.8231658935547,124.05615234375,404.37213134765625,237.2178497314453,4
Flickr30K/2837908308.jpg,/content/Image_captioning_Local/Flickr30K/flickr30k_images/flickr30k_images/2837908308.jpg,dog,0.760897159576416,440.9799499511719,128.6562957763672,477.76605224609375,170.24212646484375,4
Flickr30K/2837908308.jpg,/content/Image_captioning_Local/Flickr30K/flickr30k_images/flickr30k_images/2837908308.jpg,person,0.6644318699836731,485.11553955078125,76.8349609375,499.82672119140625,181.3972930908203,4
Flickr30K/2837908308.jpg,/content/Image_captioning_Local/Flickr30K/flickr30k_images/flickr30k_images/2837908308.jpg,umbrella,0.25911134481430054,393.4015197753906,68.59130859375,489.97021484375,98.86508178710938,4
Flickr30K/2838065126.jpg,/content/Image_captioning_Local/Flickr30K/flickr30k_images/flickr30k_images/2838065126.jpg,person,0.8420055508613586,271.79058837890625,65.41447448730469,345.58258056640625,321.8199768066406,5
Flickr30K/2838065126.jpg,/content/Image_captioning_Local/Flickr30K/flickr30k_images/flickr30k_images/2838065126.jpg,person,0.8347399234771729,213.2407684326172,71.76538848876953,329.4709777832031,330.9434509277344,5
Flickr30K/2838065126.jpg,/content/Image_captioning_Local/Flickr30K/flickr30k_images/flickr30k_images/2838065126.jpg,truck,0.5164670944213867,0.8026123046875,1.1661529541015625,201.99647521972656,299.17431640625,5
Flickr30K/2838065126.jpg,/content/Image_captioning_Local/Flickr30K/flickr30k_images/flickr30k_images/2838065126.jpg,car,0.4860488474369049,0.3334641456604004,167.92425537109375,165.6812286376953,331.8303527832031,5
Flickr30K/2838065126.jpg,/content/Image_captioning_Local/Flickr30K/flickr30k_images/flickr30k_images/2838065126.jpg,car,0.45079872012138367,0.5770444869995117,167.99468994140625,244.5732879638672,332.46002197265625,5
Flickr30K/2838085973.jpg,/content/Image_captioning_Local/Flickr30K/flickr30k_images/flickr30k_images/2838085973.jpg,person,0.8593341708183289,106.10616302490234,14.792633056640625,319.1180419921875,473.6175537109375,11
Flickr30K/2838085973.jpg,/content/Image_captioning_Local/Flickr30K/flickr30k_images/flickr30k_images/2838085973.jpg,person,0.853805661201477,301.4886474609375,185.3002471923828,395.67352294921875,435.6981201171875,11
Flickr30K/2838085973.jpg,/content/Image_captioning_Local/Flickr30K/flickr30k_images/flickr30k_images/2838085973.jpg,person,0.8029278516769409,0.0,211.6657257080078,58.341312408447266,442.9452819824219,11
Flickr30K/2838085973.jpg,/content/Image_captioning_Local/Flickr30K/flickr30k_images/flickr30k_images/2838085973.jpg,person,0.7057154774665833,29.938983917236328,318.3121337890625,145.60462951660156,441.23248291015625,11
Flickr30K/2838085973.jpg,/content/Image_captioning_Local/Flickr30K/flickr30k_images/flickr30k_images/2838085973.jpg,person,0.5407926440238953,81.59219360351562,244.31918334960938,147.0271453857422,358.40618896484375,11
Flickr30K/2838085973.jpg,/content/Image_captioning_Local/Flickr30K/flickr30k_images/flickr30k_images/2838085973.jpg,person,0.5140098333358765,24.899364471435547,101.54931640625,92.65899658203125,223.1513671875,11
Flickr30K/2838085973.jpg,/content/Image_captioning_Local/Flickr30K/flickr30k_images/flickr30k_images/2838085973.jpg,person,0.4757213592529297,43.60173416137695,216.48614501953125,90.62435913085938,324.7296142578125,11
Flickr30K/2838085973.jpg,/content/Image_captioning_Local/Flickr30K/flickr30k_images/flickr30k_images/2838085973.jpg,sports ball,0.388715922832489,103.08678436279297,138.7869873046875,158.87339782714844,205.59637451171875,11
Flickr30K/2838085973.jpg,/content/Image_captioning_Local/Flickr30K/flickr30k_images/flickr30k_images/2838085973.jpg,person,0.310716450214386,23.01837158203125,188.34193420410156,59.979881286621094,256.3787841796875,11
Flickr30K/2838085973.jpg,/content/Image_captioning_Local/Flickr30K/flickr30k_images/flickr30k_images/2838085973.jpg,person,0.2610980272293091,263.0065002441406,133.56394958496094,322.8163757324219,214.33401489257812,11
Flickr30K/2838085973.jpg,/content/Image_captioning_Local/Flickr30K/flickr30k_images/flickr30k_images/2838085973.jpg,person,0.2547841966152191,69.24175262451172,214.66732788085938,146.85720825195312,331.78997802734375,11
Flickr30K/2838125339.jpg,/content/Image_captioning_Local/Flickr30K/flickr30k_images/flickr30k_images/2838125339.jpg,person,0.9327060580253601,0.129777193069458,244.17771911621094,94.41187286376953,499.33538818359375,3
Flickr30K/2838125339.jpg,/content/Image_captioning_Local/Flickr30K/flickr30k_images/flickr30k_images/2838125339.jpg,person,0.8033257126808167,69.40878295898438,248.38714599609375,179.55198669433594,460.4750671386719,3
Flickr30K/2838125339.jpg,/content/Image_captioning_Local/Flickr30K/flickr30k_images/flickr30k_images/2838125339.jpg,dog,0.8032458424568176,80.45819854736328,111.34236145019531,167.00930786132812,263.7767639160156,3
Flickr30K/2838133448.jpg,/content/Image_captioning_Local/Flickr30K/flickr30k_images/flickr30k_images/2838133448.jpg,person,0.9190044403076172,236.0544891357422,147.25741577148438,342.9944763183594,370.7646484375,5
Flickr30K/2838133448.jpg,/content/Image_captioning_Local/Flickr30K/flickr30k_images/flickr30k_images/2838133448.jpg,person,0.7976602911949158,11.297869682312012,159.5978240966797,171.41015625,371.6106872558594,5
Flickr30K/2838133448.jpg,/content/Image_captioning_Local/Flickr30K/flickr30k_images/flickr30k_images/2838133448.jpg,person,0.43618977069854736,486.1379699707031,255.4117431640625,499.8291015625,291.8924560546875,5
Flickr30K/2838133448.jpg,/content/Image_captioning_Local/Flickr30K/flickr30k_images/flickr30k_images/2838133448.jpg,person,0.4088188409805298,232.66131591796875,134.60728454589844,297.60595703125,205.90713500976562,5
Flickr30K/2838133448.jpg,/content/Image_captioning_Local/Flickr30K/flickr30k_images/flickr30k_images/2838133448.jpg,person,0.32115814089775085,94.15769958496094,159.88836669921875,170.63661193847656,371.0147705078125,5
Flickr30K/2838452780.jpg,/content/Image_captioning_Local/Flickr30K/flickr30k_images/flickr30k_images/2838452780.jpg,person,0.9390310049057007,7.114052772521973,145.3826904296875,196.30499267578125,494.39263916015625,3
Flickr30K/2838452780.jpg,/content/Image_captioning_Local/Flickr30K/flickr30k_images/flickr30k_images/2838452780.jpg,person,0.9062504768371582,205.8216552734375,124.22100067138672,322.0859375,489.9607238769531,3
Flickr30K/2838452780.jpg,/content/Image_captioning_Local/Flickr30K/flickr30k_images/flickr30k_images/2838452780.jpg,person,0.4165083169937134,281.5199890136719,82.17534637451172,335.0,204.25901794433594,3
Flickr30K/2838535875.jpg,/content/Image_captioning_Local/Flickr30K/flickr30k_images/flickr30k_images/2838535875.jpg,person,0.9208297729492188,190.65585327148438,109.43641662597656,436.7215270996094,371.6852722167969,8
Flickr30K/2838535875.jpg,/content/Image_captioning_Local/Flickr30K/flickr30k_images/flickr30k_images/2838535875.jpg,person,0.884539783000946,387.4568176269531,1.0881423950195312,499.79486083984375,371.48321533203125,8
Flickr30K/2838535875.jpg,/content/Image_captioning_Local/Flickr30K/flickr30k_images/flickr30k_images/2838535875.jpg,person,0.8630812764167786,162.59580993652344,0.019472837448120117,319.2996520996094,172.72474670410156,8
Flickr30K/2838535875.jpg,/content/Image_captioning_Local/Flickr30K/flickr30k_images/flickr30k_images/2838535875.jpg,person,0.818105161190033,88.37911224365234,31.831073760986328,139.81617736816406,133.656494140625,8
Flickr30K/2838535875.jpg,/content/Image_captioning_Local/Flickr30K/flickr30k_images/flickr30k_images/2838535875.jpg,person,0.7234860062599182,317.6928405761719,27.418500900268555,356.2130126953125,128.825927734375,8
Flickr30K/2838535875.jpg,/content/Image_captioning_Local/Flickr30K/flickr30k_images/flickr30k_images/2838535875.jpg,person,0.7219704389572144,59.930240631103516,33.53224563598633,93.2620620727539,135.66436767578125,8
Flickr30K/2838535875.jpg,/content/Image_captioning_Local/Flickr30K/flickr30k_images/flickr30k_images/2838535875.jpg,person,0.7182058095932007,346.06390380859375,13.775550842285156,398.72625732421875,123.50669860839844,8
Flickr30K/2838535875.jpg,/content/Image_captioning_Local/Flickr30K/flickr30k_images/flickr30k_images/2838535875.jpg,chair,0.5239309668540955,0.6023883819580078,299.26336669921875,320.2108154296875,372.3780517578125,8
Flickr30K/2838590130.jpg,/content/Image_captioning_Local/Flickr30K/flickr30k_images/flickr30k_images/2838590130.jpg,person,0.7816633582115173,0.013902783393859863,177.09249877929688,30.98999786376953,261.8587951660156,15
Flickr30K/2838590130.jpg,/content/Image_captioning_Local/Flickr30K/flickr30k_images/flickr30k_images/2838590130.jpg,person,0.7783143520355225,38.67467498779297,181.17079162597656,70.15857696533203,256.28857421875,15
Flickr30K/2838590130.jpg,/content/Image_captioning_Local/Flickr30K/flickr30k_images/flickr30k_images/2838590130.jpg,person,0.7633745074272156,467.1235656738281,183.00437927246094,499.7965393066406,287.229736328125,15
Flickr30K/2838590130.jpg,/content/Image_captioning_Local/Flickr30K/flickr30k_images/flickr30k_images/2838590130.jpg,person,0.7108888626098633,197.3957061767578,182.85057067871094,228.74136352539062,245.67807006835938,15
Flickr30K/2838590130.jpg,/content/Image_captioning_Local/Flickr30K/flickr30k_images/flickr30k_images/2838590130.jpg,skateboard,0.5920130610466003,36.14119338989258,247.84375,62.24919509887695,258.0408935546875,15
Flickr30K/2838590130.jpg,/content/Image_captioning_Local/Flickr30K/flickr30k_images/flickr30k_images/2838590130.jpg,skateboard,0.5246320366859436,0.0,250.40460205078125,26.966976165771484,263.7313232421875,15
Flickr30K/2838590130.jpg,/content/Image_captioning_Local/Flickr30K/flickr30k_images/flickr30k_images/2838590130.jpg,person,0.49480071663856506,249.13003540039062,188.10940551757812,263.12640380859375,231.32162475585938,15
Flickr30K/2838590130.jpg,/content/Image_captioning_Local/Flickr30K/flickr30k_images/flickr30k_images/2838590130.jpg,person,0.49355214834213257,447.5035095214844,190.23194885253906,467.0716857910156,241.94573974609375,15
Flickr30K/2838590130.jpg,/content/Image_captioning_Local/Flickr30K/flickr30k_images/flickr30k_images/2838590130.jpg,person,0.48205360770225525,281.1426696777344,185.60189819335938,297.31622314453125,229.2854766845703,15
Flickr30K/2838590130.jpg,/content/Image_captioning_Local/Flickr30K/flickr30k_images/flickr30k_images/2838590130.jpg,person,0.47803768515586853,75.02295684814453,182.60861206054688,88.7462158203125,218.453125,15
Flickr30K/2838590130.jpg,/content/Image_captioning_Local/Flickr30K/flickr30k_images/flickr30k_images/2838590130.jpg,person,0.4411493241786957,166.83633422851562,181.6936492919922,182.41102600097656,230.21774291992188,15
Flickr30K/2838590130.jpg,/content/Image_captioning_Local/Flickr30K/flickr30k_images/flickr30k_images/2838590130.jpg,person,0.41616904735565186,224.1363525390625,188.21627807617188,241.0286865234375,232.3509521484375,15
Flickr30K/2838590130.jpg,/content/Image_captioning_Local/Flickr30K/flickr30k_images/flickr30k_images/2838590130.jpg,person,0.38402044773101807,236.83187866210938,187.31736755371094,251.006103515625,232.90997314453125,15
Flickr30K/2838590130.jpg,/content/Image_captioning_Local/Flickr30K/flickr30k_images/flickr30k_images/2838590130.jpg,person,0.2740204632282257,400.2620849609375,188.00100708007812,415.5564270019531,230.0337371826172,15
Flickr30K/2838590130.jpg,/content/Image_captioning_Local/Flickr30K/flickr30k_images/flickr30k_images/2838590130.jpg,person,0.26698577404022217,303.6847229003906,187.84408569335938,317.4573059082031,229.4727325439453,15
Flickr30K/2838612066.jpg,/content/Image_captioning_Local/Flickr30K/flickr30k_images/flickr30k_images/2838612066.jpg,,,,,,,0
Flickr30K/2838619742.jpg,/content/Image_captioning_Local/Flickr30K/flickr30k_images/flickr30k_images/2838619742.jpg,person,0.9390048980712891,100.97136688232422,2.646005153656006,499.7727355957031,328.963623046875,2
Flickr30K/2838619742.jpg,/content/Image_captioning_Local/Flickr30K/flickr30k_images/flickr30k_images/2838619742.jpg,elephant,0.2711974084377289,0.6075382232666016,1.3300299644470215,207.77745056152344,326.02142333984375,2
Flickr30K/2838688549.jpg,/content/Image_captioning_Local/Flickr30K/flickr30k_images/flickr30k_images/2838688549.jpg,surfboard,0.8450821042060852,388.3031311035156,297.2836608886719,478.3766174316406,332.6138916015625,20
Flickr30K/2838688549.jpg,/content/Image_captioning_Local/Flickr30K/flickr30k_images/flickr30k_images/2838688549.jpg,person,0.6937633752822876,131.41336059570312,254.68267822265625,204.2886962890625,320.4198913574219,20
Flickr30K/2838688549.jpg,/content/Image_captioning_Local/Flickr30K/flickr30k_images/flickr30k_images/2838688549.jpg,person,0.6750445365905762,48.32270812988281,198.08001708984375,98.62330627441406,324.458740234375,20
Flickr30K/2838688549.jpg,/content/Image_captioning_Local/Flickr30K/flickr30k_images/flickr30k_images/2838688549.jpg,person,0.6292229890823364,465.970458984375,164.38136291503906,499.5006103515625,214.7530517578125,20
Flickr30K/2838688549.jpg,/content/Image_captioning_Local/Flickr30K/flickr30k_images/flickr30k_images/2838688549.jpg,person,0.6039933562278748,273.96331787109375,156.85879516601562,297.49932861328125,240.13565063476562,20
Flickr30K/2838688549.jpg,/content/Image_captioning_Local/Flickr30K/flickr30k_images/flickr30k_images/2838688549.jpg,person,0.5720444321632385,291.4985656738281,157.79957580566406,313.16156005859375,235.76312255859375,20
Flickr30K/2838688549.jpg,/content/Image_captioning_Local/Flickr30K/flickr30k_images/flickr30k_images/2838688549.jpg,chair,0.5692225098609924,237.04672241210938,242.49822998046875,266.2084655761719,296.3660888671875,20
Flickr30K/2838688549.jpg,/content/Image_captioning_Local/Flickr30K/flickr30k_images/flickr30k_images/2838688549.jpg,person,0.5370286107063293,330.9169616699219,152.7130584716797,359.2077941894531,232.7636260986328,20
Flickr30K/2838688549.jpg,/content/Image_captioning_Local/Flickr30K/flickr30k_images/flickr30k_images/2838688549.jpg,person,0.5023371577262878,347.7026062011719,147.4809112548828,369.9449157714844,244.868896484375,20
Flickr30K/2838688549.jpg,/content/Image_captioning_Local/Flickr30K/flickr30k_images/flickr30k_images/2838688549.jpg,boat,0.4882073998451233,84.42900085449219,81.82432556152344,106.80923461914062,123.54533386230469,20
Flickr30K/2838688549.jpg,/content/Image_captioning_Local/Flickr30K/flickr30k_images/flickr30k_images/2838688549.jpg,handbag,0.48469069600105286,312.23663330078125,284.6039733886719,338.3424072265625,310.9728698730469,20
Flickr30K/2838688549.jpg,/content/Image_captioning_Local/Flickr30K/flickr30k_images/flickr30k_images/2838688549.jpg,person,0.46588173508644104,199.17942810058594,250.3446044921875,236.57777404785156,306.09442138671875,20
Flickr30K/2838688549.jpg,/content/Image_captioning_Local/Flickr30K/flickr30k_images/flickr30k_images/2838688549.jpg,person,0.4422767758369446,430.025146484375,130.74038696289062,456.5291748046875,211.77447509765625,20
Flickr30K/2838688549.jpg,/content/Image_captioning_Local/Flickr30K/flickr30k_images/flickr30k_images/2838688549.jpg,person,0.34774884581565857,216.612060546875,180.15890502929688,231.8582000732422,214.63890075683594,20
Flickr30K/2838688549.jpg,/content/Image_captioning_Local/Flickr30K/flickr30k_images/flickr30k_images/2838688549.jpg,person,0.33607736229896545,228.15762329101562,226.70159912109375,259.09136962890625,276.4665222167969,20
Flickr30K/2838688549.jpg,/content/Image_captioning_Local/Flickr30K/flickr30k_images/flickr30k_images/2838688549.jpg,person,0.32508140802383423,108.10110473632812,185.618408203125,121.12090301513672,221.88291931152344,20
Flickr30K/2838688549.jpg,/content/Image_captioning_Local/Flickr30K/flickr30k_images/flickr30k_images/2838688549.jpg,person,0.30084165930747986,406.7953186035156,166.42677307128906,427.9089050292969,212.33555603027344,20
Flickr30K/2838688549.jpg,/content/Image_captioning_Local/Flickr30K/flickr30k_images/flickr30k_images/2838688549.jpg,person,0.28927865624427795,312.99249267578125,159.6751251220703,330.4361572265625,216.52432250976562,20
Flickr30K/2838688549.jpg,/content/Image_captioning_Local/Flickr30K/flickr30k_images/flickr30k_images/2838688549.jpg,surfboard,0.279674768447876,152.256591796875,308.68316650390625,337.2014465332031,332.7042236328125,20
Flickr30K/2838688549.jpg,/content/Image_captioning_Local/Flickr30K/flickr30k_images/flickr30k_images/2838688549.jpg,person,0.2674746811389923,244.76246643066406,162.53004455566406,253.45701599121094,193.46542358398438,20
Flickr30K/2838888385.jpg,/content/Image_captioning_Local/Flickr30K/flickr30k_images/flickr30k_images/2838888385.jpg,person,0.6544965505599976,183.2655487060547,201.63217163085938,293.4453430175781,292.643798828125,15
Flickr30K/2838888385.jpg,/content/Image_captioning_Local/Flickr30K/flickr30k_images/flickr30k_images/2838888385.jpg,person,0.5952023863792419,38.679527282714844,219.8771209716797,128.0004119873047,311.92755126953125,15
Flickr30K/2838888385.jpg,/content/Image_captioning_Local/Flickr30K/flickr30k_images/flickr30k_images/2838888385.jpg,person,0.5489642024040222,332.9854431152344,222.88821411132812,400.13116455078125,319.1793212890625,15
Flickr30K/2838888385.jpg,/content/Image_captioning_Local/Flickr30K/flickr30k_images/flickr30k_images/2838888385.jpg,person,0.4829663634300232,105.02603912353516,107.24665069580078,142.5330352783203,165.97816467285156,15
Flickr30K/2838888385.jpg,/content/Image_captioning_Local/Flickr30K/flickr30k_images/flickr30k_images/2838888385.jpg,person,0.4413623511791229,111.55177307128906,210.08074951171875,180.81639099121094,294.4495544433594,15
Flickr30K/2838888385.jpg,/content/Image_captioning_Local/Flickr30K/flickr30k_images/flickr30k_images/2838888385.jpg,person,0.4019314646720886,256.91839599609375,173.39295959472656,344.12579345703125,258.82269287109375,15
Flickr30K/2838888385.jpg,/content/Image_captioning_Local/Flickr30K/flickr30k_images/flickr30k_images/2838888385.jpg,person,0.3900591731071472,0.058794401586055756,208.3115997314453,45.65203857421875,278.5964050292969,15
Flickr30K/2838888385.jpg,/content/Image_captioning_Local/Flickr30K/flickr30k_images/flickr30k_images/2838888385.jpg,person,0.37660518288612366,75.29180908203125,185.18199157714844,118.78819274902344,268.3576354980469,15
Flickr30K/2838888385.jpg,/content/Image_captioning_Local/Flickr30K/flickr30k_images/flickr30k_images/2838888385.jpg,person,0.3722934424877167,326.3229675292969,121.37704467773438,350.331298828125,185.10694885253906,15
Flickr30K/2838888385.jpg,/content/Image_captioning_Local/Flickr30K/flickr30k_images/flickr30k_images/2838888385.jpg,person,0.35124337673187256,0.04610786214470863,266.64849853515625,43.83455276489258,319.6157531738281,15
Flickr30K/2838888385.jpg,/content/Image_captioning_Local/Flickr30K/flickr30k_images/flickr30k_images/2838888385.jpg,person,0.3359358608722687,350.8204040527344,109.5963134765625,374.2448425292969,176.36158752441406,15
Flickr30K/2838888385.jpg,/content/Image_captioning_Local/Flickr30K/flickr30k_images/flickr30k_images/2838888385.jpg,sports ball,0.3339945673942566,244.64950561523438,181.87242126464844,251.96920776367188,189.86517333984375,15
Flickr30K/2838888385.jpg,/content/Image_captioning_Local/Flickr30K/flickr30k_images/flickr30k_images/2838888385.jpg,person,0.3257100582122803,403.93377685546875,190.0731964111328,447.8468322753906,258.97210693359375,15
Flickr30K/2838888385.jpg,/content/Image_captioning_Local/Flickr30K/flickr30k_images/flickr30k_images/2838888385.jpg,person,0.3080103099346161,141.73484802246094,187.90293884277344,184.55734252929688,258.5173645019531,15
Flickr30K/2838888385.jpg,/content/Image_captioning_Local/Flickr30K/flickr30k_images/flickr30k_images/2838888385.jpg,person,0.29640060663223267,413.61822509765625,231.25570678710938,447.8213195800781,330.6444091796875,15
Flickr30K/2838920834.jpg,/content/Image_captioning_Local/Flickr30K/flickr30k_images/flickr30k_images/2838920834.jpg,stop sign,0.9528126120567322,56.59878158569336,20.07013511657715,145.09320068359375,108.85575866699219,2
Flickr30K/2838920834.jpg,/content/Image_captioning_Local/Flickr30K/flickr30k_images/flickr30k_images/2838920834.jpg,person,0.9320494532585144,166.56065368652344,153.8016815185547,282.81866455078125,364.6666564941406,2
Flickr30K/2839038702.jpg,/content/Image_captioning_Local/Flickr30K/flickr30k_images/flickr30k_images/2839038702.jpg,dog,0.5878211259841919,222.13706970214844,334.89794921875,301.3941345214844,442.1170349121094,1
Flickr30K/2839397766.jpg,/content/Image_captioning_Local/Flickr30K/flickr30k_images/flickr30k_images/2839397766.jpg,chair,0.9097156524658203,333.63519287109375,197.82510375976562,409.73211669921875,312.04180908203125,27
Flickr30K/2839397766.jpg,/content/Image_captioning_Local/Flickr30K/flickr30k_images/flickr30k_images/2839397766.jpg,person,0.876348614692688,0.8256375789642334,96.17676544189453,85.35584259033203,342.7416687011719,27
Flickr30K/2839397766.jpg,/content/Image_captioning_Local/Flickr30K/flickr30k_images/flickr30k_images/2839397766.jpg,person,0.8489030003547668,233.73155212402344,99.23295593261719,288.97381591796875,285.69384765625,27
Flickr30K/2839397766.jpg,/content/Image_captioning_Local/Flickr30K/flickr30k_images/flickr30k_images/2839397766.jpg,chair,0.7600533962249756,283.6350402832031,172.7541961669922,326.8465881347656,261.13232421875,27
Flickr30K/2839397766.jpg,/content/Image_captioning_Local/Flickr30K/flickr30k_images/flickr30k_images/2839397766.jpg,chair,0.742492139339447,408.1789855957031,185.50338745117188,456.7853088378906,284.45196533203125,27
Flickr30K/2839397766.jpg,/content/Image_captioning_Local/Flickr30K/flickr30k_images/flickr30k_images/2839397766.jpg,chair,0.6507555842399597,373.3058776855469,156.62489318847656,399.7994079589844,175.45556640625,27
Flickr30K/2839397766.jpg,/content/Image_captioning_Local/Flickr30K/flickr30k_images/flickr30k_images/2839397766.jpg,person,0.6335992217063904,95.43376159667969,84.75637817382812,154.3687744140625,292.6001892089844,27
Flickr30K/2839397766.jpg,/content/Image_captioning_Local/Flickr30K/flickr30k_images/flickr30k_images/2839397766.jpg,person,0.596869945526123,376.9019775390625,136.36410522460938,429.9337463378906,213.86892700195312,27
Flickr30K/2839397766.jpg,/content/Image_captioning_Local/Flickr30K/flickr30k_images/flickr30k_images/2839397766.jpg,person,0.5957852005958557,419.7253112792969,138.5751190185547,451.9920349121094,179.22940063476562,27
Flickr30K/2839397766.jpg,/content/Image_captioning_Local/Flickr30K/flickr30k_images/flickr30k_images/2839397766.jpg,person,0.5610370635986328,0.0,92.71564483642578,44.84402084350586,306.5376892089844,27
Flickr30K/2839397766.jpg,/content/Image_captioning_Local/Flickr30K/flickr30k_images/flickr30k_images/2839397766.jpg,chair,0.5345562696456909,295.27886962890625,155.42059326171875,320.5609130859375,176.5167236328125,27
Flickr30K/2839397766.jpg,/content/Image_captioning_Local/Flickr30K/flickr30k_images/flickr30k_images/2839397766.jpg,chair,0.5321316719055176,195.32931518554688,158.17446899414062,218.4762420654297,174.92880249023438,27
Flickr30K/2839397766.jpg,/content/Image_captioning_Local/Flickr30K/flickr30k_images/flickr30k_images/2839397766.jpg,person,0.5221400856971741,0.08230507373809814,93.38616943359375,41.12184524536133,249.1515655517578,27
Flickr30K/2839397766.jpg,/content/Image_captioning_Local/Flickr30K/flickr30k_images/flickr30k_images/2839397766.jpg,bottle,0.405743271112442,197.00498962402344,146.77000427246094,201.82334899902344,158.62979125976562,27
Flickr30K/2839397766.jpg,/content/Image_captioning_Local/Flickr30K/flickr30k_images/flickr30k_images/2839397766.jpg,chair,0.37236878275871277,288.2742614746094,158.04052734375,298.1884765625,173.77734375,27
Flickr30K/2839397766.jpg,/content/Image_captioning_Local/Flickr30K/flickr30k_images/flickr30k_images/2839397766.jpg,chair,0.37212544679641724,422.9689636230469,164.46142578125,455.3869323730469,226.72682189941406,27
Flickr30K/2839397766.jpg,/content/Image_captioning_Local/Flickr30K/flickr30k_images/flickr30k_images/2839397766.jpg,person,0.3657078444957733,68.91149139404297,85.0683364868164,154.1978302001953,292.2357482910156,27
Flickr30K/2839397766.jpg,/content/Image_captioning_Local/Flickr30K/flickr30k_images/flickr30k_images/2839397766.jpg,chair,0.36426204442977905,0.06906986236572266,247.50384521484375,41.3718147277832,347.272216796875,27
Flickr30K/2839397766.jpg,/content/Image_captioning_Local/Flickr30K/flickr30k_images/flickr30k_images/2839397766.jpg,dining table,0.3468979299068451,286.9607849121094,171.07777404785156,402.5978698730469,228.0578155517578,27
Flickr30K/2839397766.jpg,/content/Image_captioning_Local/Flickr30K/flickr30k_images/flickr30k_images/2839397766.jpg,chair,0.32036328315734863,284.4193420410156,172.89271545410156,304.26129150390625,198.24891662597656,27
Flickr30K/2839397766.jpg,/content/Image_captioning_Local/Flickr30K/flickr30k_images/flickr30k_images/2839397766.jpg,person,0.31574317812919617,208.86805725097656,132.10914611816406,230.89625549316406,157.46090698242188,27
Flickr30K/2839397766.jpg,/content/Image_captioning_Local/Flickr30K/flickr30k_images/flickr30k_images/2839397766.jpg,person,0.3148837983608246,147.40899658203125,137.3848876953125,162.5502471923828,159.33050537109375,27
Flickr30K/2839397766.jpg,/content/Image_captioning_Local/Flickr30K/flickr30k_images/flickr30k_images/2839397766.jpg,chair,0.27391737699508667,332.8805847167969,156.4949493408203,358.0977478027344,178.66673278808594,27
Flickr30K/2839397766.jpg,/content/Image_captioning_Local/Flickr30K/flickr30k_images/flickr30k_images/2839397766.jpg,person,0.2618146240711212,147.5543212890625,137.32052612304688,174.86216735839844,159.83071899414062,27
Flickr30K/2839397766.jpg,/content/Image_captioning_Local/Flickr30K/flickr30k_images/flickr30k_images/2839397766.jpg,chair,0.25854331254959106,405.1181335449219,164.4999542236328,455.7683410644531,227.272216796875,27
Flickr30K/2839397766.jpg,/content/Image_captioning_Local/Flickr30K/flickr30k_images/flickr30k_images/2839397766.jpg,person,0.2584822475910187,208.62693786621094,132.05853271484375,234.56021118164062,163.68154907226562,27
Flickr30K/2839397766.jpg,/content/Image_captioning_Local/Flickr30K/flickr30k_images/flickr30k_images/2839397766.jpg,chair,0.2534959316253662,380.87725830078125,157.53533935546875,399.6383056640625,174.72450256347656,27
Flickr30K/2839532455.jpg,/content/Image_captioning_Local/Flickr30K/flickr30k_images/flickr30k_images/2839532455.jpg,dog,0.9483529925346375,62.87738037109375,111.85595703125,367.07952880859375,328.62884521484375,1
Flickr30K/2839789830.jpg,/content/Image_captioning_Local/Flickr30K/flickr30k_images/flickr30k_images/2839789830.jpg,dog,0.953597366809845,44.599578857421875,34.5408935546875,290.8426818847656,283.1831970214844,4
Flickr30K/2839789830.jpg,/content/Image_captioning_Local/Flickr30K/flickr30k_images/flickr30k_images/2839789830.jpg,frisbee,0.887154757976532,250.40606689453125,85.97891235351562,309.49554443359375,142.24844360351562,4
Flickr30K/2839789830.jpg,/content/Image_captioning_Local/Flickr30K/flickr30k_images/flickr30k_images/2839789830.jpg,person,0.857087254524231,40.66123962402344,96.16835021972656,85.56542205810547,167.73846435546875,4
Flickr30K/2839789830.jpg,/content/Image_captioning_Local/Flickr30K/flickr30k_images/flickr30k_images/2839789830.jpg,frisbee,0.2701466977596283,275.58660888671875,86.2648696899414,309.7037658691406,142.75401306152344,4
Flickr30K/2839807428.jpg,/content/Image_captioning_Local/Flickr30K/flickr30k_images/flickr30k_images/2839807428.jpg,person,0.9079131484031677,99.68862915039062,142.44651794433594,239.40029907226562,326.52044677734375,9
Flickr30K/2839807428.jpg,/content/Image_captioning_Local/Flickr30K/flickr30k_images/flickr30k_images/2839807428.jpg,person,0.898870587348938,0.0,156.6450653076172,34.614707946777344,236.104248046875,9
Flickr30K/2839807428.jpg,/content/Image_captioning_Local/Flickr30K/flickr30k_images/flickr30k_images/2839807428.jpg,frisbee,0.8628231287002563,338.4974365234375,17.719411849975586,378.5445251464844,39.81957244873047,9
Flickr30K/2839807428.jpg,/content/Image_captioning_Local/Flickr30K/flickr30k_images/flickr30k_images/2839807428.jpg,dog,0.8277132511138916,187.08401489257812,19.615386962890625,341.14990234375,156.44931030273438,9
Flickr30K/2839807428.jpg,/content/Image_captioning_Local/Flickr30K/flickr30k_images/flickr30k_images/2839807428.jpg,person,0.6988300681114197,454.451904296875,199.39723205566406,481.5165100097656,239.23326110839844,9
Flickr30K/2839807428.jpg,/content/Image_captioning_Local/Flickr30K/flickr30k_images/flickr30k_images/2839807428.jpg,person,0.6415857672691345,419.70172119140625,165.4989013671875,435.5373840332031,179.32522583007812,9
Flickr30K/2839807428.jpg,/content/Image_captioning_Local/Flickr30K/flickr30k_images/flickr30k_images/2839807428.jpg,person,0.5247264504432678,380.13922119140625,165.48583984375,396.5782775878906,178.92567443847656,9
Flickr30K/2839807428.jpg,/content/Image_captioning_Local/Flickr30K/flickr30k_images/flickr30k_images/2839807428.jpg,person,0.3664759397506714,289.6662902832031,159.25250244140625,305.8480529785156,175.68592834472656,9
Flickr30K/2839807428.jpg,/content/Image_captioning_Local/Flickr30K/flickr30k_images/flickr30k_images/2839807428.jpg,person,0.25136083364486694,480.8118896484375,184.0770721435547,499.8571472167969,225.09173583984375,9
Flickr30K/2839890871.jpg,/content/Image_captioning_Local/Flickr30K/flickr30k_images/flickr30k_images/2839890871.jpg,person,0.916759729385376,172.47720336914062,60.07514190673828,428.1846923828125,401.37823486328125,8
Flickr30K/2839890871.jpg,/content/Image_captioning_Local/Flickr30K/flickr30k_images/flickr30k_images/2839890871.jpg,person,0.893041729927063,53.54368591308594,58.871543884277344,275.8833312988281,453.1530456542969,8
Flickr30K/2839890871.jpg,/content/Image_captioning_Local/Flickr30K/flickr30k_images/flickr30k_images/2839890871.jpg,person,0.7118997573852539,136.405517578125,56.60699462890625,207.3658447265625,140.89401245117188,8
Flickr30K/2839890871.jpg,/content/Image_captioning_Local/Flickr30K/flickr30k_images/flickr30k_images/2839890871.jpg,person,0.6466618180274963,223.9651641845703,27.02350616455078,286.4790344238281,131.6953887939453,8
Flickr30K/2839890871.jpg,/content/Image_captioning_Local/Flickr30K/flickr30k_images/flickr30k_images/2839890871.jpg,person,0.5714728236198425,18.492137908935547,61.50808334350586,74.63957214355469,176.5941619873047,8
Flickr30K/2839890871.jpg,/content/Image_captioning_Local/Flickr30K/flickr30k_images/flickr30k_images/2839890871.jpg,person,0.5628867149353027,224.19679260253906,27.017475128173828,286.7947692871094,196.42010498046875,8
Flickr30K/2839890871.jpg,/content/Image_captioning_Local/Flickr30K/flickr30k_images/flickr30k_images/2839890871.jpg,person,0.400603711605072,7.93776798248291,161.15753173828125,73.15788269042969,284.1460876464844,8
Flickr30K/2839890871.jpg,/content/Image_captioning_Local/Flickr30K/flickr30k_images/flickr30k_images/2839890871.jpg,person,0.3895760178565979,207.24386596679688,93.53290557861328,227.9774169921875,135.8605499267578,8
Flickr30K/2839932205.jpg,/content/Image_captioning_Local/Flickr30K/flickr30k_images/flickr30k_images/2839932205.jpg,person,0.8339295983314514,233.25732421875,146.0828094482422,275.0119323730469,206.24940490722656,2
Flickr30K/2839932205.jpg,/content/Image_captioning_Local/Flickr30K/flickr30k_images/flickr30k_images/2839932205.jpg,skateboard,0.34600719809532166,235.46087646484375,191.0086212158203,264.6868591308594,212.74952697753906,2
Flickr30K/2839953744.jpg,/content/Image_captioning_Local/Flickr30K/flickr30k_images/flickr30k_images/2839953744.jpg,person,0.9209160804748535,146.18563842773438,42.87034225463867,284.6614990234375,257.9097900390625,2
Flickr30K/2839953744.jpg,/content/Image_captioning_Local/Flickr30K/flickr30k_images/flickr30k_images/2839953744.jpg,dining table,0.2931056320667267,248.4200897216797,117.88754272460938,434.0100402832031,268.403564453125,2
Flickr30K/283999555.jpg,/content/Image_captioning_Local/Flickr30K/flickr30k_images/flickr30k_images/283999555.jpg,person,0.9133965373039246,123.07715606689453,98.75403594970703,244.64035034179688,347.55078125,3
Flickr30K/283999555.jpg,/content/Image_captioning_Local/Flickr30K/flickr30k_images/flickr30k_images/283999555.jpg,person,0.9077166318893433,294.0617980957031,243.12921142578125,441.194580078125,372.1438903808594,3
Flickr30K/283999555.jpg,/content/Image_captioning_Local/Flickr30K/flickr30k_images/flickr30k_images/283999555.jpg,person,0.7315269112586975,280.6922912597656,119.43888854980469,369.31341552734375,257.85260009765625,3
Flickr30K/284028406.jpg,/content/Image_captioning_Local/Flickr30K/flickr30k_images/flickr30k_images/284028406.jpg,person,0.932826042175293,389.08135986328125,99.62439727783203,499.8388366699219,328.92669677734375,5
Flickr30K/284028406.jpg,/content/Image_captioning_Local/Flickr30K/flickr30k_images/flickr30k_images/284028406.jpg,person,0.8747845888137817,0.0,0.0,474.0823669433594,328.4332275390625,5
Flickr30K/284028406.jpg,/content/Image_captioning_Local/Flickr30K/flickr30k_images/flickr30k_images/284028406.jpg,traffic light,0.7525179982185364,13.307428359985352,17.781471252441406,49.14595413208008,105.36937713623047,5
Flickr30K/284028406.jpg,/content/Image_captioning_Local/Flickr30K/flickr30k_images/flickr30k_images/284028406.jpg,traffic light,0.4940169155597687,42.619388580322266,33.68451690673828,71.88441467285156,114.17939758300781,5
Flickr30K/284028406.jpg,/content/Image_captioning_Local/Flickr30K/flickr30k_images/flickr30k_images/284028406.jpg,backpack,0.325738787651062,0.7320404052734375,124.64680480957031,171.05825805664062,329.5954284667969,5
Flickr30K/2840344516.jpg,/content/Image_captioning_Local/Flickr30K/flickr30k_images/flickr30k_images/2840344516.jpg,person,0.8273788690567017,37.71225357055664,187.49266052246094,71.04774475097656,259.4441833496094,5
Flickr30K/2840344516.jpg,/content/Image_captioning_Local/Flickr30K/flickr30k_images/flickr30k_images/2840344516.jpg,boat,0.7760158777236938,332.728515625,71.08230590820312,448.6268615722656,139.73745727539062,5
Flickr30K/2840344516.jpg,/content/Image_captioning_Local/Flickr30K/flickr30k_images/flickr30k_images/2840344516.jpg,truck,0.6560311913490295,35.91295623779297,120.34403991699219,154.9278106689453,212.01393127441406,5
Flickr30K/2840344516.jpg,/content/Image_captioning_Local/Flickr30K/flickr30k_images/flickr30k_images/2840344516.jpg,person,0.3816373944282532,378.0020751953125,88.75856018066406,391.9350280761719,120.04161071777344,5
Flickr30K/2840344516.jpg,/content/Image_captioning_Local/Flickr30K/flickr30k_images/flickr30k_images/2840344516.jpg,person,0.3016830086708069,389.0436706542969,90.00240325927734,405.1671447753906,117.00081634521484,5
Flickr30K/2840866676.jpg,/content/Image_captioning_Local/Flickr30K/flickr30k_images/flickr30k_images/2840866676.jpg,person,0.899952232837677,6.750380992889404,6.176280975341797,351.21173095703125,495.074462890625,4
Flickr30K/2840866676.jpg,/content/Image_captioning_Local/Flickr30K/flickr30k_images/flickr30k_images/2840866676.jpg,knife,0.8519467115402222,221.34031677246094,362.64959716796875,309.12823486328125,441.18951416015625,4
Flickr30K/2840866676.jpg,/content/Image_captioning_Local/Flickr30K/flickr30k_images/flickr30k_images/2840866676.jpg,person,0.5298946499824524,282.78436279296875,0.11820793151855469,357.0,189.13116455078125,4
Flickr30K/2840866676.jpg,/content/Image_captioning_Local/Flickr30K/flickr30k_images/flickr30k_images/2840866676.jpg,cake,0.32999998331069946,212.1723175048828,472.9331970214844,322.84149169921875,499.79571533203125,4
Flickr30K/284105062.jpg,/content/Image_captioning_Local/Flickr30K/flickr30k_images/flickr30k_images/284105062.jpg,horse,0.9155654907226562,84.5972900390625,235.93344116210938,203.42578125,432.6300048828125,2
Flickr30K/284105062.jpg,/content/Image_captioning_Local/Flickr30K/flickr30k_images/flickr30k_images/284105062.jpg,person,0.9038177132606506,132.63673400878906,151.42405700683594,229.52481079101562,361.03509521484375,2
Flickr30K/2841088187.jpg,/content/Image_captioning_Local/Flickr30K/flickr30k_images/flickr30k_images/2841088187.jpg,person,0.9452672600746155,182.6102752685547,69.63014221191406,336.8407287597656,329.3867492675781,1
Flickr30K/2841101582.jpg,/content/Image_captioning_Local/Flickr30K/flickr30k_images/flickr30k_images/2841101582.jpg,person,0.876987636089325,253.71075439453125,100.4703369140625,371.525146484375,330.58319091796875,13
Flickr30K/2841101582.jpg,/content/Image_captioning_Local/Flickr30K/flickr30k_images/flickr30k_images/2841101582.jpg,person,0.8743059635162354,1.471567153930664,168.66107177734375,198.31907653808594,330.9671936035156,13
Flickr30K/2841101582.jpg,/content/Image_captioning_Local/Flickr30K/flickr30k_images/flickr30k_images/2841101582.jpg,person,0.857107937335968,130.35682678222656,84.2492904663086,286.3170166015625,329.5356750488281,13
Flickr30K/2841101582.jpg,/content/Image_captioning_Local/Flickr30K/flickr30k_images/flickr30k_images/2841101582.jpg,person,0.8427896499633789,13.968443870544434,90.25711822509766,134.01507568359375,307.7826843261719,13
Flickr30K/2841101582.jpg,/content/Image_captioning_Local/Flickr30K/flickr30k_images/flickr30k_images/2841101582.jpg,person,0.7184057235717773,354.20013427734375,108.1343765258789,412.088623046875,329.933837890625,13
Flickr30K/2841101582.jpg,/content/Image_captioning_Local/Flickr30K/flickr30k_images/flickr30k_images/2841101582.jpg,person,0.535088837146759,383.4307861328125,66.03851318359375,495.8983459472656,193.24893188476562,13
Flickr30K/2841101582.jpg,/content/Image_captioning_Local/Flickr30K/flickr30k_images/flickr30k_images/2841101582.jpg,person,0.5200778841972351,409.712890625,140.31414794921875,499.6901550292969,329.9402160644531,13
Flickr30K/2841101582.jpg,/content/Image_captioning_Local/Flickr30K/flickr30k_images/flickr30k_images/2841101582.jpg,handbag,0.388740599155426,450.4112243652344,258.9856262207031,493.20562744140625,298.16705322265625,13
Flickr30K/2841101582.jpg,/content/Image_captioning_Local/Flickr30K/flickr30k_images/flickr30k_images/2841101582.jpg,person,0.34219232201576233,0.03959387540817261,66.34750366210938,16.110584259033203,178.64999389648438,13
Flickr30K/2841101582.jpg,/content/Image_captioning_Local/Flickr30K/flickr30k_images/flickr30k_images/2841101582.jpg,person,0.34193283319473267,144.10142517089844,57.34424591064453,175.0357666015625,161.28302001953125,13
Flickr30K/2841101582.jpg,/content/Image_captioning_Local/Flickr30K/flickr30k_images/flickr30k_images/2841101582.jpg,person,0.29976198077201843,60.73604965209961,60.419822692871094,91.36797332763672,148.4649658203125,13
Flickr30K/2841101582.jpg,/content/Image_captioning_Local/Flickr30K/flickr30k_images/flickr30k_images/2841101582.jpg,person,0.2794964015483856,383.884033203125,66.35710144042969,499.2005310058594,329.0074768066406,13
Flickr30K/2841101582.jpg,/content/Image_captioning_Local/Flickr30K/flickr30k_images/flickr30k_images/2841101582.jpg,person,0.26241540908813477,297.1033935546875,54.4515266418457,329.48828125,114.98209381103516,13
Flickr30K/2841196844.jpg,/content/Image_captioning_Local/Flickr30K/flickr30k_images/flickr30k_images/2841196844.jpg,person,0.9283211827278137,211.65098571777344,156.4178466796875,420.8412780761719,353.7657775878906,4
Flickr30K/2841196844.jpg,/content/Image_captioning_Local/Flickr30K/flickr30k_images/flickr30k_images/2841196844.jpg,person,0.9120635986328125,3.21882963180542,222.3105010986328,125.576416015625,354.92205810546875,4
Flickr30K/2841196844.jpg,/content/Image_captioning_Local/Flickr30K/flickr30k_images/flickr30k_images/2841196844.jpg,person,0.8949375152587891,361.2373046875,74.43987274169922,450.1455383300781,260.8630676269531,4
Flickr30K/2841196844.jpg,/content/Image_captioning_Local/Flickr30K/flickr30k_images/flickr30k_images/2841196844.jpg,person,0.8842270374298096,270.6509704589844,52.968753814697266,384.5923767089844,241.10569763183594,4
Flickr30K/2841449931.jpg,/content/Image_captioning_Local/Flickr30K/flickr30k_images/flickr30k_images/2841449931.jpg,person,0.9484868049621582,0.6099700927734375,0.8403301239013672,402.0,499.4760437011719,2
Flickr30K/2841449931.jpg,/content/Image_captioning_Local/Flickr30K/flickr30k_images/flickr30k_images/2841449931.jpg,person,0.7581371068954468,0.20068883895874023,0.4457712173461914,132.75611877441406,215.6262664794922,2
Flickr30K/2841909138.jpg,/content/Image_captioning_Local/Flickr30K/flickr30k_images/flickr30k_images/2841909138.jpg,person,0.9382619857788086,63.818382263183594,6.599617004394531,303.85540771484375,319.45452880859375,6
Flickr30K/2841909138.jpg,/content/Image_captioning_Local/Flickr30K/flickr30k_images/flickr30k_images/2841909138.jpg,person,0.8576802611351013,373.996826171875,26.79576873779297,499.5465393066406,239.09326171875,6
Flickr30K/2841909138.jpg,/content/Image_captioning_Local/Flickr30K/flickr30k_images/flickr30k_images/2841909138.jpg,cup,0.7858809232711792,34.26753234863281,76.90620422363281,57.35621643066406,114.77997589111328,6
Flickr30K/2841909138.jpg,/content/Image_captioning_Local/Flickr30K/flickr30k_images/flickr30k_images/2841909138.jpg,dining table,0.5531499981880188,0.09701848030090332,106.38227844238281,61.97904968261719,324.60546875,6
Flickr30K/2841909138.jpg,/content/Image_captioning_Local/Flickr30K/flickr30k_images/flickr30k_images/2841909138.jpg,handbag,0.5342923998832703,380.5966796875,178.71641540527344,466.6890563964844,233.80418395996094,6
Flickr30K/2841909138.jpg,/content/Image_captioning_Local/Flickr30K/flickr30k_images/flickr30k_images/2841909138.jpg,book,0.4053199887275696,143.70391845703125,68.4448013305664,201.49354553222656,109.45915985107422,6
Flickr30K/2842032768.jpg,/content/Image_captioning_Local/Flickr30K/flickr30k_images/flickr30k_images/2842032768.jpg,dog,0.9318987727165222,295.70574951171875,127.53045654296875,437.2304992675781,300.4962158203125,2
Flickr30K/2842032768.jpg,/content/Image_captioning_Local/Flickr30K/flickr30k_images/flickr30k_images/2842032768.jpg,dog,0.9165444374084473,49.48740005493164,76.10125732421875,286.454833984375,348.2739562988281,2
Flickr30K/2842122575.jpg,/content/Image_captioning_Local/Flickr30K/flickr30k_images/flickr30k_images/2842122575.jpg,person,0.8277267813682556,0.0,2.9143571853637695,128.7943878173828,303.732177734375,7
Flickr30K/2842122575.jpg,/content/Image_captioning_Local/Flickr30K/flickr30k_images/flickr30k_images/2842122575.jpg,person,0.5414304733276367,28.421497344970703,19.067169189453125,334.0,350.28594970703125,7
Flickr30K/2842122575.jpg,/content/Image_captioning_Local/Flickr30K/flickr30k_images/flickr30k_images/2842122575.jpg,bicycle,0.5010097026824951,44.6676025390625,239.6656036376953,259.9288330078125,499.3023986816406,7
Flickr30K/2842122575.jpg,/content/Image_captioning_Local/Flickr30K/flickr30k_images/flickr30k_images/2842122575.jpg,person,0.45121797919273376,29.53352928161621,19.559049606323242,334.0,495.2506103515625,7
Flickr30K/2842122575.jpg,/content/Image_captioning_Local/Flickr30K/flickr30k_images/flickr30k_images/2842122575.jpg,bicycle,0.4477510154247284,45.62104797363281,181.87661743164062,334.0,499.322265625,7
Flickr30K/2842122575.jpg,/content/Image_captioning_Local/Flickr30K/flickr30k_images/flickr30k_images/2842122575.jpg,backpack,0.4191925525665283,196.65670776367188,17.613786697387695,334.0,68.59978485107422,7
Flickr30K/2842122575.jpg,/content/Image_captioning_Local/Flickr30K/flickr30k_images/flickr30k_images/2842122575.jpg,bicycle,0.30744513869285583,235.3321533203125,180.1968994140625,334.0,497.94549560546875,7
Flickr30K/2842439618.jpg,/content/Image_captioning_Local/Flickr30K/flickr30k_images/flickr30k_images/2842439618.jpg,person,0.8993335366249084,182.10206604003906,110.67991638183594,225.6062469482422,157.26376342773438,3
Flickr30K/2842439618.jpg,/content/Image_captioning_Local/Flickr30K/flickr30k_images/flickr30k_images/2842439618.jpg,surfboard,0.6682887673377991,179.81539916992188,146.026611328125,194.89231872558594,160.9261474609375,3
Flickr30K/2842439618.jpg,/content/Image_captioning_Local/Flickr30K/flickr30k_images/flickr30k_images/2842439618.jpg,person,0.5752716064453125,375.78717041015625,222.36866760253906,409.01678466796875,238.44056701660156,3
Flickr30K/284251489.jpg,/content/Image_captioning_Local/Flickr30K/flickr30k_images/flickr30k_images/284251489.jpg,laptop,0.9279181361198425,166.9874725341797,309.8089294433594,481.1749572753906,473.13104248046875,9
Flickr30K/284251489.jpg,/content/Image_captioning_Local/Flickr30K/flickr30k_images/flickr30k_images/284251489.jpg,bottle,0.9248849749565125,21.049219131469727,388.2944030761719,69.512939453125,499.9299011230469,9
Flickr30K/284251489.jpg,/content/Image_captioning_Local/Flickr30K/flickr30k_images/flickr30k_images/284251489.jpg,person,0.9113179445266724,27.25214958190918,26.273393630981445,350.488037109375,426.3600769042969,9
Flickr30K/284251489.jpg,/content/Image_captioning_Local/Flickr30K/flickr30k_images/flickr30k_images/284251489.jpg,person,0.8450959920883179,300.9563293457031,1.021718978881836,496.0,379.3209533691406,9
Flickr30K/284251489.jpg,/content/Image_captioning_Local/Flickr30K/flickr30k_images/flickr30k_images/284251489.jpg,person,0.8436694741249084,0.0,0.2022087574005127,148.39242553710938,80.189208984375,9
Flickr30K/284251489.jpg,/content/Image_captioning_Local/Flickr30K/flickr30k_images/flickr30k_images/284251489.jpg,person,0.5286070704460144,139.2826385498047,0.16630291938781738,215.08522033691406,72.98400115966797,9
Flickr30K/284251489.jpg,/content/Image_captioning_Local/Flickr30K/flickr30k_images/flickr30k_images/284251489.jpg,cell phone,0.3348827660083771,87.10962677001953,458.0881042480469,111.26872253417969,475.3286437988281,9
Flickr30K/284251489.jpg,/content/Image_captioning_Local/Flickr30K/flickr30k_images/flickr30k_images/284251489.jpg,chair,0.3104979395866394,0.0,307.5633544921875,48.68205642700195,431.1023254394531,9
Flickr30K/284251489.jpg,/content/Image_captioning_Local/Flickr30K/flickr30k_images/flickr30k_images/284251489.jpg,bottle,0.2576807737350464,2.8412013053894043,159.88804626464844,33.07415771484375,237.02735900878906,9
Flickr30K/2842609837.jpg,/content/Image_captioning_Local/Flickr30K/flickr30k_images/flickr30k_images/2842609837.jpg,person,0.9322056174278259,334.2759704589844,57.25140380859375,499.56488037109375,330.4403381347656,14
Flickr30K/2842609837.jpg,/content/Image_captioning_Local/Flickr30K/flickr30k_images/flickr30k_images/2842609837.jpg,person,0.9319486618041992,0.3501415252685547,38.536930084228516,148.5088653564453,329.9576416015625,14
Flickr30K/2842609837.jpg,/content/Image_captioning_Local/Flickr30K/flickr30k_images/flickr30k_images/2842609837.jpg,cup,0.8944140076637268,328.9715881347656,290.301025390625,385.3865661621094,332.346435546875,14
Flickr30K/2842609837.jpg,/content/Image_captioning_Local/Flickr30K/flickr30k_images/flickr30k_images/2842609837.jpg,person,0.8815830945968628,117.86532592773438,13.708162307739258,272.80419921875,328.4900207519531,14
Flickr30K/2842609837.jpg,/content/Image_captioning_Local/Flickr30K/flickr30k_images/flickr30k_images/2842609837.jpg,cup,0.8748799562454224,201.1921844482422,209.03176879882812,246.83084106445312,278.2628173828125,14
Flickr30K/2842609837.jpg,/content/Image_captioning_Local/Flickr30K/flickr30k_images/flickr30k_images/2842609837.jpg,person,0.7999711036682129,427.0016174316406,28.270423889160156,499.8671875,241.5208740234375,14
Flickr30K/2842609837.jpg,/content/Image_captioning_Local/Flickr30K/flickr30k_images/flickr30k_images/2842609837.jpg,person,0.6391370892524719,242.89373779296875,57.41661834716797,384.8194580078125,330.35211181640625,14
Flickr30K/2842609837.jpg,/content/Image_captioning_Local/Flickr30K/flickr30k_images/flickr30k_images/2842609837.jpg,person,0.5405937433242798,0.052487850189208984,0.7237434387207031,76.70806884765625,212.95521545410156,14
Flickr30K/2842609837.jpg,/content/Image_captioning_Local/Flickr30K/flickr30k_images/flickr30k_images/2842609837.jpg,person,0.5049062371253967,178.50660705566406,57.900726318359375,384.7891845703125,330.7104187011719,14
Flickr30K/2842609837.jpg,/content/Image_captioning_Local/Flickr30K/flickr30k_images/flickr30k_images/2842609837.jpg,person,0.49206915497779846,142.87432861328125,53.068206787109375,176.52854919433594,124.36089324951172,14
Flickr30K/2842609837.jpg,/content/Image_captioning_Local/Flickr30K/flickr30k_images/flickr30k_images/2842609837.jpg,person,0.34405142068862915,302.6622314453125,23.511146545410156,344.205810546875,73.60884857177734,14
Flickr30K/2842609837.jpg,/content/Image_captioning_Local/Flickr30K/flickr30k_images/flickr30k_images/2842609837.jpg,person,0.332862913608551,483.8809509277344,30.70068359375,499.82171630859375,81.33201599121094,14
Flickr30K/2842609837.jpg,/content/Image_captioning_Local/Flickr30K/flickr30k_images/flickr30k_images/2842609837.jpg,person,0.27821025252342224,302.4568176269531,23.531925201416016,358.1498718261719,98.57913208007812,14
Flickr30K/2842609837.jpg,/content/Image_captioning_Local/Flickr30K/flickr30k_images/flickr30k_images/2842609837.jpg,person,0.27627310156822205,255.3424072265625,35.13803482055664,288.2535095214844,73.03814697265625,14
Flickr30K/284279868.jpg,/content/Image_captioning_Local/Flickr30K/flickr30k_images/flickr30k_images/284279868.jpg,dog,0.863979697227478,229.7149658203125,37.69007873535156,487.87725830078125,201.62039184570312,2
Flickr30K/284279868.jpg,/content/Image_captioning_Local/Flickr30K/flickr30k_images/flickr30k_images/284279868.jpg,dog,0.47503000497817993,13.460206985473633,80.07992553710938,225.8314208984375,202.33163452148438,2
Flickr30K/2842849030.jpg,/content/Image_captioning_Local/Flickr30K/flickr30k_images/flickr30k_images/2842849030.jpg,person,0.7694787383079529,125.49807739257812,2.682161331176758,355.0281677246094,329.5733947753906,1
Flickr30K/2842865689.jpg,/content/Image_captioning_Local/Flickr30K/flickr30k_images/flickr30k_images/2842865689.jpg,person,0.8739238381385803,150.17637634277344,70.83515930175781,238.84751892089844,267.5064697265625,6
Flickr30K/2842865689.jpg,/content/Image_captioning_Local/Flickr30K/flickr30k_images/flickr30k_images/2842865689.jpg,person,0.8257619142532349,334.3009033203125,81.2835922241211,416.522705078125,261.47564697265625,6
Flickr30K/2842865689.jpg,/content/Image_captioning_Local/Flickr30K/flickr30k_images/flickr30k_images/2842865689.jpg,bench,0.6082930564880371,0.0,86.65448760986328,161.6627655029297,270.64007568359375,6
Flickr30K/2842865689.jpg,/content/Image_captioning_Local/Flickr30K/flickr30k_images/flickr30k_images/2842865689.jpg,bench,0.4856497049331665,56.03900146484375,255.7303924560547,462.8942565917969,332.24688720703125,6
Flickr30K/2842865689.jpg,/content/Image_captioning_Local/Flickr30K/flickr30k_images/flickr30k_images/2842865689.jpg,bench,0.38241416215896606,380.2709655761719,105.47991943359375,499.70074462890625,227.01101684570312,6
Flickr30K/2842865689.jpg,/content/Image_captioning_Local/Flickr30K/flickr30k_images/flickr30k_images/2842865689.jpg,bench,0.27441486716270447,50.974609375,161.3569793701172,465.18798828125,331.1234130859375,6
Flickr30K/284312563.jpg,/content/Image_captioning_Local/Flickr30K/flickr30k_images/flickr30k_images/284312563.jpg,person,0.9367827773094177,350.98248291015625,91.93305969238281,499.6922607421875,395.628173828125,7
Flickr30K/284312563.jpg,/content/Image_captioning_Local/Flickr30K/flickr30k_images/flickr30k_images/284312563.jpg,person,0.9356051683425903,0.05092620849609375,99.51481628417969,210.79583740234375,361.923828125,7
Flickr30K/284312563.jpg,/content/Image_captioning_Local/Flickr30K/flickr30k_images/flickr30k_images/284312563.jpg,bottle,0.8165108561515808,0.16392767429351807,303.45147705078125,46.09624481201172,399.55841064453125,7
Flickr30K/284312563.jpg,/content/Image_captioning_Local/Flickr30K/flickr30k_images/flickr30k_images/284312563.jpg,chair,0.7939731478691101,226.30677795410156,240.4375762939453,333.2364501953125,347.66021728515625,7
Flickr30K/284312563.jpg,/content/Image_captioning_Local/Flickr30K/flickr30k_images/flickr30k_images/284312563.jpg,dining table,0.5026302337646484,10.701656341552734,338.447998046875,433.2119140625,398.55035400390625,7
Flickr30K/284312563.jpg,/content/Image_captioning_Local/Flickr30K/flickr30k_images/flickr30k_images/284312563.jpg,dining table,0.4954107999801636,302.7148742675781,257.2543029785156,374.17718505859375,362.774169921875,7
Flickr30K/284312563.jpg,/content/Image_captioning_Local/Flickr30K/flickr30k_images/flickr30k_images/284312563.jpg,dining table,0.280992329120636,204.6644744873047,218.77207946777344,297.42388916015625,338.69635009765625,7
Flickr30K/2843198818.jpg,/content/Image_captioning_Local/Flickr30K/flickr30k_images/flickr30k_images/2843198818.jpg,person,0.9262928366661072,154.19363403320312,52.715789794921875,237.75477600097656,254.27674865722656,3
Flickr30K/2843198818.jpg,/content/Image_captioning_Local/Flickr30K/flickr30k_images/flickr30k_images/2843198818.jpg,tennis racket,0.8664441108703613,99.50849151611328,73.39559936523438,169.9080047607422,92.2509765625,3
Flickr30K/2843198818.jpg,/content/Image_captioning_Local/Flickr30K/flickr30k_images/flickr30k_images/2843198818.jpg,sports ball,0.7518813014030457,328.60211181640625,0.07266998291015625,335.8243103027344,6.984734535217285,3
Flickr30K/2843524276.jpg,/content/Image_captioning_Local/Flickr30K/flickr30k_images/flickr30k_images/2843524276.jpg,person,0.888110876083374,168.33087158203125,40.92576599121094,349.1333923339844,224.26931762695312,9
Flickr30K/2843524276.jpg,/content/Image_captioning_Local/Flickr30K/flickr30k_images/flickr30k_images/2843524276.jpg,person,0.8577265739440918,357.53912353515625,0.807344913482666,499.5843505859375,261.9451904296875,9
Flickr30K/2843524276.jpg,/content/Image_captioning_Local/Flickr30K/flickr30k_images/flickr30k_images/2843524276.jpg,person,0.8275482058525085,231.69818115234375,40.516876220703125,378.2498779296875,191.23776245117188,9
Flickr30K/2843524276.jpg,/content/Image_captioning_Local/Flickr30K/flickr30k_images/flickr30k_images/2843524276.jpg,person,0.7289064526557922,246.16647338867188,0.0,279.07110595703125,33.35237503051758,9
Flickr30K/2843524276.jpg,/content/Image_captioning_Local/Flickr30K/flickr30k_images/flickr30k_images/2843524276.jpg,person,0.6289089918136597,261.8533630371094,23.654890060424805,344.6918029785156,154.4508056640625,9
Flickr30K/2843524276.jpg,/content/Image_captioning_Local/Flickr30K/flickr30k_images/flickr30k_images/2843524276.jpg,person,0.5733774900436401,99.19488525390625,54.5283203125,287.9414367675781,256.46771240234375,9
Flickr30K/2843524276.jpg,/content/Image_captioning_Local/Flickr30K/flickr30k_images/flickr30k_images/2843524276.jpg,person,0.3450527787208557,99.27731323242188,54.927574157714844,220.55039978027344,244.8935089111328,9
Flickr30K/2843524276.jpg,/content/Image_captioning_Local/Flickr30K/flickr30k_images/flickr30k_images/2843524276.jpg,person,0.3219529986381531,347.1331481933594,9.345459938049316,377.6175537109375,102.83245849609375,9
Flickr30K/2843524276.jpg,/content/Image_captioning_Local/Flickr30K/flickr30k_images/flickr30k_images/2843524276.jpg,clock,0.2885362207889557,395.0152893066406,35.93537902832031,411.5767822265625,54.12232971191406,9
Flickr30K/2843553836.jpg,/content/Image_captioning_Local/Flickr30K/flickr30k_images/flickr30k_images/2843553836.jpg,person,0.9358528852462769,94.73446655273438,344.5705261230469,160.17779541015625,468.0789794921875,7
Flickr30K/2843553836.jpg,/content/Image_captioning_Local/Flickr30K/flickr30k_images/flickr30k_images/2843553836.jpg,person,0.9173704385757446,167.3411865234375,335.99346923828125,226.12843322753906,468.739990234375,7
Flickr30K/2843553836.jpg,/content/Image_captioning_Local/Flickr30K/flickr30k_images/flickr30k_images/2843553836.jpg,bus,0.7343764901161194,0.0,93.98805236816406,333.0,418.09539794921875,7
Flickr30K/2843553836.jpg,/content/Image_captioning_Local/Flickr30K/flickr30k_images/flickr30k_images/2843553836.jpg,cup,0.6984052062034607,191.98570251464844,380.8667297363281,201.88966369628906,392.79888916015625,7
Flickr30K/2843553836.jpg,/content/Image_captioning_Local/Flickr30K/flickr30k_images/flickr30k_images/2843553836.jpg,bus,0.3526237905025482,0.0,97.79020690917969,98.04122161865234,421.552978515625,7
Flickr30K/2843553836.jpg,/content/Image_captioning_Local/Flickr30K/flickr30k_images/flickr30k_images/2843553836.jpg,person,0.2811499536037445,266.81707763671875,276.704345703125,296.4587097167969,325.978759765625,7
Flickr30K/2843553836.jpg,/content/Image_captioning_Local/Flickr30K/flickr30k_images/flickr30k_images/2843553836.jpg,backpack,0.2564317286014557,176.72267150878906,416.8344421386719,217.28224182128906,467.9924011230469,7
Flickr30K/2843629756.jpg,/content/Image_captioning_Local/Flickr30K/flickr30k_images/flickr30k_images/2843629756.jpg,person,0.9505194425582886,198.9821319580078,73.25154876708984,372.0301513671875,371.8583984375,7
Flickr30K/2843629756.jpg,/content/Image_captioning_Local/Flickr30K/flickr30k_images/flickr30k_images/2843629756.jpg,person,0.9127321243286133,0.06566643714904785,162.36500549316406,58.0479621887207,356.3202819824219,7
Flickr30K/2843629756.jpg,/content/Image_captioning_Local/Flickr30K/flickr30k_images/flickr30k_images/2843629756.jpg,person,0.7408134341239929,13.846395492553711,156.28909301757812,43.99821853637695,197.63475036621094,7
Flickr30K/2843629756.jpg,/content/Image_captioning_Local/Flickr30K/flickr30k_images/flickr30k_images/2843629756.jpg,person,0.6716802716255188,30.88427734375,188.87615966796875,61.22412109375,236.42434692382812,7
Flickr30K/2843629756.jpg,/content/Image_captioning_Local/Flickr30K/flickr30k_images/flickr30k_images/2843629756.jpg,person,0.6342540383338928,51.013458251953125,196.11416625976562,79.1988525390625,255.83563232421875,7
Flickr30K/2843629756.jpg,/content/Image_captioning_Local/Flickr30K/flickr30k_images/flickr30k_images/2843629756.jpg,potted plant,0.5818575024604797,74.58529663085938,197.4801025390625,132.61122131347656,279.630859375,7
Flickr30K/2843629756.jpg,/content/Image_captioning_Local/Flickr30K/flickr30k_images/flickr30k_images/2843629756.jpg,chair,0.37552928924560547,268.6719055175781,256.8136291503906,340.3332824707031,373.7032470703125,7
Flickr30K/2843695880.jpg,/content/Image_captioning_Local/Flickr30K/flickr30k_images/flickr30k_images/2843695880.jpg,person,0.8799488544464111,265.2823486328125,111.72137451171875,295.9634704589844,159.74249267578125,2
Flickr30K/2843695880.jpg,/content/Image_captioning_Local/Flickr30K/flickr30k_images/flickr30k_images/2843695880.jpg,person,0.8557879328727722,236.6013946533203,117.91374969482422,264.4846496582031,160.0384521484375,2
Flickr30K/2844018783.jpg,/content/Image_captioning_Local/Flickr30K/flickr30k_images/flickr30k_images/2844018783.jpg,person,0.9426034688949585,84.63258361816406,101.92090606689453,266.12957763671875,316.59326171875,4
Flickr30K/2844018783.jpg,/content/Image_captioning_Local/Flickr30K/flickr30k_images/flickr30k_images/2844018783.jpg,person,0.916511595249176,232.0700225830078,126.14488220214844,333.039794921875,290.7499694824219,4
Flickr30K/2844018783.jpg,/content/Image_captioning_Local/Flickr30K/flickr30k_images/flickr30k_images/2844018783.jpg,person,0.9043489694595337,283.7141418457031,53.78343963623047,405.1593322753906,246.51950073242188,4
Flickr30K/2844018783.jpg,/content/Image_captioning_Local/Flickr30K/flickr30k_images/flickr30k_images/2844018783.jpg,chair,0.27034813165664673,39.317176818847656,107.47110748291016,112.35835266113281,186.08242797851562,4
Flickr30K/2844126957.jpg,/content/Image_captioning_Local/Flickr30K/flickr30k_images/flickr30k_images/2844126957.jpg,person,0.9242256283760071,84.45156860351562,95.695068359375,247.11265563964844,372.8735046386719,1
Flickr30K/2844202978.jpg,/content/Image_captioning_Local/Flickr30K/flickr30k_images/flickr30k_images/2844202978.jpg,person,0.8666619062423706,19.040578842163086,19.925498962402344,204.96029663085938,277.91046142578125,15
Flickr30K/2844202978.jpg,/content/Image_captioning_Local/Flickr30K/flickr30k_images/flickr30k_images/2844202978.jpg,bowl,0.7759112119674683,250.20693969726562,28.348804473876953,327.7247314453125,79.97474670410156,15
Flickr30K/2844202978.jpg,/content/Image_captioning_Local/Flickr30K/flickr30k_images/flickr30k_images/2844202978.jpg,bowl,0.7316628098487854,380.2685852050781,130.1652374267578,499.5541687011719,224.74160766601562,15
Flickr30K/2844202978.jpg,/content/Image_captioning_Local/Flickr30K/flickr30k_images/flickr30k_images/2844202978.jpg,cup,0.7148619890213013,165.1082305908203,56.84823989868164,193.476318359375,94.37687683105469,15
Flickr30K/2844202978.jpg,/content/Image_captioning_Local/Flickr30K/flickr30k_images/flickr30k_images/2844202978.jpg,bowl,0.6884117126464844,195.16427612304688,145.56036376953125,289.1320495605469,221.8558349609375,15
Flickr30K/2844202978.jpg,/content/Image_captioning_Local/Flickr30K/flickr30k_images/flickr30k_images/2844202978.jpg,bowl,0.6715096831321716,279.09716796875,14.308857917785645,345.17327880859375,50.264644622802734,15
Flickr30K/2844202978.jpg,/content/Image_captioning_Local/Flickr30K/flickr30k_images/flickr30k_images/2844202978.jpg,bowl,0.5951164364814758,93.5312728881836,259.80133056640625,244.12701416015625,339.2001037597656,15
Flickr30K/2844202978.jpg,/content/Image_captioning_Local/Flickr30K/flickr30k_images/flickr30k_images/2844202978.jpg,cup,0.562513530254364,148.11900329589844,81.80203247070312,184.09259033203125,128.7672576904297,15
Flickr30K/2844202978.jpg,/content/Image_captioning_Local/Flickr30K/flickr30k_images/flickr30k_images/2844202978.jpg,bowl,0.5111292004585266,227.63214111328125,211.08856201171875,289.53057861328125,271.1435241699219,15
Flickr30K/2844202978.jpg,/content/Image_captioning_Local/Flickr30K/flickr30k_images/flickr30k_images/2844202978.jpg,dining table,0.408899188041687,5.34968376159668,0.0,495.7472229003906,336.12603759765625,15
Flickr30K/2844202978.jpg,/content/Image_captioning_Local/Flickr30K/flickr30k_images/flickr30k_images/2844202978.jpg,bowl,0.3914959132671356,308.9271545410156,0.0,397.8394470214844,32.44142532348633,15
Flickr30K/2844202978.jpg,/content/Image_captioning_Local/Flickr30K/flickr30k_images/flickr30k_images/2844202978.jpg,bowl,0.33259421586990356,277.2845153808594,180.60260009765625,425.6359558105469,312.1758117675781,15
Flickr30K/2844202978.jpg,/content/Image_captioning_Local/Flickr30K/flickr30k_images/flickr30k_images/2844202978.jpg,cup,0.324917197227478,143.5732421875,65.30618286132812,184.30838012695312,128.8235626220703,15
Flickr30K/2844202978.jpg,/content/Image_captioning_Local/Flickr30K/flickr30k_images/flickr30k_images/2844202978.jpg,bowl,0.31752854585647583,163.65130615234375,4.389476776123047,214.06068420410156,34.666778564453125,15
Flickr30K/2844202978.jpg,/content/Image_captioning_Local/Flickr30K/flickr30k_images/flickr30k_images/2844202978.jpg,bowl,0.2946793735027313,220.1690673828125,312.0624084472656,357.6098327636719,340.836181640625,15
Flickr30K/284441196.jpg,/content/Image_captioning_Local/Flickr30K/flickr30k_images/flickr30k_images/284441196.jpg,dog,0.9609048366546631,232.5125732421875,1.0091662406921387,416.0921630859375,277.9879455566406,1
Flickr30K/2844588501.jpg,/content/Image_captioning_Local/Flickr30K/flickr30k_images/flickr30k_images/2844588501.jpg,person,0.9324547052383423,23.822402954101562,2.133798599243164,369.80596923828125,498.8380432128906,4
Flickr30K/2844588501.jpg,/content/Image_captioning_Local/Flickr30K/flickr30k_images/flickr30k_images/2844588501.jpg,person,0.510441243648529,0.15184879302978516,242.91839599609375,55.10757064819336,304.2590637207031,4
Flickr30K/2844588501.jpg,/content/Image_captioning_Local/Flickr30K/flickr30k_images/flickr30k_images/2844588501.jpg,bench,0.4530777633190155,0.7280826568603516,324.12493896484375,362.3895263671875,498.9088134765625,4
Flickr30K/2844588501.jpg,/content/Image_captioning_Local/Flickr30K/flickr30k_images/flickr30k_images/2844588501.jpg,car,0.310518354177475,314.28521728515625,128.71697998046875,333.7297058105469,138.837158203125,4
Flickr30K/2844641033.jpg,/content/Image_captioning_Local/Flickr30K/flickr30k_images/flickr30k_images/2844641033.jpg,person,0.9242854714393616,28.722095489501953,17.41204261779785,330.0,496.3478088378906,1
Flickr30K/2844654521.jpg,/content/Image_captioning_Local/Flickr30K/flickr30k_images/flickr30k_images/2844654521.jpg,person,0.9115161895751953,79.39877319335938,62.706520080566406,229.54840087890625,449.7592468261719,5
Flickr30K/2844654521.jpg,/content/Image_captioning_Local/Flickr30K/flickr30k_images/flickr30k_images/2844654521.jpg,bicycle,0.6890562176704407,231.516357421875,128.452880859375,269.98919677734375,193.18280029296875,5
Flickr30K/2844654521.jpg,/content/Image_captioning_Local/Flickr30K/flickr30k_images/flickr30k_images/2844654521.jpg,handbag,0.6143777370452881,61.53352355957031,260.5450744628906,109.29739379882812,349.1106872558594,5
Flickr30K/2844654521.jpg,/content/Image_captioning_Local/Flickr30K/flickr30k_images/flickr30k_images/2844654521.jpg,person,0.5884386301040649,266.6840515136719,63.08941650390625,416.62530517578125,324.3200378417969,5
Flickr30K/2844654521.jpg,/content/Image_captioning_Local/Flickr30K/flickr30k_images/flickr30k_images/2844654521.jpg,handbag,0.38756877183914185,179.19921875,179.81919860839844,254.0965118408203,302.5334777832031,5
Flickr30K/2844747252.jpg,/content/Image_captioning_Local/Flickr30K/flickr30k_images/flickr30k_images/2844747252.jpg,dog,0.6805764436721802,29.589345932006836,100.39649200439453,96.14360046386719,138.51942443847656,3
Flickr30K/2844747252.jpg,/content/Image_captioning_Local/Flickr30K/flickr30k_images/flickr30k_images/2844747252.jpg,dog,0.5839371085166931,330.3849182128906,75.07107543945312,408.6987609863281,136.2316436767578,3
Flickr30K/2844747252.jpg,/content/Image_captioning_Local/Flickr30K/flickr30k_images/flickr30k_images/2844747252.jpg,cow,0.538476288318634,196.29425048828125,64.13700866699219,374.4540710449219,131.30572509765625,3
Flickr30K/284480980.jpg,/content/Image_captioning_Local/Flickr30K/flickr30k_images/flickr30k_images/284480980.jpg,person,0.923083484172821,68.24345397949219,0.5034446716308594,363.0279541015625,420.2578430175781,3
Flickr30K/284480980.jpg,/content/Image_captioning_Local/Flickr30K/flickr30k_images/flickr30k_images/284480980.jpg,cake,0.5906583666801453,1.2140274047851562,295.4404296875,224.68385314941406,499.02960205078125,3
Flickr30K/284480980.jpg,/content/Image_captioning_Local/Flickr30K/flickr30k_images/flickr30k_images/284480980.jpg,bowl,0.4125872254371643,292.18511962890625,453.7855224609375,375.0,499.78619384765625,3
Flickr30K/2844846111.jpg,/content/Image_captioning_Local/Flickr30K/flickr30k_images/flickr30k_images/2844846111.jpg,person,0.9390220642089844,164.6171112060547,65.75997161865234,261.4261169433594,253.66099548339844,10
Flickr30K/2844846111.jpg,/content/Image_captioning_Local/Flickr30K/flickr30k_images/flickr30k_images/2844846111.jpg,person,0.8862679600715637,314.36224365234375,222.49746704101562,366.876220703125,331.89434814453125,10
Flickr30K/2844846111.jpg,/content/Image_captioning_Local/Flickr30K/flickr30k_images/flickr30k_images/2844846111.jpg,person,0.7891165018081665,259.4757080078125,241.3887939453125,281.2291259765625,300.840087890625,10
Flickr30K/2844846111.jpg,/content/Image_captioning_Local/Flickr30K/flickr30k_images/flickr30k_images/2844846111.jpg,person,0.7178447246551514,356.6510925292969,246.87867736816406,376.1172180175781,295.11102294921875,10
Flickr30K/2844846111.jpg,/content/Image_captioning_Local/Flickr30K/flickr30k_images/flickr30k_images/2844846111.jpg,person,0.7168580293655396,295.6942138671875,256.53802490234375,311.6693115234375,285.2563781738281,10
Flickr30K/2844846111.jpg,/content/Image_captioning_Local/Flickr30K/flickr30k_images/flickr30k_images/2844846111.jpg,person,0.6959708333015442,388.1005859375,230.93423461914062,418.389892578125,304.3641662597656,10
Flickr30K/2844846111.jpg,/content/Image_captioning_Local/Flickr30K/flickr30k_images/flickr30k_images/2844846111.jpg,person,0.575927197933197,291.3111267089844,273.869140625,312.3935241699219,318.7272033691406,10
Flickr30K/2844846111.jpg,/content/Image_captioning_Local/Flickr30K/flickr30k_images/flickr30k_images/2844846111.jpg,person,0.5246265530586243,267.5817565917969,280.172119140625,291.4826354980469,321.7793884277344,10
Flickr30K/2844846111.jpg,/content/Image_captioning_Local/Flickr30K/flickr30k_images/flickr30k_images/2844846111.jpg,person,0.519006609916687,388.5800476074219,231.3859405517578,406.5010986328125,290.8437194824219,10
Flickr30K/2844846111.jpg,/content/Image_captioning_Local/Flickr30K/flickr30k_images/flickr30k_images/2844846111.jpg,person,0.4529149532318115,462.086669921875,157.34286499023438,499.754150390625,216.11904907226562,10
Flickr30K/2844963839.jpg,/content/Image_captioning_Local/Flickr30K/flickr30k_images/flickr30k_images/2844963839.jpg,person,0.7401261329650879,135.89866638183594,6.989014148712158,415.8355712890625,394.8787841796875,2
Flickr30K/2844963839.jpg,/content/Image_captioning_Local/Flickr30K/flickr30k_images/flickr30k_images/2844963839.jpg,person,0.7320815920829773,23.713254928588867,65.53984069824219,244.98658752441406,396.09686279296875,2
Flickr30K/2845006899.jpg,/content/Image_captioning_Local/Flickr30K/flickr30k_images/flickr30k_images/2845006899.jpg,person,0.9109019637107849,49.032447814941406,226.8756866455078,304.1258850097656,499.82958984375,1
Flickr30K/2845078659.jpg,/content/Image_captioning_Local/Flickr30K/flickr30k_images/flickr30k_images/2845078659.jpg,person,0.8603869080543518,293.890869140625,91.04485321044922,343.1548156738281,215.14849853515625,16
Flickr30K/2845078659.jpg,/content/Image_captioning_Local/Flickr30K/flickr30k_images/flickr30k_images/2845078659.jpg,person,0.855852484703064,230.6498260498047,144.62628173828125,279.3421630859375,287.0809631347656,16
Flickr30K/2845078659.jpg,/content/Image_captioning_Local/Flickr30K/flickr30k_images/flickr30k_images/2845078659.jpg,person,0.8224436640739441,185.09512329101562,89.33887481689453,233.9740753173828,223.19764709472656,16
Flickr30K/2845078659.jpg,/content/Image_captioning_Local/Flickr30K/flickr30k_images/flickr30k_images/2845078659.jpg,person,0.8191915154457092,91.2521743774414,93.53933715820312,133.6195526123047,229.99330139160156,16
Flickr30K/2845078659.jpg,/content/Image_captioning_Local/Flickr30K/flickr30k_images/flickr30k_images/2845078659.jpg,person,0.8104848861694336,11.0193510055542,104.78372192382812,50.338829040527344,236.40493774414062,16
Flickr30K/2845078659.jpg,/content/Image_captioning_Local/Flickr30K/flickr30k_images/flickr30k_images/2845078659.jpg,person,0.8056973814964294,152.6707763671875,99.603759765625,191.42593383789062,225.8780517578125,16
Flickr30K/2845078659.jpg,/content/Image_captioning_Local/Flickr30K/flickr30k_images/flickr30k_images/2845078659.jpg,person,0.7987823486328125,47.931922912597656,121.7987289428711,88.69056701660156,235.16184997558594,16
Flickr30K/2845078659.jpg,/content/Image_captioning_Local/Flickr30K/flickr30k_images/flickr30k_images/2845078659.jpg,person,0.7180840373039246,0.04934072494506836,254.11305236816406,37.095218658447266,331.7144775390625,16
Flickr30K/2845078659.jpg,/content/Image_captioning_Local/Flickr30K/flickr30k_images/flickr30k_images/2845078659.jpg,person,0.693359375,31.664979934692383,53.11753845214844,76.21864318847656,143.89236450195312,16
Flickr30K/2845078659.jpg,/content/Image_captioning_Local/Flickr30K/flickr30k_images/flickr30k_images/2845078659.jpg,person,0.6661307215690613,0.046643614768981934,118.29347229003906,17.03544807434082,235.7146759033203,16
Flickr30K/2845078659.jpg,/content/Image_captioning_Local/Flickr30K/flickr30k_images/flickr30k_images/2845078659.jpg,person,0.5599885582923889,127.22525787353516,76.35888671875,166.13125610351562,135.6860809326172,16
Flickr30K/2845078659.jpg,/content/Image_captioning_Local/Flickr30K/flickr30k_images/flickr30k_images/2845078659.jpg,bench,0.5302735567092896,340.4298400878906,102.7335205078125,396.227783203125,129.88404846191406,16
Flickr30K/2845078659.jpg,/content/Image_captioning_Local/Flickr30K/flickr30k_images/flickr30k_images/2845078659.jpg,person,0.522752046585083,199.9610595703125,23.561931610107422,239.86477661132812,122.90489959716797,16
Flickr30K/2845078659.jpg,/content/Image_captioning_Local/Flickr30K/flickr30k_images/flickr30k_images/2845078659.jpg,person,0.42814722657203674,234.89927673339844,92.6656494140625,270.9530334472656,168.29830932617188,16
Flickr30K/2845078659.jpg,/content/Image_captioning_Local/Flickr30K/flickr30k_images/flickr30k_images/2845078659.jpg,person,0.4174238443374634,233.2823486328125,92.63973236083984,270.9278259277344,206.02178955078125,16
Flickr30K/2845078659.jpg,/content/Image_captioning_Local/Flickr30K/flickr30k_images/flickr30k_images/2845078659.jpg,person,0.34826385974884033,83.65774536132812,71.57778930664062,122.09725189208984,136.70034790039062,16
Flickr30K/2845080955.jpg,/content/Image_captioning_Local/Flickr30K/flickr30k_images/flickr30k_images/2845080955.jpg,person,0.6377982497215271,65.51761627197266,0.0,157.09210205078125,112.41260528564453,6
Flickr30K/2845080955.jpg,/content/Image_captioning_Local/Flickr30K/flickr30k_images/flickr30k_images/2845080955.jpg,person,0.6010844111442566,0.498121976852417,258.03662109375,89.14788055419922,417.95941162109375,6
Flickr30K/2845080955.jpg,/content/Image_captioning_Local/Flickr30K/flickr30k_images/flickr30k_images/2845080955.jpg,umbrella,0.5990186333656311,275.41156005859375,124.50745391845703,333.0,252.07070922851562,6
Flickr30K/2845080955.jpg,/content/Image_captioning_Local/Flickr30K/flickr30k_images/flickr30k_images/2845080955.jpg,person,0.5455651879310608,55.307769775390625,50.739715576171875,305.9938049316406,461.2607421875,6
Flickr30K/2845080955.jpg,/content/Image_captioning_Local/Flickr30K/flickr30k_images/flickr30k_images/2845080955.jpg,umbrella,0.4745367467403412,0.0,95.34009552001953,78.23458862304688,180.0634307861328,6
Flickr30K/2845080955.jpg,/content/Image_captioning_Local/Flickr30K/flickr30k_images/flickr30k_images/2845080955.jpg,person,0.45508697628974915,237.40403747558594,85.9408187866211,286.9051818847656,200.85528564453125,6
Flickr30K/2845082521.jpg,/content/Image_captioning_Local/Flickr30K/flickr30k_images/flickr30k_images/2845082521.jpg,umbrella,0.6686903238296509,13.007074356079102,257.915771484375,79.1039047241211,307.4633483886719,12
Flickr30K/2845082521.jpg,/content/Image_captioning_Local/Flickr30K/flickr30k_images/flickr30k_images/2845082521.jpg,person,0.5254563689231873,215.20143127441406,154.22659301757812,249.80807495117188,207.53250122070312,12
Flickr30K/2845082521.jpg,/content/Image_captioning_Local/Flickr30K/flickr30k_images/flickr30k_images/2845082521.jpg,person,0.5008649826049805,346.64105224609375,157.19329833984375,374.04766845703125,221.1338348388672,12
Flickr30K/2845082521.jpg,/content/Image_captioning_Local/Flickr30K/flickr30k_images/flickr30k_images/2845082521.jpg,bench,0.3068486750125885,83.3779067993164,230.3355255126953,140.0198974609375,258.8539123535156,12
Flickr30K/2845082521.jpg,/content/Image_captioning_Local/Flickr30K/flickr30k_images/flickr30k_images/2845082521.jpg,person,0.3000619113445282,368.72125244140625,254.30450439453125,392.4726867675781,318.1573791503906,12
Flickr30K/2845082521.jpg,/content/Image_captioning_Local/Flickr30K/flickr30k_images/flickr30k_images/2845082521.jpg,person,0.29945099353790283,311.6488342285156,213.95907592773438,331.6785888671875,284.5757141113281,12
Flickr30K/2845082521.jpg,/content/Image_captioning_Local/Flickr30K/flickr30k_images/flickr30k_images/2845082521.jpg,person,0.2930434048175812,115.53752136230469,127.50251007080078,133.61099243164062,182.5992889404297,12
Flickr30K/2845082521.jpg,/content/Image_captioning_Local/Flickr30K/flickr30k_images/flickr30k_images/2845082521.jpg,person,0.287700891494751,315.3627014160156,166.5438232421875,339.7879333496094,225.43283081054688,12
Flickr30K/2845082521.jpg,/content/Image_captioning_Local/Flickr30K/flickr30k_images/flickr30k_images/2845082521.jpg,person,0.2816494107246399,421.5817565917969,277.2481384277344,441.5994567871094,332.00201416015625,12
Flickr30K/2845082521.jpg,/content/Image_captioning_Local/Flickr30K/flickr30k_images/flickr30k_images/2845082521.jpg,person,0.254468709230423,196.8271484375,114.37240600585938,222.23464965820312,148.9083709716797,12
Flickr30K/2845082521.jpg,/content/Image_captioning_Local/Flickr30K/flickr30k_images/flickr30k_images/2845082521.jpg,person,0.2543291449546814,387.7392272949219,160.90045166015625,407.35736083984375,224.27830505371094,12
Flickr30K/2845082521.jpg,/content/Image_captioning_Local/Flickr30K/flickr30k_images/flickr30k_images/2845082521.jpg,umbrella,0.25287768244743347,0.026428699493408203,280.37103271484375,51.6362419128418,331.2323913574219,12
Flickr30K/2845084079.jpg,/content/Image_captioning_Local/Flickr30K/flickr30k_images/flickr30k_images/2845084079.jpg,person,0.9263896346092224,0.11790990829467773,6.491518020629883,104.77783966064453,244.3875732421875,12
Flickr30K/2845084079.jpg,/content/Image_captioning_Local/Flickr30K/flickr30k_images/flickr30k_images/2845084079.jpg,person,0.9169867634773254,183.1630859375,0.025463104248046875,340.1144104003906,169.0395050048828,12
Flickr30K/2845084079.jpg,/content/Image_captioning_Local/Flickr30K/flickr30k_images/flickr30k_images/2845084079.jpg,person,0.8864209055900574,84.0492172241211,68.59786224365234,204.3915252685547,292.5635681152344,12
Flickr30K/2845084079.jpg,/content/Image_captioning_Local/Flickr30K/flickr30k_images/flickr30k_images/2845084079.jpg,person,0.8793709874153137,169.3568115234375,93.66802215576172,344.118408203125,287.4384460449219,12
Flickr30K/2845084079.jpg,/content/Image_captioning_Local/Flickr30K/flickr30k_images/flickr30k_images/2845084079.jpg,person,0.7791178822517395,186.6591796875,202.04977416992188,372.6994934082031,331.4349060058594,12
Flickr30K/2845084079.jpg,/content/Image_captioning_Local/Flickr30K/flickr30k_images/flickr30k_images/2845084079.jpg,cell phone,0.7125455737113953,249.49951171875,221.55409240722656,263.9296569824219,259.15643310546875,12
Flickr30K/2845084079.jpg,/content/Image_captioning_Local/Flickr30K/flickr30k_images/flickr30k_images/2845084079.jpg,person,0.6070553660392761,32.096195220947266,242.44126892089844,151.1676025390625,331.78521728515625,12
Flickr30K/2845084079.jpg,/content/Image_captioning_Local/Flickr30K/flickr30k_images/flickr30k_images/2845084079.jpg,person,0.6016237139701843,388.2280578613281,261.46441650390625,468.6607360839844,332.6266784667969,12
Flickr30K/2845084079.jpg,/content/Image_captioning_Local/Flickr30K/flickr30k_images/flickr30k_images/2845084079.jpg,person,0.5458410978317261,143.60153198242188,227.9207763671875,267.0242614746094,330.6260070800781,12
Flickr30K/2845084079.jpg,/content/Image_captioning_Local/Flickr30K/flickr30k_images/flickr30k_images/2845084079.jpg,person,0.43425849080085754,0.06296038627624512,217.1151123046875,66.654296875,330.85345458984375,12
Flickr30K/2845084079.jpg,/content/Image_captioning_Local/Flickr30K/flickr30k_images/flickr30k_images/2845084079.jpg,person,0.3452298641204834,476.3494567871094,233.8209228515625,499.810791015625,294.46453857421875,12
Flickr30K/2845084079.jpg,/content/Image_captioning_Local/Flickr30K/flickr30k_images/flickr30k_images/2845084079.jpg,person,0.26057666540145874,0.13453364372253418,194.64263916015625,28.374290466308594,234.65013122558594,12
Flickr30K/2845084857.jpg,/content/Image_captioning_Local/Flickr30K/flickr30k_images/flickr30k_images/2845084857.jpg,car,0.8924792408943176,265.26055908203125,6.4055681228637695,499.8183288574219,130.4482879638672,19
Flickr30K/2845084857.jpg,/content/Image_captioning_Local/Flickr30K/flickr30k_images/flickr30k_images/2845084857.jpg,umbrella,0.8358764052391052,0.14186501502990723,103.53787231445312,70.81048583984375,202.47933959960938,19
Flickr30K/2845084857.jpg,/content/Image_captioning_Local/Flickr30K/flickr30k_images/flickr30k_images/2845084857.jpg,person,0.7662395238876343,60.9372444152832,148.23985290527344,191.08660888671875,330.9880676269531,19
Flickr30K/2845084857.jpg,/content/Image_captioning_Local/Flickr30K/flickr30k_images/flickr30k_images/2845084857.jpg,person,0.7339399456977844,130.99459838867188,193.88656616210938,313.49981689453125,332.00726318359375,19
Flickr30K/2845084857.jpg,/content/Image_captioning_Local/Flickr30K/flickr30k_images/flickr30k_images/2845084857.jpg,person,0.6965124607086182,306.70751953125,166.46871948242188,408.6001892089844,331.4140319824219,19
Flickr30K/2845084857.jpg,/content/Image_captioning_Local/Flickr30K/flickr30k_images/flickr30k_images/2845084857.jpg,person,0.6792376637458801,80.01917266845703,80.73637390136719,173.26600646972656,220.6702423095703,19
Flickr30K/2845084857.jpg,/content/Image_captioning_Local/Flickr30K/flickr30k_images/flickr30k_images/2845084857.jpg,person,0.5043467879295349,291.9713134765625,51.711036682128906,346.7342529296875,168.8889923095703,19
Flickr30K/2845084857.jpg,/content/Image_captioning_Local/Flickr30K/flickr30k_images/flickr30k_images/2845084857.jpg,car,0.45479893684387207,317.11163330078125,69.07215118408203,390.0118408203125,150.33056640625,19
Flickr30K/2845084857.jpg,/content/Image_captioning_Local/Flickr30K/flickr30k_images/flickr30k_images/2845084857.jpg,person,0.4510011076927185,359.97918701171875,135.18719482421875,443.359619140625,280.3038024902344,19
Flickr30K/2845084857.jpg,/content/Image_captioning_Local/Flickr30K/flickr30k_images/flickr30k_images/2845084857.jpg,person,0.4504375159740448,38.05087661743164,37.61222457885742,118.20064544677734,154.30322265625,19
Flickr30K/2845084857.jpg,/content/Image_captioning_Local/Flickr30K/flickr30k_images/flickr30k_images/2845084857.jpg,person,0.4414110481739044,201.00131225585938,4.534280300140381,268.65380859375,111.76921081542969,19
Flickr30K/2845084857.jpg,/content/Image_captioning_Local/Flickr30K/flickr30k_images/flickr30k_images/2845084857.jpg,person,0.3956681191921234,117.40617370605469,0.2563953399658203,178.42173767089844,92.28458404541016,19
Flickr30K/2845084857.jpg,/content/Image_captioning_Local/Flickr30K/flickr30k_images/flickr30k_images/2845084857.jpg,person,0.38935866951942444,0.0,171.05984497070312,96.01313781738281,330.340576171875,19
Flickr30K/2845084857.jpg,/content/Image_captioning_Local/Flickr30K/flickr30k_images/flickr30k_images/2845084857.jpg,person,0.3542567789554596,0.12715458869934082,16.70360565185547,63.15294647216797,111.15779876708984,19
Flickr30K/2845084857.jpg,/content/Image_captioning_Local/Flickr30K/flickr30k_images/flickr30k_images/2845084857.jpg,person,0.35403525829315186,160.57455444335938,117.25582885742188,254.62452697753906,261.2037048339844,19
Flickr30K/2845084857.jpg,/content/Image_captioning_Local/Flickr30K/flickr30k_images/flickr30k_images/2845084857.jpg,person,0.33019229769706726,64.07604217529297,88.3342514038086,127.26988983154297,179.1139373779297,19
Flickr30K/2845084857.jpg,/content/Image_captioning_Local/Flickr30K/flickr30k_images/flickr30k_images/2845084857.jpg,person,0.2995137870311737,397.61810302734375,53.41634750366211,464.6385192871094,157.49049377441406,19
Flickr30K/2845084857.jpg,/content/Image_captioning_Local/Flickr30K/flickr30k_images/flickr30k_images/2845084857.jpg,person,0.2730672359466553,172.6374969482422,117.82379150390625,254.45675659179688,233.07733154296875,19
Flickr30K/2845084857.jpg,/content/Image_captioning_Local/Flickr30K/flickr30k_images/flickr30k_images/2845084857.jpg,person,0.26076173782348633,163.79444885253906,45.079803466796875,204.6154327392578,144.17471313476562,19
Flickr30K/2845086305.jpg,/content/Image_captioning_Local/Flickr30K/flickr30k_images/flickr30k_images/2845086305.jpg,person,0.9078429937362671,222.82919311523438,129.6284637451172,329.15545654296875,330.49737548828125,11
Flickr30K/2845086305.jpg,/content/Image_captioning_Local/Flickr30K/flickr30k_images/flickr30k_images/2845086305.jpg,person,0.87066251039505,37.09740447998047,136.75698852539062,142.99151611328125,317.7059631347656,11
Flickr30K/2845086305.jpg,/content/Image_captioning_Local/Flickr30K/flickr30k_images/flickr30k_images/2845086305.jpg,person,0.8591511845588684,470.8447570800781,199.08609008789062,499.7349853515625,287.9465637207031,11
Flickr30K/2845086305.jpg,/content/Image_captioning_Local/Flickr30K/flickr30k_images/flickr30k_images/2845086305.jpg,person,0.8237426280975342,456.410888671875,212.36929321289062,484.4254455566406,276.21026611328125,11
Flickr30K/2845086305.jpg,/content/Image_captioning_Local/Flickr30K/flickr30k_images/flickr30k_images/2845086305.jpg,kite,0.41599130630493164,46.715641021728516,215.86260986328125,240.51742553710938,331.3649597167969,11
Flickr30K/2845086305.jpg,/content/Image_captioning_Local/Flickr30K/flickr30k_images/flickr30k_images/2845086305.jpg,person,0.39703646302223206,409.94561767578125,223.239990234375,420.6018981933594,248.6025848388672,11
Flickr30K/2845086305.jpg,/content/Image_captioning_Local/Flickr30K/flickr30k_images/flickr30k_images/2845086305.jpg,person,0.3457806408405304,140.49232482910156,92.1584701538086,248.7007598876953,253.7126007080078,11
Flickr30K/2845086305.jpg,/content/Image_captioning_Local/Flickr30K/flickr30k_images/flickr30k_images/2845086305.jpg,umbrella,0.34247347712516785,47.02861404418945,215.72323608398438,240.62673950195312,331.2835693359375,11
Flickr30K/2845086305.jpg,/content/Image_captioning_Local/Flickr30K/flickr30k_images/flickr30k_images/2845086305.jpg,person,0.34185001254081726,140.4297332763672,92.29460144042969,248.84707641601562,325.6727600097656,11
Flickr30K/2845086305.jpg,/content/Image_captioning_Local/Flickr30K/flickr30k_images/flickr30k_images/2845086305.jpg,handbag,0.33414560556411743,54.682861328125,191.1571044921875,86.46241760253906,282.6492919921875,11
Flickr30K/2845086305.jpg,/content/Image_captioning_Local/Flickr30K/flickr30k_images/flickr30k_images/2845086305.jpg,person,0.26634740829467773,416.7849426269531,222.63925170898438,424.15362548828125,245.07171630859375,11
Flickr30K/2845246160.jpg,/content/Image_captioning_Local/Flickr30K/flickr30k_images/flickr30k_images/2845246160.jpg,person,0.9490325450897217,213.7553253173828,14.170408248901367,483.754150390625,384.30609130859375,9
Flickr30K/2845246160.jpg,/content/Image_captioning_Local/Flickr30K/flickr30k_images/flickr30k_images/2845246160.jpg,person,0.9125527143478394,65.05570220947266,91.6993637084961,159.6558380126953,375.64306640625,9
Flickr30K/2845246160.jpg,/content/Image_captioning_Local/Flickr30K/flickr30k_images/flickr30k_images/2845246160.jpg,person,0.8998093605041504,3.119406223297119,121.10472106933594,45.54435729980469,267.6377258300781,9
Flickr30K/2845246160.jpg,/content/Image_captioning_Local/Flickr30K/flickr30k_images/flickr30k_images/2845246160.jpg,person,0.7472463250160217,150.5741729736328,137.3645782470703,179.64132690429688,235.95904541015625,9
Flickr30K/2845246160.jpg,/content/Image_captioning_Local/Flickr30K/flickr30k_images/flickr30k_images/2845246160.jpg,person,0.5263163447380066,170.0619659423828,132.98526000976562,193.8534698486328,217.26698303222656,9
Flickr30K/2845246160.jpg,/content/Image_captioning_Local/Flickr30K/flickr30k_images/flickr30k_images/2845246160.jpg,person,0.48287105560302734,193.030029296875,170.51602172851562,233.8245849609375,221.84695434570312,9
Flickr30K/2845246160.jpg,/content/Image_captioning_Local/Flickr30K/flickr30k_images/flickr30k_images/2845246160.jpg,bicycle,0.43820613622665405,265.0927429199219,214.69793701171875,283.8666687011719,261.71044921875,9
Flickr30K/2845246160.jpg,/content/Image_captioning_Local/Flickr30K/flickr30k_images/flickr30k_images/2845246160.jpg,person,0.4055836796760559,298.96734619140625,115.61286163330078,319.9750671386719,136.10165405273438,9
Flickr30K/2845246160.jpg,/content/Image_captioning_Local/Flickr30K/flickr30k_images/flickr30k_images/2845246160.jpg,person,0.35424935817718506,27.682968139648438,194.30499267578125,79.40347290039062,249.57843017578125,9
Flickr30K/2845525442.jpg,/content/Image_captioning_Local/Flickr30K/flickr30k_images/flickr30k_images/2845525442.jpg,person,0.896148145198822,201.45001220703125,220.98922729492188,278.1610107421875,460.01104736328125,13
Flickr30K/2845525442.jpg,/content/Image_captioning_Local/Flickr30K/flickr30k_images/flickr30k_images/2845525442.jpg,person,0.8581698536872864,68.4560546875,239.43402099609375,123.31669616699219,396.8883361816406,13
Flickr30K/2845525442.jpg,/content/Image_captioning_Local/Flickr30K/flickr30k_images/flickr30k_images/2845525442.jpg,person,0.82887864112854,44.55089569091797,234.84201049804688,80.04214477539062,373.5830383300781,13
Flickr30K/2845525442.jpg,/content/Image_captioning_Local/Flickr30K/flickr30k_images/flickr30k_images/2845525442.jpg,person,0.8205610513687134,119.93887329101562,220.2553253173828,187.96780395507812,459.18182373046875,13
Flickr30K/2845525442.jpg,/content/Image_captioning_Local/Flickr30K/flickr30k_images/flickr30k_images/2845525442.jpg,handbag,0.638577401638031,114.80216979980469,259.57159423828125,155.74649047851562,386.2080993652344,13
Flickr30K/2845525442.jpg,/content/Image_captioning_Local/Flickr30K/flickr30k_images/flickr30k_images/2845525442.jpg,person,0.6236576437950134,162.76585388183594,228.29776000976562,188.34292602539062,298.2735290527344,13
Flickr30K/2845525442.jpg,/content/Image_captioning_Local/Flickr30K/flickr30k_images/flickr30k_images/2845525442.jpg,person,0.5258018374443054,330.00860595703125,252.26614379882812,358.5950012207031,325.5816345214844,13
Flickr30K/2845525442.jpg,/content/Image_captioning_Local/Flickr30K/flickr30k_images/flickr30k_images/2845525442.jpg,person,0.5092660188674927,182.62200927734375,221.3340301513672,217.2532958984375,378.633056640625,13
Flickr30K/2845525442.jpg,/content/Image_captioning_Local/Flickr30K/flickr30k_images/flickr30k_images/2845525442.jpg,handbag,0.40845465660095215,113.22248077392578,286.4796142578125,131.2165985107422,325.27471923828125,13
Flickr30K/2845525442.jpg,/content/Image_captioning_Local/Flickr30K/flickr30k_images/flickr30k_images/2845525442.jpg,handbag,0.3998457193374634,52.269554138183594,268.9424743652344,76.01385498046875,315.0067138671875,13
Flickr30K/2845525442.jpg,/content/Image_captioning_Local/Flickr30K/flickr30k_images/flickr30k_images/2845525442.jpg,person,0.3809356987476349,183.50375366210938,221.9337921142578,217.05967712402344,297.173828125,13
Flickr30K/2845525442.jpg,/content/Image_captioning_Local/Flickr30K/flickr30k_images/flickr30k_images/2845525442.jpg,suitcase,0.30911538004875183,161.28073120117188,379.02545166015625,202.0643310546875,449.86029052734375,13
Flickr30K/2845525442.jpg,/content/Image_captioning_Local/Flickr30K/flickr30k_images/flickr30k_images/2845525442.jpg,backpack,0.29405874013900757,328.45916748046875,264.518310546875,343.6332702636719,288.8258972167969,13
Flickr30K/2845691057.jpg,/content/Image_captioning_Local/Flickr30K/flickr30k_images/flickr30k_images/2845691057.jpg,person,0.916551947593689,215.05149841308594,33.49134826660156,449.67730712890625,298.3997497558594,5
Flickr30K/2845691057.jpg,/content/Image_captioning_Local/Flickr30K/flickr30k_images/flickr30k_images/2845691057.jpg,person,0.6090812683105469,143.20518493652344,94.98246765136719,192.3109130859375,191.28111267089844,5
Flickr30K/2845691057.jpg,/content/Image_captioning_Local/Flickr30K/flickr30k_images/flickr30k_images/2845691057.jpg,umbrella,0.42082086205482483,1.862654685974121,0.13175547122955322,449.57843017578125,116.73677062988281,5
Flickr30K/2845691057.jpg,/content/Image_captioning_Local/Flickr30K/flickr30k_images/flickr30k_images/2845691057.jpg,umbrella,0.3230929374694824,0.0,0.0,450.0,301.0,5
Flickr30K/2845691057.jpg,/content/Image_captioning_Local/Flickr30K/flickr30k_images/flickr30k_images/2845691057.jpg,person,0.30994582176208496,0.08179664611816406,81.60155487060547,215.78097534179688,297.53448486328125,5
Flickr30K/2845760148.jpg,/content/Image_captioning_Local/Flickr30K/flickr30k_images/flickr30k_images/2845760148.jpg,person,0.9136651158332825,40.43028259277344,119.79522705078125,109.03041076660156,229.18167114257812,3
Flickr30K/2845760148.jpg,/content/Image_captioning_Local/Flickr30K/flickr30k_images/flickr30k_images/2845760148.jpg,chair,0.8213295936584473,0.17001032829284668,146.862548828125,67.77568817138672,249.12142944335938,3
Flickr30K/2845760148.jpg,/content/Image_captioning_Local/Flickr30K/flickr30k_images/flickr30k_images/2845760148.jpg,person,0.806449830532074,357.6064453125,204.60964965820312,441.6417541503906,293.8372802734375,3
Flickr30K/2845839808.jpg,/content/Image_captioning_Local/Flickr30K/flickr30k_images/flickr30k_images/2845839808.jpg,person,0.8792033195495605,70.45054626464844,44.382869720458984,310.6233215332031,386.5130310058594,1
Flickr30K/2845845721.jpg,/content/Image_captioning_Local/Flickr30K/flickr30k_images/flickr30k_images/2845845721.jpg,person,0.9139050245285034,80.58412170410156,116.4500503540039,179.97145080566406,324.64508056640625,3
Flickr30K/2845845721.jpg,/content/Image_captioning_Local/Flickr30K/flickr30k_images/flickr30k_images/2845845721.jpg,person,0.9069123268127441,295.3782043457031,148.15725708007812,353.81793212890625,372.6251525878906,3
Flickr30K/2845845721.jpg,/content/Image_captioning_Local/Flickr30K/flickr30k_images/flickr30k_images/2845845721.jpg,person,0.36666247248649597,71.65663146972656,165.7273712158203,111.04901123046875,259.7771301269531,3
Flickr30K/284587031.jpg,/content/Image_captioning_Local/Flickr30K/flickr30k_images/flickr30k_images/284587031.jpg,person,0.5867571234703064,242.46749877929688,315.9914855957031,269.48358154296875,351.603515625,3
Flickr30K/284587031.jpg,/content/Image_captioning_Local/Flickr30K/flickr30k_images/flickr30k_images/284587031.jpg,person,0.3957309424877167,241.886474609375,315.2441101074219,270.0188293457031,404.95367431640625,3
Flickr30K/284587031.jpg,/content/Image_captioning_Local/Flickr30K/flickr30k_images/flickr30k_images/284587031.jpg,person,0.2925175428390503,271.13690185546875,332.1439208984375,300.9787902832031,370.2559814453125,3
Flickr30K/2845872724.jpg,/content/Image_captioning_Local/Flickr30K/flickr30k_images/flickr30k_images/2845872724.jpg,person,0.9145328402519226,113.22915649414062,159.40309143066406,225.3958282470703,311.7372131347656,6
Flickr30K/2845872724.jpg,/content/Image_captioning_Local/Flickr30K/flickr30k_images/flickr30k_images/2845872724.jpg,person,0.8483216166496277,133.3440704345703,95.24781799316406,182.69944763183594,202.03607177734375,6
Flickr30K/2845872724.jpg,/content/Image_captioning_Local/Flickr30K/flickr30k_images/flickr30k_images/2845872724.jpg,person,0.6837878823280334,119.91698455810547,65.87348175048828,160.6405487060547,151.9286651611328,6
Flickr30K/2845872724.jpg,/content/Image_captioning_Local/Flickr30K/flickr30k_images/flickr30k_images/2845872724.jpg,backpack,0.3156867027282715,185.350341796875,331.2956237792969,255.4381103515625,374.8236999511719,6
Flickr30K/2845872724.jpg,/content/Image_captioning_Local/Flickr30K/flickr30k_images/flickr30k_images/2845872724.jpg,person,0.2952841818332672,349.3211669921875,83.7752914428711,403.6667785644531,265.1134948730469,6
Flickr30K/2845872724.jpg,/content/Image_captioning_Local/Flickr30K/flickr30k_images/flickr30k_images/2845872724.jpg,backpack,0.25255754590034485,330.7255859375,295.5181579589844,392.4273376464844,359.8675231933594,6
Flickr30K/2845913086.jpg,/content/Image_captioning_Local/Flickr30K/flickr30k_images/flickr30k_images/2845913086.jpg,person,0.9115396738052368,112.51031494140625,0.1822948455810547,162.38592529296875,125.23345947265625,12
Flickr30K/2845913086.jpg,/content/Image_captioning_Local/Flickr30K/flickr30k_images/flickr30k_images/2845913086.jpg,person,0.8971095681190491,193.4235076904297,140.6338653564453,261.01922607421875,280.87579345703125,12
Flickr30K/2845913086.jpg,/content/Image_captioning_Local/Flickr30K/flickr30k_images/flickr30k_images/2845913086.jpg,person,0.875053346157074,52.74203872680664,184.0076904296875,112.53482055664062,332.2706604003906,12
Flickr30K/2845913086.jpg,/content/Image_captioning_Local/Flickr30K/flickr30k_images/flickr30k_images/2845913086.jpg,person,0.8690567016601562,18.271041870117188,0.8727788925170898,68.90892028808594,131.55093383789062,12
Flickr30K/2845913086.jpg,/content/Image_captioning_Local/Flickr30K/flickr30k_images/flickr30k_images/2845913086.jpg,person,0.8531920313835144,206.83067321777344,0.4720151424407959,253.8067169189453,118.35918426513672,12
Flickr30K/2845913086.jpg,/content/Image_captioning_Local/Flickr30K/flickr30k_images/flickr30k_images/2845913086.jpg,person,0.85161292552948,158.83372497558594,0.03345608711242676,196.705322265625,118.91472625732422,12
Flickr30K/2845913086.jpg,/content/Image_captioning_Local/Flickr30K/flickr30k_images/flickr30k_images/2845913086.jpg,person,0.845022439956665,73.15640258789062,0.2270221710205078,112.11571502685547,123.66490173339844,12
Flickr30K/2845913086.jpg,/content/Image_captioning_Local/Flickr30K/flickr30k_images/flickr30k_images/2845913086.jpg,person,0.7695987820625305,0.030672550201416016,23.14462661743164,18.675565719604492,137.52183532714844,12
Flickr30K/2845913086.jpg,/content/Image_captioning_Local/Flickr30K/flickr30k_images/flickr30k_images/2845913086.jpg,person,0.7532679438591003,64.49125671386719,143.7427520751953,115.31318664550781,286.9224548339844,12
Flickr30K/2845913086.jpg,/content/Image_captioning_Local/Flickr30K/flickr30k_images/flickr30k_images/2845913086.jpg,person,0.7415510416030884,91.77275848388672,129.01611328125,127.79029846191406,285.10546875,12
Flickr30K/2845913086.jpg,/content/Image_captioning_Local/Flickr30K/flickr30k_images/flickr30k_images/2845913086.jpg,sports ball,0.735567033290863,97.06120300292969,235.59654235839844,113.58246612548828,253.34475708007812,12
Flickr30K/2845913086.jpg,/content/Image_captioning_Local/Flickr30K/flickr30k_images/flickr30k_images/2845913086.jpg,person,0.26098552346229553,0.7975935935974121,0.019615888595581055,29.130714416503906,52.94134521484375,12
Flickr30K/2845913338.jpg,/content/Image_captioning_Local/Flickr30K/flickr30k_images/flickr30k_images/2845913338.jpg,person,0.9102749824523926,247.7022705078125,139.65081787109375,401.3093566894531,329.53680419921875,7
Flickr30K/2845913338.jpg,/content/Image_captioning_Local/Flickr30K/flickr30k_images/flickr30k_images/2845913338.jpg,person,0.8727357983589172,337.63397216796875,108.725830078125,499.7546081542969,328.5567321777344,7
Flickr30K/2845913338.jpg,/content/Image_captioning_Local/Flickr30K/flickr30k_images/flickr30k_images/2845913338.jpg,person,0.8599520921707153,132.49449157714844,83.36124420166016,261.6446533203125,329.31195068359375,7
Flickr30K/2845913338.jpg,/content/Image_captioning_Local/Flickr30K/flickr30k_images/flickr30k_images/2845913338.jpg,handbag,0.781455934047699,130.3986053466797,146.73977661132812,233.64239501953125,298.5093688964844,7
Flickr30K/2845913338.jpg,/content/Image_captioning_Local/Flickr30K/flickr30k_images/flickr30k_images/2845913338.jpg,person,0.708039402961731,4.990720748901367,57.37786102294922,157.0615234375,329.2938232421875,7
Flickr30K/2845913338.jpg,/content/Image_captioning_Local/Flickr30K/flickr30k_images/flickr30k_images/2845913338.jpg,person,0.2736876606941223,4.973134517669678,276.8743591308594,23.272682189941406,330.42498779296875,7
Flickr30K/2845913338.jpg,/content/Image_captioning_Local/Flickr30K/flickr30k_images/flickr30k_images/2845913338.jpg,person,0.26664817333221436,0.018587708473205566,263.13287353515625,14.668011665344238,327.29779052734375,7
Flickr30K/2845914142.jpg,/content/Image_captioning_Local/Flickr30K/flickr30k_images/flickr30k_images/2845914142.jpg,person,0.8772240281105042,236.97474670410156,110.85557556152344,274.0408630371094,260.9315490722656,14
Flickr30K/2845914142.jpg,/content/Image_captioning_Local/Flickr30K/flickr30k_images/flickr30k_images/2845914142.jpg,person,0.8504440188407898,325.8687438964844,0.09197592735290527,364.6402282714844,121.36173248291016,14
Flickr30K/2845914142.jpg,/content/Image_captioning_Local/Flickr30K/flickr30k_images/flickr30k_images/2845914142.jpg,person,0.7693616151809692,81.05625915527344,246.66705322265625,139.37364196777344,332.5130615234375,14
Flickr30K/2845914142.jpg,/content/Image_captioning_Local/Flickr30K/flickr30k_images/flickr30k_images/2845914142.jpg,person,0.749133288860321,68.05892944335938,28.71320343017578,106.82227325439453,98.40219116210938,14
Flickr30K/2845914142.jpg,/content/Image_captioning_Local/Flickr30K/flickr30k_images/flickr30k_images/2845914142.jpg,person,0.5272948741912842,214.13612365722656,15.46955680847168,251.2154541015625,68.80216979980469,14
Flickr30K/2845914142.jpg,/content/Image_captioning_Local/Flickr30K/flickr30k_images/flickr30k_images/2845914142.jpg,person,0.4816795289516449,94.56776428222656,26.14495849609375,123.19561004638672,68.6524887084961,14
Flickr30K/2845914142.jpg,/content/Image_captioning_Local/Flickr30K/flickr30k_images/flickr30k_images/2845914142.jpg,person,0.4339292347431183,28.337526321411133,28.893529891967773,64.04995727539062,104.18203735351562,14
Flickr30K/2845914142.jpg,/content/Image_captioning_Local/Flickr30K/flickr30k_images/flickr30k_images/2845914142.jpg,person,0.41865354776382446,118.8369369506836,18.036865234375,153.91281127929688,88.14811706542969,14
Flickr30K/2845914142.jpg,/content/Image_captioning_Local/Flickr30K/flickr30k_images/flickr30k_images/2845914142.jpg,person,0.3863927721977234,268.54901123046875,32.399200439453125,302.9940185546875,62.84878158569336,14
Flickr30K/2845914142.jpg,/content/Image_captioning_Local/Flickr30K/flickr30k_images/flickr30k_images/2845914142.jpg,person,0.3625289797782898,153.31788635253906,13.176881790161133,180.70411682128906,83.95305633544922,14
Flickr30K/2845914142.jpg,/content/Image_captioning_Local/Flickr30K/flickr30k_images/flickr30k_images/2845914142.jpg,person,0.3569193482398987,0.0481337308883667,268.5938415527344,18.21649932861328,332.2118835449219,14
Flickr30K/2845914142.jpg,/content/Image_captioning_Local/Flickr30K/flickr30k_images/flickr30k_images/2845914142.jpg,person,0.31955358386039734,28.597064971923828,28.401803970336914,80.3110580444336,105.21955871582031,14
Flickr30K/2845914142.jpg,/content/Image_captioning_Local/Flickr30K/flickr30k_images/flickr30k_images/2845914142.jpg,person,0.28631147742271423,16.88916015625,0.4019439220428467,63.03739547729492,59.29863357543945,14
Flickr30K/2845914142.jpg,/content/Image_captioning_Local/Flickr30K/flickr30k_images/flickr30k_images/2845914142.jpg,person,0.2632128596305847,385.1376037597656,0.0,421.724365234375,37.91091537475586,14
Flickr30K/2845916888.jpg,/content/Image_captioning_Local/Flickr30K/flickr30k_images/flickr30k_images/2845916888.jpg,person,0.8771392703056335,144.7142791748047,139.71463012695312,186.17108154296875,238.89065551757812,13
Flickr30K/2845916888.jpg,/content/Image_captioning_Local/Flickr30K/flickr30k_images/flickr30k_images/2845916888.jpg,person,0.8567756414413452,401.92254638671875,161.27305603027344,438.5726318359375,256.2669372558594,13
Flickr30K/2845916888.jpg,/content/Image_captioning_Local/Flickr30K/flickr30k_images/flickr30k_images/2845916888.jpg,person,0.8565338253974915,364.7716979980469,147.3185577392578,401.5863037109375,241.97836303710938,13
Flickr30K/2845916888.jpg,/content/Image_captioning_Local/Flickr30K/flickr30k_images/flickr30k_images/2845916888.jpg,person,0.842376708984375,340.7637634277344,142.46339416503906,376.73016357421875,226.031494140625,13
Flickr30K/2845916888.jpg,/content/Image_captioning_Local/Flickr30K/flickr30k_images/flickr30k_images/2845916888.jpg,person,0.8396819829940796,84.63864135742188,143.39260864257812,119.89479064941406,238.9151153564453,13
Flickr30K/2845916888.jpg,/content/Image_captioning_Local/Flickr30K/flickr30k_images/flickr30k_images/2845916888.jpg,person,0.7988907098770142,287.37103271484375,181.25624084472656,323.2667541503906,269.4249572753906,13
Flickr30K/2845916888.jpg,/content/Image_captioning_Local/Flickr30K/flickr30k_images/flickr30k_images/2845916888.jpg,person,0.7504618763923645,202.74510192871094,170.159912109375,236.2975616455078,261.0418395996094,13
Flickr30K/2845916888.jpg,/content/Image_captioning_Local/Flickr30K/flickr30k_images/flickr30k_images/2845916888.jpg,person,0.7470754384994507,213.49220275878906,128.76039123535156,251.73158264160156,225.51397705078125,13
Flickr30K/2845916888.jpg,/content/Image_captioning_Local/Flickr30K/flickr30k_images/flickr30k_images/2845916888.jpg,person,0.418598473072052,427.72808837890625,170.51519775390625,482.68231201171875,294.2200622558594,13
Flickr30K/2845916888.jpg,/content/Image_captioning_Local/Flickr30K/flickr30k_images/flickr30k_images/2845916888.jpg,person,0.39631387591362,281.01409912109375,156.02713012695312,317.0806579589844,247.5494384765625,13
Flickr30K/2845916888.jpg,/content/Image_captioning_Local/Flickr30K/flickr30k_images/flickr30k_images/2845916888.jpg,person,0.37006109952926636,436.88482666015625,170.8273468017578,482.0736389160156,231.54779052734375,13
Flickr30K/2845916888.jpg,/content/Image_captioning_Local/Flickr30K/flickr30k_images/flickr30k_images/2845916888.jpg,person,0.3381975293159485,427.7904052734375,210.45050048828125,471.18963623046875,294.5218200683594,13
Flickr30K/2845916888.jpg,/content/Image_captioning_Local/Flickr30K/flickr30k_images/flickr30k_images/2845916888.jpg,person,0.33655279874801636,280.5880126953125,143.16949462890625,336.1116027832031,247.19810485839844,13
Flickr30K/2845919674.jpg,/content/Image_captioning_Local/Flickr30K/flickr30k_images/flickr30k_images/2845919674.jpg,person,0.7730112075805664,391.39129638671875,90.3289794921875,499.8019104003906,330.0555725097656,13
Flickr30K/2845919674.jpg,/content/Image_captioning_Local/Flickr30K/flickr30k_images/flickr30k_images/2845919674.jpg,person,0.7659280300140381,0.12018680572509766,137.04299926757812,115.52247619628906,329.7185974121094,13
Flickr30K/2845919674.jpg,/content/Image_captioning_Local/Flickr30K/flickr30k_images/flickr30k_images/2845919674.jpg,person,0.740295946598053,50.36016845703125,110.02239990234375,143.3534698486328,330.4473876953125,13
Flickr30K/2845919674.jpg,/content/Image_captioning_Local/Flickr30K/flickr30k_images/flickr30k_images/2845919674.jpg,person,0.739501953125,260.7169494628906,108.73173522949219,350.0743408203125,330.5573425292969,13
Flickr30K/2845919674.jpg,/content/Image_captioning_Local/Flickr30K/flickr30k_images/flickr30k_images/2845919674.jpg,person,0.646311342716217,337.45458984375,107.5841064453125,411.16827392578125,327.6434020996094,13
Flickr30K/2845919674.jpg,/content/Image_captioning_Local/Flickr30K/flickr30k_images/flickr30k_images/2845919674.jpg,kite,0.5115907788276672,140.40771484375,191.540771484375,341.5693664550781,330.57470703125,13
Flickr30K/2845919674.jpg,/content/Image_captioning_Local/Flickr30K/flickr30k_images/flickr30k_images/2845919674.jpg,cell phone,0.4134170114994049,396.9489440917969,141.8518524169922,410.9940185546875,171.9571075439453,13
Flickr30K/2845919674.jpg,/content/Image_captioning_Local/Flickr30K/flickr30k_images/flickr30k_images/2845919674.jpg,person,0.3995022773742676,221.07601928710938,112.85777282714844,271.3370666503906,238.80906677246094,13
Flickr30K/2845919674.jpg,/content/Image_captioning_Local/Flickr30K/flickr30k_images/flickr30k_images/2845919674.jpg,person,0.3770676851272583,337.7693176269531,91.75118255615234,499.6849060058594,329.6250305175781,13
Flickr30K/2845919674.jpg,/content/Image_captioning_Local/Flickr30K/flickr30k_images/flickr30k_images/2845919674.jpg,person,0.3728961646556854,152.8075408935547,109.07880401611328,233.04226684570312,216.03660583496094,13
Flickr30K/2845919674.jpg,/content/Image_captioning_Local/Flickr30K/flickr30k_images/flickr30k_images/2845919674.jpg,handbag,0.32546713948249817,407.9769592285156,206.3101348876953,479.29205322265625,331.70709228515625,13
Flickr30K/2845919674.jpg,/content/Image_captioning_Local/Flickr30K/flickr30k_images/flickr30k_images/2845919674.jpg,cell phone,0.29504838585853577,392.08563232421875,166.74948120117188,405.129638671875,188.21038818359375,13
Flickr30K/2845919674.jpg,/content/Image_captioning_Local/Flickr30K/flickr30k_images/flickr30k_images/2845919674.jpg,person,0.291256308555603,221.23922729492188,109.72423553466797,272.19451904296875,331.29052734375,13
Flickr30K/2846037553.jpg,/content/Image_captioning_Local/Flickr30K/flickr30k_images/flickr30k_images/2846037553.jpg,person,0.69279944896698,14.357030868530273,84.32693481445312,227.88644409179688,500.0,1
Flickr30K/284644694.jpg,/content/Image_captioning_Local/Flickr30K/flickr30k_images/flickr30k_images/284644694.jpg,person,0.9048373103141785,45.17970275878906,6.107234954833984,256.28814697265625,366.1977844238281,12
Flickr30K/284644694.jpg,/content/Image_captioning_Local/Flickr30K/flickr30k_images/flickr30k_images/284644694.jpg,person,0.9032157063484192,200.62603759765625,189.8587188720703,461.830078125,420.9166564941406,12
Flickr30K/284644694.jpg,/content/Image_captioning_Local/Flickr30K/flickr30k_images/flickr30k_images/284644694.jpg,person,0.8357372879981995,213.30490112304688,0.7431656122207642,252.30654907226562,77.98999786376953,12
Flickr30K/284644694.jpg,/content/Image_captioning_Local/Flickr30K/flickr30k_images/flickr30k_images/284644694.jpg,person,0.833849310874939,325.2237854003906,0.6235957145690918,382.4071350097656,114.44564819335938,12
Flickr30K/284644694.jpg,/content/Image_captioning_Local/Flickr30K/flickr30k_images/flickr30k_images/284644694.jpg,person,0.8278658390045166,272.1370849609375,0.18447041511535645,325.36572265625,37.21639633178711,12
Flickr30K/284644694.jpg,/content/Image_captioning_Local/Flickr30K/flickr30k_images/flickr30k_images/284644694.jpg,person,0.7360993027687073,434.72833251953125,302.7354736328125,499.7523193359375,421.55938720703125,12
Flickr30K/284644694.jpg,/content/Image_captioning_Local/Flickr30K/flickr30k_images/flickr30k_images/284644694.jpg,bicycle,0.6736893653869629,408.6248474121094,77.65591430664062,499.754150390625,230.28509521484375,12
Flickr30K/284644694.jpg,/content/Image_captioning_Local/Flickr30K/flickr30k_images/flickr30k_images/284644694.jpg,person,0.6625486612319946,256.70672607421875,138.54653930664062,427.08111572265625,298.1085205078125,12
Flickr30K/284644694.jpg,/content/Image_captioning_Local/Flickr30K/flickr30k_images/flickr30k_images/284644694.jpg,potted plant,0.48637324571609497,0.0436246395111084,0.06065964698791504,34.38353729248047,29.43789291381836,12
Flickr30K/284644694.jpg,/content/Image_captioning_Local/Flickr30K/flickr30k_images/flickr30k_images/284644694.jpg,person,0.47959962487220764,75.75211334228516,0.6883382797241211,193.5777130126953,167.91500854492188,12
Flickr30K/284644694.jpg,/content/Image_captioning_Local/Flickr30K/flickr30k_images/flickr30k_images/284644694.jpg,person,0.4533303678035736,319.17205810546875,94.24836730957031,433.609619140625,221.53594970703125,12
Flickr30K/284644694.jpg,/content/Image_captioning_Local/Flickr30K/flickr30k_images/flickr30k_images/284644694.jpg,person,0.2694688141345978,282.4341735839844,94.06371307373047,425.3957824707031,223.13638305664062,12
Flickr30K/2846724677.jpg,/content/Image_captioning_Local/Flickr30K/flickr30k_images/flickr30k_images/2846724677.jpg,truck,0.8644083738327026,435.6620788574219,209.8644256591797,499.83282470703125,314.690673828125,27
Flickr30K/2846724677.jpg,/content/Image_captioning_Local/Flickr30K/flickr30k_images/flickr30k_images/2846724677.jpg,person,0.8320981860160828,402.05279541015625,230.84915161132812,420.4314270019531,281.267333984375,27
Flickr30K/2846724677.jpg,/content/Image_captioning_Local/Flickr30K/flickr30k_images/flickr30k_images/2846724677.jpg,traffic light,0.7683790326118469,167.77296447753906,81.03633880615234,185.52381896972656,119.11112213134766,27
Flickr30K/2846724677.jpg,/content/Image_captioning_Local/Flickr30K/flickr30k_images/flickr30k_images/2846724677.jpg,person,0.763852596282959,315.5115661621094,206.11219787597656,332.9482421875,254.63990783691406,27
Flickr30K/2846724677.jpg,/content/Image_captioning_Local/Flickr30K/flickr30k_images/flickr30k_images/2846724677.jpg,person,0.7387835383415222,7.868671417236328,210.5166473388672,22.884126663208008,254.18600463867188,27
Flickr30K/2846724677.jpg,/content/Image_captioning_Local/Flickr30K/flickr30k_images/flickr30k_images/2846724677.jpg,car,0.7281227111816406,0.025779008865356445,335.39434814453125,48.66379928588867,374.7220458984375,27
Flickr30K/2846724677.jpg,/content/Image_captioning_Local/Flickr30K/flickr30k_images/flickr30k_images/2846724677.jpg,person,0.7246318459510803,236.7961883544922,185.46466064453125,249.5738067626953,228.0225830078125,27
Flickr30K/2846724677.jpg,/content/Image_captioning_Local/Flickr30K/flickr30k_images/flickr30k_images/2846724677.jpg,car,0.7067963480949402,5.78853178024292,318.81451416015625,99.09838104248047,374.30853271484375,27
Flickr30K/2846724677.jpg,/content/Image_captioning_Local/Flickr30K/flickr30k_images/flickr30k_images/2846724677.jpg,traffic light,0.6802205443382263,62.13035583496094,155.14588928222656,75.87271118164062,184.34542846679688,27
Flickr30K/2846724677.jpg,/content/Image_captioning_Local/Flickr30K/flickr30k_images/flickr30k_images/2846724677.jpg,person,0.5921293497085571,73.10820007324219,207.4490966796875,84.77766418457031,251.12966918945312,27
Flickr30K/2846724677.jpg,/content/Image_captioning_Local/Flickr30K/flickr30k_images/flickr30k_images/2846724677.jpg,truck,0.5917446613311768,287.0255432128906,147.45860290527344,346.3488464355469,200.90699768066406,27
Flickr30K/2846724677.jpg,/content/Image_captioning_Local/Flickr30K/flickr30k_images/flickr30k_images/2846724677.jpg,car,0.5807992815971375,83.67135620117188,248.51548767089844,139.58160400390625,299.8424377441406,27
Flickr30K/2846724677.jpg,/content/Image_captioning_Local/Flickr30K/flickr30k_images/flickr30k_images/2846724677.jpg,person,0.5692103505134583,38.41026306152344,213.641357421875,49.83199691772461,258.29766845703125,27
Flickr30K/2846724677.jpg,/content/Image_captioning_Local/Flickr30K/flickr30k_images/flickr30k_images/2846724677.jpg,car,0.56205815076828,60.97269058227539,287.3534240722656,131.55169677734375,345.9723815917969,27
Flickr30K/2846724677.jpg,/content/Image_captioning_Local/Flickr30K/flickr30k_images/flickr30k_images/2846724677.jpg,car,0.5342409014701843,424.96661376953125,238.51792907714844,442.306884765625,285.58233642578125,27
Flickr30K/2846724677.jpg,/content/Image_captioning_Local/Flickr30K/flickr30k_images/flickr30k_images/2846724677.jpg,person,0.5118281245231628,46.74387741088867,205.5860595703125,57.524288177490234,250.99468994140625,27
Flickr30K/2846724677.jpg,/content/Image_captioning_Local/Flickr30K/flickr30k_images/flickr30k_images/2846724677.jpg,person,0.5105360746383667,28.42535400390625,204.28578186035156,41.78384017944336,247.30999755859375,27
Flickr30K/2846724677.jpg,/content/Image_captioning_Local/Flickr30K/flickr30k_images/flickr30k_images/2846724677.jpg,truck,0.5039724707603455,364.5811462402344,182.3791961669922,457.6283874511719,254.86874389648438,27
Flickr30K/2846724677.jpg,/content/Image_captioning_Local/Flickr30K/flickr30k_images/flickr30k_images/2846724677.jpg,traffic light,0.4592691659927368,215.746826171875,144.07852172851562,224.79730224609375,164.9213104248047,27
Flickr30K/2846724677.jpg,/content/Image_captioning_Local/Flickr30K/flickr30k_images/flickr30k_images/2846724677.jpg,car,0.4578247666358948,58.59868621826172,259.4407653808594,131.34054565429688,304.0681457519531,27
Flickr30K/2846724677.jpg,/content/Image_captioning_Local/Flickr30K/flickr30k_images/flickr30k_images/2846724677.jpg,traffic light,0.4366884231567383,260.9638671875,148.56753540039062,278.7892761230469,208.05453491210938,27
Flickr30K/2846724677.jpg,/content/Image_captioning_Local/Flickr30K/flickr30k_images/flickr30k_images/2846724677.jpg,truck,0.4309268891811371,88.19502258300781,177.0404815673828,197.8157196044922,282.8013000488281,27
Flickr30K/2846724677.jpg,/content/Image_captioning_Local/Flickr30K/flickr30k_images/flickr30k_images/2846724677.jpg,car,0.3732433319091797,328.94708251953125,192.2140655517578,348.44903564453125,221.7030029296875,27
Flickr30K/2846724677.jpg,/content/Image_captioning_Local/Flickr30K/flickr30k_images/flickr30k_images/2846724677.jpg,car,0.3710898458957672,41.36516189575195,296.59234619140625,116.79965209960938,358.32318115234375,27
Flickr30K/2846724677.jpg,/content/Image_captioning_Local/Flickr30K/flickr30k_images/flickr30k_images/2846724677.jpg,car,0.35237693786621094,32.362998962402344,308.8631896972656,106.01924896240234,369.3129577636719,27
Flickr30K/2846724677.jpg,/content/Image_captioning_Local/Flickr30K/flickr30k_images/flickr30k_images/2846724677.jpg,car,0.324692964553833,185.78346252441406,189.27325439453125,201.72793579101562,214.640625,27
Flickr30K/2846724677.jpg,/content/Image_captioning_Local/Flickr30K/flickr30k_images/flickr30k_images/2846724677.jpg,truck,0.3203883767127991,121.44198608398438,178.04119873046875,197.56434631347656,282.82366943359375,27
Flickr30K/2846785268.jpg,/content/Image_captioning_Local/Flickr30K/flickr30k_images/flickr30k_images/2846785268.jpg,person,0.8953588604927063,98.32914733886719,119.53919219970703,202.69432067871094,275.6822204589844,1
Flickr30K/2846843520.jpg,/content/Image_captioning_Local/Flickr30K/flickr30k_images/flickr30k_images/2846843520.jpg,dog,0.9290653467178345,24.786209106445312,0.4793882369995117,353.1695251464844,230.0454559326172,3
Flickr30K/2846843520.jpg,/content/Image_captioning_Local/Flickr30K/flickr30k_images/flickr30k_images/2846843520.jpg,sports ball,0.3947763741016388,219.13218688964844,378.4319763183594,265.586181640625,423.01416015625,3
Flickr30K/2846843520.jpg,/content/Image_captioning_Local/Flickr30K/flickr30k_images/flickr30k_images/2846843520.jpg,orange,0.3719736933708191,219.13323974609375,378.48492431640625,265.5797424316406,422.9327087402344,3
Flickr30K/2846853277.jpg,/content/Image_captioning_Local/Flickr30K/flickr30k_images/flickr30k_images/2846853277.jpg,person,0.6078869104385376,228.68502807617188,325.1226806640625,245.5098419189453,365.783447265625,4
Flickr30K/2846853277.jpg,/content/Image_captioning_Local/Flickr30K/flickr30k_images/flickr30k_images/2846853277.jpg,motorcycle,0.55262291431427,222.38612365722656,340.7427673339844,254.89559936523438,375.1218566894531,4
Flickr30K/2846853277.jpg,/content/Image_captioning_Local/Flickr30K/flickr30k_images/flickr30k_images/2846853277.jpg,bicycle,0.3414812982082367,223.09829711914062,340.3620300292969,255.01454162597656,375.0755920410156,4
Flickr30K/2846853277.jpg,/content/Image_captioning_Local/Flickr30K/flickr30k_images/flickr30k_images/2846853277.jpg,person,0.3300701975822449,227.50875854492188,324.73760986328125,251.6819305419922,366.2076416015625,4
Flickr30K/2846985581.jpg,/content/Image_captioning_Local/Flickr30K/flickr30k_images/flickr30k_images/2846985581.jpg,person,0.8433486819267273,201.293701171875,128.65151977539062,421.4395446777344,319.1595458984375,5
Flickr30K/2846985581.jpg,/content/Image_captioning_Local/Flickr30K/flickr30k_images/flickr30k_images/2846985581.jpg,person,0.7683048248291016,0.0,1.490461826324463,356.9709167480469,317.972412109375,5
Flickr30K/2846985581.jpg,/content/Image_captioning_Local/Flickr30K/flickr30k_images/flickr30k_images/2846985581.jpg,person,0.714417040348053,0.15327930450439453,1.0827898979187012,134.01011657714844,231.86288452148438,5
Flickr30K/2846985581.jpg,/content/Image_captioning_Local/Flickr30K/flickr30k_images/flickr30k_images/2846985581.jpg,person,0.48401525616645813,347.82391357421875,2.2777676582336426,481.838623046875,317.3403625488281,5
Flickr30K/2846985581.jpg,/content/Image_captioning_Local/Flickr30K/flickr30k_images/flickr30k_images/2846985581.jpg,backpack,0.391855388879776,387.9697570800781,1.3005971908569336,499.7640686035156,171.55604553222656,5
Flickr30K/2847281670.jpg,/content/Image_captioning_Local/Flickr30K/flickr30k_images/flickr30k_images/2847281670.jpg,person,0.8866214752197266,248.4872283935547,7.588291168212891,356.7079162597656,187.72007751464844,28
Flickr30K/2847281670.jpg,/content/Image_captioning_Local/Flickr30K/flickr30k_images/flickr30k_images/2847281670.jpg,bird,0.8545839190483093,226.73902893066406,279.9267883300781,257.0853271484375,329.80059814453125,28
Flickr30K/2847281670.jpg,/content/Image_captioning_Local/Flickr30K/flickr30k_images/flickr30k_images/2847281670.jpg,bird,0.8399618268013,86.33818817138672,280.7449951171875,146.5861053466797,327.103515625,28
Flickr30K/2847281670.jpg,/content/Image_captioning_Local/Flickr30K/flickr30k_images/flickr30k_images/2847281670.jpg,person,0.8372527956962585,0.06336569786071777,50.05469512939453,63.57738494873047,121.13613891601562,28
Flickr30K/2847281670.jpg,/content/Image_captioning_Local/Flickr30K/flickr30k_images/flickr30k_images/2847281670.jpg,person,0.811667799949646,349.1866455078125,38.932167053222656,441.8857116699219,107.50883483886719,28
Flickr30K/2847281670.jpg,/content/Image_captioning_Local/Flickr30K/flickr30k_images/flickr30k_images/2847281670.jpg,person,0.7864080667495728,90.388427734375,37.07476806640625,168.7981719970703,109.77471923828125,28
Flickr30K/2847281670.jpg,/content/Image_captioning_Local/Flickr30K/flickr30k_images/flickr30k_images/2847281670.jpg,bird,0.7610008120536804,149.357177734375,262.8700256347656,209.03884887695312,310.150146484375,28
Flickr30K/2847281670.jpg,/content/Image_captioning_Local/Flickr30K/flickr30k_images/flickr30k_images/2847281670.jpg,person,0.7400872707366943,145.16378784179688,24.46973419189453,262.45379638671875,282.74334716796875,28
Flickr30K/2847281670.jpg,/content/Image_captioning_Local/Flickr30K/flickr30k_images/flickr30k_images/2847281670.jpg,bottle,0.7344563007354736,248.68626403808594,148.38243103027344,263.6710510253906,191.4866943359375,28
Flickr30K/2847281670.jpg,/content/Image_captioning_Local/Flickr30K/flickr30k_images/flickr30k_images/2847281670.jpg,person,0.7307335138320923,431.5404052734375,0.0,478.0430908203125,94.90959930419922,28
Flickr30K/2847281670.jpg,/content/Image_captioning_Local/Flickr30K/flickr30k_images/flickr30k_images/2847281670.jpg,bird,0.7183038592338562,74.35737609863281,250.17581176757812,101.86358642578125,290.6661376953125,28
Flickr30K/2847281670.jpg,/content/Image_captioning_Local/Flickr30K/flickr30k_images/flickr30k_images/2847281670.jpg,bird,0.6686675548553467,121.19867706298828,265.9636535644531,160.2703094482422,304.8101501464844,28
Flickr30K/2847281670.jpg,/content/Image_captioning_Local/Flickr30K/flickr30k_images/flickr30k_images/2847281670.jpg,bird,0.6669373512268066,263.7170715332031,265.6466369628906,315.2137145996094,317.81707763671875,28
Flickr30K/2847281670.jpg,/content/Image_captioning_Local/Flickr30K/flickr30k_images/flickr30k_images/2847281670.jpg,bird,0.6304067969322205,306.3858947753906,285.8492431640625,333.2130432128906,327.4398193359375,28
Flickr30K/2847281670.jpg,/content/Image_captioning_Local/Flickr30K/flickr30k_images/flickr30k_images/2847281670.jpg,bird,0.6231480240821838,345.8551330566406,253.09381103515625,406.3592834472656,303.6220703125,28
Flickr30K/2847281670.jpg,/content/Image_captioning_Local/Flickr30K/flickr30k_images/flickr30k_images/2847281670.jpg,bird,0.5478893518447876,262.0906982421875,251.12814331054688,312.054443359375,292.509033203125,28
Flickr30K/2847281670.jpg,/content/Image_captioning_Local/Flickr30K/flickr30k_images/flickr30k_images/2847281670.jpg,person,0.5246759057044983,144.68536376953125,83.88153076171875,228.0751190185547,225.77548217773438,28
Flickr30K/2847281670.jpg,/content/Image_captioning_Local/Flickr30K/flickr30k_images/flickr30k_images/2847281670.jpg,bird,0.5084713697433472,296.1361083984375,252.99826049804688,358.49261474609375,296.2959289550781,28
Flickr30K/2847281670.jpg,/content/Image_captioning_Local/Flickr30K/flickr30k_images/flickr30k_images/2847281670.jpg,bird,0.45905885100364685,428.9551696777344,287.9216613769531,491.2301940917969,328.1473693847656,28
Flickr30K/2847281670.jpg,/content/Image_captioning_Local/Flickr30K/flickr30k_images/flickr30k_images/2847281670.jpg,person,0.43880560994148254,486.248291015625,52.83306884765625,499.8213806152344,103.32637786865234,28
Flickr30K/2847281670.jpg,/content/Image_captioning_Local/Flickr30K/flickr30k_images/flickr30k_images/2847281670.jpg,bird,0.402342826128006,481.4090576171875,237.43185424804688,499.76959228515625,293.2059631347656,28
Flickr30K/2847281670.jpg,/content/Image_captioning_Local/Flickr30K/flickr30k_images/flickr30k_images/2847281670.jpg,bird,0.4020857810974121,0.01332312822341919,247.5106658935547,20.387943267822266,284.5846252441406,28
Flickr30K/2847281670.jpg,/content/Image_captioning_Local/Flickr30K/flickr30k_images/flickr30k_images/2847281670.jpg,bird,0.38555607199668884,421.2845458984375,251.6702117919922,478.7120361328125,294.66461181640625,28
Flickr30K/2847281670.jpg,/content/Image_captioning_Local/Flickr30K/flickr30k_images/flickr30k_images/2847281670.jpg,bird,0.32474711537361145,410.31915283203125,264.5672607421875,481.78253173828125,307.7972717285156,28
Flickr30K/2847281670.jpg,/content/Image_captioning_Local/Flickr30K/flickr30k_images/flickr30k_images/2847281670.jpg,bird,0.29862019419670105,382.7355041503906,270.8817443847656,433.9156494140625,308.81524658203125,28
Flickr30K/2847281670.jpg,/content/Image_captioning_Local/Flickr30K/flickr30k_images/flickr30k_images/2847281670.jpg,bird,0.29107826948165894,44.97235870361328,269.621337890625,67.21528625488281,298.5682373046875,28
Flickr30K/2847281670.jpg,/content/Image_captioning_Local/Flickr30K/flickr30k_images/flickr30k_images/2847281670.jpg,bird,0.2541488707065582,402.9476318359375,270.2438049316406,432.2109375,308.0650939941406,28
Flickr30K/2847281670.jpg,/content/Image_captioning_Local/Flickr30K/flickr30k_images/flickr30k_images/2847281670.jpg,person,0.25190192461013794,152.79074096679688,24.909412384033203,261.97833251953125,215.44142150878906,28
Flickr30K/2847514745.jpg,/content/Image_captioning_Local/Flickr30K/flickr30k_images/flickr30k_images/2847514745.jpg,person,0.7579048275947571,181.986328125,227.77442932128906,201.1792449951172,268.5766296386719,11
Flickr30K/2847514745.jpg,/content/Image_captioning_Local/Flickr30K/flickr30k_images/flickr30k_images/2847514745.jpg,person,0.7527393102645874,160.89764404296875,245.6747589111328,184.43289184570312,276.2624206542969,11
Flickr30K/2847514745.jpg,/content/Image_captioning_Local/Flickr30K/flickr30k_images/flickr30k_images/2847514745.jpg,person,0.6192885041236877,115.22338104248047,222.47183227539062,128.3184814453125,263.44677734375,11
Flickr30K/2847514745.jpg,/content/Image_captioning_Local/Flickr30K/flickr30k_images/flickr30k_images/2847514745.jpg,person,0.5870872735977173,460.3634033203125,202.86221313476562,468.7412109375,223.7701416015625,11
Flickr30K/2847514745.jpg,/content/Image_captioning_Local/Flickr30K/flickr30k_images/flickr30k_images/2847514745.jpg,person,0.5171424746513367,100.05819702148438,220.80433654785156,112.04457092285156,265.1964416503906,11
Flickr30K/2847514745.jpg,/content/Image_captioning_Local/Flickr30K/flickr30k_images/flickr30k_images/2847514745.jpg,person,0.44411078095436096,140.85252380371094,245.00714111328125,153.85081481933594,274.63702392578125,11
Flickr30K/2847514745.jpg,/content/Image_captioning_Local/Flickr30K/flickr30k_images/flickr30k_images/2847514745.jpg,person,0.42033281922340393,413.6172790527344,207.84954833984375,421.1963195800781,230.456787109375,11
Flickr30K/2847514745.jpg,/content/Image_captioning_Local/Flickr30K/flickr30k_images/flickr30k_images/2847514745.jpg,person,0.4090409576892853,442.1105041503906,202.58238220214844,449.5637512207031,224.69970703125,11
Flickr30K/2847514745.jpg,/content/Image_captioning_Local/Flickr30K/flickr30k_images/flickr30k_images/2847514745.jpg,person,0.3954809308052063,219.5301055908203,245.4823455810547,239.38751220703125,271.7116394042969,11
Flickr30K/2847514745.jpg,/content/Image_captioning_Local/Flickr30K/flickr30k_images/flickr30k_images/2847514745.jpg,person,0.2782878279685974,228.7157745361328,242.6870880126953,243.47622680664062,270.6875305175781,11
Flickr30K/2847514745.jpg,/content/Image_captioning_Local/Flickr30K/flickr30k_images/flickr30k_images/2847514745.jpg,person,0.27557653188705444,100.0732650756836,221.98631286621094,116.8965072631836,264.87432861328125,11
Flickr30K/2847541837.jpg,/content/Image_captioning_Local/Flickr30K/flickr30k_images/flickr30k_images/2847541837.jpg,person,0.903807520866394,335.96307373046875,148.7561492919922,368.7960510253906,210.3849639892578,5
Flickr30K/2847541837.jpg,/content/Image_captioning_Local/Flickr30K/flickr30k_images/flickr30k_images/2847541837.jpg,person,0.9000926613807678,278.06829833984375,153.67672729492188,308.7740478515625,203.92349243164062,5
Flickr30K/2847541837.jpg,/content/Image_captioning_Local/Flickr30K/flickr30k_images/flickr30k_images/2847541837.jpg,person,0.8676539063453674,127.77519226074219,131.79248046875,151.02938842773438,201.72021484375,5
Flickr30K/2847541837.jpg,/content/Image_captioning_Local/Flickr30K/flickr30k_images/flickr30k_images/2847541837.jpg,person,0.8370268940925598,80.00994873046875,132.07626342773438,115.57269287109375,200.8558349609375,5
Flickr30K/2847541837.jpg,/content/Image_captioning_Local/Flickr30K/flickr30k_images/flickr30k_images/2847541837.jpg,person,0.6912561655044556,93.6756362915039,127.587890625,116.93064880371094,200.62771606445312,5
Flickr30K/2847553486.jpg,/content/Image_captioning_Local/Flickr30K/flickr30k_images/flickr30k_images/2847553486.jpg,person,0.814082145690918,131.34307861328125,178.20689392089844,178.90277099609375,319.43572998046875,10
Flickr30K/2847553486.jpg,/content/Image_captioning_Local/Flickr30K/flickr30k_images/flickr30k_images/2847553486.jpg,person,0.7135095596313477,300.0824279785156,182.7989044189453,342.5617370605469,298.57061767578125,10
Flickr30K/2847553486.jpg,/content/Image_captioning_Local/Flickr30K/flickr30k_images/flickr30k_images/2847553486.jpg,person,0.6848785281181335,374.0391845703125,186.33029174804688,417.62066650390625,287.4830017089844,10
Flickr30K/2847553486.jpg,/content/Image_captioning_Local/Flickr30K/flickr30k_images/flickr30k_images/2847553486.jpg,person,0.6689366698265076,170.7225341796875,184.8544158935547,216.1837158203125,288.1422119140625,10
Flickr30K/2847553486.jpg,/content/Image_captioning_Local/Flickr30K/flickr30k_images/flickr30k_images/2847553486.jpg,person,0.6322881579399109,342.3348083496094,182.31349182128906,373.7899169921875,291.3714904785156,10
Flickr30K/2847553486.jpg,/content/Image_captioning_Local/Flickr30K/flickr30k_images/flickr30k_images/2847553486.jpg,person,0.6009442210197449,478.481689453125,192.4852294921875,499.819580078125,343.10711669921875,10
Flickr30K/2847553486.jpg,/content/Image_captioning_Local/Flickr30K/flickr30k_images/flickr30k_images/2847553486.jpg,person,0.5787153244018555,324.2646179199219,333.0436706542969,360.3904113769531,374.7003479003906,10
Flickr30K/2847553486.jpg,/content/Image_captioning_Local/Flickr30K/flickr30k_images/flickr30k_images/2847553486.jpg,person,0.5721080899238586,41.99649429321289,195.06707763671875,111.0345230102539,298.8783264160156,10
Flickr30K/2847553486.jpg,/content/Image_captioning_Local/Flickr30K/flickr30k_images/flickr30k_images/2847553486.jpg,person,0.49877142906188965,255.3295135498047,183.77540588378906,297.4478759765625,284.615478515625,10
Flickr30K/2847553486.jpg,/content/Image_captioning_Local/Flickr30K/flickr30k_images/flickr30k_images/2847553486.jpg,person,0.3887327313423157,431.9571533203125,190.78488159179688,459.98468017578125,278.07659912109375,10
Flickr30K/2847615962.jpg,/content/Image_captioning_Local/Flickr30K/flickr30k_images/flickr30k_images/2847615962.jpg,dog,0.7715299725532532,191.21878051757812,53.32508850097656,358.71392822265625,272.6152038574219,2
Flickr30K/2847615962.jpg,/content/Image_captioning_Local/Flickr30K/flickr30k_images/flickr30k_images/2847615962.jpg,bed,0.6644982099533081,1.500936508178711,184.66030883789062,380.4288330078125,308.1519470214844,2
Flickr30K/2847633529.jpg,/content/Image_captioning_Local/Flickr30K/flickr30k_images/flickr30k_images/2847633529.jpg,person,0.8228718042373657,117.12135314941406,241.83668518066406,239.34054565429688,453.3154602050781,2
Flickr30K/2847633529.jpg,/content/Image_captioning_Local/Flickr30K/flickr30k_images/flickr30k_images/2847633529.jpg,handbag,0.5029484629631042,178.7822723388672,284.0248718261719,225.3571014404297,373.4981994628906,2
Flickr30K/2847859796.jpg,/content/Image_captioning_Local/Flickr30K/flickr30k_images/flickr30k_images/2847859796.jpg,person,0.8343631029129028,1.8610239028930664,0.5409479141235352,374.7652282714844,301.71697998046875,1
Flickr30K/2848266893.jpg,/content/Image_captioning_Local/Flickr30K/flickr30k_images/flickr30k_images/2848266893.jpg,person,0.9187231063842773,125.06938171386719,47.995994567871094,294.72998046875,458.0841979980469,3
Flickr30K/2848266893.jpg,/content/Image_captioning_Local/Flickr30K/flickr30k_images/flickr30k_images/2848266893.jpg,book,0.3657928705215454,203.41754150390625,142.20635986328125,265.70086669921875,175.83489990234375,3
Flickr30K/2848266893.jpg,/content/Image_captioning_Local/Flickr30K/flickr30k_images/flickr30k_images/2848266893.jpg,book,0.3049857020378113,203.02438354492188,142.3948974609375,265.5204772949219,192.65806579589844,3
Flickr30K/2848418175.jpg,/content/Image_captioning_Local/Flickr30K/flickr30k_images/flickr30k_images/2848418175.jpg,person,0.8898865580558777,109.22181701660156,108.66923522949219,152.46807861328125,231.6977081298828,2
Flickr30K/2848418175.jpg,/content/Image_captioning_Local/Flickr30K/flickr30k_images/flickr30k_images/2848418175.jpg,horse,0.7824192047119141,165.37991333007812,92.87908172607422,285.04522705078125,245.104248046875,2
Flickr30K/2848571082.jpg,/content/Image_captioning_Local/Flickr30K/flickr30k_images/flickr30k_images/2848571082.jpg,dog,0.8895259499549866,97.14100646972656,30.5338134765625,381.07879638671875,359.1354675292969,3
Flickr30K/2848571082.jpg,/content/Image_captioning_Local/Flickr30K/flickr30k_images/flickr30k_images/2848571082.jpg,potted plant,0.3138471841812134,109.97416687011719,101.6376724243164,137.5894317626953,129.71852111816406,3
Flickr30K/2848571082.jpg,/content/Image_captioning_Local/Flickr30K/flickr30k_images/flickr30k_images/2848571082.jpg,person,0.30923327803611755,200.21290588378906,0.13148188591003418,243.18576049804688,16.13990592956543,3
Flickr30K/2848895544.jpg,/content/Image_captioning_Local/Flickr30K/flickr30k_images/flickr30k_images/2848895544.jpg,sports ball,0.9024716019630432,82.0850601196289,270.75494384765625,109.44662475585938,295.6919250488281,5
Flickr30K/2848895544.jpg,/content/Image_captioning_Local/Flickr30K/flickr30k_images/flickr30k_images/2848895544.jpg,person,0.8904908299446106,1.3462483882904053,160.86907958984375,56.5045166015625,300.15234375,5
Flickr30K/2848895544.jpg,/content/Image_captioning_Local/Flickr30K/flickr30k_images/flickr30k_images/2848895544.jpg,person,0.8565217852592468,83.82500457763672,216.88414001464844,170.65313720703125,295.12347412109375,5
Flickr30K/2848895544.jpg,/content/Image_captioning_Local/Flickr30K/flickr30k_images/flickr30k_images/2848895544.jpg,person,0.5083159804344177,0.005809962749481201,197.90968322753906,9.054468154907227,253.49998474121094,5
Flickr30K/2848895544.jpg,/content/Image_captioning_Local/Flickr30K/flickr30k_images/flickr30k_images/2848895544.jpg,truck,0.2579151690006256,42.504547119140625,10.07530689239502,486.80615234375,278.34771728515625,5
Flickr30K/2848977044.jpg,/content/Image_captioning_Local/Flickr30K/flickr30k_images/flickr30k_images/2848977044.jpg,horse,0.8446109294891357,56.12915802001953,162.44171142578125,455.6845703125,376.6304016113281,16
Flickr30K/2848977044.jpg,/content/Image_captioning_Local/Flickr30K/flickr30k_images/flickr30k_images/2848977044.jpg,person,0.711125373840332,156.3152313232422,60.70075225830078,239.45469665527344,306.4065856933594,16
Flickr30K/2848977044.jpg,/content/Image_captioning_Local/Flickr30K/flickr30k_images/flickr30k_images/2848977044.jpg,horse,0.6867509484291077,54.990623474121094,72.08171081542969,453.52935791015625,376.3699035644531,16
Flickr30K/2848977044.jpg,/content/Image_captioning_Local/Flickr30K/flickr30k_images/flickr30k_images/2848977044.jpg,person,0.6127795577049255,95.02592468261719,123.51016998291016,147.12171936035156,180.16357421875,16
Flickr30K/2848977044.jpg,/content/Image_captioning_Local/Flickr30K/flickr30k_images/flickr30k_images/2848977044.jpg,person,0.6086308360099792,9.803396224975586,131.99905395507812,68.27272033691406,246.56434631347656,16
Flickr30K/2848977044.jpg,/content/Image_captioning_Local/Flickr30K/flickr30k_images/flickr30k_images/2848977044.jpg,person,0.5667575001716614,226.34263610839844,71.22188568115234,280.8685302734375,158.78366088867188,16
Flickr30K/2848977044.jpg,/content/Image_captioning_Local/Flickr30K/flickr30k_images/flickr30k_images/2848977044.jpg,person,0.5335507988929749,437.9117126464844,194.216064453125,499.6345520019531,267.2911682128906,16
Flickr30K/2848977044.jpg,/content/Image_captioning_Local/Flickr30K/flickr30k_images/flickr30k_images/2848977044.jpg,person,0.48280248045921326,278.0244445800781,84.20610046386719,326.7289733886719,164.02601623535156,16
Flickr30K/2848977044.jpg,/content/Image_captioning_Local/Flickr30K/flickr30k_images/flickr30k_images/2848977044.jpg,person,0.4629668891429901,462.424072265625,109.51888275146484,499.826416015625,191.3738555908203,16
Flickr30K/2848977044.jpg,/content/Image_captioning_Local/Flickr30K/flickr30k_images/flickr30k_images/2848977044.jpg,person,0.38929665088653564,11.024286270141602,67.47476196289062,59.117462158203125,150.53001403808594,16
Flickr30K/2848977044.jpg,/content/Image_captioning_Local/Flickr30K/flickr30k_images/flickr30k_images/2848977044.jpg,person,0.3845857083797455,317.6525573730469,14.366436004638672,368.32452392578125,132.81922912597656,16
Flickr30K/2848977044.jpg,/content/Image_captioning_Local/Flickr30K/flickr30k_images/flickr30k_images/2848977044.jpg,person,0.3771926760673523,285.587890625,40.837921142578125,321.64898681640625,103.7726058959961,16
Flickr30K/2848977044.jpg,/content/Image_captioning_Local/Flickr30K/flickr30k_images/flickr30k_images/2848977044.jpg,person,0.3421105444431305,232.02496337890625,172.20843505859375,265.96087646484375,207.25132751464844,16
Flickr30K/2848977044.jpg,/content/Image_captioning_Local/Flickr30K/flickr30k_images/flickr30k_images/2848977044.jpg,person,0.3126230537891388,278.3309326171875,149.6276092529297,322.1675109863281,208.23558044433594,16
Flickr30K/2848977044.jpg,/content/Image_captioning_Local/Flickr30K/flickr30k_images/flickr30k_images/2848977044.jpg,person,0.287000834941864,0.10031014680862427,80.47723388671875,15.783584594726562,153.344970703125,16
Flickr30K/2848977044.jpg,/content/Image_captioning_Local/Flickr30K/flickr30k_images/flickr30k_images/2848977044.jpg,person,0.2788766026496887,158.33201599121094,65.96333312988281,190.96682739257812,145.37246704101562,16
Flickr30K/2849169944.jpg,/content/Image_captioning_Local/Flickr30K/flickr30k_images/flickr30k_images/2849169944.jpg,dog,0.9460558295249939,230.04579162597656,182.8207550048828,369.86566162109375,316.0641174316406,5
Flickr30K/2849169944.jpg,/content/Image_captioning_Local/Flickr30K/flickr30k_images/flickr30k_images/2849169944.jpg,person,0.9215648174285889,44.56871795654297,33.01519012451172,156.8662567138672,300.7741394042969,5
Flickr30K/2849169944.jpg,/content/Image_captioning_Local/Flickr30K/flickr30k_images/flickr30k_images/2849169944.jpg,person,0.8936188817024231,197.83709716796875,12.051307678222656,280.3694152832031,302.7754821777344,5
Flickr30K/2849169944.jpg,/content/Image_captioning_Local/Flickr30K/flickr30k_images/flickr30k_images/2849169944.jpg,person,0.8723284602165222,125.35118865966797,37.86811828613281,213.69065856933594,308.9024658203125,5
Flickr30K/2849169944.jpg,/content/Image_captioning_Local/Flickr30K/flickr30k_images/flickr30k_images/2849169944.jpg,person,0.8662526607513428,381.66046142578125,15.364474296569824,414.7387390136719,96.71376037597656,5
Flickr30K/2849194983.jpg,/content/Image_captioning_Local/Flickr30K/flickr30k_images/flickr30k_images/2849194983.jpg,person,0.8640403151512146,9.342670440673828,1.2928009033203125,499.6018981933594,497.03912353515625,1
Flickr30K/2849292029.jpg,/content/Image_captioning_Local/Flickr30K/flickr30k_images/flickr30k_images/2849292029.jpg,person,0.8907612562179565,309.6426086425781,101.34349060058594,392.87396240234375,297.9405517578125,5
Flickr30K/2849292029.jpg,/content/Image_captioning_Local/Flickr30K/flickr30k_images/flickr30k_images/2849292029.jpg,cow,0.8386560082435608,44.02423095703125,200.6194610595703,235.41407775878906,311.0139465332031,5
Flickr30K/2849292029.jpg,/content/Image_captioning_Local/Flickr30K/flickr30k_images/flickr30k_images/2849292029.jpg,horse,0.8362369537353516,211.1142578125,125.94661712646484,462.1834411621094,350.1163024902344,5
Flickr30K/2849292029.jpg,/content/Image_captioning_Local/Flickr30K/flickr30k_images/flickr30k_images/2849292029.jpg,person,0.6302281022071838,264.2311096191406,89.69853210449219,332.7255859375,174.2563018798828,5
Flickr30K/2849292029.jpg,/content/Image_captioning_Local/Flickr30K/flickr30k_images/flickr30k_images/2849292029.jpg,cow,0.5040158629417419,455.1263732910156,217.11997985839844,499.84759521484375,272.0008850097656,5
Flickr30K/2849842834.jpg,/content/Image_captioning_Local/Flickr30K/flickr30k_images/flickr30k_images/2849842834.jpg,person,0.8861126899719238,50.828243255615234,168.1260223388672,148.49488830566406,433.2898254394531,21
Flickr30K/2849842834.jpg,/content/Image_captioning_Local/Flickr30K/flickr30k_images/flickr30k_images/2849842834.jpg,person,0.8607239723205566,153.8596649169922,178.9514923095703,281.2938232421875,450.688232421875,21
Flickr30K/2849842834.jpg,/content/Image_captioning_Local/Flickr30K/flickr30k_images/flickr30k_images/2849842834.jpg,person,0.8496392965316772,0.0,157.75466918945312,43.6229362487793,336.44110107421875,21
Flickr30K/2849842834.jpg,/content/Image_captioning_Local/Flickr30K/flickr30k_images/flickr30k_images/2849842834.jpg,handbag,0.8315818905830383,34.85530471801758,318.6235046386719,93.83576965332031,387.2767028808594,21
Flickr30K/2849842834.jpg,/content/Image_captioning_Local/Flickr30K/flickr30k_images/flickr30k_images/2849842834.jpg,backpack,0.7945795655250549,183.78677368164062,224.54783630371094,249.71942138671875,311.3935241699219,21
Flickr30K/2849842834.jpg,/content/Image_captioning_Local/Flickr30K/flickr30k_images/flickr30k_images/2849842834.jpg,person,0.7013580203056335,32.5887565612793,171.77166748046875,77.5618667602539,317.4593505859375,21
Flickr30K/2849842834.jpg,/content/Image_captioning_Local/Flickr30K/flickr30k_images/flickr30k_images/2849842834.jpg,person,0.6906540393829346,251.14207458496094,165.67959594726562,321.69061279296875,438.9416198730469,21
Flickr30K/2849842834.jpg,/content/Image_captioning_Local/Flickr30K/flickr30k_images/flickr30k_images/2849842834.jpg,person,0.6759031414985657,156.00076293945312,165.4890594482422,176.0902862548828,235.16908264160156,21
Flickr30K/2849842834.jpg,/content/Image_captioning_Local/Flickr30K/flickr30k_images/flickr30k_images/2849842834.jpg,suitcase,0.6594554781913757,265.5978698730469,326.9951477050781,328.645751953125,421.9136657714844,21
Flickr30K/2849842834.jpg,/content/Image_captioning_Local/Flickr30K/flickr30k_images/flickr30k_images/2849842834.jpg,person,0.5696782469749451,298.2088623046875,174.73773193359375,340.8692932128906,350.9566650390625,21
Flickr30K/2849842834.jpg,/content/Image_captioning_Local/Flickr30K/flickr30k_images/flickr30k_images/2849842834.jpg,person,0.5388535857200623,198.0702362060547,159.9483642578125,217.02871704101562,180.82810974121094,21
Flickr30K/2849842834.jpg,/content/Image_captioning_Local/Flickr30K/flickr30k_images/flickr30k_images/2849842834.jpg,person,0.5001718997955322,253.1750946044922,164.63380432128906,321.3932189941406,347.1205139160156,21
Flickr30K/2849842834.jpg,/content/Image_captioning_Local/Flickr30K/flickr30k_images/flickr30k_images/2849842834.jpg,handbag,0.4886612892150879,12.56568431854248,241.15631103515625,45.92890930175781,284.1305847167969,21
Flickr30K/2849842834.jpg,/content/Image_captioning_Local/Flickr30K/flickr30k_images/flickr30k_images/2849842834.jpg,person,0.47790035605430603,145.4629364013672,171.18698120117188,200.45323181152344,435.0502624511719,21
Flickr30K/2849842834.jpg,/content/Image_captioning_Local/Flickr30K/flickr30k_images/flickr30k_images/2849842834.jpg,handbag,0.4680219292640686,264.4278869628906,327.3323669433594,329.09942626953125,422.1455993652344,21
Flickr30K/2849842834.jpg,/content/Image_captioning_Local/Flickr30K/flickr30k_images/flickr30k_images/2849842834.jpg,handbag,0.4043668508529663,12.068367004394531,187.77288818359375,47.81629943847656,283.5679016113281,21
Flickr30K/2849842834.jpg,/content/Image_captioning_Local/Flickr30K/flickr30k_images/flickr30k_images/2849842834.jpg,backpack,0.36591747403144836,16.5128231048584,185.86184692382812,47.02274703979492,251.1841583251953,21
Flickr30K/2849842834.jpg,/content/Image_captioning_Local/Flickr30K/flickr30k_images/flickr30k_images/2849842834.jpg,handbag,0.3217966556549072,138.86439514160156,330.0141296386719,171.2422637939453,405.09527587890625,21
Flickr30K/2849842834.jpg,/content/Image_captioning_Local/Flickr30K/flickr30k_images/flickr30k_images/2849842834.jpg,person,0.2670670747756958,146.3196258544922,171.5179901123047,201.15484619140625,338.8811950683594,21
Flickr30K/2849842834.jpg,/content/Image_captioning_Local/Flickr30K/flickr30k_images/flickr30k_images/2849842834.jpg,person,0.2631280720233917,226.75523376464844,183.79876708984375,244.00424194335938,224.69752502441406,21
Flickr30K/2849842834.jpg,/content/Image_captioning_Local/Flickr30K/flickr30k_images/flickr30k_images/2849842834.jpg,person,0.2605944871902466,264.9929504394531,171.8699951171875,341.14202880859375,433.77777099609375,21
Flickr30K/2849852340.jpg,/content/Image_captioning_Local/Flickr30K/flickr30k_images/flickr30k_images/2849852340.jpg,person,0.9128443598747253,97.878173828125,22.33896255493164,196.76063537597656,206.61158752441406,11
Flickr30K/2849852340.jpg,/content/Image_captioning_Local/Flickr30K/flickr30k_images/flickr30k_images/2849852340.jpg,person,0.8619751930236816,345.4951171875,0.37326812744140625,496.9998474121094,205.05276489257812,11
Flickr30K/2849852340.jpg,/content/Image_captioning_Local/Flickr30K/flickr30k_images/flickr30k_images/2849852340.jpg,bottle,0.8071165680885315,281.38519287109375,120.76604461669922,302.1869201660156,204.55458068847656,11
Flickr30K/2849852340.jpg,/content/Image_captioning_Local/Flickr30K/flickr30k_images/flickr30k_images/2849852340.jpg,bottle,0.6351516842842102,302.8164978027344,128.04273986816406,331.3834228515625,203.65591430664062,11
Flickr30K/2849852340.jpg,/content/Image_captioning_Local/Flickr30K/flickr30k_images/flickr30k_images/2849852340.jpg,bottle,0.6325375437736511,242.91592407226562,150.5562744140625,263.85308837890625,205.44305419921875,11
Flickr30K/2849852340.jpg,/content/Image_captioning_Local/Flickr30K/flickr30k_images/flickr30k_images/2849852340.jpg,bottle,0.58063143491745,226.16873168945312,155.01470947265625,244.5925750732422,204.72560119628906,11
Flickr30K/2849852340.jpg,/content/Image_captioning_Local/Flickr30K/flickr30k_images/flickr30k_images/2849852340.jpg,bottle,0.4854736626148224,202.9766845703125,142.12388610839844,220.29617309570312,204.83045959472656,11
Flickr30K/2849852340.jpg,/content/Image_captioning_Local/Flickr30K/flickr30k_images/flickr30k_images/2849852340.jpg,bottle,0.4007880687713623,211.47474670410156,157.2875518798828,230.87954711914062,205.13291931152344,11
Flickr30K/2849852340.jpg,/content/Image_captioning_Local/Flickr30K/flickr30k_images/flickr30k_images/2849852340.jpg,cup,0.33943793177604675,277.6413879394531,66.90330505371094,294.4999694824219,87.30750274658203,11
Flickr30K/2849852340.jpg,/content/Image_captioning_Local/Flickr30K/flickr30k_images/flickr30k_images/2849852340.jpg,cup,0.3097054958343506,319.3229064941406,66.79100799560547,336.8819580078125,87.44275665283203,11
Flickr30K/2849852340.jpg,/content/Image_captioning_Local/Flickr30K/flickr30k_images/flickr30k_images/2849852340.jpg,bottle,0.29358145594596863,266.88458251953125,154.54440307617188,290.1017761230469,199.22193908691406,11
Flickr30K/2849864963.jpg,/content/Image_captioning_Local/Flickr30K/flickr30k_images/flickr30k_images/2849864963.jpg,person,0.902682900428772,217.9046630859375,198.29452514648438,268.1460876464844,299.0101013183594,7
Flickr30K/2849864963.jpg,/content/Image_captioning_Local/Flickr30K/flickr30k_images/flickr30k_images/2849864963.jpg,person,0.8929684162139893,21.06431770324707,203.26524353027344,66.90934753417969,298.7088317871094,7
Flickr30K/2849864963.jpg,/content/Image_captioning_Local/Flickr30K/flickr30k_images/flickr30k_images/2849864963.jpg,person,0.8847799301147461,275.9687805175781,202.24452209472656,332.99908447265625,299.09759521484375,7
Flickr30K/2849864963.jpg,/content/Image_captioning_Local/Flickr30K/flickr30k_images/flickr30k_images/2849864963.jpg,person,0.8766674399375916,73.72784423828125,203.42709350585938,125.74312591552734,299.0711364746094,7
Flickr30K/2849864963.jpg,/content/Image_captioning_Local/Flickr30K/flickr30k_images/flickr30k_images/2849864963.jpg,person,0.8643611669540405,389.69482421875,207.23443603515625,443.08819580078125,298.25848388671875,7
Flickr30K/2849864963.jpg,/content/Image_captioning_Local/Flickr30K/flickr30k_images/flickr30k_images/2849864963.jpg,person,0.8641076683998108,143.63233947753906,205.28082275390625,170.69192504882812,298.6543273925781,7
Flickr30K/2849864963.jpg,/content/Image_captioning_Local/Flickr30K/flickr30k_images/flickr30k_images/2849864963.jpg,person,0.7698761820793152,359.1959533691406,195.84507751464844,397.6203308105469,300.4859313964844,7
Flickr30K/2850719435.jpg,/content/Image_captioning_Local/Flickr30K/flickr30k_images/flickr30k_images/2850719435.jpg,person,0.9318954944610596,171.85726928710938,73.18197631835938,316.1147155761719,370.9977111816406,2
Flickr30K/2850719435.jpg,/content/Image_captioning_Local/Flickr30K/flickr30k_images/flickr30k_images/2850719435.jpg,person,0.924826979637146,0.0,136.55322265625,73.26969146728516,413.151123046875,2
Flickr30K/2851198725.jpg,/content/Image_captioning_Local/Flickr30K/flickr30k_images/flickr30k_images/2851198725.jpg,person,0.8259003758430481,108.93306732177734,99.2364501953125,375.0,377.95892333984375,1
Flickr30K/2851304910.jpg,/content/Image_captioning_Local/Flickr30K/flickr30k_images/flickr30k_images/2851304910.jpg,person,0.9197008609771729,0.6033182144165039,81.63079071044922,295.889892578125,370.56903076171875,1
Flickr30K/2851931813.jpg,/content/Image_captioning_Local/Flickr30K/flickr30k_images/flickr30k_images/2851931813.jpg,person,0.9433314800262451,165.16213989257812,87.15426635742188,377.5022888183594,291.9173889160156,1
Flickr30K/285208916.jpg,/content/Image_captioning_Local/Flickr30K/flickr30k_images/flickr30k_images/285208916.jpg,person,0.8736659288406372,57.0643424987793,2.4869441986083984,480.6203918457031,267.1695556640625,8
Flickr30K/285208916.jpg,/content/Image_captioning_Local/Flickr30K/flickr30k_images/flickr30k_images/285208916.jpg,tv,0.8237547874450684,259.42926025390625,20.77410125732422,330.2303466796875,75.8668441772461,8
Flickr30K/285208916.jpg,/content/Image_captioning_Local/Flickr30K/flickr30k_images/flickr30k_images/285208916.jpg,chair,0.7945540547370911,413.655029296875,239.3990936279297,499.7713623046875,328.12811279296875,8
Flickr30K/285208916.jpg,/content/Image_captioning_Local/Flickr30K/flickr30k_images/flickr30k_images/285208916.jpg,tv,0.6576835513114929,0.1004934310913086,0.0,58.65418243408203,47.40901184082031,8
Flickr30K/285208916.jpg,/content/Image_captioning_Local/Flickr30K/flickr30k_images/flickr30k_images/285208916.jpg,tv,0.6144918203353882,325.8182067871094,29.83250617980957,391.20697021484375,84.26310729980469,8
Flickr30K/285208916.jpg,/content/Image_captioning_Local/Flickr30K/flickr30k_images/flickr30k_images/285208916.jpg,tv,0.5129530429840088,441.6158752441406,51.99029541015625,499.8161315917969,98.36370849609375,8
Flickr30K/285208916.jpg,/content/Image_captioning_Local/Flickr30K/flickr30k_images/flickr30k_images/285208916.jpg,tv,0.38946208357810974,48.486507415771484,1.008927822113037,156.66244506835938,42.507469177246094,8
Flickr30K/285208916.jpg,/content/Image_captioning_Local/Flickr30K/flickr30k_images/flickr30k_images/285208916.jpg,pizza,0.345725417137146,321.0645446777344,242.02532958984375,377.0279541015625,254.07862854003906,8
Flickr30K/2852670181.jpg,/content/Image_captioning_Local/Flickr30K/flickr30k_images/flickr30k_images/2852670181.jpg,person,0.8632745742797852,311.0860900878906,0.0,347.24139404296875,99.56132507324219,19
Flickr30K/2852670181.jpg,/content/Image_captioning_Local/Flickr30K/flickr30k_images/flickr30k_images/2852670181.jpg,person,0.8138250112533569,333.3381042480469,33.71906280517578,418.98504638671875,167.23361206054688,19
Flickr30K/2852670181.jpg,/content/Image_captioning_Local/Flickr30K/flickr30k_images/flickr30k_images/2852670181.jpg,person,0.7873370051383972,18.736618041992188,9.560203552246094,33.8942756652832,40.666053771972656,19
Flickr30K/2852670181.jpg,/content/Image_captioning_Local/Flickr30K/flickr30k_images/flickr30k_images/2852670181.jpg,surfboard,0.7852674126625061,51.49974822998047,240.3750457763672,255.88316345214844,359.83099365234375,19
Flickr30K/2852670181.jpg,/content/Image_captioning_Local/Flickr30K/flickr30k_images/flickr30k_images/2852670181.jpg,person,0.6348411440849304,180.1077117919922,7.872474193572998,193.2262725830078,43.602359771728516,19
Flickr30K/2852670181.jpg,/content/Image_captioning_Local/Flickr30K/flickr30k_images/flickr30k_images/2852670181.jpg,surfboard,0.582793653011322,30.333877563476562,131.86839294433594,153.30429077148438,193.66383361816406,19
Flickr30K/2852670181.jpg,/content/Image_captioning_Local/Flickr30K/flickr30k_images/flickr30k_images/2852670181.jpg,person,0.5568404197692871,343.89215087890625,6.775331497192383,351.458984375,34.06540298461914,19
Flickr30K/2852670181.jpg,/content/Image_captioning_Local/Flickr30K/flickr30k_images/flickr30k_images/2852670181.jpg,surfboard,0.522701621055603,35.226585388183594,165.33775329589844,191.37368774414062,235.70394897460938,19
Flickr30K/2852670181.jpg,/content/Image_captioning_Local/Flickr30K/flickr30k_images/flickr30k_images/2852670181.jpg,person,0.4210863709449768,174.28765869140625,7.324588298797607,183.50791931152344,43.05630874633789,19
Flickr30K/2852670181.jpg,/content/Image_captioning_Local/Flickr30K/flickr30k_images/flickr30k_images/2852670181.jpg,cup,0.3776181936264038,368.7818908691406,138.84658813476562,392.568603515625,169.00758361816406,19
Flickr30K/2852670181.jpg,/content/Image_captioning_Local/Flickr30K/flickr30k_images/flickr30k_images/2852670181.jpg,surfboard,0.3523739278316498,203.29623413085938,120.59718322753906,278.98822021484375,156.64385986328125,19
Flickr30K/2852670181.jpg,/content/Image_captioning_Local/Flickr30K/flickr30k_images/flickr30k_images/2852670181.jpg,surfboard,0.34409916400909424,281.1845397949219,155.77951049804688,360.3929138183594,204.73179626464844,19
Flickr30K/2852670181.jpg,/content/Image_captioning_Local/Flickr30K/flickr30k_images/flickr30k_images/2852670181.jpg,surfboard,0.3381268382072449,247.2276611328125,149.455078125,337.85601806640625,187.08042907714844,19
Flickr30K/2852670181.jpg,/content/Image_captioning_Local/Flickr30K/flickr30k_images/flickr30k_images/2852670181.jpg,surfboard,0.3330800235271454,42.162750244140625,212.04566955566406,227.7651824951172,318.225341796875,19
Flickr30K/2852670181.jpg,/content/Image_captioning_Local/Flickr30K/flickr30k_images/flickr30k_images/2852670181.jpg,person,0.31479349732398987,175.87820434570312,7.3142290115356445,185.65286254882812,43.343807220458984,19
Flickr30K/2852670181.jpg,/content/Image_captioning_Local/Flickr30K/flickr30k_images/flickr30k_images/2852670181.jpg,surfboard,0.276978075504303,34.71349334716797,150.06332397460938,162.03086853027344,197.00440979003906,19
Flickr30K/2852670181.jpg,/content/Image_captioning_Local/Flickr30K/flickr30k_images/flickr30k_images/2852670181.jpg,surfboard,0.2631453573703766,291.8656921386719,106.42540740966797,369.98406982421875,133.4716796875,19
Flickr30K/2852670181.jpg,/content/Image_captioning_Local/Flickr30K/flickr30k_images/flickr30k_images/2852670181.jpg,surfboard,0.25719329714775085,0.12412071228027344,114.0218734741211,65.5272216796875,141.99774169921875,19
Flickr30K/2852670181.jpg,/content/Image_captioning_Local/Flickr30K/flickr30k_images/flickr30k_images/2852670181.jpg,surfboard,0.25394120812416077,33.9742431640625,132.30934143066406,148.06666564941406,167.15994262695312,19
Flickr30K/2852672275.jpg,/content/Image_captioning_Local/Flickr30K/flickr30k_images/flickr30k_images/2852672275.jpg,person,0.8688742518424988,42.7257194519043,0.5867958068847656,333.0,419.58074951171875,1
Flickr30K/2852673699.jpg,/content/Image_captioning_Local/Flickr30K/flickr30k_images/flickr30k_images/2852673699.jpg,person,0.8912861347198486,207.97161865234375,47.36356735229492,309.53057861328125,408.51898193359375,16
Flickr30K/2852673699.jpg,/content/Image_captioning_Local/Flickr30K/flickr30k_images/flickr30k_images/2852673699.jpg,person,0.8716312646865845,124.76620483398438,67.99359130859375,212.3130340576172,249.8494110107422,16
Flickr30K/2852673699.jpg,/content/Image_captioning_Local/Flickr30K/flickr30k_images/flickr30k_images/2852673699.jpg,person,0.7409712672233582,118.35460662841797,89.66207885742188,155.37347412109375,212.60003662109375,16
Flickr30K/2852673699.jpg,/content/Image_captioning_Local/Flickr30K/flickr30k_images/flickr30k_images/2852673699.jpg,person,0.6999680995941162,61.4273796081543,95.33131408691406,89.56420135498047,170.54693603515625,16
Flickr30K/2852673699.jpg,/content/Image_captioning_Local/Flickr30K/flickr30k_images/flickr30k_images/2852673699.jpg,person,0.6813606023788452,104.06887817382812,89.9267578125,128.939697265625,192.15316772460938,16
Flickr30K/2852673699.jpg,/content/Image_captioning_Local/Flickr30K/flickr30k_images/flickr30k_images/2852673699.jpg,person,0.6305118799209595,9.341645240783691,91.67353820800781,39.34028244018555,196.1022186279297,16
Flickr30K/2852673699.jpg,/content/Image_captioning_Local/Flickr30K/flickr30k_images/flickr30k_images/2852673699.jpg,person,0.6250399947166443,286.37518310546875,157.09127807617188,332.9588317871094,308.461181640625,16
Flickr30K/2852673699.jpg,/content/Image_captioning_Local/Flickr30K/flickr30k_images/flickr30k_images/2852673699.jpg,person,0.589723527431488,24.55158233642578,91.74571990966797,53.86443328857422,192.29861450195312,16
Flickr30K/2852673699.jpg,/content/Image_captioning_Local/Flickr30K/flickr30k_images/flickr30k_images/2852673699.jpg,person,0.5268805027008057,293.1080322265625,86.38909149169922,332.2257385253906,158.4746856689453,16
Flickr30K/2852673699.jpg,/content/Image_captioning_Local/Flickr30K/flickr30k_images/flickr30k_images/2852673699.jpg,person,0.4706883728504181,311.1766052246094,75.83589935302734,332.9663391113281,138.21343994140625,16
Flickr30K/2852673699.jpg,/content/Image_captioning_Local/Flickr30K/flickr30k_images/flickr30k_images/2852673699.jpg,dining table,0.3618226647377014,25.519084930419922,170.41696166992188,242.74168395996094,486.5498046875,16
Flickr30K/2852673699.jpg,/content/Image_captioning_Local/Flickr30K/flickr30k_images/flickr30k_images/2852673699.jpg,person,0.35114505887031555,206.68377685546875,91.63685607910156,239.5841064453125,234.43446350097656,16
Flickr30K/2852673699.jpg,/content/Image_captioning_Local/Flickr30K/flickr30k_images/flickr30k_images/2852673699.jpg,person,0.3510722815990448,88.93978881835938,90.20449829101562,112.66458129882812,169.9103546142578,16
Flickr30K/2852673699.jpg,/content/Image_captioning_Local/Flickr30K/flickr30k_images/flickr30k_images/2852673699.jpg,cake,0.3278880715370178,115.64640045166016,216.7987823486328,163.8815460205078,243.34754943847656,16
Flickr30K/2852673699.jpg,/content/Image_captioning_Local/Flickr30K/flickr30k_images/flickr30k_images/2852673699.jpg,person,0.3067827522754669,49.280975341796875,99.1544189453125,63.445091247558594,144.71583557128906,16
Flickr30K/2852673699.jpg,/content/Image_captioning_Local/Flickr30K/flickr30k_images/flickr30k_images/2852673699.jpg,cake,0.29198846220970154,99.7558822631836,196.00445556640625,216.92050170898438,294.1658630371094,16
Flickr30K/2852982055.jpg,/content/Image_captioning_Local/Flickr30K/flickr30k_images/flickr30k_images/2852982055.jpg,person,0.9198537468910217,160.07334899902344,162.58421325683594,219.32626342773438,286.5641174316406,3
Flickr30K/2852982055.jpg,/content/Image_captioning_Local/Flickr30K/flickr30k_images/flickr30k_images/2852982055.jpg,person,0.9154907464981079,74.57008361816406,230.2847137451172,147.0206298828125,294.271728515625,3
Flickr30K/2852982055.jpg,/content/Image_captioning_Local/Flickr30K/flickr30k_images/flickr30k_images/2852982055.jpg,person,0.8885417580604553,340.169921875,77.6315689086914,406.186767578125,282.035400390625,3
Flickr30K/285306009.jpg,/content/Image_captioning_Local/Flickr30K/flickr30k_images/flickr30k_images/285306009.jpg,bench,0.9115064740180969,10.28764533996582,111.36686706542969,92.58391571044922,185.4573516845703,9
Flickr30K/285306009.jpg,/content/Image_captioning_Local/Flickr30K/flickr30k_images/flickr30k_images/285306009.jpg,person,0.9031376242637634,275.7602233886719,115.93125915527344,409.60296630859375,337.17523193359375,9
Flickr30K/285306009.jpg,/content/Image_captioning_Local/Flickr30K/flickr30k_images/flickr30k_images/285306009.jpg,bench,0.8769083619117737,340.1965026855469,190.52682495117188,478.644287109375,361.4701843261719,9
Flickr30K/285306009.jpg,/content/Image_captioning_Local/Flickr30K/flickr30k_images/flickr30k_images/285306009.jpg,bench,0.8290069699287415,403.77764892578125,259.64227294921875,499.2872619628906,386.0279541015625,9
Flickr30K/285306009.jpg,/content/Image_captioning_Local/Flickr30K/flickr30k_images/flickr30k_images/285306009.jpg,book,0.595426619052887,257.5653076171875,208.98683166503906,311.8231201171875,245.84405517578125,9
Flickr30K/285306009.jpg,/content/Image_captioning_Local/Flickr30K/flickr30k_images/flickr30k_images/285306009.jpg,bench,0.5158659219741821,188.5006103515625,83.54668426513672,243.42413330078125,128.7289581298828,9
Flickr30K/285306009.jpg,/content/Image_captioning_Local/Flickr30K/flickr30k_images/flickr30k_images/285306009.jpg,person,0.4070718586444855,186.94711303710938,64.6159439086914,218.5078125,125.84049987792969,9
Flickr30K/285306009.jpg,/content/Image_captioning_Local/Flickr30K/flickr30k_images/flickr30k_images/285306009.jpg,person,0.3691069483757019,9.133064270019531,56.354820251464844,33.26941680908203,88.42813110351562,9
Flickr30K/285306009.jpg,/content/Image_captioning_Local/Flickr30K/flickr30k_images/flickr30k_images/285306009.jpg,bench,0.26326391100883484,295.76214599609375,79.10661315917969,340.2771911621094,125.81539154052734,9
Flickr30K/285318896.jpg,/content/Image_captioning_Local/Flickr30K/flickr30k_images/flickr30k_images/285318896.jpg,tie,0.9008201360702515,173.0954132080078,127.46476745605469,227.12850952148438,384.4042663574219,3
Flickr30K/285318896.jpg,/content/Image_captioning_Local/Flickr30K/flickr30k_images/flickr30k_images/285318896.jpg,cup,0.8611419796943665,254.32620239257812,348.1195068359375,306.80938720703125,425.7369079589844,3
Flickr30K/285318896.jpg,/content/Image_captioning_Local/Flickr30K/flickr30k_images/flickr30k_images/285318896.jpg,person,0.8144391179084778,0.0,6.705570220947266,336.6413879394531,498.80169677734375,3
Flickr30K/285319526.jpg,/content/Image_captioning_Local/Flickr30K/flickr30k_images/flickr30k_images/285319526.jpg,person,0.850143313407898,5.475831031799316,6.337153911590576,277.70758056640625,327.59161376953125,6
Flickr30K/285319526.jpg,/content/Image_captioning_Local/Flickr30K/flickr30k_images/flickr30k_images/285319526.jpg,person,0.6714261770248413,150.6123504638672,0.5873203277587891,445.9317321777344,327.35101318359375,6
Flickr30K/285319526.jpg,/content/Image_captioning_Local/Flickr30K/flickr30k_images/flickr30k_images/285319526.jpg,person,0.6524961590766907,84.00122833251953,0.46846866607666016,142.49191284179688,91.86282348632812,6
Flickr30K/285319526.jpg,/content/Image_captioning_Local/Flickr30K/flickr30k_images/flickr30k_images/285319526.jpg,person,0.575518786907196,391.0478210449219,1.8888473510742188,499.7869873046875,328.1817321777344,6
Flickr30K/285319526.jpg,/content/Image_captioning_Local/Flickr30K/flickr30k_images/flickr30k_images/285319526.jpg,person,0.4689801335334778,170.8903350830078,0.13375282287597656,262.4386901855469,71.26924896240234,6
Flickr30K/285319526.jpg,/content/Image_captioning_Local/Flickr30K/flickr30k_images/flickr30k_images/285319526.jpg,handbag,0.30853354930877686,180.27565002441406,215.4379425048828,212.99375915527344,330.4228210449219,6
Flickr30K/2853205396.jpg,/content/Image_captioning_Local/Flickr30K/flickr30k_images/flickr30k_images/2853205396.jpg,dog,0.9255291223526001,144.61029052734375,47.757530212402344,350.9666748046875,312.2281188964844,1
Flickr30K/2853407781.jpg,/content/Image_captioning_Local/Flickr30K/flickr30k_images/flickr30k_images/2853407781.jpg,person,0.9448050260543823,141.94277954101562,28.949737548828125,389.4455871582031,311.5982971191406,2
Flickr30K/2853407781.jpg,/content/Image_captioning_Local/Flickr30K/flickr30k_images/flickr30k_images/2853407781.jpg,cup,0.915454626083374,185.5458984375,118.15626525878906,218.98028564453125,162.23751831054688,2
Flickr30K/2853451727.jpg,/content/Image_captioning_Local/Flickr30K/flickr30k_images/flickr30k_images/2853451727.jpg,person,0.9041998386383057,68.49231719970703,0.0,323.478515625,438.2939758300781,7
Flickr30K/2853451727.jpg,/content/Image_captioning_Local/Flickr30K/flickr30k_images/flickr30k_images/2853451727.jpg,person,0.9036330580711365,186.735107421875,199.78680419921875,243.70693969726562,382.6052551269531,7
Flickr30K/2853451727.jpg,/content/Image_captioning_Local/Flickr30K/flickr30k_images/flickr30k_images/2853451727.jpg,person,0.8813589811325073,56.191062927246094,189.56546020507812,146.54510498046875,408.2850341796875,7
Flickr30K/2853451727.jpg,/content/Image_captioning_Local/Flickr30K/flickr30k_images/flickr30k_images/2853451727.jpg,person,0.8477228879928589,268.57232666015625,188.8600616455078,330.05657958984375,373.98931884765625,7
Flickr30K/2853451727.jpg,/content/Image_captioning_Local/Flickr30K/flickr30k_images/flickr30k_images/2853451727.jpg,backpack,0.8300051689147949,286.4538269042969,210.16468811035156,325.7816162109375,271.2654724121094,7
Flickr30K/2853451727.jpg,/content/Image_captioning_Local/Flickr30K/flickr30k_images/flickr30k_images/2853451727.jpg,person,0.6896339654922485,175.4241943359375,200.0313262939453,200.49090576171875,230.73696899414062,7
Flickr30K/2853451727.jpg,/content/Image_captioning_Local/Flickr30K/flickr30k_images/flickr30k_images/2853451727.jpg,person,0.5395601987838745,73.13024139404297,185.0393829345703,104.08869934082031,229.2613983154297,7
Flickr30K/2853682342.jpg,/content/Image_captioning_Local/Flickr30K/flickr30k_images/flickr30k_images/2853682342.jpg,person,0.9489116668701172,156.1248321533203,177.1048126220703,304.6852722167969,358.2850036621094,1
Flickr30K/2853743795.jpg,/content/Image_captioning_Local/Flickr30K/flickr30k_images/flickr30k_images/2853743795.jpg,person,0.9142909049987793,0.7898092269897461,139.23301696777344,166.10513305664062,486.8346252441406,2
Flickr30K/2853743795.jpg,/content/Image_captioning_Local/Flickr30K/flickr30k_images/flickr30k_images/2853743795.jpg,dog,0.8914015293121338,161.75555419921875,61.88178253173828,364.9093017578125,357.22021484375,2
Flickr30K/2853811730.jpg,/content/Image_captioning_Local/Flickr30K/flickr30k_images/flickr30k_images/2853811730.jpg,person,0.9086441397666931,133.06686401367188,28.398334503173828,276.185791015625,361.2558288574219,7
Flickr30K/2853811730.jpg,/content/Image_captioning_Local/Flickr30K/flickr30k_images/flickr30k_images/2853811730.jpg,chair,0.5997388362884521,306.8168640136719,123.24967193603516,397.7746887207031,215.45401000976562,7
Flickr30K/2853811730.jpg,/content/Image_captioning_Local/Flickr30K/flickr30k_images/flickr30k_images/2853811730.jpg,person,0.5441180467605591,342.7617492675781,107.75733947753906,400.6479797363281,211.32778930664062,7
Flickr30K/2853811730.jpg,/content/Image_captioning_Local/Flickr30K/flickr30k_images/flickr30k_images/2853811730.jpg,bench,0.47346562147140503,256.0619812011719,209.04689025878906,499.2735290527344,260.5633239746094,7
Flickr30K/2853811730.jpg,/content/Image_captioning_Local/Flickr30K/flickr30k_images/flickr30k_images/2853811730.jpg,bench,0.4089761972427368,22.38055419921875,201.4848175048828,175.62939453125,237.01223754882812,7
Flickr30K/2853811730.jpg,/content/Image_captioning_Local/Flickr30K/flickr30k_images/flickr30k_images/2853811730.jpg,tv,0.36127761006355286,438.490478515625,164.31851196289062,495.0204772949219,221.70977783203125,7
Flickr30K/2853811730.jpg,/content/Image_captioning_Local/Flickr30K/flickr30k_images/flickr30k_images/2853811730.jpg,person,0.2778722047805786,363.4563903808594,107.75418090820312,400.9188537597656,210.1123809814453,7
Flickr30K/2854207034.jpg,/content/Image_captioning_Local/Flickr30K/flickr30k_images/flickr30k_images/2854207034.jpg,bicycle,0.2929600179195404,148.64820861816406,209.0049285888672,212.5958251953125,272.0226745605469,1
Flickr30K/2854234756.jpg,/content/Image_captioning_Local/Flickr30K/flickr30k_images/flickr30k_images/2854234756.jpg,person,0.9092904329299927,129.87733459472656,74.7304916381836,247.98121643066406,350.1084899902344,2
Flickr30K/2854234756.jpg,/content/Image_captioning_Local/Flickr30K/flickr30k_images/flickr30k_images/2854234756.jpg,handbag,0.2968592345714569,128.69427490234375,179.66957092285156,164.18177795410156,269.8082580566406,2
Flickr30K/2854291706.jpg,/content/Image_captioning_Local/Flickr30K/flickr30k_images/flickr30k_images/2854291706.jpg,person,0.9337860345840454,224.015625,42.17554473876953,340.5245666503906,321.264892578125,5
Flickr30K/2854291706.jpg,/content/Image_captioning_Local/Flickr30K/flickr30k_images/flickr30k_images/2854291706.jpg,car,0.9132474660873413,322.01678466796875,140.01231384277344,499.2966613769531,243.6187286376953,5
Flickr30K/2854291706.jpg,/content/Image_captioning_Local/Flickr30K/flickr30k_images/flickr30k_images/2854291706.jpg,person,0.8482878804206848,120.0020751953125,12.618457794189453,248.27328491210938,315.8917541503906,5
Flickr30K/2854291706.jpg,/content/Image_captioning_Local/Flickr30K/flickr30k_images/flickr30k_images/2854291706.jpg,cell phone,0.697771430015564,135.00537109375,195.76641845703125,152.47906494140625,216.883056640625,5
Flickr30K/2854291706.jpg,/content/Image_captioning_Local/Flickr30K/flickr30k_images/flickr30k_images/2854291706.jpg,car,0.6474867463111877,42.648841857910156,150.3909149169922,147.59532165527344,230.06686401367188,5
Flickr30K/2854959952.jpg,/content/Image_captioning_Local/Flickr30K/flickr30k_images/flickr30k_images/2854959952.jpg,dog,0.9568925499916077,76.42539978027344,110.4378433227539,192.49853515625,283.6824035644531,4
Flickr30K/2854959952.jpg,/content/Image_captioning_Local/Flickr30K/flickr30k_images/flickr30k_images/2854959952.jpg,dog,0.9420843124389648,164.4461669921875,352.9299011230469,353.5027160644531,468.4656066894531,4
Flickr30K/2854959952.jpg,/content/Image_captioning_Local/Flickr30K/flickr30k_images/flickr30k_images/2854959952.jpg,sports ball,0.6418326497077942,158.57972717285156,55.41012954711914,181.390625,78.24980926513672,4
Flickr30K/2854959952.jpg,/content/Image_captioning_Local/Flickr30K/flickr30k_images/flickr30k_images/2854959952.jpg,frisbee,0.4697920083999634,158.70242309570312,55.58032989501953,181.29039001464844,78.2706298828125,4
Flickr30K/2855417531.jpg,/content/Image_captioning_Local/Flickr30K/flickr30k_images/flickr30k_images/2855417531.jpg,person,0.9389050602912903,25.040388107299805,13.75269889831543,498.5960388183594,328.12298583984375,2
Flickr30K/2855417531.jpg,/content/Image_captioning_Local/Flickr30K/flickr30k_images/flickr30k_images/2855417531.jpg,person,0.6196834444999695,49.199684143066406,156.17747497558594,104.93937683105469,274.59893798828125,2
Flickr30K/28555944.jpg,/content/Image_captioning_Local/Flickr30K/flickr30k_images/flickr30k_images/28555944.jpg,person,0.9211657643318176,381.42645263671875,142.34877014160156,499.69598388671875,371.2545471191406,6
Flickr30K/28555944.jpg,/content/Image_captioning_Local/Flickr30K/flickr30k_images/flickr30k_images/28555944.jpg,person,0.9114949107170105,0.20958185195922852,0.29273033142089844,166.5745086669922,233.85696411132812,6
Flickr30K/28555944.jpg,/content/Image_captioning_Local/Flickr30K/flickr30k_images/flickr30k_images/28555944.jpg,person,0.5277877449989319,90.93594360351562,49.95307922363281,253.6631622314453,371.767333984375,6
Flickr30K/28555944.jpg,/content/Image_captioning_Local/Flickr30K/flickr30k_images/flickr30k_images/28555944.jpg,chair,0.46991539001464844,18.024635314941406,156.66860961914062,306.8525695800781,370.4580383300781,6
Flickr30K/28555944.jpg,/content/Image_captioning_Local/Flickr30K/flickr30k_images/flickr30k_images/28555944.jpg,person,0.3738769292831421,289.6043701171875,46.001243591308594,500.0,203.03683471679688,6
Flickr30K/28555944.jpg,/content/Image_captioning_Local/Flickr30K/flickr30k_images/flickr30k_images/28555944.jpg,person,0.2592230439186096,465.20806884765625,45.94314193725586,499.80657958984375,149.49476623535156,6
Flickr30K/2855594918.jpg,/content/Image_captioning_Local/Flickr30K/flickr30k_images/flickr30k_images/2855594918.jpg,bicycle,0.9345449209213257,0.0,302.89306640625,339.425048828125,479.343017578125,2
Flickr30K/2855594918.jpg,/content/Image_captioning_Local/Flickr30K/flickr30k_images/flickr30k_images/2855594918.jpg,person,0.8978997468948364,21.174911499023438,18.538009643554688,309.2525939941406,476.72357177734375,2
Flickr30K/2855667597.jpg,/content/Image_captioning_Local/Flickr30K/flickr30k_images/flickr30k_images/2855667597.jpg,dog,0.9257689118385315,87.9525375366211,77.7933578491211,197.1495819091797,230.9123992919922,4
Flickr30K/2855667597.jpg,/content/Image_captioning_Local/Flickr30K/flickr30k_images/flickr30k_images/2855667597.jpg,dog,0.9058013558387756,341.32073974609375,88.04109954833984,444.1694641113281,242.60816955566406,4
Flickr30K/2855667597.jpg,/content/Image_captioning_Local/Flickr30K/flickr30k_images/flickr30k_images/2855667597.jpg,dog,0.7974327802658081,223.9541015625,99.0763168334961,333.1781311035156,237.73446655273438,4
Flickr30K/2855667597.jpg,/content/Image_captioning_Local/Flickr30K/flickr30k_images/flickr30k_images/2855667597.jpg,sheep,0.25397536158561707,232.74404907226562,67.58885192871094,281.2432556152344,106.06825256347656,4
Flickr30K/2855695119.jpg,/content/Image_captioning_Local/Flickr30K/flickr30k_images/flickr30k_images/2855695119.jpg,dog,0.8985666632652283,150.37982177734375,139.0245361328125,305.95281982421875,323.57586669921875,2
Flickr30K/2855695119.jpg,/content/Image_captioning_Local/Flickr30K/flickr30k_images/flickr30k_images/2855695119.jpg,frisbee,0.34507060050964355,84.00285339355469,276.2830810546875,182.1846466064453,371.19464111328125,2
Flickr30K/2855727603.jpg,/content/Image_captioning_Local/Flickr30K/flickr30k_images/flickr30k_images/2855727603.jpg,dog,0.9342216849327087,193.10733032226562,60.444114685058594,479.2913513183594,276.21923828125,1
Flickr30K/285586547.jpg,/content/Image_captioning_Local/Flickr30K/flickr30k_images/flickr30k_images/285586547.jpg,dog,0.9350965619087219,283.73785400390625,166.86764526367188,405.0143737792969,259.8724365234375,4
Flickr30K/285586547.jpg,/content/Image_captioning_Local/Flickr30K/flickr30k_images/flickr30k_images/285586547.jpg,person,0.902115523815155,68.49832153320312,13.958382606506348,272.9788818359375,285.0235290527344,4
Flickr30K/285586547.jpg,/content/Image_captioning_Local/Flickr30K/flickr30k_images/flickr30k_images/285586547.jpg,motorcycle,0.8148930668830872,68.65496826171875,86.46592712402344,487.79205322265625,398.924072265625,4
Flickr30K/285586547.jpg,/content/Image_captioning_Local/Flickr30K/flickr30k_images/flickr30k_images/285586547.jpg,motorcycle,0.37480902671813965,66.14928436279297,81.54322052001953,269.70623779296875,387.1756896972656,4
Flickr30K/2855910826.jpg,/content/Image_captioning_Local/Flickr30K/flickr30k_images/flickr30k_images/2855910826.jpg,person,0.9191969633102417,38.759708404541016,13.910508155822754,174.9529571533203,274.5503234863281,10
Flickr30K/2855910826.jpg,/content/Image_captioning_Local/Flickr30K/flickr30k_images/flickr30k_images/2855910826.jpg,person,0.9136520028114319,368.16644287109375,25.4849910736084,435.49688720703125,206.18577575683594,10
Flickr30K/2855910826.jpg,/content/Image_captioning_Local/Flickr30K/flickr30k_images/flickr30k_images/2855910826.jpg,person,0.8708061575889587,0.03674030303955078,58.06147003173828,12.633127212524414,153.5216827392578,10
Flickr30K/2855910826.jpg,/content/Image_captioning_Local/Flickr30K/flickr30k_images/flickr30k_images/2855910826.jpg,sports ball,0.8643108010292053,342.3276062011719,187.22622680664062,367.49334716796875,210.46292114257812,10
Flickr30K/2855910826.jpg,/content/Image_captioning_Local/Flickr30K/flickr30k_images/flickr30k_images/2855910826.jpg,person,0.8292121887207031,119.07776641845703,11.658346176147461,378.4981689453125,262.9747009277344,10
Flickr30K/2855910826.jpg,/content/Image_captioning_Local/Flickr30K/flickr30k_images/flickr30k_images/2855910826.jpg,person,0.7944800853729248,427.81878662109375,69.44967651367188,463.841064453125,152.54530334472656,10
Flickr30K/2855910826.jpg,/content/Image_captioning_Local/Flickr30K/flickr30k_images/flickr30k_images/2855910826.jpg,person,0.5813481211662292,126.03157806396484,46.211910247802734,156.39942932128906,130.7056884765625,10
Flickr30K/2855910826.jpg,/content/Image_captioning_Local/Flickr30K/flickr30k_images/flickr30k_images/2855910826.jpg,person,0.4227502644062042,119.71134948730469,13.267171859741211,252.99000549316406,247.5821075439453,10
Flickr30K/2855910826.jpg,/content/Image_captioning_Local/Flickr30K/flickr30k_images/flickr30k_images/2855910826.jpg,person,0.36321258544921875,173.12057495117188,13.564085960388184,254.38804626464844,156.16909790039062,10
Flickr30K/2855910826.jpg,/content/Image_captioning_Local/Flickr30K/flickr30k_images/flickr30k_images/2855910826.jpg,person,0.34892457723617554,37.7877311706543,48.885581970214844,75.87479400634766,153.87191772460938,10
Flickr30K/2856053254.jpg,/content/Image_captioning_Local/Flickr30K/flickr30k_images/flickr30k_images/2856053254.jpg,person,0.849039614200592,0.7833600044250488,3.7908077239990234,311.2805480957031,500.0,2
Flickr30K/2856053254.jpg,/content/Image_captioning_Local/Flickr30K/flickr30k_images/flickr30k_images/2856053254.jpg,baseball bat,0.33584439754486084,92.547607421875,0.07942318916320801,377.0,42.95490646362305,2
Flickr30K/2856080862.jpg,/content/Image_captioning_Local/Flickr30K/flickr30k_images/flickr30k_images/2856080862.jpg,person,0.903728723526001,198.84686279296875,171.63992309570312,244.71435546875,287.1512451171875,9
Flickr30K/2856080862.jpg,/content/Image_captioning_Local/Flickr30K/flickr30k_images/flickr30k_images/2856080862.jpg,person,0.9034774303436279,6.354725360870361,166.70608520507812,50.372291564941406,309.5030212402344,9
Flickr30K/2856080862.jpg,/content/Image_captioning_Local/Flickr30K/flickr30k_images/flickr30k_images/2856080862.jpg,person,0.8931334018707275,160.4152374267578,142.42430114746094,190.1599578857422,231.5518341064453,9
Flickr30K/2856080862.jpg,/content/Image_captioning_Local/Flickr30K/flickr30k_images/flickr30k_images/2856080862.jpg,person,0.8862971067428589,429.9054260253906,132.490234375,460.65625,213.53915405273438,9
Flickr30K/2856080862.jpg,/content/Image_captioning_Local/Flickr30K/flickr30k_images/flickr30k_images/2856080862.jpg,person,0.8711710572242737,85.6164321899414,123.38345336914062,110.84200286865234,194.77793884277344,9
Flickr30K/2856080862.jpg,/content/Image_captioning_Local/Flickr30K/flickr30k_images/flickr30k_images/2856080862.jpg,person,0.868199348449707,334.408447265625,121.90966796875,365.272216796875,193.50332641601562,9
Flickr30K/2856080862.jpg,/content/Image_captioning_Local/Flickr30K/flickr30k_images/flickr30k_images/2856080862.jpg,person,0.8618846535682678,468.3950500488281,133.81301879882812,499.8239440917969,207.3870849609375,9
Flickr30K/2856080862.jpg,/content/Image_captioning_Local/Flickr30K/flickr30k_images/flickr30k_images/2856080862.jpg,person,0.8507663607597351,314.57696533203125,122.02847290039062,335.3793640136719,196.53189086914062,9
Flickr30K/2856080862.jpg,/content/Image_captioning_Local/Flickr30K/flickr30k_images/flickr30k_images/2856080862.jpg,person,0.7986060976982117,288.8673400878906,114.37368774414062,304.50811767578125,160.02139282226562,9
Flickr30K/2856115343.jpg,/content/Image_captioning_Local/Flickr30K/flickr30k_images/flickr30k_images/2856115343.jpg,person,0.9391565322875977,1.0000944137573242,35.63975143432617,313.3179016113281,329.4761657714844,1
Flickr30K/2856252334.jpg,/content/Image_captioning_Local/Flickr30K/flickr30k_images/flickr30k_images/2856252334.jpg,person,0.9117764830589294,162.00994873046875,14.600467681884766,340.43310546875,354.6015319824219,1
Flickr30K/2856456013.jpg,/content/Image_captioning_Local/Flickr30K/flickr30k_images/flickr30k_images/2856456013.jpg,person,0.9468348026275635,201.86361694335938,98.57301330566406,394.91485595703125,326.1730651855469,7
Flickr30K/2856456013.jpg,/content/Image_captioning_Local/Flickr30K/flickr30k_images/flickr30k_images/2856456013.jpg,person,0.9369298815727234,107.63719177246094,143.2911376953125,272.6236572265625,360.3751525878906,7
Flickr30K/2856456013.jpg,/content/Image_captioning_Local/Flickr30K/flickr30k_images/flickr30k_images/2856456013.jpg,sports ball,0.884935200214386,151.158447265625,319.61029052734375,180.96669006347656,349.07366943359375,7
Flickr30K/2856456013.jpg,/content/Image_captioning_Local/Flickr30K/flickr30k_images/flickr30k_images/2856456013.jpg,car,0.8123478889465332,0.05053281784057617,30.9023380279541,41.6529426574707,66.14707946777344,7
Flickr30K/2856456013.jpg,/content/Image_captioning_Local/Flickr30K/flickr30k_images/flickr30k_images/2856456013.jpg,car,0.7771008610725403,126.90925598144531,0.0,378.1415100097656,63.36935806274414,7
Flickr30K/2856456013.jpg,/content/Image_captioning_Local/Flickr30K/flickr30k_images/flickr30k_images/2856456013.jpg,car,0.6868030428886414,432.7522277832031,9.20724868774414,499.7335510253906,58.306060791015625,7
Flickr30K/2856456013.jpg,/content/Image_captioning_Local/Flickr30K/flickr30k_images/flickr30k_images/2856456013.jpg,person,0.6477742791175842,344.42578125,10.1487398147583,436.2613525390625,242.91961669921875,7
Flickr30K/2856524322.jpg,/content/Image_captioning_Local/Flickr30K/flickr30k_images/flickr30k_images/2856524322.jpg,person,0.8889614343643188,151.2274932861328,88.72904968261719,294.20098876953125,298.5803527832031,2
Flickr30K/2856524322.jpg,/content/Image_captioning_Local/Flickr30K/flickr30k_images/flickr30k_images/2856524322.jpg,motorcycle,0.3013341426849365,202.36148071289062,80.79216766357422,366.4809265136719,221.357177734375,2
Flickr30K/2856564292.jpg,/content/Image_captioning_Local/Flickr30K/flickr30k_images/flickr30k_images/2856564292.jpg,person,0.9026432633399963,20.71468162536621,155.35623168945312,119.01175689697266,453.67108154296875,11
Flickr30K/2856564292.jpg,/content/Image_captioning_Local/Flickr30K/flickr30k_images/flickr30k_images/2856564292.jpg,person,0.8629775047302246,146.3653564453125,166.34703063964844,199.49246215820312,326.0787048339844,11
Flickr30K/2856564292.jpg,/content/Image_captioning_Local/Flickr30K/flickr30k_images/flickr30k_images/2856564292.jpg,person,0.8533245921134949,194.95950317382812,189.23402404785156,352.0352478027344,458.1866760253906,11
Flickr30K/2856564292.jpg,/content/Image_captioning_Local/Flickr30K/flickr30k_images/flickr30k_images/2856564292.jpg,car,0.8529027104377747,10.493826866149902,192.57781982421875,40.22586441040039,214.53587341308594,11
Flickr30K/2856564292.jpg,/content/Image_captioning_Local/Flickr30K/flickr30k_images/flickr30k_images/2856564292.jpg,person,0.8441322445869446,139.2880859375,192.28421020507812,285.9988708496094,445.8749694824219,11
Flickr30K/2856564292.jpg,/content/Image_captioning_Local/Flickr30K/flickr30k_images/flickr30k_images/2856564292.jpg,person,0.7767294645309448,190.065673828125,192.20140075683594,221.7648468017578,274.16650390625,11
Flickr30K/2856564292.jpg,/content/Image_captioning_Local/Flickr30K/flickr30k_images/flickr30k_images/2856564292.jpg,person,0.6869531869888306,138.3771209716797,191.6090087890625,149.8528289794922,226.01161193847656,11
Flickr30K/2856564292.jpg,/content/Image_captioning_Local/Flickr30K/flickr30k_images/flickr30k_images/2856564292.jpg,handbag,0.6214625835418701,118.650390625,206.3014678955078,141.4766845703125,268.2815856933594,11
Flickr30K/2856564292.jpg,/content/Image_captioning_Local/Flickr30K/flickr30k_images/flickr30k_images/2856564292.jpg,person,0.5416463613510132,94.05846405029297,185.6180419921875,132.4412841796875,303.4398193359375,11
Flickr30K/2856564292.jpg,/content/Image_captioning_Local/Flickr30K/flickr30k_images/flickr30k_images/2856564292.jpg,person,0.515077531337738,226.4218292236328,177.87942504882812,290.3451843261719,265.0910949707031,11
Flickr30K/2856564292.jpg,/content/Image_captioning_Local/Flickr30K/flickr30k_images/flickr30k_images/2856564292.jpg,person,0.4482235610485077,117.2491683959961,197.25741577148438,235.81509399414062,411.91693115234375,11
Flickr30K/2856699493.jpg,/content/Image_captioning_Local/Flickr30K/flickr30k_images/flickr30k_images/2856699493.jpg,person,0.9467543363571167,126.38993072509766,244.72750854492188,326.7546691894531,499.644287109375,3
Flickr30K/2856699493.jpg,/content/Image_captioning_Local/Flickr30K/flickr30k_images/flickr30k_images/2856699493.jpg,person,0.8934453129768372,56.51319122314453,243.7483367919922,176.90586853027344,499.38262939453125,3
Flickr30K/2856699493.jpg,/content/Image_captioning_Local/Flickr30K/flickr30k_images/flickr30k_images/2856699493.jpg,backpack,0.8490553498268127,43.75104904174805,312.62841796875,151.99026489257812,434.55029296875,3
Flickr30K/2856700531.jpg,/content/Image_captioning_Local/Flickr30K/flickr30k_images/flickr30k_images/2856700531.jpg,person,0.9245001077651978,24.26443099975586,76.92947387695312,303.43756103515625,499.2257995605469,1
Flickr30K/2856700762.jpg,/content/Image_captioning_Local/Flickr30K/flickr30k_images/flickr30k_images/2856700762.jpg,person,0.8868790864944458,344.379150390625,87.92450714111328,397.977294921875,261.2109375,6
Flickr30K/2856700762.jpg,/content/Image_captioning_Local/Flickr30K/flickr30k_images/flickr30k_images/2856700762.jpg,person,0.8347702622413635,81.58444213867188,69.10338592529297,128.46180725097656,260.3023986816406,6
Flickr30K/2856700762.jpg,/content/Image_captioning_Local/Flickr30K/flickr30k_images/flickr30k_images/2856700762.jpg,backpack,0.6130799651145935,58.54241943359375,110.46965026855469,85.22357940673828,165.49603271484375,6
Flickr30K/2856700762.jpg,/content/Image_captioning_Local/Flickr30K/flickr30k_images/flickr30k_images/2856700762.jpg,backpack,0.3131228983402252,338.55694580078125,97.85857391357422,366.4907531738281,153.51934814453125,6
Flickr30K/2856700762.jpg,/content/Image_captioning_Local/Flickr30K/flickr30k_images/flickr30k_images/2856700762.jpg,backpack,0.2665972113609314,345.0626525878906,98.19364929199219,367.2397766113281,130.16796875,6
Flickr30K/2856700762.jpg,/content/Image_captioning_Local/Flickr30K/flickr30k_images/flickr30k_images/2856700762.jpg,backpack,0.25091689825057983,58.37314224243164,103.65800476074219,103.7806167602539,167.21644592285156,6
Flickr30K/2856769919.jpg,/content/Image_captioning_Local/Flickr30K/flickr30k_images/flickr30k_images/2856769919.jpg,person,0.9432136416435242,64.24205017089844,9.989917755126953,264.6641845703125,284.9333801269531,1
Flickr30K/2856923934.jpg,/content/Image_captioning_Local/Flickr30K/flickr30k_images/flickr30k_images/2856923934.jpg,person,0.7124918699264526,207.859130859375,42.879722595214844,278.47576904296875,127.3275375366211,4
Flickr30K/2856923934.jpg,/content/Image_captioning_Local/Flickr30K/flickr30k_images/flickr30k_images/2856923934.jpg,person,0.6799117922782898,160.67030334472656,55.69989776611328,244.8241424560547,163.02334594726562,4
Flickr30K/2856923934.jpg,/content/Image_captioning_Local/Flickr30K/flickr30k_images/flickr30k_images/2856923934.jpg,boat,0.5836434960365295,161.71218872070312,84.80615234375,379.3155517578125,208.03785705566406,4
Flickr30K/2856923934.jpg,/content/Image_captioning_Local/Flickr30K/flickr30k_images/flickr30k_images/2856923934.jpg,boat,0.42847275733947754,65.06279754638672,83.40187072753906,379.8001403808594,211.4846649169922,4
Flickr30K/2857372127.jpg,/content/Image_captioning_Local/Flickr30K/flickr30k_images/flickr30k_images/2857372127.jpg,person,0.9259626865386963,254.57916259765625,123.64701843261719,484.5403747558594,372.02301025390625,4
Flickr30K/2857372127.jpg,/content/Image_captioning_Local/Flickr30K/flickr30k_images/flickr30k_images/2857372127.jpg,person,0.8963573575019836,434.2881164550781,2.2905826568603516,499.7544250488281,372.4692687988281,4
Flickr30K/2857372127.jpg,/content/Image_captioning_Local/Flickr30K/flickr30k_images/flickr30k_images/2857372127.jpg,person,0.8525221347808838,0.3348350524902344,0.7793426513671875,227.45521545410156,370.58697509765625,4
Flickr30K/2857372127.jpg,/content/Image_captioning_Local/Flickr30K/flickr30k_images/flickr30k_images/2857372127.jpg,baseball bat,0.4985787868499756,178.7587127685547,28.536819458007812,346.756591796875,152.89064025878906,4
Flickr30K/2857473929.jpg,/content/Image_captioning_Local/Flickr30K/flickr30k_images/flickr30k_images/2857473929.jpg,person,0.9365624189376831,342.4759521484375,163.25411987304688,433.0872497558594,371.27880859375,6
Flickr30K/2857473929.jpg,/content/Image_captioning_Local/Flickr30K/flickr30k_images/flickr30k_images/2857473929.jpg,person,0.9319663643836975,83.13822937011719,154.99720764160156,189.70765686035156,386.468994140625,6
Flickr30K/2857473929.jpg,/content/Image_captioning_Local/Flickr30K/flickr30k_images/flickr30k_images/2857473929.jpg,bicycle,0.5488558411598206,450.7013244628906,202.40420532226562,480.6205749511719,256.64453125,6
Flickr30K/2857473929.jpg,/content/Image_captioning_Local/Flickr30K/flickr30k_images/flickr30k_images/2857473929.jpg,tie,0.4065975844860077,374.9924621582031,199.280517578125,386.9873962402344,219.8795623779297,6
Flickr30K/2857473929.jpg,/content/Image_captioning_Local/Flickr30K/flickr30k_images/flickr30k_images/2857473929.jpg,bicycle,0.40540552139282227,423.794921875,203.2166748046875,449.3268127441406,254.95050048828125,6
Flickr30K/2857473929.jpg,/content/Image_captioning_Local/Flickr30K/flickr30k_images/flickr30k_images/2857473929.jpg,bicycle,0.38049474358558655,410.3941955566406,202.60104370117188,447.2075500488281,254.68406677246094,6
Flickr30K/2857558098.jpg,/content/Image_captioning_Local/Flickr30K/flickr30k_images/flickr30k_images/2857558098.jpg,dog,0.9476656913757324,58.441734313964844,0.14330148696899414,472.8096008300781,370.0324401855469,1
Flickr30K/2857609295.jpg,/content/Image_captioning_Local/Flickr30K/flickr30k_images/flickr30k_images/2857609295.jpg,dog,0.9350907206535339,128.04132080078125,198.09300231933594,241.76907348632812,300.63690185546875,18
Flickr30K/2857609295.jpg,/content/Image_captioning_Local/Flickr30K/flickr30k_images/flickr30k_images/2857609295.jpg,frisbee,0.8966519832611084,110.56134796142578,195.88587951660156,143.61512756347656,219.6204833984375,18
Flickr30K/2857609295.jpg,/content/Image_captioning_Local/Flickr30K/flickr30k_images/flickr30k_images/2857609295.jpg,person,0.7669872045516968,22.121070861816406,72.15692138671875,57.16841125488281,164.71141052246094,18
Flickr30K/2857609295.jpg,/content/Image_captioning_Local/Flickr30K/flickr30k_images/flickr30k_images/2857609295.jpg,person,0.7264290452003479,215.59996032714844,54.429771423339844,258.04248046875,102.66375732421875,18
Flickr30K/2857609295.jpg,/content/Image_captioning_Local/Flickr30K/flickr30k_images/flickr30k_images/2857609295.jpg,person,0.7249444723129272,188.14100646972656,59.03684997558594,222.6479034423828,161.83517456054688,18
Flickr30K/2857609295.jpg,/content/Image_captioning_Local/Flickr30K/flickr30k_images/flickr30k_images/2857609295.jpg,person,0.6886023879051208,94.00751495361328,65.39940643310547,128.58624267578125,164.8293914794922,18
Flickr30K/2857609295.jpg,/content/Image_captioning_Local/Flickr30K/flickr30k_images/flickr30k_images/2857609295.jpg,person,0.6714754104614258,117.11874389648438,62.945030212402344,155.5153350830078,122.18498992919922,18
Flickr30K/2857609295.jpg,/content/Image_captioning_Local/Flickr30K/flickr30k_images/flickr30k_images/2857609295.jpg,umbrella,0.6388511061668396,101.93956756591797,17.261125564575195,233.42904663085938,61.9415397644043,18
Flickr30K/2857609295.jpg,/content/Image_captioning_Local/Flickr30K/flickr30k_images/flickr30k_images/2857609295.jpg,person,0.624354362487793,307.68939208984375,45.945594787597656,341.1181335449219,152.6916961669922,18
Flickr30K/2857609295.jpg,/content/Image_captioning_Local/Flickr30K/flickr30k_images/flickr30k_images/2857609295.jpg,umbrella,0.5939856171607971,14.142447471618652,23.052120208740234,135.26132202148438,64.83485412597656,18
Flickr30K/2857609295.jpg,/content/Image_captioning_Local/Flickr30K/flickr30k_images/flickr30k_images/2857609295.jpg,person,0.512078046798706,37.01162338256836,136.10520935058594,70.16730499267578,174.90896606445312,18
Flickr30K/2857609295.jpg,/content/Image_captioning_Local/Flickr30K/flickr30k_images/flickr30k_images/2857609295.jpg,person,0.47394394874572754,0.03784894943237305,135.47308349609375,45.08599090576172,176.57974243164062,18
Flickr30K/2857609295.jpg,/content/Image_captioning_Local/Flickr30K/flickr30k_images/flickr30k_images/2857609295.jpg,person,0.3933675289154053,262.57012939453125,59.93467712402344,293.1530456542969,104.01409912109375,18
Flickr30K/2857609295.jpg,/content/Image_captioning_Local/Flickr30K/flickr30k_images/flickr30k_images/2857609295.jpg,person,0.34155675768852234,147.0104217529297,70.01731872558594,179.42152404785156,160.32717895507812,18
Flickr30K/2857609295.jpg,/content/Image_captioning_Local/Flickr30K/flickr30k_images/flickr30k_images/2857609295.jpg,umbrella,0.30376970767974854,213.2057647705078,0.1279294490814209,355.0,54.247928619384766,18
Flickr30K/2857609295.jpg,/content/Image_captioning_Local/Flickr30K/flickr30k_images/flickr30k_images/2857609295.jpg,person,0.27369827032089233,49.33625411987305,63.71034240722656,74.26806640625,119.91252899169922,18
Flickr30K/2857609295.jpg,/content/Image_captioning_Local/Flickr30K/flickr30k_images/flickr30k_images/2857609295.jpg,person,0.27288997173309326,149.2665557861328,69.88006591796875,178.74415588378906,121.31942749023438,18
Flickr30K/2857609295.jpg,/content/Image_captioning_Local/Flickr30K/flickr30k_images/flickr30k_images/2857609295.jpg,person,0.2586512565612793,1.9963860511779785,87.89251708984375,28.441356658935547,134.2563018798828,18
Flickr30K/2858318330.jpg,/content/Image_captioning_Local/Flickr30K/flickr30k_images/flickr30k_images/2858318330.jpg,cow,0.8731676340103149,268.9267272949219,166.43605041503906,497.6470031738281,352.6594543457031,4
Flickr30K/2858318330.jpg,/content/Image_captioning_Local/Flickr30K/flickr30k_images/flickr30k_images/2858318330.jpg,person,0.798785388469696,227.4580078125,158.03094482421875,276.1299133300781,298.0675354003906,4
Flickr30K/2858318330.jpg,/content/Image_captioning_Local/Flickr30K/flickr30k_images/flickr30k_images/2858318330.jpg,person,0.7583422660827637,0.0,189.64064025878906,24.487232208251953,305.35400390625,4
Flickr30K/2858318330.jpg,/content/Image_captioning_Local/Flickr30K/flickr30k_images/flickr30k_images/2858318330.jpg,person,0.25536268949508667,0.0,189.7596435546875,24.523000717163086,242.04144287109375,4
Flickr30K/2858408189.jpg,/content/Image_captioning_Local/Flickr30K/flickr30k_images/flickr30k_images/2858408189.jpg,person,0.897197961807251,20.5472469329834,52.449180603027344,332.8886413574219,498.5146484375,2
Flickr30K/2858408189.jpg,/content/Image_captioning_Local/Flickr30K/flickr30k_images/flickr30k_images/2858408189.jpg,person,0.5457185506820679,20.141935348510742,195.33457946777344,202.1298828125,498.5043640136719,2
Flickr30K/2858422057.jpg,/content/Image_captioning_Local/Flickr30K/flickr30k_images/flickr30k_images/2858422057.jpg,person,0.8581352829933167,11.774110794067383,138.24099731445312,209.52691650390625,499.9244689941406,2
Flickr30K/2858422057.jpg,/content/Image_captioning_Local/Flickr30K/flickr30k_images/flickr30k_images/2858422057.jpg,person,0.6337763667106628,59.37299728393555,37.420082092285156,333.0,497.6419982910156,2
Flickr30K/2858439751.jpg,/content/Image_captioning_Local/Flickr30K/flickr30k_images/flickr30k_images/2858439751.jpg,motorcycle,0.8595918416976929,17.981386184692383,74.56304168701172,428.3116760253906,309.0627746582031,2
Flickr30K/2858439751.jpg,/content/Image_captioning_Local/Flickr30K/flickr30k_images/flickr30k_images/2858439751.jpg,person,0.49029821157455444,142.577880859375,24.405170440673828,467.4014892578125,150.12893676757812,2
Flickr30K/2858456847.jpg,/content/Image_captioning_Local/Flickr30K/flickr30k_images/flickr30k_images/2858456847.jpg,person,0.9348490238189697,0.06260871887207031,159.19842529296875,72.26622009277344,330.1041259765625,4
Flickr30K/2858456847.jpg,/content/Image_captioning_Local/Flickr30K/flickr30k_images/flickr30k_images/2858456847.jpg,person,0.8572739958763123,109.70616149902344,74.03699493408203,249.6113739013672,330.49517822265625,4
Flickr30K/2858456847.jpg,/content/Image_captioning_Local/Flickr30K/flickr30k_images/flickr30k_images/2858456847.jpg,person,0.6032203435897827,153.53627014160156,36.71260070800781,452.9371337890625,330.27471923828125,4
Flickr30K/2858456847.jpg,/content/Image_captioning_Local/Flickr30K/flickr30k_images/flickr30k_images/2858456847.jpg,person,0.398336261510849,112.46674346923828,52.047847747802734,158.5968780517578,154.0496063232422,4
Flickr30K/2858757067.jpg,/content/Image_captioning_Local/Flickr30K/flickr30k_images/flickr30k_images/2858757067.jpg,horse,0.9471731781959534,136.00039672851562,150.96006774902344,447.824951171875,348.74920654296875,4
Flickr30K/2858757067.jpg,/content/Image_captioning_Local/Flickr30K/flickr30k_images/flickr30k_images/2858757067.jpg,person,0.8916038870811462,102.7060546875,178.4684600830078,155.34376525878906,346.301513671875,4
Flickr30K/2858757067.jpg,/content/Image_captioning_Local/Flickr30K/flickr30k_images/flickr30k_images/2858757067.jpg,person,0.8657530546188354,288.16497802734375,69.61121368408203,345.3065185546875,249.07022094726562,4
Flickr30K/2858757067.jpg,/content/Image_captioning_Local/Flickr30K/flickr30k_images/flickr30k_images/2858757067.jpg,person,0.44612354040145874,348.09674072265625,135.6069793701172,359.9793395996094,163.1632080078125,4
Flickr30K/2858759108.jpg,/content/Image_captioning_Local/Flickr30K/flickr30k_images/flickr30k_images/2858759108.jpg,dog,0.7983871698379517,112.92410278320312,96.39277648925781,475.3592834472656,264.97076416015625,1
Flickr30K/2858793859.jpg,/content/Image_captioning_Local/Flickr30K/flickr30k_images/flickr30k_images/2858793859.jpg,person,0.9214877486228943,75.9614486694336,148.97889709472656,170.4501190185547,324.5901184082031,8
Flickr30K/2858793859.jpg,/content/Image_captioning_Local/Flickr30K/flickr30k_images/flickr30k_images/2858793859.jpg,person,0.8842636942863464,174.82225036621094,157.08860778808594,236.34100341796875,268.3830871582031,8
Flickr30K/2858793859.jpg,/content/Image_captioning_Local/Flickr30K/flickr30k_images/flickr30k_images/2858793859.jpg,truck,0.8363387584686279,304.936279296875,145.04885864257812,370.1766357421875,193.2039794921875,8
Flickr30K/2858793859.jpg,/content/Image_captioning_Local/Flickr30K/flickr30k_images/flickr30k_images/2858793859.jpg,person,0.5615374445915222,72.37040710449219,157.25755310058594,82.67646789550781,184.3974609375,8
Flickr30K/2858793859.jpg,/content/Image_captioning_Local/Flickr30K/flickr30k_images/flickr30k_images/2858793859.jpg,person,0.5006694793701172,81.90873718261719,158.24331665039062,89.64327239990234,180.476806640625,8
Flickr30K/2858793859.jpg,/content/Image_captioning_Local/Flickr30K/flickr30k_images/flickr30k_images/2858793859.jpg,car,0.37809959053993225,237.0551300048828,153.81100463867188,256.4782409667969,170.71697998046875,8
Flickr30K/2858793859.jpg,/content/Image_captioning_Local/Flickr30K/flickr30k_images/flickr30k_images/2858793859.jpg,person,0.3396526575088501,89.64897918701172,156.94088745117188,98.29100799560547,179.455322265625,8
Flickr30K/2858793859.jpg,/content/Image_captioning_Local/Flickr30K/flickr30k_images/flickr30k_images/2858793859.jpg,person,0.26633939146995544,71.18594360351562,157.15756225585938,80.54566192626953,183.85743713378906,8
Flickr30K/2858818484.jpg,/content/Image_captioning_Local/Flickr30K/flickr30k_images/flickr30k_images/2858818484.jpg,person,0.9356371164321899,388.6687927246094,108.74595642089844,483.8506774902344,371.40985107421875,3
Flickr30K/2858818484.jpg,/content/Image_captioning_Local/Flickr30K/flickr30k_images/flickr30k_images/2858818484.jpg,handbag,0.9263142943382263,224.7108917236328,135.5503692626953,275.606689453125,278.3758544921875,3
Flickr30K/2858818484.jpg,/content/Image_captioning_Local/Flickr30K/flickr30k_images/flickr30k_images/2858818484.jpg,person,0.9254611134529114,233.150146484375,84.46186828613281,339.6947937011719,370.969970703125,3
Flickr30K/2858819804.jpg,/content/Image_captioning_Local/Flickr30K/flickr30k_images/flickr30k_images/2858819804.jpg,person,0.8868180513381958,95.08366394042969,124.06554412841797,251.3263702392578,291.56036376953125,2
Flickr30K/2858819804.jpg,/content/Image_captioning_Local/Flickr30K/flickr30k_images/flickr30k_images/2858819804.jpg,bicycle,0.8722655773162842,59.1257209777832,164.3323974609375,343.16302490234375,375.3388366699219,2
Flickr30K/2858835419.jpg,/content/Image_captioning_Local/Flickr30K/flickr30k_images/flickr30k_images/2858835419.jpg,person,0.9055235385894775,35.94959259033203,146.00038146972656,187.2047119140625,499.15728759765625,2
Flickr30K/2858835419.jpg,/content/Image_captioning_Local/Flickr30K/flickr30k_images/flickr30k_images/2858835419.jpg,person,0.8722764849662781,285.9578552246094,186.23924255371094,479.106201171875,499.0343017578125,2
Flickr30K/2858843359.jpg,/content/Image_captioning_Local/Flickr30K/flickr30k_images/flickr30k_images/2858843359.jpg,person,0.91373610496521,11.415254592895508,64.48355102539062,300.2696533203125,500.0,4
Flickr30K/2858843359.jpg,/content/Image_captioning_Local/Flickr30K/flickr30k_images/flickr30k_images/2858843359.jpg,person,0.6040739417076111,272.4617004394531,218.40060424804688,331.903076171875,378.4488830566406,4
Flickr30K/2858843359.jpg,/content/Image_captioning_Local/Flickr30K/flickr30k_images/flickr30k_images/2858843359.jpg,person,0.5484335422515869,267.79217529296875,217.9157257080078,332.1881408691406,496.525390625,4
Flickr30K/2858843359.jpg,/content/Image_captioning_Local/Flickr30K/flickr30k_images/flickr30k_images/2858843359.jpg,person,0.355739027261734,241.5050048828125,216.55230712890625,331.84503173828125,499.3331298828125,4
Flickr30K/2858866547.jpg,/content/Image_captioning_Local/Flickr30K/flickr30k_images/flickr30k_images/2858866547.jpg,person,0.6175978183746338,208.41127014160156,126.13182067871094,438.4227294921875,320.0865783691406,1
Flickr30K/2858903676.jpg,/content/Image_captioning_Local/Flickr30K/flickr30k_images/flickr30k_images/2858903676.jpg,person,0.9103518128395081,148.98464965820312,86.56828308105469,215.51963806152344,277.7243957519531,6
Flickr30K/2858903676.jpg,/content/Image_captioning_Local/Flickr30K/flickr30k_images/flickr30k_images/2858903676.jpg,person,0.8792104721069336,227.51951599121094,136.70901489257812,355.1927490234375,254.3262481689453,6
Flickr30K/2858903676.jpg,/content/Image_captioning_Local/Flickr30K/flickr30k_images/flickr30k_images/2858903676.jpg,bench,0.6791464686393738,239.5835418701172,182.02871704101562,451.12066650390625,281.7172546386719,6
Flickr30K/2858903676.jpg,/content/Image_captioning_Local/Flickr30K/flickr30k_images/flickr30k_images/2858903676.jpg,bench,0.5315682291984558,0.0814676284790039,178.56993103027344,57.93441390991211,236.1877899169922,6
Flickr30K/2858903676.jpg,/content/Image_captioning_Local/Flickr30K/flickr30k_images/flickr30k_images/2858903676.jpg,cup,0.45772749185562134,343.828857421875,192.33236694335938,381.4577941894531,223.4164276123047,6
Flickr30K/2858903676.jpg,/content/Image_captioning_Local/Flickr30K/flickr30k_images/flickr30k_images/2858903676.jpg,bench,0.2714979648590088,0.0,215.2848663330078,58.21448516845703,236.18264770507812,6
Flickr30K/2859514376.jpg,/content/Image_captioning_Local/Flickr30K/flickr30k_images/flickr30k_images/2859514376.jpg,person,0.9134730100631714,52.971004486083984,13.117944717407227,275.2304992675781,340.0135498046875,2
Flickr30K/2859514376.jpg,/content/Image_captioning_Local/Flickr30K/flickr30k_images/flickr30k_images/2859514376.jpg,truck,0.2991846799850464,11.221599578857422,0.014185905456542969,496.3407897949219,252.3966064453125,2
Flickr30K/2859601137.jpg,/content/Image_captioning_Local/Flickr30K/flickr30k_images/flickr30k_images/2859601137.jpg,person,0.9054772257804871,92.3564453125,23.27589988708496,332.8985595703125,435.835205078125,2
Flickr30K/2859601137.jpg,/content/Image_captioning_Local/Flickr30K/flickr30k_images/flickr30k_images/2859601137.jpg,cell phone,0.31556642055511475,91.8285140991211,306.20904541015625,130.95782470703125,331.4164733886719,2
Flickr30K/2859661776.jpg,/content/Image_captioning_Local/Flickr30K/flickr30k_images/flickr30k_images/2859661776.jpg,person,0.9259565472602844,35.990928649902344,38.75093460083008,148.7185821533203,353.8141174316406,4
Flickr30K/2859661776.jpg,/content/Image_captioning_Local/Flickr30K/flickr30k_images/flickr30k_images/2859661776.jpg,person,0.9212020039558411,428.5799865722656,50.87945556640625,490.7687072753906,282.988525390625,4
Flickr30K/2859661776.jpg,/content/Image_captioning_Local/Flickr30K/flickr30k_images/flickr30k_images/2859661776.jpg,person,0.5363754630088806,206.90536499023438,62.94001388549805,296.525146484375,294.5828552246094,4
Flickr30K/2859661776.jpg,/content/Image_captioning_Local/Flickr30K/flickr30k_images/flickr30k_images/2859661776.jpg,person,0.35407590866088867,207.49974060058594,62.797664642333984,277.73785400390625,163.95632934570312,4
Flickr30K/2860035355.jpg,/content/Image_captioning_Local/Flickr30K/flickr30k_images/flickr30k_images/2860035355.jpg,person,0.9119278192520142,371.902099609375,195.5983123779297,453.183837890625,373.3922119140625,5
Flickr30K/2860035355.jpg,/content/Image_captioning_Local/Flickr30K/flickr30k_images/flickr30k_images/2860035355.jpg,person,0.8480344414710999,333.5450439453125,210.33892822265625,383.0179443359375,373.0546875,5
Flickr30K/2860035355.jpg,/content/Image_captioning_Local/Flickr30K/flickr30k_images/flickr30k_images/2860035355.jpg,car,0.8125693202018738,0.1454770565032959,201.5216064453125,62.93949508666992,254.62376403808594,5
Flickr30K/2860035355.jpg,/content/Image_captioning_Local/Flickr30K/flickr30k_images/flickr30k_images/2860035355.jpg,car,0.283917099237442,56.544029235839844,184.09161376953125,105.3714370727539,226.97634887695312,5
Flickr30K/2860035355.jpg,/content/Image_captioning_Local/Flickr30K/flickr30k_images/flickr30k_images/2860035355.jpg,person,0.26022931933403015,252.49266052246094,191.6943817138672,264.4006652832031,221.9747314453125,5
Flickr30K/2860040276.jpg,/content/Image_captioning_Local/Flickr30K/flickr30k_images/flickr30k_images/2860040276.jpg,person,0.9093084931373596,6.724429130554199,0.0,377.625,329.8550720214844,2
Flickr30K/2860040276.jpg,/content/Image_captioning_Local/Flickr30K/flickr30k_images/flickr30k_images/2860040276.jpg,handbag,0.5220355987548828,6.765270233154297,126.80964660644531,119.81307220458984,283.80523681640625,2
Flickr30K/2860041212.jpg,/content/Image_captioning_Local/Flickr30K/flickr30k_images/flickr30k_images/2860041212.jpg,dog,0.9559481143951416,88.90831756591797,78.03141021728516,364.9758605957031,282.9257507324219,1
Flickr30K/2860202109.jpg,/content/Image_captioning_Local/Flickr30K/flickr30k_images/flickr30k_images/2860202109.jpg,person,0.9424333572387695,12.623953819274902,54.982662200927734,321.0054626464844,330.094970703125,3
Flickr30K/2860202109.jpg,/content/Image_captioning_Local/Flickr30K/flickr30k_images/flickr30k_images/2860202109.jpg,person,0.8997673988342285,289.6163024902344,190.81182861328125,399.3151550292969,331.3830261230469,3
Flickr30K/2860202109.jpg,/content/Image_captioning_Local/Flickr30K/flickr30k_images/flickr30k_images/2860202109.jpg,person,0.8641042113304138,0.04579424858093262,178.25254821777344,58.00727081298828,330.18585205078125,3
Flickr30K/2860314714.jpg,/content/Image_captioning_Local/Flickr30K/flickr30k_images/flickr30k_images/2860314714.jpg,person,0.9374649524688721,0.24592876434326172,68.75868225097656,218.78163146972656,497.94317626953125,8
Flickr30K/2860314714.jpg,/content/Image_captioning_Local/Flickr30K/flickr30k_images/flickr30k_images/2860314714.jpg,person,0.8983300924301147,340.08026123046875,60.430145263671875,375.0,237.21563720703125,8
Flickr30K/2860314714.jpg,/content/Image_captioning_Local/Flickr30K/flickr30k_images/flickr30k_images/2860314714.jpg,car,0.8786215782165527,284.99957275390625,51.739524841308594,349.60565185546875,83.5438232421875,8
Flickr30K/2860314714.jpg,/content/Image_captioning_Local/Flickr30K/flickr30k_images/flickr30k_images/2860314714.jpg,car,0.865253210067749,319.037109375,48.834693908691406,374.13372802734375,87.95896911621094,8
Flickr30K/2860314714.jpg,/content/Image_captioning_Local/Flickr30K/flickr30k_images/flickr30k_images/2860314714.jpg,person,0.864388644695282,151.03076171875,25.059391021728516,243.9726104736328,269.0345153808594,8
Flickr30K/2860314714.jpg,/content/Image_captioning_Local/Flickr30K/flickr30k_images/flickr30k_images/2860314714.jpg,knife,0.5055215358734131,213.66510009765625,340.3221435546875,290.53778076171875,370.5014343261719,8
Flickr30K/2860314714.jpg,/content/Image_captioning_Local/Flickr30K/flickr30k_images/flickr30k_images/2860314714.jpg,bicycle,0.30745628476142883,100.77342987060547,66.70829772949219,138.688232421875,96.21307373046875,8
Flickr30K/2860314714.jpg,/content/Image_captioning_Local/Flickr30K/flickr30k_images/flickr30k_images/2860314714.jpg,bench,0.28339698910713196,149.4170684814453,265.21710205078125,336.214111328125,499.3204040527344,8
Flickr30K/2860344033.jpg,/content/Image_captioning_Local/Flickr30K/flickr30k_images/flickr30k_images/2860344033.jpg,person,0.8822251558303833,21.17919921875,57.69712829589844,83.02493286132812,302.4603576660156,17
Flickr30K/2860344033.jpg,/content/Image_captioning_Local/Flickr30K/flickr30k_images/flickr30k_images/2860344033.jpg,person,0.868159830570221,105.69377899169922,83.34889221191406,172.0261993408203,281.4516296386719,17
Flickr30K/2860344033.jpg,/content/Image_captioning_Local/Flickr30K/flickr30k_images/flickr30k_images/2860344033.jpg,person,0.7042630314826965,268.4706726074219,170.6161651611328,303.5326843261719,281.67315673828125,17
Flickr30K/2860344033.jpg,/content/Image_captioning_Local/Flickr30K/flickr30k_images/flickr30k_images/2860344033.jpg,person,0.6979825496673584,238.31752014160156,136.69886779785156,289.1548767089844,245.01715087890625,17
Flickr30K/2860344033.jpg,/content/Image_captioning_Local/Flickr30K/flickr30k_images/flickr30k_images/2860344033.jpg,person,0.6420500874519348,65.87130737304688,168.94480895996094,119.93329620361328,268.1367492675781,17
Flickr30K/2860344033.jpg,/content/Image_captioning_Local/Flickr30K/flickr30k_images/flickr30k_images/2860344033.jpg,person,0.6186966896057129,166.34579467773438,95.6035385131836,200.333740234375,153.44493103027344,17
Flickr30K/2860344033.jpg,/content/Image_captioning_Local/Flickr30K/flickr30k_images/flickr30k_images/2860344033.jpg,person,0.5725576281547546,0.0,117.48988342285156,25.992298126220703,188.539306640625,17
Flickr30K/2860344033.jpg,/content/Image_captioning_Local/Flickr30K/flickr30k_images/flickr30k_images/2860344033.jpg,bench,0.4471858739852905,295.94140625,215.68174743652344,335.0,266.6495361328125,17
Flickr30K/2860344033.jpg,/content/Image_captioning_Local/Flickr30K/flickr30k_images/flickr30k_images/2860344033.jpg,person,0.3797242343425751,188.4326934814453,120.80934143066406,222.52569580078125,168.42007446289062,17
Flickr30K/2860344033.jpg,/content/Image_captioning_Local/Flickr30K/flickr30k_images/flickr30k_images/2860344033.jpg,person,0.36424824595451355,92.19436645507812,119.1864013671875,119.51315307617188,174.22509765625,17
Flickr30K/2860344033.jpg,/content/Image_captioning_Local/Flickr30K/flickr30k_images/flickr30k_images/2860344033.jpg,bench,0.35998350381851196,152.51248168945312,201.11973571777344,240.4786376953125,248.95460510253906,17
Flickr30K/2860344033.jpg,/content/Image_captioning_Local/Flickr30K/flickr30k_images/flickr30k_images/2860344033.jpg,person,0.34216612577438354,189.7982177734375,144.4523162841797,240.48291015625,238.63916015625,17
Flickr30K/2860344033.jpg,/content/Image_captioning_Local/Flickr30K/flickr30k_images/flickr30k_images/2860344033.jpg,person,0.2977113425731659,187.6351318359375,144.59071350097656,240.1469268798828,209.1856689453125,17
Flickr30K/2860344033.jpg,/content/Image_captioning_Local/Flickr30K/flickr30k_images/flickr30k_images/2860344033.jpg,person,0.27694109082221985,156.28451538085938,125.59044647216797,190.5325469970703,243.30072021484375,17
Flickr30K/2860344033.jpg,/content/Image_captioning_Local/Flickr30K/flickr30k_images/flickr30k_images/2860344033.jpg,person,0.2689739465713501,156.33213806152344,125.71363830566406,190.59613037109375,203.63430786132812,17
Flickr30K/2860344033.jpg,/content/Image_captioning_Local/Flickr30K/flickr30k_images/flickr30k_images/2860344033.jpg,chair,0.26186221837997437,96.04363250732422,205.17161560058594,119.76380157470703,250.9334259033203,17
Flickr30K/2860344033.jpg,/content/Image_captioning_Local/Flickr30K/flickr30k_images/flickr30k_images/2860344033.jpg,person,0.2557545304298401,165.89031982421875,214.99310302734375,205.7850341796875,280.8218078613281,17
Flickr30K/2860372882.jpg,/content/Image_captioning_Local/Flickr30K/flickr30k_images/flickr30k_images/2860372882.jpg,person,0.9321134090423584,32.963932037353516,136.46597290039062,233.93038940429688,499.3858337402344,4
Flickr30K/2860372882.jpg,/content/Image_captioning_Local/Flickr30K/flickr30k_images/flickr30k_images/2860372882.jpg,person,0.8072808384895325,190.5561981201172,186.78106689453125,241.4073486328125,326.7452392578125,4
Flickr30K/2860372882.jpg,/content/Image_captioning_Local/Flickr30K/flickr30k_images/flickr30k_images/2860372882.jpg,person,0.3948659598827362,140.55819702148438,155.5439453125,207.46473693847656,212.64614868164062,4
Flickr30K/2860372882.jpg,/content/Image_captioning_Local/Flickr30K/flickr30k_images/flickr30k_images/2860372882.jpg,person,0.3909169137477875,26.89306640625,143.29312133789062,79.05223083496094,195.78163146972656,4
Flickr30K/2860400846.jpg,/content/Image_captioning_Local/Flickr30K/flickr30k_images/flickr30k_images/2860400846.jpg,dog,0.962335467338562,165.5592041015625,61.54470443725586,394.9537353515625,252.19407653808594,2
Flickr30K/2860400846.jpg,/content/Image_captioning_Local/Flickr30K/flickr30k_images/flickr30k_images/2860400846.jpg,frisbee,0.885218620300293,29.732280731201172,242.7865447998047,73.52086639404297,271.3850402832031,2
Flickr30K/2860430876.jpg,/content/Image_captioning_Local/Flickr30K/flickr30k_images/flickr30k_images/2860430876.jpg,person,0.9068522453308105,94.69903564453125,25.84686279296875,307.97515869140625,345.9066162109375,2
Flickr30K/2860430876.jpg,/content/Image_captioning_Local/Flickr30K/flickr30k_images/flickr30k_images/2860430876.jpg,dining table,0.34840792417526245,0.0,325.5551452636719,332.0,499.3636169433594,2
Flickr30K/2860432302.jpg,/content/Image_captioning_Local/Flickr30K/flickr30k_images/flickr30k_images/2860432302.jpg,person,0.8990405797958374,148.33502197265625,51.78031921386719,352.5615234375,234.0820770263672,7
Flickr30K/2860432302.jpg,/content/Image_captioning_Local/Flickr30K/flickr30k_images/flickr30k_images/2860432302.jpg,knife,0.7003933191299438,78.089111328125,214.86285400390625,130.22991943359375,265.4641418457031,7
Flickr30K/2860432302.jpg,/content/Image_captioning_Local/Flickr30K/flickr30k_images/flickr30k_images/2860432302.jpg,person,0.6827834248542786,388.1216125488281,156.66456604003906,456.3096008300781,282.1521301269531,7
Flickr30K/2860432302.jpg,/content/Image_captioning_Local/Flickr30K/flickr30k_images/flickr30k_images/2860432302.jpg,clock,0.6434148550033569,236.8019561767578,0.10002851486206055,284.6106872558594,28.443252563476562,7
Flickr30K/2860432302.jpg,/content/Image_captioning_Local/Flickr30K/flickr30k_images/flickr30k_images/2860432302.jpg,person,0.51652592420578,465.47454833984375,161.9697265625,499.78326416015625,273.04766845703125,7
Flickr30K/2860432302.jpg,/content/Image_captioning_Local/Flickr30K/flickr30k_images/flickr30k_images/2860432302.jpg,bowl,0.3906394839286804,271.488525390625,274.0160827636719,409.96270751953125,311.1463928222656,7
Flickr30K/2860432302.jpg,/content/Image_captioning_Local/Flickr30K/flickr30k_images/flickr30k_images/2860432302.jpg,person,0.28064775466918945,478.2259826660156,162.04287719726562,499.83453369140625,272.525634765625,7
Flickr30K/2860524742.jpg,/content/Image_captioning_Local/Flickr30K/flickr30k_images/flickr30k_images/2860524742.jpg,person,0.9385141134262085,164.31195068359375,21.48871421813965,330.17041015625,271.6239013671875,1
Flickr30K/2860667542.jpg,/content/Image_captioning_Local/Flickr30K/flickr30k_images/flickr30k_images/2860667542.jpg,bird,0.9503031373023987,173.75564575195312,45.04901123046875,478.0708312988281,340.060791015625,1
Flickr30K/286084055.jpg,/content/Image_captioning_Local/Flickr30K/flickr30k_images/flickr30k_images/286084055.jpg,person,0.9517228603363037,0.40661096572875977,141.26400756835938,155.73422241210938,370.7269592285156,7
Flickr30K/286084055.jpg,/content/Image_captioning_Local/Flickr30K/flickr30k_images/flickr30k_images/286084055.jpg,person,0.9428752064704895,304.1936340332031,102.65956115722656,442.65313720703125,369.9585876464844,7
Flickr30K/286084055.jpg,/content/Image_captioning_Local/Flickr30K/flickr30k_images/flickr30k_images/286084055.jpg,person,0.9277359843254089,191.0497283935547,63.04717254638672,329.3202819824219,370.489990234375,7
Flickr30K/286084055.jpg,/content/Image_captioning_Local/Flickr30K/flickr30k_images/flickr30k_images/286084055.jpg,wine glass,0.8531522154808044,323.1423645019531,205.86695861816406,347.8744812011719,253.45358276367188,7
Flickr30K/286084055.jpg,/content/Image_captioning_Local/Flickr30K/flickr30k_images/flickr30k_images/286084055.jpg,wine glass,0.6372166275978088,245.84283447265625,181.24119567871094,261.5914306640625,225.6676025390625,7
Flickr30K/286084055.jpg,/content/Image_captioning_Local/Flickr30K/flickr30k_images/flickr30k_images/286084055.jpg,couch,0.46423259377479553,95.32180786132812,216.0054168701172,471.4005126953125,372.0811767578125,7
Flickr30K/286084055.jpg,/content/Image_captioning_Local/Flickr30K/flickr30k_images/flickr30k_images/286084055.jpg,person,0.293937623500824,450.4437561035156,201.33619689941406,480.8562316894531,243.43275451660156,7
Flickr30K/2860872588.jpg,/content/Image_captioning_Local/Flickr30K/flickr30k_images/flickr30k_images/2860872588.jpg,dog,0.9605126976966858,211.1527862548828,85.93315887451172,374.19451904296875,329.2075500488281,2
Flickr30K/2860872588.jpg,/content/Image_captioning_Local/Flickr30K/flickr30k_images/flickr30k_images/2860872588.jpg,dog,0.9567339420318604,61.08135986328125,20.924304962158203,254.33303833007812,248.14761352539062,2
Flickr30K/2861100960.jpg,/content/Image_captioning_Local/Flickr30K/flickr30k_images/flickr30k_images/2861100960.jpg,person,0.9095159769058228,118.79199981689453,22.699176788330078,445.9148864746094,329.92352294921875,9
Flickr30K/2861100960.jpg,/content/Image_captioning_Local/Flickr30K/flickr30k_images/flickr30k_images/2861100960.jpg,person,0.8893625140190125,0.15686750411987305,109.89128112792969,95.0323715209961,330.1410217285156,9
Flickr30K/2861100960.jpg,/content/Image_captioning_Local/Flickr30K/flickr30k_images/flickr30k_images/2861100960.jpg,person,0.8751727938652039,422.26885986328125,109.84983825683594,499.8373107910156,329.217041015625,9
Flickr30K/2861100960.jpg,/content/Image_captioning_Local/Flickr30K/flickr30k_images/flickr30k_images/2861100960.jpg,person,0.7389459013938904,339.5002746582031,110.0804672241211,445.69390869140625,306.3881530761719,9
Flickr30K/2861100960.jpg,/content/Image_captioning_Local/Flickr30K/flickr30k_images/flickr30k_images/2861100960.jpg,person,0.6920161843299866,74.86102294921875,30.815814971923828,151.326171875,178.8442840576172,9
Flickr30K/2861100960.jpg,/content/Image_captioning_Local/Flickr30K/flickr30k_images/flickr30k_images/2861100960.jpg,person,0.4770887792110443,0.3011643886566162,65.83084869384766,70.01441955566406,167.0349578857422,9
Flickr30K/2861100960.jpg,/content/Image_captioning_Local/Flickr30K/flickr30k_images/flickr30k_images/2861100960.jpg,person,0.4758627712726593,85.25056457519531,52.0212516784668,235.22592163085938,328.4284973144531,9
Flickr30K/2861100960.jpg,/content/Image_captioning_Local/Flickr30K/flickr30k_images/flickr30k_images/2861100960.jpg,person,0.3350868821144104,48.31621170043945,33.04164505004883,105.17137145996094,155.47671508789062,9
Flickr30K/2861100960.jpg,/content/Image_captioning_Local/Flickr30K/flickr30k_images/flickr30k_images/2861100960.jpg,person,0.2700932025909424,86.08865356445312,135.10012817382812,235.39556884765625,329.5260925292969,9
Flickr30K/2861413434.jpg,/content/Image_captioning_Local/Flickr30K/flickr30k_images/flickr30k_images/2861413434.jpg,person,0.9479933381080627,41.071964263916016,30.623435974121094,278.57171630859375,331.1480407714844,3
Flickr30K/2861413434.jpg,/content/Image_captioning_Local/Flickr30K/flickr30k_images/flickr30k_images/2861413434.jpg,sports ball,0.867406964302063,261.3310241699219,95.87979125976562,300.2005920410156,133.89337158203125,3
Flickr30K/2861413434.jpg,/content/Image_captioning_Local/Flickr30K/flickr30k_images/flickr30k_images/2861413434.jpg,car,0.36244291067123413,0.49647092819213867,0.4885256290435791,165.7504119873047,192.2130126953125,3
Flickr30K/2861932486.jpg,/content/Image_captioning_Local/Flickr30K/flickr30k_images/flickr30k_images/2861932486.jpg,person,0.935306191444397,148.85458374023438,62.594940185546875,330.564453125,498.9054260253906,4
Flickr30K/2861932486.jpg,/content/Image_captioning_Local/Flickr30K/flickr30k_images/flickr30k_images/2861932486.jpg,person,0.39594361186027527,327.95758056640625,165.2503204345703,343.6856689453125,182.91732788085938,4
Flickr30K/2861932486.jpg,/content/Image_captioning_Local/Flickr30K/flickr30k_images/flickr30k_images/2861932486.jpg,banana,0.38118064403533936,119.66942596435547,271.8805236816406,192.5631561279297,327.7931213378906,4
Flickr30K/2861932486.jpg,/content/Image_captioning_Local/Flickr30K/flickr30k_images/flickr30k_images/2861932486.jpg,person,0.26906633377075195,356.8905029296875,165.77439880371094,367.77227783203125,188.10279846191406,4
Flickr30K/2862004252.jpg,/content/Image_captioning_Local/Flickr30K/flickr30k_images/flickr30k_images/2862004252.jpg,dog,0.9068887829780579,192.923828125,93.3439712524414,288.9006652832031,214.4284210205078,1
Flickr30K/2862306612.jpg,/content/Image_captioning_Local/Flickr30K/flickr30k_images/flickr30k_images/2862306612.jpg,person,0.866462230682373,92.5037841796875,82.88832092285156,303.6889953613281,275.6005859375,3
Flickr30K/2862306612.jpg,/content/Image_captioning_Local/Flickr30K/flickr30k_images/flickr30k_images/2862306612.jpg,bench,0.5240771174430847,4.345464706420898,0.0,428.053466796875,327.56658935546875,3
Flickr30K/2862306612.jpg,/content/Image_captioning_Local/Flickr30K/flickr30k_images/flickr30k_images/2862306612.jpg,truck,0.32169273495674133,7.529211044311523,0.6184697151184082,425.5421142578125,327.0882568359375,3
Flickr30K/2862469183.jpg,/content/Image_captioning_Local/Flickr30K/flickr30k_images/flickr30k_images/2862469183.jpg,dog,0.9428808093070984,33.79893493652344,57.32269287109375,435.400390625,262.2590637207031,2
Flickr30K/2862469183.jpg,/content/Image_captioning_Local/Flickr30K/flickr30k_images/flickr30k_images/2862469183.jpg,dog,0.9129538536071777,221.43115234375,208.85047912597656,352.1878356933594,296.48638916015625,2
Flickr30K/2862481071.jpg,/content/Image_captioning_Local/Flickr30K/flickr30k_images/flickr30k_images/2862481071.jpg,truck,0.9414513111114502,73.40106964111328,38.4288330078125,284.99273681640625,238.236328125,3
Flickr30K/2862481071.jpg,/content/Image_captioning_Local/Flickr30K/flickr30k_images/flickr30k_images/2862481071.jpg,truck,0.7845344543457031,249.00765991210938,63.82452392578125,365.4631042480469,189.4387664794922,3
Flickr30K/2862481071.jpg,/content/Image_captioning_Local/Flickr30K/flickr30k_images/flickr30k_images/2862481071.jpg,truck,0.7607228755950928,0.20082592964172363,90.71464538574219,68.80377197265625,170.045654296875,3
Flickr30K/2862509442.jpg,/content/Image_captioning_Local/Flickr30K/flickr30k_images/flickr30k_images/2862509442.jpg,person,0.9229705333709717,367.2715148925781,243.0930633544922,499.78314208984375,373.35906982421875,7
Flickr30K/2862509442.jpg,/content/Image_captioning_Local/Flickr30K/flickr30k_images/flickr30k_images/2862509442.jpg,person,0.918278157711029,0.11487007141113281,190.8302764892578,121.20891571044922,372.1817932128906,7
Flickr30K/2862509442.jpg,/content/Image_captioning_Local/Flickr30K/flickr30k_images/flickr30k_images/2862509442.jpg,person,0.8325873613357544,191.32017517089844,316.85528564453125,304.16131591796875,374.52215576171875,7
Flickr30K/2862509442.jpg,/content/Image_captioning_Local/Flickr30K/flickr30k_images/flickr30k_images/2862509442.jpg,person,0.6912714242935181,0.13280212879180908,300.572021484375,39.77473068237305,374.3592834472656,7
Flickr30K/2862509442.jpg,/content/Image_captioning_Local/Flickr30K/flickr30k_images/flickr30k_images/2862509442.jpg,person,0.39657413959503174,0.010076165199279785,241.0664520263672,39.70335006713867,373.220458984375,7
Flickr30K/2862509442.jpg,/content/Image_captioning_Local/Flickr30K/flickr30k_images/flickr30k_images/2862509442.jpg,chair,0.35551637411117554,12.393199920654297,314.697509765625,71.02992248535156,373.5483703613281,7
Flickr30K/2862509442.jpg,/content/Image_captioning_Local/Flickr30K/flickr30k_images/flickr30k_images/2862509442.jpg,person,0.29374346137046814,0.08837878704071045,238.979248046875,23.90670394897461,272.82220458984375,7
Flickr30K/2862676319.jpg,/content/Image_captioning_Local/Flickr30K/flickr30k_images/flickr30k_images/2862676319.jpg,person,0.8984427452087402,30.20014762878418,30.696237564086914,336.890380859375,329.73504638671875,4
Flickr30K/2862676319.jpg,/content/Image_captioning_Local/Flickr30K/flickr30k_images/flickr30k_images/2862676319.jpg,person,0.6262640357017517,0.042051076889038086,188.1885528564453,62.293453216552734,330.7014465332031,4
Flickr30K/2862676319.jpg,/content/Image_captioning_Local/Flickr30K/flickr30k_images/flickr30k_images/2862676319.jpg,person,0.5366211533546448,453.69873046875,139.78953552246094,499.795166015625,331.23297119140625,4
Flickr30K/2862676319.jpg,/content/Image_captioning_Local/Flickr30K/flickr30k_images/flickr30k_images/2862676319.jpg,person,0.26787492632865906,318.0830383300781,200.02122497558594,408.16851806640625,330.6748352050781,4
Flickr30K/2862704719.jpg,/content/Image_captioning_Local/Flickr30K/flickr30k_images/flickr30k_images/2862704719.jpg,person,0.8947547674179077,28.910659790039062,77.93235778808594,195.86825561523438,476.6249694824219,16
Flickr30K/2862704719.jpg,/content/Image_captioning_Local/Flickr30K/flickr30k_images/flickr30k_images/2862704719.jpg,person,0.889976978302002,0.08033514022827148,120.53401184082031,43.09822463989258,364.5555725097656,16
Flickr30K/2862704719.jpg,/content/Image_captioning_Local/Flickr30K/flickr30k_images/flickr30k_images/2862704719.jpg,clock,0.8877220749855042,78.05659484863281,20.90814781188965,115.38615417480469,58.263160705566406,16
Flickr30K/2862704719.jpg,/content/Image_captioning_Local/Flickr30K/flickr30k_images/flickr30k_images/2862704719.jpg,person,0.7032410502433777,139.82839965820312,133.77630615234375,214.67572021484375,203.5336456298828,16
Flickr30K/2862704719.jpg,/content/Image_captioning_Local/Flickr30K/flickr30k_images/flickr30k_images/2862704719.jpg,knife,0.5619792938232422,64.73233795166016,234.09776306152344,141.32762145996094,273.4284362792969,16
Flickr30K/2862704719.jpg,/content/Image_captioning_Local/Flickr30K/flickr30k_images/flickr30k_images/2862704719.jpg,person,0.506730854511261,164.1448974609375,108.07257080078125,194.06394958496094,136.2456817626953,16
Flickr30K/2862704719.jpg,/content/Image_captioning_Local/Flickr30K/flickr30k_images/flickr30k_images/2862704719.jpg,hot dog,0.4235949218273163,137.64190673828125,277.3580627441406,174.7874298095703,293.99090576171875,16
Flickr30K/2862704719.jpg,/content/Image_captioning_Local/Flickr30K/flickr30k_images/flickr30k_images/2862704719.jpg,sandwich,0.3769344091415405,130.01449584960938,313.8517761230469,183.01858520507812,351.00860595703125,16
Flickr30K/2862704719.jpg,/content/Image_captioning_Local/Flickr30K/flickr30k_images/flickr30k_images/2862704719.jpg,sandwich,0.3759118318557739,236.309814453125,327.8702392578125,310.6535949707031,350.82269287109375,16
Flickr30K/2862704719.jpg,/content/Image_captioning_Local/Flickr30K/flickr30k_images/flickr30k_images/2862704719.jpg,sandwich,0.37548592686653137,208.27174377441406,358.07672119140625,294.10894775390625,390.8633728027344,16
Flickr30K/2862704719.jpg,/content/Image_captioning_Local/Flickr30K/flickr30k_images/flickr30k_images/2862704719.jpg,sandwich,0.353802889585495,230.9609375,342.4320373535156,306.65301513671875,372.69390869140625,16
Flickr30K/2862704719.jpg,/content/Image_captioning_Local/Flickr30K/flickr30k_images/flickr30k_images/2862704719.jpg,sandwich,0.34051603078842163,162.34080505371094,333.2376708984375,234.72044372558594,358.65576171875,16
Flickr30K/2862704719.jpg,/content/Image_captioning_Local/Flickr30K/flickr30k_images/flickr30k_images/2862704719.jpg,sandwich,0.3206924498081207,136.42822265625,349.5477600097656,217.84300231933594,384.7330017089844,16
Flickr30K/2862704719.jpg,/content/Image_captioning_Local/Flickr30K/flickr30k_images/flickr30k_images/2862704719.jpg,sandwich,0.3154984712600708,173.9036102294922,319.7221984863281,242.78683471679688,342.3736877441406,16
Flickr30K/2862704719.jpg,/content/Image_captioning_Local/Flickr30K/flickr30k_images/flickr30k_images/2862704719.jpg,person,0.299593061208725,163.19427490234375,107.71722412109375,213.1051025390625,195.05331420898438,16
Flickr30K/2862704719.jpg,/content/Image_captioning_Local/Flickr30K/flickr30k_images/flickr30k_images/2862704719.jpg,hot dog,0.28373101353645325,150.47877502441406,247.1018829345703,182.50125122070312,259.8457336425781,16
Flickr30K/2862721322.jpg,/content/Image_captioning_Local/Flickr30K/flickr30k_images/flickr30k_images/2862721322.jpg,person,0.8546990752220154,59.285091400146484,75.14915466308594,252.05247497558594,375.1134948730469,15
Flickr30K/2862721322.jpg,/content/Image_captioning_Local/Flickr30K/flickr30k_images/flickr30k_images/2862721322.jpg,person,0.8241312503814697,442.42706298828125,219.22354125976562,496.0502624511719,347.9682922363281,15
Flickr30K/2862721322.jpg,/content/Image_captioning_Local/Flickr30K/flickr30k_images/flickr30k_images/2862721322.jpg,person,0.8140179514884949,278.72821044921875,263.95068359375,402.0480041503906,377.81610107421875,15
Flickr30K/2862721322.jpg,/content/Image_captioning_Local/Flickr30K/flickr30k_images/flickr30k_images/2862721322.jpg,person,0.6550794243812561,363.1335144042969,215.06747436523438,458.6645202636719,377.2091979980469,15
Flickr30K/2862721322.jpg,/content/Image_captioning_Local/Flickr30K/flickr30k_images/flickr30k_images/2862721322.jpg,person,0.6456249952316284,401.6036071777344,202.4552764892578,449.51678466796875,291.5722961425781,15
Flickr30K/2862721322.jpg,/content/Image_captioning_Local/Flickr30K/flickr30k_images/flickr30k_images/2862721322.jpg,wine glass,0.5970718264579773,321.5217590332031,355.2672424316406,359.2264099121094,378.62921142578125,15
Flickr30K/2862721322.jpg,/content/Image_captioning_Local/Flickr30K/flickr30k_images/flickr30k_images/2862721322.jpg,person,0.4484477639198303,0.5520761013031006,150.2280731201172,63.461971282958984,235.4215087890625,15
Flickr30K/2862721322.jpg,/content/Image_captioning_Local/Flickr30K/flickr30k_images/flickr30k_images/2862721322.jpg,person,0.4120672941207886,265.9499206542969,209.3092041015625,321.3109130859375,353.00360107421875,15
Flickr30K/2862721322.jpg,/content/Image_captioning_Local/Flickr30K/flickr30k_images/flickr30k_images/2862721322.jpg,person,0.4068882465362549,0.08031725883483887,183.43600463867188,85.2403335571289,373.7416687011719,15
Flickr30K/2862721322.jpg,/content/Image_captioning_Local/Flickr30K/flickr30k_images/flickr30k_images/2862721322.jpg,person,0.3683755397796631,306.8708801269531,223.7902374267578,337.03399658203125,279.9987487792969,15
Flickr30K/2862721322.jpg,/content/Image_captioning_Local/Flickr30K/flickr30k_images/flickr30k_images/2862721322.jpg,wine glass,0.358744353055954,433.6734313964844,308.8065185546875,460.4053955078125,351.2173767089844,15
Flickr30K/2862721322.jpg,/content/Image_captioning_Local/Flickr30K/flickr30k_images/flickr30k_images/2862721322.jpg,person,0.3263389468193054,274.31842041015625,209.39178466796875,320.3241882324219,285.2555236816406,15
Flickr30K/2862721322.jpg,/content/Image_captioning_Local/Flickr30K/flickr30k_images/flickr30k_images/2862721322.jpg,person,0.2904876470565796,0.01881122589111328,150.26536560058594,35.834510803222656,187.72540283203125,15
Flickr30K/2862721322.jpg,/content/Image_captioning_Local/Flickr30K/flickr30k_images/flickr30k_images/2862721322.jpg,person,0.27575570344924927,362.2868347167969,235.80496215820312,380.42071533203125,265.9240417480469,15
Flickr30K/2862721322.jpg,/content/Image_captioning_Local/Flickr30K/flickr30k_images/flickr30k_images/2862721322.jpg,handbag,0.2599613666534424,213.81593322753906,312.6376647949219,258.8015441894531,354.9521789550781,15
Flickr30K/2862931640.jpg,/content/Image_captioning_Local/Flickr30K/flickr30k_images/flickr30k_images/2862931640.jpg,bicycle,0.9050453901290894,269.3990783691406,53.79657745361328,349.8546142578125,140.7359161376953,16
Flickr30K/2862931640.jpg,/content/Image_captioning_Local/Flickr30K/flickr30k_images/flickr30k_images/2862931640.jpg,person,0.877136766910553,237.58230590820312,40.185401916503906,300.8653259277344,117.41752624511719,16
Flickr30K/2862931640.jpg,/content/Image_captioning_Local/Flickr30K/flickr30k_images/flickr30k_images/2862931640.jpg,person,0.8267682194709778,433.3096618652344,181.47702026367188,474.23333740234375,301.5033264160156,16
Flickr30K/2862931640.jpg,/content/Image_captioning_Local/Flickr30K/flickr30k_images/flickr30k_images/2862931640.jpg,person,0.7931180596351624,228.11708068847656,157.99349975585938,274.35589599609375,246.42724609375,16
Flickr30K/2862931640.jpg,/content/Image_captioning_Local/Flickr30K/flickr30k_images/flickr30k_images/2862931640.jpg,person,0.7762781381607056,407.6929016113281,211.82656860351562,439.27459716796875,305.7713928222656,16
Flickr30K/2862931640.jpg,/content/Image_captioning_Local/Flickr30K/flickr30k_images/flickr30k_images/2862931640.jpg,person,0.7677643895149231,328.8609619140625,164.39476013183594,370.14141845703125,289.15338134765625,16
Flickr30K/2862931640.jpg,/content/Image_captioning_Local/Flickr30K/flickr30k_images/flickr30k_images/2862931640.jpg,person,0.6921293139457703,381.05181884765625,203.30715942382812,411.7666320800781,305.9552307128906,16
Flickr30K/2862931640.jpg,/content/Image_captioning_Local/Flickr30K/flickr30k_images/flickr30k_images/2862931640.jpg,person,0.5465195178985596,146.99957275390625,154.13217163085938,181.1138916015625,234.43975830078125,16
Flickr30K/2862931640.jpg,/content/Image_captioning_Local/Flickr30K/flickr30k_images/flickr30k_images/2862931640.jpg,person,0.5418788194656372,369.03399658203125,192.74478149414062,395.2435607910156,304.10137939453125,16
Flickr30K/2862931640.jpg,/content/Image_captioning_Local/Flickr30K/flickr30k_images/flickr30k_images/2862931640.jpg,person,0.5200833082199097,77.04109954833984,248.8925018310547,152.91407775878906,332.6371154785156,16
Flickr30K/2862931640.jpg,/content/Image_captioning_Local/Flickr30K/flickr30k_images/flickr30k_images/2862931640.jpg,person,0.44015952944755554,45.869930267333984,190.32774353027344,92.33814239501953,328.96319580078125,16
Flickr30K/2862931640.jpg,/content/Image_captioning_Local/Flickr30K/flickr30k_images/flickr30k_images/2862931640.jpg,person,0.4133993089199066,34.633209228515625,165.37242126464844,72.57203674316406,321.64215087890625,16
Flickr30K/2862931640.jpg,/content/Image_captioning_Local/Flickr30K/flickr30k_images/flickr30k_images/2862931640.jpg,person,0.40700215101242065,95.67243194580078,177.41127014160156,135.9038543701172,275.4327392578125,16
Flickr30K/2862931640.jpg,/content/Image_captioning_Local/Flickr30K/flickr30k_images/flickr30k_images/2862931640.jpg,person,0.40548551082611084,132.49232482910156,212.84022521972656,168.98756408691406,278.4086608886719,16
Flickr30K/2862931640.jpg,/content/Image_captioning_Local/Flickr30K/flickr30k_images/flickr30k_images/2862931640.jpg,person,0.2781066596508026,118.0916519165039,174.30848693847656,142.2769775390625,231.6073455810547,16
Flickr30K/2862931640.jpg,/content/Image_captioning_Local/Flickr30K/flickr30k_images/flickr30k_images/2862931640.jpg,person,0.2628580927848816,137.5670166015625,239.6088104248047,192.95806884765625,329.748779296875,16
Flickr30K/2863027424.jpg,/content/Image_captioning_Local/Flickr30K/flickr30k_images/flickr30k_images/2863027424.jpg,person,0.9073734879493713,335.4678955078125,32.457828521728516,474.4776611328125,200.5992431640625,3
Flickr30K/2863027424.jpg,/content/Image_captioning_Local/Flickr30K/flickr30k_images/flickr30k_images/2863027424.jpg,bicycle,0.8111009001731873,272.3178405761719,86.88020324707031,429.57452392578125,248.69003295898438,3
Flickr30K/2863027424.jpg,/content/Image_captioning_Local/Flickr30K/flickr30k_images/flickr30k_images/2863027424.jpg,motorcycle,0.32486218214035034,272.5705261230469,86.92692565917969,430.3293762207031,248.9305419921875,3
Flickr30K/2863042793.jpg,/content/Image_captioning_Local/Flickr30K/flickr30k_images/flickr30k_images/2863042793.jpg,fire hydrant,0.9235402941703796,23.41201400756836,281.8014221191406,119.66600036621094,371.40325927734375,2
Flickr30K/2863042793.jpg,/content/Image_captioning_Local/Flickr30K/flickr30k_images/flickr30k_images/2863042793.jpg,person,0.9219562411308289,370.08087158203125,29.03299331665039,467.9495849609375,314.57086181640625,2
Flickr30K/2863180332.jpg,/content/Image_captioning_Local/Flickr30K/flickr30k_images/flickr30k_images/2863180332.jpg,person,0.8797480463981628,40.622413635253906,150.19577026367188,125.8707046508789,207.3543243408203,6
Flickr30K/2863180332.jpg,/content/Image_captioning_Local/Flickr30K/flickr30k_images/flickr30k_images/2863180332.jpg,person,0.8346076607704163,52.800594329833984,64.46057891845703,65.95613098144531,96.45784759521484,6
Flickr30K/2863180332.jpg,/content/Image_captioning_Local/Flickr30K/flickr30k_images/flickr30k_images/2863180332.jpg,person,0.7388843894004822,254.64459228515625,81.94762420654297,267.86260986328125,107.26455688476562,6
Flickr30K/2863180332.jpg,/content/Image_captioning_Local/Flickr30K/flickr30k_images/flickr30k_images/2863180332.jpg,car,0.7327690720558167,95.60420227050781,80.670166015625,117.03533935546875,97.95956420898438,6
Flickr30K/2863180332.jpg,/content/Image_captioning_Local/Flickr30K/flickr30k_images/flickr30k_images/2863180332.jpg,skateboard,0.6911705136299133,65.03289031982422,196.9541778564453,143.2263641357422,210.5040283203125,6
Flickr30K/2863180332.jpg,/content/Image_captioning_Local/Flickr30K/flickr30k_images/flickr30k_images/2863180332.jpg,skateboard,0.4790886342525482,253.76263427734375,103.96757507324219,264.2852783203125,107.83319091796875,6
Flickr30K/2863186021.jpg,/content/Image_captioning_Local/Flickr30K/flickr30k_images/flickr30k_images/2863186021.jpg,person,0.9156949520111084,263.6999206542969,194.26426696777344,337.61224365234375,373.327392578125,31
Flickr30K/2863186021.jpg,/content/Image_captioning_Local/Flickr30K/flickr30k_images/flickr30k_images/2863186021.jpg,bus,0.8229792714118958,0.0,235.4197998046875,97.06217193603516,271.74066162109375,31
Flickr30K/2863186021.jpg,/content/Image_captioning_Local/Flickr30K/flickr30k_images/flickr30k_images/2863186021.jpg,person,0.7689042091369629,155.33705139160156,259.0734558105469,193.70419311523438,321.9378356933594,31
Flickr30K/2863186021.jpg,/content/Image_captioning_Local/Flickr30K/flickr30k_images/flickr30k_images/2863186021.jpg,bird,0.7210202217102051,414.5889892578125,285.3514099121094,429.36358642578125,293.4785461425781,31
Flickr30K/2863186021.jpg,/content/Image_captioning_Local/Flickr30K/flickr30k_images/flickr30k_images/2863186021.jpg,bus,0.7204556465148926,418.8647155761719,206.8930206298828,497.2474060058594,243.28823852539062,31
Flickr30K/2863186021.jpg,/content/Image_captioning_Local/Flickr30K/flickr30k_images/flickr30k_images/2863186021.jpg,bird,0.6887416243553162,375.4842834472656,291.1361083984375,388.4328918457031,301.2142639160156,31
Flickr30K/2863186021.jpg,/content/Image_captioning_Local/Flickr30K/flickr30k_images/flickr30k_images/2863186021.jpg,bird,0.659273624420166,409.34210205078125,296.10772705078125,421.8462829589844,306.83087158203125,31
Flickr30K/2863186021.jpg,/content/Image_captioning_Local/Flickr30K/flickr30k_images/flickr30k_images/2863186021.jpg,bird,0.6541645526885986,444.5614013671875,263.7447509765625,450.0246887207031,271.2582702636719,31
Flickr30K/2863186021.jpg,/content/Image_captioning_Local/Flickr30K/flickr30k_images/flickr30k_images/2863186021.jpg,bus,0.5893988013267517,149.004150390625,215.68045043945312,270.2926330566406,262.8469543457031,31
Flickr30K/2863186021.jpg,/content/Image_captioning_Local/Flickr30K/flickr30k_images/flickr30k_images/2863186021.jpg,person,0.5177022814750671,223.06195068359375,245.98696899414062,235.7272186279297,273.3428649902344,31
Flickr30K/2863186021.jpg,/content/Image_captioning_Local/Flickr30K/flickr30k_images/flickr30k_images/2863186021.jpg,person,0.502824068069458,403.553955078125,226.6071319580078,419.5242004394531,269.7750244140625,31
Flickr30K/2863186021.jpg,/content/Image_captioning_Local/Flickr30K/flickr30k_images/flickr30k_images/2863186021.jpg,person,0.4994487762451172,186.13243103027344,247.5877685546875,194.5436248779297,266.3290100097656,31
Flickr30K/2863186021.jpg,/content/Image_captioning_Local/Flickr30K/flickr30k_images/flickr30k_images/2863186021.jpg,bus,0.4758595824241638,149.14512634277344,219.78883361816406,235.16383361816406,262.0531005859375,31
Flickr30K/2863186021.jpg,/content/Image_captioning_Local/Flickr30K/flickr30k_images/flickr30k_images/2863186021.jpg,person,0.4617704153060913,79.14112854003906,255.71917724609375,88.43973541259766,276.56561279296875,31
Flickr30K/2863186021.jpg,/content/Image_captioning_Local/Flickr30K/flickr30k_images/flickr30k_images/2863186021.jpg,bus,0.42047548294067383,305.3819274902344,213.76885986328125,379.451904296875,250.07791137695312,31
Flickr30K/2863186021.jpg,/content/Image_captioning_Local/Flickr30K/flickr30k_images/flickr30k_images/2863186021.jpg,person,0.41510698199272156,463.8289489746094,214.96405029296875,474.8675231933594,253.3189239501953,31
Flickr30K/2863186021.jpg,/content/Image_captioning_Local/Flickr30K/flickr30k_images/flickr30k_images/2863186021.jpg,person,0.4050634801387787,233.2303009033203,251.37176513671875,244.78512573242188,272.61468505859375,31
Flickr30K/2863186021.jpg,/content/Image_captioning_Local/Flickr30K/flickr30k_images/flickr30k_images/2863186021.jpg,bird,0.39257583022117615,352.31842041015625,264.8593444824219,357.70068359375,271.04779052734375,31
Flickr30K/2863186021.jpg,/content/Image_captioning_Local/Flickr30K/flickr30k_images/flickr30k_images/2863186021.jpg,bird,0.3680797815322876,248.5332489013672,285.8279724121094,260.3799743652344,295.4491271972656,31
Flickr30K/2863186021.jpg,/content/Image_captioning_Local/Flickr30K/flickr30k_images/flickr30k_images/2863186021.jpg,person,0.35580548644065857,492.2018127441406,221.81808471679688,499.82452392578125,258.87872314453125,31
Flickr30K/2863186021.jpg,/content/Image_captioning_Local/Flickr30K/flickr30k_images/flickr30k_images/2863186021.jpg,person,0.33253979682922363,463.68597412109375,215.24710083007812,479.4419250488281,254.09979248046875,31
Flickr30K/2863186021.jpg,/content/Image_captioning_Local/Flickr30K/flickr30k_images/flickr30k_images/2863186021.jpg,person,0.3302611708641052,453.72686767578125,211.90061950683594,469.89849853515625,254.05311584472656,31
Flickr30K/2863186021.jpg,/content/Image_captioning_Local/Flickr30K/flickr30k_images/flickr30k_images/2863186021.jpg,bird,0.32141485810279846,361.83673095703125,259.25994873046875,368.1546630859375,265.2123107910156,31
Flickr30K/2863186021.jpg,/content/Image_captioning_Local/Flickr30K/flickr30k_images/flickr30k_images/2863186021.jpg,bird,0.2984456419944763,372.196044921875,261.58258056640625,378.7998962402344,267.7602844238281,31
Flickr30K/2863186021.jpg,/content/Image_captioning_Local/Flickr30K/flickr30k_images/flickr30k_images/2863186021.jpg,bird,0.2962222397327423,381.9644775390625,265.2378845214844,389.0715637207031,272.67486572265625,31
Flickr30K/2863186021.jpg,/content/Image_captioning_Local/Flickr30K/flickr30k_images/flickr30k_images/2863186021.jpg,person,0.28683575987815857,85.61347198486328,256.1966857910156,97.43475341796875,275.12701416015625,31
Flickr30K/2863186021.jpg,/content/Image_captioning_Local/Flickr30K/flickr30k_images/flickr30k_images/2863186021.jpg,bird,0.28620976209640503,49.767578125,306.2890625,59.464942932128906,316.68756103515625,31
Flickr30K/2863186021.jpg,/content/Image_captioning_Local/Flickr30K/flickr30k_images/flickr30k_images/2863186021.jpg,bird,0.28320276737213135,369.83465576171875,261.6960144042969,378.9679870605469,268.5418395996094,31
Flickr30K/2863186021.jpg,/content/Image_captioning_Local/Flickr30K/flickr30k_images/flickr30k_images/2863186021.jpg,bird,0.27974122762680054,481.2324523925781,254.9888153076172,485.94818115234375,262.5722351074219,31
Flickr30K/2863186021.jpg,/content/Image_captioning_Local/Flickr30K/flickr30k_images/flickr30k_images/2863186021.jpg,bird,0.27354976534843445,244.86427307128906,296.7857666015625,250.77027893066406,306.4350280761719,31
Flickr30K/2863186021.jpg,/content/Image_captioning_Local/Flickr30K/flickr30k_images/flickr30k_images/2863186021.jpg,bus,0.2721594274044037,204.3477020263672,215.73626708984375,270.55169677734375,260.1671447753906,31
Flickr30K/2863349041.jpg,/content/Image_captioning_Local/Flickr30K/flickr30k_images/flickr30k_images/2863349041.jpg,person,0.8964658379554749,171.84576416015625,184.05776977539062,278.89007568359375,382.788330078125,3
Flickr30K/2863349041.jpg,/content/Image_captioning_Local/Flickr30K/flickr30k_images/flickr30k_images/2863349041.jpg,person,0.45333972573280334,171.94480895996094,42.27960205078125,258.0205993652344,299.2704772949219,3
Flickr30K/2863349041.jpg,/content/Image_captioning_Local/Flickr30K/flickr30k_images/flickr30k_images/2863349041.jpg,person,0.4327043890953064,172.2292938232422,41.998809814453125,257.84844970703125,215.64764404296875,3
Flickr30K/2863458991.jpg,/content/Image_captioning_Local/Flickr30K/flickr30k_images/flickr30k_images/2863458991.jpg,person,0.9292253851890564,53.32264709472656,149.4857940673828,374.0828857421875,499.3770751953125,4
Flickr30K/2863458991.jpg,/content/Image_captioning_Local/Flickr30K/flickr30k_images/flickr30k_images/2863458991.jpg,person,0.9064731001853943,0.29075145721435547,190.32249450683594,120.33090209960938,498.6619873046875,4
Flickr30K/2863458991.jpg,/content/Image_captioning_Local/Flickr30K/flickr30k_images/flickr30k_images/2863458991.jpg,person,0.8243517279624939,299.08563232421875,176.4686737060547,374.9417419433594,383.6664123535156,4
Flickr30K/2863458991.jpg,/content/Image_captioning_Local/Flickr30K/flickr30k_images/flickr30k_images/2863458991.jpg,person,0.28081488609313965,251.09329223632812,213.4449462890625,292.9516906738281,286.938232421875,4
Flickr30K/2863466964.jpg,/content/Image_captioning_Local/Flickr30K/flickr30k_images/flickr30k_images/2863466964.jpg,person,0.8221064209938049,186.8479461669922,133.91082763671875,222.39414978027344,224.84054565429688,3
Flickr30K/2863466964.jpg,/content/Image_captioning_Local/Flickr30K/flickr30k_images/flickr30k_images/2863466964.jpg,truck,0.5829847455024719,297.851318359375,42.59550476074219,499.03265380859375,212.39390563964844,3
Flickr30K/2863466964.jpg,/content/Image_captioning_Local/Flickr30K/flickr30k_images/flickr30k_images/2863466964.jpg,person,0.3596746325492859,308.90594482421875,92.84186553955078,340.7869873046875,175.749755859375,3
Flickr30K/2863501449.jpg,/content/Image_captioning_Local/Flickr30K/flickr30k_images/flickr30k_images/2863501449.jpg,person,0.9295271635055542,196.90008544921875,139.29934692382812,310.6864929199219,268.5830078125,3
Flickr30K/2863501449.jpg,/content/Image_captioning_Local/Flickr30K/flickr30k_images/flickr30k_images/2863501449.jpg,sports ball,0.4149893522262573,332.4566345214844,237.68539428710938,361.3757629394531,265.4100036621094,3
Flickr30K/2863501449.jpg,/content/Image_captioning_Local/Flickr30K/flickr30k_images/flickr30k_images/2863501449.jpg,chair,0.2916295826435089,66.39722442626953,220.4744110107422,133.41285705566406,286.2401123046875,3
Flickr30K/2863539038.jpg,/content/Image_captioning_Local/Flickr30K/flickr30k_images/flickr30k_images/2863539038.jpg,person,0.9335139989852905,109.24496459960938,51.56211853027344,374.8377380371094,495.7933349609375,9
Flickr30K/2863539038.jpg,/content/Image_captioning_Local/Flickr30K/flickr30k_images/flickr30k_images/2863539038.jpg,person,0.8595938682556152,284.0246276855469,57.86433410644531,372.458251953125,170.87606811523438,9
Flickr30K/2863539038.jpg,/content/Image_captioning_Local/Flickr30K/flickr30k_images/flickr30k_images/2863539038.jpg,person,0.8396446108818054,71.53718566894531,95.22073364257812,128.02349853515625,181.27809143066406,9
Flickr30K/2863539038.jpg,/content/Image_captioning_Local/Flickr30K/flickr30k_images/flickr30k_images/2863539038.jpg,person,0.7960375547409058,0.0,96.89631652832031,71.82769775390625,359.83074951171875,9
Flickr30K/2863539038.jpg,/content/Image_captioning_Local/Flickr30K/flickr30k_images/flickr30k_images/2863539038.jpg,person,0.7871555685997009,130.81809997558594,88.46641540527344,180.84738159179688,164.17941284179688,9
Flickr30K/2863539038.jpg,/content/Image_captioning_Local/Flickr30K/flickr30k_images/flickr30k_images/2863539038.jpg,person,0.771699070930481,168.7366943359375,90.64360046386719,221.75440979003906,178.2012481689453,9
Flickr30K/2863539038.jpg,/content/Image_captioning_Local/Flickr30K/flickr30k_images/flickr30k_images/2863539038.jpg,oven,0.42712321877479553,4.794919490814209,331.5990295410156,364.44677734375,499.3648681640625,9
Flickr30K/2863539038.jpg,/content/Image_captioning_Local/Flickr30K/flickr30k_images/flickr30k_images/2863539038.jpg,person,0.3406350910663605,29.686939239501953,79.7674331665039,70.11913299560547,152.67776489257812,9
Flickr30K/2863539038.jpg,/content/Image_captioning_Local/Flickr30K/flickr30k_images/flickr30k_images/2863539038.jpg,person,0.3307717442512512,3.4965991973876953,89.98442077636719,58.7280387878418,151.2926025390625,9
Flickr30K/2863848437.jpg,/content/Image_captioning_Local/Flickr30K/flickr30k_images/flickr30k_images/2863848437.jpg,person,0.8987526893615723,234.80758666992188,128.21774291992188,353.73651123046875,209.75990295410156,11
Flickr30K/2863848437.jpg,/content/Image_captioning_Local/Flickr30K/flickr30k_images/flickr30k_images/2863848437.jpg,person,0.7889304757118225,390.31134033203125,0.0,420.7732238769531,24.545074462890625,11
Flickr30K/2863848437.jpg,/content/Image_captioning_Local/Flickr30K/flickr30k_images/flickr30k_images/2863848437.jpg,person,0.7696226239204407,182.01524353027344,0.0,197.64479064941406,32.007659912109375,11
Flickr30K/2863848437.jpg,/content/Image_captioning_Local/Flickr30K/flickr30k_images/flickr30k_images/2863848437.jpg,person,0.7038602828979492,148.2321014404297,0.2943277359008789,168.40374755859375,32.69698715209961,11
Flickr30K/2863848437.jpg,/content/Image_captioning_Local/Flickr30K/flickr30k_images/flickr30k_images/2863848437.jpg,person,0.6899261474609375,21.70664405822754,0.42960643768310547,43.987091064453125,50.06892776489258,11
Flickr30K/2863848437.jpg,/content/Image_captioning_Local/Flickr30K/flickr30k_images/flickr30k_images/2863848437.jpg,person,0.6710054874420166,486.42559814453125,0.472944974899292,499.81573486328125,53.388763427734375,11
Flickr30K/2863848437.jpg,/content/Image_captioning_Local/Flickr30K/flickr30k_images/flickr30k_images/2863848437.jpg,person,0.6664983034133911,95.29618835449219,0.9328961372375488,114.09430694580078,51.03234100341797,11
Flickr30K/2863848437.jpg,/content/Image_captioning_Local/Flickr30K/flickr30k_images/flickr30k_images/2863848437.jpg,person,0.46865978837013245,8.820745468139648,0.5038022994995117,25.927719116210938,43.61396026611328,11
Flickr30K/2863848437.jpg,/content/Image_captioning_Local/Flickr30K/flickr30k_images/flickr30k_images/2863848437.jpg,person,0.39327988028526306,473.2130432128906,0.0,485.45947265625,21.783172607421875,11
Flickr30K/2863848437.jpg,/content/Image_captioning_Local/Flickr30K/flickr30k_images/flickr30k_images/2863848437.jpg,person,0.2812775671482086,269.13983154296875,0.0,279.2359924316406,19.273544311523438,11
Flickr30K/2863848437.jpg,/content/Image_captioning_Local/Flickr30K/flickr30k_images/flickr30k_images/2863848437.jpg,sports ball,0.2666928470134735,303.0263977050781,13.489794731140137,308.333984375,18.982864379882812,11
Flickr30K/2864340145.jpg,/content/Image_captioning_Local/Flickr30K/flickr30k_images/flickr30k_images/2864340145.jpg,bear,0.8659936189651489,150.0546417236328,71.04267883300781,324.6921081542969,227.45375061035156,1
Flickr30K/2864575495.jpg,/content/Image_captioning_Local/Flickr30K/flickr30k_images/flickr30k_images/2864575495.jpg,person,0.8950133323669434,220.79539489746094,0.11813640594482422,323.04681396484375,243.0637664794922,12
Flickr30K/2864575495.jpg,/content/Image_captioning_Local/Flickr30K/flickr30k_images/flickr30k_images/2864575495.jpg,person,0.8949146866798401,77.61385345458984,4.86983060836792,239.5792999267578,239.10684204101562,12
Flickr30K/2864575495.jpg,/content/Image_captioning_Local/Flickr30K/flickr30k_images/flickr30k_images/2864575495.jpg,person,0.8404489755630493,0.0,64.82482147216797,82.70329284667969,156.54364013671875,12
Flickr30K/2864575495.jpg,/content/Image_captioning_Local/Flickr30K/flickr30k_images/flickr30k_images/2864575495.jpg,person,0.8107070326805115,361.14935302734375,72.7258529663086,449.4983215332031,177.57864379882812,12
Flickr30K/2864575495.jpg,/content/Image_captioning_Local/Flickr30K/flickr30k_images/flickr30k_images/2864575495.jpg,person,0.8078410029411316,424.11810302734375,85.6634292602539,499.71490478515625,233.18138122558594,12
Flickr30K/2864575495.jpg,/content/Image_captioning_Local/Flickr30K/flickr30k_images/flickr30k_images/2864575495.jpg,person,0.7868593335151672,411.2392578125,59.773277282714844,475.74041748046875,133.5228271484375,12
Flickr30K/2864575495.jpg,/content/Image_captioning_Local/Flickr30K/flickr30k_images/flickr30k_images/2864575495.jpg,person,0.7706401348114014,72.39142608642578,59.55712890625,140.45704650878906,129.56173706054688,12
Flickr30K/2864575495.jpg,/content/Image_captioning_Local/Flickr30K/flickr30k_images/flickr30k_images/2864575495.jpg,cup,0.46231257915496826,455.8012390136719,126.03395080566406,471.3151550292969,150.8893280029297,12
Flickr30K/2864575495.jpg,/content/Image_captioning_Local/Flickr30K/flickr30k_images/flickr30k_images/2864575495.jpg,person,0.3752571940422058,471.05108642578125,80.4115982055664,499.83001708984375,127.48368072509766,12
Flickr30K/2864575495.jpg,/content/Image_captioning_Local/Flickr30K/flickr30k_images/flickr30k_images/2864575495.jpg,chair,0.29742810130119324,359.6929626464844,152.26388549804688,430.0429382324219,218.72915649414062,12
Flickr30K/2864575495.jpg,/content/Image_captioning_Local/Flickr30K/flickr30k_images/flickr30k_images/2864575495.jpg,knife,0.28027209639549255,159.519775390625,180.3363800048828,211.72227478027344,223.63739013671875,12
Flickr30K/2864575495.jpg,/content/Image_captioning_Local/Flickr30K/flickr30k_images/flickr30k_images/2864575495.jpg,person,0.2679309546947479,0.11335611343383789,64.17363739013672,83.06414031982422,264.795166015625,12
Flickr30K/2864577025.jpg,/content/Image_captioning_Local/Flickr30K/flickr30k_images/flickr30k_images/2864577025.jpg,person,0.9239760041236877,161.9117431640625,12.795686721801758,417.6320495605469,231.21986389160156,4
Flickr30K/2864577025.jpg,/content/Image_captioning_Local/Flickr30K/flickr30k_images/flickr30k_images/2864577025.jpg,person,0.8870322108268738,389.42462158203125,80.41729736328125,499.6351318359375,327.98834228515625,4
Flickr30K/2864577025.jpg,/content/Image_captioning_Local/Flickr30K/flickr30k_images/flickr30k_images/2864577025.jpg,person,0.46398234367370605,221.1250762939453,35.95821762084961,254.7807159423828,88.51239776611328,4
Flickr30K/2864577025.jpg,/content/Image_captioning_Local/Flickr30K/flickr30k_images/flickr30k_images/2864577025.jpg,knife,0.27889078855514526,265.44342041015625,221.36912536621094,346.1606140136719,281.0003662109375,4
Flickr30K/286459527.jpg,/content/Image_captioning_Local/Flickr30K/flickr30k_images/flickr30k_images/286459527.jpg,person,0.930297315120697,96.8769302368164,63.100982666015625,208.8448944091797,310.59039306640625,4
Flickr30K/286459527.jpg,/content/Image_captioning_Local/Flickr30K/flickr30k_images/flickr30k_images/286459527.jpg,suitcase,0.7385079860687256,230.14097595214844,43.32039260864258,338.8644104003906,130.1024627685547,4
Flickr30K/286459527.jpg,/content/Image_captioning_Local/Flickr30K/flickr30k_images/flickr30k_images/286459527.jpg,cell phone,0.6730873584747314,199.38575744628906,118.24848937988281,209.83616638183594,128.9288787841797,4
Flickr30K/286459527.jpg,/content/Image_captioning_Local/Flickr30K/flickr30k_images/flickr30k_images/286459527.jpg,tv,0.31922292709350586,230.30152893066406,43.59796142578125,338.65447998046875,130.21580505371094,4
Flickr30K/2864608641.jpg,/content/Image_captioning_Local/Flickr30K/flickr30k_images/flickr30k_images/2864608641.jpg,person,0.9315875768661499,127.5227279663086,108.63336181640625,223.97659301757812,294.2235412597656,3
Flickr30K/2864608641.jpg,/content/Image_captioning_Local/Flickr30K/flickr30k_images/flickr30k_images/2864608641.jpg,person,0.9009614586830139,18.073284149169922,0.24684667587280273,119.5186767578125,271.52008056640625,3
Flickr30K/2864608641.jpg,/content/Image_captioning_Local/Flickr30K/flickr30k_images/flickr30k_images/2864608641.jpg,person,0.8936057686805725,0.06222724914550781,21.533525466918945,54.112422943115234,242.8361358642578,3
Flickr30K/2864634088.jpg,/content/Image_captioning_Local/Flickr30K/flickr30k_images/flickr30k_images/2864634088.jpg,person,0.8904423713684082,285.7643127441406,25.40937614440918,419.94195556640625,242.62042236328125,25
Flickr30K/2864634088.jpg,/content/Image_captioning_Local/Flickr30K/flickr30k_images/flickr30k_images/2864634088.jpg,person,0.8687459230422974,393.5263977050781,72.24862670898438,483.612548828125,222.28472900390625,25
Flickr30K/2864634088.jpg,/content/Image_captioning_Local/Flickr30K/flickr30k_images/flickr30k_images/2864634088.jpg,person,0.7904409170150757,202.89642333984375,98.07679748535156,272.8631286621094,226.40206909179688,25
Flickr30K/2864634088.jpg,/content/Image_captioning_Local/Flickr30K/flickr30k_images/flickr30k_images/2864634088.jpg,bicycle,0.7708509564399719,297.0465087890625,114.58878326416016,407.8857421875,275.2388610839844,25
Flickr30K/2864634088.jpg,/content/Image_captioning_Local/Flickr30K/flickr30k_images/flickr30k_images/2864634088.jpg,bicycle,0.7238542437553406,155.03660583496094,160.71267700195312,193.1565399169922,224.5527801513672,25
Flickr30K/2864634088.jpg,/content/Image_captioning_Local/Flickr30K/flickr30k_images/flickr30k_images/2864634088.jpg,bicycle,0.7146404981613159,409.56072998046875,128.67678833007812,479.9506530761719,244.5098419189453,25
Flickr30K/2864634088.jpg,/content/Image_captioning_Local/Flickr30K/flickr30k_images/flickr30k_images/2864634088.jpg,person,0.6601197719573975,32.270408630371094,125.34408569335938,77.73558044433594,212.4891357421875,25
Flickr30K/2864634088.jpg,/content/Image_captioning_Local/Flickr30K/flickr30k_images/flickr30k_images/2864634088.jpg,bicycle,0.5712780356407166,49.10984420776367,166.41201782226562,89.44523620605469,222.41758728027344,25
Flickr30K/2864634088.jpg,/content/Image_captioning_Local/Flickr30K/flickr30k_images/flickr30k_images/2864634088.jpg,person,0.5347631573677063,68.1133041381836,137.12368774414062,100.54953002929688,214.58396911621094,25
Flickr30K/2864634088.jpg,/content/Image_captioning_Local/Flickr30K/flickr30k_images/flickr30k_images/2864634088.jpg,person,0.509360671043396,4.651096343994141,136.78114318847656,39.16621398925781,206.3091583251953,25
Flickr30K/2864634088.jpg,/content/Image_captioning_Local/Flickr30K/flickr30k_images/flickr30k_images/2864634088.jpg,bicycle,0.5088376998901367,302.661376953125,146.16259765625,338.98779296875,230.17010498046875,25
Flickr30K/2864634088.jpg,/content/Image_captioning_Local/Flickr30K/flickr30k_images/flickr30k_images/2864634088.jpg,bicycle,0.5023720264434814,254.72125244140625,156.0414276123047,290.8765869140625,228.7831268310547,25
Flickr30K/2864634088.jpg,/content/Image_captioning_Local/Flickr30K/flickr30k_images/flickr30k_images/2864634088.jpg,bicycle,0.4720117449760437,19.83318328857422,172.60455322265625,59.59488296508789,223.49710083007812,25
Flickr30K/2864634088.jpg,/content/Image_captioning_Local/Flickr30K/flickr30k_images/flickr30k_images/2864634088.jpg,person,0.45952466130256653,274.1974792480469,100.25337982177734,315.57513427734375,208.33987426757812,25
Flickr30K/2864634088.jpg,/content/Image_captioning_Local/Flickr30K/flickr30k_images/flickr30k_images/2864634088.jpg,bicycle,0.45246291160583496,215.3717498779297,153.56011962890625,268.4358215332031,246.7163543701172,25
Flickr30K/2864634088.jpg,/content/Image_captioning_Local/Flickr30K/flickr30k_images/flickr30k_images/2864634088.jpg,person,0.4449419379234314,98.03935241699219,130.8846893310547,143.3560028076172,203.5419921875,25
Flickr30K/2864634088.jpg,/content/Image_captioning_Local/Flickr30K/flickr30k_images/flickr30k_images/2864634088.jpg,person,0.39497989416122437,138.954833984375,112.79067993164062,174.4417724609375,214.01138305664062,25
Flickr30K/2864634088.jpg,/content/Image_captioning_Local/Flickr30K/flickr30k_images/flickr30k_images/2864634088.jpg,bicycle,0.36514025926589966,390.9041748046875,144.62408447265625,433.91375732421875,218.99961853027344,25
Flickr30K/2864634088.jpg,/content/Image_captioning_Local/Flickr30K/flickr30k_images/flickr30k_images/2864634088.jpg,bicycle,0.36000242829322815,0.0,171.80810546875,20.316604614257812,224.12991333007812,25
Flickr30K/2864634088.jpg,/content/Image_captioning_Local/Flickr30K/flickr30k_images/flickr30k_images/2864634088.jpg,bicycle,0.34956157207489014,230.12466430664062,160.44650268554688,266.6712646484375,246.84605407714844,25
Flickr30K/2864634088.jpg,/content/Image_captioning_Local/Flickr30K/flickr30k_images/flickr30k_images/2864634088.jpg,bicycle,0.3462420403957367,108.52820587158203,165.40383911132812,148.2605743408203,220.1943359375,25
Flickr30K/2864634088.jpg,/content/Image_captioning_Local/Flickr30K/flickr30k_images/flickr30k_images/2864634088.jpg,bicycle,0.32344457507133484,91.92179107666016,167.69558715820312,124.31456756591797,221.08828735351562,25
Flickr30K/2864634088.jpg,/content/Image_captioning_Local/Flickr30K/flickr30k_images/flickr30k_images/2864634088.jpg,person,0.31537890434265137,164.02056884765625,123.89593505859375,206.9013671875,206.51907348632812,25
Flickr30K/2864634088.jpg,/content/Image_captioning_Local/Flickr30K/flickr30k_images/flickr30k_images/2864634088.jpg,bicycle,0.2712498903274536,67.97940826416016,167.62448120117188,111.53782653808594,221.94308471679688,25
Flickr30K/2864634088.jpg,/content/Image_captioning_Local/Flickr30K/flickr30k_images/flickr30k_images/2864634088.jpg,bicycle,0.26908281445503235,183.5472869873047,160.74319458007812,221.76974487304688,218.2267608642578,25
Flickr30K/2864854530.jpg,/content/Image_captioning_Local/Flickr30K/flickr30k_images/flickr30k_images/2864854530.jpg,person,0.9129844307899475,100.17416381835938,151.45712280273438,160.5750732421875,329.86944580078125,11
Flickr30K/2864854530.jpg,/content/Image_captioning_Local/Flickr30K/flickr30k_images/flickr30k_images/2864854530.jpg,person,0.8981605768203735,259.2146911621094,188.45167541503906,294.0832214355469,272.9619445800781,11
Flickr30K/2864854530.jpg,/content/Image_captioning_Local/Flickr30K/flickr30k_images/flickr30k_images/2864854530.jpg,person,0.8770851492881775,297.2456359863281,190.27658081054688,380.940185546875,312.7752685546875,11
Flickr30K/2864854530.jpg,/content/Image_captioning_Local/Flickr30K/flickr30k_images/flickr30k_images/2864854530.jpg,potted plant,0.8245223760604858,7.388699054718018,231.8635711669922,54.92681121826172,291.1376647949219,11
Flickr30K/2864854530.jpg,/content/Image_captioning_Local/Flickr30K/flickr30k_images/flickr30k_images/2864854530.jpg,person,0.7884683609008789,92.8157730102539,165.45701599121094,115.28372955322266,255.99703979492188,11
Flickr30K/2864854530.jpg,/content/Image_captioning_Local/Flickr30K/flickr30k_images/flickr30k_images/2864854530.jpg,chair,0.716553807258606,336.4880065917969,207.12156677246094,414.4149169921875,332.0442199707031,11
Flickr30K/2864854530.jpg,/content/Image_captioning_Local/Flickr30K/flickr30k_images/flickr30k_images/2864854530.jpg,person,0.7036166787147522,314.2719421386719,193.80764770507812,342.9458312988281,262.911376953125,11
Flickr30K/2864854530.jpg,/content/Image_captioning_Local/Flickr30K/flickr30k_images/flickr30k_images/2864854530.jpg,person,0.5054359436035156,289.14776611328125,188.93048095703125,305.524169921875,213.15196228027344,11
Flickr30K/2864854530.jpg,/content/Image_captioning_Local/Flickr30K/flickr30k_images/flickr30k_images/2864854530.jpg,person,0.46510156989097595,110.26663970947266,159.79600524902344,131.95596313476562,226.00961303710938,11
Flickr30K/2864854530.jpg,/content/Image_captioning_Local/Flickr30K/flickr30k_images/flickr30k_images/2864854530.jpg,person,0.45276251435279846,363.33172607421875,192.7745819091797,385.9494323730469,240.23733520507812,11
Flickr30K/2864854530.jpg,/content/Image_captioning_Local/Flickr30K/flickr30k_images/flickr30k_images/2864854530.jpg,person,0.3290947377681732,302.09686279296875,193.619873046875,343.4547119140625,263.8227844238281,11
Flickr30K/2864914377.jpg,/content/Image_captioning_Local/Flickr30K/flickr30k_images/flickr30k_images/2864914377.jpg,person,0.9238422513008118,224.6336212158203,140.07640075683594,357.9295349121094,398.07757568359375,5
Flickr30K/2864914377.jpg,/content/Image_captioning_Local/Flickr30K/flickr30k_images/flickr30k_images/2864914377.jpg,person,0.9094858169555664,408.6755676269531,143.45362854003906,499.7796936035156,307.8553466796875,5
Flickr30K/2864914377.jpg,/content/Image_captioning_Local/Flickr30K/flickr30k_images/flickr30k_images/2864914377.jpg,person,0.8133024573326111,440.93389892578125,126.77488708496094,476.9749755859375,185.69322204589844,5
Flickr30K/2864914377.jpg,/content/Image_captioning_Local/Flickr30K/flickr30k_images/flickr30k_images/2864914377.jpg,person,0.6757944822311401,222.962646484375,135.73529052734375,242.07427978515625,185.91943359375,5
Flickr30K/2864914377.jpg,/content/Image_captioning_Local/Flickr30K/flickr30k_images/flickr30k_images/2864914377.jpg,bus,0.3425661623477936,0.0258713960647583,86.05903625488281,24.89825439453125,268.1229248046875,5
Flickr30K/2865376471.jpg,/content/Image_captioning_Local/Flickr30K/flickr30k_images/flickr30k_images/2865376471.jpg,dog,0.9447527527809143,244.517333984375,205.3988037109375,401.16265869140625,321.33636474609375,10
Flickr30K/2865376471.jpg,/content/Image_captioning_Local/Flickr30K/flickr30k_images/flickr30k_images/2865376471.jpg,person,0.9197691082954407,316.8981628417969,75.23118591308594,404.5397644042969,233.47463989257812,10
Flickr30K/2865376471.jpg,/content/Image_captioning_Local/Flickr30K/flickr30k_images/flickr30k_images/2865376471.jpg,dog,0.9147568941116333,51.463626861572266,183.49661254882812,244.78921508789062,304.48907470703125,10
Flickr30K/2865376471.jpg,/content/Image_captioning_Local/Flickr30K/flickr30k_images/flickr30k_images/2865376471.jpg,person,0.8434220552444458,0.2203047275543213,155.2032012939453,91.05707550048828,333.5404357910156,10
Flickr30K/2865376471.jpg,/content/Image_captioning_Local/Flickr30K/flickr30k_images/flickr30k_images/2865376471.jpg,person,0.7057778835296631,244.34738159179688,55.398250579833984,261.9355163574219,91.29598236083984,10
Flickr30K/2865376471.jpg,/content/Image_captioning_Local/Flickr30K/flickr30k_images/flickr30k_images/2865376471.jpg,bottle,0.663650631904602,9.698423385620117,226.61285400390625,23.42482566833496,258.19482421875,10
Flickr30K/2865376471.jpg,/content/Image_captioning_Local/Flickr30K/flickr30k_images/flickr30k_images/2865376471.jpg,person,0.6227415800094604,83.25672149658203,48.332740783691406,168.96141052246094,196.02198791503906,10
Flickr30K/2865376471.jpg,/content/Image_captioning_Local/Flickr30K/flickr30k_images/flickr30k_images/2865376471.jpg,person,0.409152090549469,82.85763549804688,48.4563102722168,169.23765563964844,294.0917663574219,10
Flickr30K/2865376471.jpg,/content/Image_captioning_Local/Flickr30K/flickr30k_images/flickr30k_images/2865376471.jpg,person,0.4053448438644409,0.17868578433990479,243.6431884765625,26.64329719543457,333.83905029296875,10
Flickr30K/2865376471.jpg,/content/Image_captioning_Local/Flickr30K/flickr30k_images/flickr30k_images/2865376471.jpg,dining table,0.35529765486717224,204.67547607421875,89.62095642089844,270.6853942871094,181.6680908203125,10
Flickr30K/2865409854.jpg,/content/Image_captioning_Local/Flickr30K/flickr30k_images/flickr30k_images/2865409854.jpg,person,0.8424668908119202,77.98030090332031,191.49734497070312,105.13546752929688,276.00042724609375,11
Flickr30K/2865409854.jpg,/content/Image_captioning_Local/Flickr30K/flickr30k_images/flickr30k_images/2865409854.jpg,person,0.8235926032066345,108.41970825195312,197.23023986816406,127.89008331298828,260.00958251953125,11
Flickr30K/2865409854.jpg,/content/Image_captioning_Local/Flickr30K/flickr30k_images/flickr30k_images/2865409854.jpg,person,0.8094069957733154,318.1824951171875,163.21505737304688,334.8818664550781,214.74246215820312,11
Flickr30K/2865409854.jpg,/content/Image_captioning_Local/Flickr30K/flickr30k_images/flickr30k_images/2865409854.jpg,person,0.7735964059829712,268.554931640625,177.83851623535156,284.59869384765625,220.31689453125,11
Flickr30K/2865409854.jpg,/content/Image_captioning_Local/Flickr30K/flickr30k_images/flickr30k_images/2865409854.jpg,person,0.7515575289726257,445.7139892578125,174.66702270507812,464.07452392578125,221.17123413085938,11
Flickr30K/2865409854.jpg,/content/Image_captioning_Local/Flickr30K/flickr30k_images/flickr30k_images/2865409854.jpg,person,0.5396511554718018,357.0741271972656,166.41995239257812,371.04669189453125,193.64207458496094,11
Flickr30K/2865409854.jpg,/content/Image_captioning_Local/Flickr30K/flickr30k_images/flickr30k_images/2865409854.jpg,person,0.4990742802619934,352.0020446777344,187.31719970703125,372.9266052246094,227.55233764648438,11
Flickr30K/2865409854.jpg,/content/Image_captioning_Local/Flickr30K/flickr30k_images/flickr30k_images/2865409854.jpg,person,0.47184327244758606,410.4294738769531,184.366943359375,428.4640197753906,205.13729858398438,11
Flickr30K/2865409854.jpg,/content/Image_captioning_Local/Flickr30K/flickr30k_images/flickr30k_images/2865409854.jpg,person,0.37895745038986206,377.1001281738281,175.90493774414062,384.85321044921875,201.62277221679688,11
Flickr30K/2865409854.jpg,/content/Image_captioning_Local/Flickr30K/flickr30k_images/flickr30k_images/2865409854.jpg,person,0.3418961465358734,136.20314025878906,154.49676513671875,153.77235412597656,192.3594512939453,11
Flickr30K/2865409854.jpg,/content/Image_captioning_Local/Flickr30K/flickr30k_images/flickr30k_images/2865409854.jpg,person,0.3331734240055084,26.089345932006836,146.28672790527344,40.5623779296875,187.1184844970703,11
Flickr30K/2865564810.jpg,/content/Image_captioning_Local/Flickr30K/flickr30k_images/flickr30k_images/2865564810.jpg,person,0.75086510181427,141.35122680664062,92.44132232666016,206.4617156982422,181.14862060546875,12
Flickr30K/2865564810.jpg,/content/Image_captioning_Local/Flickr30K/flickr30k_images/flickr30k_images/2865564810.jpg,person,0.6911595463752747,168.9541778564453,200.80972290039062,191.83401489257812,272.53717041015625,12
Flickr30K/2865564810.jpg,/content/Image_captioning_Local/Flickr30K/flickr30k_images/flickr30k_images/2865564810.jpg,person,0.6462097764015198,399.8243103027344,291.27764892578125,430.25341796875,323.7953796386719,12
Flickr30K/2865564810.jpg,/content/Image_captioning_Local/Flickr30K/flickr30k_images/flickr30k_images/2865564810.jpg,bicycle,0.5465684533119202,99.75414276123047,50.45848083496094,176.02008056640625,144.2425079345703,12
Flickr30K/2865564810.jpg,/content/Image_captioning_Local/Flickr30K/flickr30k_images/flickr30k_images/2865564810.jpg,person,0.5407055020332336,251.1831817626953,159.6953887939453,278.265625,193.9536590576172,12
Flickr30K/2865564810.jpg,/content/Image_captioning_Local/Flickr30K/flickr30k_images/flickr30k_images/2865564810.jpg,person,0.5030428767204285,477.2640380859375,291.2621154785156,499.84454345703125,323.874267578125,12
Flickr30K/2865564810.jpg,/content/Image_captioning_Local/Flickr30K/flickr30k_images/flickr30k_images/2865564810.jpg,person,0.454609751701355,446.8035583496094,286.7940368652344,476.39532470703125,323.1245422363281,12
Flickr30K/2865564810.jpg,/content/Image_captioning_Local/Flickr30K/flickr30k_images/flickr30k_images/2865564810.jpg,person,0.3953826427459717,295.3186950683594,276.4151611328125,320.89056396484375,295.93829345703125,12
Flickr30K/2865564810.jpg,/content/Image_captioning_Local/Flickr30K/flickr30k_images/flickr30k_images/2865564810.jpg,person,0.3186352550983429,194.9779815673828,185.50619506835938,216.76402282714844,210.68930053710938,12
Flickr30K/2865564810.jpg,/content/Image_captioning_Local/Flickr30K/flickr30k_images/flickr30k_images/2865564810.jpg,person,0.31809261441230774,280.0988464355469,154.661376953125,302.00860595703125,197.9634246826172,12
Flickr30K/2865564810.jpg,/content/Image_captioning_Local/Flickr30K/flickr30k_images/flickr30k_images/2865564810.jpg,person,0.3104499578475952,315.2532653808594,117.89879608154297,335.0678405761719,163.73468017578125,12
Flickr30K/2865564810.jpg,/content/Image_captioning_Local/Flickr30K/flickr30k_images/flickr30k_images/2865564810.jpg,person,0.31029585003852844,280.2763671875,154.08396911621094,302.2532653808594,215.05474853515625,12
Flickr30K/2865703567.jpg,/content/Image_captioning_Local/Flickr30K/flickr30k_images/flickr30k_images/2865703567.jpg,person,0.9184627532958984,155.18312072753906,120.67494201660156,249.75381469726562,236.15155029296875,2
Flickr30K/2865703567.jpg,/content/Image_captioning_Local/Flickr30K/flickr30k_images/flickr30k_images/2865703567.jpg,dog,0.2787107527256012,47.26636505126953,429.1799011230469,137.6261749267578,499.7175598144531,2
Flickr30K/2865725777.jpg,/content/Image_captioning_Local/Flickr30K/flickr30k_images/flickr30k_images/2865725777.jpg,person,0.7691459059715271,318.39404296875,55.58053207397461,461.2359924316406,354.7494812011719,3
Flickr30K/2865725777.jpg,/content/Image_captioning_Local/Flickr30K/flickr30k_images/flickr30k_images/2865725777.jpg,bottle,0.3629978895187378,56.615264892578125,329.630615234375,91.74201965332031,362.1016845703125,3
Flickr30K/2865725777.jpg,/content/Image_captioning_Local/Flickr30K/flickr30k_images/flickr30k_images/2865725777.jpg,person,0.31920894980430603,194.75450134277344,53.959510803222656,458.9591064453125,355.2759094238281,3
Flickr30K/2865736256.jpg,/content/Image_captioning_Local/Flickr30K/flickr30k_images/flickr30k_images/2865736256.jpg,person,0.9303740859031677,0.17445087432861328,202.5931854248047,83.39266967773438,355.5957336425781,5
Flickr30K/2865736256.jpg,/content/Image_captioning_Local/Flickr30K/flickr30k_images/flickr30k_images/2865736256.jpg,person,0.8869825005531311,52.9560432434082,232.94711303710938,119.17012023925781,356.8318786621094,5
Flickr30K/2865736256.jpg,/content/Image_captioning_Local/Flickr30K/flickr30k_images/flickr30k_images/2865736256.jpg,person,0.8173319697380066,211.67063903808594,321.6979064941406,283.8796691894531,357.72332763671875,5
Flickr30K/2865736256.jpg,/content/Image_captioning_Local/Flickr30K/flickr30k_images/flickr30k_images/2865736256.jpg,person,0.7573209404945374,305.3338623046875,336.30609130859375,364.95556640625,358.0,5
Flickr30K/2865736256.jpg,/content/Image_captioning_Local/Flickr30K/flickr30k_images/flickr30k_images/2865736256.jpg,bus,0.36444392800331116,3.6554336547851562,0.0,500.0,357.2005615234375,5
Flickr30K/2866016431.jpg,/content/Image_captioning_Local/Flickr30K/flickr30k_images/flickr30k_images/2866016431.jpg,car,0.9309019446372986,27.619277954101562,111.43128967285156,115.39602661132812,180.9619598388672,14
Flickr30K/2866016431.jpg,/content/Image_captioning_Local/Flickr30K/flickr30k_images/flickr30k_images/2866016431.jpg,person,0.898613691329956,336.6228942871094,67.30546569824219,441.1592102050781,329.9432678222656,14
Flickr30K/2866016431.jpg,/content/Image_captioning_Local/Flickr30K/flickr30k_images/flickr30k_images/2866016431.jpg,suitcase,0.8355824947357178,414.220703125,231.14381408691406,494.20556640625,331.2478942871094,14
Flickr30K/2866016431.jpg,/content/Image_captioning_Local/Flickr30K/flickr30k_images/flickr30k_images/2866016431.jpg,car,0.7698739171028137,429.7271728515625,103.88776397705078,499.7033996582031,142.00096130371094,14
Flickr30K/2866016431.jpg,/content/Image_captioning_Local/Flickr30K/flickr30k_images/flickr30k_images/2866016431.jpg,traffic light,0.7521626353263855,123.63645935058594,14.052224159240723,136.1143798828125,39.70256042480469,14
Flickr30K/2866016431.jpg,/content/Image_captioning_Local/Flickr30K/flickr30k_images/flickr30k_images/2866016431.jpg,car,0.7229132652282715,137.63729858398438,111.84375,158.6246337890625,128.04110717773438,14
Flickr30K/2866016431.jpg,/content/Image_captioning_Local/Flickr30K/flickr30k_images/flickr30k_images/2866016431.jpg,traffic light,0.69391268491745,185.3616943359375,15.63311767578125,196.87808227539062,39.4552116394043,14
Flickr30K/2866016431.jpg,/content/Image_captioning_Local/Flickr30K/flickr30k_images/flickr30k_images/2866016431.jpg,handbag,0.5814940929412842,353.6207580566406,113.89904022216797,384.4012756347656,193.1917724609375,14
Flickr30K/2866016431.jpg,/content/Image_captioning_Local/Flickr30K/flickr30k_images/flickr30k_images/2866016431.jpg,person,0.5718188881874084,276.9246520996094,99.4369888305664,299.70001220703125,172.75013732910156,14
Flickr30K/2866016431.jpg,/content/Image_captioning_Local/Flickr30K/flickr30k_images/flickr30k_images/2866016431.jpg,traffic light,0.5566495656967163,313.5131530761719,46.29292297363281,323.84002685546875,78.82511901855469,14
Flickr30K/2866016431.jpg,/content/Image_captioning_Local/Flickr30K/flickr30k_images/flickr30k_images/2866016431.jpg,handbag,0.5008671283721924,320.2481689453125,167.16122436523438,360.83807373046875,215.39015197753906,14
Flickr30K/2866016431.jpg,/content/Image_captioning_Local/Flickr30K/flickr30k_images/flickr30k_images/2866016431.jpg,car,0.4892556369304657,194.30552673339844,110.38529968261719,219.0601348876953,127.1506576538086,14
Flickr30K/2866016431.jpg,/content/Image_captioning_Local/Flickr30K/flickr30k_images/flickr30k_images/2866016431.jpg,car,0.4441491663455963,303.433837890625,101.10709381103516,376.5955505371094,140.04432678222656,14
Flickr30K/2866016431.jpg,/content/Image_captioning_Local/Flickr30K/flickr30k_images/flickr30k_images/2866016431.jpg,car,0.3790934979915619,179.04052734375,109.34660339355469,195.05873107910156,127.59673309326172,14
Flickr30K/2866018225.jpg,/content/Image_captioning_Local/Flickr30K/flickr30k_images/flickr30k_images/2866018225.jpg,person,0.9514951705932617,34.089515686035156,138.19288635253906,282.6703186035156,498.2878723144531,3
Flickr30K/2866018225.jpg,/content/Image_captioning_Local/Flickr30K/flickr30k_images/flickr30k_images/2866018225.jpg,person,0.47754037380218506,277.5589599609375,460.8277282714844,332.35296630859375,499.7942810058594,3
Flickr30K/2866018225.jpg,/content/Image_captioning_Local/Flickr30K/flickr30k_images/flickr30k_images/2866018225.jpg,cell phone,0.36663755774497986,169.773681640625,210.89205932617188,229.06942749023438,236.4541473388672,3
Flickr30K/2866093652.jpg,/content/Image_captioning_Local/Flickr30K/flickr30k_images/flickr30k_images/2866093652.jpg,person,0.836990237236023,5.060935020446777,2.433490753173828,231.0265350341797,437.11279296875,14
Flickr30K/2866093652.jpg,/content/Image_captioning_Local/Flickr30K/flickr30k_images/flickr30k_images/2866093652.jpg,person,0.7587745785713196,167.06207275390625,104.07587432861328,402.14520263671875,474.69525146484375,14
Flickr30K/2866093652.jpg,/content/Image_captioning_Local/Flickr30K/flickr30k_images/flickr30k_images/2866093652.jpg,skateboard,0.6209642291069031,3.6536097526550293,414.5643310546875,104.86753845214844,448.6629638671875,14
Flickr30K/2866093652.jpg,/content/Image_captioning_Local/Flickr30K/flickr30k_images/flickr30k_images/2866093652.jpg,person,0.5951099395751953,161.85475158691406,50.30374526977539,446.99993896484375,462.2188720703125,14
Flickr30K/2866093652.jpg,/content/Image_captioning_Local/Flickr30K/flickr30k_images/flickr30k_images/2866093652.jpg,person,0.5459047555923462,425.8977355957031,235.4237060546875,446.84759521484375,267.221923828125,14
Flickr30K/2866093652.jpg,/content/Image_captioning_Local/Flickr30K/flickr30k_images/flickr30k_images/2866093652.jpg,person,0.5395871996879578,22.196430206298828,242.24090576171875,55.9649772644043,309.7158508300781,14
Flickr30K/2866093652.jpg,/content/Image_captioning_Local/Flickr30K/flickr30k_images/flickr30k_images/2866093652.jpg,skateboard,0.3951113820075989,212.47129821777344,400.62457275390625,259.7838439941406,436.7955322265625,14
Flickr30K/2866093652.jpg,/content/Image_captioning_Local/Flickr30K/flickr30k_images/flickr30k_images/2866093652.jpg,skateboard,0.36645910143852234,315.2938232421875,445.2811584472656,387.42041015625,477.61932373046875,14
Flickr30K/2866093652.jpg,/content/Image_captioning_Local/Flickr30K/flickr30k_images/flickr30k_images/2866093652.jpg,person,0.36330071091651917,419.3151550292969,186.4219970703125,444.3611145019531,212.93466186523438,14
Flickr30K/2866093652.jpg,/content/Image_captioning_Local/Flickr30K/flickr30k_images/flickr30k_images/2866093652.jpg,person,0.335676372051239,100.49684143066406,184.99917602539062,223.64523315429688,393.112548828125,14
Flickr30K/2866093652.jpg,/content/Image_captioning_Local/Flickr30K/flickr30k_images/flickr30k_images/2866093652.jpg,person,0.3277803063392639,219.3839111328125,264.0030822753906,248.5370635986328,283.91162109375,14
Flickr30K/2866093652.jpg,/content/Image_captioning_Local/Flickr30K/flickr30k_images/flickr30k_images/2866093652.jpg,person,0.3221816122531891,390.5901794433594,189.0124969482422,410.611328125,215.73423767089844,14
Flickr30K/2866093652.jpg,/content/Image_captioning_Local/Flickr30K/flickr30k_images/flickr30k_images/2866093652.jpg,skateboard,0.31753021478652954,229.04896545410156,445.2181701660156,387.89215087890625,494.64263916015625,14
Flickr30K/2866093652.jpg,/content/Image_captioning_Local/Flickr30K/flickr30k_images/flickr30k_images/2866093652.jpg,person,0.2779722809791565,0.08483529090881348,245.04762268066406,31.193805694580078,311.70648193359375,14
Flickr30K/2866254827.jpg,/content/Image_captioning_Local/Flickr30K/flickr30k_images/flickr30k_images/2866254827.jpg,motorcycle,0.8881002068519592,144.74525451660156,133.49710083007812,291.9095153808594,332.28216552734375,4
Flickr30K/2866254827.jpg,/content/Image_captioning_Local/Flickr30K/flickr30k_images/flickr30k_images/2866254827.jpg,motorcycle,0.8465855717658997,326.69720458984375,198.5012969970703,381.4566650390625,262.84027099609375,4
Flickr30K/2866254827.jpg,/content/Image_captioning_Local/Flickr30K/flickr30k_images/flickr30k_images/2866254827.jpg,person,0.7768625020980835,224.07589721679688,85.08832550048828,290.01416015625,269.71185302734375,4
Flickr30K/2866254827.jpg,/content/Image_captioning_Local/Flickr30K/flickr30k_images/flickr30k_images/2866254827.jpg,person,0.760420560836792,334.014404296875,173.3816680908203,375.0281677246094,246.3118133544922,4
Flickr30K/286631459.jpg,/content/Image_captioning_Local/Flickr30K/flickr30k_images/flickr30k_images/286631459.jpg,person,0.9388655424118042,147.55706787109375,2.460944652557373,465.6640930175781,329.66107177734375,7
Flickr30K/286631459.jpg,/content/Image_captioning_Local/Flickr30K/flickr30k_images/flickr30k_images/286631459.jpg,fork,0.7554760575294495,254.09066772460938,189.85061645507812,283.568115234375,257.51153564453125,7
Flickr30K/286631459.jpg,/content/Image_captioning_Local/Flickr30K/flickr30k_images/flickr30k_images/286631459.jpg,person,0.6670068502426147,367.21624755859375,65.00894927978516,425.4411315917969,153.8851318359375,7
Flickr30K/286631459.jpg,/content/Image_captioning_Local/Flickr30K/flickr30k_images/flickr30k_images/286631459.jpg,cup,0.38100069761276245,491.0065612792969,218.69760131835938,499.8177490234375,281.2203063964844,7
Flickr30K/286631459.jpg,/content/Image_captioning_Local/Flickr30K/flickr30k_images/flickr30k_images/286631459.jpg,dining table,0.3755857050418854,456.4576721191406,249.18504333496094,499.5525817871094,309.45428466796875,7
Flickr30K/286631459.jpg,/content/Image_captioning_Local/Flickr30K/flickr30k_images/flickr30k_images/286631459.jpg,chair,0.33968108892440796,462.7377624511719,302.935302734375,499.8343505859375,332.2607116699219,7
Flickr30K/286631459.jpg,/content/Image_captioning_Local/Flickr30K/flickr30k_images/flickr30k_images/286631459.jpg,cup,0.29028308391571045,71.27395629882812,169.57240295410156,93.5201416015625,210.40692138671875,7
Flickr30K/2866529477.jpg,/content/Image_captioning_Local/Flickr30K/flickr30k_images/flickr30k_images/2866529477.jpg,person,0.8918071389198303,51.97925567626953,55.83722686767578,461.2530212402344,282.7049560546875,4
Flickr30K/2866529477.jpg,/content/Image_captioning_Local/Flickr30K/flickr30k_images/flickr30k_images/2866529477.jpg,person,0.4284072518348694,281.63958740234375,36.80534362792969,498.0325622558594,141.84031677246094,4
Flickr30K/2866529477.jpg,/content/Image_captioning_Local/Flickr30K/flickr30k_images/flickr30k_images/2866529477.jpg,person,0.42055681347846985,281.2254943847656,37.31665802001953,433.76568603515625,140.25950622558594,4
Flickr30K/2866529477.jpg,/content/Image_captioning_Local/Flickr30K/flickr30k_images/flickr30k_images/2866529477.jpg,person,0.41246113181114197,0.1793980598449707,106.44937896728516,146.98663330078125,153.9634246826172,4
Flickr30K/286660725.jpg,/content/Image_captioning_Local/Flickr30K/flickr30k_images/flickr30k_images/286660725.jpg,person,0.38422146439552307,177.48013305664062,255.66949462890625,244.31661987304688,374.1551513671875,1
Flickr30K/2866686547.jpg,/content/Image_captioning_Local/Flickr30K/flickr30k_images/flickr30k_images/2866686547.jpg,person,0.926386833190918,106.04114532470703,89.01004791259766,330.9561767578125,423.8161926269531,2
Flickr30K/2866686547.jpg,/content/Image_captioning_Local/Flickr30K/flickr30k_images/flickr30k_images/2866686547.jpg,person,0.8641063570976257,45.685123443603516,83.16629791259766,163.81588745117188,417.7609558105469,2
Flickr30K/2866696346.jpg,/content/Image_captioning_Local/Flickr30K/flickr30k_images/flickr30k_images/2866696346.jpg,person,0.9421373009681702,381.79522705078125,13.662492752075195,499.7532958984375,232.31777954101562,4
Flickr30K/2866696346.jpg,/content/Image_captioning_Local/Flickr30K/flickr30k_images/flickr30k_images/2866696346.jpg,person,0.9315415620803833,0.5980014801025391,50.20442199707031,271.90899658203125,327.4506530761719,4
Flickr30K/2866696346.jpg,/content/Image_captioning_Local/Flickr30K/flickr30k_images/flickr30k_images/2866696346.jpg,skateboard,0.8761664032936096,0.18045902252197266,262.93682861328125,189.29298400878906,330.41845703125,4
Flickr30K/2866696346.jpg,/content/Image_captioning_Local/Flickr30K/flickr30k_images/flickr30k_images/2866696346.jpg,skateboard,0.8262203931808472,357.00177001953125,199.94705200195312,499.4989318847656,259.7723693847656,4
Flickr30K/2866820467.jpg,/content/Image_captioning_Local/Flickr30K/flickr30k_images/flickr30k_images/2866820467.jpg,person,0.7755092978477478,41.98222351074219,125.8065185546875,372.2460632324219,484.1673889160156,5
Flickr30K/2866820467.jpg,/content/Image_captioning_Local/Flickr30K/flickr30k_images/flickr30k_images/2866820467.jpg,umbrella,0.6690779328346252,38.958919525146484,68.76898193359375,327.2882385253906,271.43377685546875,5
Flickr30K/2866820467.jpg,/content/Image_captioning_Local/Flickr30K/flickr30k_images/flickr30k_images/2866820467.jpg,handbag,0.6673651337623596,69.30377197265625,238.12704467773438,182.6566162109375,356.0023193359375,5
Flickr30K/2866820467.jpg,/content/Image_captioning_Local/Flickr30K/flickr30k_images/flickr30k_images/2866820467.jpg,bench,0.5881500840187073,0.0,167.23780822753906,162.96580505371094,420.5628967285156,5
Flickr30K/2866820467.jpg,/content/Image_captioning_Local/Flickr30K/flickr30k_images/flickr30k_images/2866820467.jpg,bench,0.32811394333839417,256.2738037109375,133.45693969726562,384.0,325.5576171875,5
Flickr30K/2866974237.jpg,/content/Image_captioning_Local/Flickr30K/flickr30k_images/flickr30k_images/2866974237.jpg,person,0.9536097049713135,180.30471801757812,151.70050048828125,375.0,498.7979431152344,13
Flickr30K/2866974237.jpg,/content/Image_captioning_Local/Flickr30K/flickr30k_images/flickr30k_images/2866974237.jpg,person,0.6481510400772095,40.621829986572266,132.57522583007812,50.375247955322266,138.70916748046875,13
Flickr30K/2866974237.jpg,/content/Image_captioning_Local/Flickr30K/flickr30k_images/flickr30k_images/2866974237.jpg,person,0.6136069893836975,224.26547241210938,154.47085571289062,231.9773712158203,162.1333770751953,13
Flickr30K/2866974237.jpg,/content/Image_captioning_Local/Flickr30K/flickr30k_images/flickr30k_images/2866974237.jpg,person,0.5735473036766052,88.36994171142578,136.1084442138672,93.62178039550781,144.06790161132812,13
Flickr30K/2866974237.jpg,/content/Image_captioning_Local/Flickr30K/flickr30k_images/flickr30k_images/2866974237.jpg,person,0.5731752514839172,186.2590789794922,149.92034912109375,196.2360382080078,156.79425048828125,13
Flickr30K/2866974237.jpg,/content/Image_captioning_Local/Flickr30K/flickr30k_images/flickr30k_images/2866974237.jpg,person,0.49023059010505676,10.538697242736816,152.12933349609375,24.12177276611328,161.26930236816406,13
Flickr30K/2866974237.jpg,/content/Image_captioning_Local/Flickr30K/flickr30k_images/flickr30k_images/2866974237.jpg,surfboard,0.41881972551345825,94.86109924316406,139.73919677734375,106.62226867675781,143.89492797851562,13
Flickr30K/2866974237.jpg,/content/Image_captioning_Local/Flickr30K/flickr30k_images/flickr30k_images/2866974237.jpg,cell phone,0.3948148787021637,192.03707885742188,261.19561767578125,231.947021484375,281.4648132324219,13
Flickr30K/2866974237.jpg,/content/Image_captioning_Local/Flickr30K/flickr30k_images/flickr30k_images/2866974237.jpg,person,0.34642189741134644,240.52981567382812,155.52723693847656,246.46893310546875,161.8194122314453,13
Flickr30K/2866974237.jpg,/content/Image_captioning_Local/Flickr30K/flickr30k_images/flickr30k_images/2866974237.jpg,person,0.3323264718055725,215.14540100097656,133.2775421142578,219.62594604492188,137.85675048828125,13
Flickr30K/2866974237.jpg,/content/Image_captioning_Local/Flickr30K/flickr30k_images/flickr30k_images/2866974237.jpg,person,0.3061954975128174,134.44483947753906,150.6630859375,139.82217407226562,159.25840759277344,13
Flickr30K/2866974237.jpg,/content/Image_captioning_Local/Flickr30K/flickr30k_images/flickr30k_images/2866974237.jpg,person,0.28226977586746216,40.44033432006836,132.56918334960938,47.27257537841797,138.57940673828125,13
Flickr30K/2866974237.jpg,/content/Image_captioning_Local/Flickr30K/flickr30k_images/flickr30k_images/2866974237.jpg,surfboard,0.26285237073898315,11.079859733581543,155.0999298095703,23.98321533203125,161.0651092529297,13
Flickr30K/2867026654.jpg,/content/Image_captioning_Local/Flickr30K/flickr30k_images/flickr30k_images/2867026654.jpg,dog,0.9469630718231201,101.19532012939453,143.62368774414062,342.6117858886719,334.8498840332031,2
Flickr30K/2867026654.jpg,/content/Image_captioning_Local/Flickr30K/flickr30k_images/flickr30k_images/2867026654.jpg,frisbee,0.9228902459144592,282.1900329589844,6.009864807128906,335.6141052246094,50.208091735839844,2
Flickr30K/2867174889.jpg,/content/Image_captioning_Local/Flickr30K/flickr30k_images/flickr30k_images/2867174889.jpg,person,0.9329063296318054,175.26058959960938,92.55824279785156,337.2746887207031,493.0549621582031,2
Flickr30K/2867174889.jpg,/content/Image_captioning_Local/Flickr30K/flickr30k_images/flickr30k_images/2867174889.jpg,tv,0.6895041465759277,2.07594633102417,144.2014923095703,39.82046890258789,179.17294311523438,2
Flickr30K/2867459095.jpg,/content/Image_captioning_Local/Flickr30K/flickr30k_images/flickr30k_images/2867459095.jpg,person,0.7942509055137634,67.59683990478516,154.0211181640625,261.9910583496094,493.4364318847656,1
Flickr30K/2867460039.jpg,/content/Image_captioning_Local/Flickr30K/flickr30k_images/flickr30k_images/2867460039.jpg,person,0.7634823322296143,392.0753173828125,114.35692596435547,444.387451171875,278.4336242675781,3
Flickr30K/2867460039.jpg,/content/Image_captioning_Local/Flickr30K/flickr30k_images/flickr30k_images/2867460039.jpg,person,0.6833156943321228,292.865478515625,68.19715881347656,327.5652770996094,195.1499481201172,3
Flickr30K/2867460039.jpg,/content/Image_captioning_Local/Flickr30K/flickr30k_images/flickr30k_images/2867460039.jpg,person,0.35388991236686707,103.98258972167969,255.90968322753906,173.75326538085938,320.3658447265625,3
Flickr30K/2867699650.jpg,/content/Image_captioning_Local/Flickr30K/flickr30k_images/flickr30k_images/2867699650.jpg,dog,0.9654892683029175,54.7108154296875,34.186851501464844,428.69134521484375,317.40838623046875,1
Flickr30K/2867736861.jpg,/content/Image_captioning_Local/Flickr30K/flickr30k_images/flickr30k_images/2867736861.jpg,dog,0.9444621801376343,113.70291900634766,89.58417510986328,333.8021240234375,206.3374481201172,1
Flickr30K/2867845624.jpg,/content/Image_captioning_Local/Flickr30K/flickr30k_images/flickr30k_images/2867845624.jpg,dog,0.9351792335510254,184.40370178222656,81.46809387207031,355.3377990722656,351.543701171875,1
Flickr30K/2867937005.jpg,/content/Image_captioning_Local/Flickr30K/flickr30k_images/flickr30k_images/2867937005.jpg,person,0.8906758427619934,61.63764190673828,2.473163604736328,475.3839416503906,447.080322265625,2
Flickr30K/2867937005.jpg,/content/Image_captioning_Local/Flickr30K/flickr30k_images/flickr30k_images/2867937005.jpg,couch,0.7393053770065308,0.3170013427734375,0.0,498.5450134277344,448.4759216308594,2
Flickr30K/2867968184.jpg,/content/Image_captioning_Local/Flickr30K/flickr30k_images/flickr30k_images/2867968184.jpg,person,0.9401081204414368,63.68113708496094,31.318782806396484,240.48785400390625,241.7940673828125,4
Flickr30K/2867968184.jpg,/content/Image_captioning_Local/Flickr30K/flickr30k_images/flickr30k_images/2867968184.jpg,skateboard,0.9145157337188721,46.937034606933594,154.6470947265625,152.73504638671875,261.89984130859375,4
Flickr30K/2867968184.jpg,/content/Image_captioning_Local/Flickr30K/flickr30k_images/flickr30k_images/2867968184.jpg,skateboard,0.8237144947052002,242.3347930908203,337.5285339355469,304.2878723144531,389.14459228515625,4
Flickr30K/2867968184.jpg,/content/Image_captioning_Local/Flickr30K/flickr30k_images/flickr30k_images/2867968184.jpg,person,0.6235321164131165,268.837646484375,323.472412109375,332.4936828613281,363.7290954589844,4
Flickr30K/286797291.jpg,/content/Image_captioning_Local/Flickr30K/flickr30k_images/flickr30k_images/286797291.jpg,person,0.9289857149124146,406.6104431152344,134.74374389648438,498.3868103027344,313.4000244140625,10
Flickr30K/286797291.jpg,/content/Image_captioning_Local/Flickr30K/flickr30k_images/flickr30k_images/286797291.jpg,person,0.9193719625473022,78.72257232666016,66.96591186523438,177.88038635253906,282.06219482421875,10
Flickr30K/286797291.jpg,/content/Image_captioning_Local/Flickr30K/flickr30k_images/flickr30k_images/286797291.jpg,person,0.9130374193191528,0.02803206443786621,46.135520935058594,68.09892272949219,215.3889617919922,10
Flickr30K/286797291.jpg,/content/Image_captioning_Local/Flickr30K/flickr30k_images/flickr30k_images/286797291.jpg,person,0.912588357925415,339.743408203125,118.43560028076172,411.2745361328125,296.8404541015625,10
Flickr30K/286797291.jpg,/content/Image_captioning_Local/Flickr30K/flickr30k_images/flickr30k_images/286797291.jpg,backpack,0.5339069962501526,68.30270385742188,110.21495056152344,140.802734375,181.4200897216797,10
Flickr30K/286797291.jpg,/content/Image_captioning_Local/Flickr30K/flickr30k_images/flickr30k_images/286797291.jpg,backpack,0.4642072319984436,0.0002741813659667969,200.37808227539062,79.16070556640625,332.9435729980469,10
Flickr30K/286797291.jpg,/content/Image_captioning_Local/Flickr30K/flickr30k_images/flickr30k_images/286797291.jpg,bench,0.4232463836669922,278.75823974609375,172.666748046875,356.5311279296875,247.9563751220703,10
Flickr30K/286797291.jpg,/content/Image_captioning_Local/Flickr30K/flickr30k_images/flickr30k_images/286797291.jpg,suitcase,0.41447269916534424,0.0,199.2646026611328,79.21246337890625,333.0951843261719,10
Flickr30K/286797291.jpg,/content/Image_captioning_Local/Flickr30K/flickr30k_images/flickr30k_images/286797291.jpg,handbag,0.29178881645202637,68.51211547851562,109.84456634521484,140.3175506591797,180.55690002441406,10
Flickr30K/286797291.jpg,/content/Image_captioning_Local/Flickr30K/flickr30k_images/flickr30k_images/286797291.jpg,bench,0.25166988372802734,278.1322937011719,171.1559295654297,434.8340148925781,248.17333984375,10
Flickr30K/2868136205.jpg,/content/Image_captioning_Local/Flickr30K/flickr30k_images/flickr30k_images/2868136205.jpg,person,0.9174806475639343,213.2007598876953,0.606226921081543,411.6476135253906,299.940185546875,6
Flickr30K/2868136205.jpg,/content/Image_captioning_Local/Flickr30K/flickr30k_images/flickr30k_images/2868136205.jpg,person,0.9077281355857849,77.48863983154297,61.00640106201172,272.2360534667969,373.822509765625,6
Flickr30K/2868136205.jpg,/content/Image_captioning_Local/Flickr30K/flickr30k_images/flickr30k_images/2868136205.jpg,person,0.8205054402351379,1.7541050910949707,55.94751739501953,111.86540985107422,268.49774169921875,6
Flickr30K/2868136205.jpg,/content/Image_captioning_Local/Flickr30K/flickr30k_images/flickr30k_images/2868136205.jpg,chair,0.41666483879089355,357.56280517578125,0.7359504699707031,492.2645568847656,277.9078063964844,6
Flickr30K/2868136205.jpg,/content/Image_captioning_Local/Flickr30K/flickr30k_images/flickr30k_images/2868136205.jpg,chair,0.3756972849369049,269.5258483886719,0.7393360137939453,492.4696960449219,278.91522216796875,6
Flickr30K/2868136205.jpg,/content/Image_captioning_Local/Flickr30K/flickr30k_images/flickr30k_images/2868136205.jpg,chair,0.2790045738220215,261.13494873046875,107.26924133300781,352.2889709472656,236.81326293945312,6
Flickr30K/2868324804.jpg,/content/Image_captioning_Local/Flickr30K/flickr30k_images/flickr30k_images/2868324804.jpg,person,0.8846752047538757,126.83995056152344,206.14161682128906,174.34942626953125,293.07379150390625,3
Flickr30K/2868324804.jpg,/content/Image_captioning_Local/Flickr30K/flickr30k_images/flickr30k_images/2868324804.jpg,person,0.8620353937149048,210.26014709472656,208.02967834472656,257.7524719238281,293.9754333496094,3
Flickr30K/2868324804.jpg,/content/Image_captioning_Local/Flickr30K/flickr30k_images/flickr30k_images/2868324804.jpg,person,0.858787477016449,173.17474365234375,210.09115600585938,215.5952911376953,293.6568298339844,3
Flickr30K/2868575889.jpg,/content/Image_captioning_Local/Flickr30K/flickr30k_images/flickr30k_images/2868575889.jpg,skateboard,0.9182473421096802,86.94047546386719,297.8272399902344,201.02639770507812,366.5284118652344,2
Flickr30K/2868575889.jpg,/content/Image_captioning_Local/Flickr30K/flickr30k_images/flickr30k_images/2868575889.jpg,person,0.9154351353645325,41.791343688964844,1.5148401260375977,212.3870391845703,309.6845397949219,2
Flickr30K/2868652721.jpg,/content/Image_captioning_Local/Flickr30K/flickr30k_images/flickr30k_images/2868652721.jpg,person,0.9071183800697327,184.56607055664062,267.4169006347656,301.84765625,400.6128845214844,3
Flickr30K/2868652721.jpg,/content/Image_captioning_Local/Flickr30K/flickr30k_images/flickr30k_images/2868652721.jpg,cup,0.7625147700309753,145.28753662109375,333.2122802734375,176.6009521484375,370.261474609375,3
Flickr30K/2868652721.jpg,/content/Image_captioning_Local/Flickr30K/flickr30k_images/flickr30k_images/2868652721.jpg,person,0.7328894138336182,123.1150131225586,175.13356018066406,197.70799255371094,343.5785827636719,3
Flickr30K/2868668723.jpg,/content/Image_captioning_Local/Flickr30K/flickr30k_images/flickr30k_images/2868668723.jpg,person,0.906356930732727,94.23613739013672,1.4736533164978027,429.0552062988281,266.61383056640625,2
Flickr30K/2868668723.jpg,/content/Image_captioning_Local/Flickr30K/flickr30k_images/flickr30k_images/2868668723.jpg,baseball glove,0.3866824805736542,318.37310791015625,26.35839080810547,425.3238525390625,172.38385009765625,2
Flickr30K/2868776402.jpg,/content/Image_captioning_Local/Flickr30K/flickr30k_images/flickr30k_images/2868776402.jpg,person,0.8211237788200378,70.49276733398438,174.00537109375,147.5209503173828,317.0162658691406,26
Flickr30K/2868776402.jpg,/content/Image_captioning_Local/Flickr30K/flickr30k_images/flickr30k_images/2868776402.jpg,person,0.7864770889282227,467.05816650390625,267.26690673828125,491.32879638671875,352.074951171875,26
Flickr30K/2868776402.jpg,/content/Image_captioning_Local/Flickr30K/flickr30k_images/flickr30k_images/2868776402.jpg,bicycle,0.6474223732948303,65.84005737304688,224.81922912597656,141.20919799804688,348.3056640625,26
Flickr30K/2868776402.jpg,/content/Image_captioning_Local/Flickr30K/flickr30k_images/flickr30k_images/2868776402.jpg,person,0.6350237727165222,240.17701721191406,310.4524230957031,274.47705078125,344.7610778808594,26
Flickr30K/2868776402.jpg,/content/Image_captioning_Local/Flickr30K/flickr30k_images/flickr30k_images/2868776402.jpg,person,0.5986683368682861,444.5213928222656,295.4761962890625,457.3696594238281,350.07537841796875,26
Flickr30K/2868776402.jpg,/content/Image_captioning_Local/Flickr30K/flickr30k_images/flickr30k_images/2868776402.jpg,person,0.54966801404953,487.0309753417969,262.3667297363281,499.8025817871094,352.0349426269531,26
Flickr30K/2868776402.jpg,/content/Image_captioning_Local/Flickr30K/flickr30k_images/flickr30k_images/2868776402.jpg,person,0.5394905209541321,166.8378143310547,281.61724853515625,187.5825653076172,309.1395263671875,26
Flickr30K/2868776402.jpg,/content/Image_captioning_Local/Flickr30K/flickr30k_images/flickr30k_images/2868776402.jpg,bicycle,0.5282988548278809,292.96990966796875,307.4952087402344,334.3262939453125,346.465576171875,26
Flickr30K/2868776402.jpg,/content/Image_captioning_Local/Flickr30K/flickr30k_images/flickr30k_images/2868776402.jpg,umbrella,0.5231367945671082,221.71546936035156,285.95147705078125,276.22772216796875,306.88604736328125,26
Flickr30K/2868776402.jpg,/content/Image_captioning_Local/Flickr30K/flickr30k_images/flickr30k_images/2868776402.jpg,potted plant,0.5215803980827332,336.81402587890625,294.9372253417969,374.7158203125,347.11962890625,26
Flickr30K/2868776402.jpg,/content/Image_captioning_Local/Flickr30K/flickr30k_images/flickr30k_images/2868776402.jpg,umbrella,0.5116102695465088,124.38848114013672,244.35076904296875,210.81561279296875,300.2946472167969,26
Flickr30K/2868776402.jpg,/content/Image_captioning_Local/Flickr30K/flickr30k_images/flickr30k_images/2868776402.jpg,umbrella,0.49988725781440735,123.92707061767578,244.5408172607422,210.3455047607422,278.4198913574219,26
Flickr30K/2868776402.jpg,/content/Image_captioning_Local/Flickr30K/flickr30k_images/flickr30k_images/2868776402.jpg,chair,0.4977078437805176,199.49017333984375,309.93975830078125,227.82635498046875,344.59722900390625,26
Flickr30K/2868776402.jpg,/content/Image_captioning_Local/Flickr30K/flickr30k_images/flickr30k_images/2868776402.jpg,umbrella,0.46950840950012207,274.1143798828125,281.4455871582031,335.6063232421875,313.1397705078125,26
Flickr30K/2868776402.jpg,/content/Image_captioning_Local/Flickr30K/flickr30k_images/flickr30k_images/2868776402.jpg,umbrella,0.4449128806591034,274.4444580078125,280.96783447265625,336.73236083984375,299.74273681640625,26
Flickr30K/2868776402.jpg,/content/Image_captioning_Local/Flickr30K/flickr30k_images/flickr30k_images/2868776402.jpg,chair,0.43478095531463623,164.83853149414062,308.6668395996094,192.05686950683594,343.7528076171875,26
Flickr30K/2868776402.jpg,/content/Image_captioning_Local/Flickr30K/flickr30k_images/flickr30k_images/2868776402.jpg,person,0.4265671968460083,12.491567611694336,316.50189208984375,20.680349349975586,339.1974792480469,26
Flickr30K/2868776402.jpg,/content/Image_captioning_Local/Flickr30K/flickr30k_images/flickr30k_images/2868776402.jpg,chair,0.4144861102104187,187.6986846923828,309.6748352050781,214.4949493408203,343.8017883300781,26
Flickr30K/2868776402.jpg,/content/Image_captioning_Local/Flickr30K/flickr30k_images/flickr30k_images/2868776402.jpg,umbrella,0.4129561483860016,42.687320709228516,282.0389099121094,81.30830383300781,296.2198486328125,26
Flickr30K/2868776402.jpg,/content/Image_captioning_Local/Flickr30K/flickr30k_images/flickr30k_images/2868776402.jpg,person,0.3805190622806549,453.4200134277344,295.7630615234375,468.06378173828125,349.9045715332031,26
Flickr30K/2868776402.jpg,/content/Image_captioning_Local/Flickr30K/flickr30k_images/flickr30k_images/2868776402.jpg,umbrella,0.3678438067436218,185.47837829589844,289.59521484375,229.6482391357422,308.3131408691406,26
Flickr30K/2868776402.jpg,/content/Image_captioning_Local/Flickr30K/flickr30k_images/flickr30k_images/2868776402.jpg,umbrella,0.33408430218696594,42.69390106201172,281.4751281738281,82.72981262207031,318.7763671875,26
Flickr30K/2868776402.jpg,/content/Image_captioning_Local/Flickr30K/flickr30k_images/flickr30k_images/2868776402.jpg,person,0.28617605566978455,444.9624938964844,294.1091613769531,467.7146911621094,350.5907897949219,26
Flickr30K/2868776402.jpg,/content/Image_captioning_Local/Flickr30K/flickr30k_images/flickr30k_images/2868776402.jpg,person,0.262071818113327,4.885761260986328,318.97821044921875,13.535531997680664,340.2508850097656,26
Flickr30K/2868776402.jpg,/content/Image_captioning_Local/Flickr30K/flickr30k_images/flickr30k_images/2868776402.jpg,chair,0.2561630606651306,210.08908081054688,310.16082763671875,227.49850463867188,343.70025634765625,26
Flickr30K/2868776402.jpg,/content/Image_captioning_Local/Flickr30K/flickr30k_images/flickr30k_images/2868776402.jpg,bicycle,0.2535820007324219,293.54559326171875,320.2324523925781,332.55963134765625,346.6830749511719,26
Flickr30K/2868798.jpg,/content/Image_captioning_Local/Flickr30K/flickr30k_images/flickr30k_images/2868798.jpg,person,0.9484890699386597,71.39977264404297,12.059831619262695,192.77989196777344,219.5323486328125,4
Flickr30K/2868798.jpg,/content/Image_captioning_Local/Flickr30K/flickr30k_images/flickr30k_images/2868798.jpg,person,0.9414563775062561,307.7947082519531,20.359373092651367,400.62139892578125,219.4979248046875,4
Flickr30K/2868798.jpg,/content/Image_captioning_Local/Flickr30K/flickr30k_images/flickr30k_images/2868798.jpg,person,0.7324224710464478,158.18507385253906,26.225685119628906,209.19644165039062,218.43067932128906,4
Flickr30K/2868798.jpg,/content/Image_captioning_Local/Flickr30K/flickr30k_images/flickr30k_images/2868798.jpg,bottle,0.6710399985313416,429.8387145996094,106.18183898925781,447.3097229003906,163.60089111328125,4
Flickr30K/2869009633.jpg,/content/Image_captioning_Local/Flickr30K/flickr30k_images/flickr30k_images/2869009633.jpg,person,0.9074047803878784,230.6068878173828,175.50584411621094,335.1676940917969,389.13385009765625,6
Flickr30K/2869009633.jpg,/content/Image_captioning_Local/Flickr30K/flickr30k_images/flickr30k_images/2869009633.jpg,person,0.8999401926994324,118.88127136230469,121.21800231933594,239.48516845703125,476.2254638671875,6
Flickr30K/2869009633.jpg,/content/Image_captioning_Local/Flickr30K/flickr30k_images/flickr30k_images/2869009633.jpg,sports ball,0.7957625985145569,235.04006958007812,352.18438720703125,265.9259033203125,380.6761779785156,6
Flickr30K/2869009633.jpg,/content/Image_captioning_Local/Flickr30K/flickr30k_images/flickr30k_images/2869009633.jpg,boat,0.792466402053833,73.92205810546875,85.53341674804688,100.77955627441406,113.20488739013672,6
Flickr30K/2869009633.jpg,/content/Image_captioning_Local/Flickr30K/flickr30k_images/flickr30k_images/2869009633.jpg,person,0.7902700304985046,210.45172119140625,132.2209014892578,277.21466064453125,372.88995361328125,6
Flickr30K/2869009633.jpg,/content/Image_captioning_Local/Flickr30K/flickr30k_images/flickr30k_images/2869009633.jpg,person,0.6868156790733337,23.257463455200195,204.77337646484375,142.49923706054688,447.4361572265625,6
Flickr30K/286907063.jpg,/content/Image_captioning_Local/Flickr30K/flickr30k_images/flickr30k_images/286907063.jpg,person,0.8373688459396362,137.6475830078125,1.226186752319336,357.798095703125,476.7016906738281,2
Flickr30K/286907063.jpg,/content/Image_captioning_Local/Flickr30K/flickr30k_images/flickr30k_images/286907063.jpg,handbag,0.3948543071746826,118.70753479003906,101.88899230957031,183.13819885253906,246.99635314941406,2
Flickr30K/2869253972.jpg,/content/Image_captioning_Local/Flickr30K/flickr30k_images/flickr30k_images/2869253972.jpg,person,0.9277079701423645,349.7313537597656,2.5664329528808594,499.6477966308594,394.5843811035156,2
Flickr30K/2869253972.jpg,/content/Image_captioning_Local/Flickr30K/flickr30k_images/flickr30k_images/2869253972.jpg,person,0.9220176935195923,0.21352767944335938,177.81715393066406,410.25823974609375,396.7217102050781,2
Flickr30K/2869439070.jpg,/content/Image_captioning_Local/Flickr30K/flickr30k_images/flickr30k_images/2869439070.jpg,person,0.9337266087532043,327.1806640625,89.95967102050781,461.63787841796875,359.0898132324219,2
Flickr30K/2869439070.jpg,/content/Image_captioning_Local/Flickr30K/flickr30k_images/flickr30k_images/2869439070.jpg,baseball glove,0.4839372932910919,0.06410181522369385,180.9559783935547,21.154664993286133,214.8326873779297,2
Flickr30K/2869491449.jpg,/content/Image_captioning_Local/Flickr30K/flickr30k_images/flickr30k_images/2869491449.jpg,dog,0.9369938373565674,55.67464828491211,40.307701110839844,305.9842529296875,305.7733459472656,2
Flickr30K/2869491449.jpg,/content/Image_captioning_Local/Flickr30K/flickr30k_images/flickr30k_images/2869491449.jpg,dog,0.7843321561813354,205.02467346191406,91.49809265136719,425.34991455078125,335.864501953125,2
Flickr30K/2869653417.jpg,/content/Image_captioning_Local/Flickr30K/flickr30k_images/flickr30k_images/2869653417.jpg,person,0.8611689805984497,84.54842376708984,352.2557373046875,139.65573120117188,431.8037109375,2
Flickr30K/2869653417.jpg,/content/Image_captioning_Local/Flickr30K/flickr30k_images/flickr30k_images/2869653417.jpg,person,0.655199408531189,213.22474670410156,364.9020080566406,261.2116394042969,425.0873107910156,2
Flickr30K/2869726815.jpg,/content/Image_captioning_Local/Flickr30K/flickr30k_images/flickr30k_images/2869726815.jpg,person,0.9350082874298096,275.2486267089844,84.94127655029297,386.83453369140625,371.5712585449219,6
Flickr30K/2869726815.jpg,/content/Image_captioning_Local/Flickr30K/flickr30k_images/flickr30k_images/2869726815.jpg,person,0.927010178565979,0.06911754608154297,82.86824035644531,140.07460021972656,264.53076171875,6
Flickr30K/2869726815.jpg,/content/Image_captioning_Local/Flickr30K/flickr30k_images/flickr30k_images/2869726815.jpg,person,0.686271607875824,0.0728994607925415,163.84640502929688,30.27210807800293,371.9045104980469,6
Flickr30K/2869726815.jpg,/content/Image_captioning_Local/Flickr30K/flickr30k_images/flickr30k_images/2869726815.jpg,bench,0.45588740706443787,49.758087158203125,158.2593994140625,133.6592254638672,345.7478942871094,6
Flickr30K/2869726815.jpg,/content/Image_captioning_Local/Flickr30K/flickr30k_images/flickr30k_images/2869726815.jpg,person,0.3356907367706299,0.024196505546569824,20.7059268951416,31.134870529174805,371.29931640625,6
Flickr30K/2869726815.jpg,/content/Image_captioning_Local/Flickr30K/flickr30k_images/flickr30k_images/2869726815.jpg,bench,0.32700493931770325,141.3241424560547,151.7639617919922,485.93646240234375,372.6051940917969,6
Flickr30K/2869765795.jpg,/content/Image_captioning_Local/Flickr30K/flickr30k_images/flickr30k_images/2869765795.jpg,dog,0.9530115723609924,44.491756439208984,49.182308197021484,424.9170227050781,233.41207885742188,1
Flickr30K/2870015912.jpg,/content/Image_captioning_Local/Flickr30K/flickr30k_images/flickr30k_images/2870015912.jpg,person,0.9126759171485901,33.08285903930664,95.42827606201172,185.2665557861328,331.52130126953125,4
Flickr30K/2870015912.jpg,/content/Image_captioning_Local/Flickr30K/flickr30k_images/flickr30k_images/2870015912.jpg,person,0.9081361293792725,134.71731567382812,38.4433479309082,336.0,350.177734375,4
Flickr30K/2870015912.jpg,/content/Image_captioning_Local/Flickr30K/flickr30k_images/flickr30k_images/2870015912.jpg,person,0.7057571411132812,0.13130339980125427,0.641510009765625,108.66830444335938,245.49929809570312,4
Flickr30K/2870015912.jpg,/content/Image_captioning_Local/Flickr30K/flickr30k_images/flickr30k_images/2870015912.jpg,book,0.35071778297424316,209.1797637939453,350.1533508300781,335.8721618652344,447.6895446777344,4
Flickr30K/2870194345.jpg,/content/Image_captioning_Local/Flickr30K/flickr30k_images/flickr30k_images/2870194345.jpg,person,0.9299756288528442,53.87405014038086,27.475500106811523,325.8164978027344,437.88653564453125,3
Flickr30K/2870194345.jpg,/content/Image_captioning_Local/Flickr30K/flickr30k_images/flickr30k_images/2870194345.jpg,frisbee,0.30715787410736084,45.877098083496094,76.36971282958984,84.55183410644531,112.4583511352539,3
Flickr30K/2870194345.jpg,/content/Image_captioning_Local/Flickr30K/flickr30k_images/flickr30k_images/2870194345.jpg,sports ball,0.25836417078971863,45.895172119140625,76.50725555419922,84.62007141113281,112.57400512695312,3
Flickr30K/2870426310.jpg,/content/Image_captioning_Local/Flickr30K/flickr30k_images/flickr30k_images/2870426310.jpg,person,0.9173999428749084,144.9435272216797,64.21227264404297,212.59136962890625,200.23931884765625,3
Flickr30K/2870426310.jpg,/content/Image_captioning_Local/Flickr30K/flickr30k_images/flickr30k_images/2870426310.jpg,person,0.9099467396736145,267.4145812988281,67.923095703125,320.51593017578125,217.13917541503906,3
Flickr30K/2870426310.jpg,/content/Image_captioning_Local/Flickr30K/flickr30k_images/flickr30k_images/2870426310.jpg,person,0.9095585346221924,207.3294219970703,65.71284484863281,270.87646484375,207.23629760742188,3
Flickr30K/2870682429.jpg,/content/Image_captioning_Local/Flickr30K/flickr30k_images/flickr30k_images/2870682429.jpg,person,0.9369294047355652,14.384126663208008,5.698108673095703,325.6360168457031,330.4215087890625,4
Flickr30K/2870682429.jpg,/content/Image_captioning_Local/Flickr30K/flickr30k_images/flickr30k_images/2870682429.jpg,person,0.8984532356262207,250.3742218017578,36.28382873535156,499.485595703125,329.5160217285156,4
Flickr30K/2870682429.jpg,/content/Image_captioning_Local/Flickr30K/flickr30k_images/flickr30k_images/2870682429.jpg,tv,0.4634421169757843,243.59169006347656,120.75447845458984,313.16357421875,191.8987274169922,4
Flickr30K/2870682429.jpg,/content/Image_captioning_Local/Flickr30K/flickr30k_images/flickr30k_images/2870682429.jpg,remote,0.26686373353004456,122.45152282714844,255.53135681152344,225.0660858154297,330.58343505859375,4
Flickr30K/2870875612.jpg,/content/Image_captioning_Local/Flickr30K/flickr30k_images/flickr30k_images/2870875612.jpg,cow,0.3618718087673187,253.41046142578125,194.46229553222656,325.5244140625,226.4129638671875,1
Flickr30K/2871134110.jpg,/content/Image_captioning_Local/Flickr30K/flickr30k_images/flickr30k_images/2871134110.jpg,person,0.9554533362388611,0.41947364807128906,190.42372131347656,261.17987060546875,372.3282775878906,3
Flickr30K/2871134110.jpg,/content/Image_captioning_Local/Flickr30K/flickr30k_images/flickr30k_images/2871134110.jpg,person,0.9329968094825745,375.73736572265625,28.86638641357422,499.7564392089844,370.03973388671875,3
Flickr30K/2871134110.jpg,/content/Image_captioning_Local/Flickr30K/flickr30k_images/flickr30k_images/2871134110.jpg,sheep,0.2853013575077057,102.17204284667969,122.45332336425781,377.5169372558594,288.095458984375,3
Flickr30K/2871392045.jpg,/content/Image_captioning_Local/Flickr30K/flickr30k_images/flickr30k_images/2871392045.jpg,person,0.8843944668769836,349.33013916015625,122.30548858642578,409.35870361328125,293.7797546386719,4
Flickr30K/2871392045.jpg,/content/Image_captioning_Local/Flickr30K/flickr30k_images/flickr30k_images/2871392045.jpg,person,0.5599709153175354,432.8447265625,188.30447387695312,442.4032287597656,205.72567749023438,4
Flickr30K/2871392045.jpg,/content/Image_captioning_Local/Flickr30K/flickr30k_images/flickr30k_images/2871392045.jpg,person,0.39212584495544434,470.7039489746094,174.3900604248047,489.15057373046875,207.227294921875,4
Flickr30K/2871392045.jpg,/content/Image_captioning_Local/Flickr30K/flickr30k_images/flickr30k_images/2871392045.jpg,person,0.3715082108974457,453.1102294921875,192.48512268066406,465.6210021972656,205.56065368652344,4
Flickr30K/2871565069.jpg,/content/Image_captioning_Local/Flickr30K/flickr30k_images/flickr30k_images/2871565069.jpg,person,0.9303605556488037,160.06216430664062,54.46443557739258,353.970947265625,326.0025634765625,6
Flickr30K/2871565069.jpg,/content/Image_captioning_Local/Flickr30K/flickr30k_images/flickr30k_images/2871565069.jpg,person,0.9252045750617981,349.944580078125,38.9190673828125,499.7098083496094,329.9901123046875,6
Flickr30K/2871565069.jpg,/content/Image_captioning_Local/Flickr30K/flickr30k_images/flickr30k_images/2871565069.jpg,person,0.8838148713111877,2.357792854309082,23.261356353759766,241.90158081054688,330.96795654296875,6
Flickr30K/2871565069.jpg,/content/Image_captioning_Local/Flickr30K/flickr30k_images/flickr30k_images/2871565069.jpg,bottle,0.7142027020454407,357.0689392089844,187.3521728515625,374.94805908203125,243.85147094726562,6
Flickr30K/2871565069.jpg,/content/Image_captioning_Local/Flickr30K/flickr30k_images/flickr30k_images/2871565069.jpg,chair,0.684985339641571,153.33575439453125,305.39031982421875,325.2913818359375,333.5050964355469,6
Flickr30K/2871565069.jpg,/content/Image_captioning_Local/Flickr30K/flickr30k_images/flickr30k_images/2871565069.jpg,remote,0.3663574755191803,278.41278076171875,161.14930725097656,299.2154235839844,202.06289672851562,6
Flickr30K/2871691966.jpg,/content/Image_captioning_Local/Flickr30K/flickr30k_images/flickr30k_images/2871691966.jpg,chair,0.5098954439163208,222.38082885742188,215.22640991210938,291.71258544921875,253.44834899902344,15
Flickr30K/2871691966.jpg,/content/Image_captioning_Local/Flickr30K/flickr30k_images/flickr30k_images/2871691966.jpg,person,0.4899815618991852,117.87326049804688,124.947265625,161.16082763671875,198.76046752929688,15
Flickr30K/2871691966.jpg,/content/Image_captioning_Local/Flickr30K/flickr30k_images/flickr30k_images/2871691966.jpg,chair,0.4460078179836273,272.684814453125,186.0056915283203,324.2804870605469,231.2011260986328,15
Flickr30K/2871691966.jpg,/content/Image_captioning_Local/Flickr30K/flickr30k_images/flickr30k_images/2871691966.jpg,person,0.4421960711479187,457.2081604003906,195.61624145507812,499.7960205078125,253.84378051757812,15
Flickr30K/2871691966.jpg,/content/Image_captioning_Local/Flickr30K/flickr30k_images/flickr30k_images/2871691966.jpg,chair,0.39487844705581665,209.09381103515625,178.10354614257812,243.76702880859375,218.5455322265625,15
Flickr30K/2871691966.jpg,/content/Image_captioning_Local/Flickr30K/flickr30k_images/flickr30k_images/2871691966.jpg,chair,0.3733167350292206,336.18450927734375,191.42115783691406,396.2349853515625,226.95948791503906,15
Flickr30K/2871691966.jpg,/content/Image_captioning_Local/Flickr30K/flickr30k_images/flickr30k_images/2871691966.jpg,person,0.37272369861602783,454.2342224121094,81.9803695678711,494.6078186035156,177.00448608398438,15
Flickr30K/2871691966.jpg,/content/Image_captioning_Local/Flickr30K/flickr30k_images/flickr30k_images/2871691966.jpg,person,0.3309401273727417,46.27448272705078,97.82485961914062,90.0797119140625,210.93702697753906,15
Flickr30K/2871691966.jpg,/content/Image_captioning_Local/Flickr30K/flickr30k_images/flickr30k_images/2871691966.jpg,person,0.3303355276584625,344.8570861816406,150.2999725341797,396.75592041015625,193.68862915039062,15
Flickr30K/2871691966.jpg,/content/Image_captioning_Local/Flickr30K/flickr30k_images/flickr30k_images/2871691966.jpg,person,0.3075888156890869,271.5531921386719,147.13397216796875,333.9150085449219,219.13375854492188,15
Flickr30K/2871691966.jpg,/content/Image_captioning_Local/Flickr30K/flickr30k_images/flickr30k_images/2871691966.jpg,person,0.2941339612007141,461.0525207519531,140.49411010742188,499.86724853515625,199.73988342285156,15
Flickr30K/2871691966.jpg,/content/Image_captioning_Local/Flickr30K/flickr30k_images/flickr30k_images/2871691966.jpg,chair,0.29214581847190857,432.62432861328125,192.36865234375,465.87762451171875,227.23355102539062,15
Flickr30K/2871691966.jpg,/content/Image_captioning_Local/Flickr30K/flickr30k_images/flickr30k_images/2871691966.jpg,person,0.2883235514163971,71.49151611328125,186.36927795410156,145.48843383789062,253.4324188232422,15
Flickr30K/2871691966.jpg,/content/Image_captioning_Local/Flickr30K/flickr30k_images/flickr30k_images/2871691966.jpg,person,0.2788286805152893,89.81776428222656,150.875732421875,136.33897399902344,196.91217041015625,15
Flickr30K/2871691966.jpg,/content/Image_captioning_Local/Flickr30K/flickr30k_images/flickr30k_images/2871691966.jpg,person,0.2659330666065216,156.32786560058594,159.65037536621094,219.37527465820312,225.5167999267578,15
