image_id,image_path,object_name,confidence,xmin,ymin,xmax,ymax,objects_detected
Flickr30K/4138543712.jpg,/content/Image_captioning_Local/Flickr30K/flickr30k_images/flickr30k_images/4138543712.jpg,person,0.9359140396118164,86.47704315185547,39.43270492553711,333.0641174316406,230.10520935058594,7
Flickr30K/4138543712.jpg,/content/Image_captioning_Local/Flickr30K/flickr30k_images/flickr30k_images/4138543712.jpg,person,0.9268704652786255,0.19116997718811035,0.5481958389282227,77.47962951660156,167.91029357910156,7
Flickr30K/4138543712.jpg,/content/Image_captioning_Local/Flickr30K/flickr30k_images/flickr30k_images/4138543712.jpg,person,0.8595079779624939,446.72650146484375,1.0482311248779297,499.77520751953125,102.73654174804688,7
Flickr30K/4138543712.jpg,/content/Image_captioning_Local/Flickr30K/flickr30k_images/flickr30k_images/4138543712.jpg,person,0.8517497181892395,391.570068359375,18.93661117553711,450.96246337890625,99.67095947265625,7
Flickr30K/4138543712.jpg,/content/Image_captioning_Local/Flickr30K/flickr30k_images/flickr30k_images/4138543712.jpg,person,0.7701413035392761,140.80606079101562,0.6120860576629639,184.44027709960938,72.91748809814453,7
Flickr30K/4138543712.jpg,/content/Image_captioning_Local/Flickr30K/flickr30k_images/flickr30k_images/4138543712.jpg,person,0.678849458694458,293.1911926269531,0.691533088684082,355.3482666015625,83.24191284179688,7
Flickr30K/4138543712.jpg,/content/Image_captioning_Local/Flickr30K/flickr30k_images/flickr30k_images/4138543712.jpg,person,0.6111443042755127,192.76321411132812,0.24645328521728516,226.27178955078125,43.85135269165039,7
Flickr30K/4138721052.jpg,/content/Image_captioning_Local/Flickr30K/flickr30k_images/flickr30k_images/4138721052.jpg,person,0.7679421901702881,0.0,17.266178131103516,294.89007568359375,493.6814270019531,3
Flickr30K/4138721052.jpg,/content/Image_captioning_Local/Flickr30K/flickr30k_images/flickr30k_images/4138721052.jpg,book,0.4327339828014374,49.37926483154297,167.8760528564453,310.6215515136719,438.38519287109375,3
Flickr30K/4138721052.jpg,/content/Image_captioning_Local/Flickr30K/flickr30k_images/flickr30k_images/4138721052.jpg,book,0.2804127633571625,119.19865417480469,175.08416748046875,195.68028259277344,405.09991455078125,3
Flickr30K/4138735474.jpg,/content/Image_captioning_Local/Flickr30K/flickr30k_images/flickr30k_images/4138735474.jpg,person,0.8845558762550354,230.9071502685547,13.642871856689453,436.33917236328125,283.5540771484375,15
Flickr30K/4138735474.jpg,/content/Image_captioning_Local/Flickr30K/flickr30k_images/flickr30k_images/4138735474.jpg,person,0.8499872088432312,0.0683128833770752,103.24971771240234,53.234596252441406,182.801025390625,15
Flickr30K/4138735474.jpg,/content/Image_captioning_Local/Flickr30K/flickr30k_images/flickr30k_images/4138735474.jpg,person,0.8191419839859009,17.82689094543457,100.86455535888672,318.8431701660156,311.17962646484375,15
Flickr30K/4138735474.jpg,/content/Image_captioning_Local/Flickr30K/flickr30k_images/flickr30k_images/4138735474.jpg,person,0.8003435730934143,38.063873291015625,68.5674819946289,101.88768005371094,177.18048095703125,15
Flickr30K/4138735474.jpg,/content/Image_captioning_Local/Flickr30K/flickr30k_images/flickr30k_images/4138735474.jpg,person,0.787788450717926,350.0438537597656,61.39860153198242,475.4327697753906,275.5740051269531,15
Flickr30K/4138735474.jpg,/content/Image_captioning_Local/Flickr30K/flickr30k_images/flickr30k_images/4138735474.jpg,person,0.7473722100257874,92.02668762207031,69.70968627929688,157.3880157470703,148.07545471191406,15
Flickr30K/4138735474.jpg,/content/Image_captioning_Local/Flickr30K/flickr30k_images/flickr30k_images/4138735474.jpg,chair,0.5925763249397278,0.1277327537536621,179.6395263671875,77.0835189819336,309.6907653808594,15
Flickr30K/4138735474.jpg,/content/Image_captioning_Local/Flickr30K/flickr30k_images/flickr30k_images/4138735474.jpg,person,0.558991014957428,18.970584869384766,47.81843566894531,78.88672637939453,107.69905090332031,15
Flickr30K/4138735474.jpg,/content/Image_captioning_Local/Flickr30K/flickr30k_images/flickr30k_images/4138735474.jpg,person,0.5394526124000549,0.04738271236419678,38.22015380859375,26.429309844970703,102.87340545654297,15
Flickr30K/4138735474.jpg,/content/Image_captioning_Local/Flickr30K/flickr30k_images/flickr30k_images/4138735474.jpg,person,0.39557120203971863,454.8050842285156,217.02175903320312,499.7834167480469,329.89263916015625,15
Flickr30K/4138735474.jpg,/content/Image_captioning_Local/Flickr30K/flickr30k_images/flickr30k_images/4138735474.jpg,person,0.38662728667259216,34.06098937988281,48.26848602294922,79.11758422851562,88.85934448242188,15
Flickr30K/4138735474.jpg,/content/Image_captioning_Local/Flickr30K/flickr30k_images/flickr30k_images/4138735474.jpg,couch,0.33557426929473877,11.815690994262695,273.6894226074219,457.8797912597656,331.262451171875,15
Flickr30K/4138735474.jpg,/content/Image_captioning_Local/Flickr30K/flickr30k_images/flickr30k_images/4138735474.jpg,person,0.3074193298816681,0.05849003791809082,76.93977355957031,14.764863014221191,105.49668884277344,15
Flickr30K/4138735474.jpg,/content/Image_captioning_Local/Flickr30K/flickr30k_images/flickr30k_images/4138735474.jpg,person,0.25500091910362244,449.69305419921875,171.52920532226562,499.80169677734375,327.9928283691406,15
Flickr30K/4138735474.jpg,/content/Image_captioning_Local/Flickr30K/flickr30k_images/flickr30k_images/4138735474.jpg,chair,0.254332035779953,348.5799865722656,280.6158142089844,459.0562744140625,331.52264404296875,15
Flickr30K/4138802340.jpg,/content/Image_captioning_Local/Flickr30K/flickr30k_images/flickr30k_images/4138802340.jpg,person,0.8859955072402954,185.4755096435547,139.29176330566406,256.0347900390625,226.6348876953125,9
Flickr30K/4138802340.jpg,/content/Image_captioning_Local/Flickr30K/flickr30k_images/flickr30k_images/4138802340.jpg,person,0.8794736862182617,258.7457275390625,144.27308654785156,338.56695556640625,233.90464782714844,9
Flickr30K/4138802340.jpg,/content/Image_captioning_Local/Flickr30K/flickr30k_images/flickr30k_images/4138802340.jpg,person,0.8583958148956299,403.9946594238281,103.84135437011719,455.8199768066406,184.53741455078125,9
Flickr30K/4138802340.jpg,/content/Image_captioning_Local/Flickr30K/flickr30k_images/flickr30k_images/4138802340.jpg,person,0.8479172587394714,107.21797943115234,85.5092544555664,145.1729736328125,160.10919189453125,9
Flickr30K/4138802340.jpg,/content/Image_captioning_Local/Flickr30K/flickr30k_images/flickr30k_images/4138802340.jpg,person,0.8447623252868652,100.53437042236328,162.209228515625,166.81204223632812,243.9969024658203,9
Flickr30K/4138802340.jpg,/content/Image_captioning_Local/Flickr30K/flickr30k_images/flickr30k_images/4138802340.jpg,person,0.8442395329475403,0.04363656044006348,148.4486083984375,53.113956451416016,252.9737548828125,9
Flickr30K/4138802340.jpg,/content/Image_captioning_Local/Flickr30K/flickr30k_images/flickr30k_images/4138802340.jpg,person,0.7968824505805969,295.73162841796875,99.58467102050781,352.42193603515625,221.50250244140625,9
Flickr30K/4138802340.jpg,/content/Image_captioning_Local/Flickr30K/flickr30k_images/flickr30k_images/4138802340.jpg,person,0.6032034754753113,5.641299247741699,164.85247802734375,72.1001205444336,277.0224609375,9
Flickr30K/4138802340.jpg,/content/Image_captioning_Local/Flickr30K/flickr30k_images/flickr30k_images/4138802340.jpg,person,0.43194353580474854,84.2000732421875,222.6757354736328,186.1082305908203,269.0608825683594,9
Flickr30K/4139373408.jpg,/content/Image_captioning_Local/Flickr30K/flickr30k_images/flickr30k_images/4139373408.jpg,person,0.9136738777160645,104.6550064086914,215.7223663330078,194.08123779296875,365.20098876953125,12
Flickr30K/4139373408.jpg,/content/Image_captioning_Local/Flickr30K/flickr30k_images/flickr30k_images/4139373408.jpg,person,0.8693867921829224,191.57766723632812,226.64443969726562,271.8446350097656,316.8858642578125,12
Flickr30K/4139373408.jpg,/content/Image_captioning_Local/Flickr30K/flickr30k_images/flickr30k_images/4139373408.jpg,person,0.8664981722831726,338.8213195800781,218.7602081298828,409.1234130859375,303.2158508300781,12
Flickr30K/4139373408.jpg,/content/Image_captioning_Local/Flickr30K/flickr30k_images/flickr30k_images/4139373408.jpg,chair,0.8519651889801025,257.0653991699219,261.65777587890625,314.3446960449219,313.86346435546875,12
Flickr30K/4139373408.jpg,/content/Image_captioning_Local/Flickr30K/flickr30k_images/flickr30k_images/4139373408.jpg,bottle,0.7563141584396362,226.59535217285156,278.8744812011719,239.2445068359375,314.26507568359375,12
Flickr30K/4139373408.jpg,/content/Image_captioning_Local/Flickr30K/flickr30k_images/flickr30k_images/4139373408.jpg,bottle,0.7560696005821228,428.9205627441406,268.01214599609375,440.81231689453125,305.27587890625,12
Flickr30K/4139373408.jpg,/content/Image_captioning_Local/Flickr30K/flickr30k_images/flickr30k_images/4139373408.jpg,bottle,0.7465172410011292,333.3785095214844,274.2850646972656,344.99169921875,315.02191162109375,12
Flickr30K/4139373408.jpg,/content/Image_captioning_Local/Flickr30K/flickr30k_images/flickr30k_images/4139373408.jpg,chair,0.7351634502410889,93.22533416748047,278.45281982421875,127.52806854248047,374.1327209472656,12
Flickr30K/4139373408.jpg,/content/Image_captioning_Local/Flickr30K/flickr30k_images/flickr30k_images/4139373408.jpg,dining table,0.7273544669151306,125.9169692993164,294.88226318359375,497.263427734375,372.4549255371094,12
Flickr30K/4139373408.jpg,/content/Image_captioning_Local/Flickr30K/flickr30k_images/flickr30k_images/4139373408.jpg,cup,0.6774248480796814,203.0968475341797,302.3770446777344,215.79696655273438,325.1999816894531,12
Flickr30K/4139373408.jpg,/content/Image_captioning_Local/Flickr30K/flickr30k_images/flickr30k_images/4139373408.jpg,person,0.5898727774620056,104.66658782958984,22.65663719177246,198.67889404296875,140.6294403076172,12
Flickr30K/4139373408.jpg,/content/Image_captioning_Local/Flickr30K/flickr30k_images/flickr30k_images/4139373408.jpg,chair,0.5285257697105408,324.94085693359375,265.9276123046875,341.0882263183594,305.5722351074219,12
Flickr30K/4139499756.jpg,/content/Image_captioning_Local/Flickr30K/flickr30k_images/flickr30k_images/4139499756.jpg,person,0.8064165115356445,293.08642578125,198.94580078125,492.6923828125,373.2095642089844,14
Flickr30K/4139499756.jpg,/content/Image_captioning_Local/Flickr30K/flickr30k_images/flickr30k_images/4139499756.jpg,cell phone,0.661679744720459,70.86148834228516,86.8813247680664,96.71971130371094,122.33698272705078,14
Flickr30K/4139499756.jpg,/content/Image_captioning_Local/Flickr30K/flickr30k_images/flickr30k_images/4139499756.jpg,person,0.6244682669639587,224.2398681640625,224.04241943359375,337.0662841796875,373.15216064453125,14
Flickr30K/4139499756.jpg,/content/Image_captioning_Local/Flickr30K/flickr30k_images/flickr30k_images/4139499756.jpg,person,0.608944296836853,400.8636474609375,144.71722412109375,477.18829345703125,255.873779296875,14
Flickr30K/4139499756.jpg,/content/Image_captioning_Local/Flickr30K/flickr30k_images/flickr30k_images/4139499756.jpg,person,0.5938213467597961,465.4757080078125,119.044921875,499.821533203125,212.13221740722656,14
Flickr30K/4139499756.jpg,/content/Image_captioning_Local/Flickr30K/flickr30k_images/flickr30k_images/4139499756.jpg,person,0.5744145512580872,333.7330322265625,131.525146484375,485.363525390625,346.80194091796875,14
Flickr30K/4139499756.jpg,/content/Image_captioning_Local/Flickr30K/flickr30k_images/flickr30k_images/4139499756.jpg,person,0.5350828766822815,196.10218811035156,138.9648895263672,298.9132995605469,295.97161865234375,14
Flickr30K/4139499756.jpg,/content/Image_captioning_Local/Flickr30K/flickr30k_images/flickr30k_images/4139499756.jpg,person,0.39957183599472046,266.86297607421875,85.39212036132812,346.1708068847656,200.63735961914062,14
Flickr30K/4139499756.jpg,/content/Image_captioning_Local/Flickr30K/flickr30k_images/flickr30k_images/4139499756.jpg,person,0.39543747901916504,2.024698257446289,220.11570739746094,246.21095275878906,372.6837158203125,14
Flickr30K/4139499756.jpg,/content/Image_captioning_Local/Flickr30K/flickr30k_images/flickr30k_images/4139499756.jpg,person,0.3570694923400879,214.19859313964844,109.27302551269531,302.7760009765625,222.0765380859375,14
Flickr30K/4139499756.jpg,/content/Image_captioning_Local/Flickr30K/flickr30k_images/flickr30k_images/4139499756.jpg,person,0.34821364283561707,0.16725659370422363,84.90811920166016,87.73571014404297,237.24937438964844,14
Flickr30K/4139499756.jpg,/content/Image_captioning_Local/Flickr30K/flickr30k_images/flickr30k_images/4139499756.jpg,person,0.348062127828598,458.9124755859375,201.46031188964844,499.8238525390625,373.4683532714844,14
Flickr30K/4139499756.jpg,/content/Image_captioning_Local/Flickr30K/flickr30k_images/flickr30k_images/4139499756.jpg,person,0.3439091742038727,98.5878677368164,94.91555786132812,220.06451416015625,288.5708923339844,14
Flickr30K/4139499756.jpg,/content/Image_captioning_Local/Flickr30K/flickr30k_images/flickr30k_images/4139499756.jpg,cell phone,0.33372771739959717,23.751266479492188,192.05340576171875,55.89656066894531,233.53176879882812,14
Flickr30K/4139650181.jpg,/content/Image_captioning_Local/Flickr30K/flickr30k_images/flickr30k_images/4139650181.jpg,person,0.9453614354133606,0.1838207244873047,107.26647186279297,159.5091552734375,339.68011474609375,14
Flickr30K/4139650181.jpg,/content/Image_captioning_Local/Flickr30K/flickr30k_images/flickr30k_images/4139650181.jpg,person,0.9280369877815247,293.41448974609375,120.54515075683594,499.8260498046875,372.64471435546875,14
Flickr30K/4139650181.jpg,/content/Image_captioning_Local/Flickr30K/flickr30k_images/flickr30k_images/4139650181.jpg,person,0.9202924966812134,121.01116180419922,83.45805358886719,271.4299621582031,287.5114440917969,14
Flickr30K/4139650181.jpg,/content/Image_captioning_Local/Flickr30K/flickr30k_images/flickr30k_images/4139650181.jpg,person,0.9130715131759644,267.1037902832031,95.64752197265625,389.62310791015625,255.04837036132812,14
Flickr30K/4139650181.jpg,/content/Image_captioning_Local/Flickr30K/flickr30k_images/flickr30k_images/4139650181.jpg,cup,0.8849380016326904,264.7841796875,267.5523681640625,295.18841552734375,323.9832763671875,14
Flickr30K/4139650181.jpg,/content/Image_captioning_Local/Flickr30K/flickr30k_images/flickr30k_images/4139650181.jpg,cup,0.8841389417648315,217.6741180419922,259.1766357421875,247.72706604003906,299.776611328125,14
Flickr30K/4139650181.jpg,/content/Image_captioning_Local/Flickr30K/flickr30k_images/flickr30k_images/4139650181.jpg,cup,0.8764085173606873,206.95089721679688,290.6989440917969,240.8355255126953,353.26861572265625,14
Flickr30K/4139650181.jpg,/content/Image_captioning_Local/Flickr30K/flickr30k_images/flickr30k_images/4139650181.jpg,cup,0.8663874864578247,131.2771759033203,289.3677673339844,164.96873474121094,350.53076171875,14
Flickr30K/4139650181.jpg,/content/Image_captioning_Local/Flickr30K/flickr30k_images/flickr30k_images/4139650181.jpg,dining table,0.8141898512840271,6.041908264160156,236.53073120117188,380.22406005859375,372.6070556640625,14
Flickr30K/4139650181.jpg,/content/Image_captioning_Local/Flickr30K/flickr30k_images/flickr30k_images/4139650181.jpg,cup,0.7158082723617554,313.1719970703125,227.44932556152344,336.2297668457031,266.7732849121094,14
Flickr30K/4139650181.jpg,/content/Image_captioning_Local/Flickr30K/flickr30k_images/flickr30k_images/4139650181.jpg,wine glass,0.6427903175354004,350.3819580078125,235.54544067382812,377.1512756347656,278.4828186035156,14
Flickr30K/4139650181.jpg,/content/Image_captioning_Local/Flickr30K/flickr30k_images/flickr30k_images/4139650181.jpg,cup,0.41565215587615967,238.20013427734375,296.68426513671875,253.00831604003906,322.5263671875,14
Flickr30K/4139650181.jpg,/content/Image_captioning_Local/Flickr30K/flickr30k_images/flickr30k_images/4139650181.jpg,person,0.33353033661842346,350.2281188964844,83.83536529541016,399.3966064453125,149.5098114013672,14
Flickr30K/4139650181.jpg,/content/Image_captioning_Local/Flickr30K/flickr30k_images/flickr30k_images/4139650181.jpg,bowl,0.33051615953445435,300.15765380859375,264.7447509765625,364.7300720214844,302.8191223144531,14
Flickr30K/4139974800.jpg,/content/Image_captioning_Local/Flickr30K/flickr30k_images/flickr30k_images/4139974800.jpg,person,0.7526969909667969,58.058631896972656,2.089405059814453,360.6206970214844,490.7509765625,2
Flickr30K/4139974800.jpg,/content/Image_captioning_Local/Flickr30K/flickr30k_images/flickr30k_images/4139974800.jpg,motorcycle,0.7309591770172119,0.0,0.06089210510253906,375.0,490.87957763671875,2
Flickr30K/4141011708.jpg,/content/Image_captioning_Local/Flickr30K/flickr30k_images/flickr30k_images/4141011708.jpg,dog,0.8637858629226685,370.3629150390625,158.9119873046875,464.56903076171875,329.4205322265625,11
Flickr30K/4141011708.jpg,/content/Image_captioning_Local/Flickr30K/flickr30k_images/flickr30k_images/4141011708.jpg,person,0.8249596357345581,0.043955445289611816,0.4962921142578125,44.296783447265625,153.6609649658203,11
Flickr30K/4141011708.jpg,/content/Image_captioning_Local/Flickr30K/flickr30k_images/flickr30k_images/4141011708.jpg,dog,0.8235854506492615,28.215646743774414,156.15687561035156,225.8769073486328,359.1761169433594,11
Flickr30K/4141011708.jpg,/content/Image_captioning_Local/Flickr30K/flickr30k_images/flickr30k_images/4141011708.jpg,dog,0.5846908688545227,233.628662109375,135.36386108398438,306.92230224609375,348.3896179199219,11
Flickr30K/4141011708.jpg,/content/Image_captioning_Local/Flickr30K/flickr30k_images/flickr30k_images/4141011708.jpg,person,0.5110548734664917,408.46710205078125,133.4034881591797,432.7823486328125,182.275146484375,11
Flickr30K/4141011708.jpg,/content/Image_captioning_Local/Flickr30K/flickr30k_images/flickr30k_images/4141011708.jpg,dog,0.4961913526058197,0.08383989334106445,223.63619995117188,65.01078033447266,341.5357971191406,11
Flickr30K/4141011708.jpg,/content/Image_captioning_Local/Flickr30K/flickr30k_images/flickr30k_images/4141011708.jpg,cow,0.384100079536438,455.71722412109375,196.2781982421875,495.1748352050781,278.7851257324219,11
Flickr30K/4141011708.jpg,/content/Image_captioning_Local/Flickr30K/flickr30k_images/flickr30k_images/4141011708.jpg,dog,0.3504187762737274,455.71282958984375,195.43862915039062,495.22308349609375,278.4909362792969,11
Flickr30K/4141011708.jpg,/content/Image_captioning_Local/Flickr30K/flickr30k_images/flickr30k_images/4141011708.jpg,person,0.32772040367126465,138.71209716796875,164.21832275390625,149.8539276123047,200.5351104736328,11
Flickr30K/4141011708.jpg,/content/Image_captioning_Local/Flickr30K/flickr30k_images/flickr30k_images/4141011708.jpg,horse,0.3193874955177307,0.0,54.64460754394531,89.3254165649414,170.73834228515625,11
Flickr30K/4141011708.jpg,/content/Image_captioning_Local/Flickr30K/flickr30k_images/flickr30k_images/4141011708.jpg,dog,0.3178235590457916,278.5440368652344,140.91058349609375,343.080078125,322.07855224609375,11
Flickr30K/4141222372.jpg,/content/Image_captioning_Local/Flickr30K/flickr30k_images/flickr30k_images/4141222372.jpg,person,0.9345094561576843,45.09062957763672,28.34222412109375,261.4708557128906,226.93553161621094,4
Flickr30K/4141222372.jpg,/content/Image_captioning_Local/Flickr30K/flickr30k_images/flickr30k_images/4141222372.jpg,person,0.8729298710823059,222.22891235351562,88.8924560546875,429.9505310058594,279.5114440917969,4
Flickr30K/4141222372.jpg,/content/Image_captioning_Local/Flickr30K/flickr30k_images/flickr30k_images/4141222372.jpg,cup,0.5692426562309265,32.16592788696289,181.2112579345703,48.28274917602539,210.2499237060547,4
Flickr30K/4141222372.jpg,/content/Image_captioning_Local/Flickr30K/flickr30k_images/flickr30k_images/4141222372.jpg,cup,0.4300757944583893,3.6773130893707275,173.2984619140625,19.657623291015625,204.28919982910156,4
Flickr30K/4141748393.jpg,/content/Image_captioning_Local/Flickr30K/flickr30k_images/flickr30k_images/4141748393.jpg,person,0.9185354709625244,136.26768493652344,208.0788116455078,211.46519470214844,428.94171142578125,2
Flickr30K/4141748393.jpg,/content/Image_captioning_Local/Flickr30K/flickr30k_images/flickr30k_images/4141748393.jpg,car,0.8822788000106812,0.0,222.13803100585938,26.261245727539062,273.77471923828125,2
Flickr30K/4142079657.jpg,/content/Image_captioning_Local/Flickr30K/flickr30k_images/flickr30k_images/4142079657.jpg,person,0.9017781019210815,53.55441665649414,380.59539794921875,123.0632095336914,499.8473205566406,12
Flickr30K/4142079657.jpg,/content/Image_captioning_Local/Flickr30K/flickr30k_images/flickr30k_images/4142079657.jpg,person,0.8702302575111389,203.54859924316406,341.2558898925781,258.2464904785156,499.7350158691406,12
Flickr30K/4142079657.jpg,/content/Image_captioning_Local/Flickr30K/flickr30k_images/flickr30k_images/4142079657.jpg,person,0.8007254600524902,101.60453033447266,349.7989501953125,143.76747131347656,480.1521301269531,12
Flickr30K/4142079657.jpg,/content/Image_captioning_Local/Flickr30K/flickr30k_images/flickr30k_images/4142079657.jpg,person,0.7989258766174316,143.74331665039062,321.315185546875,209.92364501953125,499.60833740234375,12
Flickr30K/4142079657.jpg,/content/Image_captioning_Local/Flickr30K/flickr30k_images/flickr30k_images/4142079657.jpg,handbag,0.7477870583534241,223.92831420898438,370.207275390625,267.07025146484375,439.82177734375,12
Flickr30K/4142079657.jpg,/content/Image_captioning_Local/Flickr30K/flickr30k_images/flickr30k_images/4142079657.jpg,backpack,0.7052565813064575,104.35330963134766,365.8110046386719,131.6221466064453,400.4172668457031,12
Flickr30K/4142079657.jpg,/content/Image_captioning_Local/Flickr30K/flickr30k_images/flickr30k_images/4142079657.jpg,backpack,0.6143973469734192,156.00848388671875,325.3533935546875,193.70169067382812,387.9519958496094,12
Flickr30K/4142079657.jpg,/content/Image_captioning_Local/Flickr30K/flickr30k_images/flickr30k_images/4142079657.jpg,handbag,0.5868363976478577,247.56915283203125,405.2367248535156,266.54498291015625,440.3103942871094,12
Flickr30K/4142079657.jpg,/content/Image_captioning_Local/Flickr30K/flickr30k_images/flickr30k_images/4142079657.jpg,person,0.5251338481903076,94.43223571777344,395.17315673828125,125.00786590576172,481.9399719238281,12
Flickr30K/4142079657.jpg,/content/Image_captioning_Local/Flickr30K/flickr30k_images/flickr30k_images/4142079657.jpg,person,0.4221544861793518,85.23222351074219,366.2736511230469,106.13848114013672,394.7027587890625,12
Flickr30K/4142079657.jpg,/content/Image_captioning_Local/Flickr30K/flickr30k_images/flickr30k_images/4142079657.jpg,handbag,0.30232006311416626,142.87216186523438,416.1407470703125,168.44479370117188,454.3539123535156,12
Flickr30K/4142079657.jpg,/content/Image_captioning_Local/Flickr30K/flickr30k_images/flickr30k_images/4142079657.jpg,person,0.279981404542923,134.4855499267578,347.52239990234375,149.1001434326172,396.4354553222656,12
Flickr30K/4142920196.jpg,/content/Image_captioning_Local/Flickr30K/flickr30k_images/flickr30k_images/4142920196.jpg,person,0.9566227793693542,146.50692749023438,3.858041763305664,385.8231506347656,328.20703125,7
Flickr30K/4142920196.jpg,/content/Image_captioning_Local/Flickr30K/flickr30k_images/flickr30k_images/4142920196.jpg,person,0.9276922345161438,15.203189849853516,61.3505859375,184.7086944580078,327.8772277832031,7
Flickr30K/4142920196.jpg,/content/Image_captioning_Local/Flickr30K/flickr30k_images/flickr30k_images/4142920196.jpg,bottle,0.7176687717437744,0.0,219.57044982910156,17.13922119140625,277.22064208984375,7
Flickr30K/4142920196.jpg,/content/Image_captioning_Local/Flickr30K/flickr30k_images/flickr30k_images/4142920196.jpg,oven,0.42470040917396545,0.9201526641845703,268.6302795410156,97.75321960449219,331.11224365234375,7
Flickr30K/4142920196.jpg,/content/Image_captioning_Local/Flickr30K/flickr30k_images/flickr30k_images/4142920196.jpg,refrigerator,0.4122084677219391,98.70500183105469,0.0,446.2449645996094,323.2924499511719,7
Flickr30K/4142920196.jpg,/content/Image_captioning_Local/Flickr30K/flickr30k_images/flickr30k_images/4142920196.jpg,oven,0.32105201482772827,0.15881359577178955,296.261962890625,42.15283966064453,331.4851379394531,7
Flickr30K/4142920196.jpg,/content/Image_captioning_Local/Flickr30K/flickr30k_images/flickr30k_images/4142920196.jpg,cup,0.2587577998638153,0.0594407320022583,250.04917907714844,7.5996832847595215,281.5691833496094,7
Flickr30K/4143318041.jpg,/content/Image_captioning_Local/Flickr30K/flickr30k_images/flickr30k_images/4143318041.jpg,person,0.9297237992286682,66.76868438720703,164.5408172607422,219.71182250976562,379.6263122558594,8
Flickr30K/4143318041.jpg,/content/Image_captioning_Local/Flickr30K/flickr30k_images/flickr30k_images/4143318041.jpg,bottle,0.8623435497283936,117.60601806640625,319.1307678222656,148.52032470703125,410.4984130859375,8
Flickr30K/4143318041.jpg,/content/Image_captioning_Local/Flickr30K/flickr30k_images/flickr30k_images/4143318041.jpg,person,0.6136664748191833,0.5085229873657227,204.98785400390625,64.91110229492188,311.2129821777344,8
Flickr30K/4143318041.jpg,/content/Image_captioning_Local/Flickr30K/flickr30k_images/flickr30k_images/4143318041.jpg,chair,0.5741940140724182,293.9183654785156,266.3516845703125,333.0,329.1626892089844,8
Flickr30K/4143318041.jpg,/content/Image_captioning_Local/Flickr30K/flickr30k_images/flickr30k_images/4143318041.jpg,bench,0.38948506116867065,198.20574951171875,290.8059997558594,332.8154602050781,498.723876953125,8
Flickr30K/4143318041.jpg,/content/Image_captioning_Local/Flickr30K/flickr30k_images/flickr30k_images/4143318041.jpg,chair,0.32208728790283203,300.8601989746094,266.3534240722656,332.952880859375,300.1142578125,8
Flickr30K/4143318041.jpg,/content/Image_captioning_Local/Flickr30K/flickr30k_images/flickr30k_images/4143318041.jpg,person,0.29881376028060913,167.54489135742188,103.08537292480469,200.86427307128906,149.22193908691406,8
Flickr30K/4143318041.jpg,/content/Image_captioning_Local/Flickr30K/flickr30k_images/flickr30k_images/4143318041.jpg,cup,0.2972639203071594,125.58674621582031,345.8932800292969,230.07025146484375,472.2029724121094,8
Flickr30K/4143332417.jpg,/content/Image_captioning_Local/Flickr30K/flickr30k_images/flickr30k_images/4143332417.jpg,person,0.9239460825920105,14.809513092041016,73.08697509765625,182.2206268310547,387.6935119628906,6
Flickr30K/4143332417.jpg,/content/Image_captioning_Local/Flickr30K/flickr30k_images/flickr30k_images/4143332417.jpg,person,0.7200415730476379,17.537879943847656,105.08901977539062,53.65386199951172,145.19927978515625,6
Flickr30K/4143332417.jpg,/content/Image_captioning_Local/Flickr30K/flickr30k_images/flickr30k_images/4143332417.jpg,person,0.5924223065376282,199.42465209960938,140.03074645996094,289.2060241699219,174.18533325195312,6
Flickr30K/4143332417.jpg,/content/Image_captioning_Local/Flickr30K/flickr30k_images/flickr30k_images/4143332417.jpg,person,0.42310234904289246,74.29468536376953,78.75944519042969,103.80766296386719,100.09937286376953,6
Flickr30K/4143332417.jpg,/content/Image_captioning_Local/Flickr30K/flickr30k_images/flickr30k_images/4143332417.jpg,chair,0.40366968512535095,158.0944061279297,174.1729278564453,208.2833251953125,266.0989685058594,6
Flickr30K/4143332417.jpg,/content/Image_captioning_Local/Flickr30K/flickr30k_images/flickr30k_images/4143332417.jpg,person,0.389277845621109,0.0,110.928466796875,19.603681564331055,215.98110961914062,6
Flickr30K/414420325.jpg,/content/Image_captioning_Local/Flickr30K/flickr30k_images/flickr30k_images/414420325.jpg,person,0.9287042021751404,0.2564668655395508,29.35323715209961,337.099609375,332.6310119628906,2
Flickr30K/414420325.jpg,/content/Image_captioning_Local/Flickr30K/flickr30k_images/flickr30k_images/414420325.jpg,cup,0.26021575927734375,11.185508728027344,107.36019897460938,54.976070404052734,167.139892578125,2
Flickr30K/4144960305.jpg,/content/Image_captioning_Local/Flickr30K/flickr30k_images/flickr30k_images/4144960305.jpg,person,0.924254834651947,226.9725799560547,40.12379455566406,446.1344299316406,319.15631103515625,3
Flickr30K/4144960305.jpg,/content/Image_captioning_Local/Flickr30K/flickr30k_images/flickr30k_images/4144960305.jpg,person,0.9239823818206787,4.1457414627075195,89.72127532958984,279.0601501464844,334.57305908203125,3
Flickr30K/4144960305.jpg,/content/Image_captioning_Local/Flickr30K/flickr30k_images/flickr30k_images/4144960305.jpg,person,0.8065049648284912,3.0122876167297363,25.5225772857666,153.61439514160156,283.13232421875,3
Flickr30K/4145054037.jpg,/content/Image_captioning_Local/Flickr30K/flickr30k_images/flickr30k_images/4145054037.jpg,person,0.9347514510154724,102.97355651855469,73.41188049316406,413.3212890625,366.3993225097656,1
Flickr30K/4145119743.jpg,/content/Image_captioning_Local/Flickr30K/flickr30k_images/flickr30k_images/4145119743.jpg,person,0.9329820871353149,132.39088439941406,101.50897216796875,278.93658447265625,282.4489440917969,4
Flickr30K/4145119743.jpg,/content/Image_captioning_Local/Flickr30K/flickr30k_images/flickr30k_images/4145119743.jpg,person,0.9231069684028625,232.68170166015625,1.3011455535888672,499.3435363769531,369.4796447753906,4
Flickr30K/4145119743.jpg,/content/Image_captioning_Local/Flickr30K/flickr30k_images/flickr30k_images/4145119743.jpg,person,0.7046502232551575,319.3449401855469,91.3162612915039,399.53521728515625,213.07301330566406,4
Flickr30K/4145119743.jpg,/content/Image_captioning_Local/Flickr30K/flickr30k_images/flickr30k_images/4145119743.jpg,person,0.5342741012573242,383.8719787597656,87.23919677734375,414.65020751953125,150.79994201660156,4
Flickr30K/414568315.jpg,/content/Image_captioning_Local/Flickr30K/flickr30k_images/flickr30k_images/414568315.jpg,person,0.8393475413322449,4.317998886108398,56.94320297241211,333.0,373.9647216796875,3
Flickr30K/414568315.jpg,/content/Image_captioning_Local/Flickr30K/flickr30k_images/flickr30k_images/414568315.jpg,spoon,0.5144760608673096,32.027198791503906,147.7576446533203,50.966453552246094,239.85743713378906,3
Flickr30K/414568315.jpg,/content/Image_captioning_Local/Flickr30K/flickr30k_images/flickr30k_images/414568315.jpg,bowl,0.5001263618469238,308.4281005859375,416.6995849609375,333.0,456.9427490234375,3
Flickr30K/4145721513.jpg,/content/Image_captioning_Local/Flickr30K/flickr30k_images/flickr30k_images/4145721513.jpg,person,0.8918580412864685,91.64662170410156,172.7669677734375,348.0554504394531,371.9140625,5
Flickr30K/4145721513.jpg,/content/Image_captioning_Local/Flickr30K/flickr30k_images/flickr30k_images/4145721513.jpg,person,0.8790771961212158,147.6814422607422,2.1539807319641113,408.39776611328125,365.9551696777344,5
Flickr30K/4145721513.jpg,/content/Image_captioning_Local/Flickr30K/flickr30k_images/flickr30k_images/4145721513.jpg,person,0.8625370860099792,404.29400634765625,0.5950450897216797,499.2120666503906,368.4713439941406,5
Flickr30K/4145721513.jpg,/content/Image_captioning_Local/Flickr30K/flickr30k_images/flickr30k_images/4145721513.jpg,chair,0.6328104138374329,19.030988693237305,286.58294677734375,192.35252380371094,372.7010803222656,5
Flickr30K/4145721513.jpg,/content/Image_captioning_Local/Flickr30K/flickr30k_images/flickr30k_images/4145721513.jpg,chair,0.31690269708633423,19.080093383789062,303.50335693359375,111.55755615234375,374.5303039550781,5
Flickr30K/4145725151.jpg,/content/Image_captioning_Local/Flickr30K/flickr30k_images/flickr30k_images/4145725151.jpg,person,0.8682014346122742,203.28106689453125,152.34727478027344,498.9753723144531,371.4737854003906,4
Flickr30K/4145725151.jpg,/content/Image_captioning_Local/Flickr30K/flickr30k_images/flickr30k_images/4145725151.jpg,person,0.48362985253334045,38.30644989013672,0.7165670394897461,357.5677795410156,264.09075927734375,4
Flickr30K/4145725151.jpg,/content/Image_captioning_Local/Flickr30K/flickr30k_images/flickr30k_images/4145725151.jpg,chair,0.2958988547325134,401.66082763671875,187.47325134277344,448.9184265136719,244.85134887695312,4
Flickr30K/4145725151.jpg,/content/Image_captioning_Local/Flickr30K/flickr30k_images/flickr30k_images/4145725151.jpg,chair,0.25921720266342163,24.517799377441406,199.73507690429688,243.93661499023438,371.0126953125,4
Flickr30K/4145725901.jpg,/content/Image_captioning_Local/Flickr30K/flickr30k_images/flickr30k_images/4145725901.jpg,person,0.6354369521141052,1.3239860534667969,2.098548412322998,480.0797424316406,360.82257080078125,4
Flickr30K/4145725901.jpg,/content/Image_captioning_Local/Flickr30K/flickr30k_images/flickr30k_images/4145725901.jpg,person,0.3882339298725128,1.1138677597045898,2.560710906982422,282.19952392578125,372.37249755859375,4
Flickr30K/4145725901.jpg,/content/Image_captioning_Local/Flickr30K/flickr30k_images/flickr30k_images/4145725901.jpg,person,0.38388341665267944,0.14764070510864258,201.95565795898438,170.29568481445312,372.9157409667969,4
Flickr30K/4145725901.jpg,/content/Image_captioning_Local/Flickr30K/flickr30k_images/flickr30k_images/4145725901.jpg,person,0.3468637764453888,3.2837629318237305,141.8712158203125,277.7875061035156,371.75189208984375,4
Flickr30K/4145726727.jpg,/content/Image_captioning_Local/Flickr30K/flickr30k_images/flickr30k_images/4145726727.jpg,person,0.939958393573761,112.2664794921875,99.42330932617188,314.7352600097656,498.4622802734375,1
Flickr30K/414574330.jpg,/content/Image_captioning_Local/Flickr30K/flickr30k_images/flickr30k_images/414574330.jpg,person,0.9283064603805542,182.20782470703125,296.08062744140625,298.3691711425781,480.6790771484375,3
Flickr30K/414574330.jpg,/content/Image_captioning_Local/Flickr30K/flickr30k_images/flickr30k_images/414574330.jpg,car,0.7060245871543884,0.034993886947631836,379.48211669921875,65.2496337890625,499.5002136230469,3
Flickr30K/414574330.jpg,/content/Image_captioning_Local/Flickr30K/flickr30k_images/flickr30k_images/414574330.jpg,car,0.4910372793674469,6.349825859069824,329.4364318847656,124.11753845214844,377.29534912109375,3
Flickr30K/4145746372.jpg,/content/Image_captioning_Local/Flickr30K/flickr30k_images/flickr30k_images/4145746372.jpg,person,0.6729684472084045,80.29972076416016,110.45934295654297,185.84414672851562,324.061767578125,13
Flickr30K/4145746372.jpg,/content/Image_captioning_Local/Flickr30K/flickr30k_images/flickr30k_images/4145746372.jpg,person,0.6344106197357178,401.5377197265625,154.00352478027344,499.80517578125,334.7723083496094,13
Flickr30K/4145746372.jpg,/content/Image_captioning_Local/Flickr30K/flickr30k_images/flickr30k_images/4145746372.jpg,person,0.6267032027244568,3.9833664894104004,109.48944091796875,105.04695129394531,334.9484558105469,13
Flickr30K/4145746372.jpg,/content/Image_captioning_Local/Flickr30K/flickr30k_images/flickr30k_images/4145746372.jpg,person,0.6123390793800354,0.1378774642944336,189.69631958007812,80.96492004394531,335.2151794433594,13
Flickr30K/4145746372.jpg,/content/Image_captioning_Local/Flickr30K/flickr30k_images/flickr30k_images/4145746372.jpg,person,0.36466267704963684,317.1235046386719,152.59475708007812,376.3841552734375,308.92523193359375,13
Flickr30K/4145746372.jpg,/content/Image_captioning_Local/Flickr30K/flickr30k_images/flickr30k_images/4145746372.jpg,person,0.3501921594142914,357.7470397949219,194.82785034179688,420.2071533203125,335.56170654296875,13
Flickr30K/4145746372.jpg,/content/Image_captioning_Local/Flickr30K/flickr30k_images/flickr30k_images/4145746372.jpg,person,0.34947216510772705,247.8132781982422,102.243896484375,374.1650085449219,335.27703857421875,13
Flickr30K/4145746372.jpg,/content/Image_captioning_Local/Flickr30K/flickr30k_images/flickr30k_images/4145746372.jpg,person,0.34400179982185364,205.4379425048828,71.62904357910156,264.50103759765625,245.51539611816406,13
Flickr30K/4145746372.jpg,/content/Image_captioning_Local/Flickr30K/flickr30k_images/flickr30k_images/4145746372.jpg,person,0.3233664333820343,170.81283569335938,71.97041320800781,264.4041442871094,246.52395629882812,13
Flickr30K/4145746372.jpg,/content/Image_captioning_Local/Flickr30K/flickr30k_images/flickr30k_images/4145746372.jpg,person,0.3166317641735077,378.7732849121094,60.505794525146484,499.8697204589844,227.6773681640625,13
Flickr30K/4145746372.jpg,/content/Image_captioning_Local/Flickr30K/flickr30k_images/flickr30k_images/4145746372.jpg,person,0.3131624758243561,124.6073226928711,245.06539916992188,257.79913330078125,334.7463684082031,13
Flickr30K/4145746372.jpg,/content/Image_captioning_Local/Flickr30K/flickr30k_images/flickr30k_images/4145746372.jpg,person,0.29015055298805237,312.2295837402344,104.68898010253906,377.6558532714844,307.9727783203125,13
Flickr30K/4145746372.jpg,/content/Image_captioning_Local/Flickr30K/flickr30k_images/flickr30k_images/4145746372.jpg,person,0.259351909160614,165.78598022460938,110.42039489746094,208.75857543945312,236.03884887695312,13
Flickr30K/4145780777.jpg,/content/Image_captioning_Local/Flickr30K/flickr30k_images/flickr30k_images/4145780777.jpg,person,0.9316688179969788,402.8205261230469,59.33680725097656,499.72491455078125,329.69659423828125,8
Flickr30K/4145780777.jpg,/content/Image_captioning_Local/Flickr30K/flickr30k_images/flickr30k_images/4145780777.jpg,person,0.9175845980644226,182.19732666015625,170.78799438476562,305.1179504394531,330.3065185546875,8
Flickr30K/4145780777.jpg,/content/Image_captioning_Local/Flickr30K/flickr30k_images/flickr30k_images/4145780777.jpg,person,0.9160963296890259,102.01573181152344,45.73796844482422,224.23451232910156,329.8223876953125,8
Flickr30K/4145780777.jpg,/content/Image_captioning_Local/Flickr30K/flickr30k_images/flickr30k_images/4145780777.jpg,person,0.9084609150886536,230.0575714111328,62.8753776550293,386.7964172363281,329.33673095703125,8
Flickr30K/4145780777.jpg,/content/Image_captioning_Local/Flickr30K/flickr30k_images/flickr30k_images/4145780777.jpg,person,0.9082092046737671,35.83916473388672,32.061622619628906,140.19805908203125,314.27679443359375,8
Flickr30K/4145780777.jpg,/content/Image_captioning_Local/Flickr30K/flickr30k_images/flickr30k_images/4145780777.jpg,chair,0.7139289379119873,141.6790313720703,192.25926208496094,241.77674865722656,330.1239013671875,8
Flickr30K/4145780777.jpg,/content/Image_captioning_Local/Flickr30K/flickr30k_images/flickr30k_images/4145780777.jpg,chair,0.4120670557022095,140.78652954101562,192.2567901611328,310.8328552246094,330.69696044921875,8
Flickr30K/4145780777.jpg,/content/Image_captioning_Local/Flickr30K/flickr30k_images/flickr30k_images/4145780777.jpg,chair,0.2682519555091858,352.8193359375,200.3823699951172,393.4098205566406,280.7462158203125,8
Flickr30K/4145970273.jpg,/content/Image_captioning_Local/Flickr30K/flickr30k_images/flickr30k_images/4145970273.jpg,person,0.8253564238548279,199.8248748779297,169.1997528076172,238.7056884765625,274.0974426269531,9
Flickr30K/4145970273.jpg,/content/Image_captioning_Local/Flickr30K/flickr30k_images/flickr30k_images/4145970273.jpg,person,0.7292283773422241,257.80535888671875,176.07057189941406,294.51092529296875,280.5446472167969,9
Flickr30K/4145970273.jpg,/content/Image_captioning_Local/Flickr30K/flickr30k_images/flickr30k_images/4145970273.jpg,person,0.719670832157135,327.8114318847656,168.53976440429688,407.3388977050781,327.8070373535156,9
Flickr30K/4145970273.jpg,/content/Image_captioning_Local/Flickr30K/flickr30k_images/flickr30k_images/4145970273.jpg,person,0.6815719604492188,246.77056884765625,189.62271118164062,269.19287109375,254.98106384277344,9
Flickr30K/4145970273.jpg,/content/Image_captioning_Local/Flickr30K/flickr30k_images/flickr30k_images/4145970273.jpg,person,0.44835034012794495,288.8827209472656,189.66534423828125,316.1113586425781,268.07061767578125,9
Flickr30K/4145970273.jpg,/content/Image_captioning_Local/Flickr30K/flickr30k_images/flickr30k_images/4145970273.jpg,person,0.4465271830558777,101.39872741699219,166.97430419921875,137.09571838378906,253.07859802246094,9
Flickr30K/4145970273.jpg,/content/Image_captioning_Local/Flickr30K/flickr30k_images/flickr30k_images/4145970273.jpg,person,0.3902561664581299,413.9309997558594,164.6022491455078,439.95770263671875,261.6395568847656,9
Flickr30K/4145970273.jpg,/content/Image_captioning_Local/Flickr30K/flickr30k_images/flickr30k_images/4145970273.jpg,person,0.29022905230522156,121.60717010498047,165.2637939453125,135.6808319091797,199.30853271484375,9
Flickr30K/4145970273.jpg,/content/Image_captioning_Local/Flickr30K/flickr30k_images/flickr30k_images/4145970273.jpg,person,0.2900107204914093,184.1891326904297,160.7557830810547,204.6580352783203,236.78041076660156,9
Flickr30K/4145994422.jpg,/content/Image_captioning_Local/Flickr30K/flickr30k_images/flickr30k_images/4145994422.jpg,person,0.6523767113685608,44.61956024169922,60.871219635009766,212.9866180419922,271.8282165527344,3
Flickr30K/4145994422.jpg,/content/Image_captioning_Local/Flickr30K/flickr30k_images/flickr30k_images/4145994422.jpg,couch,0.5791516900062561,0.0,1.5161991119384766,332.67120361328125,499.5902099609375,3
Flickr30K/4145994422.jpg,/content/Image_captioning_Local/Flickr30K/flickr30k_images/flickr30k_images/4145994422.jpg,bed,0.3725433349609375,0.0,0.9390830993652344,332.81317138671875,480.58453369140625,3
Flickr30K/4146150983.jpg,/content/Image_captioning_Local/Flickr30K/flickr30k_images/flickr30k_images/4146150983.jpg,person,0.9170884490013123,53.446815490722656,92.34210205078125,153.02963256835938,331.2104187011719,14
Flickr30K/4146150983.jpg,/content/Image_captioning_Local/Flickr30K/flickr30k_images/flickr30k_images/4146150983.jpg,person,0.9124306440353394,103.81915283203125,203.8105010986328,269.59381103515625,331.56854248046875,14
Flickr30K/4146150983.jpg,/content/Image_captioning_Local/Flickr30K/flickr30k_images/flickr30k_images/4146150983.jpg,person,0.8324445486068726,340.0917663574219,81.87150573730469,405.5651550292969,177.6336669921875,14
Flickr30K/4146150983.jpg,/content/Image_captioning_Local/Flickr30K/flickr30k_images/flickr30k_images/4146150983.jpg,person,0.8125830888748169,228.72959899902344,93.71443176269531,264.5994873046875,163.07162475585938,14
Flickr30K/4146150983.jpg,/content/Image_captioning_Local/Flickr30K/flickr30k_images/flickr30k_images/4146150983.jpg,orange,0.8102502822875977,287.29742431640625,256.7735290527344,399.2247619628906,296.81280517578125,14
Flickr30K/4146150983.jpg,/content/Image_captioning_Local/Flickr30K/flickr30k_images/flickr30k_images/4146150983.jpg,person,0.8005647659301758,278.2280578613281,91.67391967773438,322.391357421875,173.0137176513672,14
Flickr30K/4146150983.jpg,/content/Image_captioning_Local/Flickr30K/flickr30k_images/flickr30k_images/4146150983.jpg,bowl,0.7519782781600952,378.7097473144531,242.7826690673828,413.8170166015625,264.3370361328125,14
Flickr30K/4146150983.jpg,/content/Image_captioning_Local/Flickr30K/flickr30k_images/flickr30k_images/4146150983.jpg,bowl,0.736562192440033,340.2106628417969,238.81158447265625,380.0477600097656,256.4301452636719,14
Flickr30K/4146150983.jpg,/content/Image_captioning_Local/Flickr30K/flickr30k_images/flickr30k_images/4146150983.jpg,person,0.730330228805542,170.39797973632812,102.70430755615234,219.33335876464844,149.19207763671875,14
Flickr30K/4146150983.jpg,/content/Image_captioning_Local/Flickr30K/flickr30k_images/flickr30k_images/4146150983.jpg,bowl,0.5265268087387085,378.5428161621094,242.90115356445312,413.12664794921875,257.86273193359375,14
Flickr30K/4146150983.jpg,/content/Image_captioning_Local/Flickr30K/flickr30k_images/flickr30k_images/4146150983.jpg,person,0.46684202551841736,55.22132110595703,95.9517822265625,102.8675765991211,155.98654174804688,14
Flickr30K/4146150983.jpg,/content/Image_captioning_Local/Flickr30K/flickr30k_images/flickr30k_images/4146150983.jpg,bowl,0.35037514567375183,378.9828186035156,248.89004516601562,413.87835693359375,264.7782897949219,14
Flickr30K/4146150983.jpg,/content/Image_captioning_Local/Flickr30K/flickr30k_images/flickr30k_images/4146150983.jpg,orange,0.33309271931648254,309.3773498535156,261.3378601074219,325.65509033203125,278.6920471191406,14
Flickr30K/4146150983.jpg,/content/Image_captioning_Local/Flickr30K/flickr30k_images/flickr30k_images/4146150983.jpg,broccoli,0.269930899143219,419.7565002441406,192.54502868652344,459.59625244140625,219.3228759765625,14
Flickr30K/4146483752.jpg,/content/Image_captioning_Local/Flickr30K/flickr30k_images/flickr30k_images/4146483752.jpg,person,0.9253410696983337,0.5961894989013672,202.99501037597656,319.7181701660156,499.25909423828125,9
Flickr30K/4146483752.jpg,/content/Image_captioning_Local/Flickr30K/flickr30k_images/flickr30k_images/4146483752.jpg,person,0.7803764343261719,15.787124633789062,0.38051605224609375,371.5945129394531,403.07122802734375,9
Flickr30K/4146483752.jpg,/content/Image_captioning_Local/Flickr30K/flickr30k_images/flickr30k_images/4146483752.jpg,chair,0.38384121656417847,0.0,314.31573486328125,334.4942932128906,495.38482666015625,9
Flickr30K/4146483752.jpg,/content/Image_captioning_Local/Flickr30K/flickr30k_images/flickr30k_images/4146483752.jpg,chair,0.3603052496910095,297.8928527832031,305.9434509277344,375.0,421.1925964355469,9
Flickr30K/4146483752.jpg,/content/Image_captioning_Local/Flickr30K/flickr30k_images/flickr30k_images/4146483752.jpg,chair,0.33416175842285156,1.6485095024108887,335.0639953613281,60.0932731628418,381.5523681640625,9
Flickr30K/4146483752.jpg,/content/Image_captioning_Local/Flickr30K/flickr30k_images/flickr30k_images/4146483752.jpg,tie,0.3233006000518799,45.8846321105957,115.04521179199219,138.65762329101562,223.22964477539062,9
Flickr30K/4146483752.jpg,/content/Image_captioning_Local/Flickr30K/flickr30k_images/flickr30k_images/4146483752.jpg,cell phone,0.2945166528224945,160.70968627929688,153.9752960205078,213.4357147216797,196.9531707763672,9
Flickr30K/4146483752.jpg,/content/Image_captioning_Local/Flickr30K/flickr30k_images/flickr30k_images/4146483752.jpg,tie,0.2603997588157654,42.68484115600586,81.2081298828125,274.4903564453125,352.00787353515625,9
Flickr30K/4146483752.jpg,/content/Image_captioning_Local/Flickr30K/flickr30k_images/flickr30k_images/4146483752.jpg,chair,0.2570348083972931,208.2213592529297,340.9902038574219,334.86126708984375,499.3409729003906,9
Flickr30K/4146485510.jpg,/content/Image_captioning_Local/Flickr30K/flickr30k_images/flickr30k_images/4146485510.jpg,person,0.8576291799545288,72.71912384033203,300.20513916015625,216.52066040039062,499.1091613769531,7
Flickr30K/4146485510.jpg,/content/Image_captioning_Local/Flickr30K/flickr30k_images/flickr30k_images/4146485510.jpg,person,0.7520527839660645,138.6962432861328,79.10879516601562,374.29156494140625,476.4784851074219,7
Flickr30K/4146485510.jpg,/content/Image_captioning_Local/Flickr30K/flickr30k_images/flickr30k_images/4146485510.jpg,person,0.7466799020767212,65.47891998291016,112.20976257324219,200.02198791503906,370.41314697265625,7
Flickr30K/4146485510.jpg,/content/Image_captioning_Local/Flickr30K/flickr30k_images/flickr30k_images/4146485510.jpg,remote,0.660426914691925,266.3072509765625,398.84075927734375,347.8711242675781,422.7767333984375,7
Flickr30K/4146485510.jpg,/content/Image_captioning_Local/Flickr30K/flickr30k_images/flickr30k_images/4146485510.jpg,chair,0.4712377190589905,185.55508422851562,363.12042236328125,259.6892395019531,499.4915466308594,7
Flickr30K/4146485510.jpg,/content/Image_captioning_Local/Flickr30K/flickr30k_images/flickr30k_images/4146485510.jpg,chair,0.37046656012535095,16.452194213867188,361.1451721191406,259.36529541015625,499.703369140625,7
Flickr30K/4146485510.jpg,/content/Image_captioning_Local/Flickr30K/flickr30k_images/flickr30k_images/4146485510.jpg,person,0.25074055790901184,317.0670166015625,300.829833984375,375.0,499.09649658203125,7
Flickr30K/4146513330.jpg,/content/Image_captioning_Local/Flickr30K/flickr30k_images/flickr30k_images/4146513330.jpg,person,0.9415459036827087,316.39117431640625,81.3852767944336,434.0479431152344,330.202392578125,7
Flickr30K/4146513330.jpg,/content/Image_captioning_Local/Flickr30K/flickr30k_images/flickr30k_images/4146513330.jpg,person,0.9262359738349915,79.09791564941406,175.07723999023438,308.6167297363281,330.6264343261719,7
Flickr30K/4146513330.jpg,/content/Image_captioning_Local/Flickr30K/flickr30k_images/flickr30k_images/4146513330.jpg,person,0.9140395522117615,15.967535972595215,3.260517120361328,261.6374206542969,325.721923828125,7
Flickr30K/4146513330.jpg,/content/Image_captioning_Local/Flickr30K/flickr30k_images/flickr30k_images/4146513330.jpg,person,0.7911648154258728,243.81280517578125,94.72514343261719,312.5022277832031,236.66343688964844,7
Flickr30K/4146513330.jpg,/content/Image_captioning_Local/Flickr30K/flickr30k_images/flickr30k_images/4146513330.jpg,chair,0.6433919072151184,266.3826904296875,225.76260375976562,337.6206970214844,331.044921875,7
Flickr30K/4146513330.jpg,/content/Image_captioning_Local/Flickr30K/flickr30k_images/flickr30k_images/4146513330.jpg,dining table,0.6171526312828064,385.35369873046875,287.8447570800781,499.6957702636719,332.5142517089844,7
Flickr30K/4146513330.jpg,/content/Image_captioning_Local/Flickr30K/flickr30k_images/flickr30k_images/4146513330.jpg,person,0.33426666259765625,6.951642036437988,26.299619674682617,104.86217498779297,218.1387939453125,7
Flickr30K/4146533978.jpg,/content/Image_captioning_Local/Flickr30K/flickr30k_images/flickr30k_images/4146533978.jpg,tie,0.5488525032997131,144.62425231933594,14.412492752075195,317.9951477050781,197.62831115722656,5
Flickr30K/4146533978.jpg,/content/Image_captioning_Local/Flickr30K/flickr30k_images/flickr30k_images/4146533978.jpg,book,0.5167352557182312,362.6210632324219,143.63238525390625,415.1289367675781,188.1580047607422,5
Flickr30K/4146533978.jpg,/content/Image_captioning_Local/Flickr30K/flickr30k_images/flickr30k_images/4146533978.jpg,person,0.4213160276412964,73.79938507080078,1.217210292816162,415.5126953125,331.34063720703125,5
Flickr30K/4146533978.jpg,/content/Image_captioning_Local/Flickr30K/flickr30k_images/flickr30k_images/4146533978.jpg,cell phone,0.3597249686717987,194.33421325683594,186.32571411132812,229.5693359375,228.18734741210938,5
Flickr30K/4146533978.jpg,/content/Image_captioning_Local/Flickr30K/flickr30k_images/flickr30k_images/4146533978.jpg,person,0.30365708470344543,329.37640380859375,239.11671447753906,499.7810363769531,329.5328674316406,5
Flickr30K/4146537100.jpg,/content/Image_captioning_Local/Flickr30K/flickr30k_images/flickr30k_images/4146537100.jpg,person,0.9057751297950745,47.743751525878906,1.7347335815429688,489.3097839355469,331.1092529296875,3
Flickr30K/4146537100.jpg,/content/Image_captioning_Local/Flickr30K/flickr30k_images/flickr30k_images/4146537100.jpg,cell phone,0.5186449885368347,414.14166259765625,219.00868225097656,495.1663818359375,277.3539123535156,3
Flickr30K/4146537100.jpg,/content/Image_captioning_Local/Flickr30K/flickr30k_images/flickr30k_images/4146537100.jpg,cell phone,0.4732166826725006,205.1585235595703,217.96755981445312,323.268310546875,302.7320861816406,3
Flickr30K/4146540950.jpg,/content/Image_captioning_Local/Flickr30K/flickr30k_images/flickr30k_images/4146540950.jpg,person,0.9330117702484131,153.57472229003906,124.09725189208984,258.7987365722656,329.8815612792969,6
Flickr30K/4146540950.jpg,/content/Image_captioning_Local/Flickr30K/flickr30k_images/flickr30k_images/4146540950.jpg,person,0.9185401201248169,444.4441833496094,99.2364730834961,499.78009033203125,329.52899169921875,6
Flickr30K/4146540950.jpg,/content/Image_captioning_Local/Flickr30K/flickr30k_images/flickr30k_images/4146540950.jpg,person,0.9084254503250122,298.2087097167969,69.68250274658203,449.33624267578125,294.0566101074219,6
Flickr30K/4146540950.jpg,/content/Image_captioning_Local/Flickr30K/flickr30k_images/flickr30k_images/4146540950.jpg,chair,0.5049287676811218,269.1485290527344,257.8326721191406,416.2689208984375,331.0540771484375,6
Flickr30K/4146540950.jpg,/content/Image_captioning_Local/Flickr30K/flickr30k_images/flickr30k_images/4146540950.jpg,person,0.3279845714569092,305.226318359375,96.29901885986328,352.5743103027344,256.9142761230469,6
Flickr30K/4146540950.jpg,/content/Image_captioning_Local/Flickr30K/flickr30k_images/flickr30k_images/4146540950.jpg,handbag,0.256811261177063,419.41986083984375,203.85317993164062,447.44549560546875,258.7861022949219,6
Flickr30K/4146587257.jpg,/content/Image_captioning_Local/Flickr30K/flickr30k_images/flickr30k_images/4146587257.jpg,person,0.9176511764526367,74.51829528808594,32.622398376464844,219.18511962890625,388.3358459472656,1
Flickr30K/4146886427.jpg,/content/Image_captioning_Local/Flickr30K/flickr30k_images/flickr30k_images/4146886427.jpg,person,0.9285857677459717,411.21942138671875,13.73128890991211,499.8497009277344,164.2810821533203,29
Flickr30K/4146886427.jpg,/content/Image_captioning_Local/Flickr30K/flickr30k_images/flickr30k_images/4146886427.jpg,chair,0.9219304323196411,59.88496017456055,212.8914794921875,232.13136291503906,329.70343017578125,29
Flickr30K/4146886427.jpg,/content/Image_captioning_Local/Flickr30K/flickr30k_images/flickr30k_images/4146886427.jpg,person,0.9064432382583618,188.22781372070312,14.012575149536133,274.59661865234375,112.70745086669922,29
Flickr30K/4146886427.jpg,/content/Image_captioning_Local/Flickr30K/flickr30k_images/flickr30k_images/4146886427.jpg,person,0.8996449708938599,348.0126037597656,19.048236846923828,440.13787841796875,132.54751586914062,29
Flickr30K/4146886427.jpg,/content/Image_captioning_Local/Flickr30K/flickr30k_images/flickr30k_images/4146886427.jpg,cup,0.8948771357536316,392.531982421875,175.1725616455078,433.3089904785156,236.9742889404297,29
Flickr30K/4146886427.jpg,/content/Image_captioning_Local/Flickr30K/flickr30k_images/flickr30k_images/4146886427.jpg,person,0.8842748403549194,273.4206237792969,0.09424686431884766,354.24395751953125,102.28567504882812,29
Flickr30K/4146886427.jpg,/content/Image_captioning_Local/Flickr30K/flickr30k_images/flickr30k_images/4146886427.jpg,cup,0.8491671681404114,267.5221862792969,153.7196807861328,294.1052551269531,186.29681396484375,29
Flickr30K/4146886427.jpg,/content/Image_captioning_Local/Flickr30K/flickr30k_images/flickr30k_images/4146886427.jpg,person,0.840717613697052,39.535858154296875,2.0429611206054688,254.1912078857422,306.7684326171875,29
Flickr30K/4146886427.jpg,/content/Image_captioning_Local/Flickr30K/flickr30k_images/flickr30k_images/4146886427.jpg,dining table,0.8058798313140869,159.17796325683594,110.52108001708984,499.2410583496094,322.7283020019531,29
Flickr30K/4146886427.jpg,/content/Image_captioning_Local/Flickr30K/flickr30k_images/flickr30k_images/4146886427.jpg,knife,0.7623454928398132,247.86245727539062,193.7527618408203,300.1440734863281,217.66262817382812,29
Flickr30K/4146886427.jpg,/content/Image_captioning_Local/Flickr30K/flickr30k_images/flickr30k_images/4146886427.jpg,person,0.7232618927955627,123.9105224609375,18.26403045654297,255.34634399414062,178.25894165039062,29
Flickr30K/4146886427.jpg,/content/Image_captioning_Local/Flickr30K/flickr30k_images/flickr30k_images/4146886427.jpg,bottle,0.719832181930542,354.66412353515625,99.37284088134766,372.21771240234375,129.3925323486328,29
Flickr30K/4146886427.jpg,/content/Image_captioning_Local/Flickr30K/flickr30k_images/flickr30k_images/4146886427.jpg,chair,0.7014297246932983,22.038829803466797,78.10957336425781,60.518497467041016,127.10132598876953,29
Flickr30K/4146886427.jpg,/content/Image_captioning_Local/Flickr30K/flickr30k_images/flickr30k_images/4146886427.jpg,cup,0.691589891910553,378.61767578125,122.08929443359375,399.92437744140625,143.25238037109375,29
Flickr30K/4146886427.jpg,/content/Image_captioning_Local/Flickr30K/flickr30k_images/flickr30k_images/4146886427.jpg,cup,0.5546351671218872,488.21429443359375,144.78907775878906,499.7942810058594,194.55914306640625,29
Flickr30K/4146886427.jpg,/content/Image_captioning_Local/Flickr30K/flickr30k_images/flickr30k_images/4146886427.jpg,cup,0.5301916003227234,225.46034240722656,109.79881286621094,242.5595245361328,138.7376251220703,29
Flickr30K/4146886427.jpg,/content/Image_captioning_Local/Flickr30K/flickr30k_images/flickr30k_images/4146886427.jpg,knife,0.5042303800582886,335.9253845214844,187.49546813964844,392.6443176269531,210.70309448242188,29
Flickr30K/4146886427.jpg,/content/Image_captioning_Local/Flickr30K/flickr30k_images/flickr30k_images/4146886427.jpg,fork,0.4820026457309723,439.5744323730469,237.15553283691406,480.5124206542969,283.4866638183594,29
Flickr30K/4146886427.jpg,/content/Image_captioning_Local/Flickr30K/flickr30k_images/flickr30k_images/4146886427.jpg,bottle,0.45392557978630066,488.1771240234375,139.7308349609375,499.81671142578125,194.52391052246094,29
Flickr30K/4146886427.jpg,/content/Image_captioning_Local/Flickr30K/flickr30k_images/flickr30k_images/4146886427.jpg,potted plant,0.44166216254234314,264.51531982421875,89.37169647216797,375.8428649902344,172.65158081054688,29
Flickr30K/4146886427.jpg,/content/Image_captioning_Local/Flickr30K/flickr30k_images/flickr30k_images/4146886427.jpg,fork,0.43147188425064087,336.01495361328125,187.0052032470703,393.103515625,210.8806915283203,29
Flickr30K/4146886427.jpg,/content/Image_captioning_Local/Flickr30K/flickr30k_images/flickr30k_images/4146886427.jpg,fork,0.42308253049850464,211.7176513671875,181.5075225830078,272.32861328125,201.51698303222656,29
Flickr30K/4146886427.jpg,/content/Image_captioning_Local/Flickr30K/flickr30k_images/flickr30k_images/4146886427.jpg,cake,0.37557873129844666,354.10980224609375,130.46327209472656,460.8516845703125,191.20431518554688,29
Flickr30K/4146886427.jpg,/content/Image_captioning_Local/Flickr30K/flickr30k_images/flickr30k_images/4146886427.jpg,fork,0.3542541563510895,212.3442840576172,185.90341186523438,275.2917175292969,203.0378875732422,29
Flickr30K/4146886427.jpg,/content/Image_captioning_Local/Flickr30K/flickr30k_images/flickr30k_images/4146886427.jpg,cup,0.30277788639068604,254.76365661621094,113.91932678222656,275.4024658203125,141.6022491455078,29
Flickr30K/4146886427.jpg,/content/Image_captioning_Local/Flickr30K/flickr30k_images/flickr30k_images/4146886427.jpg,fork,0.30035683512687683,325.264404296875,187.33572387695312,393.294677734375,220.6803741455078,29
Flickr30K/4146886427.jpg,/content/Image_captioning_Local/Flickr30K/flickr30k_images/flickr30k_images/4146886427.jpg,cup,0.2845008671283722,239.45736694335938,118.29085540771484,250.47621154785156,134.0071258544922,29
Flickr30K/4146886427.jpg,/content/Image_captioning_Local/Flickr30K/flickr30k_images/flickr30k_images/4146886427.jpg,knife,0.27984654903411865,430.8947448730469,240.37380981445312,443.8595886230469,290.37933349609375,29
Flickr30K/4146886427.jpg,/content/Image_captioning_Local/Flickr30K/flickr30k_images/flickr30k_images/4146886427.jpg,chair,0.27586695551872253,421.3880920410156,62.058101654052734,447.7893371582031,94.126953125,29
Flickr30K/4147681861.jpg,/content/Image_captioning_Local/Flickr30K/flickr30k_images/flickr30k_images/4147681861.jpg,person,0.8781067132949829,291.78857421875,200.5920867919922,340.7781066894531,273.3562927246094,1
Flickr30K/414773731.jpg,/content/Image_captioning_Local/Flickr30K/flickr30k_images/flickr30k_images/414773731.jpg,dog,0.9512687921524048,38.725807189941406,38.73314666748047,297.705078125,389.3750305175781,1
Flickr30K/4147974557.jpg,/content/Image_captioning_Local/Flickr30K/flickr30k_images/flickr30k_images/4147974557.jpg,dog,0.6361317038536072,73.20713806152344,63.30009841918945,327.71453857421875,245.59512329101562,1
Flickr30K/4148059701.jpg,/content/Image_captioning_Local/Flickr30K/flickr30k_images/flickr30k_images/4148059701.jpg,person,0.7037099003791809,214.9838409423828,148.98104858398438,251.69439697265625,243.61953735351562,13
Flickr30K/4148059701.jpg,/content/Image_captioning_Local/Flickr30K/flickr30k_images/flickr30k_images/4148059701.jpg,person,0.6583889126777649,284.0936279296875,220.92430114746094,310.73089599609375,293.9091796875,13
Flickr30K/4148059701.jpg,/content/Image_captioning_Local/Flickr30K/flickr30k_images/flickr30k_images/4148059701.jpg,person,0.5752412676811218,301.8689270019531,261.7197570800781,346.00103759765625,356.5108642578125,13
Flickr30K/4148059701.jpg,/content/Image_captioning_Local/Flickr30K/flickr30k_images/flickr30k_images/4148059701.jpg,person,0.4882572889328003,191.9566650390625,128.13494873046875,224.86148071289062,225.69384765625,13
Flickr30K/4148059701.jpg,/content/Image_captioning_Local/Flickr30K/flickr30k_images/flickr30k_images/4148059701.jpg,person,0.4851430356502533,305.86749267578125,208.48443603515625,339.42779541015625,265.120849609375,13
Flickr30K/4148059701.jpg,/content/Image_captioning_Local/Flickr30K/flickr30k_images/flickr30k_images/4148059701.jpg,person,0.460290789604187,39.86066436767578,135.08645629882812,74.93289947509766,216.66659545898438,13
Flickr30K/4148059701.jpg,/content/Image_captioning_Local/Flickr30K/flickr30k_images/flickr30k_images/4148059701.jpg,person,0.395174503326416,320.4476013183594,234.5233917236328,357.1589660644531,339.4172668457031,13
Flickr30K/4148059701.jpg,/content/Image_captioning_Local/Flickr30K/flickr30k_images/flickr30k_images/4148059701.jpg,person,0.37108588218688965,153.36366271972656,115.76887512207031,177.2042694091797,189.42103576660156,13
Flickr30K/4148059701.jpg,/content/Image_captioning_Local/Flickr30K/flickr30k_images/flickr30k_images/4148059701.jpg,person,0.3517330586910248,286.9326477050781,181.28428649902344,319.303955078125,228.86471557617188,13
Flickr30K/4148059701.jpg,/content/Image_captioning_Local/Flickr30K/flickr30k_images/flickr30k_images/4148059701.jpg,person,0.31887876987457275,343.71282958984375,240.73333740234375,374.3961486816406,334.2969055175781,13
Flickr30K/4148059701.jpg,/content/Image_captioning_Local/Flickr30K/flickr30k_images/flickr30k_images/4148059701.jpg,person,0.31711041927337646,94.88811492919922,179.62632751464844,127.76870727539062,252.35409545898438,13
Flickr30K/4148059701.jpg,/content/Image_captioning_Local/Flickr30K/flickr30k_images/flickr30k_images/4148059701.jpg,person,0.26259827613830566,95.8772201538086,137.44854736328125,129.46676635742188,193.51315307617188,13
Flickr30K/4148059701.jpg,/content/Image_captioning_Local/Flickr30K/flickr30k_images/flickr30k_images/4148059701.jpg,person,0.250895231962204,321.6020202636719,180.29742431640625,347.302001953125,223.229736328125,13
Flickr30K/4148126293.jpg,/content/Image_captioning_Local/Flickr30K/flickr30k_images/flickr30k_images/4148126293.jpg,car,0.9259918332099915,0.29556751251220703,80.05714416503906,239.22230529785156,191.23153686523438,23
Flickr30K/4148126293.jpg,/content/Image_captioning_Local/Flickr30K/flickr30k_images/flickr30k_images/4148126293.jpg,person,0.9072494506835938,225.95777893066406,39.45098114013672,295.80975341796875,276.4652099609375,23
Flickr30K/4148126293.jpg,/content/Image_captioning_Local/Flickr30K/flickr30k_images/flickr30k_images/4148126293.jpg,person,0.892778754234314,287.89678955078125,16.026020050048828,347.3760986328125,279.2913513183594,23
Flickr30K/4148126293.jpg,/content/Image_captioning_Local/Flickr30K/flickr30k_images/flickr30k_images/4148126293.jpg,person,0.8850902915000916,359.55859375,52.508724212646484,409.98663330078125,207.8441619873047,23
Flickr30K/4148126293.jpg,/content/Image_captioning_Local/Flickr30K/flickr30k_images/flickr30k_images/4148126293.jpg,person,0.884200394153595,37.97053909301758,83.7784194946289,136.73052978515625,243.2667236328125,23
Flickr30K/4148126293.jpg,/content/Image_captioning_Local/Flickr30K/flickr30k_images/flickr30k_images/4148126293.jpg,person,0.875430703163147,410.9831848144531,103.29397583007812,499.7586364746094,224.62501525878906,23
Flickr30K/4148126293.jpg,/content/Image_captioning_Local/Flickr30K/flickr30k_images/flickr30k_images/4148126293.jpg,person,0.842561662197113,463.470703125,38.58561706542969,499.91973876953125,138.35830688476562,23
Flickr30K/4148126293.jpg,/content/Image_captioning_Local/Flickr30K/flickr30k_images/flickr30k_images/4148126293.jpg,person,0.8200932145118713,396.1869201660156,101.05726623535156,442.46875,203.91543579101562,23
Flickr30K/4148126293.jpg,/content/Image_captioning_Local/Flickr30K/flickr30k_images/flickr30k_images/4148126293.jpg,backpack,0.7668173909187317,119.26512908935547,183.10446166992188,166.47161865234375,233.3199005126953,23
Flickr30K/4148126293.jpg,/content/Image_captioning_Local/Flickr30K/flickr30k_images/flickr30k_images/4148126293.jpg,person,0.7140599489212036,337.23370361328125,53.16133499145508,363.7710876464844,187.66259765625,23
Flickr30K/4148126293.jpg,/content/Image_captioning_Local/Flickr30K/flickr30k_images/flickr30k_images/4148126293.jpg,person,0.6519716382026672,328.5685119628906,44.447933197021484,347.69293212890625,71.5205307006836,23
Flickr30K/4148126293.jpg,/content/Image_captioning_Local/Flickr30K/flickr30k_images/flickr30k_images/4148126293.jpg,car,0.5700669884681702,398.9593505859375,80.54978942871094,472.732177734375,153.6569366455078,23
Flickr30K/4148126293.jpg,/content/Image_captioning_Local/Flickr30K/flickr30k_images/flickr30k_images/4148126293.jpg,suitcase,0.5493755340576172,188.67860412597656,296.11798095703125,342.32000732421875,331.917724609375,23
Flickr30K/4148126293.jpg,/content/Image_captioning_Local/Flickr30K/flickr30k_images/flickr30k_images/4148126293.jpg,car,0.48845210671424866,412.8669738769531,65.7906265258789,480.18780517578125,86.26644897460938,23
Flickr30K/4148126293.jpg,/content/Image_captioning_Local/Flickr30K/flickr30k_images/flickr30k_images/4148126293.jpg,handbag,0.47483521699905396,370.2901306152344,114.58045196533203,392.287109375,142.6221923828125,23
Flickr30K/4148126293.jpg,/content/Image_captioning_Local/Flickr30K/flickr30k_images/flickr30k_images/4148126293.jpg,car,0.47413918375968933,201.80039978027344,48.817359924316406,249.0375518798828,83.41580963134766,23
Flickr30K/4148126293.jpg,/content/Image_captioning_Local/Flickr30K/flickr30k_images/flickr30k_images/4148126293.jpg,person,0.4346764087677002,453.70989990234375,142.0240478515625,499.8544616699219,226.64842224121094,23
Flickr30K/4148126293.jpg,/content/Image_captioning_Local/Flickr30K/flickr30k_images/flickr30k_images/4148126293.jpg,person,0.41153040528297424,399.66082763671875,71.16279602050781,413.7905578613281,90.94562530517578,23
Flickr30K/4148126293.jpg,/content/Image_captioning_Local/Flickr30K/flickr30k_images/flickr30k_images/4148126293.jpg,suitcase,0.3906104564666748,66.04959869384766,137.29611206054688,121.33560180664062,172.511474609375,23
Flickr30K/4148126293.jpg,/content/Image_captioning_Local/Flickr30K/flickr30k_images/flickr30k_images/4148126293.jpg,car,0.3616981506347656,401.6658935546875,79.61244201660156,500.0,152.61566162109375,23
Flickr30K/4148126293.jpg,/content/Image_captioning_Local/Flickr30K/flickr30k_images/flickr30k_images/4148126293.jpg,handbag,0.35901182889938354,50.978614807128906,114.00772094726562,101.95808410644531,172.58668518066406,23
Flickr30K/4148126293.jpg,/content/Image_captioning_Local/Flickr30K/flickr30k_images/flickr30k_images/4148126293.jpg,person,0.33544203639030457,0.012063980102539062,61.46552658081055,12.563529968261719,83.67646026611328,23
Flickr30K/4148126293.jpg,/content/Image_captioning_Local/Flickr30K/flickr30k_images/flickr30k_images/4148126293.jpg,person,0.2576640844345093,451.5000915527344,104.09284973144531,499.7602844238281,226.5031280517578,23
Flickr30K/4148509333.jpg,/content/Image_captioning_Local/Flickr30K/flickr30k_images/flickr30k_images/4148509333.jpg,person,0.9271004796028137,153.68862915039062,25.516033172607422,445.9925231933594,329.8874816894531,2
Flickr30K/4148509333.jpg,/content/Image_captioning_Local/Flickr30K/flickr30k_images/flickr30k_images/4148509333.jpg,person,0.6260842084884644,47.29194641113281,121.94652557373047,130.85781860351562,329.6256103515625,2
Flickr30K/4148908583.jpg,/content/Image_captioning_Local/Flickr30K/flickr30k_images/flickr30k_images/4148908583.jpg,person,0.9081231951713562,414.3854064941406,103.52778625488281,499.80126953125,371.31842041015625,11
Flickr30K/4148908583.jpg,/content/Image_captioning_Local/Flickr30K/flickr30k_images/flickr30k_images/4148908583.jpg,person,0.8372039794921875,156.8497772216797,123.28983306884766,244.97509765625,367.0659484863281,11
Flickr30K/4148908583.jpg,/content/Image_captioning_Local/Flickr30K/flickr30k_images/flickr30k_images/4148908583.jpg,person,0.8195448517799377,0.10949373245239258,103.02176666259766,76.13229370117188,292.1834411621094,11
Flickr30K/4148908583.jpg,/content/Image_captioning_Local/Flickr30K/flickr30k_images/flickr30k_images/4148908583.jpg,person,0.8086608052253723,0.07042884826660156,265.5726318359375,73.3768310546875,373.411376953125,11
Flickr30K/4148908583.jpg,/content/Image_captioning_Local/Flickr30K/flickr30k_images/flickr30k_images/4148908583.jpg,person,0.7743881940841675,202.579833984375,127.19249725341797,379.3938293457031,373.1414794921875,11
Flickr30K/4148908583.jpg,/content/Image_captioning_Local/Flickr30K/flickr30k_images/flickr30k_images/4148908583.jpg,person,0.7685178518295288,65.15229034423828,124.82806396484375,142.56976318359375,300.14666748046875,11
Flickr30K/4148908583.jpg,/content/Image_captioning_Local/Flickr30K/flickr30k_images/flickr30k_images/4148908583.jpg,person,0.6180015802383423,368.9360046386719,155.22279357910156,427.0790710449219,372.3594665527344,11
Flickr30K/4148908583.jpg,/content/Image_captioning_Local/Flickr30K/flickr30k_images/flickr30k_images/4148908583.jpg,person,0.5207706689834595,117.97895812988281,133.0810089111328,163.65785217285156,339.8837890625,11
Flickr30K/4148908583.jpg,/content/Image_captioning_Local/Flickr30K/flickr30k_images/flickr30k_images/4148908583.jpg,person,0.4835584759712219,319.24237060546875,135.1768798828125,375.16326904296875,352.6753845214844,11
Flickr30K/4148908583.jpg,/content/Image_captioning_Local/Flickr30K/flickr30k_images/flickr30k_images/4148908583.jpg,cell phone,0.28496503829956055,61.65840530395508,201.72857666015625,78.87098693847656,211.18154907226562,11
Flickr30K/4148908583.jpg,/content/Image_captioning_Local/Flickr30K/flickr30k_images/flickr30k_images/4148908583.jpg,person,0.276637464761734,36.95344161987305,139.01968383789062,54.907955169677734,171.1478729248047,11
Flickr30K/4148921661.jpg,/content/Image_captioning_Local/Flickr30K/flickr30k_images/flickr30k_images/4148921661.jpg,person,0.8743770122528076,0.17919540405273438,238.53436279296875,398.7790222167969,498.1500549316406,4
Flickr30K/4148921661.jpg,/content/Image_captioning_Local/Flickr30K/flickr30k_images/flickr30k_images/4148921661.jpg,book,0.7692766785621643,163.9373321533203,208.7006072998047,222.7877197265625,280.485107421875,4
Flickr30K/4148921661.jpg,/content/Image_captioning_Local/Flickr30K/flickr30k_images/flickr30k_images/4148921661.jpg,bottle,0.3533244729042053,353.0422668457031,172.1475830078125,371.49261474609375,220.2637176513672,4
Flickr30K/4148921661.jpg,/content/Image_captioning_Local/Flickr30K/flickr30k_images/flickr30k_images/4148921661.jpg,book,0.27184006571769714,0.5805432796478271,432.0986633300781,131.158203125,499.7984924316406,4
Flickr30K/4149512692.jpg,/content/Image_captioning_Local/Flickr30K/flickr30k_images/flickr30k_images/4149512692.jpg,person,0.924067497253418,24.045372009277344,52.90653610229492,246.42977905273438,286.918701171875,4
Flickr30K/4149512692.jpg,/content/Image_captioning_Local/Flickr30K/flickr30k_images/flickr30k_images/4149512692.jpg,person,0.8361604809761047,146.6025390625,1.2857675552368164,204.33883666992188,118.4488296508789,4
Flickr30K/4149512692.jpg,/content/Image_captioning_Local/Flickr30K/flickr30k_images/flickr30k_images/4149512692.jpg,person,0.7745580673217773,92.6177978515625,16.873443603515625,127.63447570800781,96.97312927246094,4
Flickr30K/4149512692.jpg,/content/Image_captioning_Local/Flickr30K/flickr30k_images/flickr30k_images/4149512692.jpg,surfboard,0.5389718413352966,54.389869689941406,346.84332275390625,242.49258422851562,378.3090515136719,4
Flickr30K/4149727553.jpg,/content/Image_captioning_Local/Flickr30K/flickr30k_images/flickr30k_images/4149727553.jpg,chair,0.8878191709518433,20.540386199951172,34.6369743347168,75.28144836425781,96.07315063476562,8
Flickr30K/4149727553.jpg,/content/Image_captioning_Local/Flickr30K/flickr30k_images/flickr30k_images/4149727553.jpg,chair,0.6873050332069397,373.8633728027344,12.92104721069336,409.0404052734375,51.118995666503906,8
Flickr30K/4149727553.jpg,/content/Image_captioning_Local/Flickr30K/flickr30k_images/flickr30k_images/4149727553.jpg,chair,0.35068821907043457,330.83648681640625,16.967559814453125,344.97174072265625,52.57175064086914,8
Flickr30K/4149727553.jpg,/content/Image_captioning_Local/Flickr30K/flickr30k_images/flickr30k_images/4149727553.jpg,bird,0.3224007487297058,188.27386474609375,64.18695068359375,286.15411376953125,129.94737243652344,8
Flickr30K/4149727553.jpg,/content/Image_captioning_Local/Flickr30K/flickr30k_images/flickr30k_images/4149727553.jpg,chair,0.31896889209747314,372.8358154296875,22.830379486083984,393.5318908691406,50.96512985229492,8
Flickr30K/4149727553.jpg,/content/Image_captioning_Local/Flickr30K/flickr30k_images/flickr30k_images/4149727553.jpg,chair,0.3042649030685425,331.28863525390625,16.173982620239258,363.6904602050781,52.451515197753906,8
Flickr30K/4149727553.jpg,/content/Image_captioning_Local/Flickr30K/flickr30k_images/flickr30k_images/4149727553.jpg,chair,0.30069825053215027,386.6444091796875,12.927961349487305,408.88580322265625,50.11830139160156,8
Flickr30K/4149727553.jpg,/content/Image_captioning_Local/Flickr30K/flickr30k_images/flickr30k_images/4149727553.jpg,dining table,0.2859184145927429,345.08819580078125,17.373634338378906,393.41229248046875,51.004146575927734,8
Flickr30K/414985630.jpg,/content/Image_captioning_Local/Flickr30K/flickr30k_images/flickr30k_images/414985630.jpg,person,0.9343101978302002,232.16714477539062,22.24583625793457,347.4744873046875,295.2690734863281,6
Flickr30K/414985630.jpg,/content/Image_captioning_Local/Flickr30K/flickr30k_images/flickr30k_images/414985630.jpg,sports ball,0.544470489025116,51.98601531982422,298.6974182128906,61.63787841796875,307.9410400390625,6
Flickr30K/414985630.jpg,/content/Image_captioning_Local/Flickr30K/flickr30k_images/flickr30k_images/414985630.jpg,person,0.46096915006637573,409.54522705078125,147.5023193359375,418.1607360839844,163.71670532226562,6
Flickr30K/414985630.jpg,/content/Image_captioning_Local/Flickr30K/flickr30k_images/flickr30k_images/414985630.jpg,person,0.448191374540329,420.4062805175781,148.48318481445312,430.35235595703125,164.6648406982422,6
Flickr30K/414985630.jpg,/content/Image_captioning_Local/Flickr30K/flickr30k_images/flickr30k_images/414985630.jpg,person,0.33743953704833984,470.7483215332031,143.040771484375,479.116455078125,160.4102325439453,6
Flickr30K/414985630.jpg,/content/Image_captioning_Local/Flickr30K/flickr30k_images/flickr30k_images/414985630.jpg,person,0.28122571110725403,39.07965850830078,146.043212890625,52.44713592529297,166.37950134277344,6
Flickr30K/4150353377.jpg,/content/Image_captioning_Local/Flickr30K/flickr30k_images/flickr30k_images/4150353377.jpg,person,0.8970937728881836,448.2469482421875,127.41446685791016,499.85198974609375,330.1376953125,23
Flickr30K/4150353377.jpg,/content/Image_captioning_Local/Flickr30K/flickr30k_images/flickr30k_images/4150353377.jpg,person,0.8724295496940613,400.642333984375,102.6214828491211,455.489501953125,286.23779296875,23
Flickr30K/4150353377.jpg,/content/Image_captioning_Local/Flickr30K/flickr30k_images/flickr30k_images/4150353377.jpg,person,0.8342761397361755,0.408935546875,49.3093376159668,142.52362060546875,327.49749755859375,23
Flickr30K/4150353377.jpg,/content/Image_captioning_Local/Flickr30K/flickr30k_images/flickr30k_images/4150353377.jpg,person,0.8034361600875854,127.31855010986328,169.95263671875,176.40728759765625,304.3111877441406,23
Flickr30K/4150353377.jpg,/content/Image_captioning_Local/Flickr30K/flickr30k_images/flickr30k_images/4150353377.jpg,umbrella,0.7973525524139404,394.1146240234375,87.10558319091797,499.627197265625,118.415283203125,23
Flickr30K/4150353377.jpg,/content/Image_captioning_Local/Flickr30K/flickr30k_images/flickr30k_images/4150353377.jpg,person,0.6259540319442749,339.99591064453125,98.54855346679688,380.2750549316406,133.94131469726562,23
Flickr30K/4150353377.jpg,/content/Image_captioning_Local/Flickr30K/flickr30k_images/flickr30k_images/4150353377.jpg,person,0.6129067540168762,55.1020622253418,83.24842834472656,116.41802978515625,184.32369995117188,23
Flickr30K/4150353377.jpg,/content/Image_captioning_Local/Flickr30K/flickr30k_images/flickr30k_images/4150353377.jpg,person,0.6050777435302734,80.9078369140625,106.87954711914062,140.76181030273438,178.33973693847656,23
Flickr30K/4150353377.jpg,/content/Image_captioning_Local/Flickr30K/flickr30k_images/flickr30k_images/4150353377.jpg,person,0.5889983177185059,148.69512939453125,114.37735748291016,173.03224182128906,146.9271697998047,23
Flickr30K/4150353377.jpg,/content/Image_captioning_Local/Flickr30K/flickr30k_images/flickr30k_images/4150353377.jpg,person,0.5443680882453918,376.4835205078125,112.01374816894531,410.581787109375,246.82891845703125,23
Flickr30K/4150353377.jpg,/content/Image_captioning_Local/Flickr30K/flickr30k_images/flickr30k_images/4150353377.jpg,umbrella,0.5301409959793091,210.49337768554688,98.52661895751953,269.4928283691406,120.88923645019531,23
Flickr30K/4150353377.jpg,/content/Image_captioning_Local/Flickr30K/flickr30k_images/flickr30k_images/4150353377.jpg,person,0.48111337423324585,218.94793701171875,119.20731353759766,253.41148376464844,147.24232482910156,23
Flickr30K/4150353377.jpg,/content/Image_captioning_Local/Flickr30K/flickr30k_images/flickr30k_images/4150353377.jpg,person,0.47179120779037476,174.27236938476562,123.47297668457031,192.5985565185547,146.39100646972656,23
Flickr30K/4150353377.jpg,/content/Image_captioning_Local/Flickr30K/flickr30k_images/flickr30k_images/4150353377.jpg,person,0.45014598965644836,188.09703063964844,121.43754577636719,210.05697631835938,146.15660095214844,23
Flickr30K/4150353377.jpg,/content/Image_captioning_Local/Flickr30K/flickr30k_images/flickr30k_images/4150353377.jpg,umbrella,0.42584559321403503,307.6449279785156,86.24305725097656,381.8273620605469,113.68217468261719,23
Flickr30K/4150353377.jpg,/content/Image_captioning_Local/Flickr30K/flickr30k_images/flickr30k_images/4150353377.jpg,person,0.40741583704948425,253.23460388183594,104.5149917602539,285.48992919921875,146.11264038085938,23
Flickr30K/4150353377.jpg,/content/Image_captioning_Local/Flickr30K/flickr30k_images/flickr30k_images/4150353377.jpg,person,0.3633653521537781,454.79583740234375,110.43002319335938,499.7928466796875,150.32688903808594,23
Flickr30K/4150353377.jpg,/content/Image_captioning_Local/Flickr30K/flickr30k_images/flickr30k_images/4150353377.jpg,backpack,0.3477758765220642,0.04394054412841797,118.63770294189453,143.28590393066406,275.95709228515625,23
Flickr30K/4150353377.jpg,/content/Image_captioning_Local/Flickr30K/flickr30k_images/flickr30k_images/4150353377.jpg,umbrella,0.3062901198863983,168.8560791015625,106.16883850097656,196.4376220703125,119.33186340332031,23
Flickr30K/4150353377.jpg,/content/Image_captioning_Local/Flickr30K/flickr30k_images/flickr30k_images/4150353377.jpg,person,0.29937535524368286,253.33456420898438,104.20335388183594,300.07366943359375,146.4333038330078,23
Flickr30K/4150353377.jpg,/content/Image_captioning_Local/Flickr30K/flickr30k_images/flickr30k_images/4150353377.jpg,umbrella,0.2844773828983307,197.07009887695312,99.47492980957031,226.8331756591797,109.59608459472656,23
Flickr30K/4150353377.jpg,/content/Image_captioning_Local/Flickr30K/flickr30k_images/flickr30k_images/4150353377.jpg,person,0.2625003159046173,300.3736877441406,107.98575592041016,330.4895324707031,140.21746826171875,23
Flickr30K/4150353377.jpg,/content/Image_captioning_Local/Flickr30K/flickr30k_images/flickr30k_images/4150353377.jpg,umbrella,0.2548006772994995,308.0301208496094,86.9301528930664,381.9552917480469,128.3480224609375,23
Flickr30K/415118186.jpg,/content/Image_captioning_Local/Flickr30K/flickr30k_images/flickr30k_images/415118186.jpg,person,0.8863144516944885,202.95281982421875,162.1113739013672,254.59756469726562,326.21002197265625,1
Flickr30K/4151285133.jpg,/content/Image_captioning_Local/Flickr30K/flickr30k_images/flickr30k_images/4151285133.jpg,person,0.9201919436454773,199.0128631591797,236.92449951171875,262.8641052246094,333.8978271484375,11
Flickr30K/4151285133.jpg,/content/Image_captioning_Local/Flickr30K/flickr30k_images/flickr30k_images/4151285133.jpg,person,0.868392825126648,78.22659301757812,59.576438903808594,142.90296936035156,215.66165161132812,11
Flickr30K/4151285133.jpg,/content/Image_captioning_Local/Flickr30K/flickr30k_images/flickr30k_images/4151285133.jpg,person,0.8677127957344055,397.8471374511719,55.2973518371582,446.46417236328125,157.53314208984375,11
Flickr30K/4151285133.jpg,/content/Image_captioning_Local/Flickr30K/flickr30k_images/flickr30k_images/4151285133.jpg,person,0.8561237454414368,320.2341613769531,64.12205505371094,360.70233154296875,159.84439086914062,11
Flickr30K/4151285133.jpg,/content/Image_captioning_Local/Flickr30K/flickr30k_images/flickr30k_images/4151285133.jpg,person,0.8549129962921143,182.33099365234375,66.40493774414062,231.6129150390625,184.82310485839844,11
Flickr30K/4151285133.jpg,/content/Image_captioning_Local/Flickr30K/flickr30k_images/flickr30k_images/4151285133.jpg,person,0.8352267146110535,378.7253723144531,256.058349609375,412.32415771484375,309.0473327636719,11
Flickr30K/4151285133.jpg,/content/Image_captioning_Local/Flickr30K/flickr30k_images/flickr30k_images/4151285133.jpg,person,0.5792198181152344,107.92926788330078,259.1258544921875,138.8980712890625,319.2547302246094,11
Flickr30K/4151285133.jpg,/content/Image_captioning_Local/Flickr30K/flickr30k_images/flickr30k_images/4151285133.jpg,person,0.5671005249023438,98.9559326171875,0.3601193428039551,136.96304321289062,74.96458435058594,11
Flickr30K/4151285133.jpg,/content/Image_captioning_Local/Flickr30K/flickr30k_images/flickr30k_images/4151285133.jpg,person,0.548266589641571,20.144079208374023,0.2720355987548828,53.47797775268555,73.93214416503906,11
Flickr30K/4151285133.jpg,/content/Image_captioning_Local/Flickr30K/flickr30k_images/flickr30k_images/4151285133.jpg,handbag,0.4494853615760803,80.16864013671875,83.82451629638672,115.6091079711914,155.24313354492188,11
Flickr30K/4151285133.jpg,/content/Image_captioning_Local/Flickr30K/flickr30k_images/flickr30k_images/4151285133.jpg,person,0.25131121277809143,107.99901580810547,259.375244140625,151.5645294189453,322.62420654296875,11
Flickr30K/4151418242.jpg,/content/Image_captioning_Local/Flickr30K/flickr30k_images/flickr30k_images/4151418242.jpg,person,0.913003146648407,208.65283203125,139.0413818359375,286.5472412109375,330.696044921875,4
Flickr30K/4151418242.jpg,/content/Image_captioning_Local/Flickr30K/flickr30k_images/flickr30k_images/4151418242.jpg,handbag,0.7690634727478027,238.8773193359375,241.024658203125,284.845947265625,301.7666015625,4
Flickr30K/4151418242.jpg,/content/Image_captioning_Local/Flickr30K/flickr30k_images/flickr30k_images/4151418242.jpg,book,0.4020937979221344,275.48834228515625,211.1361083984375,304.25,227.0374755859375,4
Flickr30K/4151418242.jpg,/content/Image_captioning_Local/Flickr30K/flickr30k_images/flickr30k_images/4151418242.jpg,train,0.27220863103866577,260.4229431152344,6.059157848358154,499.4454345703125,315.0973205566406,4
Flickr30K/4151424348.jpg,/content/Image_captioning_Local/Flickr30K/flickr30k_images/flickr30k_images/4151424348.jpg,person,0.9174768924713135,67.79842376708984,10.68263053894043,332.7509460449219,497.04705810546875,9
Flickr30K/4151424348.jpg,/content/Image_captioning_Local/Flickr30K/flickr30k_images/flickr30k_images/4151424348.jpg,person,0.8315379619598389,0.029087066650390625,0.20532608032226562,53.665138244628906,266.4801940917969,9
Flickr30K/4151424348.jpg,/content/Image_captioning_Local/Flickr30K/flickr30k_images/flickr30k_images/4151424348.jpg,person,0.7821879386901855,361.15704345703125,0.45523643493652344,410.5528869628906,136.42510986328125,9
Flickr30K/4151424348.jpg,/content/Image_captioning_Local/Flickr30K/flickr30k_images/flickr30k_images/4151424348.jpg,person,0.7346034049987793,106.06026458740234,30.896568298339844,177.00442504882812,128.19107055664062,9
Flickr30K/4151424348.jpg,/content/Image_captioning_Local/Flickr30K/flickr30k_images/flickr30k_images/4151424348.jpg,bench,0.7333597540855408,0.33354759216308594,117.97871398925781,397.2917175292969,423.6937561035156,9
Flickr30K/4151424348.jpg,/content/Image_captioning_Local/Flickr30K/flickr30k_images/flickr30k_images/4151424348.jpg,suitcase,0.6243935227394104,0.0,392.423095703125,157.38406372070312,499.6982421875,9
Flickr30K/4151424348.jpg,/content/Image_captioning_Local/Flickr30K/flickr30k_images/flickr30k_images/4151424348.jpg,backpack,0.4001837968826294,0.0,0.25316476821899414,52.904296875,64.41156005859375,9
Flickr30K/4151424348.jpg,/content/Image_captioning_Local/Flickr30K/flickr30k_images/flickr30k_images/4151424348.jpg,person,0.3443484902381897,156.44168090820312,0.18121600151062012,249.17678833007812,53.088645935058594,9
Flickr30K/4151424348.jpg,/content/Image_captioning_Local/Flickr30K/flickr30k_images/flickr30k_images/4151424348.jpg,person,0.34332698583602905,156.4014892578125,0.18362998962402344,249.57566833496094,115.2441635131836,9
Flickr30K/4151523027.jpg,/content/Image_captioning_Local/Flickr30K/flickr30k_images/flickr30k_images/4151523027.jpg,person,0.9160112142562866,372.2084045410156,128.3549346923828,431.7512512207031,288.2348937988281,9
Flickr30K/4151523027.jpg,/content/Image_captioning_Local/Flickr30K/flickr30k_images/flickr30k_images/4151523027.jpg,person,0.9110931754112244,184.63661193847656,94.09537506103516,309.5032043457031,367.95050048828125,9
Flickr30K/4151523027.jpg,/content/Image_captioning_Local/Flickr30K/flickr30k_images/flickr30k_images/4151523027.jpg,person,0.8886576294898987,335.9898681640625,137.1123809814453,381.685546875,282.8962707519531,9
Flickr30K/4151523027.jpg,/content/Image_captioning_Local/Flickr30K/flickr30k_images/flickr30k_images/4151523027.jpg,person,0.8809686303138733,60.73746109008789,16.53102684020996,209.52047729492188,368.17974853515625,9
Flickr30K/4151523027.jpg,/content/Image_captioning_Local/Flickr30K/flickr30k_images/flickr30k_images/4151523027.jpg,handbag,0.6744323372840881,226.9901580810547,222.751708984375,284.0802001953125,327.47998046875,9
Flickr30K/4151523027.jpg,/content/Image_captioning_Local/Flickr30K/flickr30k_images/flickr30k_images/4151523027.jpg,person,0.4898560643196106,167.4042510986328,10.821885108947754,258.01153564453125,207.26806640625,9
Flickr30K/4151523027.jpg,/content/Image_captioning_Local/Flickr30K/flickr30k_images/flickr30k_images/4151523027.jpg,person,0.4688847064971924,164.0085906982422,11.189376831054688,258.3038024902344,364.1351623535156,9
Flickr30K/4151523027.jpg,/content/Image_captioning_Local/Flickr30K/flickr30k_images/flickr30k_images/4151523027.jpg,handbag,0.4325698912143707,27.855634689331055,66.70987701416016,107.42009735107422,175.0719757080078,9
Flickr30K/4151523027.jpg,/content/Image_captioning_Local/Flickr30K/flickr30k_images/flickr30k_images/4151523027.jpg,handbag,0.3375738561153412,291.44720458984375,205.21397399902344,333.103759765625,268.591552734375,9
Flickr30K/4151663073.jpg,/content/Image_captioning_Local/Flickr30K/flickr30k_images/flickr30k_images/4151663073.jpg,person,0.9241307973861694,0.4895210266113281,13.61846923828125,479.91229248046875,317.6392517089844,1
Flickr30K/4151679198.jpg,/content/Image_captioning_Local/Flickr30K/flickr30k_images/flickr30k_images/4151679198.jpg,person,0.919426441192627,210.40554809570312,33.87187576293945,319.6197509765625,284.3080139160156,14
Flickr30K/4151679198.jpg,/content/Image_captioning_Local/Flickr30K/flickr30k_images/flickr30k_images/4151679198.jpg,person,0.9031853675842285,88.82085418701172,45.979488372802734,190.36697387695312,292.4637756347656,14
Flickr30K/4151679198.jpg,/content/Image_captioning_Local/Flickr30K/flickr30k_images/flickr30k_images/4151679198.jpg,person,0.8709587454795837,308.2298889160156,113.85469055175781,423.9071960449219,307.1699523925781,14
Flickr30K/4151679198.jpg,/content/Image_captioning_Local/Flickr30K/flickr30k_images/flickr30k_images/4151679198.jpg,person,0.8613242506980896,50.0529899597168,54.20489501953125,112.71797180175781,309.8650817871094,14
Flickr30K/4151679198.jpg,/content/Image_captioning_Local/Flickr30K/flickr30k_images/flickr30k_images/4151679198.jpg,person,0.8146408796310425,21.889049530029297,48.549415588378906,68.79268646240234,299.404296875,14
Flickr30K/4151679198.jpg,/content/Image_captioning_Local/Flickr30K/flickr30k_images/flickr30k_images/4151679198.jpg,backpack,0.7979540824890137,390.5142517089844,184.61570739746094,459.6402282714844,260.8452453613281,14
Flickr30K/4151679198.jpg,/content/Image_captioning_Local/Flickr30K/flickr30k_images/flickr30k_images/4151679198.jpg,person,0.5267590880393982,260.1942138671875,52.75244903564453,289.11834716796875,108.8570556640625,14
Flickr30K/4151679198.jpg,/content/Image_captioning_Local/Flickr30K/flickr30k_images/flickr30k_images/4151679198.jpg,skateboard,0.48359817266464233,30.23061752319336,289.3021240234375,112.47383117675781,319.7953796386719,14
Flickr30K/4151679198.jpg,/content/Image_captioning_Local/Flickr30K/flickr30k_images/flickr30k_images/4151679198.jpg,person,0.4714420437812805,343.4792175292969,118.61133575439453,379.05517578125,188.4513397216797,14
Flickr30K/4151679198.jpg,/content/Image_captioning_Local/Flickr30K/flickr30k_images/flickr30k_images/4151679198.jpg,bus,0.3798462450504303,146.5821533203125,51.532100677490234,225.4142303466797,89.81471252441406,14
Flickr30K/4151679198.jpg,/content/Image_captioning_Local/Flickr30K/flickr30k_images/flickr30k_images/4151679198.jpg,bus,0.3648168742656708,146.98822021484375,48.03751754760742,297.9287109375,90.77068328857422,14
Flickr30K/4151679198.jpg,/content/Image_captioning_Local/Flickr30K/flickr30k_images/flickr30k_images/4151679198.jpg,bottle,0.34598562121391296,184.48777770996094,260.7886657714844,198.68515014648438,297.72137451171875,14
Flickr30K/4151679198.jpg,/content/Image_captioning_Local/Flickr30K/flickr30k_images/flickr30k_images/4151679198.jpg,skateboard,0.3326566815376282,230.01602172851562,254.7454833984375,319.5497131347656,286.5126647949219,14
Flickr30K/4151679198.jpg,/content/Image_captioning_Local/Flickr30K/flickr30k_images/flickr30k_images/4151679198.jpg,backpack,0.312309592962265,467.8764343261719,219.15562438964844,499.7816162109375,247.64244079589844,14
Flickr30K/4152320485.jpg,/content/Image_captioning_Local/Flickr30K/flickr30k_images/flickr30k_images/4152320485.jpg,person,0.9230634570121765,302.5560302734375,78.62672424316406,393.9177551269531,361.68316650390625,7
Flickr30K/4152320485.jpg,/content/Image_captioning_Local/Flickr30K/flickr30k_images/flickr30k_images/4152320485.jpg,person,0.910939633846283,17.27107810974121,102.77481079101562,113.75497436523438,254.80618286132812,7
Flickr30K/4152320485.jpg,/content/Image_captioning_Local/Flickr30K/flickr30k_images/flickr30k_images/4152320485.jpg,person,0.8530963063240051,128.4545440673828,142.6410369873047,233.9743194580078,324.0313720703125,7
Flickr30K/4152320485.jpg,/content/Image_captioning_Local/Flickr30K/flickr30k_images/flickr30k_images/4152320485.jpg,person,0.7238723635673523,174.37625122070312,84.88104248046875,202.14076232910156,159.63973999023438,7
Flickr30K/4152320485.jpg,/content/Image_captioning_Local/Flickr30K/flickr30k_images/flickr30k_images/4152320485.jpg,tv,0.710789680480957,165.74050903320312,244.19573974609375,260.0806579589844,334.2930908203125,7
Flickr30K/4152320485.jpg,/content/Image_captioning_Local/Flickr30K/flickr30k_images/flickr30k_images/4152320485.jpg,person,0.6179937124252319,187.4625244140625,90.84248352050781,241.28103637695312,157.1068115234375,7
Flickr30K/4152320485.jpg,/content/Image_captioning_Local/Flickr30K/flickr30k_images/flickr30k_images/4152320485.jpg,person,0.39457494020462036,101.82194519042969,144.32444763183594,145.99057006835938,209.50990295410156,7
Flickr30K/4152801351.jpg,/content/Image_captioning_Local/Flickr30K/flickr30k_images/flickr30k_images/4152801351.jpg,person,0.8577498197555542,35.88710021972656,267.2109069824219,90.95234680175781,374.2570495605469,17
Flickr30K/4152801351.jpg,/content/Image_captioning_Local/Flickr30K/flickr30k_images/flickr30k_images/4152801351.jpg,person,0.8569574952125549,368.4761962890625,260.0213928222656,414.1209716796875,374.3949890136719,17
Flickr30K/4152801351.jpg,/content/Image_captioning_Local/Flickr30K/flickr30k_images/flickr30k_images/4152801351.jpg,person,0.8347815275192261,446.50946044921875,263.7808837890625,499.8110656738281,374.4657897949219,17
Flickr30K/4152801351.jpg,/content/Image_captioning_Local/Flickr30K/flickr30k_images/flickr30k_images/4152801351.jpg,person,0.8210067749023438,277.6318664550781,263.2341003417969,337.1642150878906,374.12713623046875,17
Flickr30K/4152801351.jpg,/content/Image_captioning_Local/Flickr30K/flickr30k_images/flickr30k_images/4152801351.jpg,person,0.8207782506942749,114.08333587646484,275.1275939941406,162.01817321777344,374.7729187011719,17
Flickr30K/4152801351.jpg,/content/Image_captioning_Local/Flickr30K/flickr30k_images/flickr30k_images/4152801351.jpg,person,0.8050589561462402,151.31959533691406,278.2635192871094,209.36422729492188,374.2662353515625,17
Flickr30K/4152801351.jpg,/content/Image_captioning_Local/Flickr30K/flickr30k_images/flickr30k_images/4152801351.jpg,handbag,0.7772107124328613,283.60443115234375,285.9473571777344,313.950927734375,348.50567626953125,17
Flickr30K/4152801351.jpg,/content/Image_captioning_Local/Flickr30K/flickr30k_images/flickr30k_images/4152801351.jpg,person,0.7489582896232605,219.04454040527344,268.1643371582031,258.256103515625,367.77001953125,17
Flickr30K/4152801351.jpg,/content/Image_captioning_Local/Flickr30K/flickr30k_images/flickr30k_images/4152801351.jpg,person,0.689232349395752,320.97607421875,266.7191162109375,359.3354187011719,352.2344665527344,17
Flickr30K/4152801351.jpg,/content/Image_captioning_Local/Flickr30K/flickr30k_images/flickr30k_images/4152801351.jpg,person,0.6351996660232544,11.885088920593262,268.3681640625,49.71327209472656,367.5345764160156,17
Flickr30K/4152801351.jpg,/content/Image_captioning_Local/Flickr30K/flickr30k_images/flickr30k_images/4152801351.jpg,person,0.6123298406600952,187.7528533935547,274.42425537109375,236.39874267578125,374.4701843261719,17
Flickr30K/4152801351.jpg,/content/Image_captioning_Local/Flickr30K/flickr30k_images/flickr30k_images/4152801351.jpg,person,0.5439029932022095,256.4648742675781,260.6269226074219,285.12493896484375,339.73321533203125,17
Flickr30K/4152801351.jpg,/content/Image_captioning_Local/Flickr30K/flickr30k_images/flickr30k_images/4152801351.jpg,person,0.5340915322303772,79.36746215820312,275.5017395019531,106.53934478759766,374.24005126953125,17
Flickr30K/4152801351.jpg,/content/Image_captioning_Local/Flickr30K/flickr30k_images/flickr30k_images/4152801351.jpg,handbag,0.3780401349067688,273.18316650390625,352.9477233886719,286.4842529296875,374.81317138671875,17
Flickr30K/4152801351.jpg,/content/Image_captioning_Local/Flickr30K/flickr30k_images/flickr30k_images/4152801351.jpg,person,0.3652651607990265,0.0,270.0264892578125,16.467233657836914,369.8810119628906,17
Flickr30K/4152801351.jpg,/content/Image_captioning_Local/Flickr30K/flickr30k_images/flickr30k_images/4152801351.jpg,person,0.3179946839809418,103.47466278076172,256.2902526855469,138.539306640625,374.7818908691406,17
Flickr30K/4152801351.jpg,/content/Image_captioning_Local/Flickr30K/flickr30k_images/flickr30k_images/4152801351.jpg,handbag,0.29766568541526794,166.97280883789062,305.78369140625,198.89071655273438,357.84234619140625,17
Flickr30K/4152801453.jpg,/content/Image_captioning_Local/Flickr30K/flickr30k_images/flickr30k_images/4152801453.jpg,person,0.8718401789665222,113.99845886230469,280.1520690917969,151.476806640625,374.76409912109375,15
Flickr30K/4152801453.jpg,/content/Image_captioning_Local/Flickr30K/flickr30k_images/flickr30k_images/4152801453.jpg,person,0.8517011404037476,394.06549072265625,304.97906494140625,499.7328796386719,373.95257568359375,15
Flickr30K/4152801453.jpg,/content/Image_captioning_Local/Flickr30K/flickr30k_images/flickr30k_images/4152801453.jpg,person,0.8174753189086914,165.9148406982422,272.6066589355469,198.927001953125,367.52362060546875,15
Flickr30K/4152801453.jpg,/content/Image_captioning_Local/Flickr30K/flickr30k_images/flickr30k_images/4152801453.jpg,person,0.8016768097877502,194.186279296875,279.418701171875,229.54885864257812,375.0,15
Flickr30K/4152801453.jpg,/content/Image_captioning_Local/Flickr30K/flickr30k_images/flickr30k_images/4152801453.jpg,person,0.7191950678825378,77.71222686767578,267.1296691894531,99.9532241821289,310.68328857421875,15
Flickr30K/4152801453.jpg,/content/Image_captioning_Local/Flickr30K/flickr30k_images/flickr30k_images/4152801453.jpg,person,0.7166371941566467,145.4455108642578,280.4893493652344,170.28201293945312,368.2871398925781,15
Flickr30K/4152801453.jpg,/content/Image_captioning_Local/Flickr30K/flickr30k_images/flickr30k_images/4152801453.jpg,person,0.5869570970535278,56.69367980957031,267.39697265625,68.60304260253906,303.6512756347656,15
Flickr30K/4152801453.jpg,/content/Image_captioning_Local/Flickr30K/flickr30k_images/flickr30k_images/4152801453.jpg,person,0.5809323787689209,360.7409973144531,277.0576477050781,383.5726318359375,338.1706237792969,15
Flickr30K/4152801453.jpg,/content/Image_captioning_Local/Flickr30K/flickr30k_images/flickr30k_images/4152801453.jpg,handbag,0.5595526099205017,198.49208068847656,314.08087158203125,219.66549682617188,339.7008056640625,15
Flickr30K/4152801453.jpg,/content/Image_captioning_Local/Flickr30K/flickr30k_images/flickr30k_images/4152801453.jpg,person,0.5072392821311951,348.4795837402344,276.65777587890625,367.78857421875,335.3216247558594,15
Flickr30K/4152801453.jpg,/content/Image_captioning_Local/Flickr30K/flickr30k_images/flickr30k_images/4152801453.jpg,person,0.47569093108177185,10.309822082519531,263.9782409667969,23.567974090576172,301.3753356933594,15
Flickr30K/4152801453.jpg,/content/Image_captioning_Local/Flickr30K/flickr30k_images/flickr30k_images/4152801453.jpg,person,0.4605727195739746,31.235515594482422,281.2303771972656,45.51182556152344,302.68328857421875,15
Flickr30K/4152801453.jpg,/content/Image_captioning_Local/Flickr30K/flickr30k_images/flickr30k_images/4152801453.jpg,person,0.3618251085281372,391.7699279785156,280.9256896972656,412.3331604003906,317.99920654296875,15
Flickr30K/4152801453.jpg,/content/Image_captioning_Local/Flickr30K/flickr30k_images/flickr30k_images/4152801453.jpg,person,0.3073440194129944,485.9395446777344,277.0271911621094,496.99053955078125,311.42803955078125,15
Flickr30K/4152801453.jpg,/content/Image_captioning_Local/Flickr30K/flickr30k_images/flickr30k_images/4152801453.jpg,person,0.2728487253189087,471.2080993652344,279.6050109863281,481.5997009277344,311.7342834472656,15
Flickr30K/4152802063.jpg,/content/Image_captioning_Local/Flickr30K/flickr30k_images/flickr30k_images/4152802063.jpg,person,0.8004646897315979,65.36068725585938,285.58917236328125,118.25146484375,374.546142578125,15
Flickr30K/4152802063.jpg,/content/Image_captioning_Local/Flickr30K/flickr30k_images/flickr30k_images/4152802063.jpg,person,0.7844401597976685,378.6427307128906,288.70782470703125,456.95733642578125,374.6358947753906,15
Flickr30K/4152802063.jpg,/content/Image_captioning_Local/Flickr30K/flickr30k_images/flickr30k_images/4152802063.jpg,person,0.7836396098136902,353.276123046875,267.4262390136719,403.7470397949219,374.5457763671875,15
Flickr30K/4152802063.jpg,/content/Image_captioning_Local/Flickr30K/flickr30k_images/flickr30k_images/4152802063.jpg,person,0.7715020179748535,124.49467468261719,261.4986572265625,178.1620330810547,373.870361328125,15
Flickr30K/4152802063.jpg,/content/Image_captioning_Local/Flickr30K/flickr30k_images/flickr30k_images/4152802063.jpg,person,0.7464625835418701,451.94635009765625,314.4815368652344,499.75958251953125,374.6391296386719,15
Flickr30K/4152802063.jpg,/content/Image_captioning_Local/Flickr30K/flickr30k_images/flickr30k_images/4152802063.jpg,person,0.7364979386329651,236.15570068359375,312.94757080078125,315.64892578125,375.0,15
Flickr30K/4152802063.jpg,/content/Image_captioning_Local/Flickr30K/flickr30k_images/flickr30k_images/4152802063.jpg,person,0.6759846210479736,299.76007080078125,296.5478820800781,337.7467041015625,374.5981140136719,15
Flickr30K/4152802063.jpg,/content/Image_captioning_Local/Flickr30K/flickr30k_images/flickr30k_images/4152802063.jpg,person,0.6380520462989807,228.61859130859375,295.8403625488281,255.543212890625,374.4698486328125,15
Flickr30K/4152802063.jpg,/content/Image_captioning_Local/Flickr30K/flickr30k_images/flickr30k_images/4152802063.jpg,person,0.5416472554206848,327.07611083984375,296.4671630859375,350.06378173828125,374.06201171875,15
Flickr30K/4152802063.jpg,/content/Image_captioning_Local/Flickr30K/flickr30k_images/flickr30k_images/4152802063.jpg,backpack,0.37326768040657043,130.24874877929688,294.9915466308594,165.44703674316406,374.6833801269531,15
Flickr30K/4152802063.jpg,/content/Image_captioning_Local/Flickr30K/flickr30k_images/flickr30k_images/4152802063.jpg,backpack,0.33515870571136475,130.66485595703125,321.14263916015625,164.51971435546875,375.0,15
Flickr30K/4152802063.jpg,/content/Image_captioning_Local/Flickr30K/flickr30k_images/flickr30k_images/4152802063.jpg,person,0.31556910276412964,0.006373226642608643,291.94940185546875,11.444672584533691,322.5770568847656,15
Flickr30K/4152802063.jpg,/content/Image_captioning_Local/Flickr30K/flickr30k_images/flickr30k_images/4152802063.jpg,person,0.2818022668361664,13.465109825134277,291.7925720214844,25.313858032226562,322.5344543457031,15
Flickr30K/4152802063.jpg,/content/Image_captioning_Local/Flickr30K/flickr30k_images/flickr30k_images/4152802063.jpg,person,0.25729095935821533,37.082672119140625,288.7611389160156,54.7072639465332,336.20672607421875,15
Flickr30K/4152802063.jpg,/content/Image_captioning_Local/Flickr30K/flickr30k_images/flickr30k_images/4152802063.jpg,person,0.25559017062187195,201.35162353515625,286.32000732421875,216.68136596679688,343.60833740234375,15
Flickr30K/4152834507.jpg,/content/Image_captioning_Local/Flickr30K/flickr30k_images/flickr30k_images/4152834507.jpg,person,0.9289253354072571,419.3323059082031,79.38923645019531,496.54962158203125,278.1366271972656,8
Flickr30K/4152834507.jpg,/content/Image_captioning_Local/Flickr30K/flickr30k_images/flickr30k_images/4152834507.jpg,person,0.91451495885849,271.9555969238281,171.69761657714844,350.13323974609375,310.6114501953125,8
Flickr30K/4152834507.jpg,/content/Image_captioning_Local/Flickr30K/flickr30k_images/flickr30k_images/4152834507.jpg,backpack,0.8657950758934021,3.4647583961486816,45.57194519042969,176.53932189941406,343.7320251464844,8
Flickr30K/4152834507.jpg,/content/Image_captioning_Local/Flickr30K/flickr30k_images/flickr30k_images/4152834507.jpg,person,0.8573364615440369,171.08030700683594,176.19163513183594,276.5552978515625,334.75042724609375,8
Flickr30K/4152834507.jpg,/content/Image_captioning_Local/Flickr30K/flickr30k_images/flickr30k_images/4152834507.jpg,person,0.7001817226409912,0.5342483520507812,1.9042491912841797,180.6591339111328,370.0810546875,8
Flickr30K/4152834507.jpg,/content/Image_captioning_Local/Flickr30K/flickr30k_images/flickr30k_images/4152834507.jpg,bicycle,0.5124552845954895,364.3412170410156,151.47361755371094,401.6904296875,233.55560302734375,8
Flickr30K/4152834507.jpg,/content/Image_captioning_Local/Flickr30K/flickr30k_images/flickr30k_images/4152834507.jpg,bicycle,0.5046306848526001,235.32351684570312,136.6316375732422,294.0361022949219,223.22354125976562,8
Flickr30K/4152834507.jpg,/content/Image_captioning_Local/Flickr30K/flickr30k_images/flickr30k_images/4152834507.jpg,suitcase,0.4058525264263153,477.809326171875,288.0231018066406,499.82147216796875,350.56744384765625,8
Flickr30K/4152929859.jpg,/content/Image_captioning_Local/Flickr30K/flickr30k_images/flickr30k_images/4152929859.jpg,person,0.8938130736351013,103.4708023071289,85.2140884399414,219.70425415039062,342.41705322265625,7
Flickr30K/4152929859.jpg,/content/Image_captioning_Local/Flickr30K/flickr30k_images/flickr30k_images/4152929859.jpg,person,0.8524763584136963,28.537261962890625,158.10861206054688,86.96537017822266,340.6004943847656,7
Flickr30K/4152929859.jpg,/content/Image_captioning_Local/Flickr30K/flickr30k_images/flickr30k_images/4152929859.jpg,person,0.8304238319396973,0.11619925498962402,136.77850341796875,41.301185607910156,343.7574462890625,7
Flickr30K/4152929859.jpg,/content/Image_captioning_Local/Flickr30K/flickr30k_images/flickr30k_images/4152929859.jpg,person,0.643437385559082,219.3321533203125,148.8333740234375,246.6465301513672,226.84478759765625,7
Flickr30K/4152929859.jpg,/content/Image_captioning_Local/Flickr30K/flickr30k_images/flickr30k_images/4152929859.jpg,person,0.5637984275817871,335.50634765625,78.24304962158203,499.75042724609375,341.6955871582031,7
Flickr30K/4152929859.jpg,/content/Image_captioning_Local/Flickr30K/flickr30k_images/flickr30k_images/4152929859.jpg,handbag,0.5433228611946106,8.720834732055664,206.29934692382812,44.09660720825195,278.3526916503906,7
Flickr30K/4152929859.jpg,/content/Image_captioning_Local/Flickr30K/flickr30k_images/flickr30k_images/4152929859.jpg,person,0.40270474553108215,200.3123321533203,146.5951690673828,224.27725219726562,218.16017150878906,7
Flickr30K/4152957260.jpg,/content/Image_captioning_Local/Flickr30K/flickr30k_images/flickr30k_images/4152957260.jpg,person,0.861332356929779,97.86260223388672,329.5873718261719,144.316650390625,476.1827392578125,1
Flickr30K/4152974865.jpg,/content/Image_captioning_Local/Flickr30K/flickr30k_images/flickr30k_images/4152974865.jpg,person,0.866233766078949,34.09044647216797,68.13203430175781,251.70071411132812,329.5130615234375,2
Flickr30K/4152974865.jpg,/content/Image_captioning_Local/Flickr30K/flickr30k_images/flickr30k_images/4152974865.jpg,chair,0.4664194583892822,0.05894899368286133,204.93655395507812,149.37423706054688,335.0801086425781,2
Flickr30K/415311132.jpg,/content/Image_captioning_Local/Flickr30K/flickr30k_images/flickr30k_images/415311132.jpg,bottle,0.9017308354377747,400.05902099609375,155.88136291503906,423.0454406738281,236.10272216796875,26
Flickr30K/415311132.jpg,/content/Image_captioning_Local/Flickr30K/flickr30k_images/flickr30k_images/415311132.jpg,bottle,0.835213840007782,420.7308654785156,151.289794921875,443.33447265625,234.65481567382812,26
Flickr30K/415311132.jpg,/content/Image_captioning_Local/Flickr30K/flickr30k_images/flickr30k_images/415311132.jpg,bottle,0.8217229247093201,439.0433349609375,146.24600219726562,460.1927795410156,232.79690551757812,26
Flickr30K/415311132.jpg,/content/Image_captioning_Local/Flickr30K/flickr30k_images/flickr30k_images/415311132.jpg,bottle,0.8048685193061829,204.081298828125,146.07090759277344,226.30877685546875,226.45411682128906,26
Flickr30K/415311132.jpg,/content/Image_captioning_Local/Flickr30K/flickr30k_images/flickr30k_images/415311132.jpg,orange,0.7483431696891785,358.8894348144531,294.2793884277344,499.7705078125,364.778564453125,26
Flickr30K/415311132.jpg,/content/Image_captioning_Local/Flickr30K/flickr30k_images/flickr30k_images/415311132.jpg,person,0.7175067663192749,153.07896423339844,70.12307739257812,175.5982208251953,106.18164825439453,26
Flickr30K/415311132.jpg,/content/Image_captioning_Local/Flickr30K/flickr30k_images/flickr30k_images/415311132.jpg,person,0.6869231462478638,363.5974426269531,15.813505172729492,499.7579040527344,312.01300048828125,26
Flickr30K/415311132.jpg,/content/Image_captioning_Local/Flickr30K/flickr30k_images/flickr30k_images/415311132.jpg,person,0.6843869686126709,4.293882846832275,70.05744171142578,35.87376022338867,170.91993713378906,26
Flickr30K/415311132.jpg,/content/Image_captioning_Local/Flickr30K/flickr30k_images/flickr30k_images/415311132.jpg,bottle,0.6655030846595764,192.8390655517578,145.43748474121094,208.94927978515625,221.0074920654297,26
Flickr30K/415311132.jpg,/content/Image_captioning_Local/Flickr30K/flickr30k_images/flickr30k_images/415311132.jpg,person,0.5708818435668945,244.63226318359375,67.61347198486328,257.9603576660156,97.64863586425781,26
Flickr30K/415311132.jpg,/content/Image_captioning_Local/Flickr30K/flickr30k_images/flickr30k_images/415311132.jpg,bottle,0.5546690821647644,140.04559326171875,133.56153869628906,153.97958374023438,171.00656127929688,26
Flickr30K/415311132.jpg,/content/Image_captioning_Local/Flickr30K/flickr30k_images/flickr30k_images/415311132.jpg,handbag,0.553913950920105,24.018526077270508,101.09293365478516,40.49251174926758,123.29943084716797,26
Flickr30K/415311132.jpg,/content/Image_captioning_Local/Flickr30K/flickr30k_images/flickr30k_images/415311132.jpg,orange,0.5403554439544678,336.18035888671875,171.02505493164062,357.1445007324219,184.67819213867188,26
Flickr30K/415311132.jpg,/content/Image_captioning_Local/Flickr30K/flickr30k_images/flickr30k_images/415311132.jpg,bottle,0.5343503355979919,164.4569091796875,132.3673553466797,181.64456176757812,156.44471740722656,26
Flickr30K/415311132.jpg,/content/Image_captioning_Local/Flickr30K/flickr30k_images/flickr30k_images/415311132.jpg,person,0.48368343710899353,0.06084442138671875,71.08504486083984,13.420984268188477,185.75277709960938,26
Flickr30K/415311132.jpg,/content/Image_captioning_Local/Flickr30K/flickr30k_images/flickr30k_images/415311132.jpg,bottle,0.44471150636672974,121.09705352783203,139.54840087890625,140.02877807617188,178.21035766601562,26
Flickr30K/415311132.jpg,/content/Image_captioning_Local/Flickr30K/flickr30k_images/flickr30k_images/415311132.jpg,orange,0.4328494369983673,159.05792236328125,166.36538696289062,174.7776336669922,177.9049835205078,26
Flickr30K/415311132.jpg,/content/Image_captioning_Local/Flickr30K/flickr30k_images/flickr30k_images/415311132.jpg,person,0.38911688327789307,135.57615661621094,64.59221649169922,156.0366668701172,105.92784881591797,26
Flickr30K/415311132.jpg,/content/Image_captioning_Local/Flickr30K/flickr30k_images/flickr30k_images/415311132.jpg,orange,0.35393375158309937,330.17730712890625,183.20555114746094,350.98260498046875,200.65379333496094,26
Flickr30K/415311132.jpg,/content/Image_captioning_Local/Flickr30K/flickr30k_images/flickr30k_images/415311132.jpg,bottle,0.33761996030807495,277.580810546875,158.68115234375,314.94024658203125,224.1771240234375,26
Flickr30K/415311132.jpg,/content/Image_captioning_Local/Flickr30K/flickr30k_images/flickr30k_images/415311132.jpg,bottle,0.3321972191333771,443.1846618652344,143.308349609375,463.0628662109375,231.60009765625,26
Flickr30K/415311132.jpg,/content/Image_captioning_Local/Flickr30K/flickr30k_images/flickr30k_images/415311132.jpg,orange,0.3158109784126282,379.57696533203125,190.74049377441406,401.53179931640625,213.17538452148438,26
Flickr30K/415311132.jpg,/content/Image_captioning_Local/Flickr30K/flickr30k_images/flickr30k_images/415311132.jpg,orange,0.29551416635513306,439.6054382324219,300.10369873046875,467.9198303222656,329.24761962890625,26
Flickr30K/415311132.jpg,/content/Image_captioning_Local/Flickr30K/flickr30k_images/flickr30k_images/415311132.jpg,person,0.2786422073841095,187.74459838867188,65.11965942382812,219.70455932617188,101.07923889160156,26
Flickr30K/415311132.jpg,/content/Image_captioning_Local/Flickr30K/flickr30k_images/flickr30k_images/415311132.jpg,orange,0.25561755895614624,319.69580078125,191.31919860839844,332.28631591796875,201.1393280029297,26
Flickr30K/415311132.jpg,/content/Image_captioning_Local/Flickr30K/flickr30k_images/flickr30k_images/415311132.jpg,bottle,0.2537376582622528,131.09629821777344,134.06838989257812,145.99612426757812,169.94195556640625,26
Flickr30K/4153140979.jpg,/content/Image_captioning_Local/Flickr30K/flickr30k_images/flickr30k_images/4153140979.jpg,person,0.9119645953178406,110.34130859375,137.1031951904297,282.7894287109375,285.37347412109375,2
Flickr30K/4153140979.jpg,/content/Image_captioning_Local/Flickr30K/flickr30k_images/flickr30k_images/4153140979.jpg,person,0.3766990303993225,299.8219909667969,195.46253967285156,403.3175964355469,324.17498779296875,2
Flickr30K/4153147942.jpg,/content/Image_captioning_Local/Flickr30K/flickr30k_images/flickr30k_images/4153147942.jpg,person,0.9117216467857361,17.374372482299805,107.7260513305664,190.4121856689453,380.5301513671875,3
Flickr30K/4153147942.jpg,/content/Image_captioning_Local/Flickr30K/flickr30k_images/flickr30k_images/4153147942.jpg,motorcycle,0.6283448338508606,16.392230987548828,262.2366943359375,264.2119445800781,497.7585754394531,3
Flickr30K/4153147942.jpg,/content/Image_captioning_Local/Flickr30K/flickr30k_images/flickr30k_images/4153147942.jpg,handbag,0.47338172793388367,6.298303604125977,217.47384643554688,66.6513442993164,297.0774230957031,3
Flickr30K/41531588.jpg,/content/Image_captioning_Local/Flickr30K/flickr30k_images/flickr30k_images/41531588.jpg,person,0.910886287689209,99.02557373046875,10.840797424316406,340.2071533203125,494.7873229980469,7
Flickr30K/41531588.jpg,/content/Image_captioning_Local/Flickr30K/flickr30k_images/flickr30k_images/41531588.jpg,bowl,0.8656949400901794,83.89531707763672,462.6348571777344,143.87136840820312,499.79840087890625,7
Flickr30K/41531588.jpg,/content/Image_captioning_Local/Flickr30K/flickr30k_images/flickr30k_images/41531588.jpg,dining table,0.8568724989891052,332.6636047363281,380.8494567871094,472.6153259277344,499.6407470703125,7
Flickr30K/41531588.jpg,/content/Image_captioning_Local/Flickr30K/flickr30k_images/flickr30k_images/41531588.jpg,chair,0.7401147484779358,284.4370422363281,330.89385986328125,392.0504150390625,462.65087890625,7
Flickr30K/41531588.jpg,/content/Image_captioning_Local/Flickr30K/flickr30k_images/flickr30k_images/41531588.jpg,bowl,0.7166136503219604,91.15676879882812,329.7065734863281,228.58445739746094,408.07061767578125,7
Flickr30K/41531588.jpg,/content/Image_captioning_Local/Flickr30K/flickr30k_images/flickr30k_images/41531588.jpg,bench,0.3522791564464569,283.65606689453125,330.8393859863281,391.60003662109375,461.68170166015625,7
Flickr30K/41531588.jpg,/content/Image_captioning_Local/Flickr30K/flickr30k_images/flickr30k_images/41531588.jpg,chair,0.29430755972862244,0.0,245.0284423828125,104.03981018066406,498.8526916503906,7
Flickr30K/4153903524.jpg,/content/Image_captioning_Local/Flickr30K/flickr30k_images/flickr30k_images/4153903524.jpg,person,0.8984845876693726,187.37367248535156,103.60614013671875,347.2508850097656,271.3106994628906,4
Flickr30K/4153903524.jpg,/content/Image_captioning_Local/Flickr30K/flickr30k_images/flickr30k_images/4153903524.jpg,person,0.8861870169639587,295.48095703125,131.8848114013672,380.5506591796875,284.6982116699219,4
Flickr30K/4153903524.jpg,/content/Image_captioning_Local/Flickr30K/flickr30k_images/flickr30k_images/4153903524.jpg,person,0.7371135354042053,28.13827896118164,168.93978881835938,102.68270874023438,348.6527404785156,4
Flickr30K/4153903524.jpg,/content/Image_captioning_Local/Flickr30K/flickr30k_images/flickr30k_images/4153903524.jpg,train,0.5924844741821289,0.0,0.0,493.72137451171875,145.96710205078125,4
Flickr30K/4154120779.jpg,/content/Image_captioning_Local/Flickr30K/flickr30k_images/flickr30k_images/4154120779.jpg,person,0.9304222464561462,225.95010375976562,93.51730346679688,401.6140441894531,330.5758361816406,1
Flickr30K/4154171895.jpg,/content/Image_captioning_Local/Flickr30K/flickr30k_images/flickr30k_images/4154171895.jpg,book,0.9247874021530151,96.66523742675781,102.11946868896484,268.45916748046875,201.79515075683594,7
Flickr30K/4154171895.jpg,/content/Image_captioning_Local/Flickr30K/flickr30k_images/flickr30k_images/4154171895.jpg,person,0.902310848236084,57.982017517089844,70.66078186035156,332.0507507324219,403.9303894042969,7
Flickr30K/4154171895.jpg,/content/Image_captioning_Local/Flickr30K/flickr30k_images/flickr30k_images/4154171895.jpg,handbag,0.7022842168807983,55.150177001953125,223.37074279785156,138.2000274658203,294.5141906738281,7
Flickr30K/4154171895.jpg,/content/Image_captioning_Local/Flickr30K/flickr30k_images/flickr30k_images/4154171895.jpg,potted plant,0.6064321994781494,43.87507629394531,310.1526184082031,265.1064453125,474.60125732421875,7
Flickr30K/4154171895.jpg,/content/Image_captioning_Local/Flickr30K/flickr30k_images/flickr30k_images/4154171895.jpg,train,0.5085409879684448,0.0,0.8312702178955078,332.93896484375,415.00152587890625,7
Flickr30K/4154171895.jpg,/content/Image_captioning_Local/Flickr30K/flickr30k_images/flickr30k_images/4154171895.jpg,train,0.33191460371017456,0.0,0.2819061279296875,333.0,271.84564208984375,7
Flickr30K/4154171895.jpg,/content/Image_captioning_Local/Flickr30K/flickr30k_images/flickr30k_images/4154171895.jpg,person,0.3129124939441681,33.48220443725586,18.5335693359375,96.04087829589844,78.65636444091797,7
Flickr30K/415432946.jpg,/content/Image_captioning_Local/Flickr30K/flickr30k_images/flickr30k_images/415432946.jpg,person,0.9383540153503418,223.5181884765625,119.41213989257812,456.39154052734375,371.44097900390625,12
Flickr30K/415432946.jpg,/content/Image_captioning_Local/Flickr30K/flickr30k_images/flickr30k_images/415432946.jpg,chair,0.8973067998886108,229.38523864746094,303.3180847167969,278.52789306640625,374.408203125,12
Flickr30K/415432946.jpg,/content/Image_captioning_Local/Flickr30K/flickr30k_images/flickr30k_images/415432946.jpg,chair,0.8521334528923035,396.0445861816406,210.05105590820312,451.78961181640625,245.19500732421875,12
Flickr30K/415432946.jpg,/content/Image_captioning_Local/Flickr30K/flickr30k_images/flickr30k_images/415432946.jpg,dining table,0.836481511592865,322.1990661621094,241.39743041992188,500.0,371.6035461425781,12
Flickr30K/415432946.jpg,/content/Image_captioning_Local/Flickr30K/flickr30k_images/flickr30k_images/415432946.jpg,person,0.8138067722320557,97.60063171386719,97.33846282958984,157.8877716064453,301.1419982910156,12
Flickr30K/415432946.jpg,/content/Image_captioning_Local/Flickr30K/flickr30k_images/flickr30k_images/415432946.jpg,person,0.8026920557022095,121.11182403564453,120.87493133544922,179.67129516601562,334.9810485839844,12
Flickr30K/415432946.jpg,/content/Image_captioning_Local/Flickr30K/flickr30k_images/flickr30k_images/415432946.jpg,person,0.7558208107948303,265.0479736328125,115.8458480834961,322.73095703125,183.18112182617188,12
Flickr30K/415432946.jpg,/content/Image_captioning_Local/Flickr30K/flickr30k_images/flickr30k_images/415432946.jpg,backpack,0.6786513328552246,145.6571044921875,279.8410949707031,187.90394592285156,365.35687255859375,12
Flickr30K/415432946.jpg,/content/Image_captioning_Local/Flickr30K/flickr30k_images/flickr30k_images/415432946.jpg,cup,0.5089781284332275,38.72123336791992,254.0580291748047,52.357452392578125,285.513916015625,12
Flickr30K/415432946.jpg,/content/Image_captioning_Local/Flickr30K/flickr30k_images/flickr30k_images/415432946.jpg,dining table,0.4007875919342041,325.1055603027344,289.6184387207031,499.7954406738281,372.660400390625,12
Flickr30K/415432946.jpg,/content/Image_captioning_Local/Flickr30K/flickr30k_images/flickr30k_images/415432946.jpg,cup,0.33297494053840637,3.2787561416625977,229.9611053466797,40.617034912109375,296.04168701171875,12
Flickr30K/415432946.jpg,/content/Image_captioning_Local/Flickr30K/flickr30k_images/flickr30k_images/415432946.jpg,sink,0.2924196422100067,86.61969757080078,193.61019897460938,113.95693969726562,202.96115112304688,12
Flickr30K/4154882742.jpg,/content/Image_captioning_Local/Flickr30K/flickr30k_images/flickr30k_images/4154882742.jpg,person,0.9205531477928162,174.1624755859375,104.10691833496094,238.3536376953125,305.2136535644531,3
Flickr30K/4154882742.jpg,/content/Image_captioning_Local/Flickr30K/flickr30k_images/flickr30k_images/4154882742.jpg,person,0.9098387956619263,73.25892639160156,132.05213928222656,135.33737182617188,308.24127197265625,3
Flickr30K/4154882742.jpg,/content/Image_captioning_Local/Flickr30K/flickr30k_images/flickr30k_images/4154882742.jpg,person,0.901680052280426,257.1603698730469,135.19091796875,303.63330078125,284.77850341796875,3
Flickr30K/415603021.jpg,/content/Image_captioning_Local/Flickr30K/flickr30k_images/flickr30k_images/415603021.jpg,person,0.9401148557662964,138.8184356689453,60.40449142456055,319.5450439453125,330.783935546875,6
Flickr30K/415603021.jpg,/content/Image_captioning_Local/Flickr30K/flickr30k_images/flickr30k_images/415603021.jpg,person,0.9357450604438782,0.45249462127685547,59.757469177246094,158.3480224609375,331.56689453125,6
Flickr30K/415603021.jpg,/content/Image_captioning_Local/Flickr30K/flickr30k_images/flickr30k_images/415603021.jpg,person,0.8531509041786194,439.8026428222656,229.53195190429688,499.7727355957031,333.5088806152344,6
Flickr30K/415603021.jpg,/content/Image_captioning_Local/Flickr30K/flickr30k_images/flickr30k_images/415603021.jpg,person,0.83738112449646,391.4353332519531,173.1087646484375,476.6055908203125,330.368896484375,6
Flickr30K/415603021.jpg,/content/Image_captioning_Local/Flickr30K/flickr30k_images/flickr30k_images/415603021.jpg,chair,0.6278843879699707,382.720703125,245.88037109375,436.4369812011719,332.7672119140625,6
Flickr30K/415603021.jpg,/content/Image_captioning_Local/Flickr30K/flickr30k_images/flickr30k_images/415603021.jpg,chair,0.622158944606781,361.3072509765625,261.7578125,400.1913146972656,333.1051330566406,6
Flickr30K/415604639.jpg,/content/Image_captioning_Local/Flickr30K/flickr30k_images/flickr30k_images/415604639.jpg,person,0.9301695823669434,221.6663360595703,121.61178588867188,347.50128173828125,331.41632080078125,3
Flickr30K/415604639.jpg,/content/Image_captioning_Local/Flickr30K/flickr30k_images/flickr30k_images/415604639.jpg,clock,0.8940944671630859,420.4222717285156,0.5953729152679443,499.81317138671875,87.76884460449219,3
Flickr30K/415604639.jpg,/content/Image_captioning_Local/Flickr30K/flickr30k_images/flickr30k_images/415604639.jpg,person,0.8834329843521118,167.88092041015625,145.94216918945312,242.23060607910156,332.1241760253906,3
Flickr30K/4156088769.jpg,/content/Image_captioning_Local/Flickr30K/flickr30k_images/flickr30k_images/4156088769.jpg,person,0.9134455323219299,83.29573059082031,123.56147766113281,144.24598693847656,320.5233459472656,14
Flickr30K/4156088769.jpg,/content/Image_captioning_Local/Flickr30K/flickr30k_images/flickr30k_images/4156088769.jpg,person,0.8903704285621643,5.879539489746094,135.50563049316406,65.54306030273438,331.3159484863281,14
Flickr30K/4156088769.jpg,/content/Image_captioning_Local/Flickr30K/flickr30k_images/flickr30k_images/4156088769.jpg,person,0.8594391345977783,379.2028503417969,156.9388427734375,438.8964538574219,332.6742248535156,14
Flickr30K/4156088769.jpg,/content/Image_captioning_Local/Flickr30K/flickr30k_images/flickr30k_images/4156088769.jpg,bicycle,0.8451328873634338,70.84553527832031,262.3675231933594,361.11285400390625,334.0,14
Flickr30K/4156088769.jpg,/content/Image_captioning_Local/Flickr30K/flickr30k_images/flickr30k_images/4156088769.jpg,person,0.8438646793365479,169.53286743164062,143.60699462890625,248.83351135253906,333.41461181640625,14
Flickr30K/4156088769.jpg,/content/Image_captioning_Local/Flickr30K/flickr30k_images/flickr30k_images/4156088769.jpg,person,0.7910357117652893,156.73062133789062,194.48294067382812,198.96994018554688,301.2763366699219,14
Flickr30K/4156088769.jpg,/content/Image_captioning_Local/Flickr30K/flickr30k_images/flickr30k_images/4156088769.jpg,person,0.6275391578674316,462.031494140625,171.16542053222656,499.81494140625,330.6081848144531,14
Flickr30K/4156088769.jpg,/content/Image_captioning_Local/Flickr30K/flickr30k_images/flickr30k_images/4156088769.jpg,handbag,0.6170547604560852,461.9955139160156,223.75440979003906,493.658935546875,277.365966796875,14
Flickr30K/4156088769.jpg,/content/Image_captioning_Local/Flickr30K/flickr30k_images/flickr30k_images/4156088769.jpg,backpack,0.5623159408569336,349.03082275390625,187.3382568359375,390.52947998046875,268.7300720214844,14
Flickr30K/4156088769.jpg,/content/Image_captioning_Local/Flickr30K/flickr30k_images/flickr30k_images/4156088769.jpg,person,0.5261776447296143,423.16015625,154.32310485839844,491.6256103515625,330.623046875,14
Flickr30K/4156088769.jpg,/content/Image_captioning_Local/Flickr30K/flickr30k_images/flickr30k_images/4156088769.jpg,car,0.5255849957466125,59.367393493652344,206.583740234375,91.44906616210938,250.53147888183594,14
Flickr30K/4156088769.jpg,/content/Image_captioning_Local/Flickr30K/flickr30k_images/flickr30k_images/4156088769.jpg,handbag,0.4600737690925598,44.68128204345703,214.23281860351562,73.83728790283203,269.4765930175781,14
Flickr30K/4156088769.jpg,/content/Image_captioning_Local/Flickr30K/flickr30k_images/flickr30k_images/4156088769.jpg,car,0.40117815136909485,137.7224884033203,208.06689453125,166.8609619140625,267.2901611328125,14
Flickr30K/4156088769.jpg,/content/Image_captioning_Local/Flickr30K/flickr30k_images/flickr30k_images/4156088769.jpg,handbag,0.293413370847702,224.42503356933594,226.13873291015625,267.7123107910156,289.40911865234375,14
Flickr30K/4156102515.jpg,/content/Image_captioning_Local/Flickr30K/flickr30k_images/flickr30k_images/4156102515.jpg,person,0.908505380153656,203.65304565429688,83.34869384765625,304.7743835449219,215.80862426757812,1
Flickr30K/415657941.jpg,/content/Image_captioning_Local/Flickr30K/flickr30k_images/flickr30k_images/415657941.jpg,person,0.917214572429657,27.978181838989258,227.40911865234375,192.98663330078125,425.5582275390625,3
Flickr30K/415657941.jpg,/content/Image_captioning_Local/Flickr30K/flickr30k_images/flickr30k_images/415657941.jpg,person,0.5766441822052002,117.61822509765625,139.88323974609375,154.46629333496094,228.98043823242188,3
Flickr30K/415657941.jpg,/content/Image_captioning_Local/Flickr30K/flickr30k_images/flickr30k_images/415657941.jpg,person,0.5663642883300781,189.78330993652344,214.9527587890625,232.96148681640625,292.4971618652344,3
Flickr30K/4156791157.jpg,/content/Image_captioning_Local/Flickr30K/flickr30k_images/flickr30k_images/4156791157.jpg,person,0.9380738139152527,122.54159545898438,134.7987060546875,255.35519409179688,337.3273010253906,1
Flickr30K/4157063493.jpg,/content/Image_captioning_Local/Flickr30K/flickr30k_images/flickr30k_images/4157063493.jpg,truck,0.9052039384841919,42.73872375488281,118.310546875,256.74420166015625,270.4536437988281,10
Flickr30K/4157063493.jpg,/content/Image_captioning_Local/Flickr30K/flickr30k_images/flickr30k_images/4157063493.jpg,car,0.8387506008148193,411.3646545410156,137.7677459716797,499.3169860839844,209.5125732421875,10
Flickr30K/4157063493.jpg,/content/Image_captioning_Local/Flickr30K/flickr30k_images/flickr30k_images/4157063493.jpg,bicycle,0.7544335126876831,470.3575744628906,225.43521118164062,499.8219909667969,298.5773620605469,10
Flickr30K/4157063493.jpg,/content/Image_captioning_Local/Flickr30K/flickr30k_images/flickr30k_images/4157063493.jpg,car,0.7273582220077515,0.025922060012817383,161.3189697265625,61.20878982543945,245.9481658935547,10
Flickr30K/4157063493.jpg,/content/Image_captioning_Local/Flickr30K/flickr30k_images/flickr30k_images/4157063493.jpg,person,0.6650238037109375,66.47772216796875,155.75880432128906,83.32086181640625,188.0634765625,10
Flickr30K/4157063493.jpg,/content/Image_captioning_Local/Flickr30K/flickr30k_images/flickr30k_images/4157063493.jpg,person,0.5162039399147034,406.76470947265625,108.78478240966797,422.7370300292969,150.01954650878906,10
Flickr30K/4157063493.jpg,/content/Image_captioning_Local/Flickr30K/flickr30k_images/flickr30k_images/4157063493.jpg,person,0.5118264555931091,277.5528259277344,149.9746856689453,298.22003173828125,210.69149780273438,10
Flickr30K/4157063493.jpg,/content/Image_captioning_Local/Flickr30K/flickr30k_images/flickr30k_images/4157063493.jpg,person,0.29296180605888367,261.59033203125,153.4383544921875,273.4708251953125,181.2914581298828,10
Flickr30K/4157063493.jpg,/content/Image_captioning_Local/Flickr30K/flickr30k_images/flickr30k_images/4157063493.jpg,person,0.2903459668159485,319.4658203125,155.3933563232422,328.0421142578125,167.66256713867188,10
Flickr30K/4157063493.jpg,/content/Image_captioning_Local/Flickr30K/flickr30k_images/flickr30k_images/4157063493.jpg,person,0.2631619870662689,295.8061828613281,150.29092407226562,310.6531982421875,199.39065551757812,10
Flickr30K/4157338292.jpg,/content/Image_captioning_Local/Flickr30K/flickr30k_images/flickr30k_images/4157338292.jpg,person,0.8856778144836426,395.3829345703125,161.39279174804688,444.67681884765625,271.054931640625,2
Flickr30K/4157338292.jpg,/content/Image_captioning_Local/Flickr30K/flickr30k_images/flickr30k_images/4157338292.jpg,person,0.8740139007568359,149.5586700439453,167.7734832763672,183.27963256835938,257.51641845703125,2
Flickr30K/415755815.jpg,/content/Image_captioning_Local/Flickr30K/flickr30k_images/flickr30k_images/415755815.jpg,person,0.9415550827980042,157.7677001953125,10.882234573364258,325.1743469238281,189.55172729492188,8
Flickr30K/415755815.jpg,/content/Image_captioning_Local/Flickr30K/flickr30k_images/flickr30k_images/415755815.jpg,person,0.9319332242012024,60.60646057128906,44.56005096435547,168.74119567871094,167.02346801757812,8
Flickr30K/415755815.jpg,/content/Image_captioning_Local/Flickr30K/flickr30k_images/flickr30k_images/415755815.jpg,person,0.9264920353889465,302.8567199707031,40.32588195800781,432.2676696777344,175.53086853027344,8
Flickr30K/415755815.jpg,/content/Image_captioning_Local/Flickr30K/flickr30k_images/flickr30k_images/415755815.jpg,person,0.9170910716056824,455.3982238769531,39.01760482788086,499.8146667480469,175.2342529296875,8
Flickr30K/415755815.jpg,/content/Image_captioning_Local/Flickr30K/flickr30k_images/flickr30k_images/415755815.jpg,person,0.8124366998672485,32.59685516357422,69.96712493896484,63.396202087402344,141.49351501464844,8
Flickr30K/415755815.jpg,/content/Image_captioning_Local/Flickr30K/flickr30k_images/flickr30k_images/415755815.jpg,person,0.7981643080711365,4.556292533874512,64.64295196533203,29.373146057128906,139.3160400390625,8
Flickr30K/415755815.jpg,/content/Image_captioning_Local/Flickr30K/flickr30k_images/flickr30k_images/415755815.jpg,person,0.709244966506958,0.029069185256958008,64.80836486816406,10.68126106262207,139.14918518066406,8
Flickr30K/415755815.jpg,/content/Image_captioning_Local/Flickr30K/flickr30k_images/flickr30k_images/415755815.jpg,person,0.29744821786880493,26.58795738220215,69.51861572265625,43.54869842529297,137.82395935058594,8
Flickr30K/415758755.jpg,/content/Image_captioning_Local/Flickr30K/flickr30k_images/flickr30k_images/415758755.jpg,person,0.8971197605133057,257.52081298828125,175.250244140625,355.31219482421875,288.44061279296875,3
Flickr30K/415758755.jpg,/content/Image_captioning_Local/Flickr30K/flickr30k_images/flickr30k_images/415758755.jpg,bench,0.6809213161468506,248.78939819335938,195.2962188720703,452.177490234375,288.67047119140625,3
Flickr30K/415758755.jpg,/content/Image_captioning_Local/Flickr30K/flickr30k_images/flickr30k_images/415758755.jpg,bench,0.31819409132003784,249.67633056640625,223.78167724609375,386.7448425292969,287.5396728515625,3
Flickr30K/415793623.jpg,/content/Image_captioning_Local/Flickr30K/flickr30k_images/flickr30k_images/415793623.jpg,person,0.8924782872200012,67.95940399169922,68.18328094482422,302.65045166015625,489.6664733886719,1
Flickr30K/415832172.jpg,/content/Image_captioning_Local/Flickr30K/flickr30k_images/flickr30k_images/415832172.jpg,person,0.892055332660675,0.17952919006347656,100.83999633789062,191.96055603027344,371.1324768066406,2
Flickr30K/415832172.jpg,/content/Image_captioning_Local/Flickr30K/flickr30k_images/flickr30k_images/415832172.jpg,person,0.8784798979759216,61.598724365234375,0.5433320999145508,171.28524780273438,232.83657836914062,2
Flickr30K/4158603367.jpg,/content/Image_captioning_Local/Flickr30K/flickr30k_images/flickr30k_images/4158603367.jpg,person,0.9212438464164734,0.13840198516845703,236.6343536376953,142.35894775390625,428.0404052734375,10
Flickr30K/4158603367.jpg,/content/Image_captioning_Local/Flickr30K/flickr30k_images/flickr30k_images/4158603367.jpg,person,0.9105197787284851,204.06350708007812,160.77923583984375,332.0,409.3508605957031,10
Flickr30K/4158603367.jpg,/content/Image_captioning_Local/Flickr30K/flickr30k_images/flickr30k_images/4158603367.jpg,person,0.8960563540458679,87.17460632324219,61.385963439941406,179.540771484375,323.3599548339844,10
Flickr30K/4158603367.jpg,/content/Image_captioning_Local/Flickr30K/flickr30k_images/flickr30k_images/4158603367.jpg,person,0.8396241664886475,115.71686553955078,203.7710723876953,214.35215759277344,361.2628479003906,10
Flickr30K/4158603367.jpg,/content/Image_captioning_Local/Flickr30K/flickr30k_images/flickr30k_images/4158603367.jpg,person,0.7867153286933899,29.083728790283203,219.88931274414062,85.91537475585938,277.2462463378906,10
Flickr30K/4158603367.jpg,/content/Image_captioning_Local/Flickr30K/flickr30k_images/flickr30k_images/4158603367.jpg,person,0.7216671705245972,218.42108154296875,224.78036499023438,267.27886962890625,266.86077880859375,10
Flickr30K/4158603367.jpg,/content/Image_captioning_Local/Flickr30K/flickr30k_images/flickr30k_images/4158603367.jpg,person,0.6979506015777588,162.66407775878906,245.58935546875,285.74041748046875,378.59002685546875,10
Flickr30K/4158603367.jpg,/content/Image_captioning_Local/Flickr30K/flickr30k_images/flickr30k_images/4158603367.jpg,person,0.5341329574584961,0.0,254.5482177734375,29.431676864624023,341.0730895996094,10
Flickr30K/4158603367.jpg,/content/Image_captioning_Local/Flickr30K/flickr30k_images/flickr30k_images/4158603367.jpg,bottle,0.495595782995224,173.51007080078125,358.74005126953125,181.26153564453125,385.5447692871094,10
Flickr30K/4158603367.jpg,/content/Image_captioning_Local/Flickr30K/flickr30k_images/flickr30k_images/4158603367.jpg,bottle,0.2959882915019989,193.49179077148438,365.82952880859375,200.81600952148438,387.35980224609375,10
Flickr30K/4158826243.jpg,/content/Image_captioning_Local/Flickr30K/flickr30k_images/flickr30k_images/4158826243.jpg,person,0.9175525903701782,294.41351318359375,82.77731323242188,450.359619140625,371.08221435546875,14
Flickr30K/4158826243.jpg,/content/Image_captioning_Local/Flickr30K/flickr30k_images/flickr30k_images/4158826243.jpg,person,0.8607200980186462,161.2267303466797,177.36306762695312,253.3496856689453,364.908203125,14
Flickr30K/4158826243.jpg,/content/Image_captioning_Local/Flickr30K/flickr30k_images/flickr30k_images/4158826243.jpg,baseball bat,0.7355955839157104,263.3318786621094,64.65637969970703,381.17779541015625,104.6589126586914,14
Flickr30K/4158826243.jpg,/content/Image_captioning_Local/Flickr30K/flickr30k_images/flickr30k_images/4158826243.jpg,person,0.7069656848907471,80.06044006347656,249.7578125,131.77828979492188,319.5503845214844,14
Flickr30K/4158826243.jpg,/content/Image_captioning_Local/Flickr30K/flickr30k_images/flickr30k_images/4158826243.jpg,person,0.6427649259567261,35.12965393066406,258.671630859375,70.36292266845703,315.45556640625,14
Flickr30K/4158826243.jpg,/content/Image_captioning_Local/Flickr30K/flickr30k_images/flickr30k_images/4158826243.jpg,person,0.5193251371383667,7.106673717498779,268.3154602050781,37.755794525146484,315.0553283691406,14
Flickr30K/4158826243.jpg,/content/Image_captioning_Local/Flickr30K/flickr30k_images/flickr30k_images/4158826243.jpg,person,0.49999499320983887,239.46987915039062,249.52688598632812,287.3671875,306.8031311035156,14
Flickr30K/4158826243.jpg,/content/Image_captioning_Local/Flickr30K/flickr30k_images/flickr30k_images/4158826243.jpg,person,0.49251753091812134,292.5584716796875,237.95556640625,334.193603515625,303.68280029296875,14
Flickr30K/4158826243.jpg,/content/Image_captioning_Local/Flickr30K/flickr30k_images/flickr30k_images/4158826243.jpg,person,0.4335950016975403,130.4147186279297,249.08514404296875,181.16835021972656,316.73883056640625,14
Flickr30K/4158826243.jpg,/content/Image_captioning_Local/Flickr30K/flickr30k_images/flickr30k_images/4158826243.jpg,person,0.35880282521247864,15.892589569091797,217.57493591308594,51.62483596801758,279.48260498046875,14
Flickr30K/4158826243.jpg,/content/Image_captioning_Local/Flickr30K/flickr30k_images/flickr30k_images/4158826243.jpg,person,0.34444302320480347,88.80751037597656,208.1551055908203,117.31803131103516,264.0267028808594,14
Flickr30K/4158826243.jpg,/content/Image_captioning_Local/Flickr30K/flickr30k_images/flickr30k_images/4158826243.jpg,person,0.3256271481513977,256.31976318359375,214.92738342285156,277.72308349609375,269.58428955078125,14
Flickr30K/4158826243.jpg,/content/Image_captioning_Local/Flickr30K/flickr30k_images/flickr30k_images/4158826243.jpg,person,0.3175479769706726,53.615821838378906,216.9932861328125,72.99543762207031,273.1658020019531,14
Flickr30K/4158826243.jpg,/content/Image_captioning_Local/Flickr30K/flickr30k_images/flickr30k_images/4158826243.jpg,person,0.3073127567768097,59.20429229736328,239.9851837158203,91.01910400390625,307.5752258300781,14
Flickr30K/4159032091.jpg,/content/Image_captioning_Local/Flickr30K/flickr30k_images/flickr30k_images/4159032091.jpg,person,0.9270681738853455,27.339340209960938,43.4194450378418,328.456298828125,370.6667785644531,13
Flickr30K/4159032091.jpg,/content/Image_captioning_Local/Flickr30K/flickr30k_images/flickr30k_images/4159032091.jpg,person,0.8924047946929932,225.30517578125,162.7156219482422,479.4510803222656,371.3746032714844,13
Flickr30K/4159032091.jpg,/content/Image_captioning_Local/Flickr30K/flickr30k_images/flickr30k_images/4159032091.jpg,motorcycle,0.7834042310714722,448.00604248046875,69.36955261230469,499.8050537109375,162.345703125,13
Flickr30K/4159032091.jpg,/content/Image_captioning_Local/Flickr30K/flickr30k_images/flickr30k_images/4159032091.jpg,motorcycle,0.7726349830627441,187.01889038085938,95.49312591552734,265.0869445800781,148.22821044921875,13
Flickr30K/4159032091.jpg,/content/Image_captioning_Local/Flickr30K/flickr30k_images/flickr30k_images/4159032091.jpg,person,0.7011584639549255,196.2080078125,49.180686950683594,230.56797790527344,130.37222290039062,13
Flickr30K/4159032091.jpg,/content/Image_captioning_Local/Flickr30K/flickr30k_images/flickr30k_images/4159032091.jpg,motorcycle,0.49884650111198425,0.07314682006835938,118.21786499023438,50.34816360473633,370.9649963378906,13
Flickr30K/4159032091.jpg,/content/Image_captioning_Local/Flickr30K/flickr30k_images/flickr30k_images/4159032091.jpg,car,0.47774142026901245,0.08349418640136719,73.03026580810547,55.66574478149414,233.5918426513672,13
Flickr30K/4159032091.jpg,/content/Image_captioning_Local/Flickr30K/flickr30k_images/flickr30k_images/4159032091.jpg,person,0.4257059395313263,361.5592956542969,47.15297317504883,421.4543762207031,140.68568420410156,13
Flickr30K/4159032091.jpg,/content/Image_captioning_Local/Flickr30K/flickr30k_images/flickr30k_images/4159032091.jpg,bus,0.39150184392929077,0.12718439102172852,14.727628707885742,74.52254486083984,75.57691192626953,13
Flickr30K/4159032091.jpg,/content/Image_captioning_Local/Flickr30K/flickr30k_images/flickr30k_images/4159032091.jpg,car,0.3580634295940399,476.4521484375,53.262245178222656,499.904541015625,69.2336654663086,13
Flickr30K/4159032091.jpg,/content/Image_captioning_Local/Flickr30K/flickr30k_images/flickr30k_images/4159032091.jpg,person,0.27659642696380615,190.39456176757812,64.15886688232422,207.30531311035156,96.53082275390625,13
Flickr30K/4159032091.jpg,/content/Image_captioning_Local/Flickr30K/flickr30k_images/flickr30k_images/4159032091.jpg,truck,0.2747483551502228,0.046563148498535156,16.345399856567383,64.09744262695312,75.56891632080078,13
Flickr30K/4159032091.jpg,/content/Image_captioning_Local/Flickr30K/flickr30k_images/flickr30k_images/4159032091.jpg,cell phone,0.26688089966773987,286.3648986816406,226.6213836669922,359.4326171875,247.13949584960938,13
Flickr30K/4159166211.jpg,/content/Image_captioning_Local/Flickr30K/flickr30k_images/flickr30k_images/4159166211.jpg,person,0.5826875567436218,132.6090545654297,65.31138610839844,362.0062255859375,329.54901123046875,6
Flickr30K/4159166211.jpg,/content/Image_captioning_Local/Flickr30K/flickr30k_images/flickr30k_images/4159166211.jpg,tv,0.5069330334663391,0.19765794277191162,98.20713806152344,42.69987487792969,127.7282943725586,6
Flickr30K/4159166211.jpg,/content/Image_captioning_Local/Flickr30K/flickr30k_images/flickr30k_images/4159166211.jpg,bottle,0.4123940169811249,254.13482666015625,16.41476058959961,264.9585876464844,42.774940490722656,6
Flickr30K/4159166211.jpg,/content/Image_captioning_Local/Flickr30K/flickr30k_images/flickr30k_images/4159166211.jpg,bottle,0.40001922845840454,265.2567443847656,13.850069046020508,275.52923583984375,40.75801467895508,6
Flickr30K/4159166211.jpg,/content/Image_captioning_Local/Flickr30K/flickr30k_images/flickr30k_images/4159166211.jpg,bottle,0.3836194574832916,123.66619110107422,170.49851989746094,134.01608276367188,204.79330444335938,6
Flickr30K/4159166211.jpg,/content/Image_captioning_Local/Flickr30K/flickr30k_images/flickr30k_images/4159166211.jpg,bottle,0.2514089047908783,279.891845703125,13.307010650634766,289.5727844238281,38.12483596801758,6
Flickr30K/4159174548.jpg,/content/Image_captioning_Local/Flickr30K/flickr30k_images/flickr30k_images/4159174548.jpg,person,0.8751937747001648,305.3665771484375,31.683032989501953,384.9951171875,192.36734008789062,11
Flickr30K/4159174548.jpg,/content/Image_captioning_Local/Flickr30K/flickr30k_images/flickr30k_images/4159174548.jpg,person,0.8639358282089233,0.1366138458251953,148.1963653564453,78.03630065917969,371.73760986328125,11
Flickr30K/4159174548.jpg,/content/Image_captioning_Local/Flickr30K/flickr30k_images/flickr30k_images/4159174548.jpg,person,0.7096675038337708,193.76617431640625,2.0513057708740234,309.5882873535156,205.5314483642578,11
Flickr30K/4159174548.jpg,/content/Image_captioning_Local/Flickr30K/flickr30k_images/flickr30k_images/4159174548.jpg,person,0.6818821430206299,25.271883010864258,148.33297729492188,123.10782623291016,331.1022644042969,11
Flickr30K/4159174548.jpg,/content/Image_captioning_Local/Flickr30K/flickr30k_images/flickr30k_images/4159174548.jpg,person,0.5783749222755432,147.5799560546875,130.5592041015625,373.2774658203125,372.596923828125,11
Flickr30K/4159174548.jpg,/content/Image_captioning_Local/Flickr30K/flickr30k_images/flickr30k_images/4159174548.jpg,person,0.4788703918457031,401.72442626953125,54.56066131591797,499.74871826171875,370.7777404785156,11
Flickr30K/4159174548.jpg,/content/Image_captioning_Local/Flickr30K/flickr30k_images/flickr30k_images/4159174548.jpg,chair,0.37322619557380676,47.482826232910156,274.4666442871094,149.62875366210938,372.512451171875,11
Flickr30K/4159174548.jpg,/content/Image_captioning_Local/Flickr30K/flickr30k_images/flickr30k_images/4159174548.jpg,person,0.3375888168811798,364.06964111328125,97.89409637451172,480.2445373535156,367.2937316894531,11
Flickr30K/4159174548.jpg,/content/Image_captioning_Local/Flickr30K/flickr30k_images/flickr30k_images/4159174548.jpg,chair,0.2862762212753296,95.18277740478516,223.5155029296875,210.13812255859375,350.63458251953125,11
Flickr30K/4159174548.jpg,/content/Image_captioning_Local/Flickr30K/flickr30k_images/flickr30k_images/4159174548.jpg,tv,0.2839640974998474,180.19915771484375,4.7146501541137695,349.81011962890625,109.68606567382812,11
Flickr30K/4159174548.jpg,/content/Image_captioning_Local/Flickr30K/flickr30k_images/flickr30k_images/4159174548.jpg,person,0.26117897033691406,184.34669494628906,129.4837646484375,342.78631591796875,319.7121276855469,11
Flickr30K/4159292929.jpg,/content/Image_captioning_Local/Flickr30K/flickr30k_images/flickr30k_images/4159292929.jpg,person,0.7544758915901184,222.99237060546875,330.7120666503906,245.70994567871094,381.3269958496094,19
Flickr30K/4159292929.jpg,/content/Image_captioning_Local/Flickr30K/flickr30k_images/flickr30k_images/4159292929.jpg,person,0.7062329649925232,256.97802734375,337.80706787109375,278.9312438964844,381.5426025390625,19
Flickr30K/4159292929.jpg,/content/Image_captioning_Local/Flickr30K/flickr30k_images/flickr30k_images/4159292929.jpg,person,0.6732122302055359,277.1323547363281,339.2205810546875,299.368896484375,381.7158203125,19
Flickr30K/4159292929.jpg,/content/Image_captioning_Local/Flickr30K/flickr30k_images/flickr30k_images/4159292929.jpg,person,0.6707123517990112,141.1192169189453,314.25653076171875,164.66738891601562,359.22393798828125,19
Flickr30K/4159292929.jpg,/content/Image_captioning_Local/Flickr30K/flickr30k_images/flickr30k_images/4159292929.jpg,person,0.6168278455734253,245.00880432128906,331.7448425292969,263.6900939941406,381.7774658203125,19
Flickr30K/4159292929.jpg,/content/Image_captioning_Local/Flickr30K/flickr30k_images/flickr30k_images/4159292929.jpg,person,0.5944873690605164,292.5397644042969,318.2734069824219,314.2657165527344,354.4111633300781,19
Flickr30K/4159292929.jpg,/content/Image_captioning_Local/Flickr30K/flickr30k_images/flickr30k_images/4159292929.jpg,person,0.5911676287651062,166.32884216308594,317.6124572753906,187.45472717285156,352.3238220214844,19
Flickr30K/4159292929.jpg,/content/Image_captioning_Local/Flickr30K/flickr30k_images/flickr30k_images/4159292929.jpg,person,0.5702142715454102,186.92373657226562,318.2098388671875,207.65097045898438,352.7013854980469,19
Flickr30K/4159292929.jpg,/content/Image_captioning_Local/Flickr30K/flickr30k_images/flickr30k_images/4159292929.jpg,person,0.4522174298763275,149.76458740234375,335.70953369140625,170.2429962158203,362.8643493652344,19
Flickr30K/4159292929.jpg,/content/Image_captioning_Local/Flickr30K/flickr30k_images/flickr30k_images/4159292929.jpg,person,0.43844589591026306,251.7261505126953,319.13653564453125,270.7723693847656,345.64105224609375,19
Flickr30K/4159292929.jpg,/content/Image_captioning_Local/Flickr30K/flickr30k_images/flickr30k_images/4159292929.jpg,person,0.4241177439689636,197.16287231445312,337.8791198730469,216.62965393066406,370.2294006347656,19
Flickr30K/4159292929.jpg,/content/Image_captioning_Local/Flickr30K/flickr30k_images/flickr30k_images/4159292929.jpg,person,0.39513736963272095,233.27296447753906,318.7352600097656,250.57818603515625,349.4085388183594,19
Flickr30K/4159292929.jpg,/content/Image_captioning_Local/Flickr30K/flickr30k_images/flickr30k_images/4159292929.jpg,person,0.3729362189769745,207.92376708984375,319.55572509765625,226.14361572265625,344.10308837890625,19
Flickr30K/4159292929.jpg,/content/Image_captioning_Local/Flickr30K/flickr30k_images/flickr30k_images/4159292929.jpg,person,0.3711862862110138,169.4044952392578,338.144287109375,186.26829528808594,366.8465576171875,19
Flickr30K/4159292929.jpg,/content/Image_captioning_Local/Flickr30K/flickr30k_images/flickr30k_images/4159292929.jpg,person,0.3385867178440094,210.6131591796875,333.9230651855469,225.54644775390625,380.0994873046875,19
Flickr30K/4159292929.jpg,/content/Image_captioning_Local/Flickr30K/flickr30k_images/flickr30k_images/4159292929.jpg,person,0.3152424991130829,275.7521057128906,319.22021484375,292.8145751953125,350.96807861328125,19
Flickr30K/4159292929.jpg,/content/Image_captioning_Local/Flickr30K/flickr30k_images/flickr30k_images/4159292929.jpg,person,0.2751411199569702,189.7983856201172,337.1415710449219,216.96218872070312,370.37359619140625,19
Flickr30K/4159292929.jpg,/content/Image_captioning_Local/Flickr30K/flickr30k_images/flickr30k_images/4159292929.jpg,person,0.2677918076515198,295.49798583984375,339.3821105957031,316.0384521484375,379.0078125,19
Flickr30K/4159292929.jpg,/content/Image_captioning_Local/Flickr30K/flickr30k_images/flickr30k_images/4159292929.jpg,person,0.26600614190101624,189.33546447753906,336.922119140625,206.31068420410156,366.87646484375,19
Flickr30K/4159790866.jpg,/content/Image_captioning_Local/Flickr30K/flickr30k_images/flickr30k_images/4159790866.jpg,person,0.9171549081802368,120.4222183227539,56.15421676635742,227.3549041748047,292.7840576171875,4
Flickr30K/4159790866.jpg,/content/Image_captioning_Local/Flickr30K/flickr30k_images/flickr30k_images/4159790866.jpg,tie,0.7357633113861084,285.1587829589844,109.19010925292969,297.1601867675781,155.48904418945312,4
Flickr30K/4159790866.jpg,/content/Image_captioning_Local/Flickr30K/flickr30k_images/flickr30k_images/4159790866.jpg,person,0.45029738545417786,261.66473388671875,79.89642333984375,320.4271240234375,159.74232482910156,4
Flickr30K/4159790866.jpg,/content/Image_captioning_Local/Flickr30K/flickr30k_images/flickr30k_images/4159790866.jpg,person,0.3787606358528137,261.50933837890625,78.52621459960938,432.4715576171875,256.9077453613281,4
Flickr30K/4160524549.jpg,/content/Image_captioning_Local/Flickr30K/flickr30k_images/flickr30k_images/4160524549.jpg,person,0.9305251836776733,283.03704833984375,161.02880859375,447.7109375,331.9892883300781,16
Flickr30K/4160524549.jpg,/content/Image_captioning_Local/Flickr30K/flickr30k_images/flickr30k_images/4160524549.jpg,person,0.9259176850318909,137.60264587402344,131.47039794921875,225.55262756347656,332.2415466308594,16
Flickr30K/4160524549.jpg,/content/Image_captioning_Local/Flickr30K/flickr30k_images/flickr30k_images/4160524549.jpg,person,0.9111394882202148,214.67108154296875,113.71881103515625,283.7728576660156,328.34051513671875,16
Flickr30K/4160524549.jpg,/content/Image_captioning_Local/Flickr30K/flickr30k_images/flickr30k_images/4160524549.jpg,person,0.8657326102256775,382.3609924316406,122.87440490722656,477.31939697265625,317.0956115722656,16
Flickr30K/4160524549.jpg,/content/Image_captioning_Local/Flickr30K/flickr30k_images/flickr30k_images/4160524549.jpg,person,0.8537213802337646,462.502685546875,204.8054656982422,499.7467956542969,333.3961486816406,16
Flickr30K/4160524549.jpg,/content/Image_captioning_Local/Flickr30K/flickr30k_images/flickr30k_images/4160524549.jpg,person,0.8024904727935791,318.34625244140625,109.22689819335938,390.9490966796875,243.1205291748047,16
Flickr30K/4160524549.jpg,/content/Image_captioning_Local/Flickr30K/flickr30k_images/flickr30k_images/4160524549.jpg,person,0.7865439057350159,273.5095520019531,165.68026733398438,319.08917236328125,309.67718505859375,16
Flickr30K/4160524549.jpg,/content/Image_captioning_Local/Flickr30K/flickr30k_images/flickr30k_images/4160524549.jpg,handbag,0.7679689526557922,342.6351623535156,247.27349853515625,426.7234802246094,333.6374206542969,16
Flickr30K/4160524549.jpg,/content/Image_captioning_Local/Flickr30K/flickr30k_images/flickr30k_images/4160524549.jpg,person,0.6985154747962952,116.7155990600586,80.4488525390625,143.06446838378906,154.66055297851562,16
Flickr30K/4160524549.jpg,/content/Image_captioning_Local/Flickr30K/flickr30k_images/flickr30k_images/4160524549.jpg,person,0.5947482585906982,81.26876068115234,86.55219268798828,104.7252426147461,124.43413543701172,16
Flickr30K/4160524549.jpg,/content/Image_captioning_Local/Flickr30K/flickr30k_images/flickr30k_images/4160524549.jpg,person,0.5933052897453308,38.7700080871582,77.78816223144531,52.94057083129883,113.20164489746094,16
Flickr30K/4160524549.jpg,/content/Image_captioning_Local/Flickr30K/flickr30k_images/flickr30k_images/4160524549.jpg,person,0.5569437146186829,151.32354736328125,102.27836608886719,172.3577117919922,156.9924774169922,16
Flickr30K/4160524549.jpg,/content/Image_captioning_Local/Flickr30K/flickr30k_images/flickr30k_images/4160524549.jpg,person,0.526801347732544,137.6210174560547,79.39636993408203,156.96910095214844,150.81930541992188,16
Flickr30K/4160524549.jpg,/content/Image_captioning_Local/Flickr30K/flickr30k_images/flickr30k_images/4160524549.jpg,person,0.47652992606163025,104.27317810058594,93.83318328857422,118.44682312011719,128.4278564453125,16
Flickr30K/4160524549.jpg,/content/Image_captioning_Local/Flickr30K/flickr30k_images/flickr30k_images/4160524549.jpg,person,0.3112225830554962,150.27024841308594,88.9942626953125,176.0355224609375,116.22419738769531,16
Flickr30K/4160524549.jpg,/content/Image_captioning_Local/Flickr30K/flickr30k_images/flickr30k_images/4160524549.jpg,person,0.30466416478157043,0.04191994667053223,126.21612548828125,22.06374168395996,190.37466430664062,16
Flickr30K/4160672903.jpg,/content/Image_captioning_Local/Flickr30K/flickr30k_images/flickr30k_images/4160672903.jpg,person,0.9333108067512512,240.97938537597656,0.5620002746582031,441.01611328125,369.35443115234375,3
Flickr30K/4160672903.jpg,/content/Image_captioning_Local/Flickr30K/flickr30k_images/flickr30k_images/4160672903.jpg,person,0.8420699238777161,81.12322998046875,91.69850158691406,301.9808044433594,370.96441650390625,3
Flickr30K/4160672903.jpg,/content/Image_captioning_Local/Flickr30K/flickr30k_images/flickr30k_images/4160672903.jpg,person,0.3942314386367798,56.094886779785156,310.21856689453125,151.61717224121094,374.38787841796875,3
Flickr30K/4160956997.jpg,/content/Image_captioning_Local/Flickr30K/flickr30k_images/flickr30k_images/4160956997.jpg,person,0.9067461490631104,266.88128662109375,159.17205810546875,326.9212341308594,275.22021484375,10
Flickr30K/4160956997.jpg,/content/Image_captioning_Local/Flickr30K/flickr30k_images/flickr30k_images/4160956997.jpg,person,0.9035928249359131,445.40924072265625,151.72940063476562,495.7753601074219,269.4947204589844,10
Flickr30K/4160956997.jpg,/content/Image_captioning_Local/Flickr30K/flickr30k_images/flickr30k_images/4160956997.jpg,person,0.8944090604782104,58.032691955566406,157.0648193359375,133.68203735351562,276.7203369140625,10
Flickr30K/4160956997.jpg,/content/Image_captioning_Local/Flickr30K/flickr30k_images/flickr30k_images/4160956997.jpg,person,0.8788370490074158,47.00596237182617,211.88812255859375,97.28312683105469,373.37945556640625,10
Flickr30K/4160956997.jpg,/content/Image_captioning_Local/Flickr30K/flickr30k_images/flickr30k_images/4160956997.jpg,sports ball,0.8607139587402344,481.6484375,253.20489501953125,496.9560546875,268.25592041015625,10
Flickr30K/4160956997.jpg,/content/Image_captioning_Local/Flickr30K/flickr30k_images/flickr30k_images/4160956997.jpg,sports ball,0.8309068083763123,90.3458251953125,267.37823486328125,107.07322692871094,282.84130859375,10
Flickr30K/4160956997.jpg,/content/Image_captioning_Local/Flickr30K/flickr30k_images/flickr30k_images/4160956997.jpg,person,0.8201465606689453,215.515380859375,160.23898315429688,268.79376220703125,286.1365661621094,10
Flickr30K/4160956997.jpg,/content/Image_captioning_Local/Flickr30K/flickr30k_images/flickr30k_images/4160956997.jpg,sports ball,0.7701188325881958,210.9823760986328,269.52099609375,230.92794799804688,285.7130432128906,10
Flickr30K/4160956997.jpg,/content/Image_captioning_Local/Flickr30K/flickr30k_images/flickr30k_images/4160956997.jpg,sports ball,0.477451890707016,277.8941650390625,368.2075500488281,298.7355651855469,375.0,10
Flickr30K/4160956997.jpg,/content/Image_captioning_Local/Flickr30K/flickr30k_images/flickr30k_images/4160956997.jpg,person,0.34074562788009644,4.280327796936035,90.19181823730469,25.346464157104492,110.56658935546875,10
Flickr30K/416106657.jpg,/content/Image_captioning_Local/Flickr30K/flickr30k_images/flickr30k_images/416106657.jpg,sheep,0.8733415603637695,134.8883514404297,91.18387603759766,395.7262878417969,324.77557373046875,1
Flickr30K/4161099680.jpg,/content/Image_captioning_Local/Flickr30K/flickr30k_images/flickr30k_images/4161099680.jpg,person,0.928339958190918,0.030624866485595703,73.88725280761719,154.52066040039062,332.77044677734375,10
Flickr30K/4161099680.jpg,/content/Image_captioning_Local/Flickr30K/flickr30k_images/flickr30k_images/4161099680.jpg,person,0.9227660894393921,204.86997985839844,70.9095458984375,358.8362121582031,351.861328125,10
Flickr30K/4161099680.jpg,/content/Image_captioning_Local/Flickr30K/flickr30k_images/flickr30k_images/4161099680.jpg,person,0.8957850933074951,379.6687316894531,53.40702438354492,486.5439453125,292.5116271972656,10
Flickr30K/4161099680.jpg,/content/Image_captioning_Local/Flickr30K/flickr30k_images/flickr30k_images/4161099680.jpg,person,0.8869368433952332,449.57696533203125,43.41087341308594,499.770751953125,279.36700439453125,10
Flickr30K/4161099680.jpg,/content/Image_captioning_Local/Flickr30K/flickr30k_images/flickr30k_images/4161099680.jpg,bicycle,0.8700160980224609,0.2626180648803711,208.34292602539062,248.77099609375,372.31072998046875,10
Flickr30K/4161099680.jpg,/content/Image_captioning_Local/Flickr30K/flickr30k_images/flickr30k_images/4161099680.jpg,person,0.8482754826545715,161.99282836914062,56.85866928100586,234.39068603515625,292.61822509765625,10
Flickr30K/4161099680.jpg,/content/Image_captioning_Local/Flickr30K/flickr30k_images/flickr30k_images/4161099680.jpg,backpack,0.7109792232513428,111.97421264648438,123.7245101928711,183.7209930419922,228.149169921875,10
Flickr30K/4161099680.jpg,/content/Image_captioning_Local/Flickr30K/flickr30k_images/flickr30k_images/4161099680.jpg,truck,0.6443444490432739,287.2706298828125,57.82427978515625,434.5959777832031,182.88629150390625,10
Flickr30K/4161099680.jpg,/content/Image_captioning_Local/Flickr30K/flickr30k_images/flickr30k_images/4161099680.jpg,person,0.5683395266532898,153.98899841308594,76.47908020019531,178.209716796875,157.4492950439453,10
Flickr30K/4161099680.jpg,/content/Image_captioning_Local/Flickr30K/flickr30k_images/flickr30k_images/4161099680.jpg,handbag,0.367929607629776,409.95855712890625,163.73135375976562,450.2152404785156,224.42543029785156,10
Flickr30K/4161126086.jpg,/content/Image_captioning_Local/Flickr30K/flickr30k_images/flickr30k_images/4161126086.jpg,person,0.928753674030304,52.278663635253906,285.2352294921875,265.3105163574219,499.4812927246094,3
Flickr30K/4161126086.jpg,/content/Image_captioning_Local/Flickr30K/flickr30k_images/flickr30k_images/4161126086.jpg,car,0.48835745453834534,25.784528732299805,256.5469970703125,54.982791900634766,282.4405822753906,3
Flickr30K/4161126086.jpg,/content/Image_captioning_Local/Flickr30K/flickr30k_images/flickr30k_images/4161126086.jpg,person,0.25311946868896484,114.30511474609375,236.13458251953125,198.89283752441406,316.1138610839844,3
Flickr30K/4161413089.jpg,/content/Image_captioning_Local/Flickr30K/flickr30k_images/flickr30k_images/4161413089.jpg,person,0.9267470836639404,24.650394439697266,110.16001892089844,132.59994506835938,353.2294616699219,7
Flickr30K/4161413089.jpg,/content/Image_captioning_Local/Flickr30K/flickr30k_images/flickr30k_images/4161413089.jpg,person,0.8962703347206116,191.92425537109375,44.67500305175781,372.0440673828125,297.6316833496094,7
Flickr30K/4161413089.jpg,/content/Image_captioning_Local/Flickr30K/flickr30k_images/flickr30k_images/4161413089.jpg,sports ball,0.8682522773742676,152.842529296875,46.67639923095703,199.61199951171875,95.2596435546875,7
Flickr30K/4161413089.jpg,/content/Image_captioning_Local/Flickr30K/flickr30k_images/flickr30k_images/4161413089.jpg,person,0.7340335845947266,311.5884704589844,63.277042388916016,473.789306640625,308.5894470214844,7
Flickr30K/4161413089.jpg,/content/Image_captioning_Local/Flickr30K/flickr30k_images/flickr30k_images/4161413089.jpg,person,0.7108011841773987,347.89447021484375,138.6230010986328,427.4624328613281,330.6707763671875,7
Flickr30K/4161413089.jpg,/content/Image_captioning_Local/Flickr30K/flickr30k_images/flickr30k_images/4161413089.jpg,bench,0.5629514455795288,257.6065979003906,198.68600463867188,498.23046875,305.19854736328125,7
Flickr30K/4161413089.jpg,/content/Image_captioning_Local/Flickr30K/flickr30k_images/flickr30k_images/4161413089.jpg,handbag,0.25004979968070984,421.4033203125,171.83290100097656,474.61279296875,248.4569091796875,7
Flickr30K/4161742484.jpg,/content/Image_captioning_Local/Flickr30K/flickr30k_images/flickr30k_images/4161742484.jpg,person,0.7792776823043823,138.90147399902344,166.3186492919922,172.20166015625,245.88436889648438,12
Flickr30K/4161742484.jpg,/content/Image_captioning_Local/Flickr30K/flickr30k_images/flickr30k_images/4161742484.jpg,person,0.7656236290931702,419.6019287109375,162.59820556640625,447.4410095214844,235.5603485107422,12
Flickr30K/4161742484.jpg,/content/Image_captioning_Local/Flickr30K/flickr30k_images/flickr30k_images/4161742484.jpg,person,0.6933040618896484,397.41009521484375,144.68235778808594,419.6364440917969,202.63963317871094,12
Flickr30K/4161742484.jpg,/content/Image_captioning_Local/Flickr30K/flickr30k_images/flickr30k_images/4161742484.jpg,person,0.6850826144218445,301.7990417480469,154.82220458984375,326.00872802734375,224.96847534179688,12
Flickr30K/4161742484.jpg,/content/Image_captioning_Local/Flickr30K/flickr30k_images/flickr30k_images/4161742484.jpg,person,0.6124551892280579,263.0520324707031,142.2773895263672,293.73583984375,209.85865783691406,12
Flickr30K/4161742484.jpg,/content/Image_captioning_Local/Flickr30K/flickr30k_images/flickr30k_images/4161742484.jpg,person,0.555480420589447,164.12353515625,156.63607788085938,192.64674377441406,240.6229248046875,12
Flickr30K/4161742484.jpg,/content/Image_captioning_Local/Flickr30K/flickr30k_images/flickr30k_images/4161742484.jpg,person,0.543777585029602,494.0663757324219,170.36297607421875,499.8647155761719,232.76651000976562,12
Flickr30K/4161742484.jpg,/content/Image_captioning_Local/Flickr30K/flickr30k_images/flickr30k_images/4161742484.jpg,person,0.4811731278896332,213.66665649414062,151.24790954589844,235.7783966064453,219.10946655273438,12
Flickr30K/4161742484.jpg,/content/Image_captioning_Local/Flickr30K/flickr30k_images/flickr30k_images/4161742484.jpg,person,0.42055749893188477,317.4019470214844,134.8150177001953,335.533203125,206.92282104492188,12
Flickr30K/4161742484.jpg,/content/Image_captioning_Local/Flickr30K/flickr30k_images/flickr30k_images/4161742484.jpg,person,0.41889792680740356,248.55677795410156,146.7190704345703,269.7685852050781,207.08436584472656,12
Flickr30K/4161742484.jpg,/content/Image_captioning_Local/Flickr30K/flickr30k_images/flickr30k_images/4161742484.jpg,person,0.31580787897109985,197.83587646484375,143.05661010742188,215.15989685058594,205.4461212158203,12
Flickr30K/4161742484.jpg,/content/Image_captioning_Local/Flickr30K/flickr30k_images/flickr30k_images/4161742484.jpg,person,0.26996463537216187,231.21995544433594,150.0111541748047,246.83761596679688,216.89520263671875,12
Flickr30K/4161829222.jpg,/content/Image_captioning_Local/Flickr30K/flickr30k_images/flickr30k_images/4161829222.jpg,person,0.8911152482032776,101.5879898071289,100.93267059326172,151.88241577148438,178.29429626464844,3
Flickr30K/4161829222.jpg,/content/Image_captioning_Local/Flickr30K/flickr30k_images/flickr30k_images/4161829222.jpg,car,0.8254225254058838,0.07443428039550781,147.28469848632812,118.37325286865234,233.5634765625,3
Flickr30K/4161829222.jpg,/content/Image_captioning_Local/Flickr30K/flickr30k_images/flickr30k_images/4161829222.jpg,car,0.26598313450813293,301.57989501953125,237.00180053710938,499.4349060058594,326.49029541015625,3
Flickr30K/4162702.jpg,/content/Image_captioning_Local/Flickr30K/flickr30k_images/flickr30k_images/4162702.jpg,person,0.914673924446106,263.326171875,151.33090209960938,319.3896179199219,297.4345703125,2
Flickr30K/4162702.jpg,/content/Image_captioning_Local/Flickr30K/flickr30k_images/flickr30k_images/4162702.jpg,person,0.9075457453727722,198.9088134765625,139.2941436767578,252.90655517578125,289.36566162109375,2
Flickr30K/416272701.jpg,/content/Image_captioning_Local/Flickr30K/flickr30k_images/flickr30k_images/416272701.jpg,person,0.8068996667861938,277.80999755859375,138.93251037597656,332.90203857421875,331.08709716796875,11
Flickr30K/416272701.jpg,/content/Image_captioning_Local/Flickr30K/flickr30k_images/flickr30k_images/416272701.jpg,person,0.6891350746154785,51.81615447998047,104.0556411743164,300.4462890625,464.3694763183594,11
Flickr30K/416272701.jpg,/content/Image_captioning_Local/Flickr30K/flickr30k_images/flickr30k_images/416272701.jpg,person,0.6130992770195007,246.66990661621094,176.58326721191406,274.3547058105469,271.10198974609375,11
Flickr30K/416272701.jpg,/content/Image_captioning_Local/Flickr30K/flickr30k_images/flickr30k_images/416272701.jpg,person,0.6069847345352173,270.84942626953125,172.4778594970703,298.95306396484375,272.1491394042969,11
Flickr30K/416272701.jpg,/content/Image_captioning_Local/Flickr30K/flickr30k_images/flickr30k_images/416272701.jpg,person,0.4815308451652527,51.487327575683594,104.58736419677734,208.70631408691406,470.9337158203125,11
Flickr30K/416272701.jpg,/content/Image_captioning_Local/Flickr30K/flickr30k_images/flickr30k_images/416272701.jpg,person,0.4101409614086151,3.430229425430298,132.58230590820312,73.59165954589844,335.9866027832031,11
Flickr30K/416272701.jpg,/content/Image_captioning_Local/Flickr30K/flickr30k_images/flickr30k_images/416272701.jpg,person,0.3807886242866516,198.50701904296875,125.74331665039062,248.94198608398438,271.6643981933594,11
Flickr30K/416272701.jpg,/content/Image_captioning_Local/Flickr30K/flickr30k_images/flickr30k_images/416272701.jpg,handbag,0.3252691328525543,87.51678466796875,289.7518615722656,145.3683319091797,364.1282043457031,11
Flickr30K/416272701.jpg,/content/Image_captioning_Local/Flickr30K/flickr30k_images/flickr30k_images/416272701.jpg,person,0.2863074839115143,197.83596801757812,126.30686950683594,248.4666748046875,225.54116821289062,11
Flickr30K/416272701.jpg,/content/Image_captioning_Local/Flickr30K/flickr30k_images/flickr30k_images/416272701.jpg,person,0.2825869619846344,1.4408111572265625,132.8352813720703,48.360992431640625,338.3509521484375,11
Flickr30K/416272701.jpg,/content/Image_captioning_Local/Flickr30K/flickr30k_images/flickr30k_images/416272701.jpg,person,0.2819507122039795,271.63287353515625,172.76913452148438,299.1510009765625,209.88919067382812,11
Flickr30K/4162939402.jpg,/content/Image_captioning_Local/Flickr30K/flickr30k_images/flickr30k_images/4162939402.jpg,person,0.905772864818573,7.702529430389404,238.72528076171875,87.28963470458984,499.3939514160156,10
Flickr30K/4162939402.jpg,/content/Image_captioning_Local/Flickr30K/flickr30k_images/flickr30k_images/4162939402.jpg,person,0.8225464820861816,108.36425018310547,263.5390625,162.38755798339844,411.75927734375,10
Flickr30K/4162939402.jpg,/content/Image_captioning_Local/Flickr30K/flickr30k_images/flickr30k_images/4162939402.jpg,handbag,0.7506729364395142,100.78716278076172,279.0204772949219,134.08389282226562,338.0469970703125,10
Flickr30K/4162939402.jpg,/content/Image_captioning_Local/Flickr30K/flickr30k_images/flickr30k_images/4162939402.jpg,person,0.7076711058616638,209.74989318847656,259.958251953125,250.59796142578125,362.2839660644531,10
Flickr30K/4162939402.jpg,/content/Image_captioning_Local/Flickr30K/flickr30k_images/flickr30k_images/4162939402.jpg,person,0.6956533193588257,0.0,246.5096893310547,34.32183074951172,498.78546142578125,10
Flickr30K/4162939402.jpg,/content/Image_captioning_Local/Flickr30K/flickr30k_images/flickr30k_images/4162939402.jpg,person,0.6027162075042725,78.20558166503906,252.55575561523438,119.64254760742188,322.2846374511719,10
Flickr30K/4162939402.jpg,/content/Image_captioning_Local/Flickr30K/flickr30k_images/flickr30k_images/4162939402.jpg,person,0.5249037742614746,83.82229614257812,269.19549560546875,117.09794616699219,398.19232177734375,10
Flickr30K/4162939402.jpg,/content/Image_captioning_Local/Flickr30K/flickr30k_images/flickr30k_images/4162939402.jpg,handbag,0.35551002621650696,75.86195373535156,304.392578125,108.09564208984375,347.44439697265625,10
Flickr30K/4162939402.jpg,/content/Image_captioning_Local/Flickr30K/flickr30k_images/flickr30k_images/4162939402.jpg,person,0.2622481882572174,0.0,251.0032196044922,11.339020729064941,292.0198059082031,10
Flickr30K/4162939402.jpg,/content/Image_captioning_Local/Flickr30K/flickr30k_images/flickr30k_images/4162939402.jpg,person,0.26160329580307007,0.0,244.08779907226562,34.587501525878906,307.045654296875,10
Flickr30K/4163406887.jpg,/content/Image_captioning_Local/Flickr30K/flickr30k_images/flickr30k_images/4163406887.jpg,person,0.9230942726135254,98.1299057006836,83.62787628173828,167.80982971191406,303.033447265625,3
Flickr30K/4163406887.jpg,/content/Image_captioning_Local/Flickr30K/flickr30k_images/flickr30k_images/4163406887.jpg,person,0.9087510108947754,226.80401611328125,26.476669311523438,355.4100036621094,232.39817810058594,3
Flickr30K/4163406887.jpg,/content/Image_captioning_Local/Flickr30K/flickr30k_images/flickr30k_images/4163406887.jpg,horse,0.5841794013977051,200.67591857910156,90.78703308105469,411.3029479980469,295.8512878417969,3
Flickr30K/416350089.jpg,/content/Image_captioning_Local/Flickr30K/flickr30k_images/flickr30k_images/416350089.jpg,person,0.9105185270309448,125.59945678710938,56.92472457885742,222.26681518554688,356.5810241699219,5
Flickr30K/416350089.jpg,/content/Image_captioning_Local/Flickr30K/flickr30k_images/flickr30k_images/416350089.jpg,bicycle,0.8286849856376648,228.7578125,135.12588500976562,439.4576110839844,305.1283264160156,5
Flickr30K/416350089.jpg,/content/Image_captioning_Local/Flickr30K/flickr30k_images/flickr30k_images/416350089.jpg,chair,0.5630860924720764,16.927772521972656,143.6420440673828,74.57589721679688,193.792724609375,5
Flickr30K/416350089.jpg,/content/Image_captioning_Local/Flickr30K/flickr30k_images/flickr30k_images/416350089.jpg,laptop,0.5273624062538147,0.030823051929473877,143.33416748046875,11.461215019226074,190.19496154785156,5
Flickr30K/416350089.jpg,/content/Image_captioning_Local/Flickr30K/flickr30k_images/flickr30k_images/416350089.jpg,laptop,0.2660543620586395,17.077821731567383,143.6978302001953,74.01741027832031,193.5261688232422,5
Flickr30K/4163617605.jpg,/content/Image_captioning_Local/Flickr30K/flickr30k_images/flickr30k_images/4163617605.jpg,person,0.8248377442359924,15.306520462036133,68.64723205566406,459.67864990234375,371.6353759765625,1
Flickr30K/4164879525.jpg,/content/Image_captioning_Local/Flickr30K/flickr30k_images/flickr30k_images/4164879525.jpg,person,0.9395496249198914,18.409854888916016,19.959688186645508,208.57760620117188,450.56890869140625,5
Flickr30K/4164879525.jpg,/content/Image_captioning_Local/Flickr30K/flickr30k_images/flickr30k_images/4164879525.jpg,person,0.29001113772392273,386.5245361328125,103.34828186035156,471.86273193359375,183.95945739746094,5
Flickr30K/4164879525.jpg,/content/Image_captioning_Local/Flickr30K/flickr30k_images/flickr30k_images/4164879525.jpg,person,0.27653175592422485,385.2637023925781,1.608419418334961,499.76397705078125,204.2053680419922,5
Flickr30K/4164879525.jpg,/content/Image_captioning_Local/Flickr30K/flickr30k_images/flickr30k_images/4164879525.jpg,umbrella,0.2727995216846466,391.6654968261719,0.6724715232849121,499.3903503417969,118.34323120117188,5
Flickr30K/4164879525.jpg,/content/Image_captioning_Local/Flickr30K/flickr30k_images/flickr30k_images/4164879525.jpg,person,0.2620886266231537,447.8632507324219,111.12166595458984,499.9477844238281,456.56243896484375,5
Flickr30K/4165414625.jpg,/content/Image_captioning_Local/Flickr30K/flickr30k_images/flickr30k_images/4165414625.jpg,person,0.8794480562210083,79.67900085449219,156.9134521484375,221.07095336914062,395.8216552734375,10
Flickr30K/4165414625.jpg,/content/Image_captioning_Local/Flickr30K/flickr30k_images/flickr30k_images/4165414625.jpg,person,0.8765618801116943,5.081844329833984,129.59939575195312,95.77715301513672,455.3209228515625,10
Flickr30K/4165414625.jpg,/content/Image_captioning_Local/Flickr30K/flickr30k_images/flickr30k_images/4165414625.jpg,pizza,0.8641985654830933,125.69451141357422,334.1885070800781,195.52149963378906,357.7400817871094,10
Flickr30K/4165414625.jpg,/content/Image_captioning_Local/Flickr30K/flickr30k_images/flickr30k_images/4165414625.jpg,pizza,0.8476758599281311,216.29385375976562,355.8285217285156,300.3726501464844,384.7054138183594,10
Flickr30K/4165414625.jpg,/content/Image_captioning_Local/Flickr30K/flickr30k_images/flickr30k_images/4165414625.jpg,person,0.8303281664848328,278.6005859375,166.5926055908203,327.4283447265625,314.3526916503906,10
Flickr30K/4165414625.jpg,/content/Image_captioning_Local/Flickr30K/flickr30k_images/flickr30k_images/4165414625.jpg,pizza,0.6924417614936829,208.52737426757812,315.9421081542969,271.3279724121094,333.290771484375,10
Flickr30K/4165414625.jpg,/content/Image_captioning_Local/Flickr30K/flickr30k_images/flickr30k_images/4165414625.jpg,bowl,0.46905261278152466,259.1924743652344,270.6875915527344,297.3742370605469,298.0582275390625,10
Flickr30K/4165414625.jpg,/content/Image_captioning_Local/Flickr30K/flickr30k_images/flickr30k_images/4165414625.jpg,pizza,0.4256954491138458,205.3631134033203,303.4762878417969,253.62403869628906,316.0174865722656,10
Flickr30K/4165414625.jpg,/content/Image_captioning_Local/Flickr30K/flickr30k_images/flickr30k_images/4165414625.jpg,person,0.4104851186275482,155.97491455078125,161.5424346923828,189.74356079101562,223.51358032226562,10
Flickr30K/4165414625.jpg,/content/Image_captioning_Local/Flickr30K/flickr30k_images/flickr30k_images/4165414625.jpg,dining table,0.399750292301178,58.35722732543945,267.2451477050781,325.9188537597656,499.5858154296875,10
Flickr30K/416551084.jpg,/content/Image_captioning_Local/Flickr30K/flickr30k_images/flickr30k_images/416551084.jpg,person,0.9253873825073242,100.70254516601562,87.63084411621094,223.70741271972656,259.9143981933594,4
Flickr30K/416551084.jpg,/content/Image_captioning_Local/Flickr30K/flickr30k_images/flickr30k_images/416551084.jpg,backpack,0.5175499320030212,404.5389099121094,203.81375122070312,429.02069091796875,219.45486450195312,4
Flickr30K/416551084.jpg,/content/Image_captioning_Local/Flickr30K/flickr30k_images/flickr30k_images/416551084.jpg,person,0.5050073266029358,466.8805236816406,145.76034545898438,474.3536071777344,170.87954711914062,4
Flickr30K/416551084.jpg,/content/Image_captioning_Local/Flickr30K/flickr30k_images/flickr30k_images/416551084.jpg,backpack,0.44461679458618164,481.10284423828125,207.8148193359375,499.83673095703125,218.25592041015625,4
Flickr30K/416568642.jpg,/content/Image_captioning_Local/Flickr30K/flickr30k_images/flickr30k_images/416568642.jpg,person,0.9130135774612427,80.84115600585938,78.27577209472656,324.03631591796875,498.64483642578125,1
Flickr30K/4166059793.jpg,/content/Image_captioning_Local/Flickr30K/flickr30k_images/flickr30k_images/4166059793.jpg,chair,0.9225568175315857,316.8997802734375,145.2384490966797,499.78857421875,371.9949645996094,10
Flickr30K/4166059793.jpg,/content/Image_captioning_Local/Flickr30K/flickr30k_images/flickr30k_images/4166059793.jpg,person,0.9112011790275574,221.7323760986328,19.428741455078125,479.228271484375,371.56201171875,10
Flickr30K/4166059793.jpg,/content/Image_captioning_Local/Flickr30K/flickr30k_images/flickr30k_images/4166059793.jpg,person,0.8859408497810364,127.24147033691406,86.95379638671875,286.2146301269531,370.55181884765625,10
Flickr30K/4166059793.jpg,/content/Image_captioning_Local/Flickr30K/flickr30k_images/flickr30k_images/4166059793.jpg,person,0.8621111512184143,0.17533302307128906,45.3277587890625,92.62648010253906,371.8511657714844,10
Flickr30K/4166059793.jpg,/content/Image_captioning_Local/Flickr30K/flickr30k_images/flickr30k_images/4166059793.jpg,person,0.6618062257766724,72.63697052001953,126.41763305664062,157.7007598876953,318.1607666015625,10
Flickr30K/4166059793.jpg,/content/Image_captioning_Local/Flickr30K/flickr30k_images/flickr30k_images/4166059793.jpg,person,0.6082366704940796,0.24514198303222656,44.43216323852539,129.62277221679688,358.1639709472656,10
Flickr30K/4166059793.jpg,/content/Image_captioning_Local/Flickr30K/flickr30k_images/flickr30k_images/4166059793.jpg,pizza,0.40797820687294006,261.1612854003906,148.56219482421875,359.5102844238281,215.71636962890625,10
Flickr30K/4166059793.jpg,/content/Image_captioning_Local/Flickr30K/flickr30k_images/flickr30k_images/4166059793.jpg,person,0.3907845616340637,0.16850829124450684,288.5862731933594,34.0894660949707,373.3258361816406,10
Flickr30K/4166059793.jpg,/content/Image_captioning_Local/Flickr30K/flickr30k_images/flickr30k_images/4166059793.jpg,book,0.3723159730434418,261.1492614746094,148.50819396972656,359.37188720703125,215.9572296142578,10
Flickr30K/4166059793.jpg,/content/Image_captioning_Local/Flickr30K/flickr30k_images/flickr30k_images/4166059793.jpg,person,0.3591773211956024,48.46343994140625,109.17672729492188,128.7733612060547,345.8169860839844,10
Flickr30K/4166066769.jpg,/content/Image_captioning_Local/Flickr30K/flickr30k_images/flickr30k_images/4166066769.jpg,person,0.9117584228515625,0.15796422958374023,102.46099090576172,133.23699951171875,373.136474609375,14
Flickr30K/4166066769.jpg,/content/Image_captioning_Local/Flickr30K/flickr30k_images/flickr30k_images/4166066769.jpg,person,0.9115899801254272,320.9778137207031,104.85562133789062,492.79595947265625,269.585693359375,14
Flickr30K/4166066769.jpg,/content/Image_captioning_Local/Flickr30K/flickr30k_images/flickr30k_images/4166066769.jpg,person,0.9109099507331848,192.98414611816406,86.58322143554688,279.8067626953125,255.63278198242188,14
Flickr30K/4166066769.jpg,/content/Image_captioning_Local/Flickr30K/flickr30k_images/flickr30k_images/4166066769.jpg,person,0.8858335614204407,170.6932373046875,17.946434020996094,241.42239379882812,108.59117126464844,14
Flickr30K/4166066769.jpg,/content/Image_captioning_Local/Flickr30K/flickr30k_images/flickr30k_images/4166066769.jpg,person,0.8650593161582947,26.69915008544922,103.71500396728516,136.1406707763672,281.2816162109375,14
Flickr30K/4166066769.jpg,/content/Image_captioning_Local/Flickr30K/flickr30k_images/flickr30k_images/4166066769.jpg,person,0.852149486541748,136.32974243164062,98.51150512695312,212.89236450195312,262.5554504394531,14
Flickr30K/4166066769.jpg,/content/Image_captioning_Local/Flickr30K/flickr30k_images/flickr30k_images/4166066769.jpg,chair,0.7245013117790222,354.82891845703125,113.24534606933594,431.98089599609375,203.80487060546875,14
Flickr30K/4166066769.jpg,/content/Image_captioning_Local/Flickr30K/flickr30k_images/flickr30k_images/4166066769.jpg,person,0.6596524715423584,146.45242309570312,76.95181274414062,180.35240173339844,106.9326171875,14
Flickr30K/4166066769.jpg,/content/Image_captioning_Local/Flickr30K/flickr30k_images/flickr30k_images/4166066769.jpg,chair,0.5276930332183838,110.37471008300781,107.70092010498047,151.46853637695312,196.25015258789062,14
Flickr30K/4166066769.jpg,/content/Image_captioning_Local/Flickr30K/flickr30k_images/flickr30k_images/4166066769.jpg,chair,0.4249509274959564,73.0826644897461,108.51423645019531,108.59761047363281,156.8369903564453,14
Flickr30K/4166066769.jpg,/content/Image_captioning_Local/Flickr30K/flickr30k_images/flickr30k_images/4166066769.jpg,chair,0.3828018605709076,111.47909545898438,106.76712036132812,241.261474609375,254.71139526367188,14
Flickr30K/4166066769.jpg,/content/Image_captioning_Local/Flickr30K/flickr30k_images/flickr30k_images/4166066769.jpg,chair,0.37623271346092224,67.95135498046875,108.70179748535156,120.69835662841797,197.540283203125,14
Flickr30K/4166066769.jpg,/content/Image_captioning_Local/Flickr30K/flickr30k_images/flickr30k_images/4166066769.jpg,person,0.3224041163921356,98.08197784423828,82.63499450683594,144.5708770751953,120.00408172607422,14
Flickr30K/4166066769.jpg,/content/Image_captioning_Local/Flickr30K/flickr30k_images/flickr30k_images/4166066769.jpg,chair,0.2675318717956543,186.50732421875,109.02273559570312,204.3977508544922,137.2449188232422,14
Flickr30K/4166073903.jpg,/content/Image_captioning_Local/Flickr30K/flickr30k_images/flickr30k_images/4166073903.jpg,person,0.8496941328048706,54.461448669433594,215.46578979492188,170.53492736816406,373.3904724121094,16
Flickr30K/4166073903.jpg,/content/Image_captioning_Local/Flickr30K/flickr30k_images/flickr30k_images/4166073903.jpg,person,0.8152711987495422,165.39401245117188,68.7225341796875,250.5645751953125,206.1278839111328,16
Flickr30K/4166073903.jpg,/content/Image_captioning_Local/Flickr30K/flickr30k_images/flickr30k_images/4166073903.jpg,person,0.803290605545044,159.1426544189453,167.9575958251953,249.0269012451172,359.3047180175781,16
Flickr30K/4166073903.jpg,/content/Image_captioning_Local/Flickr30K/flickr30k_images/flickr30k_images/4166073903.jpg,person,0.7676355242729187,366.7156677246094,69.82722473144531,472.2208557128906,345.1136474609375,16
Flickr30K/4166073903.jpg,/content/Image_captioning_Local/Flickr30K/flickr30k_images/flickr30k_images/4166073903.jpg,person,0.7287048101425171,231.32977294921875,122.03413391113281,380.5000915527344,372.9122619628906,16
Flickr30K/4166073903.jpg,/content/Image_captioning_Local/Flickr30K/flickr30k_images/flickr30k_images/4166073903.jpg,person,0.6544203758239746,447.4356689453125,111.78961944580078,499.44390869140625,217.77772521972656,16
Flickr30K/4166073903.jpg,/content/Image_captioning_Local/Flickr30K/flickr30k_images/flickr30k_images/4166073903.jpg,chair,0.6476976871490479,388.6895751953125,203.38076782226562,486.8538513183594,372.2598876953125,16
Flickr30K/4166073903.jpg,/content/Image_captioning_Local/Flickr30K/flickr30k_images/flickr30k_images/4166073903.jpg,person,0.6120786070823669,181.1981964111328,157.09857177734375,340.2381286621094,373.0275573730469,16
Flickr30K/4166073903.jpg,/content/Image_captioning_Local/Flickr30K/flickr30k_images/flickr30k_images/4166073903.jpg,person,0.5192326903343201,133.0308837890625,141.4623565673828,200.7984161376953,309.2329406738281,16
Flickr30K/4166073903.jpg,/content/Image_captioning_Local/Flickr30K/flickr30k_images/flickr30k_images/4166073903.jpg,person,0.5010459423065186,358.4603271484375,112.69609832763672,403.9532165527344,204.6466522216797,16
Flickr30K/4166073903.jpg,/content/Image_captioning_Local/Flickr30K/flickr30k_images/flickr30k_images/4166073903.jpg,person,0.49954819679260254,462.54168701171875,274.67144775390625,499.7988586425781,374.0645751953125,16
Flickr30K/4166073903.jpg,/content/Image_captioning_Local/Flickr30K/flickr30k_images/flickr30k_images/4166073903.jpg,person,0.47329142689704895,73.82516479492188,131.07862854003906,151.6109161376953,233.00624084472656,16
Flickr30K/4166073903.jpg,/content/Image_captioning_Local/Flickr30K/flickr30k_images/flickr30k_images/4166073903.jpg,teddy bear,0.3565628230571747,0.08410811424255371,282.15850830078125,34.36891555786133,308.04962158203125,16
Flickr30K/4166073903.jpg,/content/Image_captioning_Local/Flickr30K/flickr30k_images/flickr30k_images/4166073903.jpg,chair,0.3533329665660858,463.16949462890625,202.44607543945312,485.4253845214844,245.701416015625,16
Flickr30K/4166073903.jpg,/content/Image_captioning_Local/Flickr30K/flickr30k_images/flickr30k_images/4166073903.jpg,person,0.308392196893692,144.43240356445312,168.79916381835938,200.4977264404297,293.172119140625,16
Flickr30K/4166073903.jpg,/content/Image_captioning_Local/Flickr30K/flickr30k_images/flickr30k_images/4166073903.jpg,person,0.2761194705963135,263.8963928222656,121.6485366821289,315.8491516113281,175.3976287841797,16
Flickr30K/4166168198.jpg,/content/Image_captioning_Local/Flickr30K/flickr30k_images/flickr30k_images/4166168198.jpg,person,0.9210613965988159,82.07366180419922,123.79917907714844,253.67405700683594,498.8930358886719,10
Flickr30K/4166168198.jpg,/content/Image_captioning_Local/Flickr30K/flickr30k_images/flickr30k_images/4166168198.jpg,donut,0.573043167591095,48.27167892456055,422.7694396972656,93.90595245361328,485.052978515625,10
Flickr30K/4166168198.jpg,/content/Image_captioning_Local/Flickr30K/flickr30k_images/flickr30k_images/4166168198.jpg,donut,0.5237488746643066,212.50439453125,295.6172790527344,254.75816345214844,333.1861267089844,10
Flickr30K/4166168198.jpg,/content/Image_captioning_Local/Flickr30K/flickr30k_images/flickr30k_images/4166168198.jpg,donut,0.4699017405509949,3.7705421447753906,429.7010498046875,52.7785530090332,496.214111328125,10
Flickr30K/4166168198.jpg,/content/Image_captioning_Local/Flickr30K/flickr30k_images/flickr30k_images/4166168198.jpg,donut,0.39958393573760986,46.46172332763672,328.3996276855469,78.91311645507812,370.2665710449219,10
Flickr30K/4166168198.jpg,/content/Image_captioning_Local/Flickr30K/flickr30k_images/flickr30k_images/4166168198.jpg,donut,0.3883887529373169,86.36813354492188,130.9499053955078,107.34610748291016,146.79856872558594,10
Flickr30K/4166168198.jpg,/content/Image_captioning_Local/Flickr30K/flickr30k_images/flickr30k_images/4166168198.jpg,donut,0.3575756251811981,106.70006561279297,130.72988891601562,124.09617614746094,148.28927612304688,10
Flickr30K/4166168198.jpg,/content/Image_captioning_Local/Flickr30K/flickr30k_images/flickr30k_images/4166168198.jpg,donut,0.3529711067676544,19.30158233642578,141.642333984375,47.22101593017578,157.52716064453125,10
Flickr30K/4166168198.jpg,/content/Image_captioning_Local/Flickr30K/flickr30k_images/flickr30k_images/4166168198.jpg,donut,0.3052465319633484,99.16848754882812,144.36349487304688,117.72999572753906,157.0631103515625,10
Flickr30K/4166168198.jpg,/content/Image_captioning_Local/Flickr30K/flickr30k_images/flickr30k_images/4166168198.jpg,donut,0.2960902452468872,80.79552459716797,144.90965270996094,99.95355224609375,156.74266052246094,10
Flickr30K/4166296106.jpg,/content/Image_captioning_Local/Flickr30K/flickr30k_images/flickr30k_images/4166296106.jpg,person,0.8201531171798706,231.09046936035156,176.97091674804688,269.086669921875,225.90899658203125,7
Flickr30K/4166296106.jpg,/content/Image_captioning_Local/Flickr30K/flickr30k_images/flickr30k_images/4166296106.jpg,person,0.8077923655509949,179.81935119628906,196.01846313476562,233.07366943359375,264.0321350097656,7
Flickr30K/4166296106.jpg,/content/Image_captioning_Local/Flickr30K/flickr30k_images/flickr30k_images/4166296106.jpg,person,0.6959094405174255,275.6008605957031,153.0700225830078,312.69622802734375,201.586669921875,7
Flickr30K/4166296106.jpg,/content/Image_captioning_Local/Flickr30K/flickr30k_images/flickr30k_images/4166296106.jpg,boat,0.5795033574104309,111.48346710205078,163.47608947753906,325.57171630859375,289.2417907714844,7
Flickr30K/4166296106.jpg,/content/Image_captioning_Local/Flickr30K/flickr30k_images/flickr30k_images/4166296106.jpg,person,0.28168222308158875,131.29873657226562,37.33121871948242,138.47007751464844,45.84291076660156,7
Flickr30K/4166296106.jpg,/content/Image_captioning_Local/Flickr30K/flickr30k_images/flickr30k_images/4166296106.jpg,boat,0.26562467217445374,110.783935546875,215.99325561523438,280.9914245605469,289.58612060546875,7
Flickr30K/4166296106.jpg,/content/Image_captioning_Local/Flickr30K/flickr30k_images/flickr30k_images/4166296106.jpg,boat,0.2618388831615448,261.08856201171875,163.43612670898438,326.17626953125,226.08380126953125,7
Flickr30K/416650559.jpg,/content/Image_captioning_Local/Flickr30K/flickr30k_images/flickr30k_images/416650559.jpg,person,0.8403763175010681,25.70939064025879,24.239826202392578,298.5843505859375,498.24420166015625,11
Flickr30K/416650559.jpg,/content/Image_captioning_Local/Flickr30K/flickr30k_images/flickr30k_images/416650559.jpg,person,0.742571234703064,256.4909362792969,183.3173370361328,317.8343811035156,246.0341033935547,11
Flickr30K/416650559.jpg,/content/Image_captioning_Local/Flickr30K/flickr30k_images/flickr30k_images/416650559.jpg,person,0.6950189471244812,0.0,200.29588317871094,44.1202278137207,339.729248046875,11
Flickr30K/416650559.jpg,/content/Image_captioning_Local/Flickr30K/flickr30k_images/flickr30k_images/416650559.jpg,bottle,0.6225939989089966,303.87249755859375,264.761962890625,319.4454345703125,306.5075988769531,11
Flickr30K/416650559.jpg,/content/Image_captioning_Local/Flickr30K/flickr30k_images/flickr30k_images/416650559.jpg,person,0.5959882140159607,5.963605880737305,173.98452758789062,34.63249206542969,206.31890869140625,11
Flickr30K/416650559.jpg,/content/Image_captioning_Local/Flickr30K/flickr30k_images/flickr30k_images/416650559.jpg,person,0.5767089128494263,293.0935974121094,162.05690002441406,331.6174621582031,214.772216796875,11
Flickr30K/416650559.jpg,/content/Image_captioning_Local/Flickr30K/flickr30k_images/flickr30k_images/416650559.jpg,chair,0.46068790555000305,0.0,297.6087646484375,30.890918731689453,398.931396484375,11
Flickr30K/416650559.jpg,/content/Image_captioning_Local/Flickr30K/flickr30k_images/flickr30k_images/416650559.jpg,person,0.45841121673583984,41.837764739990234,158.36544799804688,70.34771728515625,202.86793518066406,11
Flickr30K/416650559.jpg,/content/Image_captioning_Local/Flickr30K/flickr30k_images/flickr30k_images/416650559.jpg,chair,0.39184945821762085,0.006175041198730469,296.7980651855469,30.449962615966797,361.5479736328125,11
Flickr30K/416650559.jpg,/content/Image_captioning_Local/Flickr30K/flickr30k_images/flickr30k_images/416650559.jpg,person,0.35722318291664124,29.539321899414062,198.0121612548828,53.25307846069336,251.18966674804688,11
Flickr30K/416650559.jpg,/content/Image_captioning_Local/Flickr30K/flickr30k_images/flickr30k_images/416650559.jpg,dining table,0.348162442445755,281.1361389160156,242.11993408203125,333.0,343.5260314941406,11
Flickr30K/4166823584.jpg,/content/Image_captioning_Local/Flickr30K/flickr30k_images/flickr30k_images/4166823584.jpg,person,0.9151369333267212,121.59561920166016,95.75186157226562,264.4761657714844,246.43267822265625,6
Flickr30K/4166823584.jpg,/content/Image_captioning_Local/Flickr30K/flickr30k_images/flickr30k_images/4166823584.jpg,person,0.8875190019607544,245.06802368164062,104.64888000488281,361.2404479980469,222.57232666015625,6
Flickr30K/4166823584.jpg,/content/Image_captioning_Local/Flickr30K/flickr30k_images/flickr30k_images/4166823584.jpg,person,0.8112449645996094,305.756103515625,12.623554229736328,409.6018371582031,166.50714111328125,6
Flickr30K/4166823584.jpg,/content/Image_captioning_Local/Flickr30K/flickr30k_images/flickr30k_images/4166823584.jpg,dining table,0.4274662435054779,1.8177986145019531,194.9973602294922,498.9541931152344,372.9505920410156,6
Flickr30K/4166823584.jpg,/content/Image_captioning_Local/Flickr30K/flickr30k_images/flickr30k_images/4166823584.jpg,book,0.29681286215782166,33.31726837158203,57.93473815917969,103.89077758789062,124.51789093017578,6
Flickr30K/4166823584.jpg,/content/Image_captioning_Local/Flickr30K/flickr30k_images/flickr30k_images/4166823584.jpg,cake,0.29477056860923767,133.5948944091797,240.39840698242188,245.61224365234375,292.13580322265625,6
Flickr30K/4167423873.jpg,/content/Image_captioning_Local/Flickr30K/flickr30k_images/flickr30k_images/4167423873.jpg,person,0.89650559425354,287.8164367675781,152.76922607421875,374.3102111816406,332.3296203613281,15
Flickr30K/4167423873.jpg,/content/Image_captioning_Local/Flickr30K/flickr30k_images/flickr30k_images/4167423873.jpg,person,0.8955127000808716,376.2708740234375,164.9146270751953,418.88922119140625,247.92144775390625,15
Flickr30K/4167423873.jpg,/content/Image_captioning_Local/Flickr30K/flickr30k_images/flickr30k_images/4167423873.jpg,person,0.8644399046897888,163.61752319335938,154.82305908203125,201.27276611328125,262.84783935546875,15
Flickr30K/4167423873.jpg,/content/Image_captioning_Local/Flickr30K/flickr30k_images/flickr30k_images/4167423873.jpg,person,0.8112016916275024,399.4422912597656,153.29441833496094,474.45574951171875,295.0968322753906,15
Flickr30K/4167423873.jpg,/content/Image_captioning_Local/Flickr30K/flickr30k_images/flickr30k_images/4167423873.jpg,person,0.7348424792289734,42.23209762573242,191.5801544189453,81.49559783935547,222.79234313964844,15
Flickr30K/4167423873.jpg,/content/Image_captioning_Local/Flickr30K/flickr30k_images/flickr30k_images/4167423873.jpg,person,0.6977121233940125,216.26577758789062,177.09507751464844,280.8581237792969,319.91552734375,15
Flickr30K/4167423873.jpg,/content/Image_captioning_Local/Flickr30K/flickr30k_images/flickr30k_images/4167423873.jpg,umbrella,0.6557281613349915,87.6985092163086,0.5881071090698242,499.3537902832031,322.6893310546875,15
Flickr30K/4167423873.jpg,/content/Image_captioning_Local/Flickr30K/flickr30k_images/flickr30k_images/4167423873.jpg,boat,0.5827674865722656,0.2731114625930786,124.8240966796875,100.12271118164062,160.97860717773438,15
Flickr30K/4167423873.jpg,/content/Image_captioning_Local/Flickr30K/flickr30k_images/flickr30k_images/4167423873.jpg,boat,0.5593847632408142,0.02098977565765381,138.8909149169922,8.478468894958496,162.49868774414062,15
Flickr30K/4167423873.jpg,/content/Image_captioning_Local/Flickr30K/flickr30k_images/flickr30k_images/4167423873.jpg,bowl,0.5080130696296692,183.44569396972656,241.26458740234375,225.4458465576172,272.35894775390625,15
Flickr30K/4167423873.jpg,/content/Image_captioning_Local/Flickr30K/flickr30k_images/flickr30k_images/4167423873.jpg,boat,0.4450052082538605,99.83329010009766,146.7093505859375,182.91363525390625,158.9815673828125,15
Flickr30K/4167423873.jpg,/content/Image_captioning_Local/Flickr30K/flickr30k_images/flickr30k_images/4167423873.jpg,bottle,0.32684147357940674,141.62168884277344,339.26275634765625,163.5826416015625,370.85589599609375,15
Flickr30K/4167423873.jpg,/content/Image_captioning_Local/Flickr30K/flickr30k_images/flickr30k_images/4167423873.jpg,boat,0.32661134004592896,320.02197265625,171.08786010742188,391.13250732421875,195.07557678222656,15
Flickr30K/4167423873.jpg,/content/Image_captioning_Local/Flickr30K/flickr30k_images/flickr30k_images/4167423873.jpg,person,0.28329384326934814,215.74778747558594,175.91781616210938,308.69793701171875,329.51165771484375,15
Flickr30K/4167423873.jpg,/content/Image_captioning_Local/Flickr30K/flickr30k_images/flickr30k_images/4167423873.jpg,umbrella,0.2566927671432495,88.62213897705078,0.7788896560668945,497.8174743652344,176.48170471191406,15
Flickr30K/416788726.jpg,/content/Image_captioning_Local/Flickr30K/flickr30k_images/flickr30k_images/416788726.jpg,person,0.9067729115486145,328.2086486816406,237.99586486816406,381.8835144042969,399.0,11
Flickr30K/416788726.jpg,/content/Image_captioning_Local/Flickr30K/flickr30k_images/flickr30k_images/416788726.jpg,person,0.9018973112106323,404.3221435546875,204.856201171875,473.7008056640625,394.8309020996094,11
Flickr30K/416788726.jpg,/content/Image_captioning_Local/Flickr30K/flickr30k_images/flickr30k_images/416788726.jpg,person,0.8881818056106567,240.63584899902344,209.31382751464844,306.4639892578125,397.6341247558594,11
Flickr30K/416788726.jpg,/content/Image_captioning_Local/Flickr30K/flickr30k_images/flickr30k_images/416788726.jpg,person,0.8861414194107056,294.68267822265625,182.92608642578125,378.33099365234375,395.6247253417969,11
Flickr30K/416788726.jpg,/content/Image_captioning_Local/Flickr30K/flickr30k_images/flickr30k_images/416788726.jpg,person,0.8647327423095703,365.3935546875,217.22645568847656,423.6575927734375,398.3735656738281,11
Flickr30K/416788726.jpg,/content/Image_captioning_Local/Flickr30K/flickr30k_images/flickr30k_images/416788726.jpg,person,0.8606205582618713,51.381324768066406,18.4267635345459,176.44300842285156,346.2972106933594,11
Flickr30K/416788726.jpg,/content/Image_captioning_Local/Flickr30K/flickr30k_images/flickr30k_images/416788726.jpg,person,0.8257516026496887,182.23568725585938,192.77972412109375,245.48309326171875,328.6314392089844,11
Flickr30K/416788726.jpg,/content/Image_captioning_Local/Flickr30K/flickr30k_images/flickr30k_images/416788726.jpg,person,0.5519657135009766,113.32433319091797,194.42994689941406,142.91102600097656,275.4086608886719,11
Flickr30K/416788726.jpg,/content/Image_captioning_Local/Flickr30K/flickr30k_images/flickr30k_images/416788726.jpg,person,0.4375253915786743,461.6519470214844,191.71429443359375,499.80426025390625,391.86572265625,11
Flickr30K/416788726.jpg,/content/Image_captioning_Local/Flickr30K/flickr30k_images/flickr30k_images/416788726.jpg,skateboard,0.38416147232055664,263.9827880859375,283.5584716796875,308.45574951171875,397.4176330566406,11
Flickr30K/416788726.jpg,/content/Image_captioning_Local/Flickr30K/flickr30k_images/flickr30k_images/416788726.jpg,chair,0.3724227249622345,53.748165130615234,339.71661376953125,119.46929931640625,398.60516357421875,11
Flickr30K/416825249.jpg,/content/Image_captioning_Local/Flickr30K/flickr30k_images/flickr30k_images/416825249.jpg,person,0.803083598613739,6.972837448120117,103.76628875732422,372.8508605957031,499.3706359863281,2
Flickr30K/416825249.jpg,/content/Image_captioning_Local/Flickr30K/flickr30k_images/flickr30k_images/416825249.jpg,bench,0.2944665253162384,301.60162353515625,165.3544921875,374.31524658203125,188.4878692626953,2
Flickr30K/416840980.jpg,/content/Image_captioning_Local/Flickr30K/flickr30k_images/flickr30k_images/416840980.jpg,person,0.9257124662399292,24.449634552001953,31.066513061523438,474.0115051269531,282.6613464355469,1
Flickr30K/4168953376.jpg,/content/Image_captioning_Local/Flickr30K/flickr30k_images/flickr30k_images/4168953376.jpg,person,0.9212268590927124,84.63084411621094,148.49853515625,170.59922790527344,363.3282775878906,18
Flickr30K/4168953376.jpg,/content/Image_captioning_Local/Flickr30K/flickr30k_images/flickr30k_images/4168953376.jpg,person,0.9013075232505798,191.10531616210938,128.343017578125,256.46405029296875,322.9600830078125,18
Flickr30K/4168953376.jpg,/content/Image_captioning_Local/Flickr30K/flickr30k_images/flickr30k_images/4168953376.jpg,person,0.8974774479866028,244.10137939453125,150.24256896972656,302.7369079589844,346.84649658203125,18
Flickr30K/4168953376.jpg,/content/Image_captioning_Local/Flickr30K/flickr30k_images/flickr30k_images/4168953376.jpg,chair,0.7845309376716614,442.1263732910156,208.85653686523438,466.1307373046875,256.2738952636719,18
Flickr30K/4168953376.jpg,/content/Image_captioning_Local/Flickr30K/flickr30k_images/flickr30k_images/4168953376.jpg,truck,0.7460761070251465,2.327108383178711,1.7670750617980957,300.6194152832031,332.13690185546875,18
Flickr30K/4168953376.jpg,/content/Image_captioning_Local/Flickr30K/flickr30k_images/flickr30k_images/4168953376.jpg,person,0.6595668792724609,47.514617919921875,83.25984191894531,103.72201538085938,169.2627716064453,18
Flickr30K/4168953376.jpg,/content/Image_captioning_Local/Flickr30K/flickr30k_images/flickr30k_images/4168953376.jpg,chair,0.6572166085243225,309.6559143066406,201.84835815429688,334.7117004394531,249.3533172607422,18
Flickr30K/4168953376.jpg,/content/Image_captioning_Local/Flickr30K/flickr30k_images/flickr30k_images/4168953376.jpg,dining table,0.5928376913070679,386.69244384765625,205.97763061523438,446.8201599121094,257.5079040527344,18
Flickr30K/4168953376.jpg,/content/Image_captioning_Local/Flickr30K/flickr30k_images/flickr30k_images/4168953376.jpg,chair,0.5249923467636108,345.3752136230469,197.3660888671875,362.3951416015625,239.82510375976562,18
Flickr30K/4168953376.jpg,/content/Image_captioning_Local/Flickr30K/flickr30k_images/flickr30k_images/4168953376.jpg,person,0.5031270384788513,369.3558349609375,180.21998596191406,393.080078125,222.34120178222656,18
Flickr30K/4168953376.jpg,/content/Image_captioning_Local/Flickr30K/flickr30k_images/flickr30k_images/4168953376.jpg,person,0.4257679581642151,435.4467468261719,179.89183044433594,468.2281494140625,227.81939697265625,18
Flickr30K/4168953376.jpg,/content/Image_captioning_Local/Flickr30K/flickr30k_images/flickr30k_images/4168953376.jpg,chair,0.4213927388191223,330.0815124511719,201.5949249267578,344.98114013671875,245.969970703125,18
Flickr30K/4168953376.jpg,/content/Image_captioning_Local/Flickr30K/flickr30k_images/flickr30k_images/4168953376.jpg,person,0.39533114433288574,403.5492858886719,169.71473693847656,423.65045166015625,201.69354248046875,18
Flickr30K/4168953376.jpg,/content/Image_captioning_Local/Flickr30K/flickr30k_images/flickr30k_images/4168953376.jpg,chair,0.37521448731422424,368.83331298828125,204.6326904296875,391.1229553222656,253.72349548339844,18
Flickr30K/4168953376.jpg,/content/Image_captioning_Local/Flickr30K/flickr30k_images/flickr30k_images/4168953376.jpg,person,0.36323365569114685,305.9939880371094,174.79248046875,334.2210388183594,226.06497192382812,18
Flickr30K/4168953376.jpg,/content/Image_captioning_Local/Flickr30K/flickr30k_images/flickr30k_images/4168953376.jpg,chair,0.3435395658016205,358.5384826660156,197.82418823242188,372.6432189941406,237.684814453125,18
Flickr30K/4168953376.jpg,/content/Image_captioning_Local/Flickr30K/flickr30k_images/flickr30k_images/4168953376.jpg,person,0.3377828896045685,384.8764343261719,174.62449645996094,402.969970703125,208.0333709716797,18
Flickr30K/4168953376.jpg,/content/Image_captioning_Local/Flickr30K/flickr30k_images/flickr30k_images/4168953376.jpg,person,0.31164777278900146,358.3362121582031,174.52268981933594,372.3263244628906,199.93057250976562,18
Flickr30K/4168954238.jpg,/content/Image_captioning_Local/Flickr30K/flickr30k_images/flickr30k_images/4168954238.jpg,person,0.8789350390434265,40.47079086303711,140.9757080078125,142.9225616455078,301.4562072753906,34
Flickr30K/4168954238.jpg,/content/Image_captioning_Local/Flickr30K/flickr30k_images/flickr30k_images/4168954238.jpg,wine glass,0.8527851700782776,126.11224365234375,318.5080871582031,158.05340576171875,370.9653015136719,34
Flickr30K/4168954238.jpg,/content/Image_captioning_Local/Flickr30K/flickr30k_images/flickr30k_images/4168954238.jpg,person,0.8483923077583313,132.4230499267578,163.25665283203125,217.4879150390625,290.5390319824219,34
Flickr30K/4168954238.jpg,/content/Image_captioning_Local/Flickr30K/flickr30k_images/flickr30k_images/4168954238.jpg,bottle,0.8352017998695374,171.13287353515625,241.38717651367188,195.95053100585938,326.4861145019531,34
Flickr30K/4168954238.jpg,/content/Image_captioning_Local/Flickr30K/flickr30k_images/flickr30k_images/4168954238.jpg,cup,0.8171321153640747,149.24537658691406,285.4961853027344,171.7952423095703,322.5787658691406,34
Flickr30K/4168954238.jpg,/content/Image_captioning_Local/Flickr30K/flickr30k_images/flickr30k_images/4168954238.jpg,person,0.7827416658401489,0.06321370601654053,156.86773681640625,49.84098815917969,350.01409912109375,34
Flickr30K/4168954238.jpg,/content/Image_captioning_Local/Flickr30K/flickr30k_images/flickr30k_images/4168954238.jpg,bottle,0.7644826769828796,194.80496215820312,230.5950164794922,224.28564453125,329.0396728515625,34
Flickr30K/4168954238.jpg,/content/Image_captioning_Local/Flickr30K/flickr30k_images/flickr30k_images/4168954238.jpg,person,0.7541139721870422,353.2994079589844,212.66378784179688,499.8604736328125,372.87994384765625,34
Flickr30K/4168954238.jpg,/content/Image_captioning_Local/Flickr30K/flickr30k_images/flickr30k_images/4168954238.jpg,person,0.7473223209381104,210.67161560058594,152.1393585205078,289.3708190917969,255.86331176757812,34
Flickr30K/4168954238.jpg,/content/Image_captioning_Local/Flickr30K/flickr30k_images/flickr30k_images/4168954238.jpg,person,0.7089170813560486,130.36074829101562,252.9641571044922,366.1351623535156,373.4895324707031,34
Flickr30K/4168954238.jpg,/content/Image_captioning_Local/Flickr30K/flickr30k_images/flickr30k_images/4168954238.jpg,wine glass,0.6894879937171936,43.46363067626953,304.0933532714844,72.91168212890625,372.2460632324219,34
Flickr30K/4168954238.jpg,/content/Image_captioning_Local/Flickr30K/flickr30k_images/flickr30k_images/4168954238.jpg,bottle,0.666958749294281,252.04501342773438,229.356201171875,271.81097412109375,278.65228271484375,34
Flickr30K/4168954238.jpg,/content/Image_captioning_Local/Flickr30K/flickr30k_images/flickr30k_images/4168954238.jpg,person,0.6650570631027222,359.031494140625,175.4280548095703,424.7275695800781,326.91387939453125,34
Flickr30K/4168954238.jpg,/content/Image_captioning_Local/Flickr30K/flickr30k_images/flickr30k_images/4168954238.jpg,bottle,0.6274542212486267,320.5237731933594,214.92808532714844,334.9111022949219,253.80160522460938,34
Flickr30K/4168954238.jpg,/content/Image_captioning_Local/Flickr30K/flickr30k_images/flickr30k_images/4168954238.jpg,wine glass,0.6139039993286133,220.97010803222656,255.23487854003906,237.4114990234375,290.42559814453125,34
Flickr30K/4168954238.jpg,/content/Image_captioning_Local/Flickr30K/flickr30k_images/flickr30k_images/4168954238.jpg,cup,0.6119994521141052,79.22344207763672,325.72393798828125,107.41515350341797,363.9880065917969,34
Flickr30K/4168954238.jpg,/content/Image_captioning_Local/Flickr30K/flickr30k_images/flickr30k_images/4168954238.jpg,bottle,0.6076160669326782,299.17657470703125,212.0908203125,310.9296569824219,247.44619750976562,34
Flickr30K/4168954238.jpg,/content/Image_captioning_Local/Flickr30K/flickr30k_images/flickr30k_images/4168954238.jpg,person,0.5937188267707825,281.2211608886719,139.59947204589844,332.2290954589844,239.06640625,34
Flickr30K/4168954238.jpg,/content/Image_captioning_Local/Flickr30K/flickr30k_images/flickr30k_images/4168954238.jpg,bottle,0.5866720080375671,39.23128128051758,253.31163024902344,72.25472259521484,344.66448974609375,34
Flickr30K/4168954238.jpg,/content/Image_captioning_Local/Flickr30K/flickr30k_images/flickr30k_images/4168954238.jpg,bottle,0.5820326805114746,336.652587890625,205.09591674804688,350.0220031738281,256.7481384277344,34
Flickr30K/4168954238.jpg,/content/Image_captioning_Local/Flickr30K/flickr30k_images/flickr30k_images/4168954238.jpg,bottle,0.5274103879928589,358.8722839355469,196.52157592773438,372.6590576171875,231.91795349121094,34
Flickr30K/4168954238.jpg,/content/Image_captioning_Local/Flickr30K/flickr30k_images/flickr30k_images/4168954238.jpg,bottle,0.5188552141189575,121.63312530517578,157.2710723876953,131.63623046875,179.9755401611328,34
Flickr30K/4168954238.jpg,/content/Image_captioning_Local/Flickr30K/flickr30k_images/flickr30k_images/4168954238.jpg,person,0.5097678303718567,260.1456298828125,151.9711456298828,300.5072937011719,231.02740478515625,34
Flickr30K/4168954238.jpg,/content/Image_captioning_Local/Flickr30K/flickr30k_images/flickr30k_images/4168954238.jpg,dining table,0.43458232283592224,5.33905029296875,217.92745971679688,376.704833984375,373.86883544921875,34
Flickr30K/4168954238.jpg,/content/Image_captioning_Local/Flickr30K/flickr30k_images/flickr30k_images/4168954238.jpg,person,0.4205658733844757,463.3387451171875,168.23220825195312,499.9364929199219,254.40310668945312,34
Flickr30K/4168954238.jpg,/content/Image_captioning_Local/Flickr30K/flickr30k_images/flickr30k_images/4168954238.jpg,person,0.3985648453235626,5.237460136413574,130.20448303222656,52.21455764770508,188.67135620117188,34
Flickr30K/4168954238.jpg,/content/Image_captioning_Local/Flickr30K/flickr30k_images/flickr30k_images/4168954238.jpg,bottle,0.39793679118156433,288.8544921875,209.1500701904297,299.31060791015625,244.89149475097656,34
Flickr30K/4168954238.jpg,/content/Image_captioning_Local/Flickr30K/flickr30k_images/flickr30k_images/4168954238.jpg,person,0.3639974296092987,315.5950927734375,150.19564819335938,353.1197814941406,220.5421905517578,34
Flickr30K/4168954238.jpg,/content/Image_captioning_Local/Flickr30K/flickr30k_images/flickr30k_images/4168954238.jpg,person,0.3503483235836029,340.2696533203125,158.14743041992188,379.2147216796875,213.17825317382812,34
Flickr30K/4168954238.jpg,/content/Image_captioning_Local/Flickr30K/flickr30k_images/flickr30k_images/4168954238.jpg,bottle,0.3400824964046478,337.5091552734375,210.76097106933594,347.479248046875,256.46856689453125,34
Flickr30K/4168954238.jpg,/content/Image_captioning_Local/Flickr30K/flickr30k_images/flickr30k_images/4168954238.jpg,cup,0.292658269405365,97.55462646484375,328.5561218261719,126.99531555175781,368.2624206542969,34
Flickr30K/4168954238.jpg,/content/Image_captioning_Local/Flickr30K/flickr30k_images/flickr30k_images/4168954238.jpg,dining table,0.28014811873435974,1.5812158584594727,226.8798828125,282.8903503417969,372.318603515625,34
Flickr30K/4168954238.jpg,/content/Image_captioning_Local/Flickr30K/flickr30k_images/flickr30k_images/4168954238.jpg,cup,0.259577214717865,98.08696746826172,339.9454040527344,123.22057342529297,368.56805419921875,34
Flickr30K/4168954238.jpg,/content/Image_captioning_Local/Flickr30K/flickr30k_images/flickr30k_images/4168954238.jpg,cup,0.2573011815547943,25.44619369506836,191.01004028320312,38.143245697021484,209.77626037597656,34
Flickr30K/416902908.jpg,/content/Image_captioning_Local/Flickr30K/flickr30k_images/flickr30k_images/416902908.jpg,person,0.8997878432273865,181.59939575195312,205.05532836914062,248.70851135253906,344.340087890625,4
Flickr30K/416902908.jpg,/content/Image_captioning_Local/Flickr30K/flickr30k_images/flickr30k_images/416902908.jpg,person,0.8402904868125916,131.88421630859375,170.59254455566406,157.88861083984375,259.0173645019531,4
Flickr30K/416902908.jpg,/content/Image_captioning_Local/Flickr30K/flickr30k_images/flickr30k_images/416902908.jpg,chair,0.6101159453392029,114.76521301269531,218.84588623046875,133.36346435546875,255.64866638183594,4
Flickr30K/416902908.jpg,/content/Image_captioning_Local/Flickr30K/flickr30k_images/flickr30k_images/416902908.jpg,chair,0.48041820526123047,93.1902084350586,242.2921600341797,118.45809173583984,284.2049255371094,4
Flickr30K/4169055676.jpg,/content/Image_captioning_Local/Flickr30K/flickr30k_images/flickr30k_images/4169055676.jpg,person,0.9492212533950806,81.00776672363281,98.94193267822266,207.5194854736328,343.23638916015625,2
Flickr30K/4169055676.jpg,/content/Image_captioning_Local/Flickr30K/flickr30k_images/flickr30k_images/4169055676.jpg,skateboard,0.8162165284156799,113.57209777832031,335.43817138671875,168.7518310546875,361.11669921875,2
Flickr30K/4169121436.jpg,/content/Image_captioning_Local/Flickr30K/flickr30k_images/flickr30k_images/4169121436.jpg,person,0.8722214102745056,0.0,102.36087036132812,79.73015594482422,209.77572631835938,15
Flickr30K/4169121436.jpg,/content/Image_captioning_Local/Flickr30K/flickr30k_images/flickr30k_images/4169121436.jpg,person,0.7859674096107483,298.345458984375,117.9294204711914,364.8257141113281,209.2337188720703,15
Flickr30K/4169121436.jpg,/content/Image_captioning_Local/Flickr30K/flickr30k_images/flickr30k_images/4169121436.jpg,person,0.7626002430915833,100.05743408203125,114.55313873291016,202.59938049316406,187.4706573486328,15
Flickr30K/4169121436.jpg,/content/Image_captioning_Local/Flickr30K/flickr30k_images/flickr30k_images/4169121436.jpg,person,0.7236366868019104,416.2232360839844,106.2295913696289,466.13446044921875,176.83114624023438,15
Flickr30K/4169121436.jpg,/content/Image_captioning_Local/Flickr30K/flickr30k_images/flickr30k_images/4169121436.jpg,person,0.6965619921684265,247.8404083251953,133.93922424316406,318.5198669433594,249.22523498535156,15
Flickr30K/4169121436.jpg,/content/Image_captioning_Local/Flickr30K/flickr30k_images/flickr30k_images/4169121436.jpg,person,0.5747973918914795,185.27296447753906,101.58207702636719,234.16366577148438,160.2250518798828,15
Flickr30K/4169121436.jpg,/content/Image_captioning_Local/Flickr30K/flickr30k_images/flickr30k_images/4169121436.jpg,umbrella,0.5248979330062866,0.6402730941772461,3.5570144653320312,257.55419921875,181.36773681640625,15
Flickr30K/4169121436.jpg,/content/Image_captioning_Local/Flickr30K/flickr30k_images/flickr30k_images/4169121436.jpg,person,0.5199021697044373,335.62255859375,89.69972229003906,378.16790771484375,146.48898315429688,15
Flickr30K/4169121436.jpg,/content/Image_captioning_Local/Flickr30K/flickr30k_images/flickr30k_images/4169121436.jpg,carrot,0.4745662808418274,122.31305694580078,220.804931640625,295.29290771484375,322.098876953125,15
Flickr30K/4169121436.jpg,/content/Image_captioning_Local/Flickr30K/flickr30k_images/flickr30k_images/4169121436.jpg,person,0.3828798532485962,165.0715789794922,99.65095520019531,189.16375732421875,141.75015258789062,15
Flickr30K/4169121436.jpg,/content/Image_captioning_Local/Flickr30K/flickr30k_images/flickr30k_images/4169121436.jpg,person,0.28765955567359924,481.2415466308594,101.91490936279297,499.7315979003906,151.60848999023438,15
Flickr30K/4169121436.jpg,/content/Image_captioning_Local/Flickr30K/flickr30k_images/flickr30k_images/4169121436.jpg,person,0.2837626039981842,245.15206909179688,111.10865783691406,280.2202453613281,184.6276092529297,15
Flickr30K/4169121436.jpg,/content/Image_captioning_Local/Flickr30K/flickr30k_images/flickr30k_images/4169121436.jpg,umbrella,0.2767990529537201,341.0285949707031,0.0,499.8186950683594,185.36131286621094,15
Flickr30K/4169121436.jpg,/content/Image_captioning_Local/Flickr30K/flickr30k_images/flickr30k_images/4169121436.jpg,orange,0.25680968165397644,92.36722564697266,219.66212463378906,138.3572540283203,257.8227233886719,15
Flickr30K/4169121436.jpg,/content/Image_captioning_Local/Flickr30K/flickr30k_images/flickr30k_images/4169121436.jpg,umbrella,0.2526104152202606,1.3923883438110352,3.324604034423828,262.64947509765625,255.03329467773438,15
Flickr30K/416933689.jpg,/content/Image_captioning_Local/Flickr30K/flickr30k_images/flickr30k_images/416933689.jpg,car,0.9260038733482361,263.2174377441406,109.56462860107422,500.0,203.2087860107422,8
Flickr30K/416933689.jpg,/content/Image_captioning_Local/Flickr30K/flickr30k_images/flickr30k_images/416933689.jpg,person,0.8994759321212769,61.708045959472656,88.57476806640625,122.0915298461914,205.8214874267578,8
Flickr30K/416933689.jpg,/content/Image_captioning_Local/Flickr30K/flickr30k_images/flickr30k_images/416933689.jpg,car,0.8957173824310303,0.028312206268310547,92.00105285644531,122.492919921875,198.45834350585938,8
Flickr30K/416933689.jpg,/content/Image_captioning_Local/Flickr30K/flickr30k_images/flickr30k_images/416933689.jpg,car,0.8936333656311035,86.8791275024414,94.04364013671875,277.19122314453125,190.26980590820312,8
Flickr30K/416933689.jpg,/content/Image_captioning_Local/Flickr30K/flickr30k_images/flickr30k_images/416933689.jpg,car,0.7610599994659424,215.23280334472656,97.45735168457031,241.11904907226562,114.78816223144531,8
Flickr30K/416933689.jpg,/content/Image_captioning_Local/Flickr30K/flickr30k_images/flickr30k_images/416933689.jpg,vase,0.6417984366416931,343.09033203125,167.4998321533203,481.42596435546875,372.3363952636719,8
Flickr30K/416933689.jpg,/content/Image_captioning_Local/Flickr30K/flickr30k_images/flickr30k_images/416933689.jpg,car,0.3659672737121582,203.69313049316406,87.32456970214844,228.2155303955078,106.56428527832031,8
Flickr30K/416933689.jpg,/content/Image_captioning_Local/Flickr30K/flickr30k_images/flickr30k_images/416933689.jpg,bicycle,0.2652910053730011,156.1241455078125,137.04595947265625,248.85409545898438,243.41464233398438,8
Flickr30K/4169592656.jpg,/content/Image_captioning_Local/Flickr30K/flickr30k_images/flickr30k_images/4169592656.jpg,person,0.9333264827728271,80.2793960571289,83.607421875,241.67938232421875,312.7832946777344,10
Flickr30K/4169592656.jpg,/content/Image_captioning_Local/Flickr30K/flickr30k_images/flickr30k_images/4169592656.jpg,person,0.9275575876235962,0.3599882125854492,1.1366844177246094,168.0587158203125,275.0496826171875,10
Flickr30K/4169592656.jpg,/content/Image_captioning_Local/Flickr30K/flickr30k_images/flickr30k_images/4169592656.jpg,person,0.9221893548965454,250.72421264648438,13.613140106201172,468.2808837890625,326.53741455078125,10
Flickr30K/4169592656.jpg,/content/Image_captioning_Local/Flickr30K/flickr30k_images/flickr30k_images/4169592656.jpg,chair,0.8688677549362183,411.4416198730469,169.64259338378906,499.7213439941406,330.07196044921875,10
Flickr30K/4169592656.jpg,/content/Image_captioning_Local/Flickr30K/flickr30k_images/flickr30k_images/4169592656.jpg,person,0.8275302648544312,332.1516418457031,0.9011328220367432,499.7378845214844,176.6385498046875,10
Flickr30K/4169592656.jpg,/content/Image_captioning_Local/Flickr30K/flickr30k_images/flickr30k_images/4169592656.jpg,chair,0.6021312475204468,33.20066833496094,161.7422637939453,117.80459594726562,294.2938232421875,10
Flickr30K/4169592656.jpg,/content/Image_captioning_Local/Flickr30K/flickr30k_images/flickr30k_images/4169592656.jpg,chair,0.563498318195343,193.59527587890625,148.6083526611328,278.2355651855469,318.9567565917969,10
Flickr30K/4169592656.jpg,/content/Image_captioning_Local/Flickr30K/flickr30k_images/flickr30k_images/4169592656.jpg,fork,0.5026041865348816,300.02142333984375,155.68246459960938,349.4577331542969,190.71083068847656,10
Flickr30K/4169592656.jpg,/content/Image_captioning_Local/Flickr30K/flickr30k_images/flickr30k_images/4169592656.jpg,donut,0.319505900144577,272.8896179199219,186.9540252685547,336.0394592285156,225.82321166992188,10
Flickr30K/4169592656.jpg,/content/Image_captioning_Local/Flickr30K/flickr30k_images/flickr30k_images/4169592656.jpg,donut,0.27795830368995667,104.24921417236328,320.1002197265625,149.48265075683594,332.64581298828125,10
Flickr30K/416960865.jpg,/content/Image_captioning_Local/Flickr30K/flickr30k_images/flickr30k_images/416960865.jpg,person,0.9014139771461487,65.85693359375,50.26879119873047,312.84185791015625,331.8219299316406,1
Flickr30K/4169721618.jpg,/content/Image_captioning_Local/Flickr30K/flickr30k_images/flickr30k_images/4169721618.jpg,person,0.9323331713676453,332.0997619628906,189.00294494628906,424.1980895996094,330.5135192871094,2
Flickr30K/4169721618.jpg,/content/Image_captioning_Local/Flickr30K/flickr30k_images/flickr30k_images/4169721618.jpg,person,0.8479288220405579,17.696975708007812,136.85484313964844,63.221134185791016,188.9933624267578,2
Flickr30K/416992999.jpg,/content/Image_captioning_Local/Flickr30K/flickr30k_images/flickr30k_images/416992999.jpg,person,0.9118723273277283,131.06021118164062,133.20526123046875,277.27862548828125,273.8008117675781,3
Flickr30K/416992999.jpg,/content/Image_captioning_Local/Flickr30K/flickr30k_images/flickr30k_images/416992999.jpg,person,0.44103410840034485,0.03363490104675293,172.63111877441406,26.280534744262695,245.7139434814453,3
Flickr30K/416992999.jpg,/content/Image_captioning_Local/Flickr30K/flickr30k_images/flickr30k_images/416992999.jpg,backpack,0.4189617931842804,45.52983474731445,191.91265869140625,90.89118957519531,224.2392578125,3
Flickr30K/4169982872.jpg,/content/Image_captioning_Local/Flickr30K/flickr30k_images/flickr30k_images/4169982872.jpg,car,0.8368844389915466,0.09871721267700195,340.7735290527344,33.174312591552734,374.6648254394531,13
Flickr30K/4169982872.jpg,/content/Image_captioning_Local/Flickr30K/flickr30k_images/flickr30k_images/4169982872.jpg,motorcycle,0.8299278020858765,27.48595428466797,355.3570251464844,102.6807632446289,412.47442626953125,13
Flickr30K/4169982872.jpg,/content/Image_captioning_Local/Flickr30K/flickr30k_images/flickr30k_images/4169982872.jpg,person,0.7058390974998474,46.98493576049805,329.783447265625,87.93843078613281,393.82391357421875,13
Flickr30K/4169982872.jpg,/content/Image_captioning_Local/Flickr30K/flickr30k_images/flickr30k_images/4169982872.jpg,motorcycle,0.6794120073318481,302.61505126953125,357.09454345703125,332.5009460449219,384.1235046386719,13
Flickr30K/4169982872.jpg,/content/Image_captioning_Local/Flickr30K/flickr30k_images/flickr30k_images/4169982872.jpg,person,0.6774404644966125,100.2309799194336,337.7346496582031,121.67921447753906,386.60693359375,13
Flickr30K/4169982872.jpg,/content/Image_captioning_Local/Flickr30K/flickr30k_images/flickr30k_images/4169982872.jpg,person,0.6721615195274353,277.49810791015625,341.7948303222656,291.7548522949219,377.3597106933594,13
Flickr30K/4169982872.jpg,/content/Image_captioning_Local/Flickr30K/flickr30k_images/flickr30k_images/4169982872.jpg,person,0.6392899751663208,307.98486328125,341.33758544921875,326.8974914550781,381.6329040527344,13
Flickr30K/4169982872.jpg,/content/Image_captioning_Local/Flickr30K/flickr30k_images/flickr30k_images/4169982872.jpg,motorcycle,0.6334631443023682,86.74028015136719,354.78021240234375,132.01519775390625,391.40252685546875,13
Flickr30K/4169982872.jpg,/content/Image_captioning_Local/Flickr30K/flickr30k_images/flickr30k_images/4169982872.jpg,person,0.43794509768486023,205.4882049560547,369.46014404296875,255.29046630859375,457.0804138183594,13
Flickr30K/4169982872.jpg,/content/Image_captioning_Local/Flickr30K/flickr30k_images/flickr30k_images/4169982872.jpg,potted plant,0.40081900358200073,93.39256286621094,242.04676818847656,115.34249877929688,267.9776306152344,13
Flickr30K/4169982872.jpg,/content/Image_captioning_Local/Flickr30K/flickr30k_images/flickr30k_images/4169982872.jpg,person,0.37273749709129333,302.5443420410156,341.0588684082031,313.8970031738281,368.9721984863281,13
Flickr30K/4169982872.jpg,/content/Image_captioning_Local/Flickr30K/flickr30k_images/flickr30k_images/4169982872.jpg,person,0.2883113920688629,202.24456787109375,306.66748046875,255.61947631835938,457.2287902832031,13
Flickr30K/4169982872.jpg,/content/Image_captioning_Local/Flickr30K/flickr30k_images/flickr30k_images/4169982872.jpg,motorcycle,0.287899374961853,254.5256805419922,355.0948486328125,277.21417236328125,371.0469665527344,13
Flickr30K/417024751.jpg,/content/Image_captioning_Local/Flickr30K/flickr30k_images/flickr30k_images/417024751.jpg,person,0.854028582572937,138.40786743164062,133.57577514648438,267.4017639160156,314.1607360839844,2
Flickr30K/417024751.jpg,/content/Image_captioning_Local/Flickr30K/flickr30k_images/flickr30k_images/417024751.jpg,surfboard,0.2677627205848694,77.62336730957031,273.19927978515625,284.043212890625,473.8166809082031,2
Flickr30K/4170746161.jpg,/content/Image_captioning_Local/Flickr30K/flickr30k_images/flickr30k_images/4170746161.jpg,bottle,0.9210139513015747,124.3860855102539,235.46194458007812,156.81552124023438,362.8817443847656,16
Flickr30K/4170746161.jpg,/content/Image_captioning_Local/Flickr30K/flickr30k_images/flickr30k_images/4170746161.jpg,bottle,0.9112430214881897,192.21925354003906,238.29722595214844,226.7078857421875,373.95257568359375,16
Flickr30K/4170746161.jpg,/content/Image_captioning_Local/Flickr30K/flickr30k_images/flickr30k_images/4170746161.jpg,bottle,0.901587963104248,236.09628295898438,227.8794708251953,268.33599853515625,366.2447509765625,16
Flickr30K/4170746161.jpg,/content/Image_captioning_Local/Flickr30K/flickr30k_images/flickr30k_images/4170746161.jpg,person,0.8892337679862976,221.67845153808594,0.5087375640869141,412.90570068359375,337.28741455078125,16
Flickr30K/4170746161.jpg,/content/Image_captioning_Local/Flickr30K/flickr30k_images/flickr30k_images/4170746161.jpg,bottle,0.8731812834739685,289.9581298828125,220.23019409179688,322.1559143066406,365.54071044921875,16
Flickr30K/4170746161.jpg,/content/Image_captioning_Local/Flickr30K/flickr30k_images/flickr30k_images/4170746161.jpg,person,0.7658193707466125,106.874755859375,166.2666778564453,151.87110900878906,259.6499938964844,16
Flickr30K/4170746161.jpg,/content/Image_captioning_Local/Flickr30K/flickr30k_images/flickr30k_images/4170746161.jpg,person,0.7551568150520325,174.10890197753906,103.41968536376953,278.70684814453125,261.3459167480469,16
Flickr30K/4170746161.jpg,/content/Image_captioning_Local/Flickr30K/flickr30k_images/flickr30k_images/4170746161.jpg,person,0.6228490471839905,455.21697998046875,158.36029052734375,499.81671142578125,312.2446594238281,16
Flickr30K/4170746161.jpg,/content/Image_captioning_Local/Flickr30K/flickr30k_images/flickr30k_images/4170746161.jpg,person,0.5399209856987,143.6576385498047,177.235595703125,174.28121948242188,255.79214477539062,16
Flickr30K/4170746161.jpg,/content/Image_captioning_Local/Flickr30K/flickr30k_images/flickr30k_images/4170746161.jpg,person,0.5294163823127747,0.04182308912277222,171.241943359375,23.85500144958496,245.8723602294922,16
Flickr30K/4170746161.jpg,/content/Image_captioning_Local/Flickr30K/flickr30k_images/flickr30k_images/4170746161.jpg,person,0.5106757879257202,18.49468994140625,165.9882354736328,72.48866271972656,280.3685302734375,16
Flickr30K/4170746161.jpg,/content/Image_captioning_Local/Flickr30K/flickr30k_images/flickr30k_images/4170746161.jpg,person,0.49641281366348267,72.69125366210938,173.28030395507812,109.58921813964844,262.83935546875,16
Flickr30K/4170746161.jpg,/content/Image_captioning_Local/Flickr30K/flickr30k_images/flickr30k_images/4170746161.jpg,person,0.4462934136390686,428.72686767578125,189.1129913330078,464.23577880859375,268.0787658691406,16
Flickr30K/4170746161.jpg,/content/Image_captioning_Local/Flickr30K/flickr30k_images/flickr30k_images/4170746161.jpg,person,0.4407487213611603,0.16082823276519775,215.6538543701172,45.137367248535156,302.4693603515625,16
Flickr30K/4170746161.jpg,/content/Image_captioning_Local/Flickr30K/flickr30k_images/flickr30k_images/4170746161.jpg,dining table,0.34255552291870117,14.368534088134766,228.41439819335938,500.0,372.0109558105469,16
Flickr30K/4170746161.jpg,/content/Image_captioning_Local/Flickr30K/flickr30k_images/flickr30k_images/4170746161.jpg,bottle,0.31813666224479675,70.91768646240234,192.40213012695312,91.32796478271484,289.9768371582031,16
Flickr30K/4170813283.jpg,/content/Image_captioning_Local/Flickr30K/flickr30k_images/flickr30k_images/4170813283.jpg,person,0.865541398525238,221.52723693847656,29.64718246459961,353.0221862792969,284.3587951660156,4
Flickr30K/4170813283.jpg,/content/Image_captioning_Local/Flickr30K/flickr30k_images/flickr30k_images/4170813283.jpg,motorcycle,0.46230044960975647,0.4364013671875,140.06295776367188,258.3197937011719,499.0113830566406,4
Flickr30K/4170813283.jpg,/content/Image_captioning_Local/Flickr30K/flickr30k_images/flickr30k_images/4170813283.jpg,person,0.4170611500740051,0.0,127.7075424194336,375.0,496.5343933105469,4
Flickr30K/4170813283.jpg,/content/Image_captioning_Local/Flickr30K/flickr30k_images/flickr30k_images/4170813283.jpg,person,0.2931728959083557,0.0,129.12997436523438,256.3084716796875,498.5604248046875,4
Flickr30K/4170936558.jpg,/content/Image_captioning_Local/Flickr30K/flickr30k_images/flickr30k_images/4170936558.jpg,person,0.92326819896698,106.55558013916016,72.46356201171875,246.6939239501953,423.1731872558594,4
Flickr30K/4170936558.jpg,/content/Image_captioning_Local/Flickr30K/flickr30k_images/flickr30k_images/4170936558.jpg,bottle,0.8941299319267273,59.93518829345703,95.80320739746094,98.150634765625,192.27175903320312,4
Flickr30K/4170936558.jpg,/content/Image_captioning_Local/Flickr30K/flickr30k_images/flickr30k_images/4170936558.jpg,bottle,0.8283307552337646,62.45643997192383,348.1019592285156,137.90225219726562,463.1971435546875,4
Flickr30K/4170936558.jpg,/content/Image_captioning_Local/Flickr30K/flickr30k_images/flickr30k_images/4170936558.jpg,bottle,0.2664724588394165,39.43443298339844,0.018548965454101562,88.69266510009766,10.553055763244629,4
Flickr30K/4171204436.jpg,/content/Image_captioning_Local/Flickr30K/flickr30k_images/flickr30k_images/4171204436.jpg,person,0.8709931969642639,112.7585678100586,140.2223358154297,204.06251525878906,222.40406799316406,7
Flickr30K/4171204436.jpg,/content/Image_captioning_Local/Flickr30K/flickr30k_images/flickr30k_images/4171204436.jpg,elephant,0.5405899286270142,40.116024017333984,25.13388442993164,486.25372314453125,366.01239013671875,7
Flickr30K/4171204436.jpg,/content/Image_captioning_Local/Flickr30K/flickr30k_images/flickr30k_images/4171204436.jpg,person,0.5046266317367554,61.777530670166016,94.64995574951172,114.4883041381836,170.99656677246094,7
Flickr30K/4171204436.jpg,/content/Image_captioning_Local/Flickr30K/flickr30k_images/flickr30k_images/4171204436.jpg,person,0.45071130990982056,46.266090393066406,94.59781646728516,114.62783813476562,192.96798706054688,7
Flickr30K/4171204436.jpg,/content/Image_captioning_Local/Flickr30K/flickr30k_images/flickr30k_images/4171204436.jpg,person,0.4135664403438568,17.56584358215332,179.64480590820312,37.43265151977539,210.12852478027344,7
Flickr30K/4171204436.jpg,/content/Image_captioning_Local/Flickr30K/flickr30k_images/flickr30k_images/4171204436.jpg,person,0.3508506715297699,0.05799978971481323,175.43165588378906,10.778326988220215,208.704345703125,7
Flickr30K/4171204436.jpg,/content/Image_captioning_Local/Flickr30K/flickr30k_images/flickr30k_images/4171204436.jpg,person,0.2785186767578125,5.1138176918029785,187.78309631347656,16.96116065979004,208.04782104492188,7
Flickr30K/4171253174.jpg,/content/Image_captioning_Local/Flickr30K/flickr30k_images/flickr30k_images/4171253174.jpg,person,0.8857050538063049,330.5235900878906,70.45838928222656,424.96038818359375,301.215087890625,9
Flickr30K/4171253174.jpg,/content/Image_captioning_Local/Flickr30K/flickr30k_images/flickr30k_images/4171253174.jpg,person,0.8263654708862305,0.07812976837158203,49.080894470214844,148.3900604248047,327.5683288574219,9
Flickr30K/4171253174.jpg,/content/Image_captioning_Local/Flickr30K/flickr30k_images/flickr30k_images/4171253174.jpg,person,0.7944530844688416,167.4224090576172,34.6607666015625,327.12799072265625,328.2639465332031,9
Flickr30K/4171253174.jpg,/content/Image_captioning_Local/Flickr30K/flickr30k_images/flickr30k_images/4171253174.jpg,handbag,0.7578822374343872,96.20227813720703,116.526123046875,143.5290985107422,245.5081024169922,9
Flickr30K/4171253174.jpg,/content/Image_captioning_Local/Flickr30K/flickr30k_images/flickr30k_images/4171253174.jpg,person,0.7108655571937561,136.58346557617188,109.42321014404297,178.863525390625,238.59429931640625,9
Flickr30K/4171253174.jpg,/content/Image_captioning_Local/Flickr30K/flickr30k_images/flickr30k_images/4171253174.jpg,person,0.6979494690895081,97.70384216308594,83.98814392089844,156.44273376464844,307.3393859863281,9
Flickr30K/4171253174.jpg,/content/Image_captioning_Local/Flickr30K/flickr30k_images/flickr30k_images/4171253174.jpg,backpack,0.6223891973495483,364.850341796875,109.02278137207031,403.5906677246094,171.60203552246094,9
Flickr30K/4171253174.jpg,/content/Image_captioning_Local/Flickr30K/flickr30k_images/flickr30k_images/4171253174.jpg,person,0.5823045372962952,392.967041015625,71.52044677734375,441.82196044921875,264.1278381347656,9
Flickr30K/4171253174.jpg,/content/Image_captioning_Local/Flickr30K/flickr30k_images/flickr30k_images/4171253174.jpg,person,0.30562904477119446,238.1855010986328,21.37594223022461,334.9860534667969,256.20660400390625,9
Flickr30K/4172764408.jpg,/content/Image_captioning_Local/Flickr30K/flickr30k_images/flickr30k_images/4172764408.jpg,person,0.9299880862236023,11.90461540222168,65.70072174072266,167.6951446533203,497.4552001953125,2
Flickr30K/4172764408.jpg,/content/Image_captioning_Local/Flickr30K/flickr30k_images/flickr30k_images/4172764408.jpg,person,0.9128525257110596,222.9298095703125,107.65938568115234,386.0950012207031,496.69012451171875,2
Flickr30K/4173091321.jpg,/content/Image_captioning_Local/Flickr30K/flickr30k_images/flickr30k_images/4173091321.jpg,bicycle,0.937009334564209,3.767383098602295,0.2383708953857422,113.59070587158203,63.6601448059082,3
Flickr30K/4173091321.jpg,/content/Image_captioning_Local/Flickr30K/flickr30k_images/flickr30k_images/4173091321.jpg,person,0.9270349144935608,234.15293884277344,87.06048583984375,329.3411865234375,280.58953857421875,3
Flickr30K/4173091321.jpg,/content/Image_captioning_Local/Flickr30K/flickr30k_images/flickr30k_images/4173091321.jpg,person,0.9060590267181396,424.78399658203125,1.3536453247070312,499.5569152832031,327.08636474609375,3
Flickr30K/4173843036.jpg,/content/Image_captioning_Local/Flickr30K/flickr30k_images/flickr30k_images/4173843036.jpg,person,0.9146299362182617,248.5959014892578,50.38631057739258,344.17572021484375,288.5511779785156,9
Flickr30K/4173843036.jpg,/content/Image_captioning_Local/Flickr30K/flickr30k_images/flickr30k_images/4173843036.jpg,person,0.8956151008605957,71.60008239746094,117.68769836425781,122.78315734863281,258.26739501953125,9
Flickr30K/4173843036.jpg,/content/Image_captioning_Local/Flickr30K/flickr30k_images/flickr30k_images/4173843036.jpg,person,0.8939195275306702,190.03753662109375,136.4091796875,223.36053466796875,239.12167358398438,9
Flickr30K/4173843036.jpg,/content/Image_captioning_Local/Flickr30K/flickr30k_images/flickr30k_images/4173843036.jpg,person,0.8591014742851257,133.87094116210938,130.97525024414062,172.97039794921875,243.1039276123047,9
Flickr30K/4173843036.jpg,/content/Image_captioning_Local/Flickr30K/flickr30k_images/flickr30k_images/4173843036.jpg,bicycle,0.8179587721824646,0.0263214111328125,141.32774353027344,56.50349426269531,183.15284729003906,9
Flickr30K/4173843036.jpg,/content/Image_captioning_Local/Flickr30K/flickr30k_images/flickr30k_images/4173843036.jpg,person,0.8158261775970459,479.552734375,135.0727996826172,499.7756042480469,190.40841674804688,9
Flickr30K/4173843036.jpg,/content/Image_captioning_Local/Flickr30K/flickr30k_images/flickr30k_images/4173843036.jpg,bicycle,0.8088350892066956,369.4211120605469,191.8704071044922,490.1427307128906,251.0098419189453,9
Flickr30K/4173843036.jpg,/content/Image_captioning_Local/Flickr30K/flickr30k_images/flickr30k_images/4173843036.jpg,dog,0.5667986869812012,0.034649670124053955,194.01040649414062,15.531007766723633,213.55767822265625,9
Flickr30K/4173843036.jpg,/content/Image_captioning_Local/Flickr30K/flickr30k_images/flickr30k_images/4173843036.jpg,bicycle,0.30130884051322937,110.6761245727539,138.2862091064453,133.07334899902344,181.93006896972656,9
Flickr30K/4174068902.jpg,/content/Image_captioning_Local/Flickr30K/flickr30k_images/flickr30k_images/4174068902.jpg,person,0.8595593571662903,442.8923645019531,162.93682861328125,486.7911376953125,327.8683776855469,14
Flickr30K/4174068902.jpg,/content/Image_captioning_Local/Flickr30K/flickr30k_images/flickr30k_images/4174068902.jpg,car,0.8371669054031372,380.6913146972656,175.60963439941406,457.81231689453125,207.03668212890625,14
Flickr30K/4174068902.jpg,/content/Image_captioning_Local/Flickr30K/flickr30k_images/flickr30k_images/4174068902.jpg,car,0.828734815120697,276.67144775390625,182.40304565429688,403.5079040527344,226.63479614257812,14
Flickr30K/4174068902.jpg,/content/Image_captioning_Local/Flickr30K/flickr30k_images/flickr30k_images/4174068902.jpg,car,0.8199834823608398,69.63156127929688,178.19590759277344,141.30728149414062,212.1507110595703,14
Flickr30K/4174068902.jpg,/content/Image_captioning_Local/Flickr30K/flickr30k_images/flickr30k_images/4174068902.jpg,person,0.7844672799110413,169.85215759277344,188.25225830078125,197.4669952392578,244.52891540527344,14
Flickr30K/4174068902.jpg,/content/Image_captioning_Local/Flickr30K/flickr30k_images/flickr30k_images/4174068902.jpg,car,0.7167823314666748,159.33285522460938,175.9957733154297,233.39776611328125,209.52664184570312,14
Flickr30K/4174068902.jpg,/content/Image_captioning_Local/Flickr30K/flickr30k_images/flickr30k_images/4174068902.jpg,traffic light,0.5656828284263611,209.00587463378906,80.81900787353516,241.6451873779297,145.38845825195312,14
Flickr30K/4174068902.jpg,/content/Image_captioning_Local/Flickr30K/flickr30k_images/flickr30k_images/4174068902.jpg,traffic light,0.46357324719429016,154.03370666503906,133.95228576660156,164.28761291503906,158.44654846191406,14
Flickr30K/4174068902.jpg,/content/Image_captioning_Local/Flickr30K/flickr30k_images/flickr30k_images/4174068902.jpg,traffic light,0.39209628105163574,154.49356079101562,132.97886657714844,170.91835021972656,159.7342071533203,14
Flickr30K/4174068902.jpg,/content/Image_captioning_Local/Flickr30K/flickr30k_images/flickr30k_images/4174068902.jpg,car,0.3844164311885834,27.33110237121582,178.47189331054688,54.94633483886719,188.89117431640625,14
Flickr30K/4174068902.jpg,/content/Image_captioning_Local/Flickr30K/flickr30k_images/flickr30k_images/4174068902.jpg,person,0.3542281985282898,188.7013702392578,184.87109375,206.42478942871094,241.2578125,14
Flickr30K/4174068902.jpg,/content/Image_captioning_Local/Flickr30K/flickr30k_images/flickr30k_images/4174068902.jpg,traffic light,0.33977755904197693,162.92269897460938,134.5181427001953,170.76455688476562,159.14401245117188,14
Flickr30K/4174068902.jpg,/content/Image_captioning_Local/Flickr30K/flickr30k_images/flickr30k_images/4174068902.jpg,car,0.32641610503196716,54.326759338378906,179.16290283203125,72.6662368774414,189.3700408935547,14
Flickr30K/4174068902.jpg,/content/Image_captioning_Local/Flickr30K/flickr30k_images/flickr30k_images/4174068902.jpg,person,0.25132474303245544,357.6336975097656,176.03472900390625,363.49853515625,187.36610412597656,14
Flickr30K/4174186497.jpg,/content/Image_captioning_Local/Flickr30K/flickr30k_images/flickr30k_images/4174186497.jpg,person,0.8987380266189575,234.49525451660156,63.658809661865234,499.6447448730469,328.37255859375,6
Flickr30K/4174186497.jpg,/content/Image_captioning_Local/Flickr30K/flickr30k_images/flickr30k_images/4174186497.jpg,person,0.8876978754997253,189.0639190673828,4.118776321411133,364.1578674316406,326.9497985839844,6
Flickr30K/4174186497.jpg,/content/Image_captioning_Local/Flickr30K/flickr30k_images/flickr30k_images/4174186497.jpg,person,0.7885922193527222,42.36743927001953,96.87033081054688,176.99334716796875,328.4573974609375,6
Flickr30K/4174186497.jpg,/content/Image_captioning_Local/Flickr30K/flickr30k_images/flickr30k_images/4174186497.jpg,person,0.6421121954917908,0.12390613555908203,66.67031860351562,32.631404876708984,324.8251037597656,6
Flickr30K/4174186497.jpg,/content/Image_captioning_Local/Flickr30K/flickr30k_images/flickr30k_images/4174186497.jpg,person,0.5557453632354736,345.2474670410156,108.43586730957031,401.349365234375,193.45693969726562,6
Flickr30K/4174186497.jpg,/content/Image_captioning_Local/Flickr30K/flickr30k_images/flickr30k_images/4174186497.jpg,handbag,0.3081270158290863,151.05247497558594,185.69888305664062,188.7298126220703,296.6375427246094,6
Flickr30K/4174409888.jpg,/content/Image_captioning_Local/Flickr30K/flickr30k_images/flickr30k_images/4174409888.jpg,person,0.9055159091949463,380.4505310058594,149.5849609375,430.166259765625,295.3148498535156,5
Flickr30K/4174409888.jpg,/content/Image_captioning_Local/Flickr30K/flickr30k_images/flickr30k_images/4174409888.jpg,person,0.8977041244506836,27.297773361206055,125.72386169433594,85.90022277832031,280.9376525878906,5
Flickr30K/4174409888.jpg,/content/Image_captioning_Local/Flickr30K/flickr30k_images/flickr30k_images/4174409888.jpg,suitcase,0.8717224597930908,424.6065979003906,231.76336669921875,485.8933410644531,288.20458984375,5
Flickr30K/4174409888.jpg,/content/Image_captioning_Local/Flickr30K/flickr30k_images/flickr30k_images/4174409888.jpg,handbag,0.4714433252811432,62.454044342041016,144.52386474609375,94.32154846191406,193.88108825683594,5
Flickr30K/4174409888.jpg,/content/Image_captioning_Local/Flickr30K/flickr30k_images/flickr30k_images/4174409888.jpg,handbag,0.2748793065547943,33.26815414428711,189.46792602539062,83.28939819335938,223.3289031982422,5
Flickr30K/4174532000.jpg,/content/Image_captioning_Local/Flickr30K/flickr30k_images/flickr30k_images/4174532000.jpg,person,0.8953464031219482,133.5397186279297,86.27986907958984,204.4830780029297,195.96778869628906,2
Flickr30K/4174532000.jpg,/content/Image_captioning_Local/Flickr30K/flickr30k_images/flickr30k_images/4174532000.jpg,skateboard,0.30894532799720764,130.75489807128906,170.16685485839844,159.802001953125,196.38119506835938,2
Flickr30K/4175080701.jpg,/content/Image_captioning_Local/Flickr30K/flickr30k_images/flickr30k_images/4175080701.jpg,person,0.9534181952476501,364.2693176269531,85.75852966308594,499.60113525390625,370.8760681152344,6
Flickr30K/4175080701.jpg,/content/Image_captioning_Local/Flickr30K/flickr30k_images/flickr30k_images/4175080701.jpg,person,0.9187746047973633,235.58692932128906,118.12405395507812,321.9322204589844,350.6163024902344,6
Flickr30K/4175080701.jpg,/content/Image_captioning_Local/Flickr30K/flickr30k_images/flickr30k_images/4175080701.jpg,person,0.9021942019462585,152.09597778320312,134.26681518554688,235.84432983398438,289.9831237792969,6
Flickr30K/4175080701.jpg,/content/Image_captioning_Local/Flickr30K/flickr30k_images/flickr30k_images/4175080701.jpg,person,0.8986941576004028,74.3047866821289,141.94187927246094,125.61437225341797,251.5716094970703,6
Flickr30K/4175080701.jpg,/content/Image_captioning_Local/Flickr30K/flickr30k_images/flickr30k_images/4175080701.jpg,person,0.8931385278701782,110.92925262451172,129.27427673339844,157.3050537109375,252.3393096923828,6
Flickr30K/4175080701.jpg,/content/Image_captioning_Local/Flickr30K/flickr30k_images/flickr30k_images/4175080701.jpg,person,0.7719625234603882,145.6592254638672,144.0159149169922,178.0845184326172,265.1680603027344,6
Flickr30K/4175221212.jpg,/content/Image_captioning_Local/Flickr30K/flickr30k_images/flickr30k_images/4175221212.jpg,person,0.9248011112213135,283.54656982421875,114.6854019165039,348.5762023925781,279.9234924316406,2
Flickr30K/4175221212.jpg,/content/Image_captioning_Local/Flickr30K/flickr30k_images/flickr30k_images/4175221212.jpg,person,0.9100231528282166,207.4420166015625,98.93115997314453,265.51678466796875,281.3425598144531,2
Flickr30K/4175738621.jpg,/content/Image_captioning_Local/Flickr30K/flickr30k_images/flickr30k_images/4175738621.jpg,person,0.9011619091033936,188.92506408691406,67.85589599609375,288.89666748046875,360.1168212890625,10
Flickr30K/4175738621.jpg,/content/Image_captioning_Local/Flickr30K/flickr30k_images/flickr30k_images/4175738621.jpg,person,0.6378695964813232,390.5331726074219,119.7273941040039,417.4599609375,157.85691833496094,10
Flickr30K/4175738621.jpg,/content/Image_captioning_Local/Flickr30K/flickr30k_images/flickr30k_images/4175738621.jpg,person,0.5368101596832275,446.89141845703125,115.66954040527344,471.396240234375,205.02561950683594,10
Flickr30K/4175738621.jpg,/content/Image_captioning_Local/Flickr30K/flickr30k_images/flickr30k_images/4175738621.jpg,person,0.5168562531471252,420.5419006347656,120.8291015625,448.6112060546875,158.4666748046875,10
Flickr30K/4175738621.jpg,/content/Image_captioning_Local/Flickr30K/flickr30k_images/flickr30k_images/4175738621.jpg,person,0.4818516969680786,370.46502685546875,115.79670715332031,392.09027099609375,145.36166381835938,10
Flickr30K/4175738621.jpg,/content/Image_captioning_Local/Flickr30K/flickr30k_images/flickr30k_images/4175738621.jpg,teddy bear,0.3977755010128021,119.25749969482422,140.25892639160156,178.7189483642578,192.87705993652344,10
Flickr30K/4175738621.jpg,/content/Image_captioning_Local/Flickr30K/flickr30k_images/flickr30k_images/4175738621.jpg,teddy bear,0.2961176633834839,150.77076721191406,163.6909942626953,181.58482360839844,192.82069396972656,10
Flickr30K/4175738621.jpg,/content/Image_captioning_Local/Flickr30K/flickr30k_images/flickr30k_images/4175738621.jpg,person,0.29080459475517273,414.77777099609375,119.7418441772461,428.1518859863281,156.70745849609375,10
Flickr30K/4175738621.jpg,/content/Image_captioning_Local/Flickr30K/flickr30k_images/flickr30k_images/4175738621.jpg,handbag,0.2722168266773224,242.2659454345703,167.87371826171875,277.6994323730469,208.38800048828125,10
Flickr30K/4175738621.jpg,/content/Image_captioning_Local/Flickr30K/flickr30k_images/flickr30k_images/4175738621.jpg,tv,0.26993054151535034,473.53668212890625,108.39009094238281,499.9720458984375,135.45274353027344,10
Flickr30K/417577408.jpg,/content/Image_captioning_Local/Flickr30K/flickr30k_images/flickr30k_images/417577408.jpg,dog,0.9065850377082825,111.67985534667969,126.6265869140625,435.834228515625,369.1925048828125,1
Flickr30K/4175969090.jpg,/content/Image_captioning_Local/Flickr30K/flickr30k_images/flickr30k_images/4175969090.jpg,person,0.9375050663948059,0.36656856536865234,26.479291915893555,109.5367202758789,393.8291931152344,14
Flickr30K/4175969090.jpg,/content/Image_captioning_Local/Flickr30K/flickr30k_images/flickr30k_images/4175969090.jpg,person,0.9117821455001831,227.9629669189453,71.38955688476562,290.84625244140625,328.2225341796875,14
Flickr30K/4175969090.jpg,/content/Image_captioning_Local/Flickr30K/flickr30k_images/flickr30k_images/4175969090.jpg,person,0.877529501914978,163.36038208007812,71.43728637695312,217.01014709472656,240.68753051757812,14
Flickr30K/4175969090.jpg,/content/Image_captioning_Local/Flickr30K/flickr30k_images/flickr30k_images/4175969090.jpg,person,0.7784410119056702,364.9610595703125,84.18587493896484,380.8773193359375,136.44422912597656,14
Flickr30K/4175969090.jpg,/content/Image_captioning_Local/Flickr30K/flickr30k_images/flickr30k_images/4175969090.jpg,person,0.7717005610466003,305.61822509765625,73.82657623291016,339.79010009765625,210.5363311767578,14
Flickr30K/4175969090.jpg,/content/Image_captioning_Local/Flickr30K/flickr30k_images/flickr30k_images/4175969090.jpg,person,0.7262155413627625,119.16488647460938,86.171630859375,141.28147888183594,126.18132019042969,14
Flickr30K/4175969090.jpg,/content/Image_captioning_Local/Flickr30K/flickr30k_images/flickr30k_images/4175969090.jpg,person,0.6858726143836975,56.60593032836914,85.48356628417969,76.8039321899414,133.5904541015625,14
Flickr30K/4175969090.jpg,/content/Image_captioning_Local/Flickr30K/flickr30k_images/flickr30k_images/4175969090.jpg,person,0.6703541278839111,139.86692810058594,100.05609130859375,152.01315307617188,123.72845458984375,14
Flickr30K/4175969090.jpg,/content/Image_captioning_Local/Flickr30K/flickr30k_images/flickr30k_images/4175969090.jpg,train,0.6550792455673218,392.7129821777344,22.91083335876465,499.59600830078125,233.39649963378906,14
Flickr30K/4175969090.jpg,/content/Image_captioning_Local/Flickr30K/flickr30k_images/flickr30k_images/4175969090.jpg,handbag,0.5236682295799255,238.9048614501953,222.00640869140625,265.3304138183594,270.9478454589844,14
Flickr30K/4175969090.jpg,/content/Image_captioning_Local/Flickr30K/flickr30k_images/flickr30k_images/4175969090.jpg,handbag,0.38500359654426575,162.90402221679688,121.6724853515625,191.38157653808594,171.9221649169922,14
Flickr30K/4175969090.jpg,/content/Image_captioning_Local/Flickr30K/flickr30k_images/flickr30k_images/4175969090.jpg,handbag,0.32987725734710693,292.7118225097656,103.04536437988281,322.2358093261719,157.10812377929688,14
Flickr30K/4175969090.jpg,/content/Image_captioning_Local/Flickr30K/flickr30k_images/flickr30k_images/4175969090.jpg,handbag,0.30904367566108704,292.9342346191406,123.51615142822266,320.92919921875,157.58018493652344,14
Flickr30K/4175969090.jpg,/content/Image_captioning_Local/Flickr30K/flickr30k_images/flickr30k_images/4175969090.jpg,person,0.2520252466201782,231.72354125976562,101.0462875366211,242.95526123046875,113.03712463378906,14
Flickr30K/4176576400.jpg,/content/Image_captioning_Local/Flickr30K/flickr30k_images/flickr30k_images/4176576400.jpg,person,0.8933261036872864,81.30393981933594,67.40269470214844,328.28546142578125,492.6358337402344,5
Flickr30K/4176576400.jpg,/content/Image_captioning_Local/Flickr30K/flickr30k_images/flickr30k_images/4176576400.jpg,dog,0.5465230941772461,29.040002822875977,263.90985107421875,138.6139373779297,362.8406982421875,5
Flickr30K/4176576400.jpg,/content/Image_captioning_Local/Flickr30K/flickr30k_images/flickr30k_images/4176576400.jpg,dog,0.3986746072769165,28.84709930419922,234.5051727294922,149.1533966064453,363.7716369628906,5
Flickr30K/4176576400.jpg,/content/Image_captioning_Local/Flickr30K/flickr30k_images/flickr30k_images/4176576400.jpg,chair,0.3050520122051239,43.293617248535156,77.54883575439453,332.2746887207031,377.533447265625,5
Flickr30K/4176576400.jpg,/content/Image_captioning_Local/Flickr30K/flickr30k_images/flickr30k_images/4176576400.jpg,chair,0.2696673274040222,207.0018310546875,85.29243469238281,334.0,374.98016357421875,5
Flickr30K/4177309448.jpg,/content/Image_captioning_Local/Flickr30K/flickr30k_images/flickr30k_images/4177309448.jpg,person,0.9233114123344421,168.51275634765625,18.121349334716797,270.72216796875,311.96337890625,2
Flickr30K/4177309448.jpg,/content/Image_captioning_Local/Flickr30K/flickr30k_images/flickr30k_images/4177309448.jpg,horse,0.866445004940033,253.41844177246094,57.147193908691406,322.8096923828125,291.6183776855469,2
Flickr30K/4178087308.jpg,/content/Image_captioning_Local/Flickr30K/flickr30k_images/flickr30k_images/4178087308.jpg,person,0.9331310391426086,285.65850830078125,88.46006774902344,433.1286315917969,400.1051330566406,7
Flickr30K/4178087308.jpg,/content/Image_captioning_Local/Flickr30K/flickr30k_images/flickr30k_images/4178087308.jpg,truck,0.6195445656776428,0.3613471984863281,90.78495788574219,194.3495330810547,348.6587219238281,7
Flickr30K/4178087308.jpg,/content/Image_captioning_Local/Flickr30K/flickr30k_images/flickr30k_images/4178087308.jpg,truck,0.5381788611412048,34.396217346191406,98.11992645263672,500.0,366.6513366699219,7
Flickr30K/4178087308.jpg,/content/Image_captioning_Local/Flickr30K/flickr30k_images/flickr30k_images/4178087308.jpg,car,0.4894416630268097,33.870887756347656,102.27703857421875,456.7560119628906,360.1548767089844,7
Flickr30K/4178087308.jpg,/content/Image_captioning_Local/Flickr30K/flickr30k_images/flickr30k_images/4178087308.jpg,person,0.45381978154182434,170.85617065429688,95.99296569824219,271.1933288574219,255.689453125,7
Flickr30K/4178087308.jpg,/content/Image_captioning_Local/Flickr30K/flickr30k_images/flickr30k_images/4178087308.jpg,truck,0.3239102363586426,227.55184936523438,85.42761993408203,499.65802001953125,380.7864990234375,7
Flickr30K/4178087308.jpg,/content/Image_captioning_Local/Flickr30K/flickr30k_images/flickr30k_images/4178087308.jpg,suitcase,0.2831532061100006,202.07049560546875,253.13462829589844,270.41094970703125,315.60498046875,7
Flickr30K/417839679.jpg,/content/Image_captioning_Local/Flickr30K/flickr30k_images/flickr30k_images/417839679.jpg,person,0.9226060509681702,151.9923553466797,31.946516036987305,250.439208984375,194.13113403320312,2
Flickr30K/417839679.jpg,/content/Image_captioning_Local/Flickr30K/flickr30k_images/flickr30k_images/417839679.jpg,person,0.9217407703399658,219.219970703125,156.70457458496094,342.2330017089844,284.9339904785156,2
Flickr30K/417839691.jpg,/content/Image_captioning_Local/Flickr30K/flickr30k_images/flickr30k_images/417839691.jpg,person,0.9373457431793213,119.79246520996094,116.94450378417969,295.9201354980469,318.393798828125,3
Flickr30K/417839691.jpg,/content/Image_captioning_Local/Flickr30K/flickr30k_images/flickr30k_images/417839691.jpg,person,0.4437890946865082,2.2514820098876953,0.0,217.81663513183594,130.6663818359375,3
Flickr30K/417839691.jpg,/content/Image_captioning_Local/Flickr30K/flickr30k_images/flickr30k_images/417839691.jpg,person,0.359287291765213,0.5653858184814453,0.0,215.84832763671875,247.28195190429688,3
Flickr30K/4179301928.jpg,/content/Image_captioning_Local/Flickr30K/flickr30k_images/flickr30k_images/4179301928.jpg,person,0.9104965925216675,92.71668243408203,137.481689453125,164.01576232910156,349.8039855957031,5
Flickr30K/4179301928.jpg,/content/Image_captioning_Local/Flickr30K/flickr30k_images/flickr30k_images/4179301928.jpg,person,0.8614786863327026,375.62567138671875,113.78021240234375,457.6139831542969,277.6832580566406,5
Flickr30K/4179301928.jpg,/content/Image_captioning_Local/Flickr30K/flickr30k_images/flickr30k_images/4179301928.jpg,person,0.7830463647842407,486.4514465332031,140.43765258789062,499.8237609863281,186.90638732910156,5
Flickr30K/4179301928.jpg,/content/Image_captioning_Local/Flickr30K/flickr30k_images/flickr30k_images/4179301928.jpg,bench,0.3288702368736267,141.8501739501953,215.48199462890625,410.28729248046875,323.91973876953125,5
Flickr30K/4179301928.jpg,/content/Image_captioning_Local/Flickr30K/flickr30k_images/flickr30k_images/4179301928.jpg,bottle,0.25598159432411194,147.174072265625,242.3919219970703,157.5601043701172,264.8665771484375,5
Flickr30K/417931483.jpg,/content/Image_captioning_Local/Flickr30K/flickr30k_images/flickr30k_images/417931483.jpg,laptop,0.9041498303413391,120.40975189208984,244.8250732421875,254.11190795898438,357.8204040527344,9
Flickr30K/417931483.jpg,/content/Image_captioning_Local/Flickr30K/flickr30k_images/flickr30k_images/417931483.jpg,person,0.8733339905738831,218.68463134765625,123.54020690917969,366.8939208984375,364.84747314453125,9
Flickr30K/417931483.jpg,/content/Image_captioning_Local/Flickr30K/flickr30k_images/flickr30k_images/417931483.jpg,person,0.8613216280937195,312.0020751953125,90.20972442626953,490.4454345703125,274.555908203125,9
Flickr30K/417931483.jpg,/content/Image_captioning_Local/Flickr30K/flickr30k_images/flickr30k_images/417931483.jpg,person,0.8348819017410278,324.79266357421875,255.86605834960938,499.7603454589844,372.3557434082031,9
Flickr30K/417931483.jpg,/content/Image_captioning_Local/Flickr30K/flickr30k_images/flickr30k_images/417931483.jpg,dining table,0.7805337905883789,0.41522979736328125,245.0802764892578,289.74713134765625,371.6673278808594,9
Flickr30K/417931483.jpg,/content/Image_captioning_Local/Flickr30K/flickr30k_images/flickr30k_images/417931483.jpg,chair,0.7333461046218872,97.76148986816406,200.87713623046875,192.19662475585938,252.86802673339844,9
Flickr30K/417931483.jpg,/content/Image_captioning_Local/Flickr30K/flickr30k_images/flickr30k_images/417931483.jpg,chair,0.3623817563056946,97.93708038330078,211.10292053222656,173.1474151611328,252.74981689453125,9
Flickr30K/417931483.jpg,/content/Image_captioning_Local/Flickr30K/flickr30k_images/flickr30k_images/417931483.jpg,handbag,0.34664472937583923,143.132568359375,210.51039123535156,253.23228454589844,282.2538757324219,9
Flickr30K/417931483.jpg,/content/Image_captioning_Local/Flickr30K/flickr30k_images/flickr30k_images/417931483.jpg,cell phone,0.28041523694992065,156.75241088867188,344.0269470214844,173.7362060546875,370.19635009765625,9
Flickr30K/4179455963.jpg,/content/Image_captioning_Local/Flickr30K/flickr30k_images/flickr30k_images/4179455963.jpg,person,0.8967684507369995,133.89901733398438,118.637939453125,225.82821655273438,279.6780700683594,6
Flickr30K/4179455963.jpg,/content/Image_captioning_Local/Flickr30K/flickr30k_images/flickr30k_images/4179455963.jpg,person,0.8936709761619568,211.7259063720703,123.99491882324219,290.126708984375,288.9073486328125,6
Flickr30K/4179455963.jpg,/content/Image_captioning_Local/Flickr30K/flickr30k_images/flickr30k_images/4179455963.jpg,person,0.8636032938957214,316.81689453125,12.003207206726074,439.13067626953125,308.92755126953125,6
Flickr30K/4179455963.jpg,/content/Image_captioning_Local/Flickr30K/flickr30k_images/flickr30k_images/4179455963.jpg,person,0.8169217705726624,290.1503601074219,105.54105377197266,353.7405090332031,252.9948272705078,6
Flickr30K/4179455963.jpg,/content/Image_captioning_Local/Flickr30K/flickr30k_images/flickr30k_images/4179455963.jpg,bicycle,0.8092057704925537,0.1150369644165039,142.64773559570312,96.96903228759766,280.7428283691406,6
Flickr30K/4179455963.jpg,/content/Image_captioning_Local/Flickr30K/flickr30k_images/flickr30k_images/4179455963.jpg,bicycle,0.7380809783935547,46.45924377441406,178.10000610351562,493.1257629394531,331.492431640625,6
Flickr30K/417951306.jpg,/content/Image_captioning_Local/Flickr30K/flickr30k_images/flickr30k_images/417951306.jpg,person,0.9035313129425049,83.79844665527344,167.72003173828125,319.5733642578125,429.48797607421875,10
Flickr30K/417951306.jpg,/content/Image_captioning_Local/Flickr30K/flickr30k_images/flickr30k_images/417951306.jpg,cup,0.8661395311355591,112.63809204101562,254.47315979003906,134.13099670410156,292.4219665527344,10
Flickr30K/417951306.jpg,/content/Image_captioning_Local/Flickr30K/flickr30k_images/flickr30k_images/417951306.jpg,cup,0.7399184703826904,81.22734832763672,229.86874389648438,99.22862243652344,258.3450927734375,10
Flickr30K/417951306.jpg,/content/Image_captioning_Local/Flickr30K/flickr30k_images/flickr30k_images/417951306.jpg,dog,0.739084005355835,220.57847595214844,304.3906555175781,293.4405212402344,478.6267395019531,10
Flickr30K/417951306.jpg,/content/Image_captioning_Local/Flickr30K/flickr30k_images/flickr30k_images/417951306.jpg,dining table,0.6624969840049744,0.905454158782959,244.4210968017578,240.74949645996094,448.9529724121094,10
Flickr30K/417951306.jpg,/content/Image_captioning_Local/Flickr30K/flickr30k_images/flickr30k_images/417951306.jpg,couch,0.5677627325057983,0.0,153.1174774169922,164.43624877929688,263.30377197265625,10
Flickr30K/417951306.jpg,/content/Image_captioning_Local/Flickr30K/flickr30k_images/flickr30k_images/417951306.jpg,keyboard,0.37517356872558594,53.5517692565918,292.4001770019531,185.87918090820312,328.415771484375,10
Flickr30K/417951306.jpg,/content/Image_captioning_Local/Flickr30K/flickr30k_images/flickr30k_images/417951306.jpg,chair,0.3655637204647064,282.0794677734375,358.4742126464844,332.9586181640625,456.5169677734375,10
Flickr30K/417951306.jpg,/content/Image_captioning_Local/Flickr30K/flickr30k_images/flickr30k_images/417951306.jpg,couch,0.35038381814956665,232.34634399414062,172.82798767089844,332.7042541503906,363.7414245605469,10
Flickr30K/417951306.jpg,/content/Image_captioning_Local/Flickr30K/flickr30k_images/flickr30k_images/417951306.jpg,bottle,0.26244089007377625,16.76168441772461,121.08390045166016,31.648588180541992,153.1505889892578,10
Flickr30K/417952692.jpg,/content/Image_captioning_Local/Flickr30K/flickr30k_images/flickr30k_images/417952692.jpg,person,0.9398884773254395,189.04962158203125,64.66111755371094,373.5665283203125,330.7295837402344,3
Flickr30K/417952692.jpg,/content/Image_captioning_Local/Flickr30K/flickr30k_images/flickr30k_images/417952692.jpg,person,0.9051290154457092,321.1192932128906,3.372812271118164,499.3917541503906,330.019775390625,3
Flickr30K/417952692.jpg,/content/Image_captioning_Local/Flickr30K/flickr30k_images/flickr30k_images/417952692.jpg,cell phone,0.567766010761261,219.9563446044922,140.42160034179688,239.21685791015625,176.7779998779297,3
Flickr30K/4179668555.jpg,/content/Image_captioning_Local/Flickr30K/flickr30k_images/flickr30k_images/4179668555.jpg,car,0.9099939465522766,74.53507995605469,363.91650390625,239.9169464111328,422.8463134765625,5
Flickr30K/4179668555.jpg,/content/Image_captioning_Local/Flickr30K/flickr30k_images/flickr30k_images/4179668555.jpg,person,0.8604302406311035,104.8534164428711,353.4525451660156,138.29481506347656,425.6039733886719,5
Flickr30K/4179668555.jpg,/content/Image_captioning_Local/Flickr30K/flickr30k_images/flickr30k_images/4179668555.jpg,person,0.7394837737083435,173.84197998046875,341.6499938964844,190.650390625,365.29937744140625,5
Flickr30K/4179668555.jpg,/content/Image_captioning_Local/Flickr30K/flickr30k_images/flickr30k_images/4179668555.jpg,person,0.7124705910682678,189.51580810546875,349.4783935546875,200.3510284423828,366.86700439453125,5
Flickr30K/4179668555.jpg,/content/Image_captioning_Local/Flickr30K/flickr30k_images/flickr30k_images/4179668555.jpg,car,0.5628563761711121,217.1844024658203,350.8600769042969,369.4327697753906,419.4306335449219,5
Flickr30K/417966898.jpg,/content/Image_captioning_Local/Flickr30K/flickr30k_images/flickr30k_images/417966898.jpg,person,0.8271142840385437,369.4245300292969,62.96873092651367,454.1531677246094,237.9311065673828,2
Flickr30K/417966898.jpg,/content/Image_captioning_Local/Flickr30K/flickr30k_images/flickr30k_images/417966898.jpg,person,0.7998261451721191,58.039222717285156,1.3216972351074219,360.3604736328125,327.304931640625,2
Flickr30K/4179982279.jpg,/content/Image_captioning_Local/Flickr30K/flickr30k_images/flickr30k_images/4179982279.jpg,person,0.8300114870071411,285.53204345703125,224.29881286621094,313.3838195800781,285.5806884765625,7
Flickr30K/4179982279.jpg,/content/Image_captioning_Local/Flickr30K/flickr30k_images/flickr30k_images/4179982279.jpg,person,0.7880565524101257,75.6490478515625,217.82273864746094,91.02693939208984,259.1516418457031,7
Flickr30K/4179982279.jpg,/content/Image_captioning_Local/Flickr30K/flickr30k_images/flickr30k_images/4179982279.jpg,person,0.7637662291526794,311.7708740234375,217.49072265625,342.173828125,283.561767578125,7
Flickr30K/4179982279.jpg,/content/Image_captioning_Local/Flickr30K/flickr30k_images/flickr30k_images/4179982279.jpg,person,0.7536823153495789,98.39588928222656,216.60775756835938,109.96186828613281,260.2215881347656,7
Flickr30K/4179982279.jpg,/content/Image_captioning_Local/Flickr30K/flickr30k_images/flickr30k_images/4179982279.jpg,umbrella,0.3241662383079529,424.2275390625,195.61720275878906,499.8405456542969,222.20306396484375,7
Flickr30K/4179982279.jpg,/content/Image_captioning_Local/Flickr30K/flickr30k_images/flickr30k_images/4179982279.jpg,stop sign,0.29961124062538147,104.95802307128906,203.3322296142578,117.23672485351562,216.8620147705078,7
Flickr30K/4179982279.jpg,/content/Image_captioning_Local/Flickr30K/flickr30k_images/flickr30k_images/4179982279.jpg,umbrella,0.2766752541065216,163.50440979003906,202.8343505859375,215.89474487304688,214.6396942138672,7
Flickr30K/4180952377.jpg,/content/Image_captioning_Local/Flickr30K/flickr30k_images/flickr30k_images/4180952377.jpg,person,0.9515724778175354,2.722644805908203,79.51563262939453,344.9601745605469,370.5704650878906,2
Flickr30K/4180952377.jpg,/content/Image_captioning_Local/Flickr30K/flickr30k_images/flickr30k_images/4180952377.jpg,truck,0.7315160036087036,129.14080810546875,0.8508682250976562,498.7462158203125,367.8854064941406,2
Flickr30K/418112325.jpg,/content/Image_captioning_Local/Flickr30K/flickr30k_images/flickr30k_images/418112325.jpg,person,0.9131062030792236,0.0980072021484375,86.88050842285156,133.95587158203125,322.3849182128906,17
Flickr30K/418112325.jpg,/content/Image_captioning_Local/Flickr30K/flickr30k_images/flickr30k_images/418112325.jpg,cup,0.8909187912940979,322.82440185546875,214.673583984375,354.8540344238281,276.7618103027344,17
Flickr30K/418112325.jpg,/content/Image_captioning_Local/Flickr30K/flickr30k_images/flickr30k_images/418112325.jpg,bottle,0.8757556676864624,158.67747497558594,128.57809448242188,184.88092041015625,208.4867706298828,17
Flickr30K/418112325.jpg,/content/Image_captioning_Local/Flickr30K/flickr30k_images/flickr30k_images/418112325.jpg,person,0.8614087104797363,248.35093688964844,63.40967559814453,417.9055480957031,221.45217895507812,17
Flickr30K/418112325.jpg,/content/Image_captioning_Local/Flickr30K/flickr30k_images/flickr30k_images/418112325.jpg,person,0.7926901578903198,118.88321685791016,57.39985656738281,210.99412536621094,189.5792999267578,17
Flickr30K/418112325.jpg,/content/Image_captioning_Local/Flickr30K/flickr30k_images/flickr30k_images/418112325.jpg,person,0.7460352182388306,338.9305114746094,86.83351135253906,479.726806640625,306.85858154296875,17
Flickr30K/418112325.jpg,/content/Image_captioning_Local/Flickr30K/flickr30k_images/flickr30k_images/418112325.jpg,dining table,0.7442364692687988,78.44970703125,136.8409881591797,478.927978515625,359.41180419921875,17
Flickr30K/418112325.jpg,/content/Image_captioning_Local/Flickr30K/flickr30k_images/flickr30k_images/418112325.jpg,chair,0.7282676696777344,0.1423931121826172,213.70175170898438,83.60350036621094,358.96160888671875,17
Flickr30K/418112325.jpg,/content/Image_captioning_Local/Flickr30K/flickr30k_images/flickr30k_images/418112325.jpg,bowl,0.7251495718955994,208.47898864746094,227.17913818359375,258.1983947753906,262.7176208496094,17
Flickr30K/418112325.jpg,/content/Image_captioning_Local/Flickr30K/flickr30k_images/flickr30k_images/418112325.jpg,cup,0.6650333404541016,134.90957641601562,220.44247436523438,163.113037109375,259.4666442871094,17
Flickr30K/418112325.jpg,/content/Image_captioning_Local/Flickr30K/flickr30k_images/flickr30k_images/418112325.jpg,cup,0.6085795164108276,133.7423858642578,202.09323120117188,163.3447265625,259.87774658203125,17
Flickr30K/418112325.jpg,/content/Image_captioning_Local/Flickr30K/flickr30k_images/flickr30k_images/418112325.jpg,cup,0.5783177018165588,269.410888671875,165.15078735351562,300.37225341796875,217.38674926757812,17
Flickr30K/418112325.jpg,/content/Image_captioning_Local/Flickr30K/flickr30k_images/flickr30k_images/418112325.jpg,fork,0.44118836522102356,271.0690612792969,270.7021484375,351.7381896972656,306.5603332519531,17
Flickr30K/418112325.jpg,/content/Image_captioning_Local/Flickr30K/flickr30k_images/flickr30k_images/418112325.jpg,bowl,0.4353024959564209,284.78594970703125,213.97201538085938,313.7281494140625,229.52975463867188,17
Flickr30K/418112325.jpg,/content/Image_captioning_Local/Flickr30K/flickr30k_images/flickr30k_images/418112325.jpg,fork,0.3482443690299988,173.95339965820312,284.64276123046875,204.19386291503906,324.9883117675781,17
Flickr30K/418112325.jpg,/content/Image_captioning_Local/Flickr30K/flickr30k_images/flickr30k_images/418112325.jpg,chair,0.27943485975265503,384.5135192871094,97.56318664550781,437.0629577636719,223.4791259765625,17
Flickr30K/418112325.jpg,/content/Image_captioning_Local/Flickr30K/flickr30k_images/flickr30k_images/418112325.jpg,knife,0.2511487603187561,173.87278747558594,284.88214111328125,204.12721252441406,325.2022705078125,17
Flickr30K/4181549116.jpg,/content/Image_captioning_Local/Flickr30K/flickr30k_images/flickr30k_images/4181549116.jpg,chair,0.9427114725112915,0.3011345863342285,38.855934143066406,169.3982696533203,272.5763854980469,3
Flickr30K/4181549116.jpg,/content/Image_captioning_Local/Flickr30K/flickr30k_images/flickr30k_images/4181549116.jpg,person,0.9145991206169128,10.355210304260254,1.082015037536621,338.8280029296875,270.5816650390625,3
Flickr30K/4181549116.jpg,/content/Image_captioning_Local/Flickr30K/flickr30k_images/flickr30k_images/4181549116.jpg,dining table,0.5097300410270691,1.6837120056152344,175.7732391357422,494.85626220703125,372.33392333984375,3
Flickr30K/4181633615.jpg,/content/Image_captioning_Local/Flickr30K/flickr30k_images/flickr30k_images/4181633615.jpg,person,0.8647246956825256,335.7344970703125,98.74696350097656,375.2980651855469,205.52850341796875,2
Flickr30K/4181633615.jpg,/content/Image_captioning_Local/Flickr30K/flickr30k_images/flickr30k_images/4181633615.jpg,umbrella,0.28663313388824463,151.6526641845703,14.168429374694824,224.086181640625,67.44416046142578,2
Flickr30K/4181778244.jpg,/content/Image_captioning_Local/Flickr30K/flickr30k_images/flickr30k_images/4181778244.jpg,bowl,0.9068559408187866,123.94027709960938,250.087158203125,207.0442657470703,306.6881103515625,5
Flickr30K/4181778244.jpg,/content/Image_captioning_Local/Flickr30K/flickr30k_images/flickr30k_images/4181778244.jpg,person,0.8476552367210388,102.74848937988281,0.11829137802124023,277.63885498046875,236.45986938476562,5
Flickr30K/4181778244.jpg,/content/Image_captioning_Local/Flickr30K/flickr30k_images/flickr30k_images/4181778244.jpg,spoon,0.7268908023834229,217.52102661132812,263.5830383300781,244.8782196044922,317.3445129394531,5
Flickr30K/4181778244.jpg,/content/Image_captioning_Local/Flickr30K/flickr30k_images/flickr30k_images/4181778244.jpg,bowl,0.6886742115020752,163.56280517578125,286.98333740234375,260.5161437988281,334.0,5
Flickr30K/4181778244.jpg,/content/Image_captioning_Local/Flickr30K/flickr30k_images/flickr30k_images/4181778244.jpg,car,0.29197201132774353,31.873680114746094,0.6613254547119141,384.5744934082031,321.7100524902344,5
Flickr30K/4181865001.jpg,/content/Image_captioning_Local/Flickr30K/flickr30k_images/flickr30k_images/4181865001.jpg,person,0.766859769821167,213.21649169921875,0.8167386054992676,500.0,387.41998291015625,3
Flickr30K/4181865001.jpg,/content/Image_captioning_Local/Flickr30K/flickr30k_images/flickr30k_images/4181865001.jpg,knife,0.3246243894100189,141.4064178466797,178.57913208007812,328.86822509765625,296.8454895019531,3
Flickr30K/4181865001.jpg,/content/Image_captioning_Local/Flickr30K/flickr30k_images/flickr30k_images/4181865001.jpg,spoon,0.301806777715683,140.8638458251953,178.1422576904297,328.98236083984375,297.705078125,3
Flickr30K/4181979336.jpg,/content/Image_captioning_Local/Flickr30K/flickr30k_images/flickr30k_images/4181979336.jpg,person,0.8333418965339661,254.52474975585938,125.81393432617188,359.8996276855469,295.0960388183594,11
Flickr30K/4181979336.jpg,/content/Image_captioning_Local/Flickr30K/flickr30k_images/flickr30k_images/4181979336.jpg,person,0.7439047694206238,18.334245681762695,202.97860717773438,140.4919891357422,323.3081359863281,11
Flickr30K/4181979336.jpg,/content/Image_captioning_Local/Flickr30K/flickr30k_images/flickr30k_images/4181979336.jpg,person,0.6890361309051514,115.497802734375,233.38580322265625,163.0206298828125,298.2427062988281,11
Flickr30K/4181979336.jpg,/content/Image_captioning_Local/Flickr30K/flickr30k_images/flickr30k_images/4181979336.jpg,person,0.6551026701927185,119.16141510009766,211.96112060546875,260.65570068359375,333.5289611816406,11
Flickr30K/4181979336.jpg,/content/Image_captioning_Local/Flickr30K/flickr30k_images/flickr30k_images/4181979336.jpg,person,0.619266927242279,257.4778137207031,237.40811157226562,332.1270446777344,320.01654052734375,11
Flickr30K/4181979336.jpg,/content/Image_captioning_Local/Flickr30K/flickr30k_images/flickr30k_images/4181979336.jpg,person,0.6025635004043579,229.999755859375,240.88473510742188,270.2792053222656,307.2755432128906,11
Flickr30K/4181979336.jpg,/content/Image_captioning_Local/Flickr30K/flickr30k_images/flickr30k_images/4181979336.jpg,person,0.5291089415550232,316.60968017578125,194.7277374267578,360.6253662109375,247.60568237304688,11
Flickr30K/4181979336.jpg,/content/Image_captioning_Local/Flickr30K/flickr30k_images/flickr30k_images/4181979336.jpg,person,0.4570590555667877,56.862403869628906,178.6858367919922,97.66722106933594,217.9818878173828,11
Flickr30K/4181979336.jpg,/content/Image_captioning_Local/Flickr30K/flickr30k_images/flickr30k_images/4181979336.jpg,person,0.4511311948299408,219.7164764404297,219.65293884277344,262.45330810546875,268.4920349121094,11
Flickr30K/4181979336.jpg,/content/Image_captioning_Local/Flickr30K/flickr30k_images/flickr30k_images/4181979336.jpg,person,0.3702431917190552,31.389034271240234,203.15237426757812,53.78462219238281,261.09332275390625,11
Flickr30K/4181979336.jpg,/content/Image_captioning_Local/Flickr30K/flickr30k_images/flickr30k_images/4181979336.jpg,person,0.3580820560455322,353.9846496582031,181.7755126953125,375.0,250.565673828125,11
Flickr30K/418207489.jpg,/content/Image_captioning_Local/Flickr30K/flickr30k_images/flickr30k_images/418207489.jpg,person,0.8875357508659363,136.10556030273438,166.7225799560547,190.78347778320312,280.29595947265625,3
Flickr30K/418207489.jpg,/content/Image_captioning_Local/Flickr30K/flickr30k_images/flickr30k_images/418207489.jpg,person,0.8815233707427979,191.60098266601562,153.16729736328125,231.68521118164062,293.94287109375,3
Flickr30K/418207489.jpg,/content/Image_captioning_Local/Flickr30K/flickr30k_images/flickr30k_images/418207489.jpg,person,0.27268603444099426,169.006591796875,168.95416259765625,177.57711791992188,184.67381286621094,3
Flickr30K/4182499394.jpg,/content/Image_captioning_Local/Flickr30K/flickr30k_images/flickr30k_images/4182499394.jpg,person,0.9001480937004089,138.8589324951172,153.3980712890625,204.4436492919922,277.0291748046875,1
Flickr30K/4182580764.jpg,/content/Image_captioning_Local/Flickr30K/flickr30k_images/flickr30k_images/4182580764.jpg,person,0.764581561088562,208.09869384765625,50.024593353271484,263.11224365234375,153.9020233154297,19
Flickr30K/4182580764.jpg,/content/Image_captioning_Local/Flickr30K/flickr30k_images/flickr30k_images/4182580764.jpg,person,0.7631377577781677,225.99916076660156,49.02613067626953,448.626708984375,254.33074951171875,19
Flickr30K/4182580764.jpg,/content/Image_captioning_Local/Flickr30K/flickr30k_images/flickr30k_images/4182580764.jpg,person,0.6687594056129456,360.2583923339844,28.066492080688477,438.4248352050781,135.83023071289062,19
Flickr30K/4182580764.jpg,/content/Image_captioning_Local/Flickr30K/flickr30k_images/flickr30k_images/4182580764.jpg,person,0.6032036542892456,262.11456298828125,41.79261016845703,306.5039978027344,118.16520690917969,19
Flickr30K/4182580764.jpg,/content/Image_captioning_Local/Flickr30K/flickr30k_images/flickr30k_images/4182580764.jpg,person,0.5934860706329346,56.253780364990234,84.93180847167969,143.8057098388672,213.03305053710938,19
Flickr30K/4182580764.jpg,/content/Image_captioning_Local/Flickr30K/flickr30k_images/flickr30k_images/4182580764.jpg,person,0.5930194854736328,470.52825927734375,45.961997985839844,499.8253479003906,198.63632202148438,19
Flickr30K/4182580764.jpg,/content/Image_captioning_Local/Flickr30K/flickr30k_images/flickr30k_images/4182580764.jpg,tie,0.5898545980453491,386.6697692871094,61.866844177246094,395.90850830078125,81.66129302978516,19
Flickr30K/4182580764.jpg,/content/Image_captioning_Local/Flickr30K/flickr30k_images/flickr30k_images/4182580764.jpg,person,0.4991416931152344,27.730453491210938,95.7316665649414,108.88758850097656,214.83926391601562,19
Flickr30K/4182580764.jpg,/content/Image_captioning_Local/Flickr30K/flickr30k_images/flickr30k_images/4182580764.jpg,person,0.4708276391029358,163.1542510986328,120.5551528930664,223.09268188476562,194.99496459960938,19
Flickr30K/4182580764.jpg,/content/Image_captioning_Local/Flickr30K/flickr30k_images/flickr30k_images/4182580764.jpg,person,0.3966495394706726,0.04253387451171875,89.88043975830078,33.498226165771484,164.2079620361328,19
Flickr30K/4182580764.jpg,/content/Image_captioning_Local/Flickr30K/flickr30k_images/flickr30k_images/4182580764.jpg,person,0.3881259858608246,7.442128658294678,28.708478927612305,67.50593566894531,115.25666809082031,19
Flickr30K/4182580764.jpg,/content/Image_captioning_Local/Flickr30K/flickr30k_images/flickr30k_images/4182580764.jpg,person,0.37729284167289734,288.10107421875,46.36262512207031,318.85125732421875,113.3670654296875,19
Flickr30K/4182580764.jpg,/content/Image_captioning_Local/Flickr30K/flickr30k_images/flickr30k_images/4182580764.jpg,person,0.37246131896972656,340.7185974121094,45.40534210205078,367.1714172363281,130.34228515625,19
Flickr30K/4182580764.jpg,/content/Image_captioning_Local/Flickr30K/flickr30k_images/flickr30k_images/4182580764.jpg,chair,0.3494807183742523,40.644859313964844,159.20944213867188,107.68363189697266,215.08526611328125,19
Flickr30K/4182580764.jpg,/content/Image_captioning_Local/Flickr30K/flickr30k_images/flickr30k_images/4182580764.jpg,chair,0.3443775475025177,444.70654296875,121.80182647705078,489.6325988769531,201.75242614746094,19
Flickr30K/4182580764.jpg,/content/Image_captioning_Local/Flickr30K/flickr30k_images/flickr30k_images/4182580764.jpg,person,0.33993420004844666,0.07922351360321045,89.58329772949219,41.02397155761719,200.5748748779297,19
Flickr30K/4182580764.jpg,/content/Image_captioning_Local/Flickr30K/flickr30k_images/flickr30k_images/4182580764.jpg,person,0.3270408511161804,442.65789794921875,44.69324493408203,499.3648986816406,199.8055877685547,19
Flickr30K/4182580764.jpg,/content/Image_captioning_Local/Flickr30K/flickr30k_images/flickr30k_images/4182580764.jpg,person,0.32221245765686035,442.5655517578125,45.632076263427734,476.9971923828125,197.61827087402344,19
Flickr30K/4182580764.jpg,/content/Image_captioning_Local/Flickr30K/flickr30k_images/flickr30k_images/4182580764.jpg,person,0.2843954861164093,95.52823638916016,113.69584655761719,159.27212524414062,195.27755737304688,19
Flickr30K/4182684430.jpg,/content/Image_captioning_Local/Flickr30K/flickr30k_images/flickr30k_images/4182684430.jpg,person,0.9415724277496338,86.33556365966797,80.99170684814453,243.005615234375,331.42437744140625,2
Flickr30K/4182684430.jpg,/content/Image_captioning_Local/Flickr30K/flickr30k_images/flickr30k_images/4182684430.jpg,person,0.9298614263534546,315.2918395996094,18.26571273803711,417.8297119140625,301.01080322265625,2
Flickr30K/4182976314.jpg,/content/Image_captioning_Local/Flickr30K/flickr30k_images/flickr30k_images/4182976314.jpg,bench,0.9192386865615845,237.6553497314453,310.012451171875,332.0,488.21527099609375,8
Flickr30K/4182976314.jpg,/content/Image_captioning_Local/Flickr30K/flickr30k_images/flickr30k_images/4182976314.jpg,person,0.9081923961639404,94.55280303955078,160.9130401611328,226.60150146484375,423.4768981933594,8
Flickr30K/4182976314.jpg,/content/Image_captioning_Local/Flickr30K/flickr30k_images/flickr30k_images/4182976314.jpg,person,0.9043419361114502,212.164306640625,164.84078979492188,304.2121887207031,367.06866455078125,8
Flickr30K/4182976314.jpg,/content/Image_captioning_Local/Flickr30K/flickr30k_images/flickr30k_images/4182976314.jpg,bus,0.8946118354797363,16.707181930541992,135.77127075195312,116.13402557373047,236.4024658203125,8
Flickr30K/4182976314.jpg,/content/Image_captioning_Local/Flickr30K/flickr30k_images/flickr30k_images/4182976314.jpg,handbag,0.8385753631591797,66.4239273071289,293.0433349609375,112.44104766845703,371.6218566894531,8
Flickr30K/4182976314.jpg,/content/Image_captioning_Local/Flickr30K/flickr30k_images/flickr30k_images/4182976314.jpg,person,0.8057518005371094,200.45518493652344,183.85682678222656,219.6153564453125,235.9605255126953,8
Flickr30K/4182976314.jpg,/content/Image_captioning_Local/Flickr30K/flickr30k_images/flickr30k_images/4182976314.jpg,person,0.7370700240135193,181.30445861816406,181.8599395751953,200.55885314941406,238.76011657714844,8
Flickr30K/4182976314.jpg,/content/Image_captioning_Local/Flickr30K/flickr30k_images/flickr30k_images/4182976314.jpg,person,0.34044748544692993,166.25604248046875,187.86668395996094,181.75067138671875,219.93174743652344,8
Flickr30K/418310966.jpg,/content/Image_captioning_Local/Flickr30K/flickr30k_images/flickr30k_images/418310966.jpg,bed,0.5074684023857117,10.832511901855469,195.5709991455078,374.1739196777344,494.6997985839844,1
Flickr30K/4183120.jpg,/content/Image_captioning_Local/Flickr30K/flickr30k_images/flickr30k_images/4183120.jpg,person,0.9097620844841003,93.01708984375,144.9143829345703,366.92742919921875,372.9175109863281,10
Flickr30K/4183120.jpg,/content/Image_captioning_Local/Flickr30K/flickr30k_images/flickr30k_images/4183120.jpg,person,0.863678514957428,308.1965026855469,143.30682373046875,497.73602294921875,371.2867736816406,10
Flickr30K/4183120.jpg,/content/Image_captioning_Local/Flickr30K/flickr30k_images/flickr30k_images/4183120.jpg,person,0.829999566078186,250.7985076904297,137.39199829101562,321.1960754394531,250.05226135253906,10
Flickr30K/4183120.jpg,/content/Image_captioning_Local/Flickr30K/flickr30k_images/flickr30k_images/4183120.jpg,person,0.7199971675872803,41.04706954956055,166.90354919433594,99.57086944580078,276.53985595703125,10
Flickr30K/4183120.jpg,/content/Image_captioning_Local/Flickr30K/flickr30k_images/flickr30k_images/4183120.jpg,person,0.4533126652240753,0.0024378299713134766,134.511474609375,50.69758224487305,257.1251525878906,10
Flickr30K/4183120.jpg,/content/Image_captioning_Local/Flickr30K/flickr30k_images/flickr30k_images/4183120.jpg,person,0.45294684171676636,275.24896240234375,25.172752380371094,291.0440979003906,78.93729400634766,10
Flickr30K/4183120.jpg,/content/Image_captioning_Local/Flickr30K/flickr30k_images/flickr30k_images/4183120.jpg,person,0.35449308156967163,352.98614501953125,62.16213607788086,381.8445739746094,138.74346923828125,10
Flickr30K/4183120.jpg,/content/Image_captioning_Local/Flickr30K/flickr30k_images/flickr30k_images/4183120.jpg,person,0.280225932598114,302.98968505859375,12.864553451538086,319.0263671875,56.191680908203125,10
Flickr30K/4183120.jpg,/content/Image_captioning_Local/Flickr30K/flickr30k_images/flickr30k_images/4183120.jpg,chair,0.2754090130329132,450.5135498046875,135.9272003173828,490.5072326660156,181.29234313964844,10
Flickr30K/4183120.jpg,/content/Image_captioning_Local/Flickr30K/flickr30k_images/flickr30k_images/4183120.jpg,chair,0.2553175389766693,451.9118347167969,135.77447509765625,490.6872863769531,166.792724609375,10
Flickr30K/418357172.jpg,/content/Image_captioning_Local/Flickr30K/flickr30k_images/flickr30k_images/418357172.jpg,dog,0.9263836741447449,174.92938232421875,121.42782592773438,292.708984375,207.90672302246094,1
Flickr30K/4183609474.jpg,/content/Image_captioning_Local/Flickr30K/flickr30k_images/flickr30k_images/4183609474.jpg,person,0.9440977573394775,208.56228637695312,20.234882354736328,499.68157958984375,371.68560791015625,3
Flickr30K/4183609474.jpg,/content/Image_captioning_Local/Flickr30K/flickr30k_images/flickr30k_images/4183609474.jpg,car,0.6604874730110168,0.44994354248046875,325.93170166015625,209.9989471435547,373.3003234863281,3
Flickr30K/4183609474.jpg,/content/Image_captioning_Local/Flickr30K/flickr30k_images/flickr30k_images/4183609474.jpg,car,0.5596873760223389,0.9047985076904297,200.2150115966797,244.4629669189453,357.3986511230469,3
Flickr30K/4183630653.jpg,/content/Image_captioning_Local/Flickr30K/flickr30k_images/flickr30k_images/4183630653.jpg,,,,,,,0
Flickr30K/4183662919.jpg,/content/Image_captioning_Local/Flickr30K/flickr30k_images/flickr30k_images/4183662919.jpg,person,0.856309711933136,150.02906799316406,93.46731567382812,272.12884521484375,317.2857666015625,2
Flickr30K/4183662919.jpg,/content/Image_captioning_Local/Flickr30K/flickr30k_images/flickr30k_images/4183662919.jpg,book,0.2992299497127533,116.41678619384766,305.04278564453125,212.38064575195312,381.31500244140625,2
Flickr30K/4183772367.jpg,/content/Image_captioning_Local/Flickr30K/flickr30k_images/flickr30k_images/4183772367.jpg,boat,0.8723576068878174,136.42095947265625,118.28736877441406,375.3833312988281,241.16305541992188,3
Flickr30K/4183772367.jpg,/content/Image_captioning_Local/Flickr30K/flickr30k_images/flickr30k_images/4183772367.jpg,person,0.6950706839561462,255.69090270996094,104.6071548461914,309.64093017578125,189.31631469726562,3
Flickr30K/4183772367.jpg,/content/Image_captioning_Local/Flickr30K/flickr30k_images/flickr30k_images/4183772367.jpg,person,0.42531728744506836,203.93824768066406,99.26083374023438,239.26730346679688,162.98382568359375,3
Flickr30K/4183782159.jpg,/content/Image_captioning_Local/Flickr30K/flickr30k_images/flickr30k_images/4183782159.jpg,person,0.9275016784667969,369.738525390625,76.96566772460938,474.45501708984375,330.84173583984375,9
Flickr30K/4183782159.jpg,/content/Image_captioning_Local/Flickr30K/flickr30k_images/flickr30k_images/4183782159.jpg,person,0.9184044599533081,120.24750518798828,102.16111755371094,210.182861328125,331.3502197265625,9
Flickr30K/4183782159.jpg,/content/Image_captioning_Local/Flickr30K/flickr30k_images/flickr30k_images/4183782159.jpg,person,0.9155811667442322,29.983768463134766,96.06461334228516,125.62423706054688,332.3228454589844,9
Flickr30K/4183782159.jpg,/content/Image_captioning_Local/Flickr30K/flickr30k_images/flickr30k_images/4183782159.jpg,person,0.9148861169815063,206.42051696777344,113.50970458984375,277.48785400390625,331.8079833984375,9
Flickr30K/4183782159.jpg,/content/Image_captioning_Local/Flickr30K/flickr30k_images/flickr30k_images/4183782159.jpg,person,0.8946124315261841,279.5767517089844,103.4088134765625,369.66192626953125,331.4309997558594,9
Flickr30K/4183782159.jpg,/content/Image_captioning_Local/Flickr30K/flickr30k_images/flickr30k_images/4183782159.jpg,tie,0.6785500049591064,163.71987915039062,146.5842742919922,173.54234313964844,170.0583953857422,9
Flickr30K/4183782159.jpg,/content/Image_captioning_Local/Flickr30K/flickr30k_images/flickr30k_images/4183782159.jpg,tie,0.6184321641921997,78.24211120605469,147.2842254638672,94.66118621826172,160.2633514404297,9
Flickr30K/4183782159.jpg,/content/Image_captioning_Local/Flickr30K/flickr30k_images/flickr30k_images/4183782159.jpg,tie,0.46917659044265747,407.810302734375,129.10964965820312,420.47930908203125,147.5440673828125,9
Flickr30K/4183782159.jpg,/content/Image_captioning_Local/Flickr30K/flickr30k_images/flickr30k_images/4183782159.jpg,tie,0.3235889971256256,161.3121337890625,146.32101440429688,180.6713409423828,224.58343505859375,9
Flickr30K/4183914060.jpg,/content/Image_captioning_Local/Flickr30K/flickr30k_images/flickr30k_images/4183914060.jpg,person,0.9372830390930176,11.128341674804688,74.00904846191406,168.03094482421875,330.6078796386719,4
Flickr30K/4183914060.jpg,/content/Image_captioning_Local/Flickr30K/flickr30k_images/flickr30k_images/4183914060.jpg,person,0.9358234405517578,339.701416015625,62.855194091796875,499.51605224609375,329.83514404296875,4
Flickr30K/4183914060.jpg,/content/Image_captioning_Local/Flickr30K/flickr30k_images/flickr30k_images/4183914060.jpg,person,0.9091952443122864,173.1677703857422,1.2724637985229492,396.64654541015625,276.8657531738281,4
Flickr30K/4183914060.jpg,/content/Image_captioning_Local/Flickr30K/flickr30k_images/flickr30k_images/4183914060.jpg,person,0.8930745124816895,265.4199523925781,205.10006713867188,381.4138488769531,331.18792724609375,4
Flickr30K/418396886.jpg,/content/Image_captioning_Local/Flickr30K/flickr30k_images/flickr30k_images/418396886.jpg,person,0.8491106033325195,153.9478759765625,133.91424560546875,256.4116516113281,364.7593078613281,17
Flickr30K/418396886.jpg,/content/Image_captioning_Local/Flickr30K/flickr30k_images/flickr30k_images/418396886.jpg,person,0.832123339176178,249.11451721191406,134.68399047851562,309.5065002441406,286.8765869140625,17
Flickr30K/418396886.jpg,/content/Image_captioning_Local/Flickr30K/flickr30k_images/flickr30k_images/418396886.jpg,bicycle,0.7736737728118896,105.22589874267578,208.714111328125,165.82562255859375,294.75994873046875,17
Flickr30K/418396886.jpg,/content/Image_captioning_Local/Flickr30K/flickr30k_images/flickr30k_images/418396886.jpg,bicycle,0.7420458793640137,137.0435028076172,275.5191345214844,242.4601287841797,418.827880859375,17
Flickr30K/418396886.jpg,/content/Image_captioning_Local/Flickr30K/flickr30k_images/flickr30k_images/418396886.jpg,bicycle,0.6859023571014404,0.8015275001525879,197.78675842285156,69.5007095336914,271.7266540527344,17
Flickr30K/418396886.jpg,/content/Image_captioning_Local/Flickr30K/flickr30k_images/flickr30k_images/418396886.jpg,person,0.668789267539978,102.28836822509766,141.80909729003906,165.56541442871094,259.66375732421875,17
Flickr30K/418396886.jpg,/content/Image_captioning_Local/Flickr30K/flickr30k_images/flickr30k_images/418396886.jpg,person,0.6216714382171631,5.633032321929932,138.86695861816406,60.78987121582031,268.1174621582031,17
Flickr30K/418396886.jpg,/content/Image_captioning_Local/Flickr30K/flickr30k_images/flickr30k_images/418396886.jpg,person,0.5721306204795837,88.56112670898438,137.19207763671875,130.35694885253906,254.6700897216797,17
Flickr30K/418396886.jpg,/content/Image_captioning_Local/Flickr30K/flickr30k_images/flickr30k_images/418396886.jpg,bicycle,0.49845460057258606,251.9307403564453,197.690185546875,283.3227844238281,304.9288635253906,17
Flickr30K/418396886.jpg,/content/Image_captioning_Local/Flickr30K/flickr30k_images/flickr30k_images/418396886.jpg,person,0.4638746976852417,310.526123046875,156.0957489013672,339.80279541015625,240.24038696289062,17
Flickr30K/418396886.jpg,/content/Image_captioning_Local/Flickr30K/flickr30k_images/flickr30k_images/418396886.jpg,person,0.39583709836006165,168.3997344970703,150.97879028320312,201.10171508789062,185.06039428710938,17
Flickr30K/418396886.jpg,/content/Image_captioning_Local/Flickr30K/flickr30k_images/flickr30k_images/418396886.jpg,person,0.3418341279029846,2.5365114212036133,139.8907470703125,36.5605583190918,180.5579833984375,17
Flickr30K/418396886.jpg,/content/Image_captioning_Local/Flickr30K/flickr30k_images/flickr30k_images/418396886.jpg,person,0.3337304890155792,231.64097595214844,142.8721160888672,259.2559509277344,190.44078063964844,17
Flickr30K/418396886.jpg,/content/Image_captioning_Local/Flickr30K/flickr30k_images/flickr30k_images/418396886.jpg,bicycle,0.2834838628768921,252.48179626464844,196.00848388671875,295.91070556640625,304.7555847167969,17
Flickr30K/418396886.jpg,/content/Image_captioning_Local/Flickr30K/flickr30k_images/flickr30k_images/418396886.jpg,bicycle,0.2813788950443268,72.20785522460938,194.40524291992188,159.0817413330078,275.6763610839844,17
Flickr30K/418396886.jpg,/content/Image_captioning_Local/Flickr30K/flickr30k_images/flickr30k_images/418396886.jpg,bicycle,0.27736496925354004,71.64070892333984,194.859130859375,121.67699432373047,275.5877380371094,17
Flickr30K/418396886.jpg,/content/Image_captioning_Local/Flickr30K/flickr30k_images/flickr30k_images/418396886.jpg,person,0.26665666699409485,73.042236328125,146.38221740722656,94.85691833496094,176.7294158935547,17
Flickr30K/4184328304.jpg,/content/Image_captioning_Local/Flickr30K/flickr30k_images/flickr30k_images/4184328304.jpg,person,0.8226973414421082,137.04129028320312,78.35074615478516,257.6641540527344,240.22569274902344,6
Flickr30K/4184328304.jpg,/content/Image_captioning_Local/Flickr30K/flickr30k_images/flickr30k_images/4184328304.jpg,person,0.7470301985740662,256.5513000488281,0.8066177368164062,375.3746643066406,87.44635772705078,6
Flickr30K/4184328304.jpg,/content/Image_captioning_Local/Flickr30K/flickr30k_images/flickr30k_images/4184328304.jpg,apple,0.6031107902526855,163.73878479003906,210.6350860595703,273.6438293457031,312.4447937011719,6
Flickr30K/4184328304.jpg,/content/Image_captioning_Local/Flickr30K/flickr30k_images/flickr30k_images/4184328304.jpg,orange,0.3199867308139801,256.27130126953125,55.26909637451172,489.8041687011719,300.71234130859375,6
Flickr30K/4184328304.jpg,/content/Image_captioning_Local/Flickr30K/flickr30k_images/flickr30k_images/4184328304.jpg,apple,0.31363776326179504,256.197021484375,55.53917694091797,490.2384338378906,300.54022216796875,6
Flickr30K/4184328304.jpg,/content/Image_captioning_Local/Flickr30K/flickr30k_images/flickr30k_images/4184328304.jpg,orange,0.2701515853404999,163.70726013183594,210.89654541015625,273.5404968261719,312.6686706542969,6
Flickr30K/4185242728.jpg,/content/Image_captioning_Local/Flickr30K/flickr30k_images/flickr30k_images/4185242728.jpg,bench,0.8509567975997925,206.5870361328125,184.11216735839844,323.6374816894531,236.3636932373047,4
Flickr30K/4185242728.jpg,/content/Image_captioning_Local/Flickr30K/flickr30k_images/flickr30k_images/4185242728.jpg,person,0.8194906711578369,247.2156982421875,129.44894409179688,303.19305419921875,237.7340850830078,4
Flickr30K/4185242728.jpg,/content/Image_captioning_Local/Flickr30K/flickr30k_images/flickr30k_images/4185242728.jpg,person,0.49465951323509216,228.7791748046875,119.87118530273438,327.7451171875,172.74232482910156,4
Flickr30K/4185242728.jpg,/content/Image_captioning_Local/Flickr30K/flickr30k_images/flickr30k_images/4185242728.jpg,person,0.35866889357566833,229.16636657714844,128.29718017578125,274.69073486328125,170.7070770263672,4
Flickr30K/4185308266.jpg,/content/Image_captioning_Local/Flickr30K/flickr30k_images/flickr30k_images/4185308266.jpg,person,0.8026874661445618,451.54791259765625,89.72810363769531,499.6686096191406,302.4312438964844,26
Flickr30K/4185308266.jpg,/content/Image_captioning_Local/Flickr30K/flickr30k_images/flickr30k_images/4185308266.jpg,tv,0.7970614433288574,386.37200927734375,81.53097534179688,441.0574035644531,139.71804809570312,26
Flickr30K/4185308266.jpg,/content/Image_captioning_Local/Flickr30K/flickr30k_images/flickr30k_images/4185308266.jpg,chair,0.770986795425415,64.253662109375,21.2435245513916,266.56304931640625,319.3534851074219,26
Flickr30K/4185308266.jpg,/content/Image_captioning_Local/Flickr30K/flickr30k_images/flickr30k_images/4185308266.jpg,person,0.7126143574714661,0.26340484619140625,2.684187889099121,142.1669464111328,315.703857421875,26
Flickr30K/4185308266.jpg,/content/Image_captioning_Local/Flickr30K/flickr30k_images/flickr30k_images/4185308266.jpg,tv,0.6983891129493713,441.6333312988281,96.26760864257812,494.9833984375,148.8955535888672,26
Flickr30K/4185308266.jpg,/content/Image_captioning_Local/Flickr30K/flickr30k_images/flickr30k_images/4185308266.jpg,person,0.6753224730491638,391.2254333496094,156.5751953125,428.7213439941406,254.49952697753906,26
Flickr30K/4185308266.jpg,/content/Image_captioning_Local/Flickr30K/flickr30k_images/flickr30k_images/4185308266.jpg,chair,0.6233184337615967,334.3255920410156,180.5633544921875,405.0115661621094,303.5832824707031,26
Flickr30K/4185308266.jpg,/content/Image_captioning_Local/Flickr30K/flickr30k_images/flickr30k_images/4185308266.jpg,tv,0.6198612451553345,327.9980163574219,59.868526458740234,373.0229797363281,129.19764709472656,26
Flickr30K/4185308266.jpg,/content/Image_captioning_Local/Flickr30K/flickr30k_images/flickr30k_images/4185308266.jpg,chair,0.6021385788917542,412.654296875,200.69041442871094,462.44390869140625,302.76702880859375,26
Flickr30K/4185308266.jpg,/content/Image_captioning_Local/Flickr30K/flickr30k_images/flickr30k_images/4185308266.jpg,chair,0.5238326191902161,280.1043395996094,170.02276611328125,347.3069152832031,305.32135009765625,26
Flickr30K/4185308266.jpg,/content/Image_captioning_Local/Flickr30K/flickr30k_images/flickr30k_images/4185308266.jpg,person,0.4498578906059265,57.292301177978516,35.57548522949219,213.0627899169922,303.6774597167969,26
Flickr30K/4185308266.jpg,/content/Image_captioning_Local/Flickr30K/flickr30k_images/flickr30k_images/4185308266.jpg,person,0.4399815797805786,313.01214599609375,144.98257446289062,363.0892639160156,241.45999145507812,26
Flickr30K/4185308266.jpg,/content/Image_captioning_Local/Flickr30K/flickr30k_images/flickr30k_images/4185308266.jpg,chair,0.41783902049064636,145.56622314453125,94.36262512207031,295.8157653808594,318.1816101074219,26
Flickr30K/4185308266.jpg,/content/Image_captioning_Local/Flickr30K/flickr30k_images/flickr30k_images/4185308266.jpg,tv,0.4068642854690552,147.01161193847656,0.2111494541168213,211.81216430664062,47.287322998046875,26
Flickr30K/4185308266.jpg,/content/Image_captioning_Local/Flickr30K/flickr30k_images/flickr30k_images/4185308266.jpg,person,0.34191158413887024,220.07989501953125,83.43054962158203,279.5731506347656,197.95925903320312,26
Flickr30K/4185308266.jpg,/content/Image_captioning_Local/Flickr30K/flickr30k_images/flickr30k_images/4185308266.jpg,person,0.3350934684276581,288.61285400390625,125.53443908691406,323.95123291015625,235.63214111328125,26
Flickr30K/4185308266.jpg,/content/Image_captioning_Local/Flickr30K/flickr30k_images/flickr30k_images/4185308266.jpg,chair,0.3136480152606964,386.62640380859375,200.2610626220703,462.10595703125,302.5197448730469,26
Flickr30K/4185308266.jpg,/content/Image_captioning_Local/Flickr30K/flickr30k_images/flickr30k_images/4185308266.jpg,person,0.3074644207954407,150.1307830810547,82.4717025756836,301.6434326171875,309.2964172363281,26
Flickr30K/4185308266.jpg,/content/Image_captioning_Local/Flickr30K/flickr30k_images/flickr30k_images/4185308266.jpg,chair,0.3073781132698059,220.74253845214844,118.8792724609375,305.26287841796875,301.5411376953125,26
Flickr30K/4185308266.jpg,/content/Image_captioning_Local/Flickr30K/flickr30k_images/flickr30k_images/4185308266.jpg,person,0.30185219645500183,216.20497131347656,82.78245544433594,302.50238037109375,303.813232421875,26
Flickr30K/4185308266.jpg,/content/Image_captioning_Local/Flickr30K/flickr30k_images/flickr30k_images/4185308266.jpg,person,0.292512983083725,365.8779602050781,149.21392822265625,400.03619384765625,244.17662048339844,26
Flickr30K/4185308266.jpg,/content/Image_captioning_Local/Flickr30K/flickr30k_images/flickr30k_images/4185308266.jpg,person,0.2731068730354309,289.9299621582031,126.09744262695312,315.3578796386719,169.58956909179688,26
Flickr30K/4185308266.jpg,/content/Image_captioning_Local/Flickr30K/flickr30k_images/flickr30k_images/4185308266.jpg,person,0.2700159549713135,459.61151123046875,90.59777069091797,499.8251037597656,269.88348388671875,26
Flickr30K/4185308266.jpg,/content/Image_captioning_Local/Flickr30K/flickr30k_images/flickr30k_images/4185308266.jpg,person,0.2662963569164276,115.99693298339844,35.087181091308594,212.35885620117188,161.73350524902344,26
Flickr30K/4185308266.jpg,/content/Image_captioning_Local/Flickr30K/flickr30k_images/flickr30k_images/4185308266.jpg,person,0.2637854814529419,451.62939453125,166.60104370117188,465.52691650390625,205.7455596923828,26
Flickr30K/4185308266.jpg,/content/Image_captioning_Local/Flickr30K/flickr30k_images/flickr30k_images/4185308266.jpg,person,0.25226062536239624,368.2770690917969,149.87950134277344,398.7100524902344,189.12086486816406,26
Flickr30K/4185776966.jpg,/content/Image_captioning_Local/Flickr30K/flickr30k_images/flickr30k_images/4185776966.jpg,person,0.8760858774185181,150.17958068847656,230.13925170898438,235.94488525390625,306.5423889160156,17
Flickr30K/4185776966.jpg,/content/Image_captioning_Local/Flickr30K/flickr30k_images/flickr30k_images/4185776966.jpg,person,0.8645696640014648,354.33758544921875,232.5399627685547,439.8682556152344,309.2574462890625,17
Flickr30K/4185776966.jpg,/content/Image_captioning_Local/Flickr30K/flickr30k_images/flickr30k_images/4185776966.jpg,person,0.8542168736457825,236.45091247558594,219.76885986328125,296.97119140625,302.7898254394531,17
Flickr30K/4185776966.jpg,/content/Image_captioning_Local/Flickr30K/flickr30k_images/flickr30k_images/4185776966.jpg,person,0.8121379613876343,296.332275390625,224.359130859375,353.7105712890625,315.8354187011719,17
Flickr30K/4185776966.jpg,/content/Image_captioning_Local/Flickr30K/flickr30k_images/flickr30k_images/4185776966.jpg,person,0.7782045602798462,464.0902404785156,124.44746398925781,486.21417236328125,177.46279907226562,17
Flickr30K/4185776966.jpg,/content/Image_captioning_Local/Flickr30K/flickr30k_images/flickr30k_images/4185776966.jpg,person,0.756752610206604,267.4896545410156,139.10205078125,302.4768981933594,176.30841064453125,17
Flickr30K/4185776966.jpg,/content/Image_captioning_Local/Flickr30K/flickr30k_images/flickr30k_images/4185776966.jpg,person,0.715811550617218,301.3736267089844,138.0540313720703,338.5270690917969,176.4024200439453,17
Flickr30K/4185776966.jpg,/content/Image_captioning_Local/Flickr30K/flickr30k_images/flickr30k_images/4185776966.jpg,person,0.6592174768447876,339.00970458984375,114.0701904296875,360.3288269042969,174.2262420654297,17
Flickr30K/4185776966.jpg,/content/Image_captioning_Local/Flickr30K/flickr30k_images/flickr30k_images/4185776966.jpg,person,0.6014118790626526,156.08773803710938,140.93704223632812,183.8015899658203,176.2525634765625,17
Flickr30K/4185776966.jpg,/content/Image_captioning_Local/Flickr30K/flickr30k_images/flickr30k_images/4185776966.jpg,person,0.5818567872047424,439.84368896484375,143.50865173339844,464.7568359375,176.90493774414062,17
Flickr30K/4185776966.jpg,/content/Image_captioning_Local/Flickr30K/flickr30k_images/flickr30k_images/4185776966.jpg,person,0.5775232911109924,67.41815948486328,118.41854858398438,99.80996704101562,176.78846740722656,17
Flickr30K/4185776966.jpg,/content/Image_captioning_Local/Flickr30K/flickr30k_images/flickr30k_images/4185776966.jpg,person,0.5510540008544922,99.74674224853516,121.11740112304688,129.61178588867188,176.23577880859375,17
Flickr30K/4185776966.jpg,/content/Image_captioning_Local/Flickr30K/flickr30k_images/flickr30k_images/4185776966.jpg,person,0.51407390832901,408.3540344238281,144.38986206054688,443.4708251953125,176.48362731933594,17
Flickr30K/4185776966.jpg,/content/Image_captioning_Local/Flickr30K/flickr30k_images/flickr30k_images/4185776966.jpg,person,0.4240998327732086,210.37393188476562,87.09867095947266,222.56846618652344,130.29721069335938,17
Flickr30K/4185776966.jpg,/content/Image_captioning_Local/Flickr30K/flickr30k_images/flickr30k_images/4185776966.jpg,person,0.3419030010700226,106.474853515625,71.92384338378906,120.35076904296875,108.36866760253906,17
Flickr30K/4185776966.jpg,/content/Image_captioning_Local/Flickr30K/flickr30k_images/flickr30k_images/4185776966.jpg,person,0.329751193523407,230.27622985839844,145.13058471679688,273.6773376464844,176.32980346679688,17
Flickr30K/4185776966.jpg,/content/Image_captioning_Local/Flickr30K/flickr30k_images/flickr30k_images/4185776966.jpg,person,0.29635387659072876,339.1163330078125,80.76603698730469,351.4837646484375,112.8578872680664,17
Flickr30K/418583100.jpg,/content/Image_captioning_Local/Flickr30K/flickr30k_images/flickr30k_images/418583100.jpg,person,0.7903825044631958,136.0982666015625,224.8568572998047,396.8038330078125,372.4593200683594,3
Flickr30K/418583100.jpg,/content/Image_captioning_Local/Flickr30K/flickr30k_images/flickr30k_images/418583100.jpg,person,0.47354692220687866,438.64007568359375,268.1860046386719,488.6206970214844,374.5345153808594,3
Flickr30K/418583100.jpg,/content/Image_captioning_Local/Flickr30K/flickr30k_images/flickr30k_images/418583100.jpg,person,0.26248741149902344,0.1469254493713379,251.09762573242188,69.48666381835938,372.6075134277344,3
Flickr30K/418616992.jpg,/content/Image_captioning_Local/Flickr30K/flickr30k_images/flickr30k_images/418616992.jpg,dog,0.7763016223907471,102.1229019165039,211.5465087890625,144.06179809570312,273.8489990234375,2
Flickr30K/418616992.jpg,/content/Image_captioning_Local/Flickr30K/flickr30k_images/flickr30k_images/418616992.jpg,dog,0.35722410678863525,375.47943115234375,164.28927612304688,382.4279479980469,178.92828369140625,2
Flickr30K/418619800.jpg,/content/Image_captioning_Local/Flickr30K/flickr30k_images/flickr30k_images/418619800.jpg,person,0.8821872472763062,46.872894287109375,79.20947265625,157.32693481445312,190.26174926757812,1
Flickr30K/4186516481.jpg,/content/Image_captioning_Local/Flickr30K/flickr30k_images/flickr30k_images/4186516481.jpg,person,0.9399638772010803,7.775449752807617,71.28192138671875,339.16229248046875,330.6993408203125,8
Flickr30K/4186516481.jpg,/content/Image_captioning_Local/Flickr30K/flickr30k_images/flickr30k_images/4186516481.jpg,person,0.9048418402671814,326.416015625,96.33246612548828,499.9764404296875,329.2633972167969,8
Flickr30K/4186516481.jpg,/content/Image_captioning_Local/Flickr30K/flickr30k_images/flickr30k_images/4186516481.jpg,chair,0.8309829235076904,9.914970397949219,232.98611450195312,58.25767517089844,312.5650939941406,8
Flickr30K/4186516481.jpg,/content/Image_captioning_Local/Flickr30K/flickr30k_images/flickr30k_images/4186516481.jpg,person,0.8267694711685181,15.264487266540527,76.5329818725586,122.662353515625,204.10479736328125,8
Flickr30K/4186516481.jpg,/content/Image_captioning_Local/Flickr30K/flickr30k_images/flickr30k_images/4186516481.jpg,chair,0.700527012348175,300.6106872558594,175.61077880859375,466.68792724609375,329.5088195800781,8
Flickr30K/4186516481.jpg,/content/Image_captioning_Local/Flickr30K/flickr30k_images/flickr30k_images/4186516481.jpg,cell phone,0.6381399035453796,143.4408721923828,287.09710693359375,197.06048583984375,310.9186706542969,8
Flickr30K/4186516481.jpg,/content/Image_captioning_Local/Flickr30K/flickr30k_images/flickr30k_images/4186516481.jpg,laptop,0.5181411504745483,427.55548095703125,164.42808532714844,499.1830749511719,215.45724487304688,8
Flickr30K/4186516481.jpg,/content/Image_captioning_Local/Flickr30K/flickr30k_images/flickr30k_images/4186516481.jpg,chair,0.26041334867477417,235.5784912109375,142.08621215820312,356.00103759765625,296.44970703125,8
Flickr30K/418652422.jpg,/content/Image_captioning_Local/Flickr30K/flickr30k_images/flickr30k_images/418652422.jpg,chair,0.8897544741630554,2.462947368621826,35.54949951171875,187.27774047851562,332.0915222167969,7
Flickr30K/418652422.jpg,/content/Image_captioning_Local/Flickr30K/flickr30k_images/flickr30k_images/418652422.jpg,person,0.8237122297286987,241.1337890625,89.38139343261719,322.1977844238281,272.7176513671875,7
Flickr30K/418652422.jpg,/content/Image_captioning_Local/Flickr30K/flickr30k_images/flickr30k_images/418652422.jpg,chair,0.8175016045570374,308.7984924316406,11.67258071899414,498.9466552734375,354.22314453125,7
Flickr30K/418652422.jpg,/content/Image_captioning_Local/Flickr30K/flickr30k_images/flickr30k_images/418652422.jpg,chair,0.569160521030426,0.17952024936676025,291.1081848144531,31.683862686157227,356.109375,7
Flickr30K/418652422.jpg,/content/Image_captioning_Local/Flickr30K/flickr30k_images/flickr30k_images/418652422.jpg,bed,0.5598609447479248,307.8981018066406,11.71417236328125,499.25518798828125,352.3318786621094,7
Flickr30K/418652422.jpg,/content/Image_captioning_Local/Flickr30K/flickr30k_images/flickr30k_images/418652422.jpg,dining table,0.43625155091285706,46.888206481933594,246.09722900390625,336.7897033691406,354.0752868652344,7
Flickr30K/418652422.jpg,/content/Image_captioning_Local/Flickr30K/flickr30k_images/flickr30k_images/418652422.jpg,bottle,0.2980637848377228,282.95184326171875,254.78968811035156,324.0288391113281,314.6770935058594,7
Flickr30K/418667611.jpg,/content/Image_captioning_Local/Flickr30K/flickr30k_images/flickr30k_images/418667611.jpg,person,0.9141241908073425,127.6579360961914,0.0,398.732421875,217.6943359375,2
Flickr30K/418667611.jpg,/content/Image_captioning_Local/Flickr30K/flickr30k_images/flickr30k_images/418667611.jpg,surfboard,0.6364489197731018,96.18041229248047,164.7395782470703,218.583984375,249.439697265625,2
Flickr30K/41868213.jpg,/content/Image_captioning_Local/Flickr30K/flickr30k_images/flickr30k_images/41868213.jpg,person,0.9304696321487427,268.5417175292969,64.62626647949219,353.5174255371094,232.52011108398438,17
Flickr30K/41868213.jpg,/content/Image_captioning_Local/Flickr30K/flickr30k_images/flickr30k_images/41868213.jpg,person,0.889639675617218,15.965252876281738,44.43674087524414,73.98440551757812,122.37487030029297,17
Flickr30K/41868213.jpg,/content/Image_captioning_Local/Flickr30K/flickr30k_images/flickr30k_images/41868213.jpg,chair,0.8657130599021912,3.49387526512146,115.94081115722656,89.7457046508789,180.7877960205078,17
Flickr30K/41868213.jpg,/content/Image_captioning_Local/Flickr30K/flickr30k_images/flickr30k_images/41868213.jpg,chair,0.8410424590110779,98.1812744140625,116.55135345458984,173.21621704101562,181.54864501953125,17
Flickr30K/41868213.jpg,/content/Image_captioning_Local/Flickr30K/flickr30k_images/flickr30k_images/41868213.jpg,chair,0.7921731472015381,188.6188201904297,115.75550842285156,261.1318054199219,176.74107360839844,17
Flickr30K/41868213.jpg,/content/Image_captioning_Local/Flickr30K/flickr30k_images/flickr30k_images/41868213.jpg,person,0.5818085670471191,97.68523406982422,90.78278350830078,121.81835174560547,117.52252197265625,17
Flickr30K/41868213.jpg,/content/Image_captioning_Local/Flickr30K/flickr30k_images/flickr30k_images/41868213.jpg,person,0.5563275218009949,158.16455078125,92.4965591430664,189.55984497070312,136.17918395996094,17
Flickr30K/41868213.jpg,/content/Image_captioning_Local/Flickr30K/flickr30k_images/flickr30k_images/41868213.jpg,person,0.5275542140007019,210.8715057373047,98.45462036132812,230.340576171875,116.1924819946289,17
Flickr30K/41868213.jpg,/content/Image_captioning_Local/Flickr30K/flickr30k_images/flickr30k_images/41868213.jpg,person,0.5232234001159668,181.81312561035156,96.9917984008789,198.23338317871094,116.83342742919922,17
Flickr30K/41868213.jpg,/content/Image_captioning_Local/Flickr30K/flickr30k_images/flickr30k_images/41868213.jpg,person,0.517632782459259,127.12919616699219,103.83930206298828,147.43626403808594,117.37966918945312,17
Flickr30K/41868213.jpg,/content/Image_captioning_Local/Flickr30K/flickr30k_images/flickr30k_images/41868213.jpg,tv,0.4833926260471344,208.6683349609375,63.14670944213867,229.89263916015625,81.77239990234375,17
Flickr30K/41868213.jpg,/content/Image_captioning_Local/Flickr30K/flickr30k_images/flickr30k_images/41868213.jpg,backpack,0.3870670199394226,219.76963806152344,130.01513671875,272.8269958496094,167.45968627929688,17
Flickr30K/41868213.jpg,/content/Image_captioning_Local/Flickr30K/flickr30k_images/flickr30k_images/41868213.jpg,person,0.3329111933708191,5.743971347808838,108.98861694335938,24.09604263305664,131.1307373046875,17
Flickr30K/41868213.jpg,/content/Image_captioning_Local/Flickr30K/flickr30k_images/flickr30k_images/41868213.jpg,person,0.30056291818618774,0.035674870014190674,127.31070709228516,11.09836196899414,182.25274658203125,17
Flickr30K/41868213.jpg,/content/Image_captioning_Local/Flickr30K/flickr30k_images/flickr30k_images/41868213.jpg,person,0.29645270109176636,149.67579650878906,90.95596313476562,165.05856323242188,117.1834487915039,17
Flickr30K/41868213.jpg,/content/Image_captioning_Local/Flickr30K/flickr30k_images/flickr30k_images/41868213.jpg,chair,0.28357014060020447,87.66960144042969,110.64510345458984,114.42575073242188,180.79795837402344,17
Flickr30K/41868213.jpg,/content/Image_captioning_Local/Flickr30K/flickr30k_images/flickr30k_images/41868213.jpg,person,0.252041220664978,88.03361511230469,90.6075210571289,121.48808288574219,117.75286102294922,17
Flickr30K/418685848.jpg,/content/Image_captioning_Local/Flickr30K/flickr30k_images/flickr30k_images/418685848.jpg,person,0.9162107706069946,26.527929306030273,179.58932495117188,179.62916564941406,332.7611083984375,18
Flickr30K/418685848.jpg,/content/Image_captioning_Local/Flickr30K/flickr30k_images/flickr30k_images/418685848.jpg,person,0.9141860604286194,353.1347351074219,163.95745849609375,458.3857421875,303.88531494140625,18
Flickr30K/418685848.jpg,/content/Image_captioning_Local/Flickr30K/flickr30k_images/flickr30k_images/418685848.jpg,car,0.8600152134895325,424.6973876953125,179.352783203125,492.7454833984375,215.6134796142578,18
Flickr30K/418685848.jpg,/content/Image_captioning_Local/Flickr30K/flickr30k_images/flickr30k_images/418685848.jpg,person,0.7965705990791321,0.10657310485839844,187.11065673828125,34.1530876159668,333.1354675292969,18
Flickr30K/418685848.jpg,/content/Image_captioning_Local/Flickr30K/flickr30k_images/flickr30k_images/418685848.jpg,person,0.744744598865509,157.2762908935547,164.63946533203125,239.3571319580078,332.03277587890625,18
Flickr30K/418685848.jpg,/content/Image_captioning_Local/Flickr30K/flickr30k_images/flickr30k_images/418685848.jpg,chair,0.6145830750465393,314.66888427734375,272.1165771484375,499.58612060546875,333.5565185546875,18
Flickr30K/418685848.jpg,/content/Image_captioning_Local/Flickr30K/flickr30k_images/flickr30k_images/418685848.jpg,chair,0.6130074262619019,236.40875244140625,161.44461059570312,260.7695007324219,229.1382293701172,18
Flickr30K/418685848.jpg,/content/Image_captioning_Local/Flickr30K/flickr30k_images/flickr30k_images/418685848.jpg,person,0.590964138507843,253.14645385742188,157.35830688476562,305.2345275878906,229.9042205810547,18
Flickr30K/418685848.jpg,/content/Image_captioning_Local/Flickr30K/flickr30k_images/flickr30k_images/418685848.jpg,chair,0.4322684407234192,357.0838623046875,179.4084014892578,390.98193359375,237.10140991210938,18
Flickr30K/418685848.jpg,/content/Image_captioning_Local/Flickr30K/flickr30k_images/flickr30k_images/418685848.jpg,chair,0.42387810349464417,106.4342269897461,173.91110229492188,149.56643676757812,202.5502166748047,18
Flickr30K/418685848.jpg,/content/Image_captioning_Local/Flickr30K/flickr30k_images/flickr30k_images/418685848.jpg,person,0.40672826766967773,338.9100646972656,155.7115478515625,380.001220703125,239.17813110351562,18
Flickr30K/418685848.jpg,/content/Image_captioning_Local/Flickr30K/flickr30k_images/flickr30k_images/418685848.jpg,chair,0.3558429777622223,283.50506591796875,181.45437622070312,355.09423828125,331.601318359375,18
Flickr30K/418685848.jpg,/content/Image_captioning_Local/Flickr30K/flickr30k_images/flickr30k_images/418685848.jpg,person,0.3410722017288208,169.52293395996094,156.79116821289062,187.18130493164062,166.09396362304688,18
Flickr30K/418685848.jpg,/content/Image_captioning_Local/Flickr30K/flickr30k_images/flickr30k_images/418685848.jpg,person,0.3014995753765106,220.9064483642578,151.5026092529297,240.90203857421875,201.95436096191406,18
Flickr30K/418685848.jpg,/content/Image_captioning_Local/Flickr30K/flickr30k_images/flickr30k_images/418685848.jpg,chair,0.2929171621799469,191.75469970703125,168.87135314941406,220.8716583251953,248.24891662597656,18
Flickr30K/418685848.jpg,/content/Image_captioning_Local/Flickr30K/flickr30k_images/flickr30k_images/418685848.jpg,car,0.2668532729148865,2.230173349380493,159.22012329101562,36.77524948120117,178.75042724609375,18
Flickr30K/418685848.jpg,/content/Image_captioning_Local/Flickr30K/flickr30k_images/flickr30k_images/418685848.jpg,person,0.25649937987327576,134.7510528564453,160.41810607910156,156.42979431152344,181.3772430419922,18
Flickr30K/418685848.jpg,/content/Image_captioning_Local/Flickr30K/flickr30k_images/flickr30k_images/418685848.jpg,person,0.2527082860469818,186.5156707763672,155.8169403076172,204.8614959716797,170.35903930664062,18
Flickr30K/4187701204.jpg,/content/Image_captioning_Local/Flickr30K/flickr30k_images/flickr30k_images/4187701204.jpg,person,0.9035837054252625,139.07412719726562,173.8622589111328,267.6199035644531,489.95770263671875,5
Flickr30K/4187701204.jpg,/content/Image_captioning_Local/Flickr30K/flickr30k_images/flickr30k_images/4187701204.jpg,person,0.8972649574279785,301.1924133300781,162.0391845703125,395.9241027832031,491.5495910644531,5
Flickr30K/4187701204.jpg,/content/Image_captioning_Local/Flickr30K/flickr30k_images/flickr30k_images/4187701204.jpg,person,0.7627322673797607,4.4014692306518555,18.904638290405273,215.54884338378906,442.62274169921875,5
Flickr30K/4187701204.jpg,/content/Image_captioning_Local/Flickr30K/flickr30k_images/flickr30k_images/4187701204.jpg,person,0.4363480508327484,378.70196533203125,116.00785064697266,401.0,395.45947265625,5
Flickr30K/4187701204.jpg,/content/Image_captioning_Local/Flickr30K/flickr30k_images/flickr30k_images/4187701204.jpg,chair,0.33086442947387695,300.9129943847656,86.1999740600586,384.5447082519531,216.28399658203125,5
Flickr30K/4187922589.jpg,/content/Image_captioning_Local/Flickr30K/flickr30k_images/flickr30k_images/4187922589.jpg,bowl,0.9172351360321045,220.15252685546875,188.04766845703125,260.29986572265625,217.23362731933594,27
Flickr30K/4187922589.jpg,/content/Image_captioning_Local/Flickr30K/flickr30k_images/flickr30k_images/4187922589.jpg,person,0.9154770970344543,346.0097351074219,41.52841567993164,499.4981689453125,321.9424743652344,27
Flickr30K/4187922589.jpg,/content/Image_captioning_Local/Flickr30K/flickr30k_images/flickr30k_images/4187922589.jpg,person,0.9047939777374268,0.3485679626464844,140.7337188720703,304.8730163574219,371.0365295410156,27
Flickr30K/4187922589.jpg,/content/Image_captioning_Local/Flickr30K/flickr30k_images/flickr30k_images/4187922589.jpg,bowl,0.8962449431419373,258.81048583984375,179.2733154296875,335.7303161621094,231.01788330078125,27
Flickr30K/4187922589.jpg,/content/Image_captioning_Local/Flickr30K/flickr30k_images/flickr30k_images/4187922589.jpg,person,0.8917458653450012,308.6773986816406,39.15970230102539,392.95654296875,166.6759796142578,27
Flickr30K/4187922589.jpg,/content/Image_captioning_Local/Flickr30K/flickr30k_images/flickr30k_images/4187922589.jpg,wine glass,0.8557493686676025,289.5615539550781,126.47728729248047,306.7129211425781,150.5309600830078,27
Flickr30K/4187922589.jpg,/content/Image_captioning_Local/Flickr30K/flickr30k_images/flickr30k_images/4187922589.jpg,person,0.8504131436347961,183.98806762695312,31.291461944580078,272.296875,160.54429626464844,27
Flickr30K/4187922589.jpg,/content/Image_captioning_Local/Flickr30K/flickr30k_images/flickr30k_images/4187922589.jpg,chair,0.8010597229003906,17.551422119140625,320.8625183105469,279.2900695800781,373.8297119140625,27
Flickr30K/4187922589.jpg,/content/Image_captioning_Local/Flickr30K/flickr30k_images/flickr30k_images/4187922589.jpg,dining table,0.7769413590431213,169.88687133789062,143.8040771484375,420.9007263183594,317.7635192871094,27
Flickr30K/4187922589.jpg,/content/Image_captioning_Local/Flickr30K/flickr30k_images/flickr30k_images/4187922589.jpg,person,0.763881266117096,370.9254150390625,248.54864501953125,499.7183837890625,371.4134826660156,27
Flickr30K/4187922589.jpg,/content/Image_captioning_Local/Flickr30K/flickr30k_images/flickr30k_images/4187922589.jpg,bottle,0.7482460737228394,109.01786041259766,62.236690521240234,121.77325439453125,91.47479248046875,27
Flickr30K/4187922589.jpg,/content/Image_captioning_Local/Flickr30K/flickr30k_images/flickr30k_images/4187922589.jpg,wine glass,0.7347828149795532,326.01715087890625,109.52008056640625,342.5696716308594,144.46897888183594,27
Flickr30K/4187922589.jpg,/content/Image_captioning_Local/Flickr30K/flickr30k_images/flickr30k_images/4187922589.jpg,bowl,0.6816005706787109,176.82533264160156,159.263427734375,232.3403778076172,192.7437286376953,27
Flickr30K/4187922589.jpg,/content/Image_captioning_Local/Flickr30K/flickr30k_images/flickr30k_images/4187922589.jpg,person,0.6813792586326599,0.10451078414916992,74.93350219726562,26.15779685974121,143.17433166503906,27
Flickr30K/4187922589.jpg,/content/Image_captioning_Local/Flickr30K/flickr30k_images/flickr30k_images/4187922589.jpg,chair,0.6780728101730347,77.55503845214844,114.86256408691406,99.51729583740234,205.6964569091797,27
Flickr30K/4187922589.jpg,/content/Image_captioning_Local/Flickr30K/flickr30k_images/flickr30k_images/4187922589.jpg,person,0.581728458404541,93.9285659790039,38.39328384399414,182.67880249023438,199.2992706298828,27
Flickr30K/4187922589.jpg,/content/Image_captioning_Local/Flickr30K/flickr30k_images/flickr30k_images/4187922589.jpg,wine glass,0.49949339032173157,224.103759765625,135.67002868652344,244.4987030029297,189.5050506591797,27
Flickr30K/4187922589.jpg,/content/Image_captioning_Local/Flickr30K/flickr30k_images/flickr30k_images/4187922589.jpg,wine glass,0.45083561539649963,223.74319458007812,163.2018585205078,242.31991577148438,189.1072235107422,27
Flickr30K/4187922589.jpg,/content/Image_captioning_Local/Flickr30K/flickr30k_images/flickr30k_images/4187922589.jpg,chair,0.38459405303001404,309.4073791503906,323.58984375,352.4503173828125,348.2099914550781,27
Flickr30K/4187922589.jpg,/content/Image_captioning_Local/Flickr30K/flickr30k_images/flickr30k_images/4187922589.jpg,person,0.3760579526424408,77.12007904052734,52.41932678222656,198.97195434570312,282.6101379394531,27
Flickr30K/4187922589.jpg,/content/Image_captioning_Local/Flickr30K/flickr30k_images/flickr30k_images/4187922589.jpg,cup,0.3723812699317932,225.0590362548828,135.56478881835938,244.35357666015625,168.82705688476562,27
Flickr30K/4187922589.jpg,/content/Image_captioning_Local/Flickr30K/flickr30k_images/flickr30k_images/4187922589.jpg,chair,0.352743536233902,452.2931213378906,209.9476318359375,499.89422607421875,256.0379943847656,27
Flickr30K/4187922589.jpg,/content/Image_captioning_Local/Flickr30K/flickr30k_images/flickr30k_images/4187922589.jpg,bowl,0.33443954586982727,355.6086120605469,165.7601318359375,412.84747314453125,196.03343200683594,27
Flickr30K/4187922589.jpg,/content/Image_captioning_Local/Flickr30K/flickr30k_images/flickr30k_images/4187922589.jpg,wine glass,0.2937820553779602,322.59698486328125,109.42578125,342.9793701171875,150.1778106689453,27
Flickr30K/4187922589.jpg,/content/Image_captioning_Local/Flickr30K/flickr30k_images/flickr30k_images/4187922589.jpg,chair,0.2828192114830017,451.9456481933594,187.19935607910156,499.7804260253906,256.03631591796875,27
Flickr30K/4187922589.jpg,/content/Image_captioning_Local/Flickr30K/flickr30k_images/flickr30k_images/4187922589.jpg,chair,0.2777761220932007,121.54047393798828,248.54879760742188,182.19264221191406,282.658203125,27
Flickr30K/4187922589.jpg,/content/Image_captioning_Local/Flickr30K/flickr30k_images/flickr30k_images/4187922589.jpg,fork,0.2720368206501007,431.0266418457031,295.9612731933594,438.9386291503906,324.416748046875,27
Flickr30K/418796494.jpg,/content/Image_captioning_Local/Flickr30K/flickr30k_images/flickr30k_images/418796494.jpg,dog,0.9436398148536682,82.15579986572266,115.6788330078125,246.05917358398438,446.7950744628906,2
Flickr30K/418796494.jpg,/content/Image_captioning_Local/Flickr30K/flickr30k_images/flickr30k_images/418796494.jpg,bed,0.7497008442878723,0.3565788269042969,141.9813232421875,332.0,499.1403503417969,2
Flickr30K/4188427645.jpg,/content/Image_captioning_Local/Flickr30K/flickr30k_images/flickr30k_images/4188427645.jpg,teddy bear,0.9536435008049011,244.09951782226562,135.3762664794922,499.3376770019531,371.12017822265625,2
Flickr30K/4188427645.jpg,/content/Image_captioning_Local/Flickr30K/flickr30k_images/flickr30k_images/4188427645.jpg,person,0.8588413000106812,12.590408325195312,91.3687744140625,500.0,264.5204162597656,2
Flickr30K/4188620410.jpg,/content/Image_captioning_Local/Flickr30K/flickr30k_images/flickr30k_images/4188620410.jpg,person,0.912095308303833,8.30078125,10.128009796142578,114.97896575927734,353.87286376953125,13
Flickr30K/4188620410.jpg,/content/Image_captioning_Local/Flickr30K/flickr30k_images/flickr30k_images/4188620410.jpg,suitcase,0.8975001573562622,287.479248046875,149.5130615234375,410.1834716796875,353.75372314453125,13
Flickr30K/4188620410.jpg,/content/Image_captioning_Local/Flickr30K/flickr30k_images/flickr30k_images/4188620410.jpg,person,0.8811532258987427,232.7841796875,22.0726375579834,364.5504150390625,260.920654296875,13
Flickr30K/4188620410.jpg,/content/Image_captioning_Local/Flickr30K/flickr30k_images/flickr30k_images/4188620410.jpg,person,0.8674138188362122,364.63299560546875,36.73225784301758,461.1611328125,281.3239440917969,13
Flickr30K/4188620410.jpg,/content/Image_captioning_Local/Flickr30K/flickr30k_images/flickr30k_images/4188620410.jpg,backpack,0.7694157958030701,4.807865619659424,67.51814270019531,93.29446411132812,183.4106903076172,13
Flickr30K/4188620410.jpg,/content/Image_captioning_Local/Flickr30K/flickr30k_images/flickr30k_images/4188620410.jpg,suitcase,0.7588599324226379,219.39710998535156,165.12022399902344,291.007080078125,354.04510498046875,13
Flickr30K/4188620410.jpg,/content/Image_captioning_Local/Flickr30K/flickr30k_images/flickr30k_images/4188620410.jpg,backpack,0.7230003476142883,433.0647888183594,63.76543045043945,499.83734130859375,181.05764770507812,13
Flickr30K/4188620410.jpg,/content/Image_captioning_Local/Flickr30K/flickr30k_images/flickr30k_images/4188620410.jpg,car,0.7102850079536438,0.0,11.783409118652344,402.7940673828125,343.19342041015625,13
Flickr30K/4188620410.jpg,/content/Image_captioning_Local/Flickr30K/flickr30k_images/flickr30k_images/4188620410.jpg,suitcase,0.6506280899047852,455.97723388671875,215.26560974121094,499.86248779296875,354.6419982910156,13
Flickr30K/4188620410.jpg,/content/Image_captioning_Local/Flickr30K/flickr30k_images/flickr30k_images/4188620410.jpg,person,0.5965193510055542,420.4194030761719,14.87274169921875,496.75311279296875,265.8205871582031,13
Flickr30K/4188620410.jpg,/content/Image_captioning_Local/Flickr30K/flickr30k_images/flickr30k_images/4188620410.jpg,suitcase,0.5816521048545837,219.7632293701172,251.98851013183594,291.0459899902344,354.9769287109375,13
Flickr30K/4188620410.jpg,/content/Image_captioning_Local/Flickr30K/flickr30k_images/flickr30k_images/4188620410.jpg,suitcase,0.5409286022186279,405.2842102050781,268.7283935546875,459.6545104980469,351.5912170410156,13
Flickr30K/4188620410.jpg,/content/Image_captioning_Local/Flickr30K/flickr30k_images/flickr30k_images/4188620410.jpg,backpack,0.40485090017318726,272.1263732910156,83.87389373779297,328.8417663574219,195.71209716796875,13
Flickr30K/418913834.jpg,/content/Image_captioning_Local/Flickr30K/flickr30k_images/flickr30k_images/418913834.jpg,person,0.9216532111167908,69.08936309814453,71.60687255859375,251.97384643554688,280.82098388671875,12
Flickr30K/418913834.jpg,/content/Image_captioning_Local/Flickr30K/flickr30k_images/flickr30k_images/418913834.jpg,person,0.9117171168327332,307.91412353515625,91.27432250976562,499.64471435546875,372.23638916015625,12
Flickr30K/418913834.jpg,/content/Image_captioning_Local/Flickr30K/flickr30k_images/flickr30k_images/418913834.jpg,dining table,0.7304134368896484,65.37702941894531,14.548683166503906,432.7584228515625,120.92103576660156,12
Flickr30K/418913834.jpg,/content/Image_captioning_Local/Flickr30K/flickr30k_images/flickr30k_images/418913834.jpg,person,0.7187243700027466,469.24456787109375,0.844871997833252,499.748046875,38.379478454589844,12
Flickr30K/418913834.jpg,/content/Image_captioning_Local/Flickr30K/flickr30k_images/flickr30k_images/418913834.jpg,person,0.6902361512184143,268.7605895996094,60.61732864379883,375.6906433105469,273.05047607421875,12
Flickr30K/418913834.jpg,/content/Image_captioning_Local/Flickr30K/flickr30k_images/flickr30k_images/418913834.jpg,chair,0.634788990020752,341.6331787109375,27.890277862548828,377.8196716308594,47.11687469482422,12
Flickr30K/418913834.jpg,/content/Image_captioning_Local/Flickr30K/flickr30k_images/flickr30k_images/418913834.jpg,dining table,0.5893389582633972,0.5467414855957031,238.8938446044922,432.9415283203125,373.0400695800781,12
Flickr30K/418913834.jpg,/content/Image_captioning_Local/Flickr30K/flickr30k_images/flickr30k_images/418913834.jpg,chair,0.45929354429244995,379.30859375,0.7320284843444824,439.1382141113281,36.38942337036133,12
Flickr30K/418913834.jpg,/content/Image_captioning_Local/Flickr30K/flickr30k_images/flickr30k_images/418913834.jpg,bowl,0.45699024200439453,169.0268096923828,280.9576110839844,324.3688049316406,373.70343017578125,12
Flickr30K/418913834.jpg,/content/Image_captioning_Local/Flickr30K/flickr30k_images/flickr30k_images/418913834.jpg,dining table,0.2762574851512909,1.0280132293701172,203.99322509765625,361.7803955078125,372.5046081542969,12
Flickr30K/418913834.jpg,/content/Image_captioning_Local/Flickr30K/flickr30k_images/flickr30k_images/418913834.jpg,chair,0.272643119096756,189.59799194335938,0.21030902862548828,234.806640625,25.85513687133789,12
Flickr30K/418913834.jpg,/content/Image_captioning_Local/Flickr30K/flickr30k_images/flickr30k_images/418913834.jpg,cake,0.25190192461013794,0.556790828704834,310.9623718261719,121.69498443603516,374.90185546875,12
Flickr30K/4189401450.jpg,/content/Image_captioning_Local/Flickr30K/flickr30k_images/flickr30k_images/4189401450.jpg,skateboard,0.9176977276802063,203.04336547851562,136.35830688476562,292.1581726074219,197.80096435546875,7
Flickr30K/4189401450.jpg,/content/Image_captioning_Local/Flickr30K/flickr30k_images/flickr30k_images/4189401450.jpg,person,0.8659589290618896,190.24696350097656,47.488338470458984,278.6556396484375,175.52210998535156,7
Flickr30K/4189401450.jpg,/content/Image_captioning_Local/Flickr30K/flickr30k_images/flickr30k_images/4189401450.jpg,car,0.8239352703094482,17.780853271484375,213.66848754882812,69.5771713256836,237.32656860351562,7
Flickr30K/4189401450.jpg,/content/Image_captioning_Local/Flickr30K/flickr30k_images/flickr30k_images/4189401450.jpg,traffic light,0.7819275856018066,60.556365966796875,87.31824493408203,87.24794006347656,146.26319885253906,7
Flickr30K/4189401450.jpg,/content/Image_captioning_Local/Flickr30K/flickr30k_images/flickr30k_images/4189401450.jpg,car,0.7035210132598877,120.46339416503906,212.45787048339844,157.299072265625,232.85682678222656,7
Flickr30K/4189401450.jpg,/content/Image_captioning_Local/Flickr30K/flickr30k_images/flickr30k_images/4189401450.jpg,car,0.6751085519790649,170.81878662109375,208.90719604492188,198.89895629882812,230.4578094482422,7
Flickr30K/4189401450.jpg,/content/Image_captioning_Local/Flickr30K/flickr30k_images/flickr30k_images/4189401450.jpg,traffic light,0.5061931014060974,1.665174961090088,33.61233139038086,22.780715942382812,72.08650970458984,7
Flickr30K/4189561305.jpg,/content/Image_captioning_Local/Flickr30K/flickr30k_images/flickr30k_images/4189561305.jpg,person,0.8947542905807495,0.03216862678527832,96.40784454345703,35.544559478759766,317.59051513671875,12
Flickr30K/4189561305.jpg,/content/Image_captioning_Local/Flickr30K/flickr30k_images/flickr30k_images/4189561305.jpg,person,0.8869603276252747,301.85943603515625,138.10491943359375,363.280029296875,320.4902648925781,12
Flickr30K/4189561305.jpg,/content/Image_captioning_Local/Flickr30K/flickr30k_images/flickr30k_images/4189561305.jpg,person,0.8774136304855347,130.6226043701172,143.43008422851562,181.84616088867188,277.7525329589844,12
Flickr30K/4189561305.jpg,/content/Image_captioning_Local/Flickr30K/flickr30k_images/flickr30k_images/4189561305.jpg,person,0.8337406516075134,72.68515014648438,147.4276123046875,122.31988525390625,283.154541015625,12
Flickr30K/4189561305.jpg,/content/Image_captioning_Local/Flickr30K/flickr30k_images/flickr30k_images/4189561305.jpg,person,0.7922654747962952,198.30030822753906,155.9401092529297,237.49742126464844,273.9464416503906,12
Flickr30K/4189561305.jpg,/content/Image_captioning_Local/Flickr30K/flickr30k_images/flickr30k_images/4189561305.jpg,person,0.7410890460014343,264.655029296875,149.8170623779297,298.2075500488281,256.8616638183594,12
Flickr30K/4189561305.jpg,/content/Image_captioning_Local/Flickr30K/flickr30k_images/flickr30k_images/4189561305.jpg,person,0.5705547332763672,365.3228759765625,164.19944763183594,403.1554260253906,258.238037109375,12
Flickr30K/4189561305.jpg,/content/Image_captioning_Local/Flickr30K/flickr30k_images/flickr30k_images/4189561305.jpg,person,0.5134483575820923,461.02734375,185.56358337402344,484.54656982421875,240.8368377685547,12
Flickr30K/4189561305.jpg,/content/Image_captioning_Local/Flickr30K/flickr30k_images/flickr30k_images/4189561305.jpg,person,0.49142885208129883,423.8558654785156,180.1643829345703,443.1960144042969,250.36558532714844,12
Flickr30K/4189561305.jpg,/content/Image_captioning_Local/Flickr30K/flickr30k_images/flickr30k_images/4189561305.jpg,person,0.4720414876937866,55.44158172607422,208.51388549804688,70.38396453857422,246.66314697265625,12
Flickr30K/4189561305.jpg,/content/Image_captioning_Local/Flickr30K/flickr30k_images/flickr30k_images/4189561305.jpg,person,0.4652346670627594,410.9862365722656,179.1779022216797,428.6028747558594,251.43865966796875,12
Flickr30K/4189561305.jpg,/content/Image_captioning_Local/Flickr30K/flickr30k_images/flickr30k_images/4189561305.jpg,person,0.2610926628112793,441.57275390625,182.70330810546875,456.6195373535156,243.34097290039062,12
Flickr30K/4190354455.jpg,/content/Image_captioning_Local/Flickr30K/flickr30k_images/flickr30k_images/4190354455.jpg,person,0.9302514791488647,297.15509033203125,65.06314086914062,434.9884948730469,329.5424499511719,2
Flickr30K/4190354455.jpg,/content/Image_captioning_Local/Flickr30K/flickr30k_images/flickr30k_images/4190354455.jpg,person,0.7845277190208435,21.51021957397461,78.50668334960938,135.80880737304688,265.04681396484375,2
Flickr30K/4190354833.jpg,/content/Image_captioning_Local/Flickr30K/flickr30k_images/flickr30k_images/4190354833.jpg,person,0.9188092350959778,333.7044677734375,3.490614891052246,407.5728454589844,247.45785522460938,1
Flickr30K/4190689959.jpg,/content/Image_captioning_Local/Flickr30K/flickr30k_images/flickr30k_images/4190689959.jpg,person,0.9330009818077087,0.06774663925170898,211.68580627441406,128.15184020996094,373.4260559082031,13
Flickr30K/4190689959.jpg,/content/Image_captioning_Local/Flickr30K/flickr30k_images/flickr30k_images/4190689959.jpg,person,0.9176412224769592,210.39080810546875,161.7479248046875,332.6907653808594,372.6439514160156,13
Flickr30K/4190689959.jpg,/content/Image_captioning_Local/Flickr30K/flickr30k_images/flickr30k_images/4190689959.jpg,person,0.8971871137619019,134.41165161132812,234.36526489257812,284.9117431640625,373.54010009765625,13
Flickr30K/4190689959.jpg,/content/Image_captioning_Local/Flickr30K/flickr30k_images/flickr30k_images/4190689959.jpg,person,0.8844864964485168,267.8320007324219,144.77915954589844,395.60968017578125,372.2484130859375,13
Flickr30K/4190689959.jpg,/content/Image_captioning_Local/Flickr30K/flickr30k_images/flickr30k_images/4190689959.jpg,person,0.7375006675720215,175.00596618652344,120.90785217285156,237.0108184814453,242.03965759277344,13
Flickr30K/4190689959.jpg,/content/Image_captioning_Local/Flickr30K/flickr30k_images/flickr30k_images/4190689959.jpg,person,0.6670299172401428,243.81117248535156,106.00373840332031,305.66278076171875,210.96836853027344,13
Flickr30K/4190689959.jpg,/content/Image_captioning_Local/Flickr30K/flickr30k_images/flickr30k_images/4190689959.jpg,person,0.6186854839324951,319.6734924316406,69.12169647216797,375.7956848144531,190.03448486328125,13
Flickr30K/4190689959.jpg,/content/Image_captioning_Local/Flickr30K/flickr30k_images/flickr30k_images/4190689959.jpg,person,0.6023221611976624,91.61338806152344,176.44419860839844,186.50758361816406,358.2811279296875,13
Flickr30K/4190689959.jpg,/content/Image_captioning_Local/Flickr30K/flickr30k_images/flickr30k_images/4190689959.jpg,person,0.5587949156761169,283.270751953125,75.86674499511719,336.9642028808594,155.17010498046875,13
Flickr30K/4190689959.jpg,/content/Image_captioning_Local/Flickr30K/flickr30k_images/flickr30k_images/4190689959.jpg,person,0.5084969997406006,367.226318359375,72.49579620361328,461.85980224609375,249.96127319335938,13
Flickr30K/4190689959.jpg,/content/Image_captioning_Local/Flickr30K/flickr30k_images/flickr30k_images/4190689959.jpg,person,0.4916195273399353,347.1351623535156,116.34545135498047,425.1607971191406,325.6167907714844,13
Flickr30K/4190689959.jpg,/content/Image_captioning_Local/Flickr30K/flickr30k_images/flickr30k_images/4190689959.jpg,person,0.4571170508861542,406.06103515625,19.924991607666016,478.1614685058594,100.85298919677734,13
Flickr30K/4190689959.jpg,/content/Image_captioning_Local/Flickr30K/flickr30k_images/flickr30k_images/4190689959.jpg,person,0.3139544129371643,416.86669921875,51.785614013671875,483.7164001464844,171.87017822265625,13
Flickr30K/41911141.jpg,/content/Image_captioning_Local/Flickr30K/flickr30k_images/flickr30k_images/41911141.jpg,person,0.9410561919212341,37.27786636352539,104.88353729248047,307.25482177734375,372.5130615234375,2
Flickr30K/41911141.jpg,/content/Image_captioning_Local/Flickr30K/flickr30k_images/flickr30k_images/41911141.jpg,person,0.5016278028488159,231.99415588378906,163.2252197265625,440.6341552734375,370.0364685058594,2
Flickr30K/419116771.jpg,/content/Image_captioning_Local/Flickr30K/flickr30k_images/flickr30k_images/419116771.jpg,car,0.889254093170166,275.3283386230469,0.20804405212402344,499.00494384765625,214.86024475097656,8
Flickr30K/419116771.jpg,/content/Image_captioning_Local/Flickr30K/flickr30k_images/flickr30k_images/419116771.jpg,dog,0.8683836460113525,70.37761688232422,142.87367248535156,260.6855773925781,257.06072998046875,8
Flickr30K/419116771.jpg,/content/Image_captioning_Local/Flickr30K/flickr30k_images/flickr30k_images/419116771.jpg,dog,0.7276837229728699,303.73162841796875,128.5805206298828,475.3514404296875,278.2269592285156,8
Flickr30K/419116771.jpg,/content/Image_captioning_Local/Flickr30K/flickr30k_images/flickr30k_images/419116771.jpg,person,0.6612555980682373,121.98274230957031,60.838294982910156,139.07386779785156,106.4992446899414,8
Flickr30K/419116771.jpg,/content/Image_captioning_Local/Flickr30K/flickr30k_images/flickr30k_images/419116771.jpg,motorcycle,0.6382557153701782,226.40042114257812,70.55232238769531,280.82391357421875,152.93478393554688,8
Flickr30K/419116771.jpg,/content/Image_captioning_Local/Flickr30K/flickr30k_images/flickr30k_images/419116771.jpg,dog,0.544457733631134,24.76630210876465,96.84562683105469,148.143798828125,236.34934997558594,8
Flickr30K/419116771.jpg,/content/Image_captioning_Local/Flickr30K/flickr30k_images/flickr30k_images/419116771.jpg,dog,0.535941481590271,212.12586975097656,147.80821228027344,341.71160888671875,266.583740234375,8
Flickr30K/419116771.jpg,/content/Image_captioning_Local/Flickr30K/flickr30k_images/flickr30k_images/419116771.jpg,dog,0.34626147150993347,229.7190704345703,127.38623809814453,475.8498229980469,277.74261474609375,8
Flickr30K/419147172.jpg,/content/Image_captioning_Local/Flickr30K/flickr30k_images/flickr30k_images/419147172.jpg,person,0.9030092358589172,159.79017639160156,146.22850036621094,276.9517517089844,480.1266784667969,20
Flickr30K/419147172.jpg,/content/Image_captioning_Local/Flickr30K/flickr30k_images/flickr30k_images/419147172.jpg,person,0.8946636319160461,256.3084716796875,119.4894790649414,374.18060302734375,440.4507141113281,20
Flickr30K/419147172.jpg,/content/Image_captioning_Local/Flickr30K/flickr30k_images/flickr30k_images/419147172.jpg,person,0.8541632294654846,105.70649719238281,140.8902130126953,183.9341583251953,473.9873962402344,20
Flickr30K/419147172.jpg,/content/Image_captioning_Local/Flickr30K/flickr30k_images/flickr30k_images/419147172.jpg,person,0.8260876536369324,47.29881286621094,52.491641998291016,134.81732177734375,362.87261962890625,20
Flickr30K/419147172.jpg,/content/Image_captioning_Local/Flickr30K/flickr30k_images/flickr30k_images/419147172.jpg,person,0.7747789621353149,108.86400604248047,13.488435745239258,181.23712158203125,168.286376953125,20
Flickr30K/419147172.jpg,/content/Image_captioning_Local/Flickr30K/flickr30k_images/flickr30k_images/419147172.jpg,person,0.7735529541969299,0.0,80.96546936035156,70.71569061279297,422.3032531738281,20
Flickr30K/419147172.jpg,/content/Image_captioning_Local/Flickr30K/flickr30k_images/flickr30k_images/419147172.jpg,tie,0.7696055173873901,38.51170349121094,134.01255798339844,63.244483947753906,226.18145751953125,20
Flickr30K/419147172.jpg,/content/Image_captioning_Local/Flickr30K/flickr30k_images/flickr30k_images/419147172.jpg,person,0.7563334107398987,251.4437255859375,9.532463073730469,371.211181640625,135.72915649414062,20
Flickr30K/419147172.jpg,/content/Image_captioning_Local/Flickr30K/flickr30k_images/flickr30k_images/419147172.jpg,chair,0.7402057647705078,213.1710968017578,88.80864715576172,253.23553466796875,133.71913146972656,20
Flickr30K/419147172.jpg,/content/Image_captioning_Local/Flickr30K/flickr30k_images/flickr30k_images/419147172.jpg,person,0.5068121552467346,324.4044189453125,91.8464126586914,372.5556335449219,160.119384765625,20
Flickr30K/419147172.jpg,/content/Image_captioning_Local/Flickr30K/flickr30k_images/flickr30k_images/419147172.jpg,tie,0.47513607144355774,87.40689849853516,100.40715026855469,107.86988830566406,187.5042724609375,20
Flickr30K/419147172.jpg,/content/Image_captioning_Local/Flickr30K/flickr30k_images/flickr30k_images/419147172.jpg,person,0.46525153517723083,212.05911254882812,96.58767700195312,274.8766784667969,166.12808227539062,20
Flickr30K/419147172.jpg,/content/Image_captioning_Local/Flickr30K/flickr30k_images/flickr30k_images/419147172.jpg,chair,0.4648550748825073,144.51828002929688,36.060081481933594,184.53822326660156,93.77168273925781,20
Flickr30K/419147172.jpg,/content/Image_captioning_Local/Flickr30K/flickr30k_images/flickr30k_images/419147172.jpg,tie,0.45681247115135193,290.6377868652344,51.0920524597168,305.7358703613281,123.14993286132812,20
Flickr30K/419147172.jpg,/content/Image_captioning_Local/Flickr30K/flickr30k_images/flickr30k_images/419147172.jpg,chair,0.45201167464256287,170.3317413330078,92.5882568359375,212.3036651611328,136.26976013183594,20
Flickr30K/419147172.jpg,/content/Image_captioning_Local/Flickr30K/flickr30k_images/flickr30k_images/419147172.jpg,tie,0.4385632574558258,115.77787780761719,54.85137176513672,126.14712524414062,88.67654418945312,20
Flickr30K/419147172.jpg,/content/Image_captioning_Local/Flickr30K/flickr30k_images/flickr30k_images/419147172.jpg,tie,0.4150259494781494,87.80393981933594,99.81547546386719,103.70781707763672,154.52908325195312,20
Flickr30K/419147172.jpg,/content/Image_captioning_Local/Flickr30K/flickr30k_images/flickr30k_images/419147172.jpg,tie,0.4005689024925232,303.157470703125,57.4472541809082,312.4869689941406,124.79920196533203,20
Flickr30K/419147172.jpg,/content/Image_captioning_Local/Flickr30K/flickr30k_images/flickr30k_images/419147172.jpg,person,0.295308917760849,2.7853012084960938,5.577254295349121,56.29315185546875,86.02237701416016,20
Flickr30K/419147172.jpg,/content/Image_captioning_Local/Flickr30K/flickr30k_images/flickr30k_images/419147172.jpg,tie,0.28631791472435,303.22149658203125,52.99136734008789,315.74505615234375,124.92326354980469,20
Flickr30K/4191885641.jpg,/content/Image_captioning_Local/Flickr30K/flickr30k_images/flickr30k_images/4191885641.jpg,person,0.8930545449256897,133.50282287597656,172.48854064941406,233.66542053222656,452.7963562011719,6
Flickr30K/4191885641.jpg,/content/Image_captioning_Local/Flickr30K/flickr30k_images/flickr30k_images/4191885641.jpg,person,0.8911287784576416,204.07913208007812,170.29881286621094,305.0477294921875,483.5238342285156,6
Flickr30K/4191885641.jpg,/content/Image_captioning_Local/Flickr30K/flickr30k_images/flickr30k_images/4191885641.jpg,handbag,0.5876420736312866,162.35919189453125,233.71484375,199.3544158935547,331.2203674316406,6
Flickr30K/4191885641.jpg,/content/Image_captioning_Local/Flickr30K/flickr30k_images/flickr30k_images/4191885641.jpg,book,0.3022076189517975,305.62103271484375,302.73779296875,329.9063720703125,338.0168762207031,6
Flickr30K/4191885641.jpg,/content/Image_captioning_Local/Flickr30K/flickr30k_images/flickr30k_images/4191885641.jpg,book,0.27829375863075256,292.4490966796875,345.00933837890625,324.3399658203125,394.7701110839844,6
Flickr30K/4191885641.jpg,/content/Image_captioning_Local/Flickr30K/flickr30k_images/flickr30k_images/4191885641.jpg,book,0.2776273190975189,110.67041015625,340.51507568359375,146.0641326904297,383.5740661621094,6
Flickr30K/4193302193.jpg,/content/Image_captioning_Local/Flickr30K/flickr30k_images/flickr30k_images/4193302193.jpg,person,0.7788852453231812,196.53749084472656,71.64788055419922,249.0184783935547,163.37042236328125,1
Flickr30K/4193422737.jpg,/content/Image_captioning_Local/Flickr30K/flickr30k_images/flickr30k_images/4193422737.jpg,person,0.9141499400138855,339.2417297363281,10.488825798034668,399.70404052734375,120.26007080078125,5
Flickr30K/4193422737.jpg,/content/Image_captioning_Local/Flickr30K/flickr30k_images/flickr30k_images/4193422737.jpg,person,0.9095532894134521,285.04925537109375,221.2136688232422,336.78875732421875,363.1029052734375,5
Flickr30K/4193422737.jpg,/content/Image_captioning_Local/Flickr30K/flickr30k_images/flickr30k_images/4193422737.jpg,person,0.9071378111839294,70.0283432006836,17.814064025878906,122.4408950805664,126.93157196044922,5
Flickr30K/4193422737.jpg,/content/Image_captioning_Local/Flickr30K/flickr30k_images/flickr30k_images/4193422737.jpg,person,0.9003329277038574,131.4437713623047,10.161203384399414,185.290283203125,125.04191589355469,5
Flickr30K/4193422737.jpg,/content/Image_captioning_Local/Flickr30K/flickr30k_images/flickr30k_images/4193422737.jpg,person,0.8448550701141357,413.9496765136719,6.5014543533325195,453.1723937988281,118.20237731933594,5
Flickr30K/4193665581.jpg,/content/Image_captioning_Local/Flickr30K/flickr30k_images/flickr30k_images/4193665581.jpg,person,0.9347113370895386,308.16259765625,140.46092224121094,443.1099853515625,371.1634216308594,2
Flickr30K/4193665581.jpg,/content/Image_captioning_Local/Flickr30K/flickr30k_images/flickr30k_images/4193665581.jpg,handbag,0.6136677861213684,373.64898681640625,182.93771362304688,435.501708984375,253.02438354492188,2
Flickr30K/4193782937.jpg,/content/Image_captioning_Local/Flickr30K/flickr30k_images/flickr30k_images/4193782937.jpg,teddy bear,0.5487672686576843,190.43711853027344,29.689979553222656,498.9794616699219,330.3094787597656,1
Flickr30K/4194039933.jpg,/content/Image_captioning_Local/Flickr30K/flickr30k_images/flickr30k_images/4194039933.jpg,person,0.9345154762268066,185.95582580566406,2.297699451446533,435.6605529785156,329.5016174316406,9
Flickr30K/4194039933.jpg,/content/Image_captioning_Local/Flickr30K/flickr30k_images/flickr30k_images/4194039933.jpg,person,0.8771734833717346,146.13601684570312,0.7008790969848633,258.3030090332031,203.4912109375,9
Flickr30K/4194039933.jpg,/content/Image_captioning_Local/Flickr30K/flickr30k_images/flickr30k_images/4194039933.jpg,book,0.5321148037910461,99.14665985107422,277.9410400390625,249.3743896484375,332.3809509277344,9
Flickr30K/4194039933.jpg,/content/Image_captioning_Local/Flickr30K/flickr30k_images/flickr30k_images/4194039933.jpg,cake,0.5201578736305237,259.4749450683594,181.420166015625,355.63043212890625,278.26593017578125,9
Flickr30K/4194039933.jpg,/content/Image_captioning_Local/Flickr30K/flickr30k_images/flickr30k_images/4194039933.jpg,person,0.5046027898788452,245.98402404785156,36.787010192871094,295.2353515625,124.59602355957031,9
Flickr30K/4194039933.jpg,/content/Image_captioning_Local/Flickr30K/flickr30k_images/flickr30k_images/4194039933.jpg,chair,0.47637081146240234,432.223876953125,118.729736328125,499.6873779296875,225.95838928222656,9
Flickr30K/4194039933.jpg,/content/Image_captioning_Local/Flickr30K/flickr30k_images/flickr30k_images/4194039933.jpg,cake,0.45952215790748596,230.56492614746094,214.4581756591797,283.7684631347656,266.82177734375,9
Flickr30K/4194039933.jpg,/content/Image_captioning_Local/Flickr30K/flickr30k_images/flickr30k_images/4194039933.jpg,person,0.30732348561286926,16.8950138092041,0.46002864837646484,90.34117126464844,58.78303146362305,9
Flickr30K/4194039933.jpg,/content/Image_captioning_Local/Flickr30K/flickr30k_images/flickr30k_images/4194039933.jpg,dining table,0.2541155219078064,0.06413459777832031,106.44780731201172,235.6121063232422,329.77716064453125,9
Flickr30K/419420971.jpg,/content/Image_captioning_Local/Flickr30K/flickr30k_images/flickr30k_images/419420971.jpg,person,0.8149849772453308,99.20372772216797,162.67884826660156,227.22625732421875,388.0825500488281,2
Flickr30K/419420971.jpg,/content/Image_captioning_Local/Flickr30K/flickr30k_images/flickr30k_images/419420971.jpg,bicycle,0.7527855634689331,117.71488189697266,274.79339599609375,213.16842651367188,494.7960510253906,2
Flickr30K/4194358849.jpg,/content/Image_captioning_Local/Flickr30K/flickr30k_images/flickr30k_images/4194358849.jpg,person,0.7286951541900635,0.0,1.6525506973266602,283.1935729980469,358.1970520019531,1
Flickr30K/4194543575.jpg,/content/Image_captioning_Local/Flickr30K/flickr30k_images/flickr30k_images/4194543575.jpg,person,0.9165477752685547,109.49152374267578,328.0947265625,175.86631774902344,490.14801025390625,5
Flickr30K/4194543575.jpg,/content/Image_captioning_Local/Flickr30K/flickr30k_images/flickr30k_images/4194543575.jpg,person,0.8887636065483093,233.24017333984375,345.31060791015625,275.7713928222656,435.1755065917969,5
Flickr30K/4194543575.jpg,/content/Image_captioning_Local/Flickr30K/flickr30k_images/flickr30k_images/4194543575.jpg,person,0.875573992729187,279.5032653808594,286.48773193359375,319.9445495605469,429.58062744140625,5
Flickr30K/4194543575.jpg,/content/Image_captioning_Local/Flickr30K/flickr30k_images/flickr30k_images/4194543575.jpg,person,0.8167064785957336,234.77420043945312,118.27042388916016,260.7264099121094,179.16896057128906,5
Flickr30K/4194543575.jpg,/content/Image_captioning_Local/Flickr30K/flickr30k_images/flickr30k_images/4194543575.jpg,dog,0.6991210579872131,265.8672790527344,392.0169372558594,287.53076171875,435.3566589355469,5
Flickr30K/4194622325.jpg,/content/Image_captioning_Local/Flickr30K/flickr30k_images/flickr30k_images/4194622325.jpg,person,0.9508389234542847,137.9721221923828,38.40017318725586,412.7690734863281,315.8999938964844,5
Flickr30K/4194622325.jpg,/content/Image_captioning_Local/Flickr30K/flickr30k_images/flickr30k_images/4194622325.jpg,book,0.862808108329773,232.24453735351562,121.27503967285156,300.0027770996094,179.026611328125,5
Flickr30K/4194622325.jpg,/content/Image_captioning_Local/Flickr30K/flickr30k_images/flickr30k_images/4194622325.jpg,handbag,0.5262836217880249,405.4937438964844,154.65383911132812,475.0230712890625,242.4425048828125,5
Flickr30K/4194622325.jpg,/content/Image_captioning_Local/Flickr30K/flickr30k_images/flickr30k_images/4194622325.jpg,book,0.32399722933769226,364.2674865722656,99.31159210205078,442.5479431152344,183.67123413085938,5
Flickr30K/4194622325.jpg,/content/Image_captioning_Local/Flickr30K/flickr30k_images/flickr30k_images/4194622325.jpg,handbag,0.2712799608707428,364.2569580078125,99.17621612548828,442.26531982421875,183.55255126953125,5
Flickr30K/419518695.jpg,/content/Image_captioning_Local/Flickr30K/flickr30k_images/flickr30k_images/419518695.jpg,person,0.9369874596595764,215.5506134033203,0.2682924270629883,455.96484375,250.97691345214844,3
Flickr30K/419518695.jpg,/content/Image_captioning_Local/Flickr30K/flickr30k_images/flickr30k_images/419518695.jpg,dog,0.9073012471199036,108.64832305908203,176.86143493652344,225.20079040527344,253.37820434570312,3
Flickr30K/419518695.jpg,/content/Image_captioning_Local/Flickr30K/flickr30k_images/flickr30k_images/419518695.jpg,bear,0.6180744767189026,0.16037225723266602,78.01307678222656,59.336936950683594,182.2554168701172,3
Flickr30K/4195280723.jpg,/content/Image_captioning_Local/Flickr30K/flickr30k_images/flickr30k_images/4195280723.jpg,person,0.922469973564148,330.88702392578125,26.658607482910156,411.88470458984375,291.7839660644531,14
Flickr30K/4195280723.jpg,/content/Image_captioning_Local/Flickr30K/flickr30k_images/flickr30k_images/4195280723.jpg,person,0.9040416479110718,40.716670989990234,169.72088623046875,238.48655700683594,330.2667236328125,14
Flickr30K/4195280723.jpg,/content/Image_captioning_Local/Flickr30K/flickr30k_images/flickr30k_images/4195280723.jpg,person,0.8977307677268982,125.00182342529297,128.41844177246094,285.2769775390625,297.9510192871094,14
Flickr30K/4195280723.jpg,/content/Image_captioning_Local/Flickr30K/flickr30k_images/flickr30k_images/4195280723.jpg,person,0.8244642615318298,38.432395935058594,100.36383056640625,88.42311096191406,165.26121520996094,14
Flickr30K/4195280723.jpg,/content/Image_captioning_Local/Flickr30K/flickr30k_images/flickr30k_images/4195280723.jpg,chair,0.7953864932060242,469.3564758300781,213.82810974121094,499.821533203125,275.1602783203125,14
Flickr30K/4195280723.jpg,/content/Image_captioning_Local/Flickr30K/flickr30k_images/flickr30k_images/4195280723.jpg,book,0.7145054936408997,181.40960693359375,183.0403289794922,227.33941650390625,214.806884765625,14
Flickr30K/4195280723.jpg,/content/Image_captioning_Local/Flickr30K/flickr30k_images/flickr30k_images/4195280723.jpg,chair,0.6204347610473633,6.1653733253479,215.43527221679688,134.4320068359375,332.0364074707031,14
Flickr30K/4195280723.jpg,/content/Image_captioning_Local/Flickr30K/flickr30k_images/flickr30k_images/4195280723.jpg,chair,0.5215161442756653,353.4400329589844,172.81565856933594,415.2346496582031,271.76116943359375,14
Flickr30K/4195280723.jpg,/content/Image_captioning_Local/Flickr30K/flickr30k_images/flickr30k_images/4195280723.jpg,laptop,0.5200216770172119,450.11785888671875,103.50501251220703,495.83624267578125,134.06451416015625,14
Flickr30K/4195280723.jpg,/content/Image_captioning_Local/Flickr30K/flickr30k_images/flickr30k_images/4195280723.jpg,person,0.43453508615493774,8.112740516662598,89.83609771728516,69.35958099365234,218.99951171875,14
Flickr30K/4195280723.jpg,/content/Image_captioning_Local/Flickr30K/flickr30k_images/flickr30k_images/4195280723.jpg,person,0.3806939423084259,85.2619400024414,151.72080993652344,199.34176635742188,269.8036193847656,14
Flickr30K/4195280723.jpg,/content/Image_captioning_Local/Flickr30K/flickr30k_images/flickr30k_images/4195280723.jpg,chair,0.37437891960144043,129.57620239257812,219.83982849121094,197.09530639648438,262.4856262207031,14
Flickr30K/4195280723.jpg,/content/Image_captioning_Local/Flickr30K/flickr30k_images/flickr30k_images/4195280723.jpg,book,0.37079349160194397,121.07429504394531,299.22369384765625,227.8819122314453,326.6116027832031,14
Flickr30K/4195280723.jpg,/content/Image_captioning_Local/Flickr30K/flickr30k_images/flickr30k_images/4195280723.jpg,book,0.30012181401252747,126.60963439941406,257.3128662109375,195.01431274414062,291.2629699707031,14
Flickr30K/4195751574.jpg,/content/Image_captioning_Local/Flickr30K/flickr30k_images/flickr30k_images/4195751574.jpg,cup,0.8886603713035583,453.9739074707031,211.49224853515625,492.71368408203125,258.7781066894531,28
Flickr30K/4195751574.jpg,/content/Image_captioning_Local/Flickr30K/flickr30k_images/flickr30k_images/4195751574.jpg,person,0.8751751184463501,269.83953857421875,0.5318403244018555,341.3625183105469,116.7774429321289,28
Flickr30K/4195751574.jpg,/content/Image_captioning_Local/Flickr30K/flickr30k_images/flickr30k_images/4195751574.jpg,person,0.8517799973487854,0.0,13.406515121459961,364.4615783691406,322.7386474609375,28
Flickr30K/4195751574.jpg,/content/Image_captioning_Local/Flickr30K/flickr30k_images/flickr30k_images/4195751574.jpg,bowl,0.8348602056503296,414.75830078125,169.84353637695312,459.645263671875,195.0958709716797,28
Flickr30K/4195751574.jpg,/content/Image_captioning_Local/Flickr30K/flickr30k_images/flickr30k_images/4195751574.jpg,bowl,0.719231903553009,263.71881103515625,129.34893798828125,292.8838195800781,149.2970428466797,28
Flickr30K/4195751574.jpg,/content/Image_captioning_Local/Flickr30K/flickr30k_images/flickr30k_images/4195751574.jpg,bowl,0.7170076370239258,458.6130065917969,166.95408630371094,496.8009948730469,195.72882080078125,28
Flickr30K/4195751574.jpg,/content/Image_captioning_Local/Flickr30K/flickr30k_images/flickr30k_images/4195751574.jpg,bowl,0.699860155582428,405.4678955078125,150.90103149414062,438.99163818359375,170.65496826171875,28
Flickr30K/4195751574.jpg,/content/Image_captioning_Local/Flickr30K/flickr30k_images/flickr30k_images/4195751574.jpg,person,0.6838773488998413,0.0771939754486084,117.33560180664062,35.79315948486328,211.37728881835938,28
Flickr30K/4195751574.jpg,/content/Image_captioning_Local/Flickr30K/flickr30k_images/flickr30k_images/4195751574.jpg,person,0.6767377853393555,92.82804107666016,22.7414608001709,152.8372802734375,89.38874816894531,28
Flickr30K/4195751574.jpg,/content/Image_captioning_Local/Flickr30K/flickr30k_images/flickr30k_images/4195751574.jpg,bowl,0.6286174058914185,440.2621154785156,153.79495239257812,477.49432373046875,172.94293212890625,28
Flickr30K/4195751574.jpg,/content/Image_captioning_Local/Flickr30K/flickr30k_images/flickr30k_images/4195751574.jpg,bowl,0.6251382231712341,251.48257446289062,180.58871459960938,440.5648193359375,283.889404296875,28
Flickr30K/4195751574.jpg,/content/Image_captioning_Local/Flickr30K/flickr30k_images/flickr30k_images/4195751574.jpg,chair,0.6209036111831665,213.74830627441406,67.5659408569336,263.11279296875,142.7330780029297,28
Flickr30K/4195751574.jpg,/content/Image_captioning_Local/Flickr30K/flickr30k_images/flickr30k_images/4195751574.jpg,bowl,0.6174991130828857,269.3675231933594,156.64004516601562,307.24169921875,181.58006286621094,28
Flickr30K/4195751574.jpg,/content/Image_captioning_Local/Flickr30K/flickr30k_images/flickr30k_images/4195751574.jpg,person,0.6162657737731934,475.5166931152344,21.19329071044922,499.806396484375,75.00071716308594,28
Flickr30K/4195751574.jpg,/content/Image_captioning_Local/Flickr30K/flickr30k_images/flickr30k_images/4195751574.jpg,cup,0.5456117987632751,389.0366516113281,101.88398742675781,406.4704895019531,127.73571014404297,28
Flickr30K/4195751574.jpg,/content/Image_captioning_Local/Flickr30K/flickr30k_images/flickr30k_images/4195751574.jpg,bowl,0.46621301770210266,306.1208190917969,137.99710083007812,345.3953857421875,161.93746948242188,28
Flickr30K/4195751574.jpg,/content/Image_captioning_Local/Flickr30K/flickr30k_images/flickr30k_images/4195751574.jpg,person,0.465902179479599,336.16033935546875,20.806455612182617,359.3817138671875,73.78907012939453,28
Flickr30K/4195751574.jpg,/content/Image_captioning_Local/Flickr30K/flickr30k_images/flickr30k_images/4195751574.jpg,dining table,0.4495934545993805,160.1525421142578,51.92341613769531,499.29437255859375,328.63006591796875,28
Flickr30K/4195751574.jpg,/content/Image_captioning_Local/Flickr30K/flickr30k_images/flickr30k_images/4195751574.jpg,bowl,0.34940826892852783,380.1479797363281,155.70140075683594,404.9747314453125,177.9066619873047,28
Flickr30K/4195751574.jpg,/content/Image_captioning_Local/Flickr30K/flickr30k_images/flickr30k_images/4195751574.jpg,cup,0.3394928574562073,419.7351379394531,105.18805694580078,430.67340087890625,124.78396606445312,28
Flickr30K/4195751574.jpg,/content/Image_captioning_Local/Flickr30K/flickr30k_images/flickr30k_images/4195751574.jpg,bowl,0.33834588527679443,306.0541076660156,138.1436767578125,345.63818359375,175.33106994628906,28
Flickr30K/4195751574.jpg,/content/Image_captioning_Local/Flickr30K/flickr30k_images/flickr30k_images/4195751574.jpg,chair,0.3294924199581146,7.9840779304504395,115.094482421875,61.46315383911133,168.94158935546875,28
Flickr30K/4195751574.jpg,/content/Image_captioning_Local/Flickr30K/flickr30k_images/flickr30k_images/4195751574.jpg,cup,0.3060654401779175,404.6745910644531,127.817626953125,432.6216125488281,152.80694580078125,28
Flickr30K/4195751574.jpg,/content/Image_captioning_Local/Flickr30K/flickr30k_images/flickr30k_images/4195751574.jpg,bowl,0.28880682587623596,474.65496826171875,144.77398681640625,499.96221923828125,168.21315002441406,28
Flickr30K/4195751574.jpg,/content/Image_captioning_Local/Flickr30K/flickr30k_images/flickr30k_images/4195751574.jpg,bowl,0.2789224684238434,250.05975341796875,142.75550842285156,275.3873291015625,166.6858673095703,28
Flickr30K/4195751574.jpg,/content/Image_captioning_Local/Flickr30K/flickr30k_images/flickr30k_images/4195751574.jpg,cup,0.27097105979919434,405.09185791015625,102.04229736328125,422.0732727050781,127.4364242553711,28
Flickr30K/4195751574.jpg,/content/Image_captioning_Local/Flickr30K/flickr30k_images/flickr30k_images/4195751574.jpg,bowl,0.2528438866138458,486.6340637207031,251.18161010742188,499.748046875,292.0748596191406,28
Flickr30K/4195751574.jpg,/content/Image_captioning_Local/Flickr30K/flickr30k_images/flickr30k_images/4195751574.jpg,bowl,0.25185108184814453,280.57830810546875,119.84832000732422,307.1971130371094,136.92605590820312,28
Flickr30K/4195925662.jpg,/content/Image_captioning_Local/Flickr30K/flickr30k_images/flickr30k_images/4195925662.jpg,person,0.9215025305747986,211.70755004882812,120.22633361816406,333.127197265625,335.57958984375,9
Flickr30K/4195925662.jpg,/content/Image_captioning_Local/Flickr30K/flickr30k_images/flickr30k_images/4195925662.jpg,person,0.8837712407112122,0.25360584259033203,108.52537536621094,189.01173400878906,335.5729675292969,9
Flickr30K/4195925662.jpg,/content/Image_captioning_Local/Flickr30K/flickr30k_images/flickr30k_images/4195925662.jpg,person,0.8235079646110535,390.3174133300781,131.8368377685547,498.64739990234375,331.2036437988281,9
Flickr30K/4195925662.jpg,/content/Image_captioning_Local/Flickr30K/flickr30k_images/flickr30k_images/4195925662.jpg,person,0.7493667602539062,117.38353729248047,112.58928680419922,198.34210205078125,213.24803161621094,9
Flickr30K/4195925662.jpg,/content/Image_captioning_Local/Flickr30K/flickr30k_images/flickr30k_images/4195925662.jpg,person,0.7112123370170593,193.59678649902344,138.8990936279297,265.27496337890625,320.7425537109375,9
Flickr30K/4195925662.jpg,/content/Image_captioning_Local/Flickr30K/flickr30k_images/flickr30k_images/4195925662.jpg,umbrella,0.6897990703582764,0.11566877365112305,22.973155975341797,110.67642211914062,103.1302719116211,9
Flickr30K/4195925662.jpg,/content/Image_captioning_Local/Flickr30K/flickr30k_images/flickr30k_images/4195925662.jpg,person,0.6062779426574707,296.3392639160156,128.4687042236328,373.97113037109375,315.44732666015625,9
Flickr30K/4195925662.jpg,/content/Image_captioning_Local/Flickr30K/flickr30k_images/flickr30k_images/4195925662.jpg,person,0.5795695781707764,358.01177978515625,186.704345703125,404.7842102050781,323.8336181640625,9
Flickr30K/4195925662.jpg,/content/Image_captioning_Local/Flickr30K/flickr30k_images/flickr30k_images/4195925662.jpg,person,0.2927939295768738,486.06329345703125,184.63888549804688,499.8168029785156,281.88330078125,9
Flickr30K/4195953639.jpg,/content/Image_captioning_Local/Flickr30K/flickr30k_images/flickr30k_images/4195953639.jpg,person,0.8883341550827026,182.12213134765625,1.0161399841308594,375.0,416.7287902832031,2
Flickr30K/4195953639.jpg,/content/Image_captioning_Local/Flickr30K/flickr30k_images/flickr30k_images/4195953639.jpg,motorcycle,0.6234959363937378,24.83506202697754,107.84735870361328,284.9622802734375,498.147216796875,2
Flickr30K/4196151169.jpg,/content/Image_captioning_Local/Flickr30K/flickr30k_images/flickr30k_images/4196151169.jpg,person,0.8172909617424011,67.35234069824219,31.587791442871094,226.12362670898438,480.38616943359375,2
Flickr30K/4196151169.jpg,/content/Image_captioning_Local/Flickr30K/flickr30k_images/flickr30k_images/4196151169.jpg,person,0.46188002824783325,151.45997619628906,212.68072509765625,226.35260009765625,378.9075012207031,2
Flickr30K/4196155263.jpg,/content/Image_captioning_Local/Flickr30K/flickr30k_images/flickr30k_images/4196155263.jpg,person,0.8801743984222412,307.6329345703125,44.033668518066406,499.74163818359375,235.53819274902344,9
Flickr30K/4196155263.jpg,/content/Image_captioning_Local/Flickr30K/flickr30k_images/flickr30k_images/4196155263.jpg,person,0.8437520861625671,40.8604621887207,234.53387451171875,235.9700927734375,331.29864501953125,9
Flickr30K/4196155263.jpg,/content/Image_captioning_Local/Flickr30K/flickr30k_images/flickr30k_images/4196155263.jpg,person,0.7796764969825745,289.0882568359375,83.86578369140625,499.7532958984375,291.3496398925781,9
Flickr30K/4196155263.jpg,/content/Image_captioning_Local/Flickr30K/flickr30k_images/flickr30k_images/4196155263.jpg,person,0.7080879807472229,398.4246826171875,5.4679036140441895,496.7469787597656,98.3525619506836,9
Flickr30K/4196155263.jpg,/content/Image_captioning_Local/Flickr30K/flickr30k_images/flickr30k_images/4196155263.jpg,cell phone,0.6375779509544373,132.29046630859375,104.58399963378906,255.0550537109375,178.10337829589844,9
Flickr30K/4196155263.jpg,/content/Image_captioning_Local/Flickr30K/flickr30k_images/flickr30k_images/4196155263.jpg,person,0.5625384449958801,156.38946533203125,86.7060546875,497.5083923339844,327.59942626953125,9
Flickr30K/4196155263.jpg,/content/Image_captioning_Local/Flickr30K/flickr30k_images/flickr30k_images/4196155263.jpg,cup,0.4093731939792633,421.2633056640625,252.47120666503906,474.1491394042969,301.8679504394531,9
Flickr30K/4196155263.jpg,/content/Image_captioning_Local/Flickr30K/flickr30k_images/flickr30k_images/4196155263.jpg,person,0.3436078727245331,398.1542053222656,6.048107147216797,500.0,161.5000457763672,9
Flickr30K/4196155263.jpg,/content/Image_captioning_Local/Flickr30K/flickr30k_images/flickr30k_images/4196155263.jpg,person,0.3266465663909912,445.0671691894531,0.2372145652770996,499.8193359375,93.3466796875,9
Flickr30K/419638730.jpg,/content/Image_captioning_Local/Flickr30K/flickr30k_images/flickr30k_images/419638730.jpg,person,0.895829439163208,170.2085418701172,88.14665985107422,237.3948974609375,318.0865173339844,7
Flickr30K/419638730.jpg,/content/Image_captioning_Local/Flickr30K/flickr30k_images/flickr30k_images/419638730.jpg,person,0.8920447826385498,386.0355224609375,86.86302947998047,468.9504699707031,354.4802551269531,7
Flickr30K/419638730.jpg,/content/Image_captioning_Local/Flickr30K/flickr30k_images/flickr30k_images/419638730.jpg,person,0.8683218359947205,234.42807006835938,110.7503433227539,294.08477783203125,296.15667724609375,7
Flickr30K/419638730.jpg,/content/Image_captioning_Local/Flickr30K/flickr30k_images/flickr30k_images/419638730.jpg,person,0.8320233821868896,75.37468719482422,141.71762084960938,138.23672485351562,342.2760009765625,7
Flickr30K/419638730.jpg,/content/Image_captioning_Local/Flickr30K/flickr30k_images/flickr30k_images/419638730.jpg,person,0.8211949467658997,0.0927269458770752,153.28631591796875,38.73068618774414,296.4201354980469,7
Flickr30K/419638730.jpg,/content/Image_captioning_Local/Flickr30K/flickr30k_images/flickr30k_images/419638730.jpg,person,0.7141101360321045,121.71669006347656,140.901611328125,161.0728759765625,307.5066223144531,7
Flickr30K/419638730.jpg,/content/Image_captioning_Local/Flickr30K/flickr30k_images/flickr30k_images/419638730.jpg,chair,0.6342179775238037,34.787498474121094,208.61807250976562,77.4520263671875,289.90057373046875,7
Flickr30K/4196898728.jpg,/content/Image_captioning_Local/Flickr30K/flickr30k_images/flickr30k_images/4196898728.jpg,person,0.9311699867248535,54.79631423950195,81.95445251464844,295.9535217285156,259.8697814941406,5
Flickr30K/4196898728.jpg,/content/Image_captioning_Local/Flickr30K/flickr30k_images/flickr30k_images/4196898728.jpg,person,0.8221437335014343,309.7905578613281,32.68241882324219,499.76812744140625,258.05877685546875,5
Flickr30K/4196898728.jpg,/content/Image_captioning_Local/Flickr30K/flickr30k_images/flickr30k_images/4196898728.jpg,person,0.8082016110420227,307.15533447265625,127.4717788696289,481.3540344238281,260.08209228515625,5
Flickr30K/4196898728.jpg,/content/Image_captioning_Local/Flickr30K/flickr30k_images/flickr30k_images/4196898728.jpg,person,0.47517362236976624,232.74087524414062,99.93226623535156,254.6661376953125,133.69448852539062,5
Flickr30K/4196898728.jpg,/content/Image_captioning_Local/Flickr30K/flickr30k_images/flickr30k_images/4196898728.jpg,person,0.30039411783218384,430.108154296875,61.07511520385742,499.8385314941406,259.991943359375,5
Flickr30K/4196910318.jpg,/content/Image_captioning_Local/Flickr30K/flickr30k_images/flickr30k_images/4196910318.jpg,person,0.847881555557251,148.4904327392578,123.19359588623047,303.4792785644531,390.62890625,1
Flickr30K/4196910882.jpg,/content/Image_captioning_Local/Flickr30K/flickr30k_images/flickr30k_images/4196910882.jpg,person,0.9242003560066223,259.3646545410156,91.67909240722656,411.32958984375,329.56915283203125,4
Flickr30K/4196910882.jpg,/content/Image_captioning_Local/Flickr30K/flickr30k_images/flickr30k_images/4196910882.jpg,person,0.9177541732788086,117.07227325439453,37.45652389526367,256.81024169921875,328.8246154785156,4
Flickr30K/4196910882.jpg,/content/Image_captioning_Local/Flickr30K/flickr30k_images/flickr30k_images/4196910882.jpg,handbag,0.6793615221977234,154.96153259277344,107.37976837158203,257.1067810058594,269.6611328125,4
Flickr30K/4196910882.jpg,/content/Image_captioning_Local/Flickr30K/flickr30k_images/flickr30k_images/4196910882.jpg,person,0.29430368542671204,296.5813293457031,68.01018524169922,366.0307312011719,303.6890869140625,4
Flickr30K/4197228591.jpg,/content/Image_captioning_Local/Flickr30K/flickr30k_images/flickr30k_images/4197228591.jpg,car,0.8724778890609741,294.42510986328125,137.5286102294922,338.1278991699219,168.85739135742188,9
Flickr30K/4197228591.jpg,/content/Image_captioning_Local/Flickr30K/flickr30k_images/flickr30k_images/4197228591.jpg,truck,0.8669039011001587,0.7180213928222656,46.01191329956055,234.89540100097656,239.84832763671875,9
Flickr30K/4197228591.jpg,/content/Image_captioning_Local/Flickr30K/flickr30k_images/flickr30k_images/4197228591.jpg,person,0.8661109209060669,228.90310668945312,124.26020812988281,263.2776184082031,202.04078674316406,9
Flickr30K/4197228591.jpg,/content/Image_captioning_Local/Flickr30K/flickr30k_images/flickr30k_images/4197228591.jpg,person,0.841826319694519,425.9701232910156,119.80728912353516,450.78131103515625,171.7467803955078,9
Flickr30K/4197228591.jpg,/content/Image_captioning_Local/Flickr30K/flickr30k_images/flickr30k_images/4197228591.jpg,person,0.8382686376571655,458.43939208984375,120.07162475585938,480.7447814941406,169.55715942382812,9
Flickr30K/4197228591.jpg,/content/Image_captioning_Local/Flickr30K/flickr30k_images/flickr30k_images/4197228591.jpg,person,0.773186445236206,258.6581726074219,126.593017578125,277.73614501953125,185.90859985351562,9
Flickr30K/4197228591.jpg,/content/Image_captioning_Local/Flickr30K/flickr30k_images/flickr30k_images/4197228591.jpg,person,0.571670651435852,286.2575988769531,135.2852325439453,292.02276611328125,154.70452880859375,9
Flickr30K/4197228591.jpg,/content/Image_captioning_Local/Flickr30K/flickr30k_images/flickr30k_images/4197228591.jpg,person,0.49961137771606445,290.57745361328125,134.96441650390625,297.6648254394531,154.2368927001953,9
Flickr30K/4197228591.jpg,/content/Image_captioning_Local/Flickr30K/flickr30k_images/flickr30k_images/4197228591.jpg,car,0.44143146276474,337.0358581542969,139.0482177734375,352.2391357421875,157.65750122070312,9
Flickr30K/4198759209.jpg,/content/Image_captioning_Local/Flickr30K/flickr30k_images/flickr30k_images/4198759209.jpg,person,0.8839709162712097,271.58612060546875,188.35325622558594,310.81134033203125,293.20440673828125,5
Flickr30K/4198759209.jpg,/content/Image_captioning_Local/Flickr30K/flickr30k_images/flickr30k_images/4198759209.jpg,person,0.7861164212226868,229.67686462402344,191.8165283203125,261.5733642578125,301.70281982421875,5
Flickr30K/4198759209.jpg,/content/Image_captioning_Local/Flickr30K/flickr30k_images/flickr30k_images/4198759209.jpg,person,0.7383731007575989,196.68826293945312,184.94815063476562,220.22763061523438,244.74697875976562,5
Flickr30K/4198759209.jpg,/content/Image_captioning_Local/Flickr30K/flickr30k_images/flickr30k_images/4198759209.jpg,person,0.648621141910553,175.46119689941406,182.30447387695312,201.77357482910156,239.51783752441406,5
Flickr30K/4198759209.jpg,/content/Image_captioning_Local/Flickr30K/flickr30k_images/flickr30k_images/4198759209.jpg,backpack,0.38014596700668335,215.06614685058594,208.22630310058594,250.73919677734375,248.27099609375,5
Flickr30K/4198759777.jpg,/content/Image_captioning_Local/Flickr30K/flickr30k_images/flickr30k_images/4198759777.jpg,person,0.8982000350952148,24.621009826660156,151.1179962158203,244.63238525390625,372.4187927246094,17
Flickr30K/4198759777.jpg,/content/Image_captioning_Local/Flickr30K/flickr30k_images/flickr30k_images/4198759777.jpg,person,0.8423056602478027,235.73236083984375,145.07107543945312,397.30023193359375,357.2843933105469,17
Flickr30K/4198759777.jpg,/content/Image_captioning_Local/Flickr30K/flickr30k_images/flickr30k_images/4198759777.jpg,person,0.829977810382843,392.3046875,120.93120574951172,499.7427978515625,370.5935974121094,17
Flickr30K/4198759777.jpg,/content/Image_captioning_Local/Flickr30K/flickr30k_images/flickr30k_images/4198759777.jpg,person,0.8242447376251221,181.28614807128906,0.5172967910766602,305.50836181640625,159.89122009277344,17
Flickr30K/4198759777.jpg,/content/Image_captioning_Local/Flickr30K/flickr30k_images/flickr30k_images/4198759777.jpg,person,0.8137853741645813,8.66997241973877,0.16688108444213867,196.68438720703125,276.44537353515625,17
Flickr30K/4198759777.jpg,/content/Image_captioning_Local/Flickr30K/flickr30k_images/flickr30k_images/4198759777.jpg,backpack,0.8012312650680542,282.9752502441406,229.36300659179688,426.957275390625,373.2305603027344,17
Flickr30K/4198759777.jpg,/content/Image_captioning_Local/Flickr30K/flickr30k_images/flickr30k_images/4198759777.jpg,person,0.7129743695259094,302.3978576660156,12.793469429016113,385.3060302734375,148.59982299804688,17
Flickr30K/4198759777.jpg,/content/Image_captioning_Local/Flickr30K/flickr30k_images/flickr30k_images/4198759777.jpg,person,0.6175522804260254,118.5660400390625,1.5033721923828125,199.1719970703125,173.0193634033203,17
Flickr30K/4198759777.jpg,/content/Image_captioning_Local/Flickr30K/flickr30k_images/flickr30k_images/4198759777.jpg,person,0.6141743063926697,326.62567138671875,84.03810119628906,445.9547424316406,274.10760498046875,17
Flickr30K/4198759777.jpg,/content/Image_captioning_Local/Flickr30K/flickr30k_images/flickr30k_images/4198759777.jpg,backpack,0.5874199271202087,21.71882438659668,251.3296661376953,179.13629150390625,373.6309509277344,17
Flickr30K/4198759777.jpg,/content/Image_captioning_Local/Flickr30K/flickr30k_images/flickr30k_images/4198759777.jpg,person,0.5710058808326721,447.7330322265625,32.978843688964844,499.8335876464844,159.7882080078125,17
Flickr30K/4198759777.jpg,/content/Image_captioning_Local/Flickr30K/flickr30k_images/flickr30k_images/4198759777.jpg,person,0.44308483600616455,0.09658932685852051,78.1900405883789,59.3090705871582,368.5585021972656,17
Flickr30K/4198759777.jpg,/content/Image_captioning_Local/Flickr30K/flickr30k_images/flickr30k_images/4198759777.jpg,person,0.3999498784542084,420.9421081542969,4.272472858428955,499.8204345703125,119.3579330444336,17
Flickr30K/4198759777.jpg,/content/Image_captioning_Local/Flickr30K/flickr30k_images/flickr30k_images/4198759777.jpg,person,0.3901597261428833,377.768798828125,4.442107677459717,499.89910888671875,119.58545684814453,17
Flickr30K/4198759777.jpg,/content/Image_captioning_Local/Flickr30K/flickr30k_images/flickr30k_images/4198759777.jpg,backpack,0.32789042592048645,460.0966491699219,253.22608947753906,499.79486083984375,372.9064025878906,17
Flickr30K/4198759777.jpg,/content/Image_captioning_Local/Flickr30K/flickr30k_images/flickr30k_images/4198759777.jpg,backpack,0.3188208043575287,0.08633136749267578,58.68201446533203,78.68955993652344,176.66944885253906,17
Flickr30K/4198759777.jpg,/content/Image_captioning_Local/Flickr30K/flickr30k_images/flickr30k_images/4198759777.jpg,backpack,0.3077268600463867,0.1488804817199707,53.93829345703125,94.93701171875,197.92942810058594,17
Flickr30K/4198839235.jpg,/content/Image_captioning_Local/Flickr30K/flickr30k_images/flickr30k_images/4198839235.jpg,chair,0.9213399887084961,323.4964904785156,46.14725112915039,499.48822021484375,327.5965270996094,3
Flickr30K/4198839235.jpg,/content/Image_captioning_Local/Flickr30K/flickr30k_images/flickr30k_images/4198839235.jpg,person,0.756683886051178,124.04535675048828,29.080904006958008,457.91082763671875,329.98443603515625,3
Flickr30K/4198839235.jpg,/content/Image_captioning_Local/Flickr30K/flickr30k_images/flickr30k_images/4198839235.jpg,chair,0.4430364966392517,0.19301176071166992,81.40972900390625,111.43325805664062,326.7525634765625,3
Flickr30K/4198940125.jpg,/content/Image_captioning_Local/Flickr30K/flickr30k_images/flickr30k_images/4198940125.jpg,person,0.9383859038352966,129.8072509765625,57.4366569519043,318.476318359375,329.4969177246094,2
Flickr30K/4198940125.jpg,/content/Image_captioning_Local/Flickr30K/flickr30k_images/flickr30k_images/4198940125.jpg,tie,0.484970360994339,236.1361541748047,183.48727416992188,268.9282531738281,228.66558837890625,2
Flickr30K/4199552427.jpg,/content/Image_captioning_Local/Flickr30K/flickr30k_images/flickr30k_images/4199552427.jpg,person,0.9164636135101318,89.44772338867188,139.1499481201172,281.2283935546875,496.8458251953125,3
Flickr30K/4199552427.jpg,/content/Image_captioning_Local/Flickr30K/flickr30k_images/flickr30k_images/4199552427.jpg,person,0.795971155166626,260.6114807128906,172.78268432617188,277.81243896484375,218.1152801513672,3
Flickr30K/4199552427.jpg,/content/Image_captioning_Local/Flickr30K/flickr30k_images/flickr30k_images/4199552427.jpg,car,0.39631035923957825,0.263744592666626,80.83763122558594,122.66282653808594,393.7307434082031,3
Flickr30K/4199553000.jpg,/content/Image_captioning_Local/Flickr30K/flickr30k_images/flickr30k_images/4199553000.jpg,person,0.5412077903747559,124.36775970458984,114.8853759765625,149.11355590820312,165.7950439453125,6
Flickr30K/4199553000.jpg,/content/Image_captioning_Local/Flickr30K/flickr30k_images/flickr30k_images/4199553000.jpg,person,0.4902833104133606,154.13494873046875,119.21357727050781,186.3878631591797,188.41043090820312,6
Flickr30K/4199553000.jpg,/content/Image_captioning_Local/Flickr30K/flickr30k_images/flickr30k_images/4199553000.jpg,person,0.4190346598625183,177.52456665039062,113.60176849365234,228.07984924316406,226.99766540527344,6
Flickr30K/4199553000.jpg,/content/Image_captioning_Local/Flickr30K/flickr30k_images/flickr30k_images/4199553000.jpg,person,0.34949493408203125,154.20315551757812,113.576416015625,228.27767944335938,227.56390380859375,6
Flickr30K/4199553000.jpg,/content/Image_captioning_Local/Flickr30K/flickr30k_images/flickr30k_images/4199553000.jpg,backpack,0.28374651074409485,178.75460815429688,113.51687622070312,228.7242889404297,153.35147094726562,6
Flickr30K/4199553000.jpg,/content/Image_captioning_Local/Flickr30K/flickr30k_images/flickr30k_images/4199553000.jpg,backpack,0.25694596767425537,187.56175231933594,113.65992736816406,218.7508087158203,148.82261657714844,6
Flickr30K/4199555.jpg,/content/Image_captioning_Local/Flickr30K/flickr30k_images/flickr30k_images/4199555.jpg,person,0.9194126725196838,131.73269653320312,158.20693969726562,251.87030029296875,329.40460205078125,3
Flickr30K/4199555.jpg,/content/Image_captioning_Local/Flickr30K/flickr30k_images/flickr30k_images/4199555.jpg,bottle,0.6620884537696838,288.85791015625,276.0403747558594,304.1379089355469,325.77630615234375,3
Flickr30K/4199555.jpg,/content/Image_captioning_Local/Flickr30K/flickr30k_images/flickr30k_images/4199555.jpg,banana,0.29859820008277893,187.60743713378906,382.6410217285156,207.31582641601562,404.4775085449219,3
Flickr30K/4199589368.jpg,/content/Image_captioning_Local/Flickr30K/flickr30k_images/flickr30k_images/4199589368.jpg,person,0.9174174070358276,83.35652160644531,148.94155883789062,273.90264892578125,496.091064453125,2
Flickr30K/4199589368.jpg,/content/Image_captioning_Local/Flickr30K/flickr30k_images/flickr30k_images/4199589368.jpg,person,0.8853084444999695,31.90598487854004,1.418447494506836,177.9369354248047,496.90924072265625,2
Flickr30K/419965392.jpg,/content/Image_captioning_Local/Flickr30K/flickr30k_images/flickr30k_images/419965392.jpg,person,0.9260699152946472,65.24656677246094,141.78695678710938,165.73306274414062,267.3474426269531,8
Flickr30K/419965392.jpg,/content/Image_captioning_Local/Flickr30K/flickr30k_images/flickr30k_images/419965392.jpg,person,0.9214062690734863,337.8283996582031,126.74346160888672,438.6181335449219,324.5469970703125,8
Flickr30K/419965392.jpg,/content/Image_captioning_Local/Flickr30K/flickr30k_images/flickr30k_images/419965392.jpg,chair,0.8739017248153687,62.285362243652344,240.6178436279297,117.95421600341797,304.44775390625,8
Flickr30K/419965392.jpg,/content/Image_captioning_Local/Flickr30K/flickr30k_images/flickr30k_images/419965392.jpg,chair,0.8245688676834106,380.2195739746094,244.19039916992188,440.88641357421875,321.15460205078125,8
Flickr30K/419965392.jpg,/content/Image_captioning_Local/Flickr30K/flickr30k_images/flickr30k_images/419965392.jpg,person,0.8216436505317688,256.4325866699219,90.80836486816406,347.8868103027344,199.1272735595703,8
Flickr30K/419965392.jpg,/content/Image_captioning_Local/Flickr30K/flickr30k_images/flickr30k_images/419965392.jpg,car,0.7007768750190735,0.0,123.30231475830078,47.669437408447266,139.5302734375,8
Flickr30K/419965392.jpg,/content/Image_captioning_Local/Flickr30K/flickr30k_images/flickr30k_images/419965392.jpg,car,0.6788111925125122,98.7537841796875,124.1108627319336,179.1454315185547,142.5912628173828,8
Flickr30K/419965392.jpg,/content/Image_captioning_Local/Flickr30K/flickr30k_images/flickr30k_images/419965392.jpg,car,0.2703835070133209,405.19677734375,123.69149017333984,419.3240966796875,130.48875427246094,8
Flickr30K/4199756372.jpg,/content/Image_captioning_Local/Flickr30K/flickr30k_images/flickr30k_images/4199756372.jpg,person,0.9419615864753723,167.17202758789062,29.075468063354492,336.1537780761719,329.5171203613281,15
Flickr30K/4199756372.jpg,/content/Image_captioning_Local/Flickr30K/flickr30k_images/flickr30k_images/4199756372.jpg,person,0.8669033050537109,139.95640563964844,42.1051139831543,205.16616821289062,305.4915466308594,15
Flickr30K/4199756372.jpg,/content/Image_captioning_Local/Flickr30K/flickr30k_images/flickr30k_images/4199756372.jpg,person,0.8592643141746521,343.427490234375,36.79563903808594,376.3059997558594,123.81136322021484,15
Flickr30K/4199756372.jpg,/content/Image_captioning_Local/Flickr30K/flickr30k_images/flickr30k_images/4199756372.jpg,person,0.8562821745872498,43.744266510009766,39.4017448425293,78.31166076660156,134.13522338867188,15
Flickr30K/4199756372.jpg,/content/Image_captioning_Local/Flickr30K/flickr30k_images/flickr30k_images/4199756372.jpg,person,0.8159804344177246,424.351318359375,51.797794342041016,452.8905944824219,124.90501403808594,15
Flickr30K/4199756372.jpg,/content/Image_captioning_Local/Flickr30K/flickr30k_images/flickr30k_images/4199756372.jpg,person,0.8118434548377991,479.8181457519531,43.72594451904297,499.8291015625,120.48799896240234,15
Flickr30K/4199756372.jpg,/content/Image_captioning_Local/Flickr30K/flickr30k_images/flickr30k_images/4199756372.jpg,person,0.8064571022987366,160.5775909423828,30.53165626525879,184.93350219726562,87.9827651977539,15
Flickr30K/4199756372.jpg,/content/Image_captioning_Local/Flickr30K/flickr30k_images/flickr30k_images/4199756372.jpg,person,0.6732079982757568,227.4838409423828,39.8911247253418,261.96630859375,84.11076354980469,15
Flickr30K/4199756372.jpg,/content/Image_captioning_Local/Flickr30K/flickr30k_images/flickr30k_images/4199756372.jpg,car,0.6425586342811584,0.0,46.63858413696289,83.07331085205078,104.21967315673828,15
Flickr30K/4199756372.jpg,/content/Image_captioning_Local/Flickr30K/flickr30k_images/flickr30k_images/4199756372.jpg,car,0.5670667886734009,178.53384399414062,44.01235580444336,232.93104553222656,87.4196548461914,15
Flickr30K/4199756372.jpg,/content/Image_captioning_Local/Flickr30K/flickr30k_images/flickr30k_images/4199756372.jpg,handbag,0.47784972190856934,45.264366149902344,56.3553466796875,64.57701110839844,86.1758804321289,15
Flickr30K/4199756372.jpg,/content/Image_captioning_Local/Flickr30K/flickr30k_images/flickr30k_images/4199756372.jpg,handbag,0.4517979323863983,438.266357421875,76.90360260009766,453.60736083984375,98.87425994873047,15
Flickr30K/4199756372.jpg,/content/Image_captioning_Local/Flickr30K/flickr30k_images/flickr30k_images/4199756372.jpg,dog,0.45016342401504517,457.914794921875,100.68802642822266,487.605712890625,121.0093994140625,15
Flickr30K/4199756372.jpg,/content/Image_captioning_Local/Flickr30K/flickr30k_images/flickr30k_images/4199756372.jpg,stop sign,0.3484379053115845,458.13775634765625,1.2509584426879883,478.1351623535156,24.022483825683594,15
Flickr30K/4199756372.jpg,/content/Image_captioning_Local/Flickr30K/flickr30k_images/flickr30k_images/4199756372.jpg,car,0.25982949137687683,0.11722445487976074,48.12560272216797,54.13957214355469,104.43863677978516,15
Flickr30K/4199835945.jpg,/content/Image_captioning_Local/Flickr30K/flickr30k_images/flickr30k_images/4199835945.jpg,person,0.90400630235672,37.47825622558594,159.55502319335938,137.0654754638672,488.6341552734375,5
Flickr30K/4199835945.jpg,/content/Image_captioning_Local/Flickr30K/flickr30k_images/flickr30k_images/4199835945.jpg,person,0.8803826570510864,103.4500961303711,202.03466796875,216.60194396972656,485.4489440917969,5
Flickr30K/4199835945.jpg,/content/Image_captioning_Local/Flickr30K/flickr30k_images/flickr30k_images/4199835945.jpg,person,0.8705386519432068,290.5525817871094,312.3216552734375,326.2953186035156,422.0408935546875,5
Flickr30K/4199835945.jpg,/content/Image_captioning_Local/Flickr30K/flickr30k_images/flickr30k_images/4199835945.jpg,handbag,0.7201288342475891,189.534423828125,322.2442626953125,233.95648193359375,421.1739501953125,5
Flickr30K/4199835945.jpg,/content/Image_captioning_Local/Flickr30K/flickr30k_images/flickr30k_images/4199835945.jpg,handbag,0.6260998249053955,214.17184448242188,303.1462097167969,239.4897918701172,357.35125732421875,5
Flickr30K/41999070.jpg,/content/Image_captioning_Local/Flickr30K/flickr30k_images/flickr30k_images/41999070.jpg,dog,0.9125088453292847,160.12940979003906,245.93792724609375,332.7271423339844,321.56170654296875,18
Flickr30K/41999070.jpg,/content/Image_captioning_Local/Flickr30K/flickr30k_images/flickr30k_images/41999070.jpg,dog,0.8859689235687256,80.38758850097656,187.0314178466797,152.12159729003906,225.82850646972656,18
Flickr30K/41999070.jpg,/content/Image_captioning_Local/Flickr30K/flickr30k_images/flickr30k_images/41999070.jpg,dog,0.8764273524284363,361.1952209472656,168.0469970703125,407.08984375,196.83737182617188,18
Flickr30K/41999070.jpg,/content/Image_captioning_Local/Flickr30K/flickr30k_images/flickr30k_images/41999070.jpg,dog,0.8691603541374207,41.533660888671875,210.284423828125,189.8395538330078,296.5573425292969,18
Flickr30K/41999070.jpg,/content/Image_captioning_Local/Flickr30K/flickr30k_images/flickr30k_images/41999070.jpg,dog,0.8611595630645752,397.514404296875,242.00643920898438,499.7973937988281,309.3468322753906,18
Flickr30K/41999070.jpg,/content/Image_captioning_Local/Flickr30K/flickr30k_images/flickr30k_images/41999070.jpg,person,0.7289537191390991,199.5590057373047,112.18094635009766,210.18667602539062,135.4073486328125,18
Flickr30K/41999070.jpg,/content/Image_captioning_Local/Flickr30K/flickr30k_images/flickr30k_images/41999070.jpg,person,0.7250674962997437,366.7287292480469,113.19113159179688,380.24298095703125,146.59085083007812,18
Flickr30K/41999070.jpg,/content/Image_captioning_Local/Flickr30K/flickr30k_images/flickr30k_images/41999070.jpg,dog,0.7193362712860107,178.7912139892578,188.2946014404297,247.3898162841797,232.49473571777344,18
Flickr30K/41999070.jpg,/content/Image_captioning_Local/Flickr30K/flickr30k_images/flickr30k_images/41999070.jpg,person,0.6608898639678955,88.44429016113281,110.73258209228516,98.1032943725586,130.06317138671875,18
Flickr30K/41999070.jpg,/content/Image_captioning_Local/Flickr30K/flickr30k_images/flickr30k_images/41999070.jpg,person,0.6530985832214355,215.27247619628906,110.69550323486328,226.7564239501953,132.31829833984375,18
Flickr30K/41999070.jpg,/content/Image_captioning_Local/Flickr30K/flickr30k_images/flickr30k_images/41999070.jpg,person,0.6457573771476746,324.1629638671875,123.1069107055664,334.894287109375,143.58224487304688,18
Flickr30K/41999070.jpg,/content/Image_captioning_Local/Flickr30K/flickr30k_images/flickr30k_images/41999070.jpg,person,0.6424883604049683,299.7205505371094,118.85227966308594,312.76544189453125,142.47427368164062,18
Flickr30K/41999070.jpg,/content/Image_captioning_Local/Flickr30K/flickr30k_images/flickr30k_images/41999070.jpg,person,0.584254264831543,349.5574035644531,123.2718734741211,360.61053466796875,146.6040802001953,18
Flickr30K/41999070.jpg,/content/Image_captioning_Local/Flickr30K/flickr30k_images/flickr30k_images/41999070.jpg,person,0.5375596880912781,161.4057159423828,109.01593017578125,172.66925048828125,132.66583251953125,18
Flickr30K/41999070.jpg,/content/Image_captioning_Local/Flickr30K/flickr30k_images/flickr30k_images/41999070.jpg,person,0.39766380190849304,358.541015625,123.57535552978516,367.7519836425781,146.552490234375,18
Flickr30K/41999070.jpg,/content/Image_captioning_Local/Flickr30K/flickr30k_images/flickr30k_images/41999070.jpg,dog,0.3940412998199463,175.25149536132812,141.44638061523438,231.09912109375,169.71939086914062,18
Flickr30K/41999070.jpg,/content/Image_captioning_Local/Flickr30K/flickr30k_images/flickr30k_images/41999070.jpg,dog,0.2622552216053009,193.6092987060547,141.34071350097656,230.01695251464844,160.33689880371094,18
Flickr30K/41999070.jpg,/content/Image_captioning_Local/Flickr30K/flickr30k_images/flickr30k_images/41999070.jpg,dog,0.2526315450668335,174.15957641601562,146.97567749023438,211.6935272216797,169.3175048828125,18
Flickr30K/4200109001.jpg,/content/Image_captioning_Local/Flickr30K/flickr30k_images/flickr30k_images/4200109001.jpg,potted plant,0.6646531820297241,343.8247375488281,120.28560638427734,381.3084716796875,149.71261596679688,4
Flickr30K/4200109001.jpg,/content/Image_captioning_Local/Flickr30K/flickr30k_images/flickr30k_images/4200109001.jpg,person,0.5615930557250977,206.13784790039062,117.69576263427734,260.5293273925781,218.87612915039062,4
Flickr30K/4200109001.jpg,/content/Image_captioning_Local/Flickr30K/flickr30k_images/flickr30k_images/4200109001.jpg,person,0.3883257508277893,148.36973571777344,133.26268005371094,184.20925903320312,182.21482849121094,4
Flickr30K/4200109001.jpg,/content/Image_captioning_Local/Flickr30K/flickr30k_images/flickr30k_images/4200109001.jpg,person,0.2953418493270874,148.5207061767578,132.806396484375,200.86398315429688,182.93605041503906,4
Flickr30K/4200402256.jpg,/content/Image_captioning_Local/Flickr30K/flickr30k_images/flickr30k_images/4200402256.jpg,person,0.9438177943229675,46.234107971191406,160.47921752929688,189.3140106201172,468.1571960449219,10
Flickr30K/4200402256.jpg,/content/Image_captioning_Local/Flickr30K/flickr30k_images/flickr30k_images/4200402256.jpg,person,0.8122864961624146,132.72799682617188,157.34274291992188,172.41978454589844,233.94300842285156,10
Flickr30K/4200402256.jpg,/content/Image_captioning_Local/Flickr30K/flickr30k_images/flickr30k_images/4200402256.jpg,person,0.7474355697631836,284.88665771484375,171.35302734375,329.4625244140625,246.66188049316406,10
Flickr30K/4200402256.jpg,/content/Image_captioning_Local/Flickr30K/flickr30k_images/flickr30k_images/4200402256.jpg,person,0.736038327217102,36.18080520629883,166.15936279296875,68.93060302734375,230.6481170654297,10
Flickr30K/4200402256.jpg,/content/Image_captioning_Local/Flickr30K/flickr30k_images/flickr30k_images/4200402256.jpg,bicycle,0.5605881214141846,149.87234497070312,340.4820556640625,226.43161010742188,469.46832275390625,10
Flickr30K/4200402256.jpg,/content/Image_captioning_Local/Flickr30K/flickr30k_images/flickr30k_images/4200402256.jpg,motorcycle,0.4877977967262268,19.538951873779297,169.7376251220703,30.142044067382812,188.07325744628906,10
Flickr30K/4200402256.jpg,/content/Image_captioning_Local/Flickr30K/flickr30k_images/flickr30k_images/4200402256.jpg,umbrella,0.4082069396972656,90.4038314819336,124.34334564208984,172.46827697753906,167.5570526123047,10
Flickr30K/4200402256.jpg,/content/Image_captioning_Local/Flickr30K/flickr30k_images/flickr30k_images/4200402256.jpg,motorcycle,0.29106488823890686,4.662299156188965,170.19493103027344,14.016270637512207,185.8969268798828,10
Flickr30K/4200402256.jpg,/content/Image_captioning_Local/Flickr30K/flickr30k_images/flickr30k_images/4200402256.jpg,person,0.28331807255744934,182.0570526123047,168.3694610595703,200.34738159179688,242.1570587158203,10
Flickr30K/4200402256.jpg,/content/Image_captioning_Local/Flickr30K/flickr30k_images/flickr30k_images/4200402256.jpg,person,0.26989445090293884,248.58474731445312,182.32598876953125,283.9979248046875,270.9196472167969,10
Flickr30K/4200405484.jpg,/content/Image_captioning_Local/Flickr30K/flickr30k_images/flickr30k_images/4200405484.jpg,person,0.8724719285964966,199.6745147705078,0.07606148719787598,296.7131042480469,105.04226684570312,8
Flickr30K/4200405484.jpg,/content/Image_captioning_Local/Flickr30K/flickr30k_images/flickr30k_images/4200405484.jpg,person,0.8702936172485352,202.17738342285156,41.001583099365234,297.5556945800781,152.2513427734375,8
Flickr30K/4200405484.jpg,/content/Image_captioning_Local/Flickr30K/flickr30k_images/flickr30k_images/4200405484.jpg,person,0.851142168045044,19.633543014526367,1.2825250625610352,89.62834930419922,77.39360046386719,8
Flickr30K/4200405484.jpg,/content/Image_captioning_Local/Flickr30K/flickr30k_images/flickr30k_images/4200405484.jpg,person,0.8298320770263672,91.45169067382812,0.3212928771972656,153.49249267578125,74.92723083496094,8
Flickr30K/4200405484.jpg,/content/Image_captioning_Local/Flickr30K/flickr30k_images/flickr30k_images/4200405484.jpg,carrot,0.6747055649757385,1.2867987155914307,192.88958740234375,84.53275299072266,240.1781005859375,8
Flickr30K/4200405484.jpg,/content/Image_captioning_Local/Flickr30K/flickr30k_images/flickr30k_images/4200405484.jpg,person,0.44704899191856384,314.25,0.07681846618652344,371.02685546875,39.895103454589844,8
Flickr30K/4200405484.jpg,/content/Image_captioning_Local/Flickr30K/flickr30k_images/flickr30k_images/4200405484.jpg,apple,0.4200228750705719,0.15346407890319824,125.4903335571289,88.8975601196289,174.63316345214844,8
Flickr30K/4200405484.jpg,/content/Image_captioning_Local/Flickr30K/flickr30k_images/flickr30k_images/4200405484.jpg,apple,0.3889450430870056,137.30384826660156,236.31048583984375,256.4560546875,297.2809753417969,8
Flickr30K/4200930361.jpg,/content/Image_captioning_Local/Flickr30K/flickr30k_images/flickr30k_images/4200930361.jpg,person,0.9112136363983154,0.0339508056640625,94.56290435791016,107.76219177246094,238.85861206054688,8
Flickr30K/4200930361.jpg,/content/Image_captioning_Local/Flickr30K/flickr30k_images/flickr30k_images/4200930361.jpg,dining table,0.8973103165626526,0.45992136001586914,148.39535522460938,374.7287292480469,498.0791931152344,8
Flickr30K/4200930361.jpg,/content/Image_captioning_Local/Flickr30K/flickr30k_images/flickr30k_images/4200930361.jpg,bottle,0.8766123652458191,309.761474609375,315.0242919921875,349.8923645019531,425.24957275390625,8
Flickr30K/4200930361.jpg,/content/Image_captioning_Local/Flickr30K/flickr30k_images/flickr30k_images/4200930361.jpg,person,0.7983814477920532,267.726318359375,63.49297332763672,363.8374328613281,259.7486877441406,8
Flickr30K/4200930361.jpg,/content/Image_captioning_Local/Flickr30K/flickr30k_images/flickr30k_images/4200930361.jpg,cup,0.7964755296707153,98.46732330322266,181.0687255859375,116.77362823486328,205.29798889160156,8
Flickr30K/4200930361.jpg,/content/Image_captioning_Local/Flickr30K/flickr30k_images/flickr30k_images/4200930361.jpg,person,0.4849414825439453,0.19304156303405762,264.22833251953125,35.873680114746094,308.017822265625,8
Flickr30K/4200930361.jpg,/content/Image_captioning_Local/Flickr30K/flickr30k_images/flickr30k_images/4200930361.jpg,person,0.4181187152862549,347.8602294921875,125.37312316894531,375.0,348.5301513671875,8
Flickr30K/4200930361.jpg,/content/Image_captioning_Local/Flickr30K/flickr30k_images/flickr30k_images/4200930361.jpg,chair,0.3684838116168976,180.82180786132812,130.41232299804688,240.68666076660156,158.68453979492188,8
Flickr30K/4201060050.jpg,/content/Image_captioning_Local/Flickr30K/flickr30k_images/flickr30k_images/4201060050.jpg,person,0.767716109752655,172.0426025390625,231.41517639160156,196.0299072265625,268.83782958984375,5
Flickr30K/4201060050.jpg,/content/Image_captioning_Local/Flickr30K/flickr30k_images/flickr30k_images/4201060050.jpg,person,0.7146906852722168,104.84580993652344,256.5548400878906,164.2594757080078,294.8587951660156,5
Flickr30K/4201060050.jpg,/content/Image_captioning_Local/Flickr30K/flickr30k_images/flickr30k_images/4201060050.jpg,person,0.6867066621780396,214.09054565429688,252.9103240966797,260.0469970703125,279.507080078125,5
Flickr30K/4201060050.jpg,/content/Image_captioning_Local/Flickr30K/flickr30k_images/flickr30k_images/4201060050.jpg,car,0.5262065529823303,298.6351013183594,229.62704467773438,332.0,290.82928466796875,5
Flickr30K/4201060050.jpg,/content/Image_captioning_Local/Flickr30K/flickr30k_images/flickr30k_images/4201060050.jpg,person,0.34955593943595886,151.1674346923828,252.15377807617188,174.08509826660156,269.52081298828125,5
Flickr30K/4201328764.jpg,/content/Image_captioning_Local/Flickr30K/flickr30k_images/flickr30k_images/4201328764.jpg,person,0.9234274625778198,101.09505462646484,63.18352127075195,255.68942260742188,369.3337097167969,23
Flickr30K/4201328764.jpg,/content/Image_captioning_Local/Flickr30K/flickr30k_images/flickr30k_images/4201328764.jpg,person,0.9232099652290344,205.66143798828125,3.1829833984375,359.7079772949219,428.3042907714844,23
Flickr30K/4201328764.jpg,/content/Image_captioning_Local/Flickr30K/flickr30k_images/flickr30k_images/4201328764.jpg,cup,0.9182356595993042,302.1184387207031,401.6671142578125,346.8885498046875,470.2023620605469,23
Flickr30K/4201328764.jpg,/content/Image_captioning_Local/Flickr30K/flickr30k_images/flickr30k_images/4201328764.jpg,cup,0.8757519125938416,1.7738819122314453,330.21282958984375,35.48061752319336,381.2151794433594,23
Flickr30K/4201328764.jpg,/content/Image_captioning_Local/Flickr30K/flickr30k_images/flickr30k_images/4201328764.jpg,cup,0.8699859380722046,85.12418365478516,398.323974609375,174.00767517089844,499.5798034667969,23
Flickr30K/4201328764.jpg,/content/Image_captioning_Local/Flickr30K/flickr30k_images/flickr30k_images/4201328764.jpg,cup,0.8586809635162354,26.73599624633789,361.4940185546875,67.74215698242188,423.3673095703125,23
Flickr30K/4201328764.jpg,/content/Image_captioning_Local/Flickr30K/flickr30k_images/flickr30k_images/4201328764.jpg,cup,0.8516008257865906,185.96334838867188,333.84271240234375,269.2015686035156,452.71649169921875,23
Flickr30K/4201328764.jpg,/content/Image_captioning_Local/Flickr30K/flickr30k_images/flickr30k_images/4201328764.jpg,cup,0.8485920429229736,108.32185363769531,344.6547546386719,146.74745178222656,400.5683898925781,23
Flickr30K/4201328764.jpg,/content/Image_captioning_Local/Flickr30K/flickr30k_images/flickr30k_images/4201328764.jpg,person,0.8382514715194702,0.0,75.4942626953125,34.89098358154297,339.99908447265625,23
Flickr30K/4201328764.jpg,/content/Image_captioning_Local/Flickr30K/flickr30k_images/flickr30k_images/4201328764.jpg,person,0.821762204170227,19.13958168029785,87.81875610351562,84.6486587524414,283.48590087890625,23
Flickr30K/4201328764.jpg,/content/Image_captioning_Local/Flickr30K/flickr30k_images/flickr30k_images/4201328764.jpg,chair,0.8145200610160828,25.527727127075195,167.0609893798828,74.48516845703125,315.82598876953125,23
Flickr30K/4201328764.jpg,/content/Image_captioning_Local/Flickr30K/flickr30k_images/flickr30k_images/4201328764.jpg,cup,0.6836082339286804,28.920387268066406,313.5475769042969,63.635658264160156,347.81353759765625,23
Flickr30K/4201328764.jpg,/content/Image_captioning_Local/Flickr30K/flickr30k_images/flickr30k_images/4201328764.jpg,tv,0.6369284987449646,117.80586242675781,0.0780344009399414,227.73623657226562,66.11198425292969,23
Flickr30K/4201328764.jpg,/content/Image_captioning_Local/Flickr30K/flickr30k_images/flickr30k_images/4201328764.jpg,cup,0.586365818977356,70.48096466064453,354.1657409667969,109.09529113769531,413.3390808105469,23
Flickr30K/4201328764.jpg,/content/Image_captioning_Local/Flickr30K/flickr30k_images/flickr30k_images/4201328764.jpg,cup,0.5801553130149841,0.0,436.1935729980469,17.03428077697754,499.71551513671875,23
Flickr30K/4201328764.jpg,/content/Image_captioning_Local/Flickr30K/flickr30k_images/flickr30k_images/4201328764.jpg,cup,0.575469434261322,162.45790100097656,412.92742919921875,207.28945922851562,488.1368713378906,23
Flickr30K/4201328764.jpg,/content/Image_captioning_Local/Flickr30K/flickr30k_images/flickr30k_images/4201328764.jpg,cup,0.5442606806755066,33.4157829284668,343.0682678222656,77.95230102539062,395.4902648925781,23
Flickr30K/4201328764.jpg,/content/Image_captioning_Local/Flickr30K/flickr30k_images/flickr30k_images/4201328764.jpg,chair,0.5388955473899841,75.79460144042969,157.68276977539062,114.40573120117188,262.2325744628906,23
Flickr30K/4201328764.jpg,/content/Image_captioning_Local/Flickr30K/flickr30k_images/flickr30k_images/4201328764.jpg,cup,0.5040034651756287,46.003902435302734,328.0833740234375,83.46034240722656,345.8997802734375,23
Flickr30K/4201328764.jpg,/content/Image_captioning_Local/Flickr30K/flickr30k_images/flickr30k_images/4201328764.jpg,dining table,0.3990287780761719,1.4391541481018066,330.3324279785156,373.4298095703125,499.540771484375,23
Flickr30K/4201328764.jpg,/content/Image_captioning_Local/Flickr30K/flickr30k_images/flickr30k_images/4201328764.jpg,cup,0.2834436595439911,34.69406509399414,343.56573486328125,77.80672454833984,377.5162658691406,23
Flickr30K/4201328764.jpg,/content/Image_captioning_Local/Flickr30K/flickr30k_images/flickr30k_images/4201328764.jpg,cup,0.27534812688827515,70.30284118652344,338.8196105957031,113.12892150878906,411.05328369140625,23
Flickr30K/4201328764.jpg,/content/Image_captioning_Local/Flickr30K/flickr30k_images/flickr30k_images/4201328764.jpg,cup,0.264933317899704,80.12826538085938,339.466796875,114.1275405883789,394.755615234375,23
Flickr30K/4201333762.jpg,/content/Image_captioning_Local/Flickr30K/flickr30k_images/flickr30k_images/4201333762.jpg,cup,0.9255061149597168,13.296233177185059,276.1137390136719,58.97418212890625,342.2551574707031,8
Flickr30K/4201333762.jpg,/content/Image_captioning_Local/Flickr30K/flickr30k_images/flickr30k_images/4201333762.jpg,person,0.8929747939109802,0.5058765411376953,63.615081787109375,257.24395751953125,369.6976318359375,8
Flickr30K/4201333762.jpg,/content/Image_captioning_Local/Flickr30K/flickr30k_images/flickr30k_images/4201333762.jpg,person,0.8698974251747131,184.1514129638672,31.183385848999023,358.62823486328125,371.66558837890625,8
Flickr30K/4201333762.jpg,/content/Image_captioning_Local/Flickr30K/flickr30k_images/flickr30k_images/4201333762.jpg,person,0.8042526245117188,319.6351623535156,99.69230651855469,499.740966796875,369.3033752441406,8
Flickr30K/4201333762.jpg,/content/Image_captioning_Local/Flickr30K/flickr30k_images/flickr30k_images/4201333762.jpg,person,0.5907326340675354,465.0099182128906,124.61817169189453,499.7962341308594,213.2031707763672,8
Flickr30K/4201333762.jpg,/content/Image_captioning_Local/Flickr30K/flickr30k_images/flickr30k_images/4201333762.jpg,person,0.5501851439476013,330.156982421875,134.51463317871094,355.9717102050781,154.43438720703125,8
Flickr30K/4201333762.jpg,/content/Image_captioning_Local/Flickr30K/flickr30k_images/flickr30k_images/4201333762.jpg,tv,0.5390403270721436,486.4088134765625,77.82144165039062,499.802978515625,111.7136001586914,8
Flickr30K/4201333762.jpg,/content/Image_captioning_Local/Flickr30K/flickr30k_images/flickr30k_images/4201333762.jpg,person,0.2845567762851715,138.53756713867188,97.12214660644531,168.10743713378906,151.47097778320312,8
Flickr30K/4201682728.jpg,/content/Image_captioning_Local/Flickr30K/flickr30k_images/flickr30k_images/4201682728.jpg,person,0.9171969294548035,330.13714599609375,238.4219207763672,435.3655700683594,373.6424560546875,23
Flickr30K/4201682728.jpg,/content/Image_captioning_Local/Flickr30K/flickr30k_images/flickr30k_images/4201682728.jpg,person,0.9023540616035461,206.38504028320312,254.36329650878906,321.98114013671875,373.0166015625,23
Flickr30K/4201682728.jpg,/content/Image_captioning_Local/Flickr30K/flickr30k_images/flickr30k_images/4201682728.jpg,person,0.8088688850402832,439.3416442871094,200.0260772705078,479.6296081542969,245.02987670898438,23
Flickr30K/4201682728.jpg,/content/Image_captioning_Local/Flickr30K/flickr30k_images/flickr30k_images/4201682728.jpg,tv,0.7888007164001465,296.5741271972656,260.298583984375,372.8577575683594,312.46343994140625,23
Flickr30K/4201682728.jpg,/content/Image_captioning_Local/Flickr30K/flickr30k_images/flickr30k_images/4201682728.jpg,bottle,0.7462249398231506,64.54328155517578,320.0293273925781,78.60828399658203,360.1269836425781,23
Flickr30K/4201682728.jpg,/content/Image_captioning_Local/Flickr30K/flickr30k_images/flickr30k_images/4201682728.jpg,chair,0.7389208674430847,393.5921630859375,338.6054992675781,443.3908386230469,374.6124267578125,23
Flickr30K/4201682728.jpg,/content/Image_captioning_Local/Flickr30K/flickr30k_images/flickr30k_images/4201682728.jpg,tv,0.5552765130996704,483.6351318359375,266.402587890625,499.7999267578125,318.43548583984375,23
Flickr30K/4201682728.jpg,/content/Image_captioning_Local/Flickr30K/flickr30k_images/flickr30k_images/4201682728.jpg,tv,0.529367208480835,214.8398895263672,260.73016357421875,250.8314666748047,316.6063232421875,23
Flickr30K/4201682728.jpg,/content/Image_captioning_Local/Flickr30K/flickr30k_images/flickr30k_images/4201682728.jpg,bottle,0.5170519948005676,109.42144775390625,311.29449462890625,122.45492553710938,333.1020812988281,23
Flickr30K/4201682728.jpg,/content/Image_captioning_Local/Flickr30K/flickr30k_images/flickr30k_images/4201682728.jpg,tv,0.5145637392997742,0.08566975593566895,284.7338562011719,83.05467987060547,346.9853515625,23
Flickr30K/4201682728.jpg,/content/Image_captioning_Local/Flickr30K/flickr30k_images/flickr30k_images/4201682728.jpg,person,0.4730355441570282,130.5626678466797,220.76258850097656,140.79000854492188,238.1539764404297,23
Flickr30K/4201682728.jpg,/content/Image_captioning_Local/Flickr30K/flickr30k_images/flickr30k_images/4201682728.jpg,person,0.46534547209739685,298.898681640625,226.81942749023438,318.4322509765625,243.6409912109375,23
Flickr30K/4201682728.jpg,/content/Image_captioning_Local/Flickr30K/flickr30k_images/flickr30k_images/4201682728.jpg,person,0.413456529378891,231.0840606689453,245.58282470703125,253.11570739746094,261.84173583984375,23
Flickr30K/4201682728.jpg,/content/Image_captioning_Local/Flickr30K/flickr30k_images/flickr30k_images/4201682728.jpg,tv,0.40358200669288635,143.95899963378906,277.3649597167969,216.33511352539062,345.5138244628906,23
Flickr30K/4201682728.jpg,/content/Image_captioning_Local/Flickr30K/flickr30k_images/flickr30k_images/4201682728.jpg,laptop,0.3808419108390808,483.24395751953125,266.79840087890625,499.8000183105469,319.5528869628906,23
Flickr30K/4201682728.jpg,/content/Image_captioning_Local/Flickr30K/flickr30k_images/flickr30k_images/4201682728.jpg,chair,0.3734620213508606,207.93051147460938,366.3785095214844,246.25315856933594,374.8106994628906,23
Flickr30K/4201682728.jpg,/content/Image_captioning_Local/Flickr30K/flickr30k_images/flickr30k_images/4201682728.jpg,person,0.3368052542209625,94.27497100830078,238.30604553222656,124.49853515625,261.486328125,23
Flickr30K/4201682728.jpg,/content/Image_captioning_Local/Flickr30K/flickr30k_images/flickr30k_images/4201682728.jpg,keyboard,0.327139288187027,174.37533569335938,326.3110046386719,219.1885528564453,354.4018859863281,23
Flickr30K/4201682728.jpg,/content/Image_captioning_Local/Flickr30K/flickr30k_images/flickr30k_images/4201682728.jpg,tv,0.3146231770515442,86.41432189941406,249.4784393310547,101.81690216064453,266.84454345703125,23
Flickr30K/4201682728.jpg,/content/Image_captioning_Local/Flickr30K/flickr30k_images/flickr30k_images/4201682728.jpg,tv,0.28014111518859863,46.80523681640625,247.18785095214844,71.61263275146484,269.6409606933594,23
Flickr30K/4201682728.jpg,/content/Image_captioning_Local/Flickr30K/flickr30k_images/flickr30k_images/4201682728.jpg,person,0.2747724652290344,201.30966186523438,226.13258361816406,213.66098022460938,235.58102416992188,23
Flickr30K/4201682728.jpg,/content/Image_captioning_Local/Flickr30K/flickr30k_images/flickr30k_images/4201682728.jpg,person,0.25981977581977844,186.32350158691406,219.45814514160156,201.47129821777344,237.09793090820312,23
Flickr30K/4201682728.jpg,/content/Image_captioning_Local/Flickr30K/flickr30k_images/flickr30k_images/4201682728.jpg,tv,0.2572118937969208,222.21578979492188,235.9353485107422,234.7015838623047,248.9124298095703,23
Flickr30K/4201783749.jpg,/content/Image_captioning_Local/Flickr30K/flickr30k_images/flickr30k_images/4201783749.jpg,person,0.9519227743148804,368.8773193359375,61.513092041015625,499.700439453125,318.2994384765625,9
Flickr30K/4201783749.jpg,/content/Image_captioning_Local/Flickr30K/flickr30k_images/flickr30k_images/4201783749.jpg,person,0.9178920388221741,18.395626068115234,68.72085571289062,195.24635314941406,354.47174072265625,9
Flickr30K/4201783749.jpg,/content/Image_captioning_Local/Flickr30K/flickr30k_images/flickr30k_images/4201783749.jpg,person,0.8566814661026001,0.16600489616394043,170.86338806152344,53.2465705871582,371.47027587890625,9
Flickr30K/4201783749.jpg,/content/Image_captioning_Local/Flickr30K/flickr30k_images/flickr30k_images/4201783749.jpg,truck,0.6797330379486084,117.4226303100586,86.13884735107422,172.66278076171875,129.2256317138672,9
Flickr30K/4201783749.jpg,/content/Image_captioning_Local/Flickr30K/flickr30k_images/flickr30k_images/4201783749.jpg,car,0.5317417979240417,207.42662048339844,88.23077392578125,238.44525146484375,112.1745834350586,9
Flickr30K/4201783749.jpg,/content/Image_captioning_Local/Flickr30K/flickr30k_images/flickr30k_images/4201783749.jpg,car,0.4802877604961395,47.23322677612305,93.4244155883789,82.59761047363281,115.40031433105469,9
Flickr30K/4201783749.jpg,/content/Image_captioning_Local/Flickr30K/flickr30k_images/flickr30k_images/4201783749.jpg,car,0.4426901340484619,0.0,93.02117919921875,27.32904815673828,115.17293548583984,9
Flickr30K/4201783749.jpg,/content/Image_captioning_Local/Flickr30K/flickr30k_images/flickr30k_images/4201783749.jpg,sheep,0.4258365035057068,119.22525024414062,155.44223022460938,366.6184997558594,368.6027526855469,9
Flickr30K/4201783749.jpg,/content/Image_captioning_Local/Flickr30K/flickr30k_images/flickr30k_images/4201783749.jpg,car,0.4250430166721344,117.52005004882812,86.35692596435547,172.31224060058594,129.11109924316406,9
Flickr30K/4201813513.jpg,/content/Image_captioning_Local/Flickr30K/flickr30k_images/flickr30k_images/4201813513.jpg,person,0.9188881516456604,103.7984619140625,86.20963287353516,274.3893737792969,281.1258850097656,2
Flickr30K/4201813513.jpg,/content/Image_captioning_Local/Flickr30K/flickr30k_images/flickr30k_images/4201813513.jpg,skis,0.4514795243740082,256.0096435546875,260.99395751953125,361.50738525390625,311.9391784667969,2
Flickr30K/4201834761.jpg,/content/Image_captioning_Local/Flickr30K/flickr30k_images/flickr30k_images/4201834761.jpg,person,0.91448575258255,146.2227783203125,65.69042205810547,335.2464599609375,498.84442138671875,11
Flickr30K/4201834761.jpg,/content/Image_captioning_Local/Flickr30K/flickr30k_images/flickr30k_images/4201834761.jpg,cup,0.9133287072181702,250.74734497070312,242.8630828857422,286.193603515625,303.6188049316406,11
Flickr30K/4201834761.jpg,/content/Image_captioning_Local/Flickr30K/flickr30k_images/flickr30k_images/4201834761.jpg,person,0.9022824168205261,364.09674072265625,148.38156127929688,457.9366760253906,380.92352294921875,11
Flickr30K/4201834761.jpg,/content/Image_captioning_Local/Flickr30K/flickr30k_images/flickr30k_images/4201834761.jpg,person,0.8860223293304443,429.2235412597656,69.35553741455078,495.2084655761719,293.8252868652344,11
Flickr30K/4201834761.jpg,/content/Image_captioning_Local/Flickr30K/flickr30k_images/flickr30k_images/4201834761.jpg,cup,0.8271024823188782,146.10928344726562,219.89178466796875,178.77842712402344,291.02734375,11
Flickr30K/4201834761.jpg,/content/Image_captioning_Local/Flickr30K/flickr30k_images/flickr30k_images/4201834761.jpg,person,0.8113092184066772,277.4873352050781,70.91543579101562,338.6445617675781,202.6298065185547,11
Flickr30K/4201834761.jpg,/content/Image_captioning_Local/Flickr30K/flickr30k_images/flickr30k_images/4201834761.jpg,person,0.8019987940788269,321.08148193359375,169.4031524658203,369.5626525878906,340.68792724609375,11
Flickr30K/4201834761.jpg,/content/Image_captioning_Local/Flickr30K/flickr30k_images/flickr30k_images/4201834761.jpg,person,0.7065626978874207,391.7653503417969,75.66985321044922,439.3322448730469,154.39419555664062,11
Flickr30K/4201834761.jpg,/content/Image_captioning_Local/Flickr30K/flickr30k_images/flickr30k_images/4201834761.jpg,person,0.6530026793479919,365.7288513183594,116.60270690917969,413.8594970703125,207.16552734375,11
Flickr30K/4201834761.jpg,/content/Image_captioning_Local/Flickr30K/flickr30k_images/flickr30k_images/4201834761.jpg,person,0.3913114666938782,483.53643798828125,75.33797454833984,499.80859375,260.9378356933594,11
Flickr30K/4201834761.jpg,/content/Image_captioning_Local/Flickr30K/flickr30k_images/flickr30k_images/4201834761.jpg,person,0.3603267967700958,334.7527160644531,110.4878921508789,360.0378723144531,170.94161987304688,11
Flickr30K/42018548.jpg,/content/Image_captioning_Local/Flickr30K/flickr30k_images/flickr30k_images/42018548.jpg,kite,0.9584686756134033,36.92304992675781,90.461669921875,163.98873901367188,242.47537231445312,14
Flickr30K/42018548.jpg,/content/Image_captioning_Local/Flickr30K/flickr30k_images/flickr30k_images/42018548.jpg,kite,0.8996371626853943,174.4300537109375,78.53289794921875,388.9935607910156,267.1928405761719,14
Flickr30K/42018548.jpg,/content/Image_captioning_Local/Flickr30K/flickr30k_images/flickr30k_images/42018548.jpg,kite,0.887942373752594,388.1268615722656,155.19349670410156,499.8327331542969,249.61627197265625,14
Flickr30K/42018548.jpg,/content/Image_captioning_Local/Flickr30K/flickr30k_images/flickr30k_images/42018548.jpg,person,0.639736533164978,56.372406005859375,251.50823974609375,78.06248474121094,313.7119140625,14
Flickr30K/42018548.jpg,/content/Image_captioning_Local/Flickr30K/flickr30k_images/flickr30k_images/42018548.jpg,person,0.6096747517585754,71.93230438232422,252.29539489746094,93.13577270507812,314.2958068847656,14
Flickr30K/42018548.jpg,/content/Image_captioning_Local/Flickr30K/flickr30k_images/flickr30k_images/42018548.jpg,person,0.5960742831230164,174.63243103027344,254.8756103515625,189.3035125732422,309.2135925292969,14
Flickr30K/42018548.jpg,/content/Image_captioning_Local/Flickr30K/flickr30k_images/flickr30k_images/42018548.jpg,person,0.5512344837188721,0.0,265.2013244628906,27.41533851623535,356.81939697265625,14
Flickr30K/42018548.jpg,/content/Image_captioning_Local/Flickr30K/flickr30k_images/flickr30k_images/42018548.jpg,person,0.509344220161438,308.86614990234375,262.76513671875,320.13653564453125,297.1975402832031,14
Flickr30K/42018548.jpg,/content/Image_captioning_Local/Flickr30K/flickr30k_images/flickr30k_images/42018548.jpg,person,0.3680689036846161,376.1186218261719,259.77081298828125,389.2421569824219,293.25262451171875,14
Flickr30K/42018548.jpg,/content/Image_captioning_Local/Flickr30K/flickr30k_images/flickr30k_images/42018548.jpg,person,0.35176825523376465,164.45953369140625,263.60931396484375,177.10926818847656,294.6494140625,14
Flickr30K/42018548.jpg,/content/Image_captioning_Local/Flickr30K/flickr30k_images/flickr30k_images/42018548.jpg,person,0.31633254885673523,204.80499267578125,274.686279296875,222.861572265625,309.3707580566406,14
Flickr30K/42018548.jpg,/content/Image_captioning_Local/Flickr30K/flickr30k_images/flickr30k_images/42018548.jpg,car,0.3089815676212311,0.28755366802215576,245.89427185058594,42.15156936645508,300.7729187011719,14
Flickr30K/42018548.jpg,/content/Image_captioning_Local/Flickr30K/flickr30k_images/flickr30k_images/42018548.jpg,person,0.30346885323524475,188.87171936035156,262.63153076171875,201.13172912597656,296.3688049316406,14
Flickr30K/42018548.jpg,/content/Image_captioning_Local/Flickr30K/flickr30k_images/flickr30k_images/42018548.jpg,person,0.25140658020973206,258.7411193847656,270.2982482910156,274.6201171875,296.34417724609375,14
Flickr30K/4202061400.jpg,/content/Image_captioning_Local/Flickr30K/flickr30k_images/flickr30k_images/4202061400.jpg,person,0.9205318689346313,20.21021842956543,48.41351318359375,245.46337890625,499.497802734375,1
Flickr30K/4202073868.jpg,/content/Image_captioning_Local/Flickr30K/flickr30k_images/flickr30k_images/4202073868.jpg,person,0.8796164393424988,0.0,27.746868133544922,276.9447021484375,496.140869140625,1
Flickr30K/4202255358.jpg,/content/Image_captioning_Local/Flickr30K/flickr30k_images/flickr30k_images/4202255358.jpg,bus,0.8818199038505554,118.94178771972656,76.47594451904297,271.9339904785156,269.934326171875,31
Flickr30K/4202255358.jpg,/content/Image_captioning_Local/Flickr30K/flickr30k_images/flickr30k_images/4202255358.jpg,person,0.8419665694236755,424.602783203125,172.8343963623047,466.0736999511719,308.4311828613281,31
Flickr30K/4202255358.jpg,/content/Image_captioning_Local/Flickr30K/flickr30k_images/flickr30k_images/4202255358.jpg,person,0.8308419585227966,91.55806732177734,164.6419219970703,137.5027618408203,299.3072204589844,31
Flickr30K/4202255358.jpg,/content/Image_captioning_Local/Flickr30K/flickr30k_images/flickr30k_images/4202255358.jpg,person,0.7981776595115662,349.8053894042969,171.11244201660156,386.75140380859375,270.9537048339844,31
Flickr30K/4202255358.jpg,/content/Image_captioning_Local/Flickr30K/flickr30k_images/flickr30k_images/4202255358.jpg,person,0.7779830694198608,300.3262023925781,176.39981079101562,334.6044006347656,267.70953369140625,31
Flickr30K/4202255358.jpg,/content/Image_captioning_Local/Flickr30K/flickr30k_images/flickr30k_images/4202255358.jpg,person,0.7670042514801025,220.67112731933594,175.76205444335938,255.9425811767578,310.2593688964844,31
Flickr30K/4202255358.jpg,/content/Image_captioning_Local/Flickr30K/flickr30k_images/flickr30k_images/4202255358.jpg,person,0.7530038356781006,268.1401672363281,179.1842041015625,288.05108642578125,254.78286743164062,31
Flickr30K/4202255358.jpg,/content/Image_captioning_Local/Flickr30K/flickr30k_images/flickr30k_images/4202255358.jpg,person,0.733214795589447,384.14764404296875,181.21099853515625,405.2568359375,243.0663604736328,31
Flickr30K/4202255358.jpg,/content/Image_captioning_Local/Flickr30K/flickr30k_images/flickr30k_images/4202255358.jpg,person,0.7233952879905701,16.885774612426758,152.32577514648438,60.70904541015625,291.16607666015625,31
Flickr30K/4202255358.jpg,/content/Image_captioning_Local/Flickr30K/flickr30k_images/flickr30k_images/4202255358.jpg,handbag,0.7108666896820068,33.30112075805664,180.87673950195312,63.44472122192383,243.12062072753906,31
Flickr30K/4202255358.jpg,/content/Image_captioning_Local/Flickr30K/flickr30k_images/flickr30k_images/4202255358.jpg,person,0.655939519405365,337.8043212890625,178.46322631835938,357.6432189941406,264.52947998046875,31
Flickr30K/4202255358.jpg,/content/Image_captioning_Local/Flickr30K/flickr30k_images/flickr30k_images/4202255358.jpg,person,0.60954350233078,404.6361999511719,167.43563842773438,439.0432434082031,288.3680419921875,31
Flickr30K/4202255358.jpg,/content/Image_captioning_Local/Flickr30K/flickr30k_images/flickr30k_images/4202255358.jpg,person,0.6044755578041077,466.5005798339844,195.5343780517578,499.7710266113281,373.2567443847656,31
Flickr30K/4202255358.jpg,/content/Image_captioning_Local/Flickr30K/flickr30k_images/flickr30k_images/4202255358.jpg,backpack,0.5850863456726074,239.83497619628906,195.5121307373047,268.7422790527344,240.41221618652344,31
Flickr30K/4202255358.jpg,/content/Image_captioning_Local/Flickr30K/flickr30k_images/flickr30k_images/4202255358.jpg,bus,0.5581948757171631,402.0537414550781,152.48583984375,463.82342529296875,207.32049560546875,31
Flickr30K/4202255358.jpg,/content/Image_captioning_Local/Flickr30K/flickr30k_images/flickr30k_images/4202255358.jpg,person,0.5415783524513245,55.4886474609375,170.25074768066406,88.32196044921875,283.77386474609375,31
Flickr30K/4202255358.jpg,/content/Image_captioning_Local/Flickr30K/flickr30k_images/flickr30k_images/4202255358.jpg,handbag,0.5233849287033081,403.04351806640625,202.0233612060547,421.9127197265625,243.5374755859375,31
Flickr30K/4202255358.jpg,/content/Image_captioning_Local/Flickr30K/flickr30k_images/flickr30k_images/4202255358.jpg,handbag,0.49825191497802734,33.70159149169922,181.70018005371094,63.78282165527344,267.4336853027344,31
Flickr30K/4202255358.jpg,/content/Image_captioning_Local/Flickr30K/flickr30k_images/flickr30k_images/4202255358.jpg,person,0.493411660194397,182.33395385742188,152.9269256591797,214.90301513671875,181.1201171875,31
Flickr30K/4202255358.jpg,/content/Image_captioning_Local/Flickr30K/flickr30k_images/flickr30k_images/4202255358.jpg,person,0.47425058484077454,78.34639739990234,152.76126098632812,112.46346282958984,283.40216064453125,31
Flickr30K/4202255358.jpg,/content/Image_captioning_Local/Flickr30K/flickr30k_images/flickr30k_images/4202255358.jpg,person,0.45776015520095825,289.8560485839844,175.96278381347656,312.0480651855469,259.30523681640625,31
Flickr30K/4202255358.jpg,/content/Image_captioning_Local/Flickr30K/flickr30k_images/flickr30k_images/4202255358.jpg,backpack,0.42551594972610474,322.14459228515625,191.35313415527344,340.181640625,228.22218322753906,31
Flickr30K/4202255358.jpg,/content/Image_captioning_Local/Flickr30K/flickr30k_images/flickr30k_images/4202255358.jpg,handbag,0.3862541913986206,6.648784637451172,225.4241485595703,27.861255645751953,260.1637268066406,31
Flickr30K/4202255358.jpg,/content/Image_captioning_Local/Flickr30K/flickr30k_images/flickr30k_images/4202255358.jpg,handbag,0.367771714925766,436.8331298828125,194.1914520263672,465.71173095703125,239.35289001464844,31
Flickr30K/4202255358.jpg,/content/Image_captioning_Local/Flickr30K/flickr30k_images/flickr30k_images/4202255358.jpg,person,0.34043988585472107,0.0,167.728759765625,20.069181442260742,364.347412109375,31
Flickr30K/4202255358.jpg,/content/Image_captioning_Local/Flickr30K/flickr30k_images/flickr30k_images/4202255358.jpg,handbag,0.31662610173225403,247.08078002929688,237.3160400390625,271.1323547363281,268.2010498046875,31
Flickr30K/4202255358.jpg,/content/Image_captioning_Local/Flickr30K/flickr30k_images/flickr30k_images/4202255358.jpg,person,0.3165920674800873,473.3686828613281,190.09230041503906,493.32623291015625,232.6875457763672,31
Flickr30K/4202255358.jpg,/content/Image_captioning_Local/Flickr30K/flickr30k_images/flickr30k_images/4202255358.jpg,person,0.30567991733551025,7.421079158782959,155.15628051757812,29.362987518310547,187.53610229492188,31
Flickr30K/4202255358.jpg,/content/Image_captioning_Local/Flickr30K/flickr30k_images/flickr30k_images/4202255358.jpg,bus,0.2932949364185333,461.7845458984375,180.0465087890625,482.80792236328125,207.3203125,31
Flickr30K/4202255358.jpg,/content/Image_captioning_Local/Flickr30K/flickr30k_images/flickr30k_images/4202255358.jpg,car,0.27998727560043335,462.5083312988281,180.42010498046875,482.9945983886719,207.27615356445312,31
Flickr30K/4202255358.jpg,/content/Image_captioning_Local/Flickr30K/flickr30k_images/flickr30k_images/4202255358.jpg,handbag,0.26109811663627625,79.7306900024414,186.43045043945312,100.21232604980469,242.62551879882812,31
Flickr30K/4202372092.jpg,/content/Image_captioning_Local/Flickr30K/flickr30k_images/flickr30k_images/4202372092.jpg,person,0.9304001927375793,209.3111572265625,156.38232421875,324.9115905761719,353.4364318847656,18
Flickr30K/4202372092.jpg,/content/Image_captioning_Local/Flickr30K/flickr30k_images/flickr30k_images/4202372092.jpg,person,0.9139735102653503,143.8515625,152.46205139160156,227.45556640625,359.3746643066406,18
Flickr30K/4202372092.jpg,/content/Image_captioning_Local/Flickr30K/flickr30k_images/flickr30k_images/4202372092.jpg,person,0.8994531631469727,317.39324951171875,168.2137908935547,398.638671875,357.6637878417969,18
Flickr30K/4202372092.jpg,/content/Image_captioning_Local/Flickr30K/flickr30k_images/flickr30k_images/4202372092.jpg,person,0.8816046118736267,377.8210754394531,175.53663635253906,474.17620849609375,349.1523742675781,18
Flickr30K/4202372092.jpg,/content/Image_captioning_Local/Flickr30K/flickr30k_images/flickr30k_images/4202372092.jpg,person,0.8734251856803894,92.22892761230469,152.3465576171875,157.86195373535156,337.35955810546875,18
Flickr30K/4202372092.jpg,/content/Image_captioning_Local/Flickr30K/flickr30k_images/flickr30k_images/4202372092.jpg,person,0.8542212247848511,373.0435485839844,214.1029815673828,499.855712890625,373.55108642578125,18
Flickr30K/4202372092.jpg,/content/Image_captioning_Local/Flickr30K/flickr30k_images/flickr30k_images/4202372092.jpg,person,0.8184173703193665,23.731225967407227,189.80345153808594,70.69768524169922,325.97052001953125,18
Flickr30K/4202372092.jpg,/content/Image_captioning_Local/Flickr30K/flickr30k_images/flickr30k_images/4202372092.jpg,person,0.7806543707847595,0.05181729793548584,209.4379425048828,27.75812530517578,335.4886169433594,18
Flickr30K/4202372092.jpg,/content/Image_captioning_Local/Flickr30K/flickr30k_images/flickr30k_images/4202372092.jpg,cup,0.7351628541946411,17.498201370239258,180.81216430664062,29.981857299804688,194.197265625,18
Flickr30K/4202372092.jpg,/content/Image_captioning_Local/Flickr30K/flickr30k_images/flickr30k_images/4202372092.jpg,chair,0.7184686064720154,24.715787887573242,209.55242919921875,94.60032653808594,326.13214111328125,18
Flickr30K/4202372092.jpg,/content/Image_captioning_Local/Flickr30K/flickr30k_images/flickr30k_images/4202372092.jpg,person,0.5874763131141663,422.2078857421875,332.63043212890625,499.68878173828125,374.58990478515625,18
Flickr30K/4202372092.jpg,/content/Image_captioning_Local/Flickr30K/flickr30k_images/flickr30k_images/4202372092.jpg,chair,0.46928560733795166,250.22573852539062,236.33180236816406,323.23626708984375,324.14849853515625,18
Flickr30K/4202372092.jpg,/content/Image_captioning_Local/Flickr30K/flickr30k_images/flickr30k_images/4202372092.jpg,dining table,0.46305617690086365,2.727553367614746,186.78732299804688,100.53684997558594,235.62498474121094,18
Flickr30K/4202372092.jpg,/content/Image_captioning_Local/Flickr30K/flickr30k_images/flickr30k_images/4202372092.jpg,chair,0.3569338023662567,165.62474060058594,259.80072021484375,224.82583618164062,322.5072021484375,18
Flickr30K/4202372092.jpg,/content/Image_captioning_Local/Flickr30K/flickr30k_images/flickr30k_images/4202372092.jpg,chair,0.3348190188407898,323.5322570800781,251.4828643798828,396.1468505859375,335.94793701171875,18
Flickr30K/4202372092.jpg,/content/Image_captioning_Local/Flickr30K/flickr30k_images/flickr30k_images/4202372092.jpg,chair,0.3161652982234955,248.2186737060547,262.1708984375,322.6945495605469,324.31640625,18
Flickr30K/4202372092.jpg,/content/Image_captioning_Local/Flickr30K/flickr30k_images/flickr30k_images/4202372092.jpg,person,0.2686782479286194,451.777587890625,216.12982177734375,499.8033142089844,338.88861083984375,18
Flickr30K/4202372092.jpg,/content/Image_captioning_Local/Flickr30K/flickr30k_images/flickr30k_images/4202372092.jpg,chair,0.2556101381778717,162.69862365722656,239.06907653808594,226.95281982421875,322.96295166015625,18
Flickr30K/4202566661.jpg,/content/Image_captioning_Local/Flickr30K/flickr30k_images/flickr30k_images/4202566661.jpg,person,0.8803771138191223,336.6646423339844,48.99702072143555,499.64080810546875,331.9346008300781,4
Flickr30K/4202566661.jpg,/content/Image_captioning_Local/Flickr30K/flickr30k_images/flickr30k_images/4202566661.jpg,bird,0.7984722256660461,9.152913093566895,264.5148620605469,142.0985107421875,335.2513732910156,4
Flickr30K/4202566661.jpg,/content/Image_captioning_Local/Flickr30K/flickr30k_images/flickr30k_images/4202566661.jpg,person,0.5362946391105652,226.6419219970703,78.54508209228516,392.22552490234375,334.142578125,4
Flickr30K/4202566661.jpg,/content/Image_captioning_Local/Flickr30K/flickr30k_images/flickr30k_images/4202566661.jpg,person,0.359571635723114,292.0120544433594,78.25989532470703,390.75372314453125,332.00341796875,4
Flickr30K/4203065094.jpg,/content/Image_captioning_Local/Flickr30K/flickr30k_images/flickr30k_images/4203065094.jpg,person,0.7305249571800232,436.54345703125,169.46241760253906,499.77398681640625,279.6979064941406,7
Flickr30K/4203065094.jpg,/content/Image_captioning_Local/Flickr30K/flickr30k_images/flickr30k_images/4203065094.jpg,person,0.6213034391403198,178.1976776123047,27.5815372467041,394.9502868652344,252.0286102294922,7
Flickr30K/4203065094.jpg,/content/Image_captioning_Local/Flickr30K/flickr30k_images/flickr30k_images/4203065094.jpg,person,0.4396648705005646,0.9556412696838379,116.56561279296875,83.70499420166016,279.1452941894531,7
Flickr30K/4203065094.jpg,/content/Image_captioning_Local/Flickr30K/flickr30k_images/flickr30k_images/4203065094.jpg,person,0.39333778619766235,32.729591369628906,116.75896453857422,84.1861343383789,278.4998474121094,7
Flickr30K/4203065094.jpg,/content/Image_captioning_Local/Flickr30K/flickr30k_images/flickr30k_images/4203065094.jpg,person,0.3137459456920624,122.10964965820312,185.7288360595703,203.06629943847656,280.6617736816406,7
Flickr30K/4203065094.jpg,/content/Image_captioning_Local/Flickr30K/flickr30k_images/flickr30k_images/4203065094.jpg,person,0.30538034439086914,179.20098876953125,115.07091522216797,353.4571228027344,279.6566162109375,7
Flickr30K/4203065094.jpg,/content/Image_captioning_Local/Flickr30K/flickr30k_images/flickr30k_images/4203065094.jpg,person,0.29699134826660156,32.531864166259766,118.28441619873047,204.10597229003906,279.5385437011719,7
Flickr30K/4203512618.jpg,/content/Image_captioning_Local/Flickr30K/flickr30k_images/flickr30k_images/4203512618.jpg,person,0.9373007416725159,8.84401798248291,42.3771858215332,134.50750732421875,328.2109375,3
Flickr30K/4203512618.jpg,/content/Image_captioning_Local/Flickr30K/flickr30k_images/flickr30k_images/4203512618.jpg,person,0.9221426248550415,131.83004760742188,33.45657730102539,310.6499328613281,329.5386657714844,3
Flickr30K/4203512618.jpg,/content/Image_captioning_Local/Flickr30K/flickr30k_images/flickr30k_images/4203512618.jpg,bowl,0.3771328330039978,429.9703674316406,306.8024597167969,499.7423095703125,332.50750732421875,3
Flickr30K/420355149.jpg,/content/Image_captioning_Local/Flickr30K/flickr30k_images/flickr30k_images/420355149.jpg,person,0.9083024263381958,46.61989212036133,1.1211514472961426,482.0838928222656,369.8617858886719,3
Flickr30K/420355149.jpg,/content/Image_captioning_Local/Flickr30K/flickr30k_images/flickr30k_images/420355149.jpg,book,0.5298298001289368,288.98968505859375,190.8001251220703,500.0,337.2431640625,3
Flickr30K/420355149.jpg,/content/Image_captioning_Local/Flickr30K/flickr30k_images/flickr30k_images/420355149.jpg,book,0.31981906294822693,430.9350891113281,196.80934143066406,499.72552490234375,261.59368896484375,3
Flickr30K/4204621843.jpg,/content/Image_captioning_Local/Flickr30K/flickr30k_images/flickr30k_images/4204621843.jpg,person,0.771731436252594,98.60263061523438,363.4621276855469,129.42539978027344,430.4303283691406,1
Flickr30K/4204912347.jpg,/content/Image_captioning_Local/Flickr30K/flickr30k_images/flickr30k_images/4204912347.jpg,person,0.9104557633399963,323.7080993652344,93.21869659423828,420.05267333984375,296.1723327636719,2
Flickr30K/4204912347.jpg,/content/Image_captioning_Local/Flickr30K/flickr30k_images/flickr30k_images/4204912347.jpg,car,0.7989650964736938,100.24461364746094,86.0739974975586,199.0098419189453,136.75291442871094,2
Flickr30K/4205559091.jpg,/content/Image_captioning_Local/Flickr30K/flickr30k_images/flickr30k_images/4205559091.jpg,truck,0.7802796363830566,82.31425476074219,21.635639190673828,333.2144775390625,257.0086364746094,2
Flickr30K/4205559091.jpg,/content/Image_captioning_Local/Flickr30K/flickr30k_images/flickr30k_images/4205559091.jpg,person,0.6737924814224243,239.18634033203125,75.80218505859375,293.3653259277344,118.90847778320312,2
Flickr30K/4205752656.jpg,/content/Image_captioning_Local/Flickr30K/flickr30k_images/flickr30k_images/4205752656.jpg,person,0.9527789354324341,270.3056335449219,64.66102600097656,499.8465576171875,328.799072265625,11
Flickr30K/4205752656.jpg,/content/Image_captioning_Local/Flickr30K/flickr30k_images/flickr30k_images/4205752656.jpg,person,0.9179632663726807,49.645835876464844,144.7886962890625,194.2126007080078,329.30712890625,11
Flickr30K/4205752656.jpg,/content/Image_captioning_Local/Flickr30K/flickr30k_images/flickr30k_images/4205752656.jpg,person,0.9097517728805542,177.0440216064453,131.9397430419922,295.9031066894531,329.6640319824219,11
Flickr30K/4205752656.jpg,/content/Image_captioning_Local/Flickr30K/flickr30k_images/flickr30k_images/4205752656.jpg,person,0.8836545944213867,428.7300109863281,102.7658920288086,489.6763916015625,205.22813415527344,11
Flickr30K/4205752656.jpg,/content/Image_captioning_Local/Flickr30K/flickr30k_images/flickr30k_images/4205752656.jpg,umbrella,0.8251863121986389,1.5332937240600586,96.85136413574219,241.17123413085938,184.04083251953125,11
Flickr30K/4205752656.jpg,/content/Image_captioning_Local/Flickr30K/flickr30k_images/flickr30k_images/4205752656.jpg,person,0.8079250454902649,288.1380615234375,118.12591552734375,342.3952941894531,222.141357421875,11
Flickr30K/4205752656.jpg,/content/Image_captioning_Local/Flickr30K/flickr30k_images/flickr30k_images/4205752656.jpg,car,0.8011287450790405,163.08242797851562,95.63014221191406,343.14910888671875,197.69647216796875,11
Flickr30K/4205752656.jpg,/content/Image_captioning_Local/Flickr30K/flickr30k_images/flickr30k_images/4205752656.jpg,car,0.7180522084236145,0.20540952682495117,119.15135192871094,91.3191909790039,305.7505187988281,11
Flickr30K/4205752656.jpg,/content/Image_captioning_Local/Flickr30K/flickr30k_images/flickr30k_images/4205752656.jpg,car,0.6030849814414978,471.72723388671875,95.42657470703125,499.814453125,156.71023559570312,11
Flickr30K/4205752656.jpg,/content/Image_captioning_Local/Flickr30K/flickr30k_images/flickr30k_images/4205752656.jpg,person,0.5774953961372375,329.95294189453125,132.1685333251953,373.7723388671875,186.83934020996094,11
Flickr30K/4205752656.jpg,/content/Image_captioning_Local/Flickr30K/flickr30k_images/flickr30k_images/4205752656.jpg,car,0.28526344895362854,0.176924467086792,119.49774932861328,54.05582809448242,155.3223876953125,11
Flickr30K/4206319600.jpg,/content/Image_captioning_Local/Flickr30K/flickr30k_images/flickr30k_images/4206319600.jpg,person,0.8125383853912354,50.64618682861328,206.1575927734375,108.05313873291016,343.91668701171875,3
Flickr30K/4206319600.jpg,/content/Image_captioning_Local/Flickr30K/flickr30k_images/flickr30k_images/4206319600.jpg,person,0.7945244312286377,223.1017608642578,271.7778625488281,298.09564208984375,375.21337890625,3
Flickr30K/4206319600.jpg,/content/Image_captioning_Local/Flickr30K/flickr30k_images/flickr30k_images/4206319600.jpg,car,0.6839122176170349,27.062320709228516,22.434579849243164,170.5008087158203,163.8583984375,3
Flickr30K/4206720401.jpg,/content/Image_captioning_Local/Flickr30K/flickr30k_images/flickr30k_images/4206720401.jpg,person,0.9279612302780151,75.11715698242188,57.106876373291016,297.380126953125,497.9818420410156,9
Flickr30K/4206720401.jpg,/content/Image_captioning_Local/Flickr30K/flickr30k_images/flickr30k_images/4206720401.jpg,person,0.790713906288147,8.086806297302246,123.35247039794922,82.15472412109375,363.6885070800781,9
Flickr30K/4206720401.jpg,/content/Image_captioning_Local/Flickr30K/flickr30k_images/flickr30k_images/4206720401.jpg,person,0.7586008906364441,258.68475341796875,92.18324279785156,292.8468322753906,182.58360290527344,9
Flickr30K/4206720401.jpg,/content/Image_captioning_Local/Flickr30K/flickr30k_images/flickr30k_images/4206720401.jpg,person,0.733506441116333,70.34249114990234,109.4731216430664,106.7148208618164,172.56251525878906,9
Flickr30K/4206720401.jpg,/content/Image_captioning_Local/Flickr30K/flickr30k_images/flickr30k_images/4206720401.jpg,person,0.6996146440505981,12.026632308959961,94.25434875488281,42.963375091552734,157.11978149414062,9
Flickr30K/4206720401.jpg,/content/Image_captioning_Local/Flickr30K/flickr30k_images/flickr30k_images/4206720401.jpg,person,0.6747258305549622,97.9544677734375,86.78079986572266,133.93106079101562,162.30792236328125,9
Flickr30K/4206720401.jpg,/content/Image_captioning_Local/Flickr30K/flickr30k_images/flickr30k_images/4206720401.jpg,car,0.6462900042533875,304.5874938964844,165.77105712890625,331.0,225.88644409179688,9
Flickr30K/4206720401.jpg,/content/Image_captioning_Local/Flickr30K/flickr30k_images/flickr30k_images/4206720401.jpg,person,0.6122444272041321,291.36041259765625,91.38887786865234,323.2154846191406,181.83876037597656,9
Flickr30K/4206720401.jpg,/content/Image_captioning_Local/Flickr30K/flickr30k_images/flickr30k_images/4206720401.jpg,person,0.3239475190639496,31.77155303955078,83.6344985961914,71.87379455566406,145.93421936035156,9
Flickr30K/4208402957.jpg,/content/Image_captioning_Local/Flickr30K/flickr30k_images/flickr30k_images/4208402957.jpg,person,0.8640645146369934,140.9249267578125,50.609947204589844,226.5950469970703,272.0324401855469,5
Flickr30K/4208402957.jpg,/content/Image_captioning_Local/Flickr30K/flickr30k_images/flickr30k_images/4208402957.jpg,truck,0.5431131720542908,363.059326171875,1.7616748809814453,499.2723388671875,335.0648498535156,5
Flickr30K/4208402957.jpg,/content/Image_captioning_Local/Flickr30K/flickr30k_images/flickr30k_images/4208402957.jpg,boat,0.5004355907440186,0.12477636337280273,66.68446350097656,61.363685607910156,97.35281372070312,5
Flickr30K/4208402957.jpg,/content/Image_captioning_Local/Flickr30K/flickr30k_images/flickr30k_images/4208402957.jpg,person,0.4931725263595581,173.9368438720703,0.6847381591796875,444.1279296875,330.3631896972656,5
Flickr30K/4208402957.jpg,/content/Image_captioning_Local/Flickr30K/flickr30k_images/flickr30k_images/4208402957.jpg,truck,0.4788484573364258,120.199951171875,0.0,499.2349548339844,336.00396728515625,5
Flickr30K/4208450163.jpg,/content/Image_captioning_Local/Flickr30K/flickr30k_images/flickr30k_images/4208450163.jpg,truck,0.955712080001831,1.071619987487793,92.98612976074219,224.46263122558594,275.8834228515625,4
Flickr30K/4208450163.jpg,/content/Image_captioning_Local/Flickr30K/flickr30k_images/flickr30k_images/4208450163.jpg,person,0.8920193314552307,254.58226013183594,177.34837341308594,287.7503967285156,265.8224182128906,4
Flickr30K/4208450163.jpg,/content/Image_captioning_Local/Flickr30K/flickr30k_images/flickr30k_images/4208450163.jpg,person,0.8735643625259399,297.06842041015625,167.5154266357422,336.345947265625,266.44329833984375,4
Flickr30K/4208450163.jpg,/content/Image_captioning_Local/Flickr30K/flickr30k_images/flickr30k_images/4208450163.jpg,handbag,0.5042999982833862,283.6563720703125,207.8888397216797,292.54193115234375,228.3760528564453,4
Flickr30K/420900246.jpg,/content/Image_captioning_Local/Flickr30K/flickr30k_images/flickr30k_images/420900246.jpg,person,0.7538952827453613,336.4508056640625,120.93978118896484,424.227294921875,328.722900390625,2
Flickr30K/420900246.jpg,/content/Image_captioning_Local/Flickr30K/flickr30k_images/flickr30k_images/420900246.jpg,person,0.504475474357605,386.0819396972656,122.62339782714844,457.03741455078125,328.7210998535156,2
Flickr30K/4209180917.jpg,/content/Image_captioning_Local/Flickr30K/flickr30k_images/flickr30k_images/4209180917.jpg,person,0.9411391019821167,87.47515869140625,111.75094604492188,293.10516357421875,308.5822448730469,9
Flickr30K/4209180917.jpg,/content/Image_captioning_Local/Flickr30K/flickr30k_images/flickr30k_images/4209180917.jpg,person,0.9157212972640991,287.60675048828125,63.537193298339844,331.8813171386719,197.50997924804688,9
Flickr30K/4209180917.jpg,/content/Image_captioning_Local/Flickr30K/flickr30k_images/flickr30k_images/4209180917.jpg,person,0.8883576989173889,160.40866088867188,63.8443717956543,206.719970703125,180.1157684326172,9
Flickr30K/4209180917.jpg,/content/Image_captioning_Local/Flickr30K/flickr30k_images/flickr30k_images/4209180917.jpg,person,0.8845704197883606,372.3999938964844,54.42462158203125,418.34307861328125,185.64744567871094,9
Flickr30K/4209180917.jpg,/content/Image_captioning_Local/Flickr30K/flickr30k_images/flickr30k_images/4209180917.jpg,person,0.8732661008834839,56.039344787597656,48.555301666259766,90.1484603881836,138.9149932861328,9
Flickr30K/4209180917.jpg,/content/Image_captioning_Local/Flickr30K/flickr30k_images/flickr30k_images/4209180917.jpg,person,0.8616958856582642,452.3555908203125,58.84153747558594,492.0379638671875,125.92723083496094,9
Flickr30K/4209180917.jpg,/content/Image_captioning_Local/Flickr30K/flickr30k_images/flickr30k_images/4209180917.jpg,person,0.8555969595909119,328.4410400390625,48.946285247802734,357.9620361328125,115.62461853027344,9
Flickr30K/4209180917.jpg,/content/Image_captioning_Local/Flickr30K/flickr30k_images/flickr30k_images/4209180917.jpg,person,0.8318455815315247,417.6067810058594,50.30534362792969,439.8981628417969,119.21870422363281,9
Flickr30K/4209180917.jpg,/content/Image_captioning_Local/Flickr30K/flickr30k_images/flickr30k_images/4209180917.jpg,person,0.80097895860672,89.05006408691406,59.64252853393555,165.76771545410156,176.50906372070312,9
Flickr30K/42093858.jpg,/content/Image_captioning_Local/Flickr30K/flickr30k_images/flickr30k_images/42093858.jpg,person,0.9254672527313232,49.66740417480469,5.857133865356445,498.5856628417969,372.1824645996094,2
Flickr30K/42093858.jpg,/content/Image_captioning_Local/Flickr30K/flickr30k_images/flickr30k_images/42093858.jpg,car,0.2535383403301239,0.6386280059814453,6.448829174041748,479.5687561035156,369.01226806640625,2
Flickr30K/4209480025.jpg,/content/Image_captioning_Local/Flickr30K/flickr30k_images/flickr30k_images/4209480025.jpg,person,0.9285179376602173,66.9108657836914,109.78942108154297,234.02383422851562,371.3381652832031,11
Flickr30K/4209480025.jpg,/content/Image_captioning_Local/Flickr30K/flickr30k_images/flickr30k_images/4209480025.jpg,car,0.860438883304596,0.1743227243423462,140.37718200683594,49.23274612426758,235.823486328125,11
Flickr30K/4209480025.jpg,/content/Image_captioning_Local/Flickr30K/flickr30k_images/flickr30k_images/4209480025.jpg,car,0.8307955861091614,34.04014587402344,130.0631103515625,103.21736145019531,170.25880432128906,11
Flickr30K/4209480025.jpg,/content/Image_captioning_Local/Flickr30K/flickr30k_images/flickr30k_images/4209480025.jpg,person,0.6679487228393555,271.5758972167969,132.09716796875,287.5961608886719,163.11293029785156,11
Flickr30K/4209480025.jpg,/content/Image_captioning_Local/Flickr30K/flickr30k_images/flickr30k_images/4209480025.jpg,snowboard,0.6644644141197205,147.929931640625,167.08926391601562,244.81155395507812,371.645751953125,11
Flickr30K/4209480025.jpg,/content/Image_captioning_Local/Flickr30K/flickr30k_images/flickr30k_images/4209480025.jpg,car,0.45644181966781616,49.62297058105469,120.8943862915039,181.61492919921875,208.25933837890625,11
Flickr30K/4209480025.jpg,/content/Image_captioning_Local/Flickr30K/flickr30k_images/flickr30k_images/4209480025.jpg,car,0.37117090821266174,0.04559755325317383,117.2812728881836,35.35316467285156,149.80023193359375,11
Flickr30K/4209480025.jpg,/content/Image_captioning_Local/Flickr30K/flickr30k_images/flickr30k_images/4209480025.jpg,car,0.3393036425113678,120.83894348144531,122.24188232421875,181.2538299560547,158.73565673828125,11
Flickr30K/4209480025.jpg,/content/Image_captioning_Local/Flickr30K/flickr30k_images/flickr30k_images/4209480025.jpg,car,0.2626687288284302,30.31931495666504,117.1570053100586,59.52130126953125,136.932373046875,11
Flickr30K/4209480025.jpg,/content/Image_captioning_Local/Flickr30K/flickr30k_images/flickr30k_images/4209480025.jpg,car,0.25977611541748047,51.43952178955078,151.15838623046875,104.73255157470703,209.44085693359375,11
Flickr30K/4209480025.jpg,/content/Image_captioning_Local/Flickr30K/flickr30k_images/flickr30k_images/4209480025.jpg,car,0.25179824233055115,30.331806182861328,117.20526123046875,70.18301391601562,138.34640502929688,11
Flickr30K/4210282647.jpg,/content/Image_captioning_Local/Flickr30K/flickr30k_images/flickr30k_images/4210282647.jpg,person,0.8565766215324402,186.8624725341797,33.62793731689453,214.593505859375,118.3175048828125,14
Flickr30K/4210282647.jpg,/content/Image_captioning_Local/Flickr30K/flickr30k_images/flickr30k_images/4210282647.jpg,person,0.8378264904022217,210.0913543701172,35.96763610839844,235.9518585205078,121.26664733886719,14
Flickr30K/4210282647.jpg,/content/Image_captioning_Local/Flickr30K/flickr30k_images/flickr30k_images/4210282647.jpg,motorcycle,0.8324089050292969,47.3840217590332,124.09715270996094,127.7291259765625,216.65182495117188,14
Flickr30K/4210282647.jpg,/content/Image_captioning_Local/Flickr30K/flickr30k_images/flickr30k_images/4210282647.jpg,person,0.8036459684371948,241.13316345214844,34.449195861816406,264.9769287109375,121.88854217529297,14
Flickr30K/4210282647.jpg,/content/Image_captioning_Local/Flickr30K/flickr30k_images/flickr30k_images/4210282647.jpg,motorcycle,0.6760269999504089,0.2911806106567383,195.09153747558594,187.26361083984375,330.4662780761719,14
Flickr30K/4210282647.jpg,/content/Image_captioning_Local/Flickr30K/flickr30k_images/flickr30k_images/4210282647.jpg,motorcycle,0.587153434753418,137.6190948486328,95.54000091552734,223.34132385253906,279.9117126464844,14
Flickr30K/4210282647.jpg,/content/Image_captioning_Local/Flickr30K/flickr30k_images/flickr30k_images/4210282647.jpg,motorcycle,0.4874632656574249,0.1399695873260498,114.10798645019531,43.93181228637695,204.595947265625,14
Flickr30K/4210282647.jpg,/content/Image_captioning_Local/Flickr30K/flickr30k_images/flickr30k_images/4210282647.jpg,motorcycle,0.3758934736251831,203.6490478515625,105.12677764892578,372.915283203125,268.2882385253906,14
Flickr30K/4210282647.jpg,/content/Image_captioning_Local/Flickr30K/flickr30k_images/flickr30k_images/4210282647.jpg,motorcycle,0.35446688532829285,199.68385314941406,149.37973022460938,499.2857971191406,330.32208251953125,14
Flickr30K/4210282647.jpg,/content/Image_captioning_Local/Flickr30K/flickr30k_images/flickr30k_images/4210282647.jpg,handbag,0.35200709104537964,248.95338439941406,68.06280517578125,265.55828857421875,89.30146789550781,14
Flickr30K/4210282647.jpg,/content/Image_captioning_Local/Flickr30K/flickr30k_images/flickr30k_images/4210282647.jpg,motorcycle,0.3170197308063507,309.4669189453125,149.60818481445312,499.75469970703125,329.55804443359375,14
Flickr30K/4210282647.jpg,/content/Image_captioning_Local/Flickr30K/flickr30k_images/flickr30k_images/4210282647.jpg,person,0.29228508472442627,0.0,50.70366668701172,41.457237243652344,126.45976257324219,14
Flickr30K/4210282647.jpg,/content/Image_captioning_Local/Flickr30K/flickr30k_images/flickr30k_images/4210282647.jpg,motorcycle,0.2544762194156647,0.04636943340301514,115.3731918334961,43.962833404541016,312.6542663574219,14
Flickr30K/4210282647.jpg,/content/Image_captioning_Local/Flickr30K/flickr30k_images/flickr30k_images/4210282647.jpg,motorcycle,0.2528734505176544,201.1769256591797,183.70619201660156,354.31317138671875,330.3969421386719,14
Flickr30K/421153376.jpg,/content/Image_captioning_Local/Flickr30K/flickr30k_images/flickr30k_images/421153376.jpg,dog,0.9161075353622437,87.64295959472656,57.4544677734375,278.14990234375,228.14132690429688,1
Flickr30K/4212403138.jpg,/content/Image_captioning_Local/Flickr30K/flickr30k_images/flickr30k_images/4212403138.jpg,person,0.9265213012695312,0.0,40.60062026977539,123.16553497314453,370.9886169433594,3
Flickr30K/4212403138.jpg,/content/Image_captioning_Local/Flickr30K/flickr30k_images/flickr30k_images/4212403138.jpg,person,0.9017037749290466,257.2182312011719,198.75430297851562,297.51568603515625,317.910400390625,3
Flickr30K/4212403138.jpg,/content/Image_captioning_Local/Flickr30K/flickr30k_images/flickr30k_images/4212403138.jpg,backpack,0.7674441337585449,16.03311538696289,96.09652709960938,104.69280242919922,225.31832885742188,3
Flickr30K/4212865709.jpg,/content/Image_captioning_Local/Flickr30K/flickr30k_images/flickr30k_images/4212865709.jpg,person,0.891543984413147,20.871234893798828,286.3573303222656,126.1302719116211,380.9247741699219,3
Flickr30K/4212865709.jpg,/content/Image_captioning_Local/Flickr30K/flickr30k_images/flickr30k_images/4212865709.jpg,person,0.8860495686531067,151.0060272216797,242.22393798828125,248.1536865234375,400.7898254394531,3
Flickr30K/4212865709.jpg,/content/Image_captioning_Local/Flickr30K/flickr30k_images/flickr30k_images/4212865709.jpg,train,0.8128523826599121,54.45784378051758,74.4281997680664,289.816650390625,351.19378662109375,3
Flickr30K/4213107150.jpg,/content/Image_captioning_Local/Flickr30K/flickr30k_images/flickr30k_images/4213107150.jpg,person,0.9355180859565735,0.7838726043701172,8.329761505126953,279.8089599609375,371.5524597167969,4
Flickr30K/4213107150.jpg,/content/Image_captioning_Local/Flickr30K/flickr30k_images/flickr30k_images/4213107150.jpg,person,0.7299037575721741,263.7442626953125,129.5825958251953,481.53448486328125,344.2959289550781,4
Flickr30K/4213107150.jpg,/content/Image_captioning_Local/Flickr30K/flickr30k_images/flickr30k_images/4213107150.jpg,chair,0.34383538365364075,464.1107177734375,52.20832824707031,499.8272399902344,254.15602111816406,4
Flickr30K/4213107150.jpg,/content/Image_captioning_Local/Flickr30K/flickr30k_images/flickr30k_images/4213107150.jpg,laptop,0.28483644127845764,94.17279052734375,326.0409240722656,217.16180419921875,374.5946960449219,4
Flickr30K/421316045.jpg,/content/Image_captioning_Local/Flickr30K/flickr30k_images/flickr30k_images/421316045.jpg,person,0.9100478291511536,185.54568481445312,144.0948028564453,499.11871337890625,256.0487365722656,3
Flickr30K/421316045.jpg,/content/Image_captioning_Local/Flickr30K/flickr30k_images/flickr30k_images/421316045.jpg,person,0.8487039804458618,0.42510032653808594,87.43822479248047,263.5815124511719,251.65989685058594,3
Flickr30K/421316045.jpg,/content/Image_captioning_Local/Flickr30K/flickr30k_images/flickr30k_images/421316045.jpg,couch,0.6417261362075806,2.065610885620117,148.69046020507812,498.85302734375,369.60345458984375,3
Flickr30K/421322723.jpg,/content/Image_captioning_Local/Flickr30K/flickr30k_images/flickr30k_images/421322723.jpg,person,0.8701339364051819,47.04742431640625,115.52091979980469,278.2112731933594,498.7730407714844,6
Flickr30K/421322723.jpg,/content/Image_captioning_Local/Flickr30K/flickr30k_images/flickr30k_images/421322723.jpg,person,0.8697114586830139,126.78470611572266,372.3917236328125,290.7740173339844,499.7257080078125,6
Flickr30K/421322723.jpg,/content/Image_captioning_Local/Flickr30K/flickr30k_images/flickr30k_images/421322723.jpg,person,0.7964873313903809,196.3834228515625,181.3651580810547,325.216064453125,498.0625,6
Flickr30K/421322723.jpg,/content/Image_captioning_Local/Flickr30K/flickr30k_images/flickr30k_images/421322723.jpg,cell phone,0.6179493069648743,121.0927963256836,361.0119934082031,143.00308227539062,372.89971923828125,6
Flickr30K/421322723.jpg,/content/Image_captioning_Local/Flickr30K/flickr30k_images/flickr30k_images/421322723.jpg,person,0.40479958057403564,0.15180110931396484,156.49337768554688,116.76445007324219,353.27740478515625,6
Flickr30K/421322723.jpg,/content/Image_captioning_Local/Flickr30K/flickr30k_images/flickr30k_images/421322723.jpg,person,0.3724355399608612,0.0,157.3966064453125,116.68463134765625,497.1579895019531,6
Flickr30K/4213476956.jpg,/content/Image_captioning_Local/Flickr30K/flickr30k_images/flickr30k_images/4213476956.jpg,person,0.9174014925956726,82.74485778808594,66.22743225097656,328.83685302734375,417.37713623046875,1
Flickr30K/4213647132.jpg,/content/Image_captioning_Local/Flickr30K/flickr30k_images/flickr30k_images/4213647132.jpg,train,0.9143432378768921,129.2220458984375,32.05590057373047,329.459228515625,260.39410400390625,4
Flickr30K/4213647132.jpg,/content/Image_captioning_Local/Flickr30K/flickr30k_images/flickr30k_images/4213647132.jpg,person,0.9102562069892883,377.9295349121094,124.0091323852539,425.9754638671875,262.11700439453125,4
Flickr30K/4213647132.jpg,/content/Image_captioning_Local/Flickr30K/flickr30k_images/flickr30k_images/4213647132.jpg,person,0.883014440536499,125.54981994628906,154.20066833496094,174.68243408203125,266.1987609863281,4
Flickr30K/4213647132.jpg,/content/Image_captioning_Local/Flickr30K/flickr30k_images/flickr30k_images/4213647132.jpg,person,0.8616335391998291,280.28582763671875,179.47149658203125,341.4625244140625,257.0459899902344,4
Flickr30K/4215128854.jpg,/content/Image_captioning_Local/Flickr30K/flickr30k_images/flickr30k_images/4215128854.jpg,person,0.891097366809845,327.0679016113281,289.5758972167969,375.0,485.6557312011719,13
Flickr30K/4215128854.jpg,/content/Image_captioning_Local/Flickr30K/flickr30k_images/flickr30k_images/4215128854.jpg,person,0.8743811249732971,35.7290153503418,292.41912841796875,76.06724548339844,399.6473693847656,13
Flickr30K/4215128854.jpg,/content/Image_captioning_Local/Flickr30K/flickr30k_images/flickr30k_images/4215128854.jpg,person,0.8331940770149231,89.09943389892578,288.1888732910156,122.01988983154297,359.5979309082031,13
Flickr30K/4215128854.jpg,/content/Image_captioning_Local/Flickr30K/flickr30k_images/flickr30k_images/4215128854.jpg,person,0.7936528325080872,270.0342712402344,282.9512023925781,300.96441650390625,375.6605529785156,13
Flickr30K/4215128854.jpg,/content/Image_captioning_Local/Flickr30K/flickr30k_images/flickr30k_images/4215128854.jpg,person,0.7624971866607666,298.0635681152344,290.1692810058594,321.4899597167969,376.1684875488281,13
Flickr30K/4215128854.jpg,/content/Image_captioning_Local/Flickr30K/flickr30k_images/flickr30k_images/4215128854.jpg,person,0.7204130291938782,313.9231262207031,282.53521728515625,344.3627014160156,393.1626281738281,13
Flickr30K/4215128854.jpg,/content/Image_captioning_Local/Flickr30K/flickr30k_images/flickr30k_images/4215128854.jpg,person,0.622128963470459,196.6695556640625,286.2069396972656,216.52806091308594,339.91485595703125,13
Flickr30K/4215128854.jpg,/content/Image_captioning_Local/Flickr30K/flickr30k_images/flickr30k_images/4215128854.jpg,person,0.6164414286613464,221.9959716796875,285.30426025390625,245.039794921875,336.7117919921875,13
Flickr30K/4215128854.jpg,/content/Image_captioning_Local/Flickr30K/flickr30k_images/flickr30k_images/4215128854.jpg,person,0.6085801720619202,247.36471557617188,291.99591064453125,273.9648742675781,354.4293518066406,13
Flickr30K/4215128854.jpg,/content/Image_captioning_Local/Flickr30K/flickr30k_images/flickr30k_images/4215128854.jpg,person,0.44079694151878357,189.44595336914062,286.0771789550781,200.94448852539062,334.74493408203125,13
Flickr30K/4215128854.jpg,/content/Image_captioning_Local/Flickr30K/flickr30k_images/flickr30k_images/4215128854.jpg,person,0.4003216028213501,84.37411499023438,280.92034912109375,101.76432037353516,330.9165344238281,13
Flickr30K/4215128854.jpg,/content/Image_captioning_Local/Flickr30K/flickr30k_images/flickr30k_images/4215128854.jpg,person,0.3875008821487427,165.3523406982422,284.39697265625,181.98204040527344,339.6656494140625,13
Flickr30K/4215128854.jpg,/content/Image_captioning_Local/Flickr30K/flickr30k_images/flickr30k_images/4215128854.jpg,person,0.37899985909461975,178.34307861328125,284.8546142578125,191.61766052246094,339.73614501953125,13
Flickr30K/42153946.jpg,/content/Image_captioning_Local/Flickr30K/flickr30k_images/flickr30k_images/42153946.jpg,person,0.903498113155365,0.0,2.5456905364990234,338.6167907714844,498.2259216308594,5
Flickr30K/42153946.jpg,/content/Image_captioning_Local/Flickr30K/flickr30k_images/flickr30k_images/42153946.jpg,cake,0.477652907371521,217.63058471679688,437.97698974609375,344.2081298828125,499.5583190917969,5
Flickr30K/42153946.jpg,/content/Image_captioning_Local/Flickr30K/flickr30k_images/flickr30k_images/42153946.jpg,knife,0.4489254355430603,116.77794647216797,346.05096435546875,287.4331359863281,388.4624328613281,5
Flickr30K/42153946.jpg,/content/Image_captioning_Local/Flickr30K/flickr30k_images/flickr30k_images/42153946.jpg,cake,0.3345089852809906,309.4125671386719,444.63934326171875,374.7518615722656,487.56671142578125,5
Flickr30K/42153946.jpg,/content/Image_captioning_Local/Flickr30K/flickr30k_images/flickr30k_images/42153946.jpg,cake,0.32876908779144287,266.3993835449219,370.3746032714844,375.0,451.3731994628906,5
Flickr30K/42160866.jpg,/content/Image_captioning_Local/Flickr30K/flickr30k_images/flickr30k_images/42160866.jpg,person,0.8600208163261414,6.679356098175049,38.137054443359375,339.72576904296875,496.3836669921875,1
Flickr30K/421648862.jpg,/content/Image_captioning_Local/Flickr30K/flickr30k_images/flickr30k_images/421648862.jpg,person,0.9313217997550964,320.1057434082031,85.99977111816406,499.8227233886719,280.97552490234375,4
Flickr30K/421648862.jpg,/content/Image_captioning_Local/Flickr30K/flickr30k_images/flickr30k_images/421648862.jpg,person,0.8723165988922119,319.74285888671875,0.4937112331390381,353.1918640136719,76.44471740722656,4
Flickr30K/421648862.jpg,/content/Image_captioning_Local/Flickr30K/flickr30k_images/flickr30k_images/421648862.jpg,person,0.8034950494766235,212.48765563964844,158.70603942871094,296.91595458984375,260.39556884765625,4
Flickr30K/421648862.jpg,/content/Image_captioning_Local/Flickr30K/flickr30k_images/flickr30k_images/421648862.jpg,cup,0.5825918912887573,166.22242736816406,216.86964416503906,213.6008758544922,261.2944641113281,4
Flickr30K/42165458.jpg,/content/Image_captioning_Local/Flickr30K/flickr30k_images/flickr30k_images/42165458.jpg,person,0.8554116487503052,62.28163146972656,45.475341796875,135.31890869140625,234.03414916992188,6
Flickr30K/42165458.jpg,/content/Image_captioning_Local/Flickr30K/flickr30k_images/flickr30k_images/42165458.jpg,person,0.7972250580787659,274.57952880859375,22.294532775878906,383.9454650878906,265.64703369140625,6
Flickr30K/42165458.jpg,/content/Image_captioning_Local/Flickr30K/flickr30k_images/flickr30k_images/42165458.jpg,person,0.7773290872573853,407.6745910644531,273.8197326660156,499.64141845703125,352.0944519042969,6
Flickr30K/42165458.jpg,/content/Image_captioning_Local/Flickr30K/flickr30k_images/flickr30k_images/42165458.jpg,person,0.764930009841919,245.29177856445312,252.32086181640625,325.7668762207031,351.9901123046875,6
Flickr30K/42165458.jpg,/content/Image_captioning_Local/Flickr30K/flickr30k_images/flickr30k_images/42165458.jpg,person,0.6603859663009644,0.21257400512695312,225.06227111816406,107.78844451904297,351.65338134765625,6
Flickr30K/42165458.jpg,/content/Image_captioning_Local/Flickr30K/flickr30k_images/flickr30k_images/42165458.jpg,person,0.6167677640914917,399.3696594238281,61.31360626220703,457.4808654785156,204.10711669921875,6
Flickr30K/4216661635.jpg,/content/Image_captioning_Local/Flickr30K/flickr30k_images/flickr30k_images/4216661635.jpg,person,0.9025510549545288,75.68316650390625,148.97499084472656,150.00634765625,264.8758850097656,1
Flickr30K/421706022.jpg,/content/Image_captioning_Local/Flickr30K/flickr30k_images/flickr30k_images/421706022.jpg,person,0.9164643287658691,144.6728057861328,126.94134521484375,379.6013488769531,371.75836181640625,2
Flickr30K/421706022.jpg,/content/Image_captioning_Local/Flickr30K/flickr30k_images/flickr30k_images/421706022.jpg,teddy bear,0.7315019965171814,0.28700828552246094,100.64692687988281,168.87945556640625,372.4760437011719,2
Flickr30K/421730441.jpg,/content/Image_captioning_Local/Flickr30K/flickr30k_images/flickr30k_images/421730441.jpg,person,0.9508063793182373,209.4557342529297,75.96268463134766,452.4061584472656,372.2007141113281,1
Flickr30K/421762501.jpg,/content/Image_captioning_Local/Flickr30K/flickr30k_images/flickr30k_images/421762501.jpg,person,0.9455834031105042,173.34742736816406,64.93296813964844,365.6617126464844,498.177734375,5
Flickr30K/421762501.jpg,/content/Image_captioning_Local/Flickr30K/flickr30k_images/flickr30k_images/421762501.jpg,person,0.9111225605010986,0.8971452713012695,53.95698547363281,189.80335998535156,499.1380615234375,5
Flickr30K/421762501.jpg,/content/Image_captioning_Local/Flickr30K/flickr30k_images/flickr30k_images/421762501.jpg,person,0.8090234994888306,335.21234130859375,109.9323959350586,365.72265625,182.403564453125,5
Flickr30K/421762501.jpg,/content/Image_captioning_Local/Flickr30K/flickr30k_images/flickr30k_images/421762501.jpg,tie,0.32955795526504517,226.8085174560547,153.297607421875,256.1368103027344,198.50897216796875,5
Flickr30K/421762501.jpg,/content/Image_captioning_Local/Flickr30K/flickr30k_images/flickr30k_images/421762501.jpg,truck,0.327505499124527,314.9920349121094,74.18870544433594,365.6885986328125,154.625244140625,5
Flickr30K/421762505.jpg,/content/Image_captioning_Local/Flickr30K/flickr30k_images/flickr30k_images/421762505.jpg,person,0.8220353126525879,210.28500366210938,66.75028991699219,328.5070495605469,359.9004821777344,2
Flickr30K/421762505.jpg,/content/Image_captioning_Local/Flickr30K/flickr30k_images/flickr30k_images/421762505.jpg,backpack,0.643912672996521,271.9228820800781,114.29019927978516,347.18780517578125,222.68299865722656,2
Flickr30K/421780367.jpg,/content/Image_captioning_Local/Flickr30K/flickr30k_images/flickr30k_images/421780367.jpg,person,0.8656584620475769,358.9509582519531,107.86793518066406,401.0465087890625,212.4990234375,4
Flickr30K/421780367.jpg,/content/Image_captioning_Local/Flickr30K/flickr30k_images/flickr30k_images/421780367.jpg,person,0.8542661070823669,266.5706787109375,68.93537139892578,301.3535461425781,152.4903106689453,4
Flickr30K/421780367.jpg,/content/Image_captioning_Local/Flickr30K/flickr30k_images/flickr30k_images/421780367.jpg,truck,0.7539190053939819,70.18408966064453,45.71244812011719,369.230712890625,239.64622497558594,4
Flickr30K/421780367.jpg,/content/Image_captioning_Local/Flickr30K/flickr30k_images/flickr30k_images/421780367.jpg,person,0.6368513107299805,366.75018310546875,110.99626159667969,424.9798278808594,220.38174438476562,4
Flickr30K/421808539.jpg,/content/Image_captioning_Local/Flickr30K/flickr30k_images/flickr30k_images/421808539.jpg,dog,0.8991889953613281,30.211544036865234,4.975330829620361,376.42218017578125,353.44287109375,1
Flickr30K/4218554553.jpg,/content/Image_captioning_Local/Flickr30K/flickr30k_images/flickr30k_images/4218554553.jpg,person,0.8938097953796387,232.62319946289062,181.8470916748047,281.1103820800781,286.2403869628906,6
Flickr30K/4218554553.jpg,/content/Image_captioning_Local/Flickr30K/flickr30k_images/flickr30k_images/4218554553.jpg,dog,0.8660828471183777,147.93820190429688,260.51092529296875,188.13882446289062,287.4610900878906,6
Flickr30K/4218554553.jpg,/content/Image_captioning_Local/Flickr30K/flickr30k_images/flickr30k_images/4218554553.jpg,person,0.7532138824462891,367.9324951171875,186.49664306640625,396.1112976074219,284.453857421875,6
Flickr30K/4218554553.jpg,/content/Image_captioning_Local/Flickr30K/flickr30k_images/flickr30k_images/4218554553.jpg,handbag,0.6134294867515564,253.56716918945312,239.27761840820312,275.39410400390625,267.1171569824219,6
Flickr30K/4218554553.jpg,/content/Image_captioning_Local/Flickr30K/flickr30k_images/flickr30k_images/4218554553.jpg,handbag,0.36638471484184265,382.93048095703125,217.05308532714844,405.31988525390625,239.3422088623047,6
Flickr30K/4218554553.jpg,/content/Image_captioning_Local/Flickr30K/flickr30k_images/flickr30k_images/4218554553.jpg,handbag,0.25457465648651123,380.9300842285156,236.3270263671875,414.4692077636719,278.91302490234375,6
Flickr30K/4218698350.jpg,/content/Image_captioning_Local/Flickr30K/flickr30k_images/flickr30k_images/4218698350.jpg,person,0.9307601451873779,0.0,27.42910385131836,218.85914611816406,497.9294738769531,4
Flickr30K/4218698350.jpg,/content/Image_captioning_Local/Flickr30K/flickr30k_images/flickr30k_images/4218698350.jpg,oven,0.7640968561172485,112.16230773925781,306.8099365234375,332.0,499.7395935058594,4
Flickr30K/4218698350.jpg,/content/Image_captioning_Local/Flickr30K/flickr30k_images/flickr30k_images/4218698350.jpg,bowl,0.41112542152404785,246.23260498046875,476.55181884765625,331.49871826171875,499.79315185546875,4
Flickr30K/4218698350.jpg,/content/Image_captioning_Local/Flickr30K/flickr30k_images/flickr30k_images/4218698350.jpg,bowl,0.292061448097229,173.48651123046875,318.45184326171875,288.2669372558594,378.03167724609375,4
Flickr30K/4218701454.jpg,/content/Image_captioning_Local/Flickr30K/flickr30k_images/flickr30k_images/4218701454.jpg,person,0.9406562447547913,83.43865966796875,5.9360504150390625,193.28231811523438,315.4631042480469,10
Flickr30K/4218701454.jpg,/content/Image_captioning_Local/Flickr30K/flickr30k_images/flickr30k_images/4218701454.jpg,person,0.9403868317604065,173.6448516845703,16.108726501464844,273.09783935546875,300.5689392089844,10
Flickr30K/4218701454.jpg,/content/Image_captioning_Local/Flickr30K/flickr30k_images/flickr30k_images/4218701454.jpg,person,0.9321487545967102,10.196820259094238,29.163349151611328,103.00794982910156,298.56463623046875,10
Flickr30K/4218701454.jpg,/content/Image_captioning_Local/Flickr30K/flickr30k_images/flickr30k_images/4218701454.jpg,person,0.8785973191261292,352.36309814453125,8.858680725097656,480.646240234375,325.11834716796875,10
Flickr30K/4218701454.jpg,/content/Image_captioning_Local/Flickr30K/flickr30k_images/flickr30k_images/4218701454.jpg,person,0.7262393832206726,311.8294372558594,46.91886901855469,386.8735656738281,302.74658203125,10
Flickr30K/4218701454.jpg,/content/Image_captioning_Local/Flickr30K/flickr30k_images/flickr30k_images/4218701454.jpg,bottle,0.5772209763526917,284.2425231933594,115.31623840332031,294.7202453613281,146.0904541015625,10
Flickr30K/4218701454.jpg,/content/Image_captioning_Local/Flickr30K/flickr30k_images/flickr30k_images/4218701454.jpg,dining table,0.5036929249763489,427.4986267089844,174.40313720703125,499.79248046875,305.4255065917969,10
Flickr30K/4218701454.jpg,/content/Image_captioning_Local/Flickr30K/flickr30k_images/flickr30k_images/4218701454.jpg,person,0.297617644071579,311.6167907714844,45.25043869018555,386.822509765625,148.07298278808594,10
Flickr30K/4218701454.jpg,/content/Image_captioning_Local/Flickr30K/flickr30k_images/flickr30k_images/4218701454.jpg,chair,0.2726811170578003,0.19513368606567383,227.14810180664062,77.5650405883789,329.6073303222656,10
Flickr30K/4218701454.jpg,/content/Image_captioning_Local/Flickr30K/flickr30k_images/flickr30k_images/4218701454.jpg,chair,0.2531870901584625,17.812406539916992,228.54017639160156,76.7548828125,316.1365966796875,10
Flickr30K/4218979195.jpg,/content/Image_captioning_Local/Flickr30K/flickr30k_images/flickr30k_images/4218979195.jpg,person,0.9128715991973877,77.70633697509766,280.8259582519531,205.57598876953125,499.67388916015625,7
Flickr30K/4218979195.jpg,/content/Image_captioning_Local/Flickr30K/flickr30k_images/flickr30k_images/4218979195.jpg,bench,0.8916714787483215,106.04396057128906,398.5077209472656,326.03997802734375,499.7039794921875,7
Flickr30K/4218979195.jpg,/content/Image_captioning_Local/Flickr30K/flickr30k_images/flickr30k_images/4218979195.jpg,person,0.8446173071861267,221.6735382080078,245.79449462890625,269.5660095214844,347.30029296875,7
Flickr30K/4218979195.jpg,/content/Image_captioning_Local/Flickr30K/flickr30k_images/flickr30k_images/4218979195.jpg,person,0.735069215297699,147.1661834716797,256.4721984863281,191.63954162597656,315.0487976074219,7
Flickr30K/4218979195.jpg,/content/Image_captioning_Local/Flickr30K/flickr30k_images/flickr30k_images/4218979195.jpg,person,0.6118613481521606,291.34320068359375,253.51397705078125,307.0791320800781,274.4477844238281,7
Flickr30K/4218979195.jpg,/content/Image_captioning_Local/Flickr30K/flickr30k_images/flickr30k_images/4218979195.jpg,person,0.46106061339378357,256.71636962890625,236.1977081298828,276.640625,288.1885986328125,7
Flickr30K/4218979195.jpg,/content/Image_captioning_Local/Flickr30K/flickr30k_images/flickr30k_images/4218979195.jpg,cell phone,0.3044640123844147,108.68460845947266,378.9847717285156,117.20933532714844,386.98468017578125,7
Flickr30K/421932359.jpg,/content/Image_captioning_Local/Flickr30K/flickr30k_images/flickr30k_images/421932359.jpg,dog,0.9177274703979492,179.3970184326172,131.25616455078125,314.1507263183594,364.4112243652344,1
Flickr30K/4220038431.jpg,/content/Image_captioning_Local/Flickr30K/flickr30k_images/flickr30k_images/4220038431.jpg,person,0.9047142267227173,181.05673217773438,23.144245147705078,300.0,492.84930419921875,2
Flickr30K/4220038431.jpg,/content/Image_captioning_Local/Flickr30K/flickr30k_images/flickr30k_images/4220038431.jpg,person,0.9005506038665771,0.0,14.361095428466797,103.85980224609375,454.9944763183594,2
Flickr30K/4220683018.jpg,/content/Image_captioning_Local/Flickr30K/flickr30k_images/flickr30k_images/4220683018.jpg,chair,0.9372740983963013,0.11688470840454102,88.63307189941406,98.98189544677734,307.8529357910156,9
Flickr30K/4220683018.jpg,/content/Image_captioning_Local/Flickr30K/flickr30k_images/flickr30k_images/4220683018.jpg,person,0.8890930414199829,207.66009521484375,42.15898513793945,417.279296875,330.7212829589844,9
Flickr30K/4220683018.jpg,/content/Image_captioning_Local/Flickr30K/flickr30k_images/flickr30k_images/4220683018.jpg,vase,0.8493698835372925,34.94447326660156,40.03286361694336,83.2137222290039,93.33758544921875,9
Flickr30K/4220683018.jpg,/content/Image_captioning_Local/Flickr30K/flickr30k_images/flickr30k_images/4220683018.jpg,person,0.7282232642173767,92.67143249511719,63.50865173339844,257.07958984375,328.93255615234375,9
Flickr30K/4220683018.jpg,/content/Image_captioning_Local/Flickr30K/flickr30k_images/flickr30k_images/4220683018.jpg,bottle,0.5050986409187317,0.04585534334182739,233.697509765625,19.31805992126465,276.1407775878906,9
Flickr30K/4220683018.jpg,/content/Image_captioning_Local/Flickr30K/flickr30k_images/flickr30k_images/4220683018.jpg,person,0.434527188539505,390.79217529296875,208.2375030517578,499.6399841308594,329.6887512207031,9
Flickr30K/4220683018.jpg,/content/Image_captioning_Local/Flickr30K/flickr30k_images/flickr30k_images/4220683018.jpg,person,0.33322906494140625,93.69796752929688,60.2996826171875,475.01739501953125,330.5121765136719,9
Flickr30K/4220683018.jpg,/content/Image_captioning_Local/Flickr30K/flickr30k_images/flickr30k_images/4220683018.jpg,bottle,0.2866356670856476,0.012992322444915771,233.54518127441406,19.567951202392578,313.88409423828125,9
Flickr30K/4220683018.jpg,/content/Image_captioning_Local/Flickr30K/flickr30k_images/flickr30k_images/4220683018.jpg,potted plant,0.26995185017585754,2.6996850967407227,0.3227055072784424,116.66712951660156,93.25544738769531,9
Flickr30K/4220705176.jpg,/content/Image_captioning_Local/Flickr30K/flickr30k_images/flickr30k_images/4220705176.jpg,person,0.4320622682571411,232.9895477294922,266.4624938964844,271.4928283691406,359.7599182128906,4
Flickr30K/4220705176.jpg,/content/Image_captioning_Local/Flickr30K/flickr30k_images/flickr30k_images/4220705176.jpg,skis,0.377026230096817,211.65623474121094,254.43739318847656,269.1026306152344,389.7633972167969,4
Flickr30K/4220705176.jpg,/content/Image_captioning_Local/Flickr30K/flickr30k_images/flickr30k_images/4220705176.jpg,person,0.33380866050720215,211.60171508789062,254.10452270507812,271.0758972167969,390.7958068847656,4
Flickr30K/4220705176.jpg,/content/Image_captioning_Local/Flickr30K/flickr30k_images/flickr30k_images/4220705176.jpg,snowboard,0.31849342584609985,232.87997436523438,282.2056579589844,270.97039794921875,360.331787109375,4
Flickr30K/4221546207.jpg,/content/Image_captioning_Local/Flickr30K/flickr30k_images/flickr30k_images/4221546207.jpg,person,0.8929327726364136,0.26285648345947266,0.07939338684082031,154.42140197753906,203.39718627929688,7
Flickr30K/4221546207.jpg,/content/Image_captioning_Local/Flickr30K/flickr30k_images/flickr30k_images/4221546207.jpg,person,0.878872811794281,216.2792205810547,0.4488229751586914,375.0,214.82212829589844,7
Flickr30K/4221546207.jpg,/content/Image_captioning_Local/Flickr30K/flickr30k_images/flickr30k_images/4221546207.jpg,person,0.6830652952194214,124.7674560546875,40.28007888793945,222.93658447265625,120.98265075683594,7
Flickr30K/4221546207.jpg,/content/Image_captioning_Local/Flickr30K/flickr30k_images/flickr30k_images/4221546207.jpg,person,0.6229478120803833,0.052678585052490234,432.16961669921875,32.794700622558594,499.6556396484375,7
Flickr30K/4221546207.jpg,/content/Image_captioning_Local/Flickr30K/flickr30k_images/flickr30k_images/4221546207.jpg,carrot,0.5563506484031677,131.11122131347656,77.9850845336914,155.77371215820312,103.06900787353516,7
Flickr30K/4221546207.jpg,/content/Image_captioning_Local/Flickr30K/flickr30k_images/flickr30k_images/4221546207.jpg,carrot,0.39547088742256165,193.48387145996094,73.4070053100586,219.2832489013672,96.35485076904297,7
Flickr30K/4221546207.jpg,/content/Image_captioning_Local/Flickr30K/flickr30k_images/flickr30k_images/4221546207.jpg,person,0.283104807138443,276.2225036621094,434.12322998046875,375.0,499.7806396484375,7
Flickr30K/4222067827.jpg,/content/Image_captioning_Local/Flickr30K/flickr30k_images/flickr30k_images/4222067827.jpg,person,0.9416840076446533,106.82549285888672,24.18961524963379,298.3336486816406,496.49114990234375,3
Flickr30K/4222067827.jpg,/content/Image_captioning_Local/Flickr30K/flickr30k_images/flickr30k_images/4222067827.jpg,person,0.8563408851623535,69.6919174194336,114.21881103515625,103.56385803222656,181.4056854248047,3
Flickr30K/4222067827.jpg,/content/Image_captioning_Local/Flickr30K/flickr30k_images/flickr30k_images/4222067827.jpg,dining table,0.5217130780220032,287.3463134765625,219.9542999267578,375.0,373.3094177246094,3
Flickr30K/4222240844.jpg,/content/Image_captioning_Local/Flickr30K/flickr30k_images/flickr30k_images/4222240844.jpg,person,0.9005879759788513,219.18370056152344,90.11092376708984,302.5704040527344,330.5367126464844,21
Flickr30K/4222240844.jpg,/content/Image_captioning_Local/Flickr30K/flickr30k_images/flickr30k_images/4222240844.jpg,umbrella,0.8715766668319702,185.775634765625,74.025390625,327.3249816894531,138.5153350830078,21
Flickr30K/4222240844.jpg,/content/Image_captioning_Local/Flickr30K/flickr30k_images/flickr30k_images/4222240844.jpg,person,0.8438800573348999,91.64384460449219,74.58824157714844,184.5810546875,337.3097839355469,21
Flickr30K/4222240844.jpg,/content/Image_captioning_Local/Flickr30K/flickr30k_images/flickr30k_images/4222240844.jpg,handbag,0.8325449228286743,274.2084045410156,173.6259002685547,337.1493835449219,255.2748260498047,21
Flickr30K/4222240844.jpg,/content/Image_captioning_Local/Flickr30K/flickr30k_images/flickr30k_images/4222240844.jpg,person,0.762305498123169,401.8181457519531,82.8421859741211,427.0982360839844,138.6334686279297,21
Flickr30K/4222240844.jpg,/content/Image_captioning_Local/Flickr30K/flickr30k_images/flickr30k_images/4222240844.jpg,person,0.6764543652534485,320.59735107421875,85.03742218017578,344.7861633300781,146.9655303955078,21
Flickr30K/4222240844.jpg,/content/Image_captioning_Local/Flickr30K/flickr30k_images/flickr30k_images/4222240844.jpg,person,0.6481719017028809,425.4083557128906,85.6109848022461,444.70367431640625,146.58287048339844,21
Flickr30K/4222240844.jpg,/content/Image_captioning_Local/Flickr30K/flickr30k_images/flickr30k_images/4222240844.jpg,person,0.6410884857177734,352.78778076171875,79.7911376953125,401.6807556152344,157.24554443359375,21
Flickr30K/4222240844.jpg,/content/Image_captioning_Local/Flickr30K/flickr30k_images/flickr30k_images/4222240844.jpg,car,0.5746849775314331,0.030553340911865234,116.72039031982422,18.06979751586914,200.66876220703125,21
Flickr30K/4222240844.jpg,/content/Image_captioning_Local/Flickr30K/flickr30k_images/flickr30k_images/4222240844.jpg,umbrella,0.55137699842453,10.42180061340332,9.287601470947266,226.94129943847656,81.81938934326172,21
Flickr30K/4222240844.jpg,/content/Image_captioning_Local/Flickr30K/flickr30k_images/flickr30k_images/4222240844.jpg,person,0.550139844417572,179.5157928466797,75.59233093261719,210.03494262695312,184.37071228027344,21
Flickr30K/4222240844.jpg,/content/Image_captioning_Local/Flickr30K/flickr30k_images/flickr30k_images/4222240844.jpg,umbrella,0.4595363438129425,355.1319580078125,66.07829284667969,418.568359375,87.39348602294922,21
Flickr30K/4222240844.jpg,/content/Image_captioning_Local/Flickr30K/flickr30k_images/flickr30k_images/4222240844.jpg,person,0.4252847135066986,209.98593139648438,121.15103912353516,234.71475219726562,182.32081604003906,21
Flickr30K/4222240844.jpg,/content/Image_captioning_Local/Flickr30K/flickr30k_images/flickr30k_images/4222240844.jpg,umbrella,0.41175124049186707,426.9605712890625,73.07427215576172,463.551513671875,90.1865463256836,21
Flickr30K/4222240844.jpg,/content/Image_captioning_Local/Flickr30K/flickr30k_images/flickr30k_images/4222240844.jpg,person,0.40802544355392456,436.17974853515625,76.92959594726562,463.8053894042969,150.9186248779297,21
Flickr30K/4222240844.jpg,/content/Image_captioning_Local/Flickr30K/flickr30k_images/flickr30k_images/4222240844.jpg,person,0.3789655268192291,341.9080810546875,85.87944793701172,363.128173828125,142.3045654296875,21
Flickr30K/4222240844.jpg,/content/Image_captioning_Local/Flickr30K/flickr30k_images/flickr30k_images/4222240844.jpg,umbrella,0.3711276352405548,354.5155029296875,66.14678955078125,418.6978454589844,109.7457046508789,21
Flickr30K/4222240844.jpg,/content/Image_captioning_Local/Flickr30K/flickr30k_images/flickr30k_images/4222240844.jpg,umbrella,0.31174105405807495,321.6268615722656,72.2589340209961,347.19049072265625,90.84724426269531,21
Flickr30K/4222240844.jpg,/content/Image_captioning_Local/Flickr30K/flickr30k_images/flickr30k_images/4222240844.jpg,person,0.3069283664226532,437.29437255859375,77.45111083984375,463.6072082519531,126.39424896240234,21
Flickr30K/4222240844.jpg,/content/Image_captioning_Local/Flickr30K/flickr30k_images/flickr30k_images/4222240844.jpg,car,0.2962031364440918,0.2944648265838623,94.7702407836914,70.02688598632812,141.01531982421875,21
Flickr30K/4222240844.jpg,/content/Image_captioning_Local/Flickr30K/flickr30k_images/flickr30k_images/4222240844.jpg,umbrella,0.2791469991207123,10.359692573547363,9.394192695617676,227.57186889648438,136.76869201660156,21
Flickr30K/4222323987.jpg,/content/Image_captioning_Local/Flickr30K/flickr30k_images/flickr30k_images/4222323987.jpg,person,0.949182391166687,219.15235900878906,91.98535919189453,481.77374267578125,330.2049255371094,4
Flickr30K/4222323987.jpg,/content/Image_captioning_Local/Flickr30K/flickr30k_images/flickr30k_images/4222323987.jpg,person,0.8192302584648132,0.07547438144683838,121.80652618408203,35.58512496948242,238.0543670654297,4
Flickr30K/4222323987.jpg,/content/Image_captioning_Local/Flickr30K/flickr30k_images/flickr30k_images/4222323987.jpg,chair,0.41482821106910706,406.32427978515625,165.6414031982422,468.88934326171875,222.33924865722656,4
Flickr30K/4222323987.jpg,/content/Image_captioning_Local/Flickr30K/flickr30k_images/flickr30k_images/4222323987.jpg,chair,0.2715287208557129,492.5306396484375,240.2293243408203,499.8183288574219,331.8036193847656,4
Flickr30K/4222836730.jpg,/content/Image_captioning_Local/Flickr30K/flickr30k_images/flickr30k_images/4222836730.jpg,person,0.8881527185440063,26.03636932373047,86.17224884033203,258.01800537109375,498.8877868652344,2
Flickr30K/4222836730.jpg,/content/Image_captioning_Local/Flickr30K/flickr30k_images/flickr30k_images/4222836730.jpg,tv,0.25035691261291504,3.9821624755859375,39.748146057128906,257.6011962890625,203.1840057373047,2
Flickr30K/4223855717.jpg,/content/Image_captioning_Local/Flickr30K/flickr30k_images/flickr30k_images/4223855717.jpg,car,0.923886239528656,0.6501674652099609,211.9424285888672,262.0266418457031,372.8741149902344,13
Flickr30K/4223855717.jpg,/content/Image_captioning_Local/Flickr30K/flickr30k_images/flickr30k_images/4223855717.jpg,person,0.8991779088973999,311.30084228515625,189.98117065429688,362.2503356933594,373.09686279296875,13
Flickr30K/4223855717.jpg,/content/Image_captioning_Local/Flickr30K/flickr30k_images/flickr30k_images/4223855717.jpg,person,0.890219509601593,387.74725341796875,183.8564910888672,468.375244140625,372.29425048828125,13
Flickr30K/4223855717.jpg,/content/Image_captioning_Local/Flickr30K/flickr30k_images/flickr30k_images/4223855717.jpg,person,0.8839158415794373,458.079345703125,161.7073974609375,499.81878662109375,371.4981689453125,13
Flickr30K/4223855717.jpg,/content/Image_captioning_Local/Flickr30K/flickr30k_images/flickr30k_images/4223855717.jpg,parking meter,0.87516850233078,283.673095703125,237.06875610351562,316.7527160644531,315.480224609375,13
Flickr30K/4223855717.jpg,/content/Image_captioning_Local/Flickr30K/flickr30k_images/flickr30k_images/4223855717.jpg,person,0.8507351279258728,236.4177703857422,185.04991149902344,276.9772644042969,343.0320739746094,13
Flickr30K/4223855717.jpg,/content/Image_captioning_Local/Flickr30K/flickr30k_images/flickr30k_images/4223855717.jpg,person,0.8430055975914001,152.3549346923828,155.30081176757812,209.27061462402344,267.63067626953125,13
Flickr30K/4223855717.jpg,/content/Image_captioning_Local/Flickr30K/flickr30k_images/flickr30k_images/4223855717.jpg,truck,0.8285484313964844,1.6362190246582031,116.58451843261719,310.0039367675781,296.47320556640625,13
Flickr30K/4223855717.jpg,/content/Image_captioning_Local/Flickr30K/flickr30k_images/flickr30k_images/4223855717.jpg,car,0.7998886108398438,355.5027770996094,182.19189453125,476.58453369140625,351.35394287109375,13
Flickr30K/4223855717.jpg,/content/Image_captioning_Local/Flickr30K/flickr30k_images/flickr30k_images/4223855717.jpg,car,0.7834960222244263,258.0105285644531,181.15869140625,372.7979736328125,223.31491088867188,13
Flickr30K/4223855717.jpg,/content/Image_captioning_Local/Flickr30K/flickr30k_images/flickr30k_images/4223855717.jpg,car,0.43433523178100586,376.0361328125,180.83963012695312,400.4055480957031,203.33189392089844,13
Flickr30K/4223855717.jpg,/content/Image_captioning_Local/Flickr30K/flickr30k_images/flickr30k_images/4223855717.jpg,car,0.27786433696746826,258.4155578613281,181.04562377929688,332.2737731933594,221.0950927734375,13
Flickr30K/4223855717.jpg,/content/Image_captioning_Local/Flickr30K/flickr30k_images/flickr30k_images/4223855717.jpg,car,0.27109506726264954,444.36529541015625,182.1449737548828,474.92559814453125,217.3134307861328,13
Flickr30K/4224501932.jpg,/content/Image_captioning_Local/Flickr30K/flickr30k_images/flickr30k_images/4224501932.jpg,person,0.9288063049316406,287.65277099609375,10.399150848388672,435.75750732421875,274.4632263183594,10
Flickr30K/4224501932.jpg,/content/Image_captioning_Local/Flickr30K/flickr30k_images/flickr30k_images/4224501932.jpg,person,0.8833903074264526,78.79953002929688,8.18474292755127,180.40280151367188,205.53509521484375,10
Flickr30K/4224501932.jpg,/content/Image_captioning_Local/Flickr30K/flickr30k_images/flickr30k_images/4224501932.jpg,person,0.8328000903129578,0.25904178619384766,122.18379974365234,109.89299011230469,331.2531433105469,10
Flickr30K/4224501932.jpg,/content/Image_captioning_Local/Flickr30K/flickr30k_images/flickr30k_images/4224501932.jpg,person,0.779511570930481,29.688655853271484,0.41193366050720215,60.84517288208008,63.66553497314453,10
Flickr30K/4224501932.jpg,/content/Image_captioning_Local/Flickr30K/flickr30k_images/flickr30k_images/4224501932.jpg,person,0.7738516926765442,0.04633665084838867,0.3787875175476074,28.90133285522461,69.43672943115234,10
Flickr30K/4224501932.jpg,/content/Image_captioning_Local/Flickr30K/flickr30k_images/flickr30k_images/4224501932.jpg,person,0.7218376994132996,177.90174865722656,8.159578323364258,285.394287109375,227.2066650390625,10
Flickr30K/4224501932.jpg,/content/Image_captioning_Local/Flickr30K/flickr30k_images/flickr30k_images/4224501932.jpg,tennis racket,0.5923624634742737,301.6173400878906,28.99937629699707,348.17047119140625,78.8309555053711,10
Flickr30K/4224501932.jpg,/content/Image_captioning_Local/Flickr30K/flickr30k_images/flickr30k_images/4224501932.jpg,person,0.5666218996047974,130.51351928710938,0.8012771606445312,184.83074951171875,143.8251953125,10
Flickr30K/4224501932.jpg,/content/Image_captioning_Local/Flickr30K/flickr30k_images/flickr30k_images/4224501932.jpg,person,0.4652140140533447,152.36045837402344,0.0,171.027587890625,44.16027069091797,10
Flickr30K/4224501932.jpg,/content/Image_captioning_Local/Flickr30K/flickr30k_images/flickr30k_images/4224501932.jpg,person,0.26590821146965027,58.47113037109375,0.06275177001953125,130.39474487304688,128.9559326171875,10
Flickr30K/4224555124.jpg,/content/Image_captioning_Local/Flickr30K/flickr30k_images/flickr30k_images/4224555124.jpg,person,0.922448456287384,142.1455078125,19.383621215820312,279.0572814941406,263.7353515625,13
Flickr30K/4224555124.jpg,/content/Image_captioning_Local/Flickr30K/flickr30k_images/flickr30k_images/4224555124.jpg,person,0.9052144885063171,192.39988708496094,11.227941513061523,422.88726806640625,328.93157958984375,13
Flickr30K/4224555124.jpg,/content/Image_captioning_Local/Flickr30K/flickr30k_images/flickr30k_images/4224555124.jpg,person,0.7912758588790894,0.3500819206237793,72.46784973144531,169.80532836914062,329.5888366699219,13
Flickr30K/4224555124.jpg,/content/Image_captioning_Local/Flickr30K/flickr30k_images/flickr30k_images/4224555124.jpg,person,0.7032126188278198,29.357147216796875,168.0380401611328,176.9826202392578,331.90045166015625,13
Flickr30K/4224555124.jpg,/content/Image_captioning_Local/Flickr30K/flickr30k_images/flickr30k_images/4224555124.jpg,person,0.6864117383956909,202.98895263671875,0.37627220153808594,224.2400665283203,44.870948791503906,13
Flickr30K/4224555124.jpg,/content/Image_captioning_Local/Flickr30K/flickr30k_images/flickr30k_images/4224555124.jpg,person,0.6336014270782471,348.5369567871094,0.039005279541015625,498.3346862792969,172.76255798339844,13
Flickr30K/4224555124.jpg,/content/Image_captioning_Local/Flickr30K/flickr30k_images/flickr30k_images/4224555124.jpg,person,0.6290590167045593,221.91143798828125,0.09688138961791992,247.4805908203125,45.4019660949707,13
Flickr30K/4224555124.jpg,/content/Image_captioning_Local/Flickr30K/flickr30k_images/flickr30k_images/4224555124.jpg,person,0.5193937420845032,114.5365219116211,0.2147078514099121,141.9691162109375,40.547119140625,13
Flickr30K/4224555124.jpg,/content/Image_captioning_Local/Flickr30K/flickr30k_images/flickr30k_images/4224555124.jpg,person,0.3870939612388611,269.4390869140625,0.606381893157959,298.5314025878906,45.39839172363281,13
Flickr30K/4224555124.jpg,/content/Image_captioning_Local/Flickr30K/flickr30k_images/flickr30k_images/4224555124.jpg,person,0.3850419819355011,64.39119720458984,0.0,88.01261138916016,36.64923858642578,13
Flickr30K/4224555124.jpg,/content/Image_captioning_Local/Flickr30K/flickr30k_images/flickr30k_images/4224555124.jpg,frisbee,0.383546382188797,151.50167846679688,91.3879165649414,211.71157836914062,110.31343841552734,13
Flickr30K/4224555124.jpg,/content/Image_captioning_Local/Flickr30K/flickr30k_images/flickr30k_images/4224555124.jpg,person,0.30296915769577026,85.61500549316406,0.5282461643218994,108.15904998779297,37.88480758666992,13
Flickr30K/4224555124.jpg,/content/Image_captioning_Local/Flickr30K/flickr30k_images/flickr30k_images/4224555124.jpg,chair,0.278739869594574,135.42483520507812,22.571731567382812,158.24978637695312,40.01419448852539,13
Flickr30K/4224693415.jpg,/content/Image_captioning_Local/Flickr30K/flickr30k_images/flickr30k_images/4224693415.jpg,person,0.9107698798179626,246.20394897460938,42.473175048828125,499.6873474121094,447.44696044921875,8
Flickr30K/4224693415.jpg,/content/Image_captioning_Local/Flickr30K/flickr30k_images/flickr30k_images/4224693415.jpg,bowl,0.689252495765686,300.014892578125,239.3496551513672,355.7095642089844,280.947509765625,8
Flickr30K/4224693415.jpg,/content/Image_captioning_Local/Flickr30K/flickr30k_images/flickr30k_images/4224693415.jpg,person,0.6706198453903198,388.5342712402344,99.0517349243164,431.9984436035156,198.47979736328125,8
Flickr30K/4224693415.jpg,/content/Image_captioning_Local/Flickr30K/flickr30k_images/flickr30k_images/4224693415.jpg,person,0.46252915263175964,70.17888641357422,99.83029174804688,191.22027587890625,219.44097900390625,8
Flickr30K/4224693415.jpg,/content/Image_captioning_Local/Flickr30K/flickr30k_images/flickr30k_images/4224693415.jpg,bowl,0.4596511721611023,217.2698516845703,248.48074340820312,289.74237060546875,276.2439270019531,8
Flickr30K/4224693415.jpg,/content/Image_captioning_Local/Flickr30K/flickr30k_images/flickr30k_images/4224693415.jpg,bowl,0.30393272638320923,217.01502990722656,248.6328582763672,289.77532958984375,288.9053955078125,8
Flickr30K/4224693415.jpg,/content/Image_captioning_Local/Flickr30K/flickr30k_images/flickr30k_images/4224693415.jpg,bowl,0.29029524326324463,206.48175048828125,306.87750244140625,273.3453674316406,361.13275146484375,8
Flickr30K/4224693415.jpg,/content/Image_captioning_Local/Flickr30K/flickr30k_images/flickr30k_images/4224693415.jpg,knife,0.2782355546951294,252.08816528320312,353.62286376953125,357.4216003417969,447.8710632324219,8
Flickr30K/4225248313.jpg,/content/Image_captioning_Local/Flickr30K/flickr30k_images/flickr30k_images/4225248313.jpg,person,0.802876889705658,11.061763763427734,25.377225875854492,253.80917358398438,330.1512756347656,3
Flickr30K/4225248313.jpg,/content/Image_captioning_Local/Flickr30K/flickr30k_images/flickr30k_images/4225248313.jpg,person,0.791161835193634,195.09046936035156,0.27272701263427734,412.7932434082031,279.81964111328125,3
Flickr30K/4225248313.jpg,/content/Image_captioning_Local/Flickr30K/flickr30k_images/flickr30k_images/4225248313.jpg,chair,0.4738848805427551,18.948698043823242,0.0,499.7160339355469,330.50604248046875,3
Flickr30K/42256309.jpg,/content/Image_captioning_Local/Flickr30K/flickr30k_images/flickr30k_images/42256309.jpg,person,0.8780015110969543,253.5139617919922,244.03958129882812,319.5225830078125,397.31427001953125,3
Flickr30K/42256309.jpg,/content/Image_captioning_Local/Flickr30K/flickr30k_images/flickr30k_images/42256309.jpg,person,0.7954908013343811,4.535460472106934,1.8571853637695312,346.85968017578125,395.595703125,3
Flickr30K/42256309.jpg,/content/Image_captioning_Local/Flickr30K/flickr30k_images/flickr30k_images/42256309.jpg,person,0.7587134838104248,285.42822265625,214.67103576660156,330.51824951171875,395.2784118652344,3
Flickr30K/4225726986.jpg,/content/Image_captioning_Local/Flickr30K/flickr30k_images/flickr30k_images/4225726986.jpg,person,0.8677263259887695,45.5134162902832,312.2696533203125,81.99274444580078,413.2244567871094,20
Flickr30K/4225726986.jpg,/content/Image_captioning_Local/Flickr30K/flickr30k_images/flickr30k_images/4225726986.jpg,car,0.7172539234161377,168.83258056640625,321.4757080078125,179.19854736328125,335.2324523925781,20
Flickr30K/4225726986.jpg,/content/Image_captioning_Local/Flickr30K/flickr30k_images/flickr30k_images/4225726986.jpg,truck,0.7084025144577026,77.9501953125,293.3027648925781,138.8122100830078,373.01275634765625,20
Flickr30K/4225726986.jpg,/content/Image_captioning_Local/Flickr30K/flickr30k_images/flickr30k_images/4225726986.jpg,car,0.6983315944671631,178.85055541992188,315.8232116699219,201.09300231933594,340.1847229003906,20
Flickr30K/4225726986.jpg,/content/Image_captioning_Local/Flickr30K/flickr30k_images/flickr30k_images/4225726986.jpg,car,0.6830077171325684,219.0012969970703,323.10504150390625,240.5928192138672,344.9858093261719,20
Flickr30K/4225726986.jpg,/content/Image_captioning_Local/Flickr30K/flickr30k_images/flickr30k_images/4225726986.jpg,person,0.6520538926124573,265.84234619140625,321.1427307128906,277.88189697265625,358.74322509765625,20
Flickr30K/4225726986.jpg,/content/Image_captioning_Local/Flickr30K/flickr30k_images/flickr30k_images/4225726986.jpg,person,0.6397061944007874,256.37152099609375,319.6839904785156,266.8768615722656,355.29266357421875,20
Flickr30K/4225726986.jpg,/content/Image_captioning_Local/Flickr30K/flickr30k_images/flickr30k_images/4225726986.jpg,car,0.6084893345832825,159.58616638183594,325.6837463378906,172.663330078125,340.37176513671875,20
Flickr30K/4225726986.jpg,/content/Image_captioning_Local/Flickr30K/flickr30k_images/flickr30k_images/4225726986.jpg,person,0.593529462814331,240.35768127441406,318.9079284667969,250.0943145751953,347.3810119628906,20
Flickr30K/4225726986.jpg,/content/Image_captioning_Local/Flickr30K/flickr30k_images/flickr30k_images/4225726986.jpg,person,0.5865466594696045,141.8324432373047,324.0774230957031,155.60560607910156,358.0166015625,20
Flickr30K/4225726986.jpg,/content/Image_captioning_Local/Flickr30K/flickr30k_images/flickr30k_images/4225726986.jpg,person,0.5737898945808411,0.2738833427429199,297.57196044921875,31.542396545410156,418.2419738769531,20
Flickr30K/4225726986.jpg,/content/Image_captioning_Local/Flickr30K/flickr30k_images/flickr30k_images/4225726986.jpg,person,0.5548017024993896,249.6370086669922,320.3045349121094,257.5273132324219,346.951904296875,20
Flickr30K/4225726986.jpg,/content/Image_captioning_Local/Flickr30K/flickr30k_images/flickr30k_images/4225726986.jpg,person,0.5251944661140442,132.4990997314453,322.7197570800781,145.9521026611328,358.38519287109375,20
Flickr30K/4225726986.jpg,/content/Image_captioning_Local/Flickr30K/flickr30k_images/flickr30k_images/4225726986.jpg,car,0.48377108573913574,151.44700622558594,325.7371826171875,172.0794677734375,341.146484375,20
Flickr30K/4225726986.jpg,/content/Image_captioning_Local/Flickr30K/flickr30k_images/flickr30k_images/4225726986.jpg,person,0.46237704157829285,18.852924346923828,308.16845703125,44.29568099975586,411.9568786621094,20
Flickr30K/4225726986.jpg,/content/Image_captioning_Local/Flickr30K/flickr30k_images/flickr30k_images/4225726986.jpg,car,0.4476911723613739,151.83737182617188,326.3751220703125,164.87557983398438,341.55023193359375,20
Flickr30K/4225726986.jpg,/content/Image_captioning_Local/Flickr30K/flickr30k_images/flickr30k_images/4225726986.jpg,car,0.2975955009460449,199.78208923339844,320.3575439453125,209.16586303710938,332.5466003417969,20
Flickr30K/4225726986.jpg,/content/Image_captioning_Local/Flickr30K/flickr30k_images/flickr30k_images/4225726986.jpg,person,0.27790817618370056,137.15484619140625,323.5723876953125,146.61941528320312,358.164306640625,20
Flickr30K/4225726986.jpg,/content/Image_captioning_Local/Flickr30K/flickr30k_images/flickr30k_images/4225726986.jpg,person,0.2557346224784851,274.95416259765625,319.57708740234375,281.5570373535156,344.9189758300781,20
Flickr30K/4225726986.jpg,/content/Image_captioning_Local/Flickr30K/flickr30k_images/flickr30k_images/4225726986.jpg,car,0.2526688277721405,78.13787841796875,312.7016296386719,135.84976196289062,373.0021667480469,20
Flickr30K/422577096.jpg,/content/Image_captioning_Local/Flickr30K/flickr30k_images/flickr30k_images/422577096.jpg,person,0.8871585130691528,34.89020919799805,19.462013244628906,342.19775390625,498.7923583984375,5
Flickr30K/422577096.jpg,/content/Image_captioning_Local/Flickr30K/flickr30k_images/flickr30k_images/422577096.jpg,bottle,0.7087457776069641,1.980757713317871,13.859396934509277,18.895267486572266,64.24373626708984,5
Flickr30K/422577096.jpg,/content/Image_captioning_Local/Flickr30K/flickr30k_images/flickr30k_images/422577096.jpg,book,0.7048924565315247,17.39354133605957,140.65725708007812,139.38055419921875,197.16441345214844,5
Flickr30K/422577096.jpg,/content/Image_captioning_Local/Flickr30K/flickr30k_images/flickr30k_images/422577096.jpg,person,0.5552024245262146,288.3138732910156,2.3245811462402344,375.0,497.5554504394531,5
Flickr30K/422577096.jpg,/content/Image_captioning_Local/Flickr30K/flickr30k_images/flickr30k_images/422577096.jpg,bed,0.46420079469680786,0.0,135.87908935546875,147.1957244873047,495.188720703125,5
Flickr30K/4226136348.jpg,/content/Image_captioning_Local/Flickr30K/flickr30k_images/flickr30k_images/4226136348.jpg,person,0.9058970212936401,60.65365219116211,63.85679244995117,247.51019287109375,498.09063720703125,2
Flickr30K/4226136348.jpg,/content/Image_captioning_Local/Flickr30K/flickr30k_images/flickr30k_images/4226136348.jpg,sheep,0.5691853165626526,164.86062622070312,189.6666717529297,239.4825439453125,262.9520263671875,2
Flickr30K/4226270513.jpg,/content/Image_captioning_Local/Flickr30K/flickr30k_images/flickr30k_images/4226270513.jpg,person,0.9157860279083252,143.49563598632812,63.78550720214844,274.4778747558594,301.10540771484375,8
Flickr30K/4226270513.jpg,/content/Image_captioning_Local/Flickr30K/flickr30k_images/flickr30k_images/4226270513.jpg,person,0.8931294083595276,247.712890625,86.61647033691406,356.4406433105469,265.8716125488281,8
Flickr30K/4226270513.jpg,/content/Image_captioning_Local/Flickr30K/flickr30k_images/flickr30k_images/4226270513.jpg,person,0.8815618753433228,101.51158905029297,105.16431427001953,160.5738525390625,233.2176513671875,8
Flickr30K/4226270513.jpg,/content/Image_captioning_Local/Flickr30K/flickr30k_images/flickr30k_images/4226270513.jpg,person,0.8165752291679382,0.022518634796142578,152.57864379882812,22.297327041625977,219.38552856445312,8
Flickr30K/4226270513.jpg,/content/Image_captioning_Local/Flickr30K/flickr30k_images/flickr30k_images/4226270513.jpg,person,0.75298672914505,48.09982681274414,82.39875030517578,101.0120620727539,250.09193420410156,8
Flickr30K/4226270513.jpg,/content/Image_captioning_Local/Flickr30K/flickr30k_images/flickr30k_images/4226270513.jpg,person,0.7029253244400024,173.46681213378906,159.885986328125,187.6465606689453,204.3032684326172,8
Flickr30K/4226270513.jpg,/content/Image_captioning_Local/Flickr30K/flickr30k_images/flickr30k_images/4226270513.jpg,person,0.6965345740318298,30.864917755126953,154.42185974121094,53.99111557006836,216.4783935546875,8
Flickr30K/4226270513.jpg,/content/Image_captioning_Local/Flickr30K/flickr30k_images/flickr30k_images/4226270513.jpg,person,0.30957627296447754,186.7671661376953,164.97210693359375,202.58432006835938,204.20693969726562,8
Flickr30K/422736619.jpg,/content/Image_captioning_Local/Flickr30K/flickr30k_images/flickr30k_images/422736619.jpg,person,0.9233359694480896,190.7052001953125,104.74853515625,291.3236083984375,283.48980712890625,3
Flickr30K/422736619.jpg,/content/Image_captioning_Local/Flickr30K/flickr30k_images/flickr30k_images/422736619.jpg,person,0.8953912258148193,45.42720413208008,159.71751403808594,166.59417724609375,324.5079650878906,3
Flickr30K/422736619.jpg,/content/Image_captioning_Local/Flickr30K/flickr30k_images/flickr30k_images/422736619.jpg,person,0.8744844794273376,286.0044860839844,64.93314361572266,383.4267272949219,215.68836975097656,3
Flickr30K/422737954.jpg,/content/Image_captioning_Local/Flickr30K/flickr30k_images/flickr30k_images/422737954.jpg,person,0.9054534435272217,0.1697063446044922,17.52796173095703,105.79110717773438,371.20257568359375,6
Flickr30K/422737954.jpg,/content/Image_captioning_Local/Flickr30K/flickr30k_images/flickr30k_images/422737954.jpg,person,0.8938711285591125,338.7652893066406,212.48411560058594,426.84588623046875,347.9547119140625,6
Flickr30K/422737954.jpg,/content/Image_captioning_Local/Flickr30K/flickr30k_images/flickr30k_images/422737954.jpg,truck,0.8865354657173157,96.38557434082031,29.58688735961914,256.3656005859375,95.52173614501953,6
Flickr30K/422737954.jpg,/content/Image_captioning_Local/Flickr30K/flickr30k_images/flickr30k_images/422737954.jpg,person,0.8821120858192444,302.0908203125,183.34197998046875,373.6557312011719,366.5352783203125,6
Flickr30K/422737954.jpg,/content/Image_captioning_Local/Flickr30K/flickr30k_images/flickr30k_images/422737954.jpg,person,0.8327170014381409,401.2412109375,161.42091369628906,473.57568359375,292.2530212402344,6
Flickr30K/422737954.jpg,/content/Image_captioning_Local/Flickr30K/flickr30k_images/flickr30k_images/422737954.jpg,person,0.2543518543243408,0.08989572525024414,231.42514038085938,31.492847442626953,341.6419372558594,6
Flickr30K/422756764.jpg,/content/Image_captioning_Local/Flickr30K/flickr30k_images/flickr30k_images/422756764.jpg,dog,0.9304315447807312,89.73225402832031,68.78182983398438,405.1412658691406,294.94110107421875,2
Flickr30K/422756764.jpg,/content/Image_captioning_Local/Flickr30K/flickr30k_images/flickr30k_images/422756764.jpg,sports ball,0.9129287004470825,365.2674560546875,183.34812927246094,401.385498046875,213.8211669921875,2
Flickr30K/42276187.jpg,/content/Image_captioning_Local/Flickr30K/flickr30k_images/flickr30k_images/42276187.jpg,person,0.9370749592781067,391.5099182128906,46.3124885559082,482.2047119140625,196.54879760742188,1
Flickr30K/422763475.jpg,/content/Image_captioning_Local/Flickr30K/flickr30k_images/flickr30k_images/422763475.jpg,person,0.9357904195785522,56.45817565917969,44.66014099121094,222.25294494628906,338.30279541015625,3
Flickr30K/422763475.jpg,/content/Image_captioning_Local/Flickr30K/flickr30k_images/flickr30k_images/422763475.jpg,surfboard,0.8920082449913025,16.151355743408203,171.28689575195312,105.50718688964844,343.7984313964844,3
Flickr30K/422763475.jpg,/content/Image_captioning_Local/Flickr30K/flickr30k_images/flickr30k_images/422763475.jpg,dog,0.8195564150810242,152.7149658203125,348.8432312011719,199.546630859375,425.66131591796875,3
Flickr30K/422787743.jpg,/content/Image_captioning_Local/Flickr30K/flickr30k_images/flickr30k_images/422787743.jpg,person,0.9442964196205139,189.25820922851562,1.3120651245117188,497.6285095214844,328.5881042480469,4
Flickr30K/422787743.jpg,/content/Image_captioning_Local/Flickr30K/flickr30k_images/flickr30k_images/422787743.jpg,person,0.9326232075691223,0.09970664978027344,25.002395629882812,219.55618286132812,327.3816223144531,4
Flickr30K/422787743.jpg,/content/Image_captioning_Local/Flickr30K/flickr30k_images/flickr30k_images/422787743.jpg,person,0.7924653887748718,116.74353790283203,2.515941858291626,152.68089294433594,71.94900512695312,4
Flickr30K/422787743.jpg,/content/Image_captioning_Local/Flickr30K/flickr30k_images/flickr30k_images/422787743.jpg,sheep,0.6837464570999146,123.66862487792969,157.7444610595703,289.73150634765625,303.3531799316406,4
Flickr30K/4229894355.jpg,/content/Image_captioning_Local/Flickr30K/flickr30k_images/flickr30k_images/4229894355.jpg,person,0.9173314571380615,174.13780212402344,28.61924171447754,314.8006591796875,285.04852294921875,1
Flickr30K/423006709.jpg,/content/Image_captioning_Local/Flickr30K/flickr30k_images/flickr30k_images/423006709.jpg,person,0.5399920344352722,92.11542510986328,151.11122131347656,180.8114471435547,270.103271484375,16
Flickr30K/423006709.jpg,/content/Image_captioning_Local/Flickr30K/flickr30k_images/flickr30k_images/423006709.jpg,person,0.4609876573085785,317.2881164550781,81.92382049560547,344.9634094238281,119.09866333007812,16
Flickr30K/423006709.jpg,/content/Image_captioning_Local/Flickr30K/flickr30k_images/flickr30k_images/423006709.jpg,person,0.45914292335510254,169.91690063476562,236.98487854003906,295.2051086425781,373.1951599121094,16
Flickr30K/423006709.jpg,/content/Image_captioning_Local/Flickr30K/flickr30k_images/flickr30k_images/423006709.jpg,chair,0.43574580550193787,137.31210327148438,131.5741729736328,199.39926147460938,177.65647888183594,16
Flickr30K/423006709.jpg,/content/Image_captioning_Local/Flickr30K/flickr30k_images/flickr30k_images/423006709.jpg,person,0.4307674169540405,5.138194561004639,179.87002563476562,169.40170288085938,353.0662536621094,16
Flickr30K/423006709.jpg,/content/Image_captioning_Local/Flickr30K/flickr30k_images/flickr30k_images/423006709.jpg,person,0.39202824234962463,116.78733825683594,137.86154174804688,192.00473022460938,234.1586151123047,16
Flickr30K/423006709.jpg,/content/Image_captioning_Local/Flickr30K/flickr30k_images/flickr30k_images/423006709.jpg,person,0.37805625796318054,344.0992736816406,116.0940170288086,379.9017333984375,183.9962921142578,16
Flickr30K/423006709.jpg,/content/Image_captioning_Local/Flickr30K/flickr30k_images/flickr30k_images/423006709.jpg,person,0.37010645866394043,294.44586181640625,166.089111328125,372.267578125,241.36834716796875,16
Flickr30K/423006709.jpg,/content/Image_captioning_Local/Flickr30K/flickr30k_images/flickr30k_images/423006709.jpg,person,0.3298919200897217,287.1332092285156,236.8624267578125,490.8036804199219,373.5917053222656,16
Flickr30K/423006709.jpg,/content/Image_captioning_Local/Flickr30K/flickr30k_images/flickr30k_images/423006709.jpg,person,0.3127560615539551,459.0997619628906,156.358154296875,490.72076416015625,203.50218200683594,16
Flickr30K/423006709.jpg,/content/Image_captioning_Local/Flickr30K/flickr30k_images/flickr30k_images/423006709.jpg,person,0.3040933310985565,442.9879150390625,113.89501190185547,476.6037902832031,157.14471435546875,16
Flickr30K/423006709.jpg,/content/Image_captioning_Local/Flickr30K/flickr30k_images/flickr30k_images/423006709.jpg,person,0.30229654908180237,201.3297576904297,209.17071533203125,290.64520263671875,306.2294006347656,16
Flickr30K/423006709.jpg,/content/Image_captioning_Local/Flickr30K/flickr30k_images/flickr30k_images/423006709.jpg,handbag,0.3009401559829712,121.32978820800781,333.2352600097656,171.85232543945312,357.2919921875,16
Flickr30K/423006709.jpg,/content/Image_captioning_Local/Flickr30K/flickr30k_images/flickr30k_images/423006709.jpg,person,0.28128576278686523,11.207925796508789,69.0022964477539,102.24954986572266,175.78968811035156,16
Flickr30K/423006709.jpg,/content/Image_captioning_Local/Flickr30K/flickr30k_images/flickr30k_images/423006709.jpg,person,0.26560235023498535,428.7713928222656,157.14137268066406,465.977294921875,201.65054321289062,16
Flickr30K/423006709.jpg,/content/Image_captioning_Local/Flickr30K/flickr30k_images/flickr30k_images/423006709.jpg,chair,0.2546374499797821,421.0923156738281,130.35281372070312,446.6368713378906,156.86785888671875,16
Flickr30K/423066487.jpg,/content/Image_captioning_Local/Flickr30K/flickr30k_images/flickr30k_images/423066487.jpg,person,0.94502192735672,83.27299499511719,202.4524688720703,237.040283203125,499.5079040527344,2
Flickr30K/423066487.jpg,/content/Image_captioning_Local/Flickr30K/flickr30k_images/flickr30k_images/423066487.jpg,person,0.4436962306499481,353.5989685058594,324.5575866699219,375.0,410.2136535644531,2
Flickr30K/4230687841.jpg,/content/Image_captioning_Local/Flickr30K/flickr30k_images/flickr30k_images/4230687841.jpg,person,0.9336601495742798,159.11349487304688,28.89842987060547,383.9779968261719,363.57537841796875,2
Flickr30K/4230687841.jpg,/content/Image_captioning_Local/Flickr30K/flickr30k_images/flickr30k_images/4230687841.jpg,backpack,0.7924228310585022,338.7467041015625,30.677486419677734,425.03643798828125,203.70945739746094,2
Flickr30K/4230694069.jpg,/content/Image_captioning_Local/Flickr30K/flickr30k_images/flickr30k_images/4230694069.jpg,person,0.9104331135749817,134.35198974609375,141.66712951660156,194.3064422607422,311.6541442871094,9
Flickr30K/4230694069.jpg,/content/Image_captioning_Local/Flickr30K/flickr30k_images/flickr30k_images/4230694069.jpg,person,0.9072684049606323,328.08013916015625,116.81126403808594,402.802001953125,327.4789733886719,9
Flickr30K/4230694069.jpg,/content/Image_captioning_Local/Flickr30K/flickr30k_images/flickr30k_images/4230694069.jpg,person,0.9008743762969971,219.9544219970703,90.62824249267578,280.1240234375,336.28656005859375,9
Flickr30K/4230694069.jpg,/content/Image_captioning_Local/Flickr30K/flickr30k_images/flickr30k_images/4230694069.jpg,backpack,0.5354530811309814,428.3371887207031,211.45286560058594,472.4656066894531,289.9962463378906,9
Flickr30K/4230694069.jpg,/content/Image_captioning_Local/Flickr30K/flickr30k_images/flickr30k_images/4230694069.jpg,backpack,0.5064188241958618,267.6015930175781,218.72991943359375,346.6351623535156,300.61444091796875,9
Flickr30K/4230694069.jpg,/content/Image_captioning_Local/Flickr30K/flickr30k_images/flickr30k_images/4230694069.jpg,backpack,0.34177106618881226,71.7048568725586,273.4847106933594,195.10821533203125,373.4975280761719,9
Flickr30K/4230694069.jpg,/content/Image_captioning_Local/Flickr30K/flickr30k_images/flickr30k_images/4230694069.jpg,backpack,0.31338736414909363,269.51202392578125,219.64064025878906,323.62579345703125,298.5479431152344,9
Flickr30K/4230694069.jpg,/content/Image_captioning_Local/Flickr30K/flickr30k_images/flickr30k_images/4230694069.jpg,backpack,0.31284257769584656,0.07358193397521973,337.3139953613281,55.978172302246094,374.6405029296875,9
Flickr30K/4230694069.jpg,/content/Image_captioning_Local/Flickr30K/flickr30k_images/flickr30k_images/4230694069.jpg,backpack,0.26381587982177734,71.70101165771484,274.1345520019531,156.24594116210938,339.7910461425781,9
Flickr30K/4230695941.jpg,/content/Image_captioning_Local/Flickr30K/flickr30k_images/flickr30k_images/4230695941.jpg,person,0.9374147653579712,59.88220977783203,92.32215881347656,306.5478820800781,498.57061767578125,4
Flickr30K/4230695941.jpg,/content/Image_captioning_Local/Flickr30K/flickr30k_images/flickr30k_images/4230695941.jpg,backpack,0.5125207901000977,273.1502685546875,368.01214599609375,375.0,499.7561340332031,4
Flickr30K/4230695941.jpg,/content/Image_captioning_Local/Flickr30K/flickr30k_images/flickr30k_images/4230695941.jpg,suitcase,0.4406309723854065,272.6883850097656,367.75634765625,375.0,499.546142578125,4
Flickr30K/4230695941.jpg,/content/Image_captioning_Local/Flickr30K/flickr30k_images/flickr30k_images/4230695941.jpg,backpack,0.2679474949836731,0.08268356323242188,265.50384521484375,28.655672073364258,326.3977966308594,4
Flickr30K/4230711609.jpg,/content/Image_captioning_Local/Flickr30K/flickr30k_images/flickr30k_images/4230711609.jpg,person,0.9186370968818665,184.6834716796875,127.7669677734375,286.095947265625,254.74769592285156,1
Flickr30K/4230838706.jpg,/content/Image_captioning_Local/Flickr30K/flickr30k_images/flickr30k_images/4230838706.jpg,train,0.8902401328086853,0.29463768005371094,0.8306980133056641,375.0,500.0,5
Flickr30K/4230838706.jpg,/content/Image_captioning_Local/Flickr30K/flickr30k_images/flickr30k_images/4230838706.jpg,person,0.8797963857650757,116.95211791992188,155.26361083984375,183.60443115234375,419.91339111328125,5
Flickr30K/4230838706.jpg,/content/Image_captioning_Local/Flickr30K/flickr30k_images/flickr30k_images/4230838706.jpg,person,0.553835928440094,83.04837036132812,167.77285766601562,114.531494140625,224.61776733398438,5
Flickr30K/4230838706.jpg,/content/Image_captioning_Local/Flickr30K/flickr30k_images/flickr30k_images/4230838706.jpg,person,0.4907437562942505,80.89399719238281,251.12461853027344,112.4479751586914,343.9710693359375,5
Flickr30K/4230838706.jpg,/content/Image_captioning_Local/Flickr30K/flickr30k_images/flickr30k_images/4230838706.jpg,person,0.43576857447624207,79.92778015136719,249.74288940429688,112.23402404785156,410.1679382324219,5
Flickr30K/423140781.jpg,/content/Image_captioning_Local/Flickr30K/flickr30k_images/flickr30k_images/423140781.jpg,person,0.8681825995445251,52.69415283203125,90.30015563964844,130.79617309570312,287.8020324707031,14
Flickr30K/423140781.jpg,/content/Image_captioning_Local/Flickr30K/flickr30k_images/flickr30k_images/423140781.jpg,person,0.7970731258392334,188.3728485107422,155.43722534179688,276.88909912109375,294.7210693359375,14
Flickr30K/423140781.jpg,/content/Image_captioning_Local/Flickr30K/flickr30k_images/flickr30k_images/423140781.jpg,person,0.7938686013221741,197.97268676757812,415.3424377441406,281.1982116699219,499.3241271972656,14
Flickr30K/423140781.jpg,/content/Image_captioning_Local/Flickr30K/flickr30k_images/flickr30k_images/423140781.jpg,person,0.7223606705665588,193.97039794921875,246.9779052734375,325.26055908203125,410.7248840332031,14
Flickr30K/423140781.jpg,/content/Image_captioning_Local/Flickr30K/flickr30k_images/flickr30k_images/423140781.jpg,person,0.7197800278663635,172.92247009277344,432.5927734375,240.4346466064453,499.7793273925781,14
Flickr30K/423140781.jpg,/content/Image_captioning_Local/Flickr30K/flickr30k_images/flickr30k_images/423140781.jpg,person,0.6350701451301575,283.56805419921875,455.7618103027344,327.5346374511719,499.77520751953125,14
Flickr30K/423140781.jpg,/content/Image_captioning_Local/Flickr30K/flickr30k_images/flickr30k_images/423140781.jpg,person,0.5579434037208557,130.5056610107422,445.45355224609375,188.81607055664062,499.79010009765625,14
Flickr30K/423140781.jpg,/content/Image_captioning_Local/Flickr30K/flickr30k_images/flickr30k_images/423140781.jpg,person,0.5505033135414124,261.1712951660156,423.01007080078125,307.0824279785156,481.8668212890625,14
Flickr30K/423140781.jpg,/content/Image_captioning_Local/Flickr30K/flickr30k_images/flickr30k_images/423140781.jpg,chair,0.5490690469741821,0.0,55.80480194091797,41.075801849365234,152.98068237304688,14
Flickr30K/423140781.jpg,/content/Image_captioning_Local/Flickr30K/flickr30k_images/flickr30k_images/423140781.jpg,person,0.5338702201843262,258.2779846191406,476.2607421875,286.2878723144531,499.8008728027344,14
Flickr30K/423140781.jpg,/content/Image_captioning_Local/Flickr30K/flickr30k_images/flickr30k_images/423140781.jpg,person,0.4579358398914337,325.7955627441406,467.6412658691406,368.5888366699219,499.86505126953125,14
Flickr30K/423140781.jpg,/content/Image_captioning_Local/Flickr30K/flickr30k_images/flickr30k_images/423140781.jpg,car,0.41686558723449707,0.3751993179321289,428.24945068359375,123.34852600097656,499.7546081542969,14
Flickr30K/423140781.jpg,/content/Image_captioning_Local/Flickr30K/flickr30k_images/flickr30k_images/423140781.jpg,umbrella,0.35457250475883484,172.9196014404297,0.11565685272216797,308.98291015625,115.38847351074219,14
Flickr30K/423140781.jpg,/content/Image_captioning_Local/Flickr30K/flickr30k_images/flickr30k_images/423140781.jpg,person,0.35216501355171204,379.0680847167969,459.7874755859375,396.0,499.7073059082031,14
Flickr30K/4231494400.jpg,/content/Image_captioning_Local/Flickr30K/flickr30k_images/flickr30k_images/4231494400.jpg,person,0.8798123002052307,256.9666748046875,126.74295806884766,322.300048828125,251.95729064941406,9
Flickr30K/4231494400.jpg,/content/Image_captioning_Local/Flickr30K/flickr30k_images/flickr30k_images/4231494400.jpg,person,0.834688663482666,298.1639404296875,74.69503784179688,324.1094055175781,131.677978515625,9
Flickr30K/4231494400.jpg,/content/Image_captioning_Local/Flickr30K/flickr30k_images/flickr30k_images/4231494400.jpg,person,0.7125411033630371,192.3905792236328,146.63259887695312,266.0701904296875,284.1230773925781,9
Flickr30K/4231494400.jpg,/content/Image_captioning_Local/Flickr30K/flickr30k_images/flickr30k_images/4231494400.jpg,person,0.607313871383667,330.51531982421875,84.31942749023438,397.3148498535156,205.68792724609375,9
Flickr30K/4231494400.jpg,/content/Image_captioning_Local/Flickr30K/flickr30k_images/flickr30k_images/4231494400.jpg,person,0.4321975111961365,341.2144775390625,70.00779724121094,367.6395263671875,127.61082458496094,9
Flickr30K/4231494400.jpg,/content/Image_captioning_Local/Flickr30K/flickr30k_images/flickr30k_images/4231494400.jpg,person,0.40904515981674194,343.4466247558594,68.13237762451172,379.8994445800781,127.52227783203125,9
Flickr30K/4231494400.jpg,/content/Image_captioning_Local/Flickr30K/flickr30k_images/flickr30k_images/4231494400.jpg,backpack,0.2970382273197174,192.718994140625,143.84622192382812,235.12429809570312,196.19322204589844,9
Flickr30K/4231494400.jpg,/content/Image_captioning_Local/Flickr30K/flickr30k_images/flickr30k_images/4231494400.jpg,backpack,0.2678605020046234,188.7716064453125,154.3856201171875,213.8043670654297,207.33660888671875,9
Flickr30K/4231494400.jpg,/content/Image_captioning_Local/Flickr30K/flickr30k_images/flickr30k_images/4231494400.jpg,person,0.26360365748405457,362.7143249511719,68.49026489257812,380.1344299316406,100.4983901977539,9
Flickr30K/4231503388.jpg,/content/Image_captioning_Local/Flickr30K/flickr30k_images/flickr30k_images/4231503388.jpg,person,0.9407885670661926,271.2915954589844,47.04551696777344,444.3482971191406,371.7015380859375,7
Flickr30K/4231503388.jpg,/content/Image_captioning_Local/Flickr30K/flickr30k_images/flickr30k_images/4231503388.jpg,bottle,0.7725025415420532,229.7493896484375,241.3646697998047,258.1770324707031,302.4336242675781,7
Flickr30K/4231503388.jpg,/content/Image_captioning_Local/Flickr30K/flickr30k_images/flickr30k_images/4231503388.jpg,bottle,0.6124688386917114,187.7737274169922,249.04542541503906,223.8271484375,278.1185302734375,7
Flickr30K/4231503388.jpg,/content/Image_captioning_Local/Flickr30K/flickr30k_images/flickr30k_images/4231503388.jpg,bottle,0.4331919550895691,250.36073303222656,276.99066162109375,272.3313903808594,315.1060791015625,7
Flickr30K/4231503388.jpg,/content/Image_captioning_Local/Flickr30K/flickr30k_images/flickr30k_images/4231503388.jpg,bottle,0.4207841455936432,127.8609390258789,136.9350128173828,152.37420654296875,193.49209594726562,7
Flickr30K/4231503388.jpg,/content/Image_captioning_Local/Flickr30K/flickr30k_images/flickr30k_images/4231503388.jpg,bottle,0.3350121080875397,0.06926655769348145,217.75555419921875,45.88202667236328,247.8956756591797,7
Flickr30K/4231503388.jpg,/content/Image_captioning_Local/Flickr30K/flickr30k_images/flickr30k_images/4231503388.jpg,bowl,0.26230722665786743,259.5619812011719,270.60662841796875,310.2397766113281,307.3634033203125,7
Flickr30K/423167388.jpg,/content/Image_captioning_Local/Flickr30K/flickr30k_images/flickr30k_images/423167388.jpg,person,0.9253042936325073,350.7793884277344,104.31189727783203,424.1304931640625,361.147705078125,11
Flickr30K/423167388.jpg,/content/Image_captioning_Local/Flickr30K/flickr30k_images/flickr30k_images/423167388.jpg,person,0.9186692833900452,185.63442993164062,66.79005432128906,309.42144775390625,359.0166015625,11
Flickr30K/423167388.jpg,/content/Image_captioning_Local/Flickr30K/flickr30k_images/flickr30k_images/423167388.jpg,person,0.9059545397758484,126.3874740600586,74.88672637939453,204.34133911132812,288.14495849609375,11
Flickr30K/423167388.jpg,/content/Image_captioning_Local/Flickr30K/flickr30k_images/flickr30k_images/423167388.jpg,person,0.8993191719055176,14.834964752197266,65.6514663696289,105.72838592529297,385.0372314453125,11
Flickr30K/423167388.jpg,/content/Image_captioning_Local/Flickr30K/flickr30k_images/flickr30k_images/423167388.jpg,person,0.8110859990119934,431.1727600097656,102.01757049560547,457.7999267578125,167.22622680664062,11
Flickr30K/423167388.jpg,/content/Image_captioning_Local/Flickr30K/flickr30k_images/flickr30k_images/423167388.jpg,person,0.7163254022598267,423.20794677734375,83.85257720947266,437.37420654296875,131.44818115234375,11
Flickr30K/423167388.jpg,/content/Image_captioning_Local/Flickr30K/flickr30k_images/flickr30k_images/423167388.jpg,person,0.5744134187698364,494.1463928222656,104.67472076416016,499.88360595703125,131.47659301757812,11
Flickr30K/423167388.jpg,/content/Image_captioning_Local/Flickr30K/flickr30k_images/flickr30k_images/423167388.jpg,person,0.5575091242790222,405.7976379394531,86.13211822509766,418.3435974121094,134.1137237548828,11
Flickr30K/423167388.jpg,/content/Image_captioning_Local/Flickr30K/flickr30k_images/flickr30k_images/423167388.jpg,person,0.5350911021232605,483.6063232421875,104.26637268066406,492.2216491699219,128.15859985351562,11
Flickr30K/423167388.jpg,/content/Image_captioning_Local/Flickr30K/flickr30k_images/flickr30k_images/423167388.jpg,backpack,0.4476029872894287,0.0,107.84178161621094,61.81927490234375,223.41079711914062,11
Flickr30K/423167388.jpg,/content/Image_captioning_Local/Flickr30K/flickr30k_images/flickr30k_images/423167388.jpg,backpack,0.3898159861564636,0.027862191200256348,129.8697967529297,26.240861892700195,224.51043701171875,11
Flickr30K/4231933109.jpg,/content/Image_captioning_Local/Flickr30K/flickr30k_images/flickr30k_images/4231933109.jpg,person,0.9296636581420898,61.15589141845703,71.58477020263672,326.7971496582031,278.505859375,4
Flickr30K/4231933109.jpg,/content/Image_captioning_Local/Flickr30K/flickr30k_images/flickr30k_images/4231933109.jpg,couch,0.4500572383403778,262.3713073730469,0.0,499.2628479003906,95.54786682128906,4
Flickr30K/4231933109.jpg,/content/Image_captioning_Local/Flickr30K/flickr30k_images/flickr30k_images/4231933109.jpg,couch,0.38905343413352966,421.1246337890625,95.85897827148438,499.81097412109375,225.04612731933594,4
Flickr30K/4231933109.jpg,/content/Image_captioning_Local/Flickr30K/flickr30k_images/flickr30k_images/4231933109.jpg,chair,0.3074091672897339,420.9916076660156,95.76225280761719,499.8055419921875,225.4444122314453,4
Flickr30K/4231971701.jpg,/content/Image_captioning_Local/Flickr30K/flickr30k_images/flickr30k_images/4231971701.jpg,person,0.9146444201469421,179.91432189941406,103.9620361328125,294.8683166503906,279.8934020996094,2
Flickr30K/4231971701.jpg,/content/Image_captioning_Local/Flickr30K/flickr30k_images/flickr30k_images/4231971701.jpg,refrigerator,0.7228066921234131,0.911104679107666,41.63994598388672,177.3448944091797,277.8499755859375,2
Flickr30K/4232695890.jpg,/content/Image_captioning_Local/Flickr30K/flickr30k_images/flickr30k_images/4232695890.jpg,person,0.940290093421936,316.5848693847656,46.007667541503906,469.2593688964844,278.7165222167969,4
Flickr30K/4232695890.jpg,/content/Image_captioning_Local/Flickr30K/flickr30k_images/flickr30k_images/4232695890.jpg,person,0.9122903943061829,16.191768646240234,43.631195068359375,230.0062255859375,279.1531677246094,4
Flickr30K/4232695890.jpg,/content/Image_captioning_Local/Flickr30K/flickr30k_images/flickr30k_images/4232695890.jpg,person,0.5607815384864807,14.74611759185791,46.70581817626953,163.5758514404297,279.36920166015625,4
Flickr30K/4232695890.jpg,/content/Image_captioning_Local/Flickr30K/flickr30k_images/flickr30k_images/4232695890.jpg,cup,0.2785454988479614,308.42889404296875,262.0853271484375,327.07220458984375,277.8586120605469,4
Flickr30K/4232753024.jpg,/content/Image_captioning_Local/Flickr30K/flickr30k_images/flickr30k_images/4232753024.jpg,chair,0.9306401610374451,0.19866228103637695,79.10021209716797,121.65237426757812,173.51036071777344,12
Flickr30K/4232753024.jpg,/content/Image_captioning_Local/Flickr30K/flickr30k_images/flickr30k_images/4232753024.jpg,person,0.9103898406028748,162.74295043945312,8.599006652832031,449.9754333496094,279.2555847167969,12
Flickr30K/4232753024.jpg,/content/Image_captioning_Local/Flickr30K/flickr30k_images/flickr30k_images/4232753024.jpg,person,0.9064102172851562,172.22621154785156,0.6571769714355469,255.8433837890625,207.10630798339844,12
Flickr30K/4232753024.jpg,/content/Image_captioning_Local/Flickr30K/flickr30k_images/flickr30k_images/4232753024.jpg,dining table,0.8557767868041992,0.21469593048095703,157.9986572265625,223.49725341796875,278.2284851074219,12
Flickr30K/4232753024.jpg,/content/Image_captioning_Local/Flickr30K/flickr30k_images/flickr30k_images/4232753024.jpg,chair,0.8154854774475098,398.6669006347656,97.64380645751953,486.3736572265625,279.769287109375,12
Flickr30K/4232753024.jpg,/content/Image_captioning_Local/Flickr30K/flickr30k_images/flickr30k_images/4232753024.jpg,potted plant,0.5259285569190979,55.21299743652344,57.826805114746094,83.16574096679688,90.03314971923828,12
Flickr30K/4232753024.jpg,/content/Image_captioning_Local/Flickr30K/flickr30k_images/flickr30k_images/4232753024.jpg,microwave,0.5083374381065369,247.7024383544922,32.108856201171875,312.03521728515625,83.1920394897461,12
Flickr30K/4232753024.jpg,/content/Image_captioning_Local/Flickr30K/flickr30k_images/flickr30k_images/4232753024.jpg,person,0.505800724029541,200.10423278808594,102.54449462890625,270.0140380859375,211.83328247070312,12
Flickr30K/4232753024.jpg,/content/Image_captioning_Local/Flickr30K/flickr30k_images/flickr30k_images/4232753024.jpg,person,0.4300449788570404,0.132673978805542,16.293752670288086,46.567230224609375,90.14305114746094,12
Flickr30K/4232753024.jpg,/content/Image_captioning_Local/Flickr30K/flickr30k_images/flickr30k_images/4232753024.jpg,vase,0.4055096507072449,162.66043090820312,68.75924682617188,174.12417602539062,94.85736083984375,12
Flickr30K/4232753024.jpg,/content/Image_captioning_Local/Flickr30K/flickr30k_images/flickr30k_images/4232753024.jpg,person,0.34613972902297974,0.0290602445602417,15.17636775970459,46.68645095825195,164.09861755371094,12
Flickr30K/4232753024.jpg,/content/Image_captioning_Local/Flickr30K/flickr30k_images/flickr30k_images/4232753024.jpg,chair,0.3003574311733246,423.94525146484375,92.72808837890625,447.8529052734375,111.63773345947266,12
Flickr30K/4232778834.jpg,/content/Image_captioning_Local/Flickr30K/flickr30k_images/flickr30k_images/4232778834.jpg,person,0.9559915661811829,0.7644176483154297,28.692626953125,255.03773498535156,277.6370849609375,11
Flickr30K/4232778834.jpg,/content/Image_captioning_Local/Flickr30K/flickr30k_images/flickr30k_images/4232778834.jpg,person,0.866851806640625,239.536865234375,57.33559036254883,447.861083984375,279.4602966308594,11
Flickr30K/4232778834.jpg,/content/Image_captioning_Local/Flickr30K/flickr30k_images/flickr30k_images/4232778834.jpg,person,0.8642627596855164,0.09126067161560059,0.5934953689575195,64.8321762084961,134.74859619140625,11
Flickr30K/4232778834.jpg,/content/Image_captioning_Local/Flickr30K/flickr30k_images/flickr30k_images/4232778834.jpg,chair,0.846264660358429,95.64647674560547,0.0,232.32049560546875,111.52055358886719,11
Flickr30K/4232778834.jpg,/content/Image_captioning_Local/Flickr30K/flickr30k_images/flickr30k_images/4232778834.jpg,chair,0.5854884386062622,253.50775146484375,0.40493011474609375,436.16375732421875,129.15554809570312,11
Flickr30K/4232778834.jpg,/content/Image_captioning_Local/Flickr30K/flickr30k_images/flickr30k_images/4232778834.jpg,chair,0.5658707022666931,0.2976953983306885,11.856436729431152,78.10664367675781,112.1927719116211,11
Flickr30K/4232778834.jpg,/content/Image_captioning_Local/Flickr30K/flickr30k_images/flickr30k_images/4232778834.jpg,potted plant,0.4612812399864197,473.26397705078125,9.00869369506836,499.7704162597656,69.03872680664062,11
Flickr30K/4232778834.jpg,/content/Image_captioning_Local/Flickr30K/flickr30k_images/flickr30k_images/4232778834.jpg,person,0.4332680404186249,272.0778503417969,0.06191730499267578,434.45111083984375,129.01577758789062,11
Flickr30K/4232778834.jpg,/content/Image_captioning_Local/Flickr30K/flickr30k_images/flickr30k_images/4232778834.jpg,book,0.37066957354545593,411.72808837890625,187.60189819335938,478.0526123046875,212.94284057617188,11
Flickr30K/4232778834.jpg,/content/Image_captioning_Local/Flickr30K/flickr30k_images/flickr30k_images/4232778834.jpg,couch,0.33180591464042664,248.60263061523438,0.2022266387939453,429.9044189453125,125.33383178710938,11
Flickr30K/4232778834.jpg,/content/Image_captioning_Local/Flickr30K/flickr30k_images/flickr30k_images/4232778834.jpg,chair,0.2812139689922333,248.56150817871094,0.6531953811645508,314.30889892578125,114.71564483642578,11
Flickr30K/4232844448.jpg,/content/Image_captioning_Local/Flickr30K/flickr30k_images/flickr30k_images/4232844448.jpg,person,0.9303960204124451,58.710445404052734,3.082144260406494,420.3321838378906,278.64984130859375,4
Flickr30K/4232844448.jpg,/content/Image_captioning_Local/Flickr30K/flickr30k_images/flickr30k_images/4232844448.jpg,person,0.905193567276001,365.3273620605469,97.97980499267578,493.013671875,279.7346496582031,4
Flickr30K/4232844448.jpg,/content/Image_captioning_Local/Flickr30K/flickr30k_images/flickr30k_images/4232844448.jpg,chair,0.8287163972854614,0.04264712333679199,165.2781524658203,88.36870574951172,258.767333984375,4
Flickr30K/4232844448.jpg,/content/Image_captioning_Local/Flickr30K/flickr30k_images/flickr30k_images/4232844448.jpg,umbrella,0.3587542176246643,330.8397216796875,0.5111455917358398,499.58074951171875,48.38325881958008,4
Flickr30K/4233715648.jpg,/content/Image_captioning_Local/Flickr30K/flickr30k_images/flickr30k_images/4233715648.jpg,kite,0.9631284475326538,51.622379302978516,115.0621566772461,186.44529724121094,226.109130859375,10
Flickr30K/4233715648.jpg,/content/Image_captioning_Local/Flickr30K/flickr30k_images/flickr30k_images/4233715648.jpg,kite,0.9232724905014038,203.66868591308594,42.607234954833984,482.7628173828125,224.83091735839844,10
Flickr30K/4233715648.jpg,/content/Image_captioning_Local/Flickr30K/flickr30k_images/flickr30k_images/4233715648.jpg,person,0.722338080406189,287.08612060546875,315.629150390625,330.4064636230469,374.42620849609375,10
Flickr30K/4233715648.jpg,/content/Image_captioning_Local/Flickr30K/flickr30k_images/flickr30k_images/4233715648.jpg,person,0.6482939124107361,50.49864196777344,318.2430419921875,77.20121002197266,366.43475341796875,10
Flickr30K/4233715648.jpg,/content/Image_captioning_Local/Flickr30K/flickr30k_images/flickr30k_images/4233715648.jpg,person,0.42902401089668274,171.99769592285156,320.68212890625,180.99676513671875,347.074951171875,10
Flickr30K/4233715648.jpg,/content/Image_captioning_Local/Flickr30K/flickr30k_images/flickr30k_images/4233715648.jpg,person,0.3441607654094696,176.35862731933594,321.3962097167969,186.20486450195312,346.0321960449219,10
Flickr30K/4233715648.jpg,/content/Image_captioning_Local/Flickr30K/flickr30k_images/flickr30k_images/4233715648.jpg,person,0.3357565402984619,171.922119140625,320.4008483886719,186.2774200439453,347.2593688964844,10
Flickr30K/4233715648.jpg,/content/Image_captioning_Local/Flickr30K/flickr30k_images/flickr30k_images/4233715648.jpg,person,0.2916349172592163,287.18048095703125,316.5839538574219,309.9414367675781,375.0,10
Flickr30K/4233715648.jpg,/content/Image_captioning_Local/Flickr30K/flickr30k_images/flickr30k_images/4233715648.jpg,person,0.29147258400917053,302.7689514160156,322.0506286621094,330.9869384765625,374.3798828125,10
Flickr30K/4233715648.jpg,/content/Image_captioning_Local/Flickr30K/flickr30k_images/flickr30k_images/4233715648.jpg,car,0.27969127893447876,91.20122528076172,333.01995849609375,128.22792053222656,345.7204284667969,10
Flickr30K/423375604.jpg,/content/Image_captioning_Local/Flickr30K/flickr30k_images/flickr30k_images/423375604.jpg,person,0.9468446373939514,0.02384185791015625,93.21012878417969,107.13439178466797,328.7234191894531,26
Flickr30K/423375604.jpg,/content/Image_captioning_Local/Flickr30K/flickr30k_images/flickr30k_images/423375604.jpg,person,0.905311107635498,278.5700378417969,115.01774597167969,364.94659423828125,327.98565673828125,26
Flickr30K/423375604.jpg,/content/Image_captioning_Local/Flickr30K/flickr30k_images/flickr30k_images/423375604.jpg,person,0.8883497714996338,92.91527557373047,79.62517547607422,267.0850524902344,326.7703857421875,26
Flickr30K/423375604.jpg,/content/Image_captioning_Local/Flickr30K/flickr30k_images/flickr30k_images/423375604.jpg,person,0.8355266451835632,451.33770751953125,156.74819946289062,498.0195007324219,271.15325927734375,26
Flickr30K/423375604.jpg,/content/Image_captioning_Local/Flickr30K/flickr30k_images/flickr30k_images/423375604.jpg,car,0.8260294795036316,366.2925720214844,156.89234924316406,460.1314697265625,221.7642364501953,26
Flickr30K/423375604.jpg,/content/Image_captioning_Local/Flickr30K/flickr30k_images/flickr30k_images/423375604.jpg,person,0.8191946148872375,393.60064697265625,143.46380615234375,429.8325500488281,275.64202880859375,26
Flickr30K/423375604.jpg,/content/Image_captioning_Local/Flickr30K/flickr30k_images/flickr30k_images/423375604.jpg,person,0.7584756016731262,228.64723205566406,105.10762786865234,300.6154479980469,272.8277587890625,26
Flickr30K/423375604.jpg,/content/Image_captioning_Local/Flickr30K/flickr30k_images/flickr30k_images/423375604.jpg,person,0.5956825017929077,104.60965728759766,137.70150756835938,154.45162963867188,227.1376190185547,26
Flickr30K/423375604.jpg,/content/Image_captioning_Local/Flickr30K/flickr30k_images/flickr30k_images/423375604.jpg,handbag,0.5479724407196045,344.2677307128906,243.39422607421875,366.8692321777344,318.1650085449219,26
Flickr30K/423375604.jpg,/content/Image_captioning_Local/Flickr30K/flickr30k_images/flickr30k_images/423375604.jpg,traffic light,0.5105019807815552,267.736572265625,72.68846130371094,291.61962890625,99.31905364990234,26
Flickr30K/423375604.jpg,/content/Image_captioning_Local/Flickr30K/flickr30k_images/flickr30k_images/423375604.jpg,handbag,0.49703913927078247,359.7774963378906,218.88375854492188,377.43878173828125,247.20205688476562,26
Flickr30K/423375604.jpg,/content/Image_captioning_Local/Flickr30K/flickr30k_images/flickr30k_images/423375604.jpg,person,0.41677185893058777,99.76469421386719,127.24270629882812,112.95968627929688,164.0951690673828,26
Flickr30K/423375604.jpg,/content/Image_captioning_Local/Flickr30K/flickr30k_images/flickr30k_images/423375604.jpg,person,0.4131298065185547,69.51164245605469,126.12934112548828,87.20158386230469,142.6472625732422,26
Flickr30K/423375604.jpg,/content/Image_captioning_Local/Flickr30K/flickr30k_images/flickr30k_images/423375604.jpg,backpack,0.36192288994789124,456.8642578125,220.15394592285156,499.8138427734375,329.42706298828125,26
Flickr30K/423375604.jpg,/content/Image_captioning_Local/Flickr30K/flickr30k_images/flickr30k_images/423375604.jpg,car,0.341788649559021,367.64642333984375,142.50840759277344,470.9627990722656,200.8158721923828,26
Flickr30K/423375604.jpg,/content/Image_captioning_Local/Flickr30K/flickr30k_images/flickr30k_images/423375604.jpg,person,0.31664034724235535,339.2734375,137.6833953857422,377.53106689453125,218.89791870117188,26
Flickr30K/423375604.jpg,/content/Image_captioning_Local/Flickr30K/flickr30k_images/flickr30k_images/423375604.jpg,car,0.3130970597267151,449.3689880371094,149.94357299804688,473.56878662109375,165.21255493164062,26
Flickr30K/423375604.jpg,/content/Image_captioning_Local/Flickr30K/flickr30k_images/flickr30k_images/423375604.jpg,person,0.3114616274833679,281.15582275390625,133.4524688720703,304.5790100097656,174.5411376953125,26
Flickr30K/423375604.jpg,/content/Image_captioning_Local/Flickr30K/flickr30k_images/flickr30k_images/423375604.jpg,person,0.3109123408794403,339.01263427734375,139.2142791748047,348.03350830078125,152.58860778808594,26
Flickr30K/423375604.jpg,/content/Image_captioning_Local/Flickr30K/flickr30k_images/flickr30k_images/423375604.jpg,person,0.3089064359664917,69.61690521240234,126.09017181396484,106.44644165039062,249.44961547851562,26
Flickr30K/423375604.jpg,/content/Image_captioning_Local/Flickr30K/flickr30k_images/flickr30k_images/423375604.jpg,cell phone,0.2889827787876129,179.63978576660156,237.53485107421875,194.5349578857422,248.47483825683594,26
Flickr30K/423375604.jpg,/content/Image_captioning_Local/Flickr30K/flickr30k_images/flickr30k_images/423375604.jpg,car,0.2850855588912964,473.9677429199219,135.96420288085938,499.80670166015625,191.31903076171875,26
Flickr30K/423375604.jpg,/content/Image_captioning_Local/Flickr30K/flickr30k_images/flickr30k_images/423375604.jpg,person,0.27489107847213745,90.75981903076172,137.7521514892578,154.44424438476562,326.6759033203125,26
Flickr30K/423375604.jpg,/content/Image_captioning_Local/Flickr30K/flickr30k_images/flickr30k_images/423375604.jpg,handbag,0.26138725876808167,216.87362670898438,197.77235412597656,301.5477294921875,329.61376953125,26
Flickr30K/423375604.jpg,/content/Image_captioning_Local/Flickr30K/flickr30k_images/flickr30k_images/423375604.jpg,person,0.26030996441841125,284.4873962402344,133.57200622558594,304.65606689453125,161.871337890625,26
Flickr30K/423375604.jpg,/content/Image_captioning_Local/Flickr30K/flickr30k_images/flickr30k_images/423375604.jpg,car,0.25564298033714294,369.665771484375,142.3218231201172,450.3138122558594,161.9154510498047,26
Flickr30K/4234228276.jpg,/content/Image_captioning_Local/Flickr30K/flickr30k_images/flickr30k_images/4234228276.jpg,person,0.9383145570755005,0.35817623138427734,40.56272506713867,264.7502136230469,331.7724304199219,7
Flickr30K/4234228276.jpg,/content/Image_captioning_Local/Flickr30K/flickr30k_images/flickr30k_images/4234228276.jpg,person,0.9221084713935852,204.235595703125,42.98424530029297,448.41522216796875,322.1861877441406,7
Flickr30K/4234228276.jpg,/content/Image_captioning_Local/Flickr30K/flickr30k_images/flickr30k_images/4234228276.jpg,bottle,0.8877490758895874,372.0302734375,185.12606811523438,432.7236328125,333.6206970214844,7
Flickr30K/4234228276.jpg,/content/Image_captioning_Local/Flickr30K/flickr30k_images/flickr30k_images/4234228276.jpg,bottle,0.8663396239280701,431.87994384765625,187.24002075195312,489.8344421386719,333.7645568847656,7
Flickr30K/4234228276.jpg,/content/Image_captioning_Local/Flickr30K/flickr30k_images/flickr30k_images/4234228276.jpg,wine glass,0.7206459641456604,314.2506103515625,297.1767883300781,367.86865234375,334.0,7
Flickr30K/4234228276.jpg,/content/Image_captioning_Local/Flickr30K/flickr30k_images/flickr30k_images/4234228276.jpg,bottle,0.49990156292915344,486.223876953125,202.76226806640625,499.80841064453125,333.271728515625,7
Flickr30K/4234228276.jpg,/content/Image_captioning_Local/Flickr30K/flickr30k_images/flickr30k_images/4234228276.jpg,person,0.2670232057571411,486.708251953125,203.3915557861328,499.8235778808594,323.6288146972656,7
Flickr30K/4234446819.jpg,/content/Image_captioning_Local/Flickr30K/flickr30k_images/flickr30k_images/4234446819.jpg,person,0.9107820987701416,37.877845764160156,46.194541931152344,297.625244140625,365.60650634765625,5
Flickr30K/4234446819.jpg,/content/Image_captioning_Local/Flickr30K/flickr30k_images/flickr30k_images/4234446819.jpg,person,0.8231897354125977,157.52713012695312,0.34062862396240234,299.1754150390625,84.26225280761719,5
Flickr30K/4234446819.jpg,/content/Image_captioning_Local/Flickr30K/flickr30k_images/flickr30k_images/4234446819.jpg,person,0.7384198307991028,231.5052947998047,12.433528900146484,497.5796813964844,370.80975341796875,5
Flickr30K/4234446819.jpg,/content/Image_captioning_Local/Flickr30K/flickr30k_images/flickr30k_images/4234446819.jpg,person,0.45176318287849426,403.8839416503906,0.39749741554260254,499.83026123046875,199.04928588867188,5
Flickr30K/4234446819.jpg,/content/Image_captioning_Local/Flickr30K/flickr30k_images/flickr30k_images/4234446819.jpg,baseball glove,0.3358703553676605,258.98028564453125,141.4845428466797,336.262451171875,242.36898803710938,5
Flickr30K/4234670797.jpg,/content/Image_captioning_Local/Flickr30K/flickr30k_images/flickr30k_images/4234670797.jpg,person,0.9264367818832397,64.81172943115234,149.52244567871094,215.78738403320312,380.7686767578125,1
Flickr30K/4234824441.jpg,/content/Image_captioning_Local/Flickr30K/flickr30k_images/flickr30k_images/4234824441.jpg,person,0.7015020847320557,46.21928024291992,176.52635192871094,96.237060546875,268.6527099609375,10
Flickr30K/4234824441.jpg,/content/Image_captioning_Local/Flickr30K/flickr30k_images/flickr30k_images/4234824441.jpg,person,0.6271967887878418,397.3163146972656,158.07247924804688,447.3482666015625,325.0314636230469,10
Flickr30K/4234824441.jpg,/content/Image_captioning_Local/Flickr30K/flickr30k_images/flickr30k_images/4234824441.jpg,person,0.535886824131012,91.67325592041016,161.32875061035156,132.53797912597656,311.95367431640625,10
Flickr30K/4234824441.jpg,/content/Image_captioning_Local/Flickr30K/flickr30k_images/flickr30k_images/4234824441.jpg,person,0.4321504533290863,298.7403869628906,174.53060913085938,387.40643310546875,323.6346130371094,10
Flickr30K/4234824441.jpg,/content/Image_captioning_Local/Flickr30K/flickr30k_images/flickr30k_images/4234824441.jpg,person,0.4121377766132355,492.2096252441406,185.95716857910156,499.8220520019531,239.57583618164062,10
Flickr30K/4234824441.jpg,/content/Image_captioning_Local/Flickr30K/flickr30k_images/flickr30k_images/4234824441.jpg,person,0.4025551676750183,333.97235107421875,175.54698181152344,387.24786376953125,320.11328125,10
Flickr30K/4234824441.jpg,/content/Image_captioning_Local/Flickr30K/flickr30k_images/flickr30k_images/4234824441.jpg,person,0.39268752932548523,337.43072509765625,177.11317443847656,364.4034729003906,210.71841430664062,10
Flickr30K/4234824441.jpg,/content/Image_captioning_Local/Flickr30K/flickr30k_images/flickr30k_images/4234824441.jpg,person,0.3824024498462677,83.30703735351562,151.14999389648438,113.97840118408203,198.79136657714844,10
Flickr30K/4234824441.jpg,/content/Image_captioning_Local/Flickr30K/flickr30k_images/flickr30k_images/4234824441.jpg,handbag,0.3529303967952728,119.62080383300781,211.41683959960938,136.84776306152344,241.06944274902344,10
Flickr30K/4234824441.jpg,/content/Image_captioning_Local/Flickr30K/flickr30k_images/flickr30k_images/4234824441.jpg,person,0.25958406925201416,336.8958435058594,177.1709442138672,364.6990661621094,240.16595458984375,10
Flickr30K/423485388.jpg,/content/Image_captioning_Local/Flickr30K/flickr30k_images/flickr30k_images/423485388.jpg,person,0.7543192505836487,0.2471923828125,0.8339881896972656,476.00927734375,314.5295715332031,2
Flickr30K/423485388.jpg,/content/Image_captioning_Local/Flickr30K/flickr30k_images/flickr30k_images/423485388.jpg,dog,0.2926730811595917,356.86212158203125,216.1868133544922,425.863037109375,271.3754577636719,2
Flickr30K/42348693.jpg,/content/Image_captioning_Local/Flickr30K/flickr30k_images/flickr30k_images/42348693.jpg,chair,0.810150682926178,128.36044311523438,153.0264434814453,263.7629089355469,330.6661071777344,18
Flickr30K/42348693.jpg,/content/Image_captioning_Local/Flickr30K/flickr30k_images/flickr30k_images/42348693.jpg,person,0.7909145951271057,307.8169250488281,15.91702651977539,403.740966796875,257.3265075683594,18
Flickr30K/42348693.jpg,/content/Image_captioning_Local/Flickr30K/flickr30k_images/flickr30k_images/42348693.jpg,chair,0.7770259976387024,347.5164794921875,102.88768005371094,414.7692565917969,248.74534606933594,18
Flickr30K/42348693.jpg,/content/Image_captioning_Local/Flickr30K/flickr30k_images/flickr30k_images/42348693.jpg,person,0.7047180533409119,470.65008544921875,50.8641242980957,499.8043212890625,204.11892700195312,18
Flickr30K/42348693.jpg,/content/Image_captioning_Local/Flickr30K/flickr30k_images/flickr30k_images/42348693.jpg,person,0.689300537109375,132.835205078125,25.811481475830078,221.09727478027344,144.6730194091797,18
Flickr30K/42348693.jpg,/content/Image_captioning_Local/Flickr30K/flickr30k_images/flickr30k_images/42348693.jpg,chair,0.6128818392753601,409.9896545410156,94.2011489868164,480.9569396972656,220.87855529785156,18
Flickr30K/42348693.jpg,/content/Image_captioning_Local/Flickr30K/flickr30k_images/flickr30k_images/42348693.jpg,dining table,0.5171761512756348,80.50050354003906,154.1201171875,217.0523223876953,329.2807922363281,18
Flickr30K/42348693.jpg,/content/Image_captioning_Local/Flickr30K/flickr30k_images/flickr30k_images/42348693.jpg,dining table,0.47812163829803467,121.09062957763672,121.85611724853516,266.1231384277344,152.86245727539062,18
Flickr30K/42348693.jpg,/content/Image_captioning_Local/Flickr30K/flickr30k_images/flickr30k_images/42348693.jpg,person,0.4565233886241913,424.740966796875,15.415435791015625,486.070068359375,91.38764953613281,18
Flickr30K/42348693.jpg,/content/Image_captioning_Local/Flickr30K/flickr30k_images/flickr30k_images/42348693.jpg,handbag,0.44812366366386414,429.04046630859375,75.07152557373047,462.3468933105469,95.45230865478516,18
Flickr30K/42348693.jpg,/content/Image_captioning_Local/Flickr30K/flickr30k_images/flickr30k_images/42348693.jpg,cup,0.4157552123069763,107.18627166748047,160.32875061035156,136.2606964111328,185.5204315185547,18
Flickr30K/42348693.jpg,/content/Image_captioning_Local/Flickr30K/flickr30k_images/flickr30k_images/42348693.jpg,dining table,0.41513097286224365,365.304931640625,262.6828308105469,499.6460876464844,330.5926208496094,18
Flickr30K/42348693.jpg,/content/Image_captioning_Local/Flickr30K/flickr30k_images/flickr30k_images/42348693.jpg,dining table,0.41483205556869507,81.39851379394531,154.72950744628906,215.28582763671875,206.08372497558594,18
Flickr30K/42348693.jpg,/content/Image_captioning_Local/Flickr30K/flickr30k_images/flickr30k_images/42348693.jpg,chair,0.38400620222091675,0.22650957107543945,107.65166473388672,110.77611541748047,329.0872497558594,18
Flickr30K/42348693.jpg,/content/Image_captioning_Local/Flickr30K/flickr30k_images/flickr30k_images/42348693.jpg,dining table,0.3687845468521118,409.57525634765625,94.43225860595703,480.8911437988281,221.05807495117188,18
Flickr30K/42348693.jpg,/content/Image_captioning_Local/Flickr30K/flickr30k_images/flickr30k_images/42348693.jpg,chair,0.3601575493812561,129.05941772460938,214.27206420898438,233.13656616210938,330.4758605957031,18
Flickr30K/42348693.jpg,/content/Image_captioning_Local/Flickr30K/flickr30k_images/flickr30k_images/42348693.jpg,chair,0.3114945590496063,249.4126739501953,138.64459228515625,339.4293212890625,293.1451416015625,18
Flickr30K/42348693.jpg,/content/Image_captioning_Local/Flickr30K/flickr30k_images/flickr30k_images/42348693.jpg,person,0.2814939320087433,485.03570556640625,10.195148468017578,499.8244323730469,36.45247268676758,18
Flickr30K/4235671794.jpg,/content/Image_captioning_Local/Flickr30K/flickr30k_images/flickr30k_images/4235671794.jpg,person,0.778032660484314,338.2772521972656,218.01541137695312,427.7048034667969,287.89813232421875,13
Flickr30K/4235671794.jpg,/content/Image_captioning_Local/Flickr30K/flickr30k_images/flickr30k_images/4235671794.jpg,person,0.768283486366272,0.03988146781921387,293.4041442871094,20.921648025512695,374.2982482910156,13
Flickr30K/4235671794.jpg,/content/Image_captioning_Local/Flickr30K/flickr30k_images/flickr30k_images/4235671794.jpg,person,0.7589827179908752,15.082663536071777,210.7687530517578,88.13594818115234,314.3683776855469,13
Flickr30K/4235671794.jpg,/content/Image_captioning_Local/Flickr30K/flickr30k_images/flickr30k_images/4235671794.jpg,person,0.6953828930854797,143.47100830078125,179.9063720703125,187.84251403808594,271.3319396972656,13
Flickr30K/4235671794.jpg,/content/Image_captioning_Local/Flickr30K/flickr30k_images/flickr30k_images/4235671794.jpg,person,0.6953144073486328,312.6145935058594,161.01467895507812,359.5013122558594,243.2523956298828,13
Flickr30K/4235671794.jpg,/content/Image_captioning_Local/Flickr30K/flickr30k_images/flickr30k_images/4235671794.jpg,person,0.6950607895851135,187.0415496826172,198.96249389648438,249.55844116210938,284.66290283203125,13
Flickr30K/4235671794.jpg,/content/Image_captioning_Local/Flickr30K/flickr30k_images/flickr30k_images/4235671794.jpg,person,0.6440950036048889,67.242919921875,200.77023315429688,114.84275817871094,304.43914794921875,13
Flickr30K/4235671794.jpg,/content/Image_captioning_Local/Flickr30K/flickr30k_images/flickr30k_images/4235671794.jpg,person,0.4886612892150879,262.5005187988281,180.87950134277344,296.8129577636719,268.5712890625,13
Flickr30K/4235671794.jpg,/content/Image_captioning_Local/Flickr30K/flickr30k_images/flickr30k_images/4235671794.jpg,sports ball,0.39857813715934753,163.5785369873047,80.31775665283203,175.97300720214844,93.38331604003906,13
Flickr30K/4235671794.jpg,/content/Image_captioning_Local/Flickr30K/flickr30k_images/flickr30k_images/4235671794.jpg,person,0.3298887610435486,167.26083374023438,189.5630340576172,213.14122009277344,275.4908142089844,13
Flickr30K/4235671794.jpg,/content/Image_captioning_Local/Flickr30K/flickr30k_images/flickr30k_images/4235671794.jpg,person,0.32165661454200745,262.56231689453125,180.9042205810547,313.38079833984375,268.3901062011719,13
Flickr30K/4235671794.jpg,/content/Image_captioning_Local/Flickr30K/flickr30k_images/flickr30k_images/4235671794.jpg,person,0.2879301905632019,75.1561508178711,120.61735534667969,103.603515625,203.0020294189453,13
Flickr30K/4235671794.jpg,/content/Image_captioning_Local/Flickr30K/flickr30k_images/flickr30k_images/4235671794.jpg,person,0.28474175930023193,183.0994873046875,137.69964599609375,219.2128448486328,209.09410095214844,13
Flickr30K/42359099.jpg,/content/Image_captioning_Local/Flickr30K/flickr30k_images/flickr30k_images/42359099.jpg,person,0.9193427562713623,130.70542907714844,51.05038833618164,209.688232421875,326.7906188964844,11
Flickr30K/42359099.jpg,/content/Image_captioning_Local/Flickr30K/flickr30k_images/flickr30k_images/42359099.jpg,person,0.9173300266265869,243.94467163085938,40.5894775390625,318.95831298828125,277.62408447265625,11
Flickr30K/42359099.jpg,/content/Image_captioning_Local/Flickr30K/flickr30k_images/flickr30k_images/42359099.jpg,person,0.9032216668128967,182.7943878173828,52.97064971923828,247.4904022216797,282.9766845703125,11
Flickr30K/42359099.jpg,/content/Image_captioning_Local/Flickr30K/flickr30k_images/flickr30k_images/42359099.jpg,person,0.8998745679855347,308.9774475097656,45.44706344604492,392.3330993652344,322.487060546875,11
Flickr30K/42359099.jpg,/content/Image_captioning_Local/Flickr30K/flickr30k_images/flickr30k_images/42359099.jpg,car,0.8785083293914795,469.6778259277344,115.42227172851562,499.8135681152344,153.4608154296875,11
Flickr30K/42359099.jpg,/content/Image_captioning_Local/Flickr30K/flickr30k_images/flickr30k_images/42359099.jpg,person,0.8098063468933105,6.385463714599609,123.23365020751953,95.70008850097656,231.25242614746094,11
Flickr30K/42359099.jpg,/content/Image_captioning_Local/Flickr30K/flickr30k_images/flickr30k_images/42359099.jpg,handbag,0.765708327293396,356.8382873535156,103.83724975585938,395.1726379394531,212.6981201171875,11
Flickr30K/42359099.jpg,/content/Image_captioning_Local/Flickr30K/flickr30k_images/flickr30k_images/42359099.jpg,bench,0.7277629375457764,0.0,159.6609649658203,122.34463500976562,230.68795776367188,11
Flickr30K/42359099.jpg,/content/Image_captioning_Local/Flickr30K/flickr30k_images/flickr30k_images/42359099.jpg,person,0.6794753670692444,360.2243957519531,45.28262710571289,402.8919677734375,184.43759155273438,11
Flickr30K/42359099.jpg,/content/Image_captioning_Local/Flickr30K/flickr30k_images/flickr30k_images/42359099.jpg,person,0.5822917819023132,360.4378662109375,45.141075134277344,403.0030212402344,273.2481994628906,11
Flickr30K/42359099.jpg,/content/Image_captioning_Local/Flickr30K/flickr30k_images/flickr30k_images/42359099.jpg,handbag,0.3853665292263031,205.07931518554688,126.27325439453125,223.579833984375,163.28549194335938,11
Flickr30K/4236435111.jpg,/content/Image_captioning_Local/Flickr30K/flickr30k_images/flickr30k_images/4236435111.jpg,person,0.9343475699424744,231.91323852539062,93.11228942871094,355.09942626953125,454.9158935546875,6
Flickr30K/4236435111.jpg,/content/Image_captioning_Local/Flickr30K/flickr30k_images/flickr30k_images/4236435111.jpg,person,0.9214282035827637,44.6934700012207,97.6211166381836,130.2091827392578,355.062255859375,6
Flickr30K/4236435111.jpg,/content/Image_captioning_Local/Flickr30K/flickr30k_images/flickr30k_images/4236435111.jpg,person,0.8876222372055054,8.53114128112793,128.07188415527344,72.65383911132812,294.8919677734375,6
Flickr30K/4236435111.jpg,/content/Image_captioning_Local/Flickr30K/flickr30k_images/flickr30k_images/4236435111.jpg,handbag,0.3920742869377136,32.94923400878906,211.20767211914062,57.686424255371094,229.20169067382812,6
Flickr30K/4236435111.jpg,/content/Image_captioning_Local/Flickr30K/flickr30k_images/flickr30k_images/4236435111.jpg,car,0.2807008922100067,0.0,136.0133819580078,24.439435958862305,186.69850158691406,6
Flickr30K/4236435111.jpg,/content/Image_captioning_Local/Flickr30K/flickr30k_images/flickr30k_images/4236435111.jpg,car,0.2796240448951721,0.0,137.12852478027344,78.87017822265625,261.73114013671875,6
Flickr30K/4236452679.jpg,/content/Image_captioning_Local/Flickr30K/flickr30k_images/flickr30k_images/4236452679.jpg,person,0.9371922016143799,7.848501205444336,110.07879638671875,189.69430541992188,398.907470703125,1
Flickr30K/4236904897.jpg,/content/Image_captioning_Local/Flickr30K/flickr30k_images/flickr30k_images/4236904897.jpg,person,0.7035748958587646,266.7104187011719,181.9071807861328,306.902587890625,269.7334289550781,4
Flickr30K/4236904897.jpg,/content/Image_captioning_Local/Flickr30K/flickr30k_images/flickr30k_images/4236904897.jpg,person,0.5753892660140991,336.6415710449219,215.2876434326172,343.56170654296875,230.21188354492188,4
Flickr30K/4236904897.jpg,/content/Image_captioning_Local/Flickr30K/flickr30k_images/flickr30k_images/4236904897.jpg,person,0.45519763231277466,345.8588562011719,216.75393676757812,350.54644775390625,229.8197021484375,4
Flickr30K/4236904897.jpg,/content/Image_captioning_Local/Flickr30K/flickr30k_images/flickr30k_images/4236904897.jpg,person,0.4254203736782074,331.44818115234375,216.70909118652344,336.5923767089844,230.5298309326172,4
Flickr30K/4237212038.jpg,/content/Image_captioning_Local/Flickr30K/flickr30k_images/flickr30k_images/4237212038.jpg,person,0.9392732381820679,39.08374786376953,101.26419067382812,227.3913116455078,329.36358642578125,2
Flickr30K/4237212038.jpg,/content/Image_captioning_Local/Flickr30K/flickr30k_images/flickr30k_images/4237212038.jpg,handbag,0.48496004939079285,114.529541015625,224.80235290527344,149.74530029296875,298.1402893066406,2
Flickr30K/423782935.jpg,/content/Image_captioning_Local/Flickr30K/flickr30k_images/flickr30k_images/423782935.jpg,person,0.9457136988639832,44.27661895751953,119.52714538574219,220.63047790527344,371.8323669433594,3
Flickr30K/423782935.jpg,/content/Image_captioning_Local/Flickr30K/flickr30k_images/flickr30k_images/423782935.jpg,person,0.8918678760528564,221.3644561767578,31.63640594482422,300.1280822753906,195.9167938232422,3
Flickr30K/423782935.jpg,/content/Image_captioning_Local/Flickr30K/flickr30k_images/flickr30k_images/423782935.jpg,truck,0.4100702106952667,155.17335510253906,1.840662956237793,454.74737548828125,205.66761779785156,3
Flickr30K/4238141532.jpg,/content/Image_captioning_Local/Flickr30K/flickr30k_images/flickr30k_images/4238141532.jpg,person,0.9083462953567505,453.5231628417969,115.37032318115234,499.765869140625,330.1174621582031,21
Flickr30K/4238141532.jpg,/content/Image_captioning_Local/Flickr30K/flickr30k_images/flickr30k_images/4238141532.jpg,bench,0.774008572101593,214.20326232910156,256.13897705078125,457.92254638671875,331.8155822753906,21
Flickr30K/4238141532.jpg,/content/Image_captioning_Local/Flickr30K/flickr30k_images/flickr30k_images/4238141532.jpg,person,0.7563405632972717,400.8835754394531,135.96482849121094,468.57672119140625,272.9968566894531,21
Flickr30K/4238141532.jpg,/content/Image_captioning_Local/Flickr30K/flickr30k_images/flickr30k_images/4238141532.jpg,bench,0.7293823957443237,112.6327896118164,232.72586059570312,393.3492126464844,329.9023742675781,21
Flickr30K/4238141532.jpg,/content/Image_captioning_Local/Flickr30K/flickr30k_images/flickr30k_images/4238141532.jpg,person,0.7147194743156433,302.4659729003906,196.00668334960938,357.0562744140625,249.8196563720703,21
Flickr30K/4238141532.jpg,/content/Image_captioning_Local/Flickr30K/flickr30k_images/flickr30k_images/4238141532.jpg,person,0.6922928690910339,236.20054626464844,188.65335083007812,280.5529479980469,261.612548828125,21
Flickr30K/4238141532.jpg,/content/Image_captioning_Local/Flickr30K/flickr30k_images/flickr30k_images/4238141532.jpg,person,0.6617755889892578,272.7857666015625,203.04627990722656,304.1128234863281,254.6447296142578,21
Flickr30K/4238141532.jpg,/content/Image_captioning_Local/Flickr30K/flickr30k_images/flickr30k_images/4238141532.jpg,person,0.5308597683906555,198.48963928222656,188.00718688964844,233.80067443847656,237.36378479003906,21
Flickr30K/4238141532.jpg,/content/Image_captioning_Local/Flickr30K/flickr30k_images/flickr30k_images/4238141532.jpg,person,0.4767085611820221,299.7017822265625,142.8300323486328,345.51202392578125,218.28408813476562,21
Flickr30K/4238141532.jpg,/content/Image_captioning_Local/Flickr30K/flickr30k_images/flickr30k_images/4238141532.jpg,bench,0.4337957203388214,82.84559631347656,208.69589233398438,204.71124267578125,250.1570281982422,21
Flickr30K/4238141532.jpg,/content/Image_captioning_Local/Flickr30K/flickr30k_images/flickr30k_images/4238141532.jpg,person,0.39309582114219666,91.10053253173828,183.39724731445312,127.884033203125,217.2105255126953,21
Flickr30K/4238141532.jpg,/content/Image_captioning_Local/Flickr30K/flickr30k_images/flickr30k_images/4238141532.jpg,person,0.3808661997318268,0.03770589828491211,240.0879364013672,11.054436683654785,331.7237854003906,21
Flickr30K/4238141532.jpg,/content/Image_captioning_Local/Flickr30K/flickr30k_images/flickr30k_images/4238141532.jpg,person,0.37500303983688354,128.5826873779297,144.06700134277344,169.9958038330078,214.5283660888672,21
Flickr30K/4238141532.jpg,/content/Image_captioning_Local/Flickr30K/flickr30k_images/flickr30k_images/4238141532.jpg,person,0.33714547753334045,379.5892333984375,128.72894287109375,421.99444580078125,276.2429504394531,21
Flickr30K/4238141532.jpg,/content/Image_captioning_Local/Flickr30K/flickr30k_images/flickr30k_images/4238141532.jpg,bench,0.33153873682022095,110.56108093261719,233.5093231201172,240.30270385742188,269.1653137207031,21
Flickr30K/4238141532.jpg,/content/Image_captioning_Local/Flickr30K/flickr30k_images/flickr30k_images/4238141532.jpg,bench,0.3265916109085083,91.39466857910156,218.4273223876953,202.9287872314453,249.6126708984375,21
Flickr30K/4238141532.jpg,/content/Image_captioning_Local/Flickr30K/flickr30k_images/flickr30k_images/4238141532.jpg,person,0.32187867164611816,287.1159362792969,144.5107879638672,309.748779296875,225.67372131347656,21
Flickr30K/4238141532.jpg,/content/Image_captioning_Local/Flickr30K/flickr30k_images/flickr30k_images/4238141532.jpg,chair,0.2933700680732727,357.114501953125,256.2562561035156,390.7674255371094,287.43414306640625,21
Flickr30K/4238141532.jpg,/content/Image_captioning_Local/Flickr30K/flickr30k_images/flickr30k_images/4238141532.jpg,book,0.280950129032135,207.36981201171875,288.9304504394531,260.8717956542969,331.58270263671875,21
Flickr30K/4238141532.jpg,/content/Image_captioning_Local/Flickr30K/flickr30k_images/flickr30k_images/4238141532.jpg,bench,0.25682854652404785,85.60814666748047,208.82801818847656,206.6216278076172,233.2183380126953,21
Flickr30K/4238141532.jpg,/content/Image_captioning_Local/Flickr30K/flickr30k_images/flickr30k_images/4238141532.jpg,person,0.25573527812957764,65.93626403808594,149.605224609375,90.37059783935547,220.31503295898438,21
Flickr30K/4238762387.jpg,/content/Image_captioning_Local/Flickr30K/flickr30k_images/flickr30k_images/4238762387.jpg,person,0.7015842199325562,171.91311645507812,89.55597686767578,320.9787902832031,327.80322265625,7
Flickr30K/4238762387.jpg,/content/Image_captioning_Local/Flickr30K/flickr30k_images/flickr30k_images/4238762387.jpg,person,0.5018821954727173,0.05581080913543701,272.0549011230469,31.34075927734375,309.5567321777344,7
Flickr30K/4238762387.jpg,/content/Image_captioning_Local/Flickr30K/flickr30k_images/flickr30k_images/4238762387.jpg,person,0.44012564420700073,178.15013122558594,91.55750274658203,444.1849670410156,330.50146484375,7
Flickr30K/4238762387.jpg,/content/Image_captioning_Local/Flickr30K/flickr30k_images/flickr30k_images/4238762387.jpg,car,0.34763604402542114,368.0943603515625,74.65388488769531,499.65362548828125,194.05796813964844,7
Flickr30K/4238762387.jpg,/content/Image_captioning_Local/Flickr30K/flickr30k_images/flickr30k_images/4238762387.jpg,book,0.3222593069076538,57.67201232910156,183.2986297607422,102.54991912841797,231.6802520751953,7
Flickr30K/4238762387.jpg,/content/Image_captioning_Local/Flickr30K/flickr30k_images/flickr30k_images/4238762387.jpg,book,0.30381467938423157,48.38824462890625,165.08865356445312,88.638671875,259.15966796875,7
Flickr30K/4238762387.jpg,/content/Image_captioning_Local/Flickr30K/flickr30k_images/flickr30k_images/4238762387.jpg,book,0.2971814274787903,109.47384643554688,247.19967651367188,178.4010009765625,306.86822509765625,7
Flickr30K/42397423.jpg,/content/Image_captioning_Local/Flickr30K/flickr30k_images/flickr30k_images/42397423.jpg,person,0.8772276043891907,169.5699920654297,137.3313446044922,214.50340270996094,219.9859161376953,3
Flickr30K/42397423.jpg,/content/Image_captioning_Local/Flickr30K/flickr30k_images/flickr30k_images/42397423.jpg,person,0.4493617117404938,447.3973388671875,114.99991607666016,475.4212341308594,178.45831298828125,3
Flickr30K/42397423.jpg,/content/Image_captioning_Local/Flickr30K/flickr30k_images/flickr30k_images/42397423.jpg,person,0.27993738651275635,451.2982482910156,192.4186248779297,499.8730773925781,266.51788330078125,3
Flickr30K/4239856300.jpg,/content/Image_captioning_Local/Flickr30K/flickr30k_images/flickr30k_images/4239856300.jpg,person,0.9053348302841187,180.22508239746094,104.99429321289062,319.09326171875,298.1341857910156,5
Flickr30K/4239856300.jpg,/content/Image_captioning_Local/Flickr30K/flickr30k_images/flickr30k_images/4239856300.jpg,person,0.8911021947860718,281.1221008300781,126.328369140625,386.35980224609375,271.2488098144531,5
Flickr30K/4239856300.jpg,/content/Image_captioning_Local/Flickr30K/flickr30k_images/flickr30k_images/4239856300.jpg,person,0.8255125880241394,8.616483688354492,90.85780334472656,63.08570098876953,252.14776611328125,5
Flickr30K/4239856300.jpg,/content/Image_captioning_Local/Flickr30K/flickr30k_images/flickr30k_images/4239856300.jpg,person,0.7865293025970459,59.667118072509766,146.55313110351562,230.7669677734375,308.1168212890625,5
Flickr30K/4239856300.jpg,/content/Image_captioning_Local/Flickr30K/flickr30k_images/flickr30k_images/4239856300.jpg,cup,0.40809062123298645,72.49179077148438,244.55709838867188,88.68248748779297,263.4912414550781,5
Flickr30K/4239908991.jpg,/content/Image_captioning_Local/Flickr30K/flickr30k_images/flickr30k_images/4239908991.jpg,person,0.9497264623641968,256.2768859863281,29.504108428955078,455.9234619140625,330.13037109375,12
Flickr30K/4239908991.jpg,/content/Image_captioning_Local/Flickr30K/flickr30k_images/flickr30k_images/4239908991.jpg,person,0.9464889168739319,41.56532287597656,57.27243423461914,251.00906372070312,329.8470458984375,12
Flickr30K/4239908991.jpg,/content/Image_captioning_Local/Flickr30K/flickr30k_images/flickr30k_images/4239908991.jpg,person,0.8052102327346802,75.4995346069336,144.53530883789062,97.13654327392578,184.64292907714844,12
Flickr30K/4239908991.jpg,/content/Image_captioning_Local/Flickr30K/flickr30k_images/flickr30k_images/4239908991.jpg,cup,0.7904244661331177,343.5848388671875,146.04449462890625,368.5712890625,188.2080535888672,12
Flickr30K/4239908991.jpg,/content/Image_captioning_Local/Flickr30K/flickr30k_images/flickr30k_images/4239908991.jpg,car,0.7864176630973816,415.0568542480469,145.08328247070312,452.8153076171875,167.1153564453125,12
Flickr30K/4239908991.jpg,/content/Image_captioning_Local/Flickr30K/flickr30k_images/flickr30k_images/4239908991.jpg,person,0.7033230662345886,33.70562744140625,136.48695373535156,56.00433349609375,169.9043731689453,12
Flickr30K/4239908991.jpg,/content/Image_captioning_Local/Flickr30K/flickr30k_images/flickr30k_images/4239908991.jpg,cup,0.6958588361740112,124.48408508300781,210.7169647216797,149.97882080078125,254.97760009765625,12
Flickr30K/4239908991.jpg,/content/Image_captioning_Local/Flickr30K/flickr30k_images/flickr30k_images/4239908991.jpg,car,0.6766910552978516,239.3873748779297,148.2063751220703,262.30340576171875,171.88067626953125,12
Flickr30K/4239908991.jpg,/content/Image_captioning_Local/Flickr30K/flickr30k_images/flickr30k_images/4239908991.jpg,car,0.6296449303627014,440.56585693359375,147.0144500732422,491.871826171875,166.48724365234375,12
Flickr30K/4239908991.jpg,/content/Image_captioning_Local/Flickr30K/flickr30k_images/flickr30k_images/4239908991.jpg,car,0.4506166875362396,471.8685607910156,148.35887145996094,492.17828369140625,162.9133758544922,12
Flickr30K/4239908991.jpg,/content/Image_captioning_Local/Flickr30K/flickr30k_images/flickr30k_images/4239908991.jpg,person,0.42228615283966064,51.97823715209961,146.2667236328125,66.61351013183594,182.04066467285156,12
Flickr30K/4239908991.jpg,/content/Image_captioning_Local/Flickr30K/flickr30k_images/flickr30k_images/4239908991.jpg,person,0.2673543691635132,56.74480056762695,145.45216369628906,72.0086898803711,181.3087921142578,12
Flickr30K/4240135778.jpg,/content/Image_captioning_Local/Flickr30K/flickr30k_images/flickr30k_images/4240135778.jpg,person,0.9453119039535522,311.21197509765625,57.432579040527344,499.34539794921875,302.3727722167969,12
Flickr30K/4240135778.jpg,/content/Image_captioning_Local/Flickr30K/flickr30k_images/flickr30k_images/4240135778.jpg,person,0.9446904063224792,0.0,84.19218444824219,162.31932067871094,276.3919677734375,12
Flickr30K/4240135778.jpg,/content/Image_captioning_Local/Flickr30K/flickr30k_images/flickr30k_images/4240135778.jpg,person,0.9352697134017944,167.57244873046875,69.33464050292969,315.8679504394531,303.0992126464844,12
Flickr30K/4240135778.jpg,/content/Image_captioning_Local/Flickr30K/flickr30k_images/flickr30k_images/4240135778.jpg,bottle,0.8979359865188599,52.66473388671875,266.9866943359375,86.82450103759766,351.2715759277344,12
Flickr30K/4240135778.jpg,/content/Image_captioning_Local/Flickr30K/flickr30k_images/flickr30k_images/4240135778.jpg,bowl,0.8794065713882446,347.7319641113281,283.8591613769531,409.0910949707031,318.6156311035156,12
Flickr30K/4240135778.jpg,/content/Image_captioning_Local/Flickr30K/flickr30k_images/flickr30k_images/4240135778.jpg,bottle,0.866051435470581,316.911376953125,276.0139465332031,347.9559326171875,358.94512939453125,12
Flickr30K/4240135778.jpg,/content/Image_captioning_Local/Flickr30K/flickr30k_images/flickr30k_images/4240135778.jpg,dining table,0.8579236268997192,0.5599021911621094,264.46539306640625,497.72454833984375,373.21533203125,12
Flickr30K/4240135778.jpg,/content/Image_captioning_Local/Flickr30K/flickr30k_images/flickr30k_images/4240135778.jpg,bowl,0.820707380771637,85.40518188476562,266.9909362792969,147.60585021972656,300.2632751464844,12
Flickr30K/4240135778.jpg,/content/Image_captioning_Local/Flickr30K/flickr30k_images/flickr30k_images/4240135778.jpg,cup,0.748908281326294,382.40167236328125,333.3487548828125,417.78765869140625,372.9269104003906,12
Flickr30K/4240135778.jpg,/content/Image_captioning_Local/Flickr30K/flickr30k_images/flickr30k_images/4240135778.jpg,cup,0.6539265513420105,256.2300720214844,356.4367370605469,293.6280212402344,374.951171875,12
Flickr30K/4240135778.jpg,/content/Image_captioning_Local/Flickr30K/flickr30k_images/flickr30k_images/4240135778.jpg,chair,0.6014845371246338,0.05704760551452637,154.2390594482422,33.125057220458984,189.24786376953125,12
Flickr30K/4240135778.jpg,/content/Image_captioning_Local/Flickr30K/flickr30k_images/flickr30k_images/4240135778.jpg,fork,0.46527621150016785,302.62322998046875,287.1986999511719,317.99530029296875,311.6991271972656,12
Flickr30K/424047148.jpg,/content/Image_captioning_Local/Flickr30K/flickr30k_images/flickr30k_images/424047148.jpg,person,0.8430495858192444,34.602272033691406,65.05775451660156,303.5679931640625,471.62982177734375,3
Flickr30K/424047148.jpg,/content/Image_captioning_Local/Flickr30K/flickr30k_images/flickr30k_images/424047148.jpg,suitcase,0.7856707572937012,0.11756420135498047,347.0956726074219,178.23233032226562,499.8183288574219,3
Flickr30K/424047148.jpg,/content/Image_captioning_Local/Flickr30K/flickr30k_images/flickr30k_images/424047148.jpg,bottle,0.5718560814857483,274.3992919921875,403.58233642578125,303.1366271972656,469.5229187011719,3
Flickr30K/4241497330.jpg,/content/Image_captioning_Local/Flickr30K/flickr30k_images/flickr30k_images/4241497330.jpg,person,0.8586323261260986,98.4375991821289,38.75248336791992,230.53536987304688,178.63375854492188,3
Flickr30K/4241497330.jpg,/content/Image_captioning_Local/Flickr30K/flickr30k_images/flickr30k_images/4241497330.jpg,skis,0.8580566644668579,194.0121612548828,266.9414978027344,328.35107421875,313.5072326660156,3
Flickr30K/4241497330.jpg,/content/Image_captioning_Local/Flickr30K/flickr30k_images/flickr30k_images/4241497330.jpg,backpack,0.6920589804649353,91.73760223388672,60.531402587890625,178.06759643554688,135.78944396972656,3
Flickr30K/4241997277.jpg,/content/Image_captioning_Local/Flickr30K/flickr30k_images/flickr30k_images/4241997277.jpg,person,0.910681426525116,57.76069259643555,56.79173278808594,226.29771423339844,497.70794677734375,10
Flickr30K/4241997277.jpg,/content/Image_captioning_Local/Flickr30K/flickr30k_images/flickr30k_images/4241997277.jpg,person,0.8799192309379578,205.85775756835938,119.55462646484375,336.4671630859375,498.50701904296875,10
Flickr30K/4241997277.jpg,/content/Image_captioning_Local/Flickr30K/flickr30k_images/flickr30k_images/4241997277.jpg,tie,0.8580881357192993,40.015663146972656,193.7930145263672,59.00558090209961,281.3631591796875,10
Flickr30K/4241997277.jpg,/content/Image_captioning_Local/Flickr30K/flickr30k_images/flickr30k_images/4241997277.jpg,person,0.8278186321258545,354.0308532714844,120.96961975097656,400.0,352.75872802734375,10
Flickr30K/4241997277.jpg,/content/Image_captioning_Local/Flickr30K/flickr30k_images/flickr30k_images/4241997277.jpg,person,0.8265122175216675,0.0,128.5043182373047,81.86189270019531,491.7110595703125,10
Flickr30K/4241997277.jpg,/content/Image_captioning_Local/Flickr30K/flickr30k_images/flickr30k_images/4241997277.jpg,person,0.4336661994457245,246.46856689453125,95.344970703125,306.54351806640625,128.49435424804688,10
Flickr30K/4241997277.jpg,/content/Image_captioning_Local/Flickr30K/flickr30k_images/flickr30k_images/4241997277.jpg,person,0.4277748465538025,167.28048706054688,129.75634765625,222.1524658203125,275.1264953613281,10
Flickr30K/4241997277.jpg,/content/Image_captioning_Local/Flickr30K/flickr30k_images/flickr30k_images/4241997277.jpg,person,0.35040944814682007,325.9019775390625,154.47238159179688,351.032958984375,208.39427185058594,10
Flickr30K/4241997277.jpg,/content/Image_captioning_Local/Flickr30K/flickr30k_images/flickr30k_images/4241997277.jpg,tie,0.27141913771629333,169.76856994628906,209.26190185546875,187.4683837890625,254.99314880371094,10
Flickr30K/4241997277.jpg,/content/Image_captioning_Local/Flickr30K/flickr30k_images/flickr30k_images/4241997277.jpg,tie,0.26265856623649597,171.8656005859375,214.52224731445312,190.64259338378906,261.8316955566406,10
Flickr30K/4242015151.jpg,/content/Image_captioning_Local/Flickr30K/flickr30k_images/flickr30k_images/4242015151.jpg,person,0.9405613541603088,261.88177490234375,108.9071273803711,368.03875732421875,372.14990234375,4
Flickr30K/4242015151.jpg,/content/Image_captioning_Local/Flickr30K/flickr30k_images/flickr30k_images/4242015151.jpg,sports ball,0.9047204852104187,368.8011169433594,294.98828125,404.45269775390625,330.81463623046875,4
Flickr30K/4242015151.jpg,/content/Image_captioning_Local/Flickr30K/flickr30k_images/flickr30k_images/4242015151.jpg,person,0.8999567031860352,141.23902893066406,50.41737365722656,208.6005401611328,349.283935546875,4
Flickr30K/4242015151.jpg,/content/Image_captioning_Local/Flickr30K/flickr30k_images/flickr30k_images/4242015151.jpg,person,0.45151379704475403,441.81756591796875,363.1355285644531,477.6183166503906,374.9698486328125,4
Flickr30K/4242020679.jpg,/content/Image_captioning_Local/Flickr30K/flickr30k_images/flickr30k_images/4242020679.jpg,person,0.8795886635780334,303.3421936035156,210.44683837890625,339.8348388671875,298.1108703613281,15
Flickr30K/4242020679.jpg,/content/Image_captioning_Local/Flickr30K/flickr30k_images/flickr30k_images/4242020679.jpg,person,0.8622429370880127,142.0814208984375,141.07847595214844,167.11227416992188,207.05126953125,15
Flickr30K/4242020679.jpg,/content/Image_captioning_Local/Flickr30K/flickr30k_images/flickr30k_images/4242020679.jpg,person,0.8576993346214294,250.51278686523438,127.37450408935547,267.7816467285156,185.73480224609375,15
Flickr30K/4242020679.jpg,/content/Image_captioning_Local/Flickr30K/flickr30k_images/flickr30k_images/4242020679.jpg,person,0.8544194102287292,469.52294921875,117.02251434326172,487.66412353515625,172.7489471435547,15
Flickr30K/4242020679.jpg,/content/Image_captioning_Local/Flickr30K/flickr30k_images/flickr30k_images/4242020679.jpg,person,0.8416751027107239,278.4703674316406,81.29191589355469,293.6928405761719,120.456787109375,15
Flickr30K/4242020679.jpg,/content/Image_captioning_Local/Flickr30K/flickr30k_images/flickr30k_images/4242020679.jpg,person,0.8158167600631714,105.83924865722656,81.39834594726562,118.60017395019531,123.13607025146484,15
Flickr30K/4242020679.jpg,/content/Image_captioning_Local/Flickr30K/flickr30k_images/flickr30k_images/4242020679.jpg,person,0.802773118019104,308.4785461425781,75.19841003417969,320.16998291015625,117.4835433959961,15
Flickr30K/4242020679.jpg,/content/Image_captioning_Local/Flickr30K/flickr30k_images/flickr30k_images/4242020679.jpg,person,0.7820146679878235,337.6844482421875,67.74990844726562,355.9098205566406,103.05731201171875,15
Flickr30K/4242020679.jpg,/content/Image_captioning_Local/Flickr30K/flickr30k_images/flickr30k_images/4242020679.jpg,sports ball,0.7483799457550049,336.0125427246094,266.8475341796875,346.5542297363281,277.1499328613281,15
Flickr30K/4242020679.jpg,/content/Image_captioning_Local/Flickr30K/flickr30k_images/flickr30k_images/4242020679.jpg,person,0.7408388257026672,31.242889404296875,79.37870025634766,44.496337890625,118.27082824707031,15
Flickr30K/4242020679.jpg,/content/Image_captioning_Local/Flickr30K/flickr30k_images/flickr30k_images/4242020679.jpg,person,0.7268955707550049,430.60711669921875,65.91828155517578,455.6897277832031,103.77335357666016,15
Flickr30K/4242020679.jpg,/content/Image_captioning_Local/Flickr30K/flickr30k_images/flickr30k_images/4242020679.jpg,person,0.7264581918716431,149.39854431152344,112.72537994384766,170.54498291015625,156.7098846435547,15
Flickr30K/4242020679.jpg,/content/Image_captioning_Local/Flickr30K/flickr30k_images/flickr30k_images/4242020679.jpg,person,0.6874164938926697,225.3922882080078,66.14854431152344,239.27053833007812,104.98282623291016,15
Flickr30K/4242020679.jpg,/content/Image_captioning_Local/Flickr30K/flickr30k_images/flickr30k_images/4242020679.jpg,person,0.5665282011032104,20.213674545288086,84.46900939941406,32.12919235229492,132.11569213867188,15
Flickr30K/4242020679.jpg,/content/Image_captioning_Local/Flickr30K/flickr30k_images/flickr30k_images/4242020679.jpg,person,0.3853464424610138,273.2640686035156,35.95911407470703,283.75543212890625,70.88335418701172,15
Flickr30K/4242032129.jpg,/content/Image_captioning_Local/Flickr30K/flickr30k_images/flickr30k_images/4242032129.jpg,person,0.9329437017440796,100.41384887695312,130.0436553955078,180.03640747070312,313.6863708496094,3
Flickr30K/4242032129.jpg,/content/Image_captioning_Local/Flickr30K/flickr30k_images/flickr30k_images/4242032129.jpg,person,0.91600501537323,275.1542053222656,104.83322143554688,342.13427734375,272.79364013671875,3
Flickr30K/4242032129.jpg,/content/Image_captioning_Local/Flickr30K/flickr30k_images/flickr30k_images/4242032129.jpg,person,0.8901030421257019,232.43841552734375,18.274497985839844,267.9686584472656,167.5841827392578,3
Flickr30K/4242038325.jpg,/content/Image_captioning_Local/Flickr30K/flickr30k_images/flickr30k_images/4242038325.jpg,person,0.906733512878418,247.36570739746094,189.8032684326172,306.3874816894531,326.2785339355469,12
Flickr30K/4242038325.jpg,/content/Image_captioning_Local/Flickr30K/flickr30k_images/flickr30k_images/4242038325.jpg,person,0.8913417458534241,110.14242553710938,193.31297302246094,158.55178833007812,338.2469177246094,12
Flickr30K/4242038325.jpg,/content/Image_captioning_Local/Flickr30K/flickr30k_images/flickr30k_images/4242038325.jpg,person,0.8366612195968628,101.3909912109375,120.72193908691406,139.00440979003906,222.82083129882812,12
Flickr30K/4242038325.jpg,/content/Image_captioning_Local/Flickr30K/flickr30k_images/flickr30k_images/4242038325.jpg,person,0.825627863407135,355.94390869140625,82.59379577636719,386.8321838378906,177.08248901367188,12
Flickr30K/4242038325.jpg,/content/Image_captioning_Local/Flickr30K/flickr30k_images/flickr30k_images/4242038325.jpg,person,0.8082530498504639,187.09844970703125,78.10618591308594,216.04013061523438,174.36256408691406,12
Flickr30K/4242038325.jpg,/content/Image_captioning_Local/Flickr30K/flickr30k_images/flickr30k_images/4242038325.jpg,person,0.7935059666633606,254.41368103027344,116.90274810791016,296.8382263183594,207.99923706054688,12
Flickr30K/4242038325.jpg,/content/Image_captioning_Local/Flickr30K/flickr30k_images/flickr30k_images/4242038325.jpg,person,0.6641970872879028,285.2952575683594,75.19107055664062,310.9141845703125,168.75906372070312,12
Flickr30K/4242038325.jpg,/content/Image_captioning_Local/Flickr30K/flickr30k_images/flickr30k_images/4242038325.jpg,person,0.6292809247970581,376.9488830566406,76.39524841308594,408.9653625488281,171.9022979736328,12
Flickr30K/4242038325.jpg,/content/Image_captioning_Local/Flickr30K/flickr30k_images/flickr30k_images/4242038325.jpg,person,0.4604310393333435,259.8027648925781,71.86124420166016,291.7447204589844,137.24395751953125,12
Flickr30K/4242038325.jpg,/content/Image_captioning_Local/Flickr30K/flickr30k_images/flickr30k_images/4242038325.jpg,person,0.43596529960632324,308.5038757324219,114.11378479003906,365.5112609863281,168.60716247558594,12
Flickr30K/4242038325.jpg,/content/Image_captioning_Local/Flickr30K/flickr30k_images/flickr30k_images/4242038325.jpg,person,0.28030863404273987,227.80474853515625,100.38926696777344,264.6356506347656,165.64840698242188,12
Flickr30K/4242038325.jpg,/content/Image_captioning_Local/Flickr30K/flickr30k_images/flickr30k_images/4242038325.jpg,person,0.2541479766368866,308.3427429199219,123.78715515136719,336.5631103515625,168.52670288085938,12
Flickr30K/4242041141.jpg,/content/Image_captioning_Local/Flickr30K/flickr30k_images/flickr30k_images/4242041141.jpg,sports ball,0.9336655735969543,433.9528503417969,328.88946533203125,465.9062805175781,362.3976745605469,3
Flickr30K/4242041141.jpg,/content/Image_captioning_Local/Flickr30K/flickr30k_images/flickr30k_images/4242041141.jpg,person,0.916072428226471,169.0955047607422,83.15714263916016,242.2557830810547,336.4019470214844,3
Flickr30K/4242041141.jpg,/content/Image_captioning_Local/Flickr30K/flickr30k_images/flickr30k_images/4242041141.jpg,person,0.8955660462379456,220.89724731445312,111.75270080566406,296.3914489746094,372.731689453125,3
Flickr30K/4242573381.jpg,/content/Image_captioning_Local/Flickr30K/flickr30k_images/flickr30k_images/4242573381.jpg,person,0.908541202545166,40.85939025878906,176.29852294921875,93.5567626953125,297.52911376953125,15
Flickr30K/4242573381.jpg,/content/Image_captioning_Local/Flickr30K/flickr30k_images/flickr30k_images/4242573381.jpg,person,0.8942413330078125,116.4113540649414,265.87225341796875,277.57720947265625,489.27508544921875,15
Flickr30K/4242573381.jpg,/content/Image_captioning_Local/Flickr30K/flickr30k_images/flickr30k_images/4242573381.jpg,person,0.7794174551963806,222.7454833984375,167.74676513671875,259.7747497558594,302.50372314453125,15
Flickr30K/4242573381.jpg,/content/Image_captioning_Local/Flickr30K/flickr30k_images/flickr30k_images/4242573381.jpg,person,0.7762656807899475,150.40570068359375,174.12164306640625,186.3253631591797,269.66741943359375,15
Flickr30K/4242573381.jpg,/content/Image_captioning_Local/Flickr30K/flickr30k_images/flickr30k_images/4242573381.jpg,person,0.7482766509056091,237.9903564453125,176.37648010253906,298.70556640625,375.3770751953125,15
Flickr30K/4242573381.jpg,/content/Image_captioning_Local/Flickr30K/flickr30k_images/flickr30k_images/4242573381.jpg,person,0.7254514694213867,99.30000305175781,164.14981079101562,155.51376342773438,352.6376647949219,15
Flickr30K/4242573381.jpg,/content/Image_captioning_Local/Flickr30K/flickr30k_images/flickr30k_images/4242573381.jpg,backpack,0.6888724565505981,83.43992614746094,209.37127685546875,117.48833465576172,279.12646484375,15
Flickr30K/4242573381.jpg,/content/Image_captioning_Local/Flickr30K/flickr30k_images/flickr30k_images/4242573381.jpg,person,0.6501913666725159,206.6572265625,180.72836303710938,231.7189178466797,248.85594177246094,15
Flickr30K/4242573381.jpg,/content/Image_captioning_Local/Flickr30K/flickr30k_images/flickr30k_images/4242573381.jpg,snowboard,0.4813864827156067,146.3003692626953,434.0082092285156,271.7489318847656,485.3874206542969,15
Flickr30K/4242573381.jpg,/content/Image_captioning_Local/Flickr30K/flickr30k_images/flickr30k_images/4242573381.jpg,skis,0.4718836545944214,146.7245635986328,434.0048828125,271.8330383300781,485.9026794433594,15
Flickr30K/4242573381.jpg,/content/Image_captioning_Local/Flickr30K/flickr30k_images/flickr30k_images/4242573381.jpg,skis,0.4421716332435608,84.24234008789062,338.4624938964844,174.22018432617188,369.65423583984375,15
Flickr30K/4242573381.jpg,/content/Image_captioning_Local/Flickr30K/flickr30k_images/flickr30k_images/4242573381.jpg,backpack,0.38534870743751526,281.2375183105469,213.66195678710938,317.727294921875,277.671142578125,15
Flickr30K/4242573381.jpg,/content/Image_captioning_Local/Flickr30K/flickr30k_images/flickr30k_images/4242573381.jpg,backpack,0.3764258623123169,178.6826171875,194.5553436279297,197.67532348632812,224.13401794433594,15
Flickr30K/4242573381.jpg,/content/Image_captioning_Local/Flickr30K/flickr30k_images/flickr30k_images/4242573381.jpg,car,0.333961546421051,271.6233215332031,166.53799438476562,333.0,309.7695007324219,15
Flickr30K/4242573381.jpg,/content/Image_captioning_Local/Flickr30K/flickr30k_images/flickr30k_images/4242573381.jpg,person,0.26230189204216003,197.1041259765625,237.2388916015625,224.90115356445312,280.9892578125,15
Flickr30K/424261682.jpg,/content/Image_captioning_Local/Flickr30K/flickr30k_images/flickr30k_images/424261682.jpg,person,0.9150218367576599,25.14967918395996,125.67272186279297,126.9174575805664,485.2056579589844,3
Flickr30K/424261682.jpg,/content/Image_captioning_Local/Flickr30K/flickr30k_images/flickr30k_images/424261682.jpg,person,0.904468297958374,182.1625213623047,101.73196411132812,340.40203857421875,466.168212890625,3
Flickr30K/424261682.jpg,/content/Image_captioning_Local/Flickr30K/flickr30k_images/flickr30k_images/424261682.jpg,car,0.328656405210495,0.21834373474121094,87.6725845336914,108.90841674804688,202.1596221923828,3
Flickr30K/424268604.jpg,/content/Image_captioning_Local/Flickr30K/flickr30k_images/flickr30k_images/424268604.jpg,person,0.3493967056274414,69.39535522460938,86.10477447509766,162.1324005126953,254.7640838623047,2
Flickr30K/424268604.jpg,/content/Image_captioning_Local/Flickr30K/flickr30k_images/flickr30k_images/424268604.jpg,person,0.25381627678871155,95.46184539794922,86.38247680664062,161.93800354003906,173.8511505126953,2
Flickr30K/4242755429.jpg,/content/Image_captioning_Local/Flickr30K/flickr30k_images/flickr30k_images/4242755429.jpg,cow,0.9402285218238831,152.1656036376953,39.33872985839844,372.4270324707031,210.5214080810547,3
Flickr30K/4242755429.jpg,/content/Image_captioning_Local/Flickr30K/flickr30k_images/flickr30k_images/4242755429.jpg,person,0.8363416790962219,280.9775695800781,150.5107879638672,358.68231201171875,308.17193603515625,3
Flickr30K/4242755429.jpg,/content/Image_captioning_Local/Flickr30K/flickr30k_images/flickr30k_images/4242755429.jpg,person,0.7617014646530151,98.72879791259766,112.90927124023438,237.2683563232422,201.38735961914062,3
Flickr30K/4242784332.jpg,/content/Image_captioning_Local/Flickr30K/flickr30k_images/flickr30k_images/4242784332.jpg,person,0.832684338092804,0.0,184.6021728515625,35.60060119628906,288.0068359375,15
Flickr30K/4242784332.jpg,/content/Image_captioning_Local/Flickr30K/flickr30k_images/flickr30k_images/4242784332.jpg,person,0.8270724415779114,233.54978942871094,188.633544921875,272.8621520996094,285.5376281738281,15
Flickr30K/4242784332.jpg,/content/Image_captioning_Local/Flickr30K/flickr30k_images/flickr30k_images/4242784332.jpg,person,0.8251012563705444,29.153919219970703,148.9621124267578,59.89560317993164,241.1268310546875,15
Flickr30K/4242784332.jpg,/content/Image_captioning_Local/Flickr30K/flickr30k_images/flickr30k_images/4242784332.jpg,sports ball,0.80198734998703,271.8464050292969,343.9979553222656,287.2901306152344,358.1079406738281,15
Flickr30K/4242784332.jpg,/content/Image_captioning_Local/Flickr30K/flickr30k_images/flickr30k_images/4242784332.jpg,person,0.7674046754837036,142.360595703125,172.950927734375,182.93841552734375,273.1955871582031,15
Flickr30K/4242784332.jpg,/content/Image_captioning_Local/Flickr30K/flickr30k_images/flickr30k_images/4242784332.jpg,person,0.7556586265563965,284.66851806640625,186.98291015625,322.16693115234375,284.96728515625,15
Flickr30K/4242784332.jpg,/content/Image_captioning_Local/Flickr30K/flickr30k_images/flickr30k_images/4242784332.jpg,sports ball,0.739712655544281,252.83587646484375,273.5972900390625,265.603271484375,286.1492614746094,15
Flickr30K/4242784332.jpg,/content/Image_captioning_Local/Flickr30K/flickr30k_images/flickr30k_images/4242784332.jpg,person,0.7233325839042664,123.83844757080078,120.23844909667969,154.57003784179688,182.95999145507812,15
Flickr30K/4242784332.jpg,/content/Image_captioning_Local/Flickr30K/flickr30k_images/flickr30k_images/4242784332.jpg,person,0.7118569016456604,355.350341796875,175.64944458007812,391.67633056640625,276.4603271484375,15
Flickr30K/4242784332.jpg,/content/Image_captioning_Local/Flickr30K/flickr30k_images/flickr30k_images/4242784332.jpg,person,0.6875951886177063,0.018242746591567993,116.87387084960938,9.453716278076172,182.05438232421875,15
Flickr30K/4242784332.jpg,/content/Image_captioning_Local/Flickr30K/flickr30k_images/flickr30k_images/4242784332.jpg,person,0.6764126420021057,127.23989868164062,170.49349975585938,158.80238342285156,270.4192199707031,15
Flickr30K/4242784332.jpg,/content/Image_captioning_Local/Flickr30K/flickr30k_images/flickr30k_images/4242784332.jpg,sports ball,0.549710214138031,5.449912071228027,273.3128967285156,18.548110961914062,285.9330749511719,15
Flickr30K/4242784332.jpg,/content/Image_captioning_Local/Flickr30K/flickr30k_images/flickr30k_images/4242784332.jpg,person,0.5061725974082947,382.3415832519531,172.03993225097656,406.70404052734375,263.5389709472656,15
Flickr30K/4242784332.jpg,/content/Image_captioning_Local/Flickr30K/flickr30k_images/flickr30k_images/4242784332.jpg,person,0.3217419385910034,313.94134521484375,178.49444580078125,331.44049072265625,270.4197998046875,15
Flickr30K/4242784332.jpg,/content/Image_captioning_Local/Flickr30K/flickr30k_images/flickr30k_images/4242784332.jpg,person,0.2506687343120575,283.1631774902344,175.9716033935547,306.48516845703125,271.61083984375,15
Flickr30K/424307754.jpg,/content/Image_captioning_Local/Flickr30K/flickr30k_images/flickr30k_images/424307754.jpg,person,0.8483173251152039,196.4678955078125,90.3498764038086,279.8155212402344,325.4164733886719,2
Flickr30K/424307754.jpg,/content/Image_captioning_Local/Flickr30K/flickr30k_images/flickr30k_images/424307754.jpg,dog,0.7912128567695618,142.27880859375,68.55252075195312,244.94696044921875,274.45233154296875,2
Flickr30K/4243530880.jpg,/content/Image_captioning_Local/Flickr30K/flickr30k_images/flickr30k_images/4243530880.jpg,horse,0.8424709439277649,184.8076171875,112.10193634033203,297.6045837402344,254.76431274414062,11
Flickr30K/4243530880.jpg,/content/Image_captioning_Local/Flickr30K/flickr30k_images/flickr30k_images/4243530880.jpg,person,0.8334256410598755,402.4619445800781,35.041690826416016,439.33197021484375,125.1473388671875,11
Flickr30K/4243530880.jpg,/content/Image_captioning_Local/Flickr30K/flickr30k_images/flickr30k_images/4243530880.jpg,person,0.7874236702919006,269.40936279296875,258.9180603027344,321.0519714355469,331.41595458984375,11
Flickr30K/4243530880.jpg,/content/Image_captioning_Local/Flickr30K/flickr30k_images/flickr30k_images/4243530880.jpg,person,0.7655060291290283,458.8695983886719,53.81898880004883,489.13531494140625,118.57626342773438,11
Flickr30K/4243530880.jpg,/content/Image_captioning_Local/Flickr30K/flickr30k_images/flickr30k_images/4243530880.jpg,person,0.749579131603241,385.88055419921875,1.540541648864746,415.4720458984375,86.88363647460938,11
Flickr30K/4243530880.jpg,/content/Image_captioning_Local/Flickr30K/flickr30k_images/flickr30k_images/4243530880.jpg,person,0.7368982434272766,431.5408630371094,191.4258270263672,475.9101867675781,235.17239379882812,11
Flickr30K/4243530880.jpg,/content/Image_captioning_Local/Flickr30K/flickr30k_images/flickr30k_images/4243530880.jpg,person,0.6844902038574219,461.1360168457031,107.99948120117188,499.4307861328125,177.84571838378906,11
Flickr30K/4243530880.jpg,/content/Image_captioning_Local/Flickr30K/flickr30k_images/flickr30k_images/4243530880.jpg,person,0.5135500431060791,221.11563110351562,96.09210205078125,283.4757385253906,157.24208068847656,11
Flickr30K/4243530880.jpg,/content/Image_captioning_Local/Flickr30K/flickr30k_images/flickr30k_images/4243530880.jpg,person,0.4637506306171417,473.53021240234375,225.2735137939453,499.82501220703125,298.9136657714844,11
Flickr30K/4243530880.jpg,/content/Image_captioning_Local/Flickr30K/flickr30k_images/flickr30k_images/4243530880.jpg,person,0.3552637994289398,471.65460205078125,297.6286926269531,500.0,332.0,11
Flickr30K/4243530880.jpg,/content/Image_captioning_Local/Flickr30K/flickr30k_images/flickr30k_images/4243530880.jpg,person,0.2851204574108124,205.18174743652344,95.58533477783203,284.37762451171875,196.45118713378906,11
Flickr30K/4243568636.jpg,/content/Image_captioning_Local/Flickr30K/flickr30k_images/flickr30k_images/4243568636.jpg,person,0.926918625831604,224.6693115234375,63.45780944824219,329.32696533203125,330.5874328613281,11
Flickr30K/4243568636.jpg,/content/Image_captioning_Local/Flickr30K/flickr30k_images/flickr30k_images/4243568636.jpg,person,0.9228211045265198,116.02950286865234,53.45886993408203,219.98333740234375,328.01397705078125,11
Flickr30K/4243568636.jpg,/content/Image_captioning_Local/Flickr30K/flickr30k_images/flickr30k_images/4243568636.jpg,person,0.9210805892944336,428.6993408203125,58.173988342285156,499.7675476074219,308.09747314453125,11
Flickr30K/4243568636.jpg,/content/Image_captioning_Local/Flickr30K/flickr30k_images/flickr30k_images/4243568636.jpg,person,0.9112210273742676,7.568764686584473,46.94185256958008,112.92548370361328,331.47076416015625,11
Flickr30K/4243568636.jpg,/content/Image_captioning_Local/Flickr30K/flickr30k_images/flickr30k_images/4243568636.jpg,car,0.8621162176132202,343.06951904296875,83.04178619384766,472.5234375,171.37290954589844,11
Flickr30K/4243568636.jpg,/content/Image_captioning_Local/Flickr30K/flickr30k_images/flickr30k_images/4243568636.jpg,truck,0.8504026532173157,227.43658447265625,29.26852798461914,459.1809387207031,144.838623046875,11
Flickr30K/4243568636.jpg,/content/Image_captioning_Local/Flickr30K/flickr30k_images/flickr30k_images/4243568636.jpg,person,0.7366726398468018,0.0383913516998291,46.132469177246094,68.3506088256836,330.87139892578125,11
Flickr30K/4243568636.jpg,/content/Image_captioning_Local/Flickr30K/flickr30k_images/flickr30k_images/4243568636.jpg,car,0.505744457244873,0.022804737091064453,52.43926239013672,35.65803146362305,101.72221374511719,11
Flickr30K/4243568636.jpg,/content/Image_captioning_Local/Flickr30K/flickr30k_images/flickr30k_images/4243568636.jpg,car,0.37318557500839233,227.1841583251953,87.45625305175781,254.3179931640625,138.25244140625,11
Flickr30K/4243568636.jpg,/content/Image_captioning_Local/Flickr30K/flickr30k_images/flickr30k_images/4243568636.jpg,car,0.2581586539745331,0.4413902759552002,52.49443054199219,35.30708694458008,85.40167999267578,11
Flickr30K/4243568636.jpg,/content/Image_captioning_Local/Flickr30K/flickr30k_images/flickr30k_images/4243568636.jpg,person,0.25356215238571167,467.1501159667969,82.71556091308594,499.8233642578125,304.5426940917969,11
Flickr30K/4243599992.jpg,/content/Image_captioning_Local/Flickr30K/flickr30k_images/flickr30k_images/4243599992.jpg,person,0.9165120124816895,366.0453186035156,172.00045776367188,477.8023376464844,296.8534851074219,2
Flickr30K/4243599992.jpg,/content/Image_captioning_Local/Flickr30K/flickr30k_images/flickr30k_images/4243599992.jpg,chair,0.32186347246170044,392.67669677734375,272.7322692871094,486.5934753417969,312.86212158203125,2
Flickr30K/424379231.jpg,/content/Image_captioning_Local/Flickr30K/flickr30k_images/flickr30k_images/424379231.jpg,dog,0.9538179039955139,65.78564453125,37.709190368652344,411.12481689453125,251.67308044433594,2
Flickr30K/424379231.jpg,/content/Image_captioning_Local/Flickr30K/flickr30k_images/flickr30k_images/424379231.jpg,bench,0.437516450881958,0.0,244.48504638671875,496.3465270996094,351.5822448730469,2
Flickr30K/4244133155.jpg,/content/Image_captioning_Local/Flickr30K/flickr30k_images/flickr30k_images/4244133155.jpg,person,0.8916046619415283,213.6127166748047,24.37596321105957,293.1093444824219,322.3502197265625,7
Flickr30K/4244133155.jpg,/content/Image_captioning_Local/Flickr30K/flickr30k_images/flickr30k_images/4244133155.jpg,person,0.8903960585594177,41.498172760009766,64.83731079101562,97.96886444091797,248.37660217285156,7
Flickr30K/4244133155.jpg,/content/Image_captioning_Local/Flickr30K/flickr30k_images/flickr30k_images/4244133155.jpg,person,0.8667011260986328,87.0422134399414,56.05344772338867,155.75100708007812,237.16612243652344,7
Flickr30K/4244133155.jpg,/content/Image_captioning_Local/Flickr30K/flickr30k_images/flickr30k_images/4244133155.jpg,person,0.8159300088882446,159.2324981689453,56.79494094848633,209.4768829345703,243.84642028808594,7
Flickr30K/4244133155.jpg,/content/Image_captioning_Local/Flickr30K/flickr30k_images/flickr30k_images/4244133155.jpg,person,0.7674378752708435,455.8226013183594,56.889366149902344,499.8033142089844,242.3655242919922,7
Flickr30K/4244133155.jpg,/content/Image_captioning_Local/Flickr30K/flickr30k_images/flickr30k_images/4244133155.jpg,person,0.6881930232048035,0.0543057918548584,62.232173919677734,30.211660385131836,315.7484436035156,7
Flickr30K/4244133155.jpg,/content/Image_captioning_Local/Flickr30K/flickr30k_images/flickr30k_images/4244133155.jpg,person,0.31709274649620056,0.11053681373596191,30.375062942504883,55.1450309753418,315.3771057128906,7
Flickr30K/424416723.jpg,/content/Image_captioning_Local/Flickr30K/flickr30k_images/flickr30k_images/424416723.jpg,dog,0.7797003388404846,196.63165283203125,158.27479553222656,327.621826171875,314.013427734375,1
Flickr30K/4244706779.jpg,/content/Image_captioning_Local/Flickr30K/flickr30k_images/flickr30k_images/4244706779.jpg,person,0.8931257724761963,130.63095092773438,139.50677490234375,192.1777801513672,261.67578125,12
Flickr30K/4244706779.jpg,/content/Image_captioning_Local/Flickr30K/flickr30k_images/flickr30k_images/4244706779.jpg,person,0.8853241801261902,0.07482469081878662,147.064453125,38.2733268737793,371.6873779296875,12
Flickr30K/4244706779.jpg,/content/Image_captioning_Local/Flickr30K/flickr30k_images/flickr30k_images/4244706779.jpg,person,0.8802461624145508,185.5803680419922,140.45095825195312,234.70887756347656,271.1314697265625,12
Flickr30K/4244706779.jpg,/content/Image_captioning_Local/Flickr30K/flickr30k_images/flickr30k_images/4244706779.jpg,person,0.8649871349334717,409.4913024902344,138.2049102783203,458.6219177246094,266.7241516113281,12
Flickr30K/4244706779.jpg,/content/Image_captioning_Local/Flickr30K/flickr30k_images/flickr30k_images/4244706779.jpg,person,0.864229679107666,81.4950942993164,131.9718780517578,131.54776000976562,274.46197509765625,12
Flickr30K/4244706779.jpg,/content/Image_captioning_Local/Flickr30K/flickr30k_images/flickr30k_images/4244706779.jpg,person,0.8492923378944397,273.7445373535156,120.90400695800781,382.4834289550781,343.2090148925781,12
Flickr30K/4244706779.jpg,/content/Image_captioning_Local/Flickr30K/flickr30k_images/flickr30k_images/4244706779.jpg,person,0.8006207346916199,371.0177307128906,143.73236083984375,422.83746337890625,279.2773132324219,12
Flickr30K/4244706779.jpg,/content/Image_captioning_Local/Flickr30K/flickr30k_images/flickr30k_images/4244706779.jpg,backpack,0.7215227484703064,332.3804016113281,155.67567443847656,382.28350830078125,220.72402954101562,12
Flickr30K/4244706779.jpg,/content/Image_captioning_Local/Flickr30K/flickr30k_images/flickr30k_images/4244706779.jpg,skis,0.5595439076423645,240.0001983642578,311.1248474121094,378.527587890625,354.3824768066406,12
Flickr30K/4244706779.jpg,/content/Image_captioning_Local/Flickr30K/flickr30k_images/flickr30k_images/4244706779.jpg,backpack,0.4870951175689697,71.86578369140625,139.58692932128906,98.69495391845703,198.34356689453125,12
Flickr30K/4244706779.jpg,/content/Image_captioning_Local/Flickr30K/flickr30k_images/flickr30k_images/4244706779.jpg,backpack,0.4356749653816223,401.15899658203125,161.65008544921875,426.7874755859375,203.62892150878906,12
Flickr30K/4244706779.jpg,/content/Image_captioning_Local/Flickr30K/flickr30k_images/flickr30k_images/4244706779.jpg,backpack,0.2769708037376404,155.4154815673828,157.84429931640625,182.38168334960938,197.1068878173828,12
Flickr30K/424506167.jpg,/content/Image_captioning_Local/Flickr30K/flickr30k_images/flickr30k_images/424506167.jpg,dog,0.9398766756057739,232.1658172607422,135.08444213867188,440.6123046875,340.47869873046875,3
Flickr30K/424506167.jpg,/content/Image_captioning_Local/Flickr30K/flickr30k_images/flickr30k_images/424506167.jpg,dog,0.8929358124732971,48.78168869018555,32.678794860839844,185.22897338867188,325.8909606933594,3
Flickr30K/424506167.jpg,/content/Image_captioning_Local/Flickr30K/flickr30k_images/flickr30k_images/424506167.jpg,dog,0.7843955159187317,145.47186279296875,41.89527130126953,271.876708984375,287.17974853515625,3
Flickr30K/4246033943.jpg,/content/Image_captioning_Local/Flickr30K/flickr30k_images/flickr30k_images/4246033943.jpg,person,0.8774872422218323,66.53915405273438,68.64958190917969,275.25543212890625,495.5608825683594,8
Flickr30K/4246033943.jpg,/content/Image_captioning_Local/Flickr30K/flickr30k_images/flickr30k_images/4246033943.jpg,person,0.8603231310844421,188.56430053710938,82.60125732421875,299.4721374511719,484.5102233886719,8
Flickr30K/4246033943.jpg,/content/Image_captioning_Local/Flickr30K/flickr30k_images/flickr30k_images/4246033943.jpg,person,0.8524678945541382,7.698869705200195,86.40314483642578,82.85865783691406,381.05377197265625,8
Flickr30K/4246033943.jpg,/content/Image_captioning_Local/Flickr30K/flickr30k_images/flickr30k_images/4246033943.jpg,person,0.7988919019699097,267.1490783691406,98.07621765136719,310.37835693359375,294.4285583496094,8
Flickr30K/4246033943.jpg,/content/Image_captioning_Local/Flickr30K/flickr30k_images/flickr30k_images/4246033943.jpg,person,0.5699611306190491,181.07681274414062,84.38786315917969,212.8470916748047,151.4644317626953,8
Flickr30K/4246033943.jpg,/content/Image_captioning_Local/Flickr30K/flickr30k_images/flickr30k_images/4246033943.jpg,person,0.5581781268119812,53.293643951416016,90.90699768066406,82.27568817138672,140.5791015625,8
Flickr30K/4246033943.jpg,/content/Image_captioning_Local/Flickr30K/flickr30k_images/flickr30k_images/4246033943.jpg,person,0.45368802547454834,68.84417724609375,86.97271728515625,122.40261840820312,333.2437438964844,8
Flickr30K/4246033943.jpg,/content/Image_captioning_Local/Flickr30K/flickr30k_images/flickr30k_images/4246033943.jpg,person,0.41982007026672363,67.2414779663086,87.31304168701172,120.41373443603516,187.22210693359375,8
Flickr30K/424617460.jpg,/content/Image_captioning_Local/Flickr30K/flickr30k_images/flickr30k_images/424617460.jpg,motorcycle,0.7652419805526733,453.30047607421875,143.43104553222656,499.171630859375,181.89443969726562,7
Flickr30K/424617460.jpg,/content/Image_captioning_Local/Flickr30K/flickr30k_images/flickr30k_images/424617460.jpg,person,0.7095070481300354,182.19285583496094,73.87752532958984,229.21652221679688,142.2924041748047,7
Flickr30K/424617460.jpg,/content/Image_captioning_Local/Flickr30K/flickr30k_images/flickr30k_images/424617460.jpg,banana,0.6911776065826416,351.0647888183594,129.3287353515625,397.7242431640625,180.580810546875,7
Flickr30K/424617460.jpg,/content/Image_captioning_Local/Flickr30K/flickr30k_images/flickr30k_images/424617460.jpg,person,0.6021922826766968,455.801025390625,132.01255798339844,470.76348876953125,170.37954711914062,7
Flickr30K/424617460.jpg,/content/Image_captioning_Local/Flickr30K/flickr30k_images/flickr30k_images/424617460.jpg,apple,0.539417564868927,175.37689208984375,136.4989776611328,232.42845153808594,156.1981658935547,7
Flickr30K/424617460.jpg,/content/Image_captioning_Local/Flickr30K/flickr30k_images/flickr30k_images/424617460.jpg,banana,0.4169809818267822,306.9605712890625,127.58104705810547,348.99267578125,176.9127197265625,7
Flickr30K/424617460.jpg,/content/Image_captioning_Local/Flickr30K/flickr30k_images/flickr30k_images/424617460.jpg,person,0.3944234848022461,462.4878845214844,132.41839599609375,482.04888916015625,172.21627807617188,7
Flickr30K/4247623205.jpg,/content/Image_captioning_Local/Flickr30K/flickr30k_images/flickr30k_images/4247623205.jpg,person,0.9030311107635498,275.3685607910156,113.91465759277344,332.59063720703125,288.0431823730469,6
Flickr30K/4247623205.jpg,/content/Image_captioning_Local/Flickr30K/flickr30k_images/flickr30k_images/4247623205.jpg,person,0.8453484177589417,398.71630859375,129.6530303955078,430.2207336425781,199.27244567871094,6
Flickr30K/4247623205.jpg,/content/Image_captioning_Local/Flickr30K/flickr30k_images/flickr30k_images/4247623205.jpg,suitcase,0.7003543376922607,294.2803955078125,249.17730712890625,335.330810546875,296.7558288574219,6
Flickr30K/4247623205.jpg,/content/Image_captioning_Local/Flickr30K/flickr30k_images/flickr30k_images/4247623205.jpg,suitcase,0.6444714069366455,333.62249755859375,245.97935485839844,402.195556640625,299.10107421875,6
Flickr30K/4247623205.jpg,/content/Image_captioning_Local/Flickr30K/flickr30k_images/flickr30k_images/4247623205.jpg,suitcase,0.6000087261199951,386.4801330566406,183.1754150390625,419.9145202636719,285.9646301269531,6
Flickr30K/4247623205.jpg,/content/Image_captioning_Local/Flickr30K/flickr30k_images/flickr30k_images/4247623205.jpg,suitcase,0.5473301410675049,387.13262939453125,228.3489990234375,419.60076904296875,284.39642333984375,6
Flickr30K/424779662.jpg,/content/Image_captioning_Local/Flickr30K/flickr30k_images/flickr30k_images/424779662.jpg,person,0.870326578617096,259.560302734375,92.15745544433594,489.9500427246094,371.70849609375,11
Flickr30K/424779662.jpg,/content/Image_captioning_Local/Flickr30K/flickr30k_images/flickr30k_images/424779662.jpg,person,0.8670719265937805,16.527414321899414,57.295753479003906,261.7406921386719,371.3997497558594,11
Flickr30K/424779662.jpg,/content/Image_captioning_Local/Flickr30K/flickr30k_images/flickr30k_images/424779662.jpg,person,0.8248016238212585,354.4748840332031,48.711631774902344,435.8056640625,171.16632080078125,11
Flickr30K/424779662.jpg,/content/Image_captioning_Local/Flickr30K/flickr30k_images/flickr30k_images/424779662.jpg,bottle,0.8208845853805542,467.96331787109375,207.06944274902344,499.6877746582031,313.6194763183594,11
Flickr30K/424779662.jpg,/content/Image_captioning_Local/Flickr30K/flickr30k_images/flickr30k_images/424779662.jpg,person,0.8015081882476807,0.04706084728240967,91.69495391845703,24.468881607055664,161.3079071044922,11
Flickr30K/424779662.jpg,/content/Image_captioning_Local/Flickr30K/flickr30k_images/flickr30k_images/424779662.jpg,person,0.7272263765335083,192.25302124023438,74.8114013671875,307.8536071777344,371.001953125,11
Flickr30K/424779662.jpg,/content/Image_captioning_Local/Flickr30K/flickr30k_images/flickr30k_images/424779662.jpg,person,0.6368862986564636,419.964111328125,62.9409065246582,464.9950866699219,177.3256072998047,11
Flickr30K/424779662.jpg,/content/Image_captioning_Local/Flickr30K/flickr30k_images/flickr30k_images/424779662.jpg,person,0.5640876889228821,476.5204772949219,97.0693130493164,499.80206298828125,211.16680908203125,11
Flickr30K/424779662.jpg,/content/Image_captioning_Local/Flickr30K/flickr30k_images/flickr30k_images/424779662.jpg,person,0.533031165599823,43.512245178222656,81.30228424072266,92.28291320800781,155.68995666503906,11
Flickr30K/424779662.jpg,/content/Image_captioning_Local/Flickr30K/flickr30k_images/flickr30k_images/424779662.jpg,person,0.4970865547657013,198.93653869628906,55.83360290527344,257.1357421875,137.14434814453125,11
Flickr30K/424779662.jpg,/content/Image_captioning_Local/Flickr30K/flickr30k_images/flickr30k_images/424779662.jpg,person,0.41352853178977966,27.892309188842773,89.36000061035156,54.450477600097656,172.87351989746094,11
Flickr30K/424828463.jpg,/content/Image_captioning_Local/Flickr30K/flickr30k_images/flickr30k_images/424828463.jpg,book,0.7631083130836487,124.0733642578125,145.5777130126953,460.7224426269531,307.17901611328125,5
Flickr30K/424828463.jpg,/content/Image_captioning_Local/Flickr30K/flickr30k_images/flickr30k_images/424828463.jpg,person,0.7354182600975037,19.975900650024414,3.2457470893859863,464.5887451171875,332.3346252441406,5
Flickr30K/424828463.jpg,/content/Image_captioning_Local/Flickr30K/flickr30k_images/flickr30k_images/424828463.jpg,person,0.34178510308265686,197.0528564453125,81.87128448486328,465.31640625,329.264404296875,5
Flickr30K/424828463.jpg,/content/Image_captioning_Local/Flickr30K/flickr30k_images/flickr30k_images/424828463.jpg,person,0.3262500464916229,85.73633575439453,80.88255310058594,461.1202697753906,333.0,5
Flickr30K/424828463.jpg,/content/Image_captioning_Local/Flickr30K/flickr30k_images/flickr30k_images/424828463.jpg,couch,0.3014298975467682,0.0,65.96078491210938,441.7271728515625,332.8888854980469,5
Flickr30K/424830334.jpg,/content/Image_captioning_Local/Flickr30K/flickr30k_images/flickr30k_images/424830334.jpg,person,0.9190120697021484,123.06687927246094,45.2265739440918,358.4643249511719,331.2666931152344,5
Flickr30K/424830334.jpg,/content/Image_captioning_Local/Flickr30K/flickr30k_images/flickr30k_images/424830334.jpg,person,0.6156169176101685,297.3808288574219,11.472368240356445,490.9821472167969,330.5939636230469,5
Flickr30K/424830334.jpg,/content/Image_captioning_Local/Flickr30K/flickr30k_images/flickr30k_images/424830334.jpg,sports ball,0.329774409532547,188.249755859375,121.89111328125,211.00721740722656,140.28439331054688,5
Flickr30K/424830334.jpg,/content/Image_captioning_Local/Flickr30K/flickr30k_images/flickr30k_images/424830334.jpg,train,0.3178580701351166,1.0242938995361328,0.0,497.5289306640625,330.3621826171875,5
Flickr30K/424830334.jpg,/content/Image_captioning_Local/Flickr30K/flickr30k_images/flickr30k_images/424830334.jpg,person,0.2764259874820709,129.32667541503906,16.918039321899414,489.6584167480469,331.689208984375,5
Flickr30K/4248543428.jpg,/content/Image_captioning_Local/Flickr30K/flickr30k_images/flickr30k_images/4248543428.jpg,person,0.8819313049316406,246.0389862060547,151.48526000976562,324.2017517089844,277.4922790527344,27
Flickr30K/4248543428.jpg,/content/Image_captioning_Local/Flickr30K/flickr30k_images/flickr30k_images/4248543428.jpg,car,0.850462019443512,398.0803527832031,143.4579315185547,443.62451171875,179.272216796875,27
Flickr30K/4248543428.jpg,/content/Image_captioning_Local/Flickr30K/flickr30k_images/flickr30k_images/4248543428.jpg,car,0.8184643387794495,305.1546630859375,165.81082153320312,383.26629638671875,276.0933532714844,27
Flickr30K/4248543428.jpg,/content/Image_captioning_Local/Flickr30K/flickr30k_images/flickr30k_images/4248543428.jpg,person,0.8091089129447937,142.77586364746094,128.7528533935547,193.2387237548828,276.5316162109375,27
Flickr30K/4248543428.jpg,/content/Image_captioning_Local/Flickr30K/flickr30k_images/flickr30k_images/4248543428.jpg,person,0.8058363199234009,55.4875373840332,158.31761169433594,146.27392578125,276.9649963378906,27
Flickr30K/4248543428.jpg,/content/Image_captioning_Local/Flickr30K/flickr30k_images/flickr30k_images/4248543428.jpg,car,0.7855954766273499,205.71536254882812,138.8713836669922,290.7480163574219,238.93032836914062,27
Flickr30K/4248543428.jpg,/content/Image_captioning_Local/Flickr30K/flickr30k_images/flickr30k_images/4248543428.jpg,person,0.7405033111572266,0.06834864616394043,152.28579711914062,52.501808166503906,250.47958374023438,27
Flickr30K/4248543428.jpg,/content/Image_captioning_Local/Flickr30K/flickr30k_images/flickr30k_images/4248543428.jpg,handbag,0.738866925239563,54.18171310424805,193.74517822265625,98.14334869384766,271.6376647949219,27
Flickr30K/4248543428.jpg,/content/Image_captioning_Local/Flickr30K/flickr30k_images/flickr30k_images/4248543428.jpg,car,0.7144572138786316,364.21142578125,136.26156616210938,404.6700134277344,173.63333129882812,27
Flickr30K/4248543428.jpg,/content/Image_captioning_Local/Flickr30K/flickr30k_images/flickr30k_images/4248543428.jpg,car,0.6318550109863281,353.6055908203125,140.58164978027344,369.4735107421875,167.95420837402344,27
Flickr30K/4248543428.jpg,/content/Image_captioning_Local/Flickr30K/flickr30k_images/flickr30k_images/4248543428.jpg,person,0.6297370195388794,32.446292877197266,127.54571533203125,100.48448944091797,259.0269470214844,27
Flickr30K/4248543428.jpg,/content/Image_captioning_Local/Flickr30K/flickr30k_images/flickr30k_images/4248543428.jpg,person,0.5980139374732971,6.087833404541016,100.84152221679688,56.677730560302734,176.76773071289062,27
Flickr30K/4248543428.jpg,/content/Image_captioning_Local/Flickr30K/flickr30k_images/flickr30k_images/4248543428.jpg,handbag,0.5134468674659729,277.4728698730469,232.2960662841797,318.28936767578125,277.91448974609375,27
Flickr30K/4248543428.jpg,/content/Image_captioning_Local/Flickr30K/flickr30k_images/flickr30k_images/4248543428.jpg,truck,0.4712178111076355,219.68365478515625,117.14053344726562,249.46852111816406,140.20361328125,27
Flickr30K/4248543428.jpg,/content/Image_captioning_Local/Flickr30K/flickr30k_images/flickr30k_images/4248543428.jpg,person,0.4491885006427765,0.08496642112731934,210.18853759765625,63.678489685058594,277.3825988769531,27
Flickr30K/4248543428.jpg,/content/Image_captioning_Local/Flickr30K/flickr30k_images/flickr30k_images/4248543428.jpg,person,0.4443815350532532,116.0970687866211,129.66537475585938,136.77545166015625,160.1421356201172,27
Flickr30K/4248543428.jpg,/content/Image_captioning_Local/Flickr30K/flickr30k_images/flickr30k_images/4248543428.jpg,car,0.4363850951194763,198.20272827148438,136.2236785888672,224.9141387939453,161.88943481445312,27
Flickr30K/4248543428.jpg,/content/Image_captioning_Local/Flickr30K/flickr30k_images/flickr30k_images/4248543428.jpg,person,0.38537082076072693,188.95997619628906,137.39976501464844,205.11569213867188,189.0372314453125,27
Flickr30K/4248543428.jpg,/content/Image_captioning_Local/Flickr30K/flickr30k_images/flickr30k_images/4248543428.jpg,person,0.38514968752861023,131.24609375,141.883056640625,156.10360717773438,192.4323272705078,27
Flickr30K/4248543428.jpg,/content/Image_captioning_Local/Flickr30K/flickr30k_images/flickr30k_images/4248543428.jpg,car,0.36099177598953247,287.84222412109375,148.54364013671875,337.4631042480469,164.25103759765625,27
Flickr30K/4248543428.jpg,/content/Image_captioning_Local/Flickr30K/flickr30k_images/flickr30k_images/4248543428.jpg,bus,0.3452729880809784,247.68418884277344,112.8792724609375,332.4967041015625,144.23809814453125,27
Flickr30K/4248543428.jpg,/content/Image_captioning_Local/Flickr30K/flickr30k_images/flickr30k_images/4248543428.jpg,truck,0.34119856357574463,437.9159851074219,128.50900268554688,500.0,187.66246032714844,27
Flickr30K/4248543428.jpg,/content/Image_captioning_Local/Flickr30K/flickr30k_images/flickr30k_images/4248543428.jpg,person,0.3249272108078003,124.93207550048828,159.00302124023438,182.64236450195312,277.4875183105469,27
Flickr30K/4248543428.jpg,/content/Image_captioning_Local/Flickr30K/flickr30k_images/flickr30k_images/4248543428.jpg,traffic light,0.31119295954704285,197.89344787597656,99.99041748046875,203.3517608642578,105.40251922607422,27
Flickr30K/4248543428.jpg,/content/Image_captioning_Local/Flickr30K/flickr30k_images/flickr30k_images/4248543428.jpg,person,0.28968605399131775,249.74868774414062,147.23968505859375,287.3684997558594,215.37847900390625,27
Flickr30K/4248543428.jpg,/content/Image_captioning_Local/Flickr30K/flickr30k_images/flickr30k_images/4248543428.jpg,car,0.2600283622741699,220.31802368164062,154.54006958007812,279.5214538574219,276.71832275390625,27
Flickr30K/4248543428.jpg,/content/Image_captioning_Local/Flickr30K/flickr30k_images/flickr30k_images/4248543428.jpg,car,0.25367534160614014,437.7631530761719,128.5857696533203,499.7442626953125,187.21461486816406,27
Flickr30K/424869823.jpg,/content/Image_captioning_Local/Flickr30K/flickr30k_images/flickr30k_images/424869823.jpg,person,0.9374681115150452,39.08684158325195,182.13233947753906,216.24034118652344,376.4245910644531,1
Flickr30K/4249147780.jpg,/content/Image_captioning_Local/Flickr30K/flickr30k_images/flickr30k_images/4249147780.jpg,person,0.934296190738678,102.75762176513672,77.78825378417969,279.0708923339844,329.23211669921875,1
Flickr30K/4249149516.jpg,/content/Image_captioning_Local/Flickr30K/flickr30k_images/flickr30k_images/4249149516.jpg,person,0.9515675902366638,130.2904052734375,46.453094482421875,333.0,497.9239501953125,4
Flickr30K/4249149516.jpg,/content/Image_captioning_Local/Flickr30K/flickr30k_images/flickr30k_images/4249149516.jpg,book,0.6226041316986084,22.633052825927734,343.3240051269531,149.92776489257812,379.726318359375,4
Flickr30K/4249149516.jpg,/content/Image_captioning_Local/Flickr30K/flickr30k_images/flickr30k_images/4249149516.jpg,person,0.5827157497406006,39.94538879394531,112.71672058105469,166.8916473388672,321.2058410644531,4
Flickr30K/4249149516.jpg,/content/Image_captioning_Local/Flickr30K/flickr30k_images/flickr30k_images/4249149516.jpg,book,0.4454899728298187,39.69950866699219,323.3974304199219,131.0563507080078,344.1610107421875,4
Flickr30K/4249864955.jpg,/content/Image_captioning_Local/Flickr30K/flickr30k_images/flickr30k_images/4249864955.jpg,person,0.9504355788230896,200.07281494140625,62.6201171875,403.8795471191406,328.2949523925781,3
Flickr30K/4249864955.jpg,/content/Image_captioning_Local/Flickr30K/flickr30k_images/flickr30k_images/4249864955.jpg,chair,0.6799426674842834,434.23443603515625,0.4283308982849121,499.8237609863281,79.68548583984375,3
Flickr30K/4249864955.jpg,/content/Image_captioning_Local/Flickr30K/flickr30k_images/flickr30k_images/4249864955.jpg,baseball glove,0.41861385107040405,193.56739807128906,222.91128540039062,254.90625,288.93878173828125,3
Flickr30K/425077383.jpg,/content/Image_captioning_Local/Flickr30K/flickr30k_images/flickr30k_images/425077383.jpg,person,0.923241376876831,387.4602355957031,0.5843162536621094,499.6712646484375,213.58013916015625,8
Flickr30K/425077383.jpg,/content/Image_captioning_Local/Flickr30K/flickr30k_images/flickr30k_images/425077383.jpg,person,0.9169540405273438,317.95721435546875,44.02642059326172,450.47918701171875,318.5778503417969,8
Flickr30K/425077383.jpg,/content/Image_captioning_Local/Flickr30K/flickr30k_images/flickr30k_images/425077383.jpg,person,0.9155239462852478,0.2439737319946289,45.708229064941406,224.66366577148438,370.7221984863281,8
Flickr30K/425077383.jpg,/content/Image_captioning_Local/Flickr30K/flickr30k_images/flickr30k_images/425077383.jpg,person,0.8248827457427979,186.62921142578125,73.90242004394531,317.1838684082031,371.1776123046875,8
Flickr30K/425077383.jpg,/content/Image_captioning_Local/Flickr30K/flickr30k_images/flickr30k_images/425077383.jpg,person,0.7499741911888123,115.63248443603516,43.84918212890625,266.5389404296875,206.87570190429688,8
Flickr30K/425077383.jpg,/content/Image_captioning_Local/Flickr30K/flickr30k_images/flickr30k_images/425077383.jpg,chair,0.5731572508811951,72.02716064453125,12.161487579345703,126.90169525146484,81.29753875732422,8
Flickr30K/425077383.jpg,/content/Image_captioning_Local/Flickr30K/flickr30k_images/flickr30k_images/425077383.jpg,person,0.33045896887779236,46.04684829711914,0.6670475006103516,75.43525695800781,53.754066467285156,8
Flickr30K/425077383.jpg,/content/Image_captioning_Local/Flickr30K/flickr30k_images/flickr30k_images/425077383.jpg,handbag,0.25290173292160034,464.60943603515625,313.8889465332031,499.819091796875,370.3680114746094,8
Flickr30K/425088533.jpg,/content/Image_captioning_Local/Flickr30K/flickr30k_images/flickr30k_images/425088533.jpg,person,0.8925038576126099,101.4555435180664,62.51177978515625,263.2129211425781,484.7983703613281,1
Flickr30K/4251585781.jpg,/content/Image_captioning_Local/Flickr30K/flickr30k_images/flickr30k_images/4251585781.jpg,person,0.9255715608596802,8.318114280700684,21.143245697021484,130.0652313232422,397.1853332519531,6
Flickr30K/4251585781.jpg,/content/Image_captioning_Local/Flickr30K/flickr30k_images/flickr30k_images/4251585781.jpg,person,0.8945114612579346,231.9607696533203,79.35494995117188,340.2377014160156,337.52239990234375,6
Flickr30K/4251585781.jpg,/content/Image_captioning_Local/Flickr30K/flickr30k_images/flickr30k_images/4251585781.jpg,person,0.8937960863113403,402.2077941894531,69.50340270996094,472.4549865722656,351.1329650878906,6
Flickr30K/4251585781.jpg,/content/Image_captioning_Local/Flickr30K/flickr30k_images/flickr30k_images/4251585781.jpg,remote,0.5206196308135986,232.60035705566406,210.30613708496094,257.3003845214844,228.93406677246094,6
Flickr30K/4251585781.jpg,/content/Image_captioning_Local/Flickr30K/flickr30k_images/flickr30k_images/4251585781.jpg,sports ball,0.42031052708625793,444.5902404785156,72.40071105957031,455.4781494140625,86.95435333251953,6
Flickr30K/4251585781.jpg,/content/Image_captioning_Local/Flickr30K/flickr30k_images/flickr30k_images/4251585781.jpg,sports ball,0.31105437874794006,11.884653091430664,20.361915588378906,26.835289001464844,35.951412200927734,6
Flickr30K/4253367177.jpg,/content/Image_captioning_Local/Flickr30K/flickr30k_images/flickr30k_images/4253367177.jpg,person,0.831778883934021,63.10496520996094,161.32913208007812,235.85691833496094,233.33192443847656,9
Flickr30K/4253367177.jpg,/content/Image_captioning_Local/Flickr30K/flickr30k_images/flickr30k_images/4253367177.jpg,car,0.4724617302417755,0.07241964340209961,238.3300323486328,52.83502960205078,256.83294677734375,9
Flickr30K/4253367177.jpg,/content/Image_captioning_Local/Flickr30K/flickr30k_images/flickr30k_images/4253367177.jpg,car,0.4480578601360321,210.65736389160156,208.8792724609375,267.8489074707031,230.54647827148438,9
Flickr30K/4253367177.jpg,/content/Image_captioning_Local/Flickr30K/flickr30k_images/flickr30k_images/4253367177.jpg,umbrella,0.4402882754802704,293.5013122558594,169.73165893554688,308.0341491699219,208.52923583984375,9
Flickr30K/4253367177.jpg,/content/Image_captioning_Local/Flickr30K/flickr30k_images/flickr30k_images/4253367177.jpg,car,0.4074445962905884,267.5235595703125,209.76953125,329.5467529296875,227.2624053955078,9
Flickr30K/4253367177.jpg,/content/Image_captioning_Local/Flickr30K/flickr30k_images/flickr30k_images/4253367177.jpg,car,0.33552390336990356,275.2428894042969,210.3101806640625,329.4264831542969,222.62063598632812,9
Flickr30K/4253367177.jpg,/content/Image_captioning_Local/Flickr30K/flickr30k_images/flickr30k_images/4253367177.jpg,car,0.3315522074699402,0.13512372970581055,223.69837951660156,69.39910888671875,256.7418518066406,9
Flickr30K/4253367177.jpg,/content/Image_captioning_Local/Flickr30K/flickr30k_images/flickr30k_images/4253367177.jpg,bench,0.32093530893325806,33.580230712890625,151.24786376953125,229.78639221191406,232.76522827148438,9
Flickr30K/4253367177.jpg,/content/Image_captioning_Local/Flickr30K/flickr30k_images/flickr30k_images/4253367177.jpg,umbrella,0.25337666273117065,297.3736877441406,170.64463806152344,308.2796936035156,208.09666442871094,9
Flickr30K/4253675317.jpg,/content/Image_captioning_Local/Flickr30K/flickr30k_images/flickr30k_images/4253675317.jpg,person,0.9178198575973511,294.7855529785156,68.93895721435547,394.3110046386719,370.9478759765625,12
Flickr30K/4253675317.jpg,/content/Image_captioning_Local/Flickr30K/flickr30k_images/flickr30k_images/4253675317.jpg,person,0.9173856377601624,380.83270263671875,79.23765563964844,473.75164794921875,370.2677307128906,12
Flickr30K/4253675317.jpg,/content/Image_captioning_Local/Flickr30K/flickr30k_images/flickr30k_images/4253675317.jpg,person,0.8508537411689758,166.4225311279297,83.5643081665039,223.9664764404297,253.26197814941406,12
Flickr30K/4253675317.jpg,/content/Image_captioning_Local/Flickr30K/flickr30k_images/flickr30k_images/4253675317.jpg,person,0.7937199473381042,202.86927795410156,81.57571411132812,237.1101837158203,236.7392120361328,12
Flickr30K/4253675317.jpg,/content/Image_captioning_Local/Flickr30K/flickr30k_images/flickr30k_images/4253675317.jpg,person,0.6825925707817078,233.5194091796875,76.31361389160156,266.1261901855469,234.44082641601562,12
Flickr30K/4253675317.jpg,/content/Image_captioning_Local/Flickr30K/flickr30k_images/flickr30k_images/4253675317.jpg,person,0.6578399538993835,244.49205017089844,68.14445495605469,272.27001953125,231.93116760253906,12
Flickr30K/4253675317.jpg,/content/Image_captioning_Local/Flickr30K/flickr30k_images/flickr30k_images/4253675317.jpg,person,0.6022841930389404,129.05052185058594,87.30799102783203,175.5206756591797,241.20050048828125,12
Flickr30K/4253675317.jpg,/content/Image_captioning_Local/Flickr30K/flickr30k_images/flickr30k_images/4253675317.jpg,vase,0.4419794976711273,12.87564754486084,45.09782791137695,38.51972198486328,79.84423828125,12
Flickr30K/4253675317.jpg,/content/Image_captioning_Local/Flickr30K/flickr30k_images/flickr30k_images/4253675317.jpg,book,0.32201817631721497,0.00454336404800415,256.830078125,6.496304512023926,299.1451721191406,12
Flickr30K/4253675317.jpg,/content/Image_captioning_Local/Flickr30K/flickr30k_images/flickr30k_images/4253675317.jpg,dining table,0.31514978408813477,84.62548065185547,160.3870849609375,169.02244567871094,288.7373352050781,12
Flickr30K/4253675317.jpg,/content/Image_captioning_Local/Flickr30K/flickr30k_images/flickr30k_images/4253675317.jpg,person,0.26218998432159424,118.649169921875,77.02479553222656,138.99740600585938,168.8271942138672,12
Flickr30K/4253675317.jpg,/content/Image_captioning_Local/Flickr30K/flickr30k_images/flickr30k_images/4253675317.jpg,person,0.26133230328559875,119.14517974853516,74.94080352783203,167.23403930664062,170.3461456298828,12
Flickr30K/4254079840.jpg,/content/Image_captioning_Local/Flickr30K/flickr30k_images/flickr30k_images/4254079840.jpg,person,0.8464513421058655,277.47760009765625,238.61375427246094,328.17236328125,318.3704833984375,4
Flickr30K/4254079840.jpg,/content/Image_captioning_Local/Flickr30K/flickr30k_images/flickr30k_images/4254079840.jpg,bird,0.7330427765846252,274.0185241699219,16.906463623046875,292.5199890136719,28.126562118530273,4
Flickr30K/4254079840.jpg,/content/Image_captioning_Local/Flickr30K/flickr30k_images/flickr30k_images/4254079840.jpg,potted plant,0.6054441332817078,449.31488037109375,258.3050842285156,499.51495361328125,326.8195495605469,4
Flickr30K/4254079840.jpg,/content/Image_captioning_Local/Flickr30K/flickr30k_images/flickr30k_images/4254079840.jpg,bird,0.2957250475883484,76.61518096923828,101.84085083007812,88.42814636230469,105.72030639648438,4
Flickr30K/4254302719.jpg,/content/Image_captioning_Local/Flickr30K/flickr30k_images/flickr30k_images/4254302719.jpg,person,0.9354303479194641,13.226604461669922,60.892234802246094,141.10520935058594,311.7093505859375,3
Flickr30K/4254302719.jpg,/content/Image_captioning_Local/Flickr30K/flickr30k_images/flickr30k_images/4254302719.jpg,backpack,0.40393856167793274,4.7895965576171875,95.72811126708984,62.81548309326172,187.30921936035156,3
Flickr30K/4254302719.jpg,/content/Image_captioning_Local/Flickr30K/flickr30k_images/flickr30k_images/4254302719.jpg,skis,0.39713647961616516,4.439234733581543,273.25244140625,73.64391326904297,314.8852844238281,3
Flickr30K/4254687302.jpg,/content/Image_captioning_Local/Flickr30K/flickr30k_images/flickr30k_images/4254687302.jpg,person,0.9265358448028564,6.196761131286621,268.27581787109375,220.25192260742188,499.3902587890625,2
Flickr30K/4254687302.jpg,/content/Image_captioning_Local/Flickr30K/flickr30k_images/flickr30k_images/4254687302.jpg,chair,0.26330238580703735,0.0,375.1522521972656,51.2345085144043,499.6327819824219,2
Flickr30K/4254745555.jpg,/content/Image_captioning_Local/Flickr30K/flickr30k_images/flickr30k_images/4254745555.jpg,person,0.8905823230743408,234.20977783203125,240.15646362304688,278.3353271484375,395.01824951171875,1
Flickr30K/4254811316.jpg,/content/Image_captioning_Local/Flickr30K/flickr30k_images/flickr30k_images/4254811316.jpg,person,0.8942592740058899,242.7471160888672,114.62144470214844,340.3458251953125,261.8415222167969,7
Flickr30K/4254811316.jpg,/content/Image_captioning_Local/Flickr30K/flickr30k_images/flickr30k_images/4254811316.jpg,person,0.8911361694335938,370.4378662109375,104.54364013671875,445.54840087890625,281.22119140625,7
Flickr30K/4254811316.jpg,/content/Image_captioning_Local/Flickr30K/flickr30k_images/flickr30k_images/4254811316.jpg,backpack,0.7986428737640381,157.25648498535156,149.42770385742188,240.28518676757812,251.26300048828125,7
Flickr30K/4254811316.jpg,/content/Image_captioning_Local/Flickr30K/flickr30k_images/flickr30k_images/4254811316.jpg,person,0.7075704336166382,127.93097686767578,132.6127471923828,250.25828552246094,355.5264587402344,7
Flickr30K/4254811316.jpg,/content/Image_captioning_Local/Flickr30K/flickr30k_images/flickr30k_images/4254811316.jpg,backpack,0.6410136222839355,105.60279083251953,160.4539337158203,166.23348999023438,280.79217529296875,7
Flickr30K/4254811316.jpg,/content/Image_captioning_Local/Flickr30K/flickr30k_images/flickr30k_images/4254811316.jpg,person,0.4055548310279846,189.9939727783203,83.27632141113281,236.31277465820312,153.5534210205078,7
Flickr30K/4254811316.jpg,/content/Image_captioning_Local/Flickr30K/flickr30k_images/flickr30k_images/4254811316.jpg,backpack,0.26936689019203186,386.2551574707031,137.28076171875,446.115966796875,192.24337768554688,7
Flickr30K/4254863635.jpg,/content/Image_captioning_Local/Flickr30K/flickr30k_images/flickr30k_images/4254863635.jpg,person,0.8921195268630981,157.30392456054688,90.88031005859375,314.0434265136719,268.73150634765625,2
Flickr30K/4254863635.jpg,/content/Image_captioning_Local/Flickr30K/flickr30k_images/flickr30k_images/4254863635.jpg,car,0.4555276036262512,0.0,248.2511749267578,36.724430084228516,278.9241943359375,2
Flickr30K/4254952442.jpg,/content/Image_captioning_Local/Flickr30K/flickr30k_images/flickr30k_images/4254952442.jpg,person,0.8783090710639954,0.0,356.1934814453125,37.078521728515625,499.54901123046875,15
Flickr30K/4254952442.jpg,/content/Image_captioning_Local/Flickr30K/flickr30k_images/flickr30k_images/4254952442.jpg,person,0.8557336330413818,89.78195190429688,360.2292785644531,128.93434143066406,499.8582763671875,15
Flickr30K/4254952442.jpg,/content/Image_captioning_Local/Flickr30K/flickr30k_images/flickr30k_images/4254952442.jpg,person,0.8387115001678467,147.96881103515625,358.4290466308594,174.5077667236328,430.9540710449219,15
Flickr30K/4254952442.jpg,/content/Image_captioning_Local/Flickr30K/flickr30k_images/flickr30k_images/4254952442.jpg,person,0.7770453691482544,170.11846923828125,357.4012756347656,192.0726318359375,415.1980285644531,15
Flickr30K/4254952442.jpg,/content/Image_captioning_Local/Flickr30K/flickr30k_images/flickr30k_images/4254952442.jpg,person,0.766907274723053,224.21424865722656,354.56536865234375,242.32627868652344,410.4364929199219,15
Flickr30K/4254952442.jpg,/content/Image_captioning_Local/Flickr30K/flickr30k_images/flickr30k_images/4254952442.jpg,person,0.7393726110458374,188.94606018066406,356.81036376953125,207.04994201660156,415.5703430175781,15
Flickr30K/4254952442.jpg,/content/Image_captioning_Local/Flickr30K/flickr30k_images/flickr30k_images/4254952442.jpg,person,0.6399382948875427,239.92857360839844,354.25201416015625,258.0342712402344,410.9188232421875,15
Flickr30K/4254952442.jpg,/content/Image_captioning_Local/Flickr30K/flickr30k_images/flickr30k_images/4254952442.jpg,person,0.5665380954742432,264.36090087890625,352.00518798828125,279.35418701171875,395.1443786621094,15
Flickr30K/4254952442.jpg,/content/Image_captioning_Local/Flickr30K/flickr30k_images/flickr30k_images/4254952442.jpg,handbag,0.4716058671474457,87.25178527832031,382.578125,111.68568420410156,424.7208251953125,15
Flickr30K/4254952442.jpg,/content/Image_captioning_Local/Flickr30K/flickr30k_images/flickr30k_images/4254952442.jpg,person,0.468667596578598,277.7016296386719,349.3861083984375,290.4973449707031,388.5411376953125,15
Flickr30K/4254952442.jpg,/content/Image_captioning_Local/Flickr30K/flickr30k_images/flickr30k_images/4254952442.jpg,handbag,0.41618961095809937,201.33335876464844,386.8340148925781,209.79840087890625,401.7991638183594,15
Flickr30K/4254952442.jpg,/content/Image_captioning_Local/Flickr30K/flickr30k_images/flickr30k_images/4254952442.jpg,person,0.39104363322257996,255.23699951171875,354.47711181640625,267.1409606933594,393.49041748046875,15
Flickr30K/4254952442.jpg,/content/Image_captioning_Local/Flickr30K/flickr30k_images/flickr30k_images/4254952442.jpg,person,0.3015781342983246,120.84078979492188,354.25103759765625,139.47300720214844,418.892333984375,15
Flickr30K/4254952442.jpg,/content/Image_captioning_Local/Flickr30K/flickr30k_images/flickr30k_images/4254952442.jpg,person,0.3010748028755188,297.1161193847656,349.2278137207031,307.52508544921875,380.3380126953125,15
Flickr30K/4254952442.jpg,/content/Image_captioning_Local/Flickr30K/flickr30k_images/flickr30k_images/4254952442.jpg,person,0.29679176211357117,240.8192596435547,371.9571228027344,252.91175842285156,410.62493896484375,15
Flickr30K/425518464.jpg,/content/Image_captioning_Local/Flickr30K/flickr30k_images/flickr30k_images/425518464.jpg,person,0.8121224045753479,153.83741760253906,122.43299865722656,309.14996337890625,318.6868591308594,5
Flickr30K/425518464.jpg,/content/Image_captioning_Local/Flickr30K/flickr30k_images/flickr30k_images/425518464.jpg,bench,0.7578170895576477,110.1340560913086,176.01605224609375,237.57693481445312,325.6357116699219,5
Flickr30K/425518464.jpg,/content/Image_captioning_Local/Flickr30K/flickr30k_images/flickr30k_images/425518464.jpg,book,0.5513501167297363,231.15248107910156,205.82962036132812,295.4181213378906,225.27203369140625,5
Flickr30K/425518464.jpg,/content/Image_captioning_Local/Flickr30K/flickr30k_images/flickr30k_images/425518464.jpg,book,0.41649484634399414,253.7279052734375,206.29010009765625,295.86907958984375,221.6763458251953,5
Flickr30K/425518464.jpg,/content/Image_captioning_Local/Flickr30K/flickr30k_images/flickr30k_images/425518464.jpg,backpack,0.2557767629623413,264.60589599609375,238.12771606445312,308.1731872558594,317.63458251953125,5
Flickr30K/4255627436.jpg,/content/Image_captioning_Local/Flickr30K/flickr30k_images/flickr30k_images/4255627436.jpg,person,0.8791491985321045,143.16146850585938,121.06969451904297,254.52099609375,292.99810791015625,7
Flickr30K/4255627436.jpg,/content/Image_captioning_Local/Flickr30K/flickr30k_images/flickr30k_images/4255627436.jpg,car,0.4283788800239563,472.8653869628906,287.6801452636719,499.8700256347656,301.3440246582031,7
Flickr30K/4255627436.jpg,/content/Image_captioning_Local/Flickr30K/flickr30k_images/flickr30k_images/4255627436.jpg,car,0.3410531282424927,472.1392517089844,286.93603515625,489.1604309082031,299.7544860839844,7
Flickr30K/4255627436.jpg,/content/Image_captioning_Local/Flickr30K/flickr30k_images/flickr30k_images/4255627436.jpg,car,0.33871573209762573,480.52001953125,288.17657470703125,499.8058776855469,301.6213073730469,7
Flickr30K/4255627436.jpg,/content/Image_captioning_Local/Flickr30K/flickr30k_images/flickr30k_images/4255627436.jpg,car,0.33301031589508057,0.6170660257339478,293.8895263671875,43.83333969116211,325.55889892578125,7
Flickr30K/4255627436.jpg,/content/Image_captioning_Local/Flickr30K/flickr30k_images/flickr30k_images/4255627436.jpg,truck,0.27680885791778564,415.1680603027344,275.7518005371094,475.2020263671875,299.81201171875,7
Flickr30K/4255627436.jpg,/content/Image_captioning_Local/Flickr30K/flickr30k_images/flickr30k_images/4255627436.jpg,car,0.2652356028556824,382.8355712890625,267.4071350097656,420.3346252441406,288.8344421386719,7
Flickr30K/4255821890.jpg,/content/Image_captioning_Local/Flickr30K/flickr30k_images/flickr30k_images/4255821890.jpg,person,0.9318498969078064,0.34613609313964844,26.329910278320312,340.14495849609375,317.5086975097656,2
Flickr30K/4255821890.jpg,/content/Image_captioning_Local/Flickr30K/flickr30k_images/flickr30k_images/4255821890.jpg,couch,0.3776203393936157,0.0,140.2964630126953,498.614501953125,293.15594482421875,2
Flickr30K/4256162530.jpg,/content/Image_captioning_Local/Flickr30K/flickr30k_images/flickr30k_images/4256162530.jpg,person,0.9082122445106506,193.2412109375,179.9987030029297,228.51580810546875,277.7879333496094,2
Flickr30K/4256162530.jpg,/content/Image_captioning_Local/Flickr30K/flickr30k_images/flickr30k_images/4256162530.jpg,person,0.8780907392501831,82.43052673339844,113.78195190429688,112.61115264892578,197.58961486816406,2
Flickr30K/425623983.jpg,/content/Image_captioning_Local/Flickr30K/flickr30k_images/flickr30k_images/425623983.jpg,person,0.891735851764679,204.0516357421875,145.92056274414062,255.0404052734375,251.85165405273438,2
Flickr30K/425623983.jpg,/content/Image_captioning_Local/Flickr30K/flickr30k_images/flickr30k_images/425623983.jpg,person,0.8665192127227783,307.68359375,138.58761596679688,348.0401306152344,255.07025146484375,2
Flickr30K/4256380972.jpg,/content/Image_captioning_Local/Flickr30K/flickr30k_images/flickr30k_images/4256380972.jpg,person,0.9379004836082458,95.01902770996094,59.10115051269531,265.2281799316406,304.065185546875,1
Flickr30K/425642314.jpg,/content/Image_captioning_Local/Flickr30K/flickr30k_images/flickr30k_images/425642314.jpg,person,0.904226541519165,120.21119689941406,214.53646850585938,206.02772521972656,428.11932373046875,5
Flickr30K/425642314.jpg,/content/Image_captioning_Local/Flickr30K/flickr30k_images/flickr30k_images/425642314.jpg,person,0.9007819890975952,35.83192825317383,213.7259979248047,107.09393310546875,424.0190124511719,5
Flickr30K/425642314.jpg,/content/Image_captioning_Local/Flickr30K/flickr30k_images/flickr30k_images/425642314.jpg,person,0.8726761341094971,219.3864288330078,217.74545288085938,282.3250732421875,432.4969787597656,5
Flickr30K/425642314.jpg,/content/Image_captioning_Local/Flickr30K/flickr30k_images/flickr30k_images/425642314.jpg,person,0.8654724359512329,285.3410339355469,221.9404754638672,359.84674072265625,441.74066162109375,5
Flickr30K/425642314.jpg,/content/Image_captioning_Local/Flickr30K/flickr30k_images/flickr30k_images/425642314.jpg,chair,0.391264408826828,272.87274169921875,317.55694580078125,305.6436462402344,425.315185546875,5
Flickr30K/4256497108.jpg,/content/Image_captioning_Local/Flickr30K/flickr30k_images/flickr30k_images/4256497108.jpg,person,0.939899742603302,118.77763366699219,102.74776458740234,269.0724792480469,330.4058532714844,2
Flickr30K/4256497108.jpg,/content/Image_captioning_Local/Flickr30K/flickr30k_images/flickr30k_images/4256497108.jpg,suitcase,0.31176522374153137,94.81953430175781,231.89486694335938,188.89382934570312,328.765380859375,2
Flickr30K/425706089.jpg,/content/Image_captioning_Local/Flickr30K/flickr30k_images/flickr30k_images/425706089.jpg,person,0.925146222114563,190.573974609375,178.27935791015625,319.5783996582031,473.72705078125,10
Flickr30K/425706089.jpg,/content/Image_captioning_Local/Flickr30K/flickr30k_images/flickr30k_images/425706089.jpg,person,0.9207252264022827,310.6171875,172.65757751464844,494.5120849609375,472.7896728515625,10
Flickr30K/425706089.jpg,/content/Image_captioning_Local/Flickr30K/flickr30k_images/flickr30k_images/425706089.jpg,car,0.9122810959815979,9.891777992248535,252.42233276367188,79.96288299560547,306.7334289550781,10
Flickr30K/425706089.jpg,/content/Image_captioning_Local/Flickr30K/flickr30k_images/flickr30k_images/425706089.jpg,person,0.767659068107605,171.61402893066406,229.86212158203125,201.13949584960938,325.0833435058594,10
Flickr30K/425706089.jpg,/content/Image_captioning_Local/Flickr30K/flickr30k_images/flickr30k_images/425706089.jpg,car,0.7644555568695068,453.86083984375,232.27267456054688,499.8649597167969,337.61639404296875,10
Flickr30K/425706089.jpg,/content/Image_captioning_Local/Flickr30K/flickr30k_images/flickr30k_images/425706089.jpg,car,0.6923419833183289,0.0819474458694458,240.10777282714844,29.615814208984375,282.1916198730469,10
Flickr30K/425706089.jpg,/content/Image_captioning_Local/Flickr30K/flickr30k_images/flickr30k_images/425706089.jpg,bottle,0.4883877635002136,265.7684326171875,238.71083068847656,291.3304748535156,306.4400329589844,10
Flickr30K/425706089.jpg,/content/Image_captioning_Local/Flickr30K/flickr30k_images/flickr30k_images/425706089.jpg,person,0.48199599981307983,195.07846069335938,233.38255310058594,210.0137176513672,287.0096130371094,10
Flickr30K/425706089.jpg,/content/Image_captioning_Local/Flickr30K/flickr30k_images/flickr30k_images/425706089.jpg,car,0.4135722219944,96.3415756225586,252.54835510253906,174.05740356445312,276.04736328125,10
Flickr30K/425706089.jpg,/content/Image_captioning_Local/Flickr30K/flickr30k_images/flickr30k_images/425706089.jpg,cell phone,0.36987948417663574,349.7078857421875,294.4505310058594,368.4758605957031,316.8829345703125,10
Flickr30K/425725042.jpg,/content/Image_captioning_Local/Flickr30K/flickr30k_images/flickr30k_images/425725042.jpg,person,0.9210835099220276,415.9151916503906,1.0155677795410156,499.7523193359375,371.0021057128906,9
Flickr30K/425725042.jpg,/content/Image_captioning_Local/Flickr30K/flickr30k_images/flickr30k_images/425725042.jpg,person,0.8436384797096252,91.87808227539062,12.606334686279297,247.81065368652344,371.9510192871094,9
Flickr30K/425725042.jpg,/content/Image_captioning_Local/Flickr30K/flickr30k_images/flickr30k_images/425725042.jpg,person,0.5572198629379272,0.027567148208618164,149.35765075683594,29.308181762695312,372.5556335449219,9
Flickr30K/425725042.jpg,/content/Image_captioning_Local/Flickr30K/flickr30k_images/flickr30k_images/425725042.jpg,chair,0.5402690172195435,33.46400451660156,249.04547119140625,93.94538116455078,312.6800537109375,9
Flickr30K/425725042.jpg,/content/Image_captioning_Local/Flickr30K/flickr30k_images/flickr30k_images/425725042.jpg,person,0.505242645740509,0.07937252521514893,227.87908935546875,29.00284767150879,373.17156982421875,9
Flickr30K/425725042.jpg,/content/Image_captioning_Local/Flickr30K/flickr30k_images/flickr30k_images/425725042.jpg,banana,0.4441281855106354,277.4367370605469,290.3892517089844,403.2050476074219,374.47320556640625,9
Flickr30K/425725042.jpg,/content/Image_captioning_Local/Flickr30K/flickr30k_images/flickr30k_images/425725042.jpg,cup,0.4372360408306122,393.77020263671875,48.0494384765625,410.3511962890625,69.44023132324219,9
Flickr30K/425725042.jpg,/content/Image_captioning_Local/Flickr30K/flickr30k_images/flickr30k_images/425725042.jpg,bowl,0.3109607696533203,372.34063720703125,114.44596099853516,403.1233825683594,129.42999267578125,9
Flickr30K/425725042.jpg,/content/Image_captioning_Local/Flickr30K/flickr30k_images/flickr30k_images/425725042.jpg,cup,0.2695811092853546,380.1927490234375,53.775978088378906,395.822998046875,73.94709777832031,9
Flickr30K/4257307377.jpg,/content/Image_captioning_Local/Flickr30K/flickr30k_images/flickr30k_images/4257307377.jpg,person,0.8133131861686707,83.4270248413086,348.38116455078125,99.56614685058594,389.0895690917969,5
Flickr30K/4257307377.jpg,/content/Image_captioning_Local/Flickr30K/flickr30k_images/flickr30k_images/4257307377.jpg,person,0.7757092118263245,143.81390380859375,347.4741516113281,162.2897186279297,409.52044677734375,5
Flickr30K/4257307377.jpg,/content/Image_captioning_Local/Flickr30K/flickr30k_images/flickr30k_images/4257307377.jpg,person,0.7631727457046509,99.42120361328125,348.04644775390625,111.216796875,380.9451599121094,5
Flickr30K/4257307377.jpg,/content/Image_captioning_Local/Flickr30K/flickr30k_images/flickr30k_images/4257307377.jpg,person,0.761016309261322,14.038830757141113,344.29364013671875,37.40546798706055,393.92431640625,5
Flickr30K/4257307377.jpg,/content/Image_captioning_Local/Flickr30K/flickr30k_images/flickr30k_images/4257307377.jpg,person,0.7454604506492615,70.8683853149414,346.5293273925781,82.45571899414062,380.57684326171875,5
Flickr30K/4257593776.jpg,/content/Image_captioning_Local/Flickr30K/flickr30k_images/flickr30k_images/4257593776.jpg,person,0.925896167755127,123.75946044921875,71.27681732177734,231.72500610351562,327.36199951171875,7
Flickr30K/4257593776.jpg,/content/Image_captioning_Local/Flickr30K/flickr30k_images/flickr30k_images/4257593776.jpg,person,0.9237775802612305,62.19475173950195,55.82518768310547,144.5514373779297,324.13568115234375,7
Flickr30K/4257593776.jpg,/content/Image_captioning_Local/Flickr30K/flickr30k_images/flickr30k_images/4257593776.jpg,person,0.8845246434211731,268.8866882324219,59.52324676513672,369.38690185546875,337.7720947265625,7
Flickr30K/4257593776.jpg,/content/Image_captioning_Local/Flickr30K/flickr30k_images/flickr30k_images/4257593776.jpg,car,0.8008838295936584,359.530029296875,172.1635284423828,499.7745056152344,233.28099060058594,7
Flickr30K/4257593776.jpg,/content/Image_captioning_Local/Flickr30K/flickr30k_images/flickr30k_images/4257593776.jpg,car,0.6012263894081116,214.15248107910156,159.1561279296875,305.3581848144531,230.92938232421875,7
Flickr30K/4257593776.jpg,/content/Image_captioning_Local/Flickr30K/flickr30k_images/flickr30k_images/4257593776.jpg,car,0.3675646483898163,214.81314086914062,159.26971435546875,392.5666809082031,230.90977478027344,7
Flickr30K/4257593776.jpg,/content/Image_captioning_Local/Flickr30K/flickr30k_images/flickr30k_images/4257593776.jpg,car,0.2575688064098358,364.0619201660156,152.42259216308594,403.95404052734375,194.80364990234375,7
Flickr30K/4257619114.jpg,/content/Image_captioning_Local/Flickr30K/flickr30k_images/flickr30k_images/4257619114.jpg,chair,0.906822144985199,0.2899587154388428,359.0199890136719,105.3110122680664,499.316162109375,8
Flickr30K/4257619114.jpg,/content/Image_captioning_Local/Flickr30K/flickr30k_images/flickr30k_images/4257619114.jpg,person,0.8890553712844849,72.60169982910156,87.37106323242188,249.6204376220703,497.0978698730469,8
Flickr30K/4257619114.jpg,/content/Image_captioning_Local/Flickr30K/flickr30k_images/flickr30k_images/4257619114.jpg,person,0.8607314825057983,266.9774169921875,34.84883117675781,333.0,474.2441101074219,8
Flickr30K/4257619114.jpg,/content/Image_captioning_Local/Flickr30K/flickr30k_images/flickr30k_images/4257619114.jpg,person,0.6960164904594421,0.0,222.16732788085938,113.51754760742188,396.84332275390625,8
Flickr30K/4257619114.jpg,/content/Image_captioning_Local/Flickr30K/flickr30k_images/flickr30k_images/4257619114.jpg,person,0.5871861577033997,44.33245849609375,71.5744400024414,122.33753204345703,223.87814331054688,8
Flickr30K/4257619114.jpg,/content/Image_captioning_Local/Flickr30K/flickr30k_images/flickr30k_images/4257619114.jpg,cell phone,0.5331543684005737,307.8212890625,139.3330535888672,327.10455322265625,197.19927978515625,8
Flickr30K/4257619114.jpg,/content/Image_captioning_Local/Flickr30K/flickr30k_images/flickr30k_images/4257619114.jpg,person,0.3398320972919464,0.335538387298584,148.5675811767578,77.42904663085938,246.02491760253906,8
Flickr30K/4257619114.jpg,/content/Image_captioning_Local/Flickr30K/flickr30k_images/flickr30k_images/4257619114.jpg,bottle,0.26418760418891907,306.9023742675781,139.33961486816406,327.6263122558594,197.15097045898438,8
Flickr30K/425775901.jpg,/content/Image_captioning_Local/Flickr30K/flickr30k_images/flickr30k_images/425775901.jpg,person,0.9195883274078369,431.49432373046875,215.18826293945312,499.8050537109375,333.2446594238281,16
Flickr30K/425775901.jpg,/content/Image_captioning_Local/Flickr30K/flickr30k_images/flickr30k_images/425775901.jpg,person,0.8965569138526917,326.53460693359375,233.88919067382812,430.29376220703125,333.2953796386719,16
Flickr30K/425775901.jpg,/content/Image_captioning_Local/Flickr30K/flickr30k_images/flickr30k_images/425775901.jpg,person,0.8964272141456604,95.42963409423828,223.5229949951172,250.97885131835938,334.0,16
Flickr30K/425775901.jpg,/content/Image_captioning_Local/Flickr30K/flickr30k_images/flickr30k_images/425775901.jpg,tie,0.8445000052452087,332.75213623046875,142.0296630859375,350.33660888671875,210.16482543945312,16
Flickr30K/425775901.jpg,/content/Image_captioning_Local/Flickr30K/flickr30k_images/flickr30k_images/425775901.jpg,person,0.8303158283233643,0.0832676887512207,173.189453125,60.58424758911133,298.818115234375,16
Flickr30K/425775901.jpg,/content/Image_captioning_Local/Flickr30K/flickr30k_images/flickr30k_images/425775901.jpg,bottle,0.8116544485092163,0.5172163248062134,283.5263671875,18.74765968322754,333.73223876953125,16
Flickr30K/425775901.jpg,/content/Image_captioning_Local/Flickr30K/flickr30k_images/flickr30k_images/425775901.jpg,person,0.8077801465988159,173.9464569091797,204.65341186523438,251.74862670898438,321.7227478027344,16
Flickr30K/425775901.jpg,/content/Image_captioning_Local/Flickr30K/flickr30k_images/flickr30k_images/425775901.jpg,tie,0.8035303950309753,166.86883544921875,319.1908874511719,182.1098175048828,334.0,16
Flickr30K/425775901.jpg,/content/Image_captioning_Local/Flickr30K/flickr30k_images/flickr30k_images/425775901.jpg,wine glass,0.7914663553237915,317.74163818359375,216.2466583251953,337.2999572753906,262.3843688964844,16
Flickr30K/425775901.jpg,/content/Image_captioning_Local/Flickr30K/flickr30k_images/flickr30k_images/425775901.jpg,bowl,0.7555981278419495,242.9456787109375,275.9361877441406,290.11181640625,311.5824279785156,16
Flickr30K/425775901.jpg,/content/Image_captioning_Local/Flickr30K/flickr30k_images/flickr30k_images/425775901.jpg,person,0.7375004291534424,20.043373107910156,239.510009765625,105.44632720947266,333.7601623535156,16
Flickr30K/425775901.jpg,/content/Image_captioning_Local/Flickr30K/flickr30k_images/flickr30k_images/425775901.jpg,person,0.7222266793251038,225.77891540527344,69.72117614746094,425.22760009765625,330.6727294921875,16
Flickr30K/425775901.jpg,/content/Image_captioning_Local/Flickr30K/flickr30k_images/flickr30k_images/425775901.jpg,handbag,0.5716640949249268,95.0188217163086,177.95974731445312,164.5009002685547,275.34368896484375,16
Flickr30K/425775901.jpg,/content/Image_captioning_Local/Flickr30K/flickr30k_images/flickr30k_images/425775901.jpg,wine glass,0.43784743547439575,421.8884582519531,266.8942565917969,443.0876770019531,321.15167236328125,16
Flickr30K/425775901.jpg,/content/Image_captioning_Local/Flickr30K/flickr30k_images/flickr30k_images/425775901.jpg,wine glass,0.392455518245697,106.97345733642578,286.7741394042969,128.2517852783203,308.02972412109375,16
Flickr30K/425775901.jpg,/content/Image_captioning_Local/Flickr30K/flickr30k_images/flickr30k_images/425775901.jpg,tie,0.3416652977466583,25.539653778076172,244.73338317871094,33.90087890625,257.1440124511719,16
Flickr30K/4258465084.jpg,/content/Image_captioning_Local/Flickr30K/flickr30k_images/flickr30k_images/4258465084.jpg,person,0.9001727104187012,184.54446411132812,105.08694458007812,306.0068054199219,327.72308349609375,1
Flickr30K/425895906.jpg,/content/Image_captioning_Local/Flickr30K/flickr30k_images/flickr30k_images/425895906.jpg,person,0.9200167655944824,333.0236511230469,222.3807373046875,433.45220947265625,336.54632568359375,2
Flickr30K/425895906.jpg,/content/Image_captioning_Local/Flickr30K/flickr30k_images/flickr30k_images/425895906.jpg,horse,0.6421504616737366,46.088645935058594,40.13362121582031,356.74371337890625,357.0914306640625,2
Flickr30K/4259457716.jpg,/content/Image_captioning_Local/Flickr30K/flickr30k_images/flickr30k_images/4259457716.jpg,person,0.9156582355499268,122.56964111328125,109.25637817382812,197.1844024658203,335.158935546875,6
Flickr30K/4259457716.jpg,/content/Image_captioning_Local/Flickr30K/flickr30k_images/flickr30k_images/4259457716.jpg,person,0.9041857123374939,350.1866760253906,194.3409881591797,442.663330078125,325.2928771972656,6
Flickr30K/4259457716.jpg,/content/Image_captioning_Local/Flickr30K/flickr30k_images/flickr30k_images/4259457716.jpg,bench,0.5240538120269775,350.5465087890625,321.135986328125,473.7752380371094,388.9312744140625,6
Flickr30K/4259457716.jpg,/content/Image_captioning_Local/Flickr30K/flickr30k_images/flickr30k_images/4259457716.jpg,boat,0.4783608317375183,1.4800548553466797,0.0,500.0,342.2497863769531,6
Flickr30K/4259457716.jpg,/content/Image_captioning_Local/Flickr30K/flickr30k_images/flickr30k_images/4259457716.jpg,backpack,0.30387943983078003,177.82322692871094,307.916259765625,237.46478271484375,364.7557373046875,6
Flickr30K/4259457716.jpg,/content/Image_captioning_Local/Flickr30K/flickr30k_images/flickr30k_images/4259457716.jpg,boat,0.29009538888931274,2.4443626403808594,0.1259326934814453,309.0390625,118.75410461425781,6
Flickr30K/425977726.jpg,/content/Image_captioning_Local/Flickr30K/flickr30k_images/flickr30k_images/425977726.jpg,person,0.9252303838729858,46.76880645751953,69.02001190185547,139.65675354003906,290.6587219238281,3
Flickr30K/425977726.jpg,/content/Image_captioning_Local/Flickr30K/flickr30k_images/flickr30k_images/425977726.jpg,person,0.26433202624320984,248.70872497558594,159.89210510253906,255.6898193359375,180.48130798339844,3
Flickr30K/425977726.jpg,/content/Image_captioning_Local/Flickr30K/flickr30k_images/flickr30k_images/425977726.jpg,person,0.2539394199848175,218.5808868408203,160.14361572265625,224.80471801757812,181.9230499267578,3
Flickr30K/4259870068.jpg,/content/Image_captioning_Local/Flickr30K/flickr30k_images/flickr30k_images/4259870068.jpg,horse,0.9233013391494751,94.39125061035156,119.79393768310547,343.0904541015625,368.3202209472656,10
Flickr30K/4259870068.jpg,/content/Image_captioning_Local/Flickr30K/flickr30k_images/flickr30k_images/4259870068.jpg,person,0.731577455997467,361.2886047363281,192.13900756835938,423.1335754394531,288.777099609375,10
Flickr30K/4259870068.jpg,/content/Image_captioning_Local/Flickr30K/flickr30k_images/flickr30k_images/4259870068.jpg,umbrella,0.6519705653190613,421.9586486816406,198.46591186523438,499.7861022949219,226.66244506835938,10
Flickr30K/4259870068.jpg,/content/Image_captioning_Local/Flickr30K/flickr30k_images/flickr30k_images/4259870068.jpg,person,0.6467052698135376,167.14312744140625,17.00818634033203,253.10328674316406,248.68016052246094,10
Flickr30K/4259870068.jpg,/content/Image_captioning_Local/Flickr30K/flickr30k_images/flickr30k_images/4259870068.jpg,traffic light,0.49999189376831055,267.3415222167969,0.0,315.0500183105469,36.732887268066406,10
Flickr30K/4259870068.jpg,/content/Image_captioning_Local/Flickr30K/flickr30k_images/flickr30k_images/4259870068.jpg,person,0.3781100809574127,455.92889404296875,152.15139770507812,499.79315185546875,210.65126037597656,10
Flickr30K/4259870068.jpg,/content/Image_captioning_Local/Flickr30K/flickr30k_images/flickr30k_images/4259870068.jpg,person,0.35464805364608765,467.9230651855469,228.11851501464844,499.9236145019531,296.2228698730469,10
Flickr30K/4259870068.jpg,/content/Image_captioning_Local/Flickr30K/flickr30k_images/flickr30k_images/4259870068.jpg,person,0.34122180938720703,16.3179988861084,179.17098999023438,82.51156616210938,261.379638671875,10
Flickr30K/4259870068.jpg,/content/Image_captioning_Local/Flickr30K/flickr30k_images/flickr30k_images/4259870068.jpg,person,0.32056596875190735,0.002843141555786133,174.59487915039062,40.650611877441406,251.53341674804688,10
Flickr30K/4259870068.jpg,/content/Image_captioning_Local/Flickr30K/flickr30k_images/flickr30k_images/4259870068.jpg,person,0.306729793548584,65.49178314208984,178.41897583007812,110.90727996826172,264.473876953125,10
Flickr30K/425990453.jpg,/content/Image_captioning_Local/Flickr30K/flickr30k_images/flickr30k_images/425990453.jpg,person,0.9340973496437073,0.5095958709716797,212.06112670898438,156.16268920898438,445.7815246582031,14
Flickr30K/425990453.jpg,/content/Image_captioning_Local/Flickr30K/flickr30k_images/flickr30k_images/425990453.jpg,person,0.9222365021705627,142.63734436035156,26.966476440429688,469.79241943359375,442.9091796875,14
Flickr30K/425990453.jpg,/content/Image_captioning_Local/Flickr30K/flickr30k_images/flickr30k_images/425990453.jpg,person,0.8597816228866577,0.09829401969909668,323.0893249511719,72.17597961425781,446.426025390625,14
Flickr30K/425990453.jpg,/content/Image_captioning_Local/Flickr30K/flickr30k_images/flickr30k_images/425990453.jpg,person,0.7866690754890442,435.5901184082031,226.66802978515625,499.4498596191406,360.51824951171875,14
Flickr30K/425990453.jpg,/content/Image_captioning_Local/Flickr30K/flickr30k_images/flickr30k_images/425990453.jpg,person,0.7271147966384888,421.51947021484375,130.73297119140625,499.50579833984375,266.9201965332031,14
Flickr30K/425990453.jpg,/content/Image_captioning_Local/Flickr30K/flickr30k_images/flickr30k_images/425990453.jpg,person,0.7250954508781433,211.7439727783203,140.28018188476562,252.35113525390625,190.79429626464844,14
Flickr30K/425990453.jpg,/content/Image_captioning_Local/Flickr30K/flickr30k_images/flickr30k_images/425990453.jpg,person,0.7022501826286316,147.9508819580078,273.9400939941406,271.4281921386719,445.3178405761719,14
Flickr30K/425990453.jpg,/content/Image_captioning_Local/Flickr30K/flickr30k_images/flickr30k_images/425990453.jpg,person,0.6352905035018921,194.58937072753906,311.7894592285156,328.81005859375,446.6052551269531,14
Flickr30K/425990453.jpg,/content/Image_captioning_Local/Flickr30K/flickr30k_images/flickr30k_images/425990453.jpg,person,0.5847429633140564,94.36780548095703,260.2347717285156,160.9966583251953,355.1822204589844,14
Flickr30K/425990453.jpg,/content/Image_captioning_Local/Flickr30K/flickr30k_images/flickr30k_images/425990453.jpg,person,0.4986429214477539,140.78521728515625,277.3237609863281,202.9610137939453,394.67071533203125,14
Flickr30K/425990453.jpg,/content/Image_captioning_Local/Flickr30K/flickr30k_images/flickr30k_images/425990453.jpg,person,0.3475593626499176,0.10271221399307251,219.0288543701172,16.15285301208496,258.93621826171875,14
Flickr30K/425990453.jpg,/content/Image_captioning_Local/Flickr30K/flickr30k_images/flickr30k_images/425990453.jpg,person,0.3181356191635132,91.05607604980469,155.445068359375,167.12335205078125,315.7342529296875,14
Flickr30K/425990453.jpg,/content/Image_captioning_Local/Flickr30K/flickr30k_images/flickr30k_images/425990453.jpg,person,0.3043067157268524,432.95391845703125,323.17938232421875,499.7956237792969,446.4371337890625,14
Flickr30K/425990453.jpg,/content/Image_captioning_Local/Flickr30K/flickr30k_images/flickr30k_images/425990453.jpg,person,0.29288655519485474,0.05782172083854675,255.0189666748047,11.887465476989746,305.8743591308594,14
Flickr30K/4259979213.jpg,/content/Image_captioning_Local/Flickr30K/flickr30k_images/flickr30k_images/4259979213.jpg,person,0.7594175338745117,70.50189971923828,130.6116943359375,298.1007080078125,496.3663024902344,3
Flickr30K/4259979213.jpg,/content/Image_captioning_Local/Flickr30K/flickr30k_images/flickr30k_images/4259979213.jpg,apple,0.45784327387809753,29.541540145874023,0.0,88.5245590209961,112.29620361328125,3
Flickr30K/4259979213.jpg,/content/Image_captioning_Local/Flickr30K/flickr30k_images/flickr30k_images/4259979213.jpg,banana,0.4309467673301697,29.878032684326172,0.0,88.6153335571289,112.50106048583984,3
Flickr30K/4260087651.jpg,/content/Image_captioning_Local/Flickr30K/flickr30k_images/flickr30k_images/4260087651.jpg,person,0.9411970376968384,257.75347900390625,23.283885955810547,435.05059814453125,260.8918762207031,3
Flickr30K/4260087651.jpg,/content/Image_captioning_Local/Flickr30K/flickr30k_images/flickr30k_images/4260087651.jpg,sports ball,0.7818478345870972,30.63844108581543,54.65899658203125,42.21141052246094,65.79879760742188,3
Flickr30K/4260087651.jpg,/content/Image_captioning_Local/Flickr30K/flickr30k_images/flickr30k_images/4260087651.jpg,baseball bat,0.6853196024894714,388.9618225097656,23.416065216064453,465.000732421875,109.50188446044922,3
Flickr30K/4260156359.jpg,/content/Image_captioning_Local/Flickr30K/flickr30k_images/flickr30k_images/4260156359.jpg,dog,0.8931722044944763,155.72528076171875,69.24878692626953,359.85565185546875,221.6022491455078,1
Flickr30K/4260403844.jpg,/content/Image_captioning_Local/Flickr30K/flickr30k_images/flickr30k_images/4260403844.jpg,person,0.8663085699081421,166.59469604492188,45.013092041015625,349.5486145019531,446.5486145019531,6
Flickr30K/4260403844.jpg,/content/Image_captioning_Local/Flickr30K/flickr30k_images/flickr30k_images/4260403844.jpg,snowboard,0.5575644373893738,291.7306823730469,76.17921447753906,390.99359130859375,174.42166137695312,6
Flickr30K/4260403844.jpg,/content/Image_captioning_Local/Flickr30K/flickr30k_images/flickr30k_images/4260403844.jpg,person,0.5199507474899292,139.6466064453125,246.5151824951172,187.29681396484375,325.1728515625,6
Flickr30K/4260403844.jpg,/content/Image_captioning_Local/Flickr30K/flickr30k_images/flickr30k_images/4260403844.jpg,person,0.49650636315345764,53.946815490722656,239.64500427246094,129.98001098632812,426.95574951171875,6
Flickr30K/4260403844.jpg,/content/Image_captioning_Local/Flickr30K/flickr30k_images/flickr30k_images/4260403844.jpg,backpack,0.4227754771709442,141.9618377685547,374.1316223144531,178.82080078125,416.294677734375,6
Flickr30K/4260403844.jpg,/content/Image_captioning_Local/Flickr30K/flickr30k_images/flickr30k_images/4260403844.jpg,bottle,0.25214821100234985,280.0509338378906,301.99053955078125,289.3298034667969,320.9442443847656,6
Flickr30K/4260498576.jpg,/content/Image_captioning_Local/Flickr30K/flickr30k_images/flickr30k_images/4260498576.jpg,chair,0.9002017378807068,384.85711669921875,231.23040771484375,488.1005859375,279.84765625,37
Flickr30K/4260498576.jpg,/content/Image_captioning_Local/Flickr30K/flickr30k_images/flickr30k_images/4260498576.jpg,chair,0.8960069417953491,286.6894836425781,228.66744995117188,382.3932189941406,276.2787780761719,37
Flickr30K/4260498576.jpg,/content/Image_captioning_Local/Flickr30K/flickr30k_images/flickr30k_images/4260498576.jpg,person,0.8884844183921814,126.2247085571289,113.77558898925781,228.24240112304688,247.7860870361328,37
Flickr30K/4260498576.jpg,/content/Image_captioning_Local/Flickr30K/flickr30k_images/flickr30k_images/4260498576.jpg,chair,0.871216356754303,132.8966827392578,233.82794189453125,235.53564453125,271.3605651855469,37
Flickr30K/4260498576.jpg,/content/Image_captioning_Local/Flickr30K/flickr30k_images/flickr30k_images/4260498576.jpg,chair,0.8571052551269531,284.79461669921875,206.84304809570312,350.6534423828125,231.7843017578125,37
Flickr30K/4260498576.jpg,/content/Image_captioning_Local/Flickr30K/flickr30k_images/flickr30k_images/4260498576.jpg,person,0.8520501852035522,326.9601745605469,143.9802703857422,369.97265625,196.28118896484375,37
Flickr30K/4260498576.jpg,/content/Image_captioning_Local/Flickr30K/flickr30k_images/flickr30k_images/4260498576.jpg,person,0.8173723816871643,232.83462524414062,150.28378295898438,287.8304443359375,212.49339294433594,37
Flickr30K/4260498576.jpg,/content/Image_captioning_Local/Flickr30K/flickr30k_images/flickr30k_images/4260498576.jpg,person,0.8088621497154236,359.2039489746094,143.86752319335938,432.1599426269531,217.05615234375,37
Flickr30K/4260498576.jpg,/content/Image_captioning_Local/Flickr30K/flickr30k_images/flickr30k_images/4260498576.jpg,person,0.8087952136993408,278.3330383300781,148.86537170410156,310.156494140625,190.33761596679688,37
Flickr30K/4260498576.jpg,/content/Image_captioning_Local/Flickr30K/flickr30k_images/flickr30k_images/4260498576.jpg,person,0.7908636927604675,438.1867370605469,146.3919219970703,487.1282653808594,203.09510803222656,37
Flickr30K/4260498576.jpg,/content/Image_captioning_Local/Flickr30K/flickr30k_images/flickr30k_images/4260498576.jpg,chair,0.7855462431907654,31.296646118164062,202.53643798828125,93.01382446289062,223.5148468017578,37
Flickr30K/4260498576.jpg,/content/Image_captioning_Local/Flickr30K/flickr30k_images/flickr30k_images/4260498576.jpg,person,0.764201819896698,79.18630981445312,139.00265502929688,135.08506774902344,204.26229858398438,37
Flickr30K/4260498576.jpg,/content/Image_captioning_Local/Flickr30K/flickr30k_images/flickr30k_images/4260498576.jpg,person,0.7336104512214661,408.0870666503906,110.68415832519531,427.7604064941406,184.49110412597656,37
Flickr30K/4260498576.jpg,/content/Image_captioning_Local/Flickr30K/flickr30k_images/flickr30k_images/4260498576.jpg,chair,0.662799060344696,0.0,232.1993408203125,112.5792236328125,267.2754821777344,37
Flickr30K/4260498576.jpg,/content/Image_captioning_Local/Flickr30K/flickr30k_images/flickr30k_images/4260498576.jpg,chair,0.6220699548721313,361.6981506347656,213.25173950195312,432.2112121582031,235.668701171875,37
Flickr30K/4260498576.jpg,/content/Image_captioning_Local/Flickr30K/flickr30k_images/flickr30k_images/4260498576.jpg,chair,0.6187001466751099,307.5408020019531,195.55825805664062,335.062744140625,211.60096740722656,37
Flickr30K/4260498576.jpg,/content/Image_captioning_Local/Flickr30K/flickr30k_images/flickr30k_images/4260498576.jpg,person,0.6185145378112793,25.434917449951172,127.9836196899414,75.10197448730469,206.2957763671875,37
Flickr30K/4260498576.jpg,/content/Image_captioning_Local/Flickr30K/flickr30k_images/flickr30k_images/4260498576.jpg,chair,0.6142760515213013,221.02957153320312,198.73583984375,274.6124267578125,214.16175842285156,37
Flickr30K/4260498576.jpg,/content/Image_captioning_Local/Flickr30K/flickr30k_images/flickr30k_images/4260498576.jpg,chair,0.5778101682662964,331.51153564453125,196.17123413085938,361.72186279296875,213.49864196777344,37
Flickr30K/4260498576.jpg,/content/Image_captioning_Local/Flickr30K/flickr30k_images/flickr30k_images/4260498576.jpg,person,0.5284711718559265,476.217041015625,159.90481567382812,499.8177185058594,207.24072265625,37
Flickr30K/4260498576.jpg,/content/Image_captioning_Local/Flickr30K/flickr30k_images/flickr30k_images/4260498576.jpg,chair,0.5086430311203003,221.71640014648438,207.24978637695312,250.1748046875,228.73892211914062,37
Flickr30K/4260498576.jpg,/content/Image_captioning_Local/Flickr30K/flickr30k_images/flickr30k_images/4260498576.jpg,clock,0.47896575927734375,496.5458984375,42.34125518798828,499.79638671875,54.68680953979492,37
Flickr30K/4260498576.jpg,/content/Image_captioning_Local/Flickr30K/flickr30k_images/flickr30k_images/4260498576.jpg,chair,0.4779945909976959,430.31201171875,199.57232666015625,463.9942626953125,214.28579711914062,37
Flickr30K/4260498576.jpg,/content/Image_captioning_Local/Flickr30K/flickr30k_images/flickr30k_images/4260498576.jpg,chair,0.442204087972641,91.47014617919922,209.0934295654297,137.35101318359375,227.0643768310547,37
Flickr30K/4260498576.jpg,/content/Image_captioning_Local/Flickr30K/flickr30k_images/flickr30k_images/4260498576.jpg,person,0.44088014960289,0.08386373519897461,133.13534545898438,46.705894470214844,209.21804809570312,37
Flickr30K/4260498576.jpg,/content/Image_captioning_Local/Flickr30K/flickr30k_images/flickr30k_images/4260498576.jpg,person,0.41975247859954834,65.703857421875,149.57827758789062,100.18104553222656,185.280517578125,37
Flickr30K/4260498576.jpg,/content/Image_captioning_Local/Flickr30K/flickr30k_images/flickr30k_images/4260498576.jpg,person,0.4141658544540405,189.7277374267578,149.13351440429688,224.6033172607422,190.08099365234375,37
Flickr30K/4260498576.jpg,/content/Image_captioning_Local/Flickr30K/flickr30k_images/flickr30k_images/4260498576.jpg,clock,0.4060889184474945,0.04718080163002014,39.171836853027344,7.508867263793945,54.01959228515625,37
Flickr30K/4260498576.jpg,/content/Image_captioning_Local/Flickr30K/flickr30k_images/flickr30k_images/4260498576.jpg,chair,0.37556755542755127,287.0984191894531,189.4509735107422,327.16253662109375,199.5269317626953,37
Flickr30K/4260498576.jpg,/content/Image_captioning_Local/Flickr30K/flickr30k_images/flickr30k_images/4260498576.jpg,chair,0.35197681188583374,286.28533935546875,189.38970947265625,326.5732421875,207.05633544921875,37
Flickr30K/4260498576.jpg,/content/Image_captioning_Local/Flickr30K/flickr30k_images/flickr30k_images/4260498576.jpg,person,0.3374651074409485,0.10450631380081177,163.43844604492188,22.829011917114258,231.63626098632812,37
Flickr30K/4260498576.jpg,/content/Image_captioning_Local/Flickr30K/flickr30k_images/flickr30k_images/4260498576.jpg,person,0.30841416120529175,122.09501647949219,146.6259002685547,147.3468780517578,174.46470642089844,37
Flickr30K/4260498576.jpg,/content/Image_captioning_Local/Flickr30K/flickr30k_images/flickr30k_images/4260498576.jpg,chair,0.29943278431892395,67.92466735839844,184.7696990966797,80.80491638183594,194.92877197265625,37
Flickr30K/4260498576.jpg,/content/Image_captioning_Local/Flickr30K/flickr30k_images/flickr30k_images/4260498576.jpg,chair,0.29520630836486816,446.13824462890625,210.85873413085938,469.23822021484375,234.42630004882812,37
Flickr30K/4260498576.jpg,/content/Image_captioning_Local/Flickr30K/flickr30k_images/flickr30k_images/4260498576.jpg,chair,0.2775726020336151,306.41668701171875,194.64468383789062,361.23284912109375,213.44546508789062,37
Flickr30K/4260498576.jpg,/content/Image_captioning_Local/Flickr30K/flickr30k_images/flickr30k_images/4260498576.jpg,chair,0.272805392742157,361.6910400390625,213.25845336914062,432.42535400390625,263.83624267578125,37
Flickr30K/4260498576.jpg,/content/Image_captioning_Local/Flickr30K/flickr30k_images/flickr30k_images/4260498576.jpg,chair,0.2723039388656616,91.27659606933594,209.49649047851562,137.83497619628906,234.38357543945312,37
Flickr30K/426065353.jpg,/content/Image_captioning_Local/Flickr30K/flickr30k_images/flickr30k_images/426065353.jpg,person,0.9314704537391663,29.144309997558594,71.69755554199219,293.67047119140625,371.3936462402344,23
Flickr30K/426065353.jpg,/content/Image_captioning_Local/Flickr30K/flickr30k_images/flickr30k_images/426065353.jpg,person,0.9124852418899536,236.0609130859375,59.746551513671875,471.59625244140625,370.9068908691406,23
Flickr30K/426065353.jpg,/content/Image_captioning_Local/Flickr30K/flickr30k_images/flickr30k_images/426065353.jpg,person,0.8597472310066223,7.113921642303467,52.422119140625,119.14083099365234,207.1366729736328,23
Flickr30K/426065353.jpg,/content/Image_captioning_Local/Flickr30K/flickr30k_images/flickr30k_images/426065353.jpg,person,0.8046835064888,162.35470581054688,4.565882682800293,285.5916442871094,234.85305786132812,23
Flickr30K/426065353.jpg,/content/Image_captioning_Local/Flickr30K/flickr30k_images/flickr30k_images/426065353.jpg,cell phone,0.7745164632797241,327.445068359375,195.1588134765625,353.8231506347656,287.1848449707031,23
Flickr30K/426065353.jpg,/content/Image_captioning_Local/Flickr30K/flickr30k_images/flickr30k_images/426065353.jpg,person,0.655783474445343,317.0271911621094,160.81224060058594,499.7650146484375,371.65985107421875,23
Flickr30K/426065353.jpg,/content/Image_captioning_Local/Flickr30K/flickr30k_images/flickr30k_images/426065353.jpg,bottle,0.5682801008224487,356.93505859375,36.23672103881836,373.83001708984375,111.19833374023438,23
Flickr30K/426065353.jpg,/content/Image_captioning_Local/Flickr30K/flickr30k_images/flickr30k_images/426065353.jpg,bottle,0.44674524664878845,294.0615234375,85.94059753417969,315.27008056640625,136.38095092773438,23
Flickr30K/426065353.jpg,/content/Image_captioning_Local/Flickr30K/flickr30k_images/flickr30k_images/426065353.jpg,chair,0.44440770149230957,0.22245049476623535,267.3990173339844,66.55035400390625,373.3939514160156,23
Flickr30K/426065353.jpg,/content/Image_captioning_Local/Flickr30K/flickr30k_images/flickr30k_images/426065353.jpg,bottle,0.43381816148757935,393.033935546875,35.46949005126953,406.61407470703125,68.82209777832031,23
Flickr30K/426065353.jpg,/content/Image_captioning_Local/Flickr30K/flickr30k_images/flickr30k_images/426065353.jpg,person,0.4036237597465515,450.8519287109375,170.052001953125,499.7774963378906,366.2502746582031,23
Flickr30K/426065353.jpg,/content/Image_captioning_Local/Flickr30K/flickr30k_images/flickr30k_images/426065353.jpg,bottle,0.39439842104911804,375.17596435546875,35.80697250366211,389.9644775390625,86.76502990722656,23
Flickr30K/426065353.jpg,/content/Image_captioning_Local/Flickr30K/flickr30k_images/flickr30k_images/426065353.jpg,bottle,0.38470423221588135,427.75067138671875,35.572879791259766,442.5110778808594,65.5904541015625,23
Flickr30K/426065353.jpg,/content/Image_captioning_Local/Flickr30K/flickr30k_images/flickr30k_images/426065353.jpg,cup,0.3553343415260315,245.30386352539062,175.5862274169922,265.8736572265625,207.69471740722656,23
Flickr30K/426065353.jpg,/content/Image_captioning_Local/Flickr30K/flickr30k_images/flickr30k_images/426065353.jpg,cup,0.34038668870925903,19.162220001220703,185.84347534179688,33.709293365478516,212.74757385253906,23
Flickr30K/426065353.jpg,/content/Image_captioning_Local/Flickr30K/flickr30k_images/flickr30k_images/426065353.jpg,bottle,0.3309953212738037,314.0163879394531,89.65087890625,333.1083679199219,136.48504638671875,23
Flickr30K/426065353.jpg,/content/Image_captioning_Local/Flickr30K/flickr30k_images/flickr30k_images/426065353.jpg,bottle,0.30529651045799255,275.8279724121094,99.85356140136719,293.42718505859375,137.30226135253906,23
Flickr30K/426065353.jpg,/content/Image_captioning_Local/Flickr30K/flickr30k_images/flickr30k_images/426065353.jpg,person,0.30356040596961975,0.21957755088806152,228.26995849609375,37.6260986328125,297.4041442871094,23
Flickr30K/426065353.jpg,/content/Image_captioning_Local/Flickr30K/flickr30k_images/flickr30k_images/426065353.jpg,bottle,0.28966182470321655,327.57684326171875,195.684814453125,353.3719177246094,286.81707763671875,23
Flickr30K/426065353.jpg,/content/Image_captioning_Local/Flickr30K/flickr30k_images/flickr30k_images/426065353.jpg,cup,0.2813087999820709,0.48715025186538696,185.15887451171875,23.90045166015625,222.9278106689453,23
Flickr30K/426065353.jpg,/content/Image_captioning_Local/Flickr30K/flickr30k_images/flickr30k_images/426065353.jpg,bottle,0.276140034198761,240.26718139648438,102.7027816772461,256.5635681152344,135.89218139648438,23
Flickr30K/426065353.jpg,/content/Image_captioning_Local/Flickr30K/flickr30k_images/flickr30k_images/426065353.jpg,bottle,0.2656601369380951,256.01092529296875,99.1272201538086,274.26470947265625,136.629150390625,23
Flickr30K/426065353.jpg,/content/Image_captioning_Local/Flickr30K/flickr30k_images/flickr30k_images/426065353.jpg,bottle,0.2549474835395813,460.18743896484375,188.0881805419922,482.50885009765625,222.61280822753906,23
Flickr30K/4260753296.jpg,/content/Image_captioning_Local/Flickr30K/flickr30k_images/flickr30k_images/4260753296.jpg,person,0.83720463514328,42.23964309692383,70.28968048095703,166.6349639892578,356.596435546875,3
Flickr30K/4260753296.jpg,/content/Image_captioning_Local/Flickr30K/flickr30k_images/flickr30k_images/4260753296.jpg,person,0.7767564058303833,133.74391174316406,50.57072448730469,287.0673522949219,456.2409973144531,3
Flickr30K/4260753296.jpg,/content/Image_captioning_Local/Flickr30K/flickr30k_images/flickr30k_images/4260753296.jpg,banana,0.39779677987098694,268.2356262207031,68.60440063476562,292.0153503417969,129.40447998046875,3
Flickr30K/4260947199.jpg,/content/Image_captioning_Local/Flickr30K/flickr30k_images/flickr30k_images/4260947199.jpg,person,0.9156671166419983,275.1298522949219,116.0302963256836,367.9678955078125,367.5775451660156,11
Flickr30K/4260947199.jpg,/content/Image_captioning_Local/Flickr30K/flickr30k_images/flickr30k_images/4260947199.jpg,person,0.9115620851516724,27.865028381347656,154.63418579101562,118.829345703125,368.44696044921875,11
Flickr30K/4260947199.jpg,/content/Image_captioning_Local/Flickr30K/flickr30k_images/flickr30k_images/4260947199.jpg,person,0.8795652389526367,133.13137817382812,167.43807983398438,208.0322265625,346.9715576171875,11
Flickr30K/4260947199.jpg,/content/Image_captioning_Local/Flickr30K/flickr30k_images/flickr30k_images/4260947199.jpg,fire hydrant,0.806060254573822,14.39841365814209,254.4075469970703,70.6932601928711,426.9636535644531,11
Flickr30K/4260947199.jpg,/content/Image_captioning_Local/Flickr30K/flickr30k_images/flickr30k_images/4260947199.jpg,handbag,0.6720614433288574,188.8866424560547,259.3897399902344,214.66722106933594,319.799560546875,11
Flickr30K/4260947199.jpg,/content/Image_captioning_Local/Flickr30K/flickr30k_images/flickr30k_images/4260947199.jpg,person,0.6643314957618713,1.541872262954712,156.3168487548828,48.81898880004883,262.8677978515625,11
Flickr30K/4260947199.jpg,/content/Image_captioning_Local/Flickr30K/flickr30k_images/flickr30k_images/4260947199.jpg,handbag,0.6316835284233093,125.94544982910156,232.3872833251953,148.7139892578125,270.7288513183594,11
Flickr30K/4260947199.jpg,/content/Image_captioning_Local/Flickr30K/flickr30k_images/flickr30k_images/4260947199.jpg,person,0.538848340511322,73.6466293334961,145.6920623779297,101.52570343017578,190.65347290039062,11
Flickr30K/4260947199.jpg,/content/Image_captioning_Local/Flickr30K/flickr30k_images/flickr30k_images/4260947199.jpg,person,0.318353533744812,35.487979888916016,144.71530151367188,54.54159927368164,179.4352569580078,11
Flickr30K/4260947199.jpg,/content/Image_captioning_Local/Flickr30K/flickr30k_images/flickr30k_images/4260947199.jpg,handbag,0.2805486023426056,360.0317077636719,294.54803466796875,403.0099792480469,365.9955139160156,11
Flickr30K/4260947199.jpg,/content/Image_captioning_Local/Flickr30K/flickr30k_images/flickr30k_images/4260947199.jpg,person,0.2797946631908417,167.4063720703125,139.80186462402344,219.69798278808594,317.77001953125,11
Flickr30K/426191845.jpg,/content/Image_captioning_Local/Flickr30K/flickr30k_images/flickr30k_images/426191845.jpg,bird,0.6716304421424866,90.39659118652344,193.44239807128906,180.5229949951172,323.2629699707031,2
Flickr30K/426191845.jpg,/content/Image_captioning_Local/Flickr30K/flickr30k_images/flickr30k_images/426191845.jpg,sheep,0.4759663939476013,90.18086242675781,193.31321716308594,180.40354919433594,322.8040771484375,2
Flickr30K/4262149475.jpg,/content/Image_captioning_Local/Flickr30K/flickr30k_images/flickr30k_images/4262149475.jpg,person,0.9102428555488586,18.306564331054688,118.3890609741211,132.46981811523438,311.6436767578125,9
Flickr30K/4262149475.jpg,/content/Image_captioning_Local/Flickr30K/flickr30k_images/flickr30k_images/4262149475.jpg,person,0.8599382042884827,2.0196704864501953,130.26742553710938,45.10396194458008,229.6184539794922,9
Flickr30K/4262149475.jpg,/content/Image_captioning_Local/Flickr30K/flickr30k_images/flickr30k_images/4262149475.jpg,person,0.8508793711662292,169.398193359375,151.7498779296875,187.6179656982422,200.4141082763672,9
Flickr30K/4262149475.jpg,/content/Image_captioning_Local/Flickr30K/flickr30k_images/flickr30k_images/4262149475.jpg,person,0.8394741415977478,130.5357208251953,142.5975799560547,153.65020751953125,206.64295959472656,9
Flickr30K/4262149475.jpg,/content/Image_captioning_Local/Flickr30K/flickr30k_images/flickr30k_images/4262149475.jpg,person,0.7509476542472839,195.4871063232422,146.53334045410156,210.7860565185547,198.95387268066406,9
Flickr30K/4262149475.jpg,/content/Image_captioning_Local/Flickr30K/flickr30k_images/flickr30k_images/4262149475.jpg,person,0.5423167943954468,93.58934783935547,135.00624084472656,115.0175552368164,214.6145782470703,9
Flickr30K/4262149475.jpg,/content/Image_captioning_Local/Flickr30K/flickr30k_images/flickr30k_images/4262149475.jpg,person,0.4463908076286316,94.08135986328125,135.1295928955078,114.5478744506836,165.0279541015625,9
Flickr30K/4262149475.jpg,/content/Image_captioning_Local/Flickr30K/flickr30k_images/flickr30k_images/4262149475.jpg,person,0.3936740756034851,44.03192901611328,121.39396667480469,59.951759338378906,153.5695037841797,9
Flickr30K/4262149475.jpg,/content/Image_captioning_Local/Flickr30K/flickr30k_images/flickr30k_images/4262149475.jpg,person,0.2783750891685486,94.21916198730469,141.9752655029297,132.71725463867188,216.2037353515625,9
Flickr30K/4262509387.jpg,/content/Image_captioning_Local/Flickr30K/flickr30k_images/flickr30k_images/4262509387.jpg,person,0.9518716931343079,411.31793212890625,75.85892486572266,499.80078125,332.7362060546875,2
Flickr30K/4262509387.jpg,/content/Image_captioning_Local/Flickr30K/flickr30k_images/flickr30k_images/4262509387.jpg,tie,0.567491888999939,464.8128662109375,118.92015838623047,476.42535400390625,170.3816680908203,2
Flickr30K/4262692609.jpg,/content/Image_captioning_Local/Flickr30K/flickr30k_images/flickr30k_images/4262692609.jpg,person,0.9217707514762878,315.9952087402344,235.8204345703125,439.7717590332031,373.35308837890625,18
Flickr30K/4262692609.jpg,/content/Image_captioning_Local/Flickr30K/flickr30k_images/flickr30k_images/4262692609.jpg,person,0.8861305713653564,87.51449584960938,250.54074096679688,212.6456756591797,373.9967346191406,18
Flickr30K/4262692609.jpg,/content/Image_captioning_Local/Flickr30K/flickr30k_images/flickr30k_images/4262692609.jpg,person,0.8601280450820923,126.02667999267578,134.7300567626953,207.01365661621094,241.7389373779297,18
Flickr30K/4262692609.jpg,/content/Image_captioning_Local/Flickr30K/flickr30k_images/flickr30k_images/4262692609.jpg,person,0.8479204773902893,424.57904052734375,236.242919921875,499.8504638671875,364.1513671875,18
Flickr30K/4262692609.jpg,/content/Image_captioning_Local/Flickr30K/flickr30k_images/flickr30k_images/4262692609.jpg,person,0.8239855766296387,41.898406982421875,209.9917449951172,88.0548324584961,307.283203125,18
Flickr30K/4262692609.jpg,/content/Image_captioning_Local/Flickr30K/flickr30k_images/flickr30k_images/4262692609.jpg,person,0.8160156011581421,250.27059936523438,176.604248046875,372.391357421875,313.1512756347656,18
Flickr30K/4262692609.jpg,/content/Image_captioning_Local/Flickr30K/flickr30k_images/flickr30k_images/4262692609.jpg,person,0.7076491117477417,44.48830032348633,231.0413818359375,135.68849182128906,352.4526062011719,18
Flickr30K/4262692609.jpg,/content/Image_captioning_Local/Flickr30K/flickr30k_images/flickr30k_images/4262692609.jpg,person,0.6793168783187866,215.59024047851562,160.4187469482422,245.86473083496094,221.76437377929688,18
Flickr30K/4262692609.jpg,/content/Image_captioning_Local/Flickr30K/flickr30k_images/flickr30k_images/4262692609.jpg,person,0.5998395681381226,266.237548828125,156.7248077392578,298.37579345703125,199.0854034423828,18
Flickr30K/4262692609.jpg,/content/Image_captioning_Local/Flickr30K/flickr30k_images/flickr30k_images/4262692609.jpg,person,0.5380927920341492,215.60711669921875,160.7740478515625,244.7437744140625,196.4630126953125,18
Flickr30K/4262692609.jpg,/content/Image_captioning_Local/Flickr30K/flickr30k_images/flickr30k_images/4262692609.jpg,person,0.5342292785644531,246.21371459960938,138.56753540039062,274.90167236328125,194.4988250732422,18
Flickr30K/4262692609.jpg,/content/Image_captioning_Local/Flickr30K/flickr30k_images/flickr30k_images/4262692609.jpg,person,0.49270811676979065,263.9452819824219,156.7379913330078,298.82611083984375,223.27288818359375,18
Flickr30K/4262692609.jpg,/content/Image_captioning_Local/Flickr30K/flickr30k_images/flickr30k_images/4262692609.jpg,chair,0.4764821231365204,214.89767456054688,186.21343994140625,240.38027954101562,236.682373046875,18
Flickr30K/4262692609.jpg,/content/Image_captioning_Local/Flickr30K/flickr30k_images/flickr30k_images/4262692609.jpg,person,0.37080371379852295,268.2671203613281,177.3185272216797,372.37640380859375,229.16383361816406,18
Flickr30K/4262692609.jpg,/content/Image_captioning_Local/Flickr30K/flickr30k_images/flickr30k_images/4262692609.jpg,chair,0.29392552375793457,314.2484436035156,255.94305419921875,383.126220703125,339.8786926269531,18
Flickr30K/4262692609.jpg,/content/Image_captioning_Local/Flickr30K/flickr30k_images/flickr30k_images/4262692609.jpg,person,0.2862280011177063,287.4609375,154.37612915039062,299.32586669921875,177.82077026367188,18
Flickr30K/4262692609.jpg,/content/Image_captioning_Local/Flickr30K/flickr30k_images/flickr30k_images/4262692609.jpg,chair,0.27787333726882935,371.80328369140625,350.2480163574219,499.8621826171875,375.0,18
Flickr30K/4262692609.jpg,/content/Image_captioning_Local/Flickr30K/flickr30k_images/flickr30k_images/4262692609.jpg,chair,0.25516292452812195,155.59902954101562,234.18260192871094,216.44387817382812,328.12652587890625,18
Flickr30K/4262694145.jpg,/content/Image_captioning_Local/Flickr30K/flickr30k_images/flickr30k_images/4262694145.jpg,person,0.9253726601600647,145.2350616455078,146.50025939941406,340.37628173828125,446.50860595703125,4
Flickr30K/4262694145.jpg,/content/Image_captioning_Local/Flickr30K/flickr30k_images/flickr30k_images/4262694145.jpg,person,0.9018931984901428,25.27043914794922,83.0464859008789,167.38528442382812,467.6604309082031,4
Flickr30K/4262694145.jpg,/content/Image_captioning_Local/Flickr30K/flickr30k_images/flickr30k_images/4262694145.jpg,snowboard,0.5524908900260925,98.17479705810547,417.63458251953125,149.42068481445312,466.2474670410156,4
Flickr30K/4262694145.jpg,/content/Image_captioning_Local/Flickr30K/flickr30k_images/flickr30k_images/4262694145.jpg,snowboard,0.448564738035202,32.148406982421875,411.5509948730469,89.63584899902344,469.1296691894531,4
Flickr30K/426375654.jpg,/content/Image_captioning_Local/Flickr30K/flickr30k_images/flickr30k_images/426375654.jpg,person,0.9025682210922241,149.57423400878906,26.509380340576172,353.114990234375,187.30078125,3
Flickr30K/426375654.jpg,/content/Image_captioning_Local/Flickr30K/flickr30k_images/flickr30k_images/426375654.jpg,skis,0.38202840089797974,309.66448974609375,71.00836181640625,405.0887451171875,243.53070068359375,3
Flickr30K/426375654.jpg,/content/Image_captioning_Local/Flickr30K/flickr30k_images/flickr30k_images/426375654.jpg,skis,0.27274107933044434,121.41350555419922,66.18524932861328,403.1983337402344,242.7357177734375,3
Flickr30K/42637986.jpg,/content/Image_captioning_Local/Flickr30K/flickr30k_images/flickr30k_images/42637986.jpg,person,0.8417869210243225,352.0696105957031,248.10044860839844,420.8860778808594,305.1673278808594,4
Flickr30K/42637986.jpg,/content/Image_captioning_Local/Flickr30K/flickr30k_images/flickr30k_images/42637986.jpg,bench,0.775833249092102,6.905364990234375,303.28985595703125,489.6059875488281,426.82037353515625,4
Flickr30K/42637986.jpg,/content/Image_captioning_Local/Flickr30K/flickr30k_images/flickr30k_images/42637986.jpg,boat,0.7409520149230957,188.5785369873047,147.33314514160156,210.15570068359375,157.18450927734375,4
Flickr30K/42637986.jpg,/content/Image_captioning_Local/Flickr30K/flickr30k_images/flickr30k_images/42637986.jpg,person,0.7200921177864075,324.57000732421875,254.11166381835938,365.8061218261719,309.089599609375,4
Flickr30K/42637987.jpg,/content/Image_captioning_Local/Flickr30K/flickr30k_images/flickr30k_images/42637987.jpg,bench,0.9072296023368835,358.13397216796875,195.51136779785156,441.8985290527344,297.2865905761719,14
Flickr30K/42637987.jpg,/content/Image_captioning_Local/Flickr30K/flickr30k_images/flickr30k_images/42637987.jpg,person,0.8426375985145569,306.7878112792969,161.693359375,344.4367980957031,207.1559600830078,14
Flickr30K/42637987.jpg,/content/Image_captioning_Local/Flickr30K/flickr30k_images/flickr30k_images/42637987.jpg,person,0.816564679145813,247.15609741210938,154.2561492919922,265.8680419921875,201.79319763183594,14
Flickr30K/42637987.jpg,/content/Image_captioning_Local/Flickr30K/flickr30k_images/flickr30k_images/42637987.jpg,person,0.809450626373291,210.594482421875,153.15065002441406,228.41961669921875,206.9508056640625,14
Flickr30K/42637987.jpg,/content/Image_captioning_Local/Flickr30K/flickr30k_images/flickr30k_images/42637987.jpg,person,0.8031926155090332,226.98326110839844,153.58262634277344,244.5484619140625,205.63111877441406,14
Flickr30K/42637987.jpg,/content/Image_captioning_Local/Flickr30K/flickr30k_images/flickr30k_images/42637987.jpg,bench,0.641596257686615,289.5669860839844,173.6034698486328,307.9590759277344,194.69134521484375,14
Flickr30K/42637987.jpg,/content/Image_captioning_Local/Flickr30K/flickr30k_images/flickr30k_images/42637987.jpg,person,0.6276289820671082,385.2298889160156,146.74453735351562,423.28204345703125,209.81626892089844,14
Flickr30K/42637987.jpg,/content/Image_captioning_Local/Flickr30K/flickr30k_images/flickr30k_images/42637987.jpg,person,0.6265082955360413,304.14312744140625,155.4043731689453,422.50958251953125,278.0478515625,14
Flickr30K/42637987.jpg,/content/Image_captioning_Local/Flickr30K/flickr30k_images/flickr30k_images/42637987.jpg,person,0.6080968976020813,273.3321838378906,153.08575439453125,295.2000732421875,208.17922973632812,14
Flickr30K/42637987.jpg,/content/Image_captioning_Local/Flickr30K/flickr30k_images/flickr30k_images/42637987.jpg,bench,0.4503055512905121,322.2540283203125,176.07904052734375,349.7779846191406,206.93392944335938,14
Flickr30K/42637987.jpg,/content/Image_captioning_Local/Flickr30K/flickr30k_images/flickr30k_images/42637987.jpg,person,0.43728137016296387,271.7554931640625,153.44534301757812,289.9096374511719,202.67849731445312,14
Flickr30K/42637987.jpg,/content/Image_captioning_Local/Flickr30K/flickr30k_images/flickr30k_images/42637987.jpg,person,0.4012583792209625,279.1007995605469,154.8777313232422,294.6786804199219,207.77366638183594,14
Flickr30K/42637987.jpg,/content/Image_captioning_Local/Flickr30K/flickr30k_images/flickr30k_images/42637987.jpg,person,0.39169684052467346,303.70208740234375,155.6244354248047,386.6038513183594,277.677001953125,14
Flickr30K/42637987.jpg,/content/Image_captioning_Local/Flickr30K/flickr30k_images/flickr30k_images/42637987.jpg,dog,0.36512699723243713,362.3666687011719,163.49530029296875,422.8396301269531,251.8157501220703,14
Flickr30K/4263999253.jpg,/content/Image_captioning_Local/Flickr30K/flickr30k_images/flickr30k_images/4263999253.jpg,person,0.8940209746360779,227.148681640625,26.77459716796875,349.814453125,291.9467468261719,4
Flickr30K/4263999253.jpg,/content/Image_captioning_Local/Flickr30K/flickr30k_images/flickr30k_images/4263999253.jpg,person,0.6032042503356934,91.26777648925781,58.15305709838867,202.7283935546875,212.0755157470703,4
Flickr30K/4263999253.jpg,/content/Image_captioning_Local/Flickr30K/flickr30k_images/flickr30k_images/4263999253.jpg,person,0.45633840560913086,84.40935516357422,66.73631286621094,141.79708862304688,224.8365478515625,4
Flickr30K/4263999253.jpg,/content/Image_captioning_Local/Flickr30K/flickr30k_images/flickr30k_images/4263999253.jpg,snowboard,0.32875749468803406,211.25540161132812,106.64863586425781,414.4037780761719,174.2187042236328,4
Flickr30K/4264028492.jpg,/content/Image_captioning_Local/Flickr30K/flickr30k_images/flickr30k_images/4264028492.jpg,person,0.9094559550285339,41.983795166015625,94.53577423095703,192.18368530273438,241.72715759277344,4
Flickr30K/4264028492.jpg,/content/Image_captioning_Local/Flickr30K/flickr30k_images/flickr30k_images/4264028492.jpg,boat,0.8256215453147888,64.15339660644531,43.94207000732422,333.0,490.43255615234375,4
Flickr30K/4264028492.jpg,/content/Image_captioning_Local/Flickr30K/flickr30k_images/flickr30k_images/4264028492.jpg,boat,0.7653250694274902,192.897216796875,0.20706653594970703,332.7783203125,47.774784088134766,4
Flickr30K/4264028492.jpg,/content/Image_captioning_Local/Flickr30K/flickr30k_images/flickr30k_images/4264028492.jpg,boat,0.37329667806625366,67.59915161132812,180.73443603515625,333.0,491.71331787109375,4
Flickr30K/42640383.jpg,/content/Image_captioning_Local/Flickr30K/flickr30k_images/flickr30k_images/42640383.jpg,person,0.88805091381073,117.79832458496094,90.9937973022461,188.3878936767578,350.3866271972656,6
Flickr30K/42640383.jpg,/content/Image_captioning_Local/Flickr30K/flickr30k_images/flickr30k_images/42640383.jpg,potted plant,0.809573769569397,38.785125732421875,208.01950073242188,126.57324981689453,301.1140441894531,6
Flickr30K/42640383.jpg,/content/Image_captioning_Local/Flickr30K/flickr30k_images/flickr30k_images/42640383.jpg,backpack,0.5471944212913513,90.22189331054688,131.8649139404297,152.58868408203125,206.6700897216797,6
Flickr30K/42640383.jpg,/content/Image_captioning_Local/Flickr30K/flickr30k_images/flickr30k_images/42640383.jpg,potted plant,0.5281493663787842,0.04935413599014282,175.85081481933594,22.782920837402344,248.17262268066406,6
Flickr30K/42640383.jpg,/content/Image_captioning_Local/Flickr30K/flickr30k_images/flickr30k_images/42640383.jpg,person,0.4164016544818878,0.00787973403930664,133.37966918945312,9.65134048461914,177.03440856933594,6
Flickr30K/42640383.jpg,/content/Image_captioning_Local/Flickr30K/flickr30k_images/flickr30k_images/42640383.jpg,backpack,0.26672884821891785,90.04360961914062,144.8271026611328,129.55767822265625,206.91078186035156,6
Flickr30K/4264591578.jpg,/content/Image_captioning_Local/Flickr30K/flickr30k_images/flickr30k_images/4264591578.jpg,person,0.9355897307395935,0.5891561508178711,88.75584411621094,231.1760711669922,340.4110412597656,2
Flickr30K/4264591578.jpg,/content/Image_captioning_Local/Flickr30K/flickr30k_images/flickr30k_images/4264591578.jpg,person,0.5762163996696472,367.04791259765625,104.10089111328125,450.38604736328125,187.95938110351562,2
Flickr30K/4264701235.jpg,/content/Image_captioning_Local/Flickr30K/flickr30k_images/flickr30k_images/4264701235.jpg,person,0.8949976563453674,370.46697998046875,150.63800048828125,428.2951354980469,303.3687744140625,23
Flickr30K/4264701235.jpg,/content/Image_captioning_Local/Flickr30K/flickr30k_images/flickr30k_images/4264701235.jpg,person,0.8840755224227905,226.86444091796875,160.27700805664062,287.0003662109375,300.3076171875,23
Flickr30K/4264701235.jpg,/content/Image_captioning_Local/Flickr30K/flickr30k_images/flickr30k_images/4264701235.jpg,person,0.8609281778335571,76.23689270019531,153.46221923828125,121.7630386352539,318.105712890625,23
Flickr30K/4264701235.jpg,/content/Image_captioning_Local/Flickr30K/flickr30k_images/flickr30k_images/4264701235.jpg,person,0.836736261844635,426.9744873046875,153.38906860351562,464.2065124511719,249.91055297851562,23
Flickr30K/4264701235.jpg,/content/Image_captioning_Local/Flickr30K/flickr30k_images/flickr30k_images/4264701235.jpg,person,0.8240169882774353,19.14826011657715,167.388671875,58.5181770324707,263.86199951171875,23
Flickr30K/4264701235.jpg,/content/Image_captioning_Local/Flickr30K/flickr30k_images/flickr30k_images/4264701235.jpg,chair,0.8228855729103088,308.57843017578125,208.04425048828125,342.20477294921875,243.94712829589844,23
Flickr30K/4264701235.jpg,/content/Image_captioning_Local/Flickr30K/flickr30k_images/flickr30k_images/4264701235.jpg,chair,0.7610230445861816,165.03952026367188,207.07669067382812,192.8560333251953,242.59706115722656,23
Flickr30K/4264701235.jpg,/content/Image_captioning_Local/Flickr30K/flickr30k_images/flickr30k_images/4264701235.jpg,chair,0.7567400932312012,199.95989990234375,210.86773681640625,230.15084838867188,246.76451110839844,23
Flickr30K/4264701235.jpg,/content/Image_captioning_Local/Flickr30K/flickr30k_images/flickr30k_images/4264701235.jpg,person,0.7559340596199036,202.08181762695312,184.5339813232422,241.21304321289062,243.81532287597656,23
Flickr30K/4264701235.jpg,/content/Image_captioning_Local/Flickr30K/flickr30k_images/flickr30k_images/4264701235.jpg,person,0.7524102330207825,271.9710388183594,160.95089721679688,294.4501953125,275.1958923339844,23
Flickr30K/4264701235.jpg,/content/Image_captioning_Local/Flickr30K/flickr30k_images/flickr30k_images/4264701235.jpg,person,0.7279361486434937,52.79970169067383,154.78973388671875,78.48432159423828,253.71551513671875,23
Flickr30K/4264701235.jpg,/content/Image_captioning_Local/Flickr30K/flickr30k_images/flickr30k_images/4264701235.jpg,person,0.7203929424285889,135.2729034423828,185.43099975585938,186.92079162597656,241.7965850830078,23
Flickr30K/4264701235.jpg,/content/Image_captioning_Local/Flickr30K/flickr30k_images/flickr30k_images/4264701235.jpg,chair,0.692241907119751,454.87786865234375,202.679443359375,483.45166015625,240.55128479003906,23
Flickr30K/4264701235.jpg,/content/Image_captioning_Local/Flickr30K/flickr30k_images/flickr30k_images/4264701235.jpg,person,0.5466268062591553,307.7726745605469,177.10018920898438,337.7139892578125,235.96739196777344,23
Flickr30K/4264701235.jpg,/content/Image_captioning_Local/Flickr30K/flickr30k_images/flickr30k_images/4264701235.jpg,handbag,0.5101023316383362,12.447883605957031,185.888427734375,44.4112663269043,250.45408630371094,23
Flickr30K/4264701235.jpg,/content/Image_captioning_Local/Flickr30K/flickr30k_images/flickr30k_images/4264701235.jpg,person,0.5011935234069824,120.86830139160156,187.42581176757812,146.60635375976562,238.03524780273438,23
Flickr30K/4264701235.jpg,/content/Image_captioning_Local/Flickr30K/flickr30k_images/flickr30k_images/4264701235.jpg,handbag,0.5011475086212158,257.5447082519531,185.63168334960938,284.0654296875,237.66844177246094,23
Flickr30K/4264701235.jpg,/content/Image_captioning_Local/Flickr30K/flickr30k_images/flickr30k_images/4264701235.jpg,person,0.3696592450141907,310.8114318847656,177.15090942382812,337.39691162109375,222.0104217529297,23
Flickr30K/4264701235.jpg,/content/Image_captioning_Local/Flickr30K/flickr30k_images/flickr30k_images/4264701235.jpg,person,0.34646376967430115,68.97731018066406,185.37338256835938,89.09306335449219,239.09152221679688,23
Flickr30K/4264701235.jpg,/content/Image_captioning_Local/Flickr30K/flickr30k_images/flickr30k_images/4264701235.jpg,chair,0.31815630197525024,0.0,207.80572509765625,7.220926761627197,237.6139678955078,23
Flickr30K/4264701235.jpg,/content/Image_captioning_Local/Flickr30K/flickr30k_images/flickr30k_images/4264701235.jpg,handbag,0.27962902188301086,12.048816680908203,204.471923828125,41.82410430908203,249.7152862548828,23
Flickr30K/4264701235.jpg,/content/Image_captioning_Local/Flickr30K/flickr30k_images/flickr30k_images/4264701235.jpg,chair,0.27183103561401367,134.58917236328125,209.9795379638672,162.79251098632812,241.0291748046875,23
Flickr30K/4264701235.jpg,/content/Image_captioning_Local/Flickr30K/flickr30k_images/flickr30k_images/4264701235.jpg,handbag,0.25123485922813416,11.800408363342285,220.90985107421875,41.381168365478516,250.43255615234375,23
Flickr30K/42649475.jpg,/content/Image_captioning_Local/Flickr30K/flickr30k_images/flickr30k_images/42649475.jpg,truck,0.8153918385505676,263.62176513671875,152.5804443359375,434.78814697265625,281.1929626464844,12
Flickr30K/42649475.jpg,/content/Image_captioning_Local/Flickr30K/flickr30k_images/flickr30k_images/42649475.jpg,person,0.7826743125915527,215.7006072998047,209.9129638671875,235.40814208984375,267.82733154296875,12
Flickr30K/42649475.jpg,/content/Image_captioning_Local/Flickr30K/flickr30k_images/flickr30k_images/42649475.jpg,person,0.7813845872879028,165.70614624023438,211.07492065429688,194.3394012451172,265.0060729980469,12
Flickr30K/42649475.jpg,/content/Image_captioning_Local/Flickr30K/flickr30k_images/flickr30k_images/42649475.jpg,person,0.7484129667282104,437.18060302734375,204.56385803222656,466.7506103515625,272.11517333984375,12
Flickr30K/42649475.jpg,/content/Image_captioning_Local/Flickr30K/flickr30k_images/flickr30k_images/42649475.jpg,person,0.7412135004997253,189.46514892578125,207.33285522460938,208.28680419921875,265.4940185546875,12
Flickr30K/42649475.jpg,/content/Image_captioning_Local/Flickr30K/flickr30k_images/flickr30k_images/42649475.jpg,person,0.7261185050010681,123.75776672363281,212.3096466064453,157.4971466064453,262.8926696777344,12
Flickr30K/42649475.jpg,/content/Image_captioning_Local/Flickr30K/flickr30k_images/flickr30k_images/42649475.jpg,person,0.6956732869148254,110.53180694580078,211.56455993652344,130.13516235351562,259.90673828125,12
Flickr30K/42649475.jpg,/content/Image_captioning_Local/Flickr30K/flickr30k_images/flickr30k_images/42649475.jpg,person,0.6812496185302734,78.79266357421875,207.7118377685547,103.88302612304688,257.87750244140625,12
Flickr30K/42649475.jpg,/content/Image_captioning_Local/Flickr30K/flickr30k_images/flickr30k_images/42649475.jpg,person,0.5362988710403442,477.5740661621094,204.1426239013672,496.942626953125,250.2249298095703,12
Flickr30K/42649475.jpg,/content/Image_captioning_Local/Flickr30K/flickr30k_images/flickr30k_images/42649475.jpg,person,0.531853973865509,147.33163452148438,212.05233764648438,167.0793914794922,262.3194274902344,12
Flickr30K/42649475.jpg,/content/Image_captioning_Local/Flickr30K/flickr30k_images/flickr30k_images/42649475.jpg,person,0.5261099934577942,97.64188385009766,207.20286560058594,115.60787200927734,258.9908447265625,12
Flickr30K/42649475.jpg,/content/Image_captioning_Local/Flickr30K/flickr30k_images/flickr30k_images/42649475.jpg,person,0.305939257144928,461.4261474609375,202.67791748046875,480.72393798828125,249.55426025390625,12
Flickr30K/4265242435.jpg,/content/Image_captioning_Local/Flickr30K/flickr30k_images/flickr30k_images/4265242435.jpg,person,0.9183645248413086,131.6407012939453,19.239521026611328,299.7349853515625,232.94882202148438,11
Flickr30K/4265242435.jpg,/content/Image_captioning_Local/Flickr30K/flickr30k_images/flickr30k_images/4265242435.jpg,horse,0.8755964636802673,66.61524963378906,29.95295524597168,452.424560546875,351.36529541015625,11
Flickr30K/4265242435.jpg,/content/Image_captioning_Local/Flickr30K/flickr30k_images/flickr30k_images/4265242435.jpg,person,0.8386535048484802,464.3120422363281,128.65826416015625,499.8384094238281,189.83303833007812,11
Flickr30K/4265242435.jpg,/content/Image_captioning_Local/Flickr30K/flickr30k_images/flickr30k_images/4265242435.jpg,person,0.7599902153015137,0.0420302152633667,294.3131408691406,34.81847381591797,350.8260803222656,11
Flickr30K/4265242435.jpg,/content/Image_captioning_Local/Flickr30K/flickr30k_images/flickr30k_images/4265242435.jpg,person,0.540976881980896,14.10728645324707,198.0399627685547,51.26521682739258,256.7904052734375,11
Flickr30K/4265242435.jpg,/content/Image_captioning_Local/Flickr30K/flickr30k_images/flickr30k_images/4265242435.jpg,person,0.4983384609222412,0.055752694606781006,211.39340209960938,16.40430450439453,253.4170684814453,11
Flickr30K/4265242435.jpg,/content/Image_captioning_Local/Flickr30K/flickr30k_images/flickr30k_images/4265242435.jpg,chair,0.4475647807121277,12.233370780944824,276.4761657714844,55.77516555786133,321.5563659667969,11
Flickr30K/4265242435.jpg,/content/Image_captioning_Local/Flickr30K/flickr30k_images/flickr30k_images/4265242435.jpg,person,0.34847167134284973,179.91619873046875,275.4910888671875,224.73768615722656,342.33642578125,11
Flickr30K/4265242435.jpg,/content/Image_captioning_Local/Flickr30K/flickr30k_images/flickr30k_images/4265242435.jpg,person,0.3424581289291382,212.02731323242188,282.8825378417969,268.5138244628906,340.6407470703125,11
Flickr30K/4265242435.jpg,/content/Image_captioning_Local/Flickr30K/flickr30k_images/flickr30k_images/4265242435.jpg,person,0.2932208478450775,249.37649536132812,212.52230834960938,292.71124267578125,334.3639831542969,11
Flickr30K/4265242435.jpg,/content/Image_captioning_Local/Flickr30K/flickr30k_images/flickr30k_images/4265242435.jpg,person,0.2849038541316986,97.60076141357422,280.0382080078125,138.0699920654297,334.43365478515625,11
Flickr30K/4265333893.jpg,/content/Image_captioning_Local/Flickr30K/flickr30k_images/flickr30k_images/4265333893.jpg,bowl,0.9548742771148682,182.8429718017578,257.00823974609375,302.3526611328125,316.85797119140625,8
Flickr30K/4265333893.jpg,/content/Image_captioning_Local/Flickr30K/flickr30k_images/flickr30k_images/4265333893.jpg,person,0.8600602746009827,148.54698181152344,69.43788146972656,333.1448669433594,215.20672607421875,8
Flickr30K/4265333893.jpg,/content/Image_captioning_Local/Flickr30K/flickr30k_images/flickr30k_images/4265333893.jpg,bowl,0.8582351207733154,148.30377197265625,236.5125732421875,248.7825927734375,291.145263671875,8
Flickr30K/4265333893.jpg,/content/Image_captioning_Local/Flickr30K/flickr30k_images/flickr30k_images/4265333893.jpg,chair,0.7911462783813477,91.65569305419922,29.534889221191406,175.83432006835938,173.80223083496094,8
Flickr30K/4265333893.jpg,/content/Image_captioning_Local/Flickr30K/flickr30k_images/flickr30k_images/4265333893.jpg,bowl,0.6588279008865356,121.12602996826172,189.6942596435547,219.02484130859375,218.835205078125,8
Flickr30K/4265333893.jpg,/content/Image_captioning_Local/Flickr30K/flickr30k_images/flickr30k_images/4265333893.jpg,bowl,0.6306594014167786,58.1615104675293,205.7505645751953,113.97101593017578,241.951416015625,8
Flickr30K/4265333893.jpg,/content/Image_captioning_Local/Flickr30K/flickr30k_images/flickr30k_images/4265333893.jpg,chair,0.5307856798171997,66.32789611816406,33.308006286621094,119.71453094482422,144.20220947265625,8
Flickr30K/4265333893.jpg,/content/Image_captioning_Local/Flickr30K/flickr30k_images/flickr30k_images/4265333893.jpg,bowl,0.5085011720657349,128.45852661132812,218.24932861328125,202.89805603027344,271.9232482910156,8
Flickr30K/4265806100.jpg,/content/Image_captioning_Local/Flickr30K/flickr30k_images/flickr30k_images/4265806100.jpg,person,0.9294459223747253,1.4479398727416992,60.31861114501953,181.56594848632812,481.730224609375,9
Flickr30K/4265806100.jpg,/content/Image_captioning_Local/Flickr30K/flickr30k_images/flickr30k_images/4265806100.jpg,person,0.9239328503608704,144.88262939453125,31.543302536010742,343.60089111328125,442.35418701171875,9
Flickr30K/4265806100.jpg,/content/Image_captioning_Local/Flickr30K/flickr30k_images/flickr30k_images/4265806100.jpg,book,0.8187078833580017,208.76451110839844,168.21493530273438,309.1793518066406,206.02349853515625,9
Flickr30K/4265806100.jpg,/content/Image_captioning_Local/Flickr30K/flickr30k_images/flickr30k_images/4265806100.jpg,backpack,0.8088799715042114,206.42489624023438,306.845703125,318.8077087402344,446.0384826660156,9
Flickr30K/4265806100.jpg,/content/Image_captioning_Local/Flickr30K/flickr30k_images/flickr30k_images/4265806100.jpg,book,0.7171279788017273,55.77840805053711,230.6770782470703,141.50848388671875,280.7417297363281,9
Flickr30K/4265806100.jpg,/content/Image_captioning_Local/Flickr30K/flickr30k_images/flickr30k_images/4265806100.jpg,backpack,0.7079882621765137,59.40606689453125,290.7120666503906,171.4794464111328,473.54754638671875,9
Flickr30K/4265806100.jpg,/content/Image_captioning_Local/Flickr30K/flickr30k_images/flickr30k_images/4265806100.jpg,person,0.5646448135375977,88.21160888671875,0.041031837463378906,138.22705078125,87.59947204589844,9
Flickr30K/4265806100.jpg,/content/Image_captioning_Local/Flickr30K/flickr30k_images/flickr30k_images/4265806100.jpg,person,0.44836798310279846,325.6383972167969,244.60162353515625,375.0,433.5318603515625,9
Flickr30K/4265806100.jpg,/content/Image_captioning_Local/Flickr30K/flickr30k_images/flickr30k_images/4265806100.jpg,person,0.2928505837917328,325.2424621582031,116.76988220214844,375.0,433.1107177734375,9
Flickr30K/4266278775.jpg,/content/Image_captioning_Local/Flickr30K/flickr30k_images/flickr30k_images/4266278775.jpg,person,0.9427998661994934,0.9323596954345703,33.869232177734375,295.1748046875,371.5498352050781,1
Flickr30K/4266910970.jpg,/content/Image_captioning_Local/Flickr30K/flickr30k_images/flickr30k_images/4266910970.jpg,person,0.9401710033416748,194.04486083984375,91.92890930175781,325.8157653808594,329.6146240234375,8
Flickr30K/4266910970.jpg,/content/Image_captioning_Local/Flickr30K/flickr30k_images/flickr30k_images/4266910970.jpg,person,0.872786819934845,166.5423126220703,173.16026306152344,221.71299743652344,294.6355895996094,8
Flickr30K/4266910970.jpg,/content/Image_captioning_Local/Flickr30K/flickr30k_images/flickr30k_images/4266910970.jpg,person,0.8718972206115723,30.331098556518555,44.914329528808594,158.52313232421875,327.23284912109375,8
Flickr30K/4266910970.jpg,/content/Image_captioning_Local/Flickr30K/flickr30k_images/flickr30k_images/4266910970.jpg,tv,0.7805827856063843,472.5916748046875,214.45660400390625,499.863525390625,331.7596435546875,8
Flickr30K/4266910970.jpg,/content/Image_captioning_Local/Flickr30K/flickr30k_images/flickr30k_images/4266910970.jpg,cup,0.33973821997642517,196.26141357421875,179.59561157226562,212.9080810546875,205.34243774414062,8
Flickr30K/4266910970.jpg,/content/Image_captioning_Local/Flickr30K/flickr30k_images/flickr30k_images/4266910970.jpg,cup,0.2972694933414459,196.6865234375,179.77967834472656,212.44227600097656,192.7468719482422,8
Flickr30K/4266910970.jpg,/content/Image_captioning_Local/Flickr30K/flickr30k_images/flickr30k_images/4266910970.jpg,chair,0.28271961212158203,0.18852949142456055,131.55580139160156,135.6440887451172,329.9344177246094,8
Flickr30K/4266910970.jpg,/content/Image_captioning_Local/Flickr30K/flickr30k_images/flickr30k_images/4266910970.jpg,chair,0.27928030490875244,339.7508544921875,126.6062240600586,499.62261962890625,331.2533874511719,8
Flickr30K/4267206607.jpg,/content/Image_captioning_Local/Flickr30K/flickr30k_images/flickr30k_images/4267206607.jpg,person,0.9316636323928833,270.7062683105469,156.22381591796875,464.76568603515625,407.0732727050781,3
Flickr30K/4267206607.jpg,/content/Image_captioning_Local/Flickr30K/flickr30k_images/flickr30k_images/4267206607.jpg,person,0.9143869876861572,144.2681884765625,155.72166442871094,299.2176513671875,407.77911376953125,3
Flickr30K/4267206607.jpg,/content/Image_captioning_Local/Flickr30K/flickr30k_images/flickr30k_images/4267206607.jpg,cup,0.5593128800392151,249.73736572265625,263.3048400878906,271.9140930175781,304.5254821777344,3
Flickr30K/4267208325.jpg,/content/Image_captioning_Local/Flickr30K/flickr30k_images/flickr30k_images/4267208325.jpg,person,0.9123041033744812,256.53466796875,11.452150344848633,499.2862243652344,353.1832580566406,10
Flickr30K/4267208325.jpg,/content/Image_captioning_Local/Flickr30K/flickr30k_images/flickr30k_images/4267208325.jpg,wine glass,0.8917063474655151,345.6528625488281,254.136474609375,373.9789123535156,299.7650146484375,10
Flickr30K/4267208325.jpg,/content/Image_captioning_Local/Flickr30K/flickr30k_images/flickr30k_images/4267208325.jpg,person,0.8761751651763916,8.929693222045898,94.62364959716797,110.2725830078125,240.80343627929688,10
Flickr30K/4267208325.jpg,/content/Image_captioning_Local/Flickr30K/flickr30k_images/flickr30k_images/4267208325.jpg,person,0.8658840656280518,94.45679473876953,124.21412658691406,284.20098876953125,353.3240661621094,10
Flickr30K/4267208325.jpg,/content/Image_captioning_Local/Flickr30K/flickr30k_images/flickr30k_images/4267208325.jpg,chair,0.8139059543609619,25.011825561523438,239.400390625,161.79122924804688,356.0465393066406,10
Flickr30K/4267208325.jpg,/content/Image_captioning_Local/Flickr30K/flickr30k_images/flickr30k_images/4267208325.jpg,wine glass,0.6124679446220398,215.33665466308594,169.89846801757812,242.3636016845703,229.5052490234375,10
Flickr30K/4267208325.jpg,/content/Image_captioning_Local/Flickr30K/flickr30k_images/flickr30k_images/4267208325.jpg,person,0.604580283164978,241.0540313720703,117.25434875488281,330.43902587890625,265.9391784667969,10
Flickr30K/4267208325.jpg,/content/Image_captioning_Local/Flickr30K/flickr30k_images/flickr30k_images/4267208325.jpg,person,0.4325689375400543,0.12475252151489258,248.4283905029297,31.979257583618164,357.586669921875,10
Flickr30K/4267208325.jpg,/content/Image_captioning_Local/Flickr30K/flickr30k_images/flickr30k_images/4267208325.jpg,dining table,0.3277210295200348,276.22723388671875,262.26190185546875,398.28668212890625,319.86212158203125,10
Flickr30K/4267208325.jpg,/content/Image_captioning_Local/Flickr30K/flickr30k_images/flickr30k_images/4267208325.jpg,wine glass,0.2861998379230499,215.2879180908203,169.51260375976562,253.81121826171875,229.63128662109375,10
Flickr30K/4267222130.jpg,/content/Image_captioning_Local/Flickr30K/flickr30k_images/flickr30k_images/4267222130.jpg,person,0.8117433786392212,262.40118408203125,146.844482421875,291.7291564941406,241.471435546875,6
Flickr30K/4267222130.jpg,/content/Image_captioning_Local/Flickr30K/flickr30k_images/flickr30k_images/4267222130.jpg,person,0.7506120204925537,296.537109375,169.66603088378906,319.9309387207031,241.90257263183594,6
Flickr30K/4267222130.jpg,/content/Image_captioning_Local/Flickr30K/flickr30k_images/flickr30k_images/4267222130.jpg,person,0.652485191822052,355.1117858886719,179.9508056640625,388.1068115234375,284.7483215332031,6
Flickr30K/4267222130.jpg,/content/Image_captioning_Local/Flickr30K/flickr30k_images/flickr30k_images/4267222130.jpg,person,0.5973643064498901,197.55430603027344,159.0739288330078,234.51589965820312,246.98019409179688,6
Flickr30K/4267222130.jpg,/content/Image_captioning_Local/Flickr30K/flickr30k_images/flickr30k_images/4267222130.jpg,person,0.3694102466106415,203.6709747314453,160.54115295410156,269.6829833984375,261.97857666015625,6
Flickr30K/4267222130.jpg,/content/Image_captioning_Local/Flickr30K/flickr30k_images/flickr30k_images/4267222130.jpg,person,0.3594532907009125,235.91189575195312,160.96310424804688,270.0534362792969,260.92266845703125,6
Flickr30K/4267417965.jpg,/content/Image_captioning_Local/Flickr30K/flickr30k_images/flickr30k_images/4267417965.jpg,person,0.9460051655769348,141.26353454589844,21.335124969482422,302.2432861328125,175.13546752929688,3
Flickr30K/4267417965.jpg,/content/Image_captioning_Local/Flickr30K/flickr30k_images/flickr30k_images/4267417965.jpg,bench,0.858117401599884,460.12359619140625,265.83050537109375,499.84698486328125,296.87994384765625,3
Flickr30K/4267417965.jpg,/content/Image_captioning_Local/Flickr30K/flickr30k_images/flickr30k_images/4267417965.jpg,skateboard,0.8243843913078308,199.42848205566406,161.03456115722656,270.7476501464844,189.23175048828125,3
Flickr30K/4267614055.jpg,/content/Image_captioning_Local/Flickr30K/flickr30k_images/flickr30k_images/4267614055.jpg,person,0.9143748879432678,122.16413879394531,42.70354461669922,309.83905029296875,333.2861022949219,10
Flickr30K/4267614055.jpg,/content/Image_captioning_Local/Flickr30K/flickr30k_images/flickr30k_images/4267614055.jpg,person,0.8862272500991821,0.056868791580200195,0.4180431365966797,93.16349792480469,298.5058288574219,10
Flickr30K/4267614055.jpg,/content/Image_captioning_Local/Flickr30K/flickr30k_images/flickr30k_images/4267614055.jpg,person,0.852348804473877,270.36962890625,45.944427490234375,332.39593505859375,251.0955047607422,10
Flickr30K/4267614055.jpg,/content/Image_captioning_Local/Flickr30K/flickr30k_images/flickr30k_images/4267614055.jpg,bench,0.6719662547111511,400.54296875,79.09166717529297,468.0299377441406,168.90084838867188,10
Flickr30K/4267614055.jpg,/content/Image_captioning_Local/Flickr30K/flickr30k_images/flickr30k_images/4267614055.jpg,person,0.667118489742279,61.83056640625,0.1728057861328125,197.10400390625,272.729248046875,10
Flickr30K/4267614055.jpg,/content/Image_captioning_Local/Flickr30K/flickr30k_images/flickr30k_images/4267614055.jpg,person,0.6562145948410034,416.3544616699219,62.738609313964844,499.2402038574219,169.0002899169922,10
Flickr30K/4267614055.jpg,/content/Image_captioning_Local/Flickr30K/flickr30k_images/flickr30k_images/4267614055.jpg,person,0.5665848851203918,477.43731689453125,72.52433013916016,499.8045959472656,116.46959686279297,10
Flickr30K/4267614055.jpg,/content/Image_captioning_Local/Flickr30K/flickr30k_images/flickr30k_images/4267614055.jpg,person,0.473226398229599,152.9105224609375,10.006916046142578,200.78591918945312,102.04597473144531,10
Flickr30K/4267614055.jpg,/content/Image_captioning_Local/Flickr30K/flickr30k_images/flickr30k_images/4267614055.jpg,person,0.3551602363586426,61.755245208740234,0.5121707916259766,167.83172607421875,172.42112731933594,10
Flickr30K/4267614055.jpg,/content/Image_captioning_Local/Flickr30K/flickr30k_images/flickr30k_images/4267614055.jpg,person,0.32512223720550537,437.7786560058594,73.86285400390625,499.8708801269531,167.14688110351562,10
Flickr30K/4267992897.jpg,/content/Image_captioning_Local/Flickr30K/flickr30k_images/flickr30k_images/4267992897.jpg,person,0.92530357837677,282.0614929199219,94.39252471923828,471.20953369140625,322.3695373535156,3
Flickr30K/4267992897.jpg,/content/Image_captioning_Local/Flickr30K/flickr30k_images/flickr30k_images/4267992897.jpg,person,0.8690014481544495,55.34397506713867,52.434444427490234,182.52069091796875,309.5367431640625,3
Flickr30K/4267992897.jpg,/content/Image_captioning_Local/Flickr30K/flickr30k_images/flickr30k_images/4267992897.jpg,suitcase,0.6242783665657043,203.0118408203125,274.3734436035156,316.1668395996094,324.2460632324219,3
Flickr30K/426805536.jpg,/content/Image_captioning_Local/Flickr30K/flickr30k_images/flickr30k_images/426805536.jpg,person,0.9163302779197693,98.57535552978516,66.87965393066406,260.7409362792969,270.95574951171875,2
Flickr30K/426805536.jpg,/content/Image_captioning_Local/Flickr30K/flickr30k_images/flickr30k_images/426805536.jpg,backpack,0.4604775011539459,11.053466796875,124.97956848144531,89.03946685791016,182.630126953125,2
Flickr30K/4268234398.jpg,/content/Image_captioning_Local/Flickr30K/flickr30k_images/flickr30k_images/4268234398.jpg,person,0.9021948575973511,228.5807647705078,254.38299560546875,281.7160949707031,420.6128234863281,8
Flickr30K/4268234398.jpg,/content/Image_captioning_Local/Flickr30K/flickr30k_images/flickr30k_images/4268234398.jpg,person,0.8201755881309509,288.2851257324219,241.3185577392578,339.53375244140625,423.1816711425781,8
Flickr30K/4268234398.jpg,/content/Image_captioning_Local/Flickr30K/flickr30k_images/flickr30k_images/4268234398.jpg,motorcycle,0.5683821439743042,149.1568603515625,284.46527099609375,231.70457458496094,367.7049255371094,8
Flickr30K/4268234398.jpg,/content/Image_captioning_Local/Flickr30K/flickr30k_images/flickr30k_images/4268234398.jpg,potted plant,0.5572199821472168,0.1567542552947998,221.44970703125,67.35717010498047,458.461181640625,8
Flickr30K/4268234398.jpg,/content/Image_captioning_Local/Flickr30K/flickr30k_images/flickr30k_images/4268234398.jpg,potted plant,0.47364866733551025,402.8460388183594,223.5037841796875,494.4971923828125,499.4202575683594,8
Flickr30K/4268234398.jpg,/content/Image_captioning_Local/Flickr30K/flickr30k_images/flickr30k_images/4268234398.jpg,bicycle,0.4097502529621124,266.8856201171875,300.808349609375,294.10357666015625,358.3564758300781,8
Flickr30K/4268234398.jpg,/content/Image_captioning_Local/Flickr30K/flickr30k_images/flickr30k_images/4268234398.jpg,potted plant,0.30631980299949646,305.4556884765625,191.36819458007812,419.9171447753906,498.4391174316406,8
Flickr30K/4268234398.jpg,/content/Image_captioning_Local/Flickr30K/flickr30k_images/flickr30k_images/4268234398.jpg,potted plant,0.2847449481487274,0.06858110427856445,163.10491943359375,158.6498565673828,453.6764221191406,8
Flickr30K/4268242266.jpg,/content/Image_captioning_Local/Flickr30K/flickr30k_images/flickr30k_images/4268242266.jpg,person,0.8763576149940491,307.7924499511719,194.6420135498047,385.6057434082031,357.8258972167969,5
Flickr30K/4268242266.jpg,/content/Image_captioning_Local/Flickr30K/flickr30k_images/flickr30k_images/4268242266.jpg,person,0.870099663734436,201.09071350097656,188.61167907714844,255.6488037109375,322.7923583984375,5
Flickr30K/4268242266.jpg,/content/Image_captioning_Local/Flickr30K/flickr30k_images/flickr30k_images/4268242266.jpg,person,0.563684344291687,82.97028350830078,196.82574462890625,109.2950439453125,297.6241455078125,5
Flickr30K/4268242266.jpg,/content/Image_captioning_Local/Flickr30K/flickr30k_images/flickr30k_images/4268242266.jpg,person,0.5250047445297241,234.447998046875,189.17930603027344,315.82177734375,385.1873474121094,5
Flickr30K/4268242266.jpg,/content/Image_captioning_Local/Flickr30K/flickr30k_images/flickr30k_images/4268242266.jpg,person,0.38499611616134644,263.4306335449219,120.56503295898438,286.1204528808594,161.6710968017578,5
Flickr30K/4268485193.jpg,/content/Image_captioning_Local/Flickr30K/flickr30k_images/flickr30k_images/4268485193.jpg,person,0.9120951890945435,241.38912963867188,91.25547790527344,312.6536865234375,293.1138000488281,12
Flickr30K/4268485193.jpg,/content/Image_captioning_Local/Flickr30K/flickr30k_images/flickr30k_images/4268485193.jpg,person,0.8911970853805542,345.85418701171875,148.87686157226562,409.1927490234375,241.46939086914062,12
Flickr30K/4268485193.jpg,/content/Image_captioning_Local/Flickr30K/flickr30k_images/flickr30k_images/4268485193.jpg,person,0.8298828601837158,81.74266052246094,107.76992797851562,141.69973754882812,278.05267333984375,12
Flickr30K/4268485193.jpg,/content/Image_captioning_Local/Flickr30K/flickr30k_images/flickr30k_images/4268485193.jpg,person,0.6745253205299377,421.9895935058594,161.62757873535156,451.75177001953125,239.78395080566406,12
Flickr30K/4268485193.jpg,/content/Image_captioning_Local/Flickr30K/flickr30k_images/flickr30k_images/4268485193.jpg,bicycle,0.5744364857673645,132.70156860351562,177.95114135742188,202.24566650390625,241.56817626953125,12
Flickr30K/4268485193.jpg,/content/Image_captioning_Local/Flickr30K/flickr30k_images/flickr30k_images/4268485193.jpg,chair,0.5219970941543579,370.2400817871094,190.7124786376953,418.0233459472656,243.99269104003906,12
Flickr30K/4268485193.jpg,/content/Image_captioning_Local/Flickr30K/flickr30k_images/flickr30k_images/4268485193.jpg,bicycle,0.48531287908554077,47.18546676635742,157.66053771972656,121.99356842041016,253.88912963867188,12
Flickr30K/4268485193.jpg,/content/Image_captioning_Local/Flickr30K/flickr30k_images/flickr30k_images/4268485193.jpg,bicycle,0.4794032573699951,221.2317657470703,201.00457763671875,298.1705322265625,290.3575744628906,12
Flickr30K/4268485193.jpg,/content/Image_captioning_Local/Flickr30K/flickr30k_images/flickr30k_images/4268485193.jpg,bicycle,0.45536625385284424,48.57356643676758,166.87411499023438,202.37808227539062,257.0877990722656,12
Flickr30K/4268485193.jpg,/content/Image_captioning_Local/Flickr30K/flickr30k_images/flickr30k_images/4268485193.jpg,person,0.44869664311408997,346.5343933105469,129.76321411132812,378.8468933105469,197.26095581054688,12
Flickr30K/4268485193.jpg,/content/Image_captioning_Local/Flickr30K/flickr30k_images/flickr30k_images/4268485193.jpg,bicycle,0.41077423095703125,47.90653991699219,155.4148712158203,202.6377716064453,320.0382080078125,12
Flickr30K/4268485193.jpg,/content/Image_captioning_Local/Flickr30K/flickr30k_images/flickr30k_images/4268485193.jpg,bicycle,0.3501136302947998,412.942138671875,112.48526763916016,499.6923522949219,193.44998168945312,12
Flickr30K/4268831069.jpg,/content/Image_captioning_Local/Flickr30K/flickr30k_images/flickr30k_images/4268831069.jpg,person,0.9186052680015564,1.5920162200927734,67.09449005126953,75.03115844726562,260.0966796875,7
Flickr30K/4268831069.jpg,/content/Image_captioning_Local/Flickr30K/flickr30k_images/flickr30k_images/4268831069.jpg,person,0.9129428267478943,68.44453430175781,64.46842956542969,173.48899841308594,249.73764038085938,7
Flickr30K/4268831069.jpg,/content/Image_captioning_Local/Flickr30K/flickr30k_images/flickr30k_images/4268831069.jpg,motorcycle,0.834872841835022,62.477684020996094,153.5264892578125,196.53887939453125,293.1854248046875,7
Flickr30K/4268831069.jpg,/content/Image_captioning_Local/Flickr30K/flickr30k_images/flickr30k_images/4268831069.jpg,person,0.816046953201294,375.82598876953125,81.44453430175781,446.4566345214844,228.4315185546875,7
Flickr30K/4268831069.jpg,/content/Image_captioning_Local/Flickr30K/flickr30k_images/flickr30k_images/4268831069.jpg,person,0.6629876494407654,322.4957580566406,160.2267303466797,348.0552062988281,228.79286193847656,7
Flickr30K/4268831069.jpg,/content/Image_captioning_Local/Flickr30K/flickr30k_images/flickr30k_images/4268831069.jpg,motorcycle,0.6008223295211792,340.553955078125,141.49603271484375,454.7733154296875,243.93772888183594,7
Flickr30K/4268831069.jpg,/content/Image_captioning_Local/Flickr30K/flickr30k_images/flickr30k_images/4268831069.jpg,motorcycle,0.5230039954185486,262.2607116699219,195.2320556640625,286.7993469238281,222.00689697265625,7
Flickr30K/4268878033.jpg,/content/Image_captioning_Local/Flickr30K/flickr30k_images/flickr30k_images/4268878033.jpg,person,0.8914185762405396,48.14067077636719,192.21302795410156,161.7287139892578,284.7851867675781,13
Flickr30K/4268878033.jpg,/content/Image_captioning_Local/Flickr30K/flickr30k_images/flickr30k_images/4268878033.jpg,person,0.8723098039627075,145.07034301757812,233.35084533691406,258.7724609375,332.8497009277344,13
Flickr30K/4268878033.jpg,/content/Image_captioning_Local/Flickr30K/flickr30k_images/flickr30k_images/4268878033.jpg,person,0.8547146320343018,295.3518981933594,89.05510711669922,385.4333801269531,301.8121337890625,13
Flickr30K/4268878033.jpg,/content/Image_captioning_Local/Flickr30K/flickr30k_images/flickr30k_images/4268878033.jpg,person,0.7834944128990173,235.99867248535156,178.60777282714844,297.1784973144531,278.32427978515625,13
Flickr30K/4268878033.jpg,/content/Image_captioning_Local/Flickr30K/flickr30k_images/flickr30k_images/4268878033.jpg,person,0.6921049356460571,169.15286254882812,187.61329650878906,206.18975830078125,240.49610900878906,13
Flickr30K/4268878033.jpg,/content/Image_captioning_Local/Flickr30K/flickr30k_images/flickr30k_images/4268878033.jpg,person,0.6169065237045288,10.788248062133789,165.41238403320312,47.53343963623047,216.8668212890625,13
Flickr30K/4268878033.jpg,/content/Image_captioning_Local/Flickr30K/flickr30k_images/flickr30k_images/4268878033.jpg,person,0.5557836890220642,144.2279052734375,199.26739501953125,171.8596649169922,252.16026306152344,13
Flickr30K/4268878033.jpg,/content/Image_captioning_Local/Flickr30K/flickr30k_images/flickr30k_images/4268878033.jpg,person,0.5037016868591309,439.09393310546875,152.18972778320312,499.88818359375,321.8517761230469,13
Flickr30K/4268878033.jpg,/content/Image_captioning_Local/Flickr30K/flickr30k_images/flickr30k_images/4268878033.jpg,person,0.4521392285823822,375.9854736328125,183.29324340820312,412.0415344238281,239.93215942382812,13
Flickr30K/4268878033.jpg,/content/Image_captioning_Local/Flickr30K/flickr30k_images/flickr30k_images/4268878033.jpg,person,0.44964534044265747,220.25070190429688,201.45010375976562,250.1339874267578,252.61302185058594,13
Flickr30K/4268878033.jpg,/content/Image_captioning_Local/Flickr30K/flickr30k_images/flickr30k_images/4268878033.jpg,person,0.4355563521385193,203.4180145263672,216.8062744140625,264.3200378417969,289.6614685058594,13
Flickr30K/4268878033.jpg,/content/Image_captioning_Local/Flickr30K/flickr30k_images/flickr30k_images/4268878033.jpg,chair,0.41545623540878296,1.3630658388137817,132.59078979492188,29.440509796142578,180.3446044921875,13
Flickr30K/4268878033.jpg,/content/Image_captioning_Local/Flickr30K/flickr30k_images/flickr30k_images/4268878033.jpg,person,0.29099541902542114,32.58110809326172,157.30447387695312,43.57389831542969,182.10572814941406,13
Flickr30K/426920445.jpg,/content/Image_captioning_Local/Flickr30K/flickr30k_images/flickr30k_images/426920445.jpg,dog,0.9567267894744873,170.5491485595703,73.62438201904297,361.5386047363281,322.6041259765625,1
Flickr30K/4269551560.jpg,/content/Image_captioning_Local/Flickr30K/flickr30k_images/flickr30k_images/4269551560.jpg,person,0.9192097783088684,204.8697052001953,64.98297119140625,499.25360107421875,264.09930419921875,1
Flickr30K/4269809096.jpg,/content/Image_captioning_Local/Flickr30K/flickr30k_images/flickr30k_images/4269809096.jpg,person,0.8318617939949036,196.8721160888672,282.6780700683594,213.11985778808594,320.1429443359375,2
Flickr30K/4269809096.jpg,/content/Image_captioning_Local/Flickr30K/flickr30k_images/flickr30k_images/4269809096.jpg,person,0.7453547120094299,217.2132568359375,283.7832336425781,230.4390411376953,320.68548583984375,2
Flickr30K/4269882745.jpg,/content/Image_captioning_Local/Flickr30K/flickr30k_images/flickr30k_images/4269882745.jpg,person,0.9265140295028687,88.35348510742188,46.5250129699707,208.2480010986328,299.1972961425781,10
Flickr30K/4269882745.jpg,/content/Image_captioning_Local/Flickr30K/flickr30k_images/flickr30k_images/4269882745.jpg,bicycle,0.867557168006897,179.8240966796875,144.64739990234375,223.52645874023438,241.49407958984375,10
Flickr30K/4269882745.jpg,/content/Image_captioning_Local/Flickr30K/flickr30k_images/flickr30k_images/4269882745.jpg,person,0.8249121308326721,274.513916015625,99.21197509765625,317.7737121582031,222.27316284179688,10
Flickr30K/4269882745.jpg,/content/Image_captioning_Local/Flickr30K/flickr30k_images/flickr30k_images/4269882745.jpg,bird,0.8118517994880676,291.06439208984375,164.91384887695312,447.34185791015625,274.9920349121094,10
Flickr30K/4269882745.jpg,/content/Image_captioning_Local/Flickr30K/flickr30k_images/flickr30k_images/4269882745.jpg,person,0.4290710687637329,411.7535705566406,144.92510986328125,463.56268310546875,202.7690887451172,10
Flickr30K/4269882745.jpg,/content/Image_captioning_Local/Flickr30K/flickr30k_images/flickr30k_images/4269882745.jpg,person,0.4256877601146698,352.5747375488281,137.65830993652344,374.5428466796875,175.8748016357422,10
Flickr30K/4269882745.jpg,/content/Image_captioning_Local/Flickr30K/flickr30k_images/flickr30k_images/4269882745.jpg,person,0.35943594574928284,45.74617004394531,127.14118957519531,66.32421875,143.08226013183594,10
Flickr30K/4269882745.jpg,/content/Image_captioning_Local/Flickr30K/flickr30k_images/flickr30k_images/4269882745.jpg,person,0.34098711609840393,21.878238677978516,130.06112670898438,32.46139144897461,142.3483428955078,10
Flickr30K/4269882745.jpg,/content/Image_captioning_Local/Flickr30K/flickr30k_images/flickr30k_images/4269882745.jpg,person,0.2547656297683716,410.8221130371094,145.39285278320312,448.5448913574219,202.31675720214844,10
Flickr30K/4269882745.jpg,/content/Image_captioning_Local/Flickr30K/flickr30k_images/flickr30k_images/4269882745.jpg,bench,0.25290533900260925,436.3389892578125,163.79721069335938,499.7958984375,204.46726989746094,10
Flickr30K/426994291.jpg,/content/Image_captioning_Local/Flickr30K/flickr30k_images/flickr30k_images/426994291.jpg,person,0.9147894978523254,90.22952270507812,176.3927459716797,175.4601593017578,372.9134521484375,5
Flickr30K/426994291.jpg,/content/Image_captioning_Local/Flickr30K/flickr30k_images/flickr30k_images/426994291.jpg,person,0.9042227268218994,390.9571533203125,157.16790771484375,494.2438049316406,372.8743591308594,5
Flickr30K/426994291.jpg,/content/Image_captioning_Local/Flickr30K/flickr30k_images/flickr30k_images/426994291.jpg,person,0.752941906452179,312.48895263671875,261.604248046875,375.3403625488281,374.4274597167969,5
Flickr30K/426994291.jpg,/content/Image_captioning_Local/Flickr30K/flickr30k_images/flickr30k_images/426994291.jpg,handbag,0.7204798460006714,345.2153625488281,300.84686279296875,406.1967468261719,375.0,5
Flickr30K/426994291.jpg,/content/Image_captioning_Local/Flickr30K/flickr30k_images/flickr30k_images/426994291.jpg,traffic light,0.48707130551338196,260.1075439453125,283.5457458496094,267.6917419433594,304.879150390625,5
Flickr30K/4270148661.jpg,/content/Image_captioning_Local/Flickr30K/flickr30k_images/flickr30k_images/4270148661.jpg,person,0.9211139678955078,72.86376953125,26.71472930908203,298.4320068359375,311.9336853027344,8
Flickr30K/4270148661.jpg,/content/Image_captioning_Local/Flickr30K/flickr30k_images/flickr30k_images/4270148661.jpg,person,0.8999270796775818,261.5730895996094,4.701757431030273,377.2737121582031,302.2303466796875,8
Flickr30K/4270148661.jpg,/content/Image_captioning_Local/Flickr30K/flickr30k_images/flickr30k_images/4270148661.jpg,person,0.8770114779472351,353.6357116699219,34.0106201171875,450.9169616699219,190.00633239746094,8
Flickr30K/4270148661.jpg,/content/Image_captioning_Local/Flickr30K/flickr30k_images/flickr30k_images/4270148661.jpg,person,0.8374797701835632,0.4264354705810547,293.7492980957031,148.7496337890625,390.9616394042969,8
Flickr30K/4270148661.jpg,/content/Image_captioning_Local/Flickr30K/flickr30k_images/flickr30k_images/4270148661.jpg,person,0.680561900138855,75.97978210449219,45.88738250732422,122.37105560302734,145.55982971191406,8
Flickr30K/4270148661.jpg,/content/Image_captioning_Local/Flickr30K/flickr30k_images/flickr30k_images/4270148661.jpg,person,0.6471467018127441,93.62206268310547,11.619019508361816,198.07125854492188,182.93016052246094,8
Flickr30K/4270148661.jpg,/content/Image_captioning_Local/Flickr30K/flickr30k_images/flickr30k_images/4270148661.jpg,person,0.5281227827072144,339.6642150878906,51.54533386230469,372.8897705078125,87.3360595703125,8
Flickr30K/4270148661.jpg,/content/Image_captioning_Local/Flickr30K/flickr30k_images/flickr30k_images/4270148661.jpg,bowl,0.2606838047504425,321.9806823730469,296.8615417480469,390.731689453125,319.0793151855469,8
Flickr30K/4270193435.jpg,/content/Image_captioning_Local/Flickr30K/flickr30k_images/flickr30k_images/4270193435.jpg,person,0.9201038479804993,356.8059997558594,121.43802642822266,408.172607421875,251.76409912109375,16
Flickr30K/4270193435.jpg,/content/Image_captioning_Local/Flickr30K/flickr30k_images/flickr30k_images/4270193435.jpg,motorcycle,0.8944985270500183,167.7198944091797,160.96043395996094,265.5225830078125,265.7694396972656,16
Flickr30K/4270193435.jpg,/content/Image_captioning_Local/Flickr30K/flickr30k_images/flickr30k_images/4270193435.jpg,car,0.8933928608894348,296.3962097167969,152.50010681152344,356.8635559082031,196.19898986816406,16
Flickr30K/4270193435.jpg,/content/Image_captioning_Local/Flickr30K/flickr30k_images/flickr30k_images/4270193435.jpg,person,0.8065720200538635,200.26449584960938,120.4549789428711,255.74574279785156,219.71493530273438,16
Flickr30K/4270193435.jpg,/content/Image_captioning_Local/Flickr30K/flickr30k_images/flickr30k_images/4270193435.jpg,person,0.8012818694114685,262.69720458984375,146.72914123535156,291.3656311035156,196.5057830810547,16
Flickr30K/4270193435.jpg,/content/Image_captioning_Local/Flickr30K/flickr30k_images/flickr30k_images/4270193435.jpg,car,0.7417911291122437,127.48084259033203,153.29319763183594,187.719970703125,205.43482971191406,16
Flickr30K/4270193435.jpg,/content/Image_captioning_Local/Flickr30K/flickr30k_images/flickr30k_images/4270193435.jpg,bus,0.6323413848876953,361.6514587402344,119.42079162597656,421.28753662109375,183.60006713867188,16
Flickr30K/4270193435.jpg,/content/Image_captioning_Local/Flickr30K/flickr30k_images/flickr30k_images/4270193435.jpg,person,0.5636475086212158,35.679447174072266,143.80010986328125,81.93136596679688,227.94918823242188,16
Flickr30K/4270193435.jpg,/content/Image_captioning_Local/Flickr30K/flickr30k_images/flickr30k_images/4270193435.jpg,person,0.5063918828964233,5.902832984924316,150.73556518554688,32.37885284423828,188.8111114501953,16
Flickr30K/4270193435.jpg,/content/Image_captioning_Local/Flickr30K/flickr30k_images/flickr30k_images/4270193435.jpg,truck,0.47618380188941956,0.39473772048950195,116.76371002197266,138.5220947265625,257.7348327636719,16
Flickr30K/4270193435.jpg,/content/Image_captioning_Local/Flickr30K/flickr30k_images/flickr30k_images/4270193435.jpg,motorcycle,0.46580368280410767,255.7687225341797,163.77647399902344,286.1753845214844,207.28504943847656,16
Flickr30K/4270193435.jpg,/content/Image_captioning_Local/Flickr30K/flickr30k_images/flickr30k_images/4270193435.jpg,car,0.45303642749786377,288.9573669433594,148.82435607910156,322.2200622558594,177.32911682128906,16
Flickr30K/4270193435.jpg,/content/Image_captioning_Local/Flickr30K/flickr30k_images/flickr30k_images/4270193435.jpg,person,0.32440298795700073,0.039496272802352905,154.06295776367188,12.110337257385254,195.65045166015625,16
Flickr30K/4270193435.jpg,/content/Image_captioning_Local/Flickr30K/flickr30k_images/flickr30k_images/4270193435.jpg,motorcycle,0.2872936427593231,243.8851776123047,162.77566528320312,285.4377136230469,208.1329803466797,16
Flickr30K/4270193435.jpg,/content/Image_captioning_Local/Flickr30K/flickr30k_images/flickr30k_images/4270193435.jpg,truck,0.26216113567352295,481.2119445800781,136.18536376953125,499.82537841796875,171.24642944335938,16
Flickr30K/4270193435.jpg,/content/Image_captioning_Local/Flickr30K/flickr30k_images/flickr30k_images/4270193435.jpg,car,0.25096064805984497,240.257080078125,145.33372497558594,272.9443054199219,193.2342987060547,16
Flickr30K/427063077.jpg,/content/Image_captioning_Local/Flickr30K/flickr30k_images/flickr30k_images/427063077.jpg,person,0.9428852796554565,12.246227264404297,58.695125579833984,234.80300903320312,330.4376525878906,4
Flickr30K/427063077.jpg,/content/Image_captioning_Local/Flickr30K/flickr30k_images/flickr30k_images/427063077.jpg,person,0.9390376210212708,243.6917724609375,34.350921630859375,444.1820983886719,321.1331481933594,4
Flickr30K/427063077.jpg,/content/Image_captioning_Local/Flickr30K/flickr30k_images/flickr30k_images/427063077.jpg,person,0.7283794283866882,341.7084655761719,276.7346496582031,416.77862548828125,332.6506042480469,4
Flickr30K/427063077.jpg,/content/Image_captioning_Local/Flickr30K/flickr30k_images/flickr30k_images/427063077.jpg,person,0.29086068272590637,413.64111328125,318.8837890625,471.724365234375,332.9053039550781,4
Flickr30K/4270731854.jpg,/content/Image_captioning_Local/Flickr30K/flickr30k_images/flickr30k_images/4270731854.jpg,person,0.8745297193527222,0.08662939071655273,95.94450378417969,153.20498657226562,317.55389404296875,9
Flickr30K/4270731854.jpg,/content/Image_captioning_Local/Flickr30K/flickr30k_images/flickr30k_images/4270731854.jpg,person,0.8713060617446899,288.6894836425781,119.43540954589844,499.00640869140625,329.3439025878906,9
Flickr30K/4270731854.jpg,/content/Image_captioning_Local/Flickr30K/flickr30k_images/flickr30k_images/4270731854.jpg,couch,0.793420672416687,0.23851394653320312,95.04624938964844,500.0,330.81121826171875,9
Flickr30K/4270731854.jpg,/content/Image_captioning_Local/Flickr30K/flickr30k_images/flickr30k_images/4270731854.jpg,person,0.7180100679397583,119.75984191894531,6.9053053855896,393.2195739746094,330.28863525390625,9
Flickr30K/4270731854.jpg,/content/Image_captioning_Local/Flickr30K/flickr30k_images/flickr30k_images/4270731854.jpg,laptop,0.5723766684532166,198.0823974609375,183.8081817626953,369.02252197265625,275.2095642089844,9
Flickr30K/4270731854.jpg,/content/Image_captioning_Local/Flickr30K/flickr30k_images/flickr30k_images/4270731854.jpg,bottle,0.37979766726493835,343.422607421875,163.03262329101562,384.247314453125,205.61875915527344,9
Flickr30K/4270731854.jpg,/content/Image_captioning_Local/Flickr30K/flickr30k_images/flickr30k_images/4270731854.jpg,cup,0.3662211000919342,343.0117492675781,162.44778442382812,384.8602294921875,205.56927490234375,9
Flickr30K/4270731854.jpg,/content/Image_captioning_Local/Flickr30K/flickr30k_images/flickr30k_images/4270731854.jpg,book,0.2792993187904358,199.61158752441406,184.76690673828125,368.6714172363281,275.2130432128906,9
Flickr30K/4270731854.jpg,/content/Image_captioning_Local/Flickr30K/flickr30k_images/flickr30k_images/4270731854.jpg,couch,0.27644580602645874,273.9818115234375,86.18659973144531,499.6412353515625,331.00469970703125,9
Flickr30K/427082246.jpg,/content/Image_captioning_Local/Flickr30K/flickr30k_images/flickr30k_images/427082246.jpg,person,0.8622087836265564,18.422435760498047,20.300949096679688,308.71624755859375,396.70123291015625,4
Flickr30K/427082246.jpg,/content/Image_captioning_Local/Flickr30K/flickr30k_images/flickr30k_images/427082246.jpg,dog,0.6550561189651489,265.7671813964844,106.58724212646484,455.4226989746094,365.0874938964844,4
Flickr30K/427082246.jpg,/content/Image_captioning_Local/Flickr30K/flickr30k_images/flickr30k_images/427082246.jpg,person,0.3442576229572296,388.5921630859375,165.91978454589844,395.75506591796875,188.85861206054688,4
Flickr30K/427082246.jpg,/content/Image_captioning_Local/Flickr30K/flickr30k_images/flickr30k_images/427082246.jpg,person,0.30472660064697266,457.7184753417969,166.25051879882812,463.4134216308594,184.37986755371094,4
Flickr30K/4270956712.jpg,/content/Image_captioning_Local/Flickr30K/flickr30k_images/flickr30k_images/4270956712.jpg,person,0.9279197454452515,258.8363037109375,87.74564361572266,354.19879150390625,314.7138977050781,14
Flickr30K/4270956712.jpg,/content/Image_captioning_Local/Flickr30K/flickr30k_images/flickr30k_images/4270956712.jpg,person,0.8246645927429199,98.99779510498047,105.62171936035156,130.11082458496094,184.525390625,14
Flickr30K/4270956712.jpg,/content/Image_captioning_Local/Flickr30K/flickr30k_images/flickr30k_images/4270956712.jpg,person,0.8064150810241699,146.76365661621094,101.83086395263672,177.56333923339844,185.21905517578125,14
Flickr30K/4270956712.jpg,/content/Image_captioning_Local/Flickr30K/flickr30k_images/flickr30k_images/4270956712.jpg,person,0.7954699993133545,227.40452575683594,94.68218994140625,262.2530822753906,203.54981994628906,14
Flickr30K/4270956712.jpg,/content/Image_captioning_Local/Flickr30K/flickr30k_images/flickr30k_images/4270956712.jpg,person,0.6569007635116577,86.0841064453125,106.2020263671875,104.1412582397461,177.0972442626953,14
Flickr30K/4270956712.jpg,/content/Image_captioning_Local/Flickr30K/flickr30k_images/flickr30k_images/4270956712.jpg,person,0.6448537111282349,185.0381622314453,111.05342102050781,202.47032165527344,164.15794372558594,14
Flickr30K/4270956712.jpg,/content/Image_captioning_Local/Flickr30K/flickr30k_images/flickr30k_images/4270956712.jpg,bottle,0.5980052351951599,253.70648193359375,201.86166381835938,274.6556091308594,237.21746826171875,14
Flickr30K/4270956712.jpg,/content/Image_captioning_Local/Flickr30K/flickr30k_images/flickr30k_images/4270956712.jpg,person,0.5783392786979675,214.39132690429688,106.8215103149414,227.87513732910156,151.66737365722656,14
Flickr30K/4270956712.jpg,/content/Image_captioning_Local/Flickr30K/flickr30k_images/flickr30k_images/4270956712.jpg,person,0.556692361831665,119.62540435791016,111.29143524169922,134.7644500732422,174.07913208007812,14
Flickr30K/4270956712.jpg,/content/Image_captioning_Local/Flickr30K/flickr30k_images/flickr30k_images/4270956712.jpg,person,0.5080171227455139,315.2323303222656,70.55256652832031,368.9034118652344,262.15118408203125,14
Flickr30K/4270956712.jpg,/content/Image_captioning_Local/Flickr30K/flickr30k_images/flickr30k_images/4270956712.jpg,person,0.4676401615142822,165.92263793945312,106.99894714355469,181.5165557861328,180.43386840820312,14
Flickr30K/4270956712.jpg,/content/Image_captioning_Local/Flickr30K/flickr30k_images/flickr30k_images/4270956712.jpg,handbag,0.33248159289360046,168.58651733398438,131.81283569335938,181.6443634033203,158.0146484375,14
Flickr30K/4270956712.jpg,/content/Image_captioning_Local/Flickr30K/flickr30k_images/flickr30k_images/4270956712.jpg,person,0.31357985734939575,315.2727966308594,70.54719543457031,368.33685302734375,186.80455017089844,14
Flickr30K/4270956712.jpg,/content/Image_captioning_Local/Flickr30K/flickr30k_images/flickr30k_images/4270956712.jpg,person,0.254905104637146,263.7069091796875,108.31178283691406,283.6191711425781,147.51499938964844,14
Flickr30K/4271121531.jpg,/content/Image_captioning_Local/Flickr30K/flickr30k_images/flickr30k_images/4271121531.jpg,person,0.8650214672088623,128.43299865722656,86.12857055664062,420.4290771484375,402.75762939453125,2
Flickr30K/4271121531.jpg,/content/Image_captioning_Local/Flickr30K/flickr30k_images/flickr30k_images/4271121531.jpg,chair,0.3965117037296295,364.9029846191406,34.090579986572266,499.61395263671875,381.86077880859375,2
Flickr30K/4271287940.jpg,/content/Image_captioning_Local/Flickr30K/flickr30k_images/flickr30k_images/4271287940.jpg,person,0.9213100075721741,209.91583251953125,37.93133544921875,369.5208435058594,163.5691680908203,4
Flickr30K/4271287940.jpg,/content/Image_captioning_Local/Flickr30K/flickr30k_images/flickr30k_images/4271287940.jpg,surfboard,0.91180419921875,178.6363525390625,116.52188110351562,342.1193542480469,213.28854370117188,4
Flickr30K/4271287940.jpg,/content/Image_captioning_Local/Flickr30K/flickr30k_images/flickr30k_images/4271287940.jpg,person,0.8052180409431458,98.08900451660156,145.2650604248047,124.57320404052734,212.3115997314453,4
Flickr30K/4271287940.jpg,/content/Image_captioning_Local/Flickr30K/flickr30k_images/flickr30k_images/4271287940.jpg,person,0.7631605267524719,63.494407653808594,145.2003173828125,92.60955810546875,209.8675537109375,4
Flickr30K/4271288402.jpg,/content/Image_captioning_Local/Flickr30K/flickr30k_images/flickr30k_images/4271288402.jpg,person,0.9302658438682556,143.3604278564453,4.634356498718262,331.3178405761719,234.05392456054688,1
Flickr30K/4271298554.jpg,/content/Image_captioning_Local/Flickr30K/flickr30k_images/flickr30k_images/4271298554.jpg,person,0.848922073841095,137.27684020996094,111.46015930175781,390.228271484375,287.2584228515625,3
Flickr30K/4271298554.jpg,/content/Image_captioning_Local/Flickr30K/flickr30k_images/flickr30k_images/4271298554.jpg,skateboard,0.6819400787353516,103.32052612304688,57.799076080322266,258.5641784667969,315.94061279296875,3
Flickr30K/4271298554.jpg,/content/Image_captioning_Local/Flickr30K/flickr30k_images/flickr30k_images/4271298554.jpg,snowboard,0.4395504593849182,103.03811645507812,57.35418701171875,257.2615966796875,316.88958740234375,3
Flickr30K/4271560578.jpg,/content/Image_captioning_Local/Flickr30K/flickr30k_images/flickr30k_images/4271560578.jpg,person,0.58678138256073,128.49102783203125,103.35906982421875,167.51107788085938,157.62429809570312,3
Flickr30K/4271560578.jpg,/content/Image_captioning_Local/Flickr30K/flickr30k_images/flickr30k_images/4271560578.jpg,person,0.4904305636882782,113.05995178222656,103.32315063476562,167.42066955566406,159.17666625976562,3
Flickr30K/4271560578.jpg,/content/Image_captioning_Local/Flickr30K/flickr30k_images/flickr30k_images/4271560578.jpg,bicycle,0.4655979871749878,83.49938201904297,136.97586059570312,157.9242706298828,197.1343994140625,3
Flickr30K/427167162.jpg,/content/Image_captioning_Local/Flickr30K/flickr30k_images/flickr30k_images/427167162.jpg,person,0.8901249766349792,84.88969421386719,133.91432189941406,198.37841796875,270.0810852050781,9
Flickr30K/427167162.jpg,/content/Image_captioning_Local/Flickr30K/flickr30k_images/flickr30k_images/427167162.jpg,person,0.8405991792678833,384.3455810546875,109.17311096191406,434.2430725097656,205.09291076660156,9
Flickr30K/427167162.jpg,/content/Image_captioning_Local/Flickr30K/flickr30k_images/flickr30k_images/427167162.jpg,person,0.821742594242096,422.0039367675781,108.88570404052734,460.92718505859375,196.41127014160156,9
Flickr30K/427167162.jpg,/content/Image_captioning_Local/Flickr30K/flickr30k_images/flickr30k_images/427167162.jpg,person,0.7721610069274902,306.5860290527344,105.01229858398438,355.923828125,259.0388488769531,9
Flickr30K/427167162.jpg,/content/Image_captioning_Local/Flickr30K/flickr30k_images/flickr30k_images/427167162.jpg,person,0.6663131713867188,168.0560760498047,137.95681762695312,264.5268859863281,273.2113037109375,9
Flickr30K/427167162.jpg,/content/Image_captioning_Local/Flickr30K/flickr30k_images/flickr30k_images/427167162.jpg,person,0.6030354499816895,350.6002502441406,130.40919494628906,395.8342590332031,260.5505065917969,9
Flickr30K/427167162.jpg,/content/Image_captioning_Local/Flickr30K/flickr30k_images/flickr30k_images/427167162.jpg,person,0.4968380630016327,224.98312377929688,111.94163513183594,315.8408508300781,238.4368896484375,9
Flickr30K/427167162.jpg,/content/Image_captioning_Local/Flickr30K/flickr30k_images/flickr30k_images/427167162.jpg,truck,0.4179422855377197,0.04405081272125244,114.51187133789062,24.803903579711914,329.13604736328125,9
Flickr30K/427167162.jpg,/content/Image_captioning_Local/Flickr30K/flickr30k_images/flickr30k_images/427167162.jpg,backpack,0.3460872769355774,391.1169738769531,127.97517395019531,433.74127197265625,187.6778564453125,9
Flickr30K/4272403632.jpg,/content/Image_captioning_Local/Flickr30K/flickr30k_images/flickr30k_images/4272403632.jpg,person,0.802498996257782,174.09275817871094,59.27827453613281,319.8023681640625,231.4851531982422,2
Flickr30K/4272403632.jpg,/content/Image_captioning_Local/Flickr30K/flickr30k_images/flickr30k_images/4272403632.jpg,motorcycle,0.7899892330169678,129.8373260498047,103.58890533447266,304.57305908203125,250.22816467285156,2
Flickr30K/4272747342.jpg,/content/Image_captioning_Local/Flickr30K/flickr30k_images/flickr30k_images/4272747342.jpg,person,0.9293484091758728,129.40074157714844,87.405517578125,274.49761962890625,329.965087890625,2
Flickr30K/4272747342.jpg,/content/Image_captioning_Local/Flickr30K/flickr30k_images/flickr30k_images/4272747342.jpg,bottle,0.5106962323188782,21.052587509155273,416.2485046386719,65.68287658691406,499.4743347167969,2
Flickr30K/4272992511.jpg,/content/Image_captioning_Local/Flickr30K/flickr30k_images/flickr30k_images/4272992511.jpg,person,0.9301565885543823,343.1082763671875,104.91456604003906,454.4295349121094,328.7258605957031,9
Flickr30K/4272992511.jpg,/content/Image_captioning_Local/Flickr30K/flickr30k_images/flickr30k_images/4272992511.jpg,person,0.9149448871612549,51.461673736572266,5.32221794128418,183.36444091796875,327.001953125,9
Flickr30K/4272992511.jpg,/content/Image_captioning_Local/Flickr30K/flickr30k_images/flickr30k_images/4272992511.jpg,person,0.907789409160614,241.23483276367188,143.40582275390625,331.16131591796875,328.59173583984375,9
Flickr30K/4272992511.jpg,/content/Image_captioning_Local/Flickr30K/flickr30k_images/flickr30k_images/4272992511.jpg,refrigerator,0.8693033456802368,0.19266605377197266,41.54362487792969,54.37849807739258,329.42462158203125,9
Flickr30K/4272992511.jpg,/content/Image_captioning_Local/Flickr30K/flickr30k_images/flickr30k_images/4272992511.jpg,microwave,0.7877072691917419,194.67831420898438,155.8236083984375,255.39303588867188,197.7918701171875,9
Flickr30K/4272992511.jpg,/content/Image_captioning_Local/Flickr30K/flickr30k_images/flickr30k_images/4272992511.jpg,oven,0.7785691022872925,304.6036682128906,152.81124877929688,382.6184387207031,328.1999206542969,9
Flickr30K/4272992511.jpg,/content/Image_captioning_Local/Flickr30K/flickr30k_images/flickr30k_images/4272992511.jpg,cup,0.5683835744857788,246.7738800048828,181.1928253173828,258.7906188964844,200.92344665527344,9
Flickr30K/4272992511.jpg,/content/Image_captioning_Local/Flickr30K/flickr30k_images/flickr30k_images/4272992511.jpg,bottle,0.2986595332622528,170.25918579101562,164.03826904296875,187.42999267578125,204.49810791015625,9
Flickr30K/4272992511.jpg,/content/Image_captioning_Local/Flickr30K/flickr30k_images/flickr30k_images/4272992511.jpg,bottle,0.29132452607154846,374.74151611328125,161.53445434570312,383.3074951171875,188.48471069335938,9
Flickr30K/427355665.jpg,/content/Image_captioning_Local/Flickr30K/flickr30k_images/flickr30k_images/427355665.jpg,person,0.9329971075057983,339.9256286621094,0.8938789367675781,499.7601013183594,186.28187561035156,8
Flickr30K/427355665.jpg,/content/Image_captioning_Local/Flickr30K/flickr30k_images/flickr30k_images/427355665.jpg,person,0.9286027550697327,0.4790782928466797,14.417123794555664,240.81497192382812,328.17877197265625,8
Flickr30K/427355665.jpg,/content/Image_captioning_Local/Flickr30K/flickr30k_images/flickr30k_images/427355665.jpg,person,0.8853049874305725,409.0191345214844,83.64945983886719,499.794921875,319.3663635253906,8
Flickr30K/427355665.jpg,/content/Image_captioning_Local/Flickr30K/flickr30k_images/flickr30k_images/427355665.jpg,person,0.7918345928192139,169.3206787109375,143.03314208984375,243.04576110839844,202.09548950195312,8
Flickr30K/427355665.jpg,/content/Image_captioning_Local/Flickr30K/flickr30k_images/flickr30k_images/427355665.jpg,chair,0.5515138506889343,433.9273376464844,310.7826843261719,499.76348876953125,332.5202331542969,8
Flickr30K/427355665.jpg,/content/Image_captioning_Local/Flickr30K/flickr30k_images/flickr30k_images/427355665.jpg,chair,0.4074617922306061,324.4743957519531,185.23617553710938,443.7245788574219,308.21484375,8
Flickr30K/427355665.jpg,/content/Image_captioning_Local/Flickr30K/flickr30k_images/flickr30k_images/427355665.jpg,cell phone,0.4024432599544525,119.54316711425781,191.58834838867188,181.63357543945312,223.60586547851562,8
Flickr30K/427355665.jpg,/content/Image_captioning_Local/Flickr30K/flickr30k_images/flickr30k_images/427355665.jpg,chair,0.26592645049095154,244.09451293945312,193.39199829101562,320.96728515625,221.6331024169922,8
Flickr30K/4273698621.jpg,/content/Image_captioning_Local/Flickr30K/flickr30k_images/flickr30k_images/4273698621.jpg,person,0.55051189661026,134.81092834472656,135.35169982910156,244.8303680419922,303.3965148925781,6
Flickr30K/4273698621.jpg,/content/Image_captioning_Local/Flickr30K/flickr30k_images/flickr30k_images/4273698621.jpg,person,0.5384670495986938,133.91189575195312,135.63040161132812,246.36988830566406,470.8549499511719,6
Flickr30K/4273698621.jpg,/content/Image_captioning_Local/Flickr30K/flickr30k_images/flickr30k_images/4273698621.jpg,truck,0.43661168217658997,0.0,246.899658203125,66.69549560546875,480.4363708496094,6
Flickr30K/4273698621.jpg,/content/Image_captioning_Local/Flickr30K/flickr30k_images/flickr30k_images/4273698621.jpg,truck,0.38411474227905273,0.0,261.5123291015625,373.4879455566406,487.1485290527344,6
Flickr30K/4273698621.jpg,/content/Image_captioning_Local/Flickr30K/flickr30k_images/flickr30k_images/4273698621.jpg,suitcase,0.3527921140193939,148.765380859375,298.9283447265625,239.49842834472656,391.7718505859375,6
Flickr30K/4273698621.jpg,/content/Image_captioning_Local/Flickr30K/flickr30k_images/flickr30k_images/4273698621.jpg,person,0.2559497058391571,154.93035888671875,416.1288146972656,246.57473754882812,464.76544189453125,6
Flickr30K/4273711559.jpg,/content/Image_captioning_Local/Flickr30K/flickr30k_images/flickr30k_images/4273711559.jpg,person,0.9080072641372681,57.97224044799805,9.220457077026367,268.7545166015625,473.4310302734375,4
Flickr30K/4273711559.jpg,/content/Image_captioning_Local/Flickr30K/flickr30k_images/flickr30k_images/4273711559.jpg,truck,0.8344494104385376,0.0,57.51628875732422,303.78375244140625,453.8670654296875,4
Flickr30K/4273711559.jpg,/content/Image_captioning_Local/Flickr30K/flickr30k_images/flickr30k_images/4273711559.jpg,truck,0.7144282460212708,281.380615234375,76.13960266113281,375.0,272.94403076171875,4
Flickr30K/4273711559.jpg,/content/Image_captioning_Local/Flickr30K/flickr30k_images/flickr30k_images/4273711559.jpg,car,0.558737576007843,281.4794921875,76.21823120117188,374.947509765625,272.81427001953125,4
Flickr30K/4274035185.jpg,/content/Image_captioning_Local/Flickr30K/flickr30k_images/flickr30k_images/4274035185.jpg,person,0.8826451301574707,145.24464416503906,7.504081726074219,498.7442932128906,369.396484375,4
Flickr30K/4274035185.jpg,/content/Image_captioning_Local/Flickr30K/flickr30k_images/flickr30k_images/4274035185.jpg,tie,0.8724403381347656,314.5459289550781,219.58580017089844,368.3481140136719,313.4678955078125,4
Flickr30K/4274035185.jpg,/content/Image_captioning_Local/Flickr30K/flickr30k_images/flickr30k_images/4274035185.jpg,knife,0.5399823784828186,184.14892578125,166.52688598632812,298.6623840332031,361.0115661621094,4
Flickr30K/4274035185.jpg,/content/Image_captioning_Local/Flickr30K/flickr30k_images/flickr30k_images/4274035185.jpg,person,0.3514266908168793,33.95814895629883,328.4345397949219,204.9152374267578,374.5277404785156,4
Flickr30K/4274214534.jpg,/content/Image_captioning_Local/Flickr30K/flickr30k_images/flickr30k_images/4274214534.jpg,dog,0.9507142305374146,276.4515380859375,185.6438446044922,449.8052978515625,292.7529602050781,2
Flickr30K/4274214534.jpg,/content/Image_captioning_Local/Flickr30K/flickr30k_images/flickr30k_images/4274214534.jpg,person,0.9291293621063232,108.63600158691406,13.446664810180664,208.2074432373047,300.1614990234375,2
Flickr30K/4274269186.jpg,/content/Image_captioning_Local/Flickr30K/flickr30k_images/flickr30k_images/4274269186.jpg,horse,0.9036194086074829,189.18923950195312,229.9917755126953,270.784912109375,295.9309997558594,27
Flickr30K/4274269186.jpg,/content/Image_captioning_Local/Flickr30K/flickr30k_images/flickr30k_images/4274269186.jpg,person,0.7661231756210327,209.61550903320312,214.23516845703125,233.98046875,270.989990234375,27
Flickr30K/4274269186.jpg,/content/Image_captioning_Local/Flickr30K/flickr30k_images/flickr30k_images/4274269186.jpg,person,0.7464133501052856,175.09104919433594,319.8005065917969,198.85780334472656,374.7828369140625,27
Flickr30K/4274269186.jpg,/content/Image_captioning_Local/Flickr30K/flickr30k_images/flickr30k_images/4274269186.jpg,person,0.7385458946228027,196.7171173095703,323.4413757324219,222.6785125732422,374.8497619628906,27
Flickr30K/4274269186.jpg,/content/Image_captioning_Local/Flickr30K/flickr30k_images/flickr30k_images/4274269186.jpg,person,0.7158643007278442,137.07699584960938,316.7890625,163.7288055419922,374.7472839355469,27
Flickr30K/4274269186.jpg,/content/Image_captioning_Local/Flickr30K/flickr30k_images/flickr30k_images/4274269186.jpg,person,0.7091204524040222,49.37093734741211,314.63360595703125,75.50332641601562,374.7270202636719,27
Flickr30K/4274269186.jpg,/content/Image_captioning_Local/Flickr30K/flickr30k_images/flickr30k_images/4274269186.jpg,person,0.7090638279914856,233.5826416015625,214.8699951171875,260.8612060546875,254.080078125,27
Flickr30K/4274269186.jpg,/content/Image_captioning_Local/Flickr30K/flickr30k_images/flickr30k_images/4274269186.jpg,person,0.7040114998817444,267.6834716796875,172.5497283935547,289.7415771484375,211.8732452392578,27
Flickr30K/4274269186.jpg,/content/Image_captioning_Local/Flickr30K/flickr30k_images/flickr30k_images/4274269186.jpg,person,0.6821572184562683,228.4281768798828,328.1819763183594,255.01785278320312,375.0,27
Flickr30K/4274269186.jpg,/content/Image_captioning_Local/Flickr30K/flickr30k_images/flickr30k_images/4274269186.jpg,horse,0.667658269405365,76.0354995727539,191.86773681640625,124.74012756347656,232.97586059570312,27
Flickr30K/4274269186.jpg,/content/Image_captioning_Local/Flickr30K/flickr30k_images/flickr30k_images/4274269186.jpg,person,0.613161027431488,255.60455322265625,325.5487365722656,282.5867614746094,374.69024658203125,27
Flickr30K/4274269186.jpg,/content/Image_captioning_Local/Flickr30K/flickr30k_images/flickr30k_images/4274269186.jpg,person,0.581870973110199,247.30262756347656,173.62921142578125,262.26910400390625,211.7829132080078,27
Flickr30K/4274269186.jpg,/content/Image_captioning_Local/Flickr30K/flickr30k_images/flickr30k_images/4274269186.jpg,person,0.5784470438957214,25.88585662841797,320.2532653808594,52.96004867553711,374.664794921875,27
Flickr30K/4274269186.jpg,/content/Image_captioning_Local/Flickr30K/flickr30k_images/flickr30k_images/4274269186.jpg,horse,0.5596961975097656,113.98936462402344,188.05865478515625,152.4858856201172,227.88296508789062,27
Flickr30K/4274269186.jpg,/content/Image_captioning_Local/Flickr30K/flickr30k_images/flickr30k_images/4274269186.jpg,horse,0.5343419909477234,221.81710815429688,183.19296264648438,270.6463928222656,229.56175231933594,27
Flickr30K/4274269186.jpg,/content/Image_captioning_Local/Flickr30K/flickr30k_images/flickr30k_images/4274269186.jpg,person,0.5018007755279541,93.27775573730469,330.19647216796875,118.40623474121094,374.9010009765625,27
Flickr30K/4274269186.jpg,/content/Image_captioning_Local/Flickr30K/flickr30k_images/flickr30k_images/4274269186.jpg,horse,0.5007402896881104,217.03562927246094,230.01670837402344,306.3034973144531,291.5489196777344,27
Flickr30K/4274269186.jpg,/content/Image_captioning_Local/Flickr30K/flickr30k_images/flickr30k_images/4274269186.jpg,person,0.4880484640598297,116.80149841308594,171.9713134765625,131.46603393554688,204.96224975585938,27
Flickr30K/4274269186.jpg,/content/Image_captioning_Local/Flickr30K/flickr30k_images/flickr30k_images/4274269186.jpg,horse,0.4515019357204437,258.7784423828125,184.88226318359375,308.33404541015625,229.8908233642578,27
Flickr30K/4274269186.jpg,/content/Image_captioning_Local/Flickr30K/flickr30k_images/flickr30k_images/4274269186.jpg,person,0.43028759956359863,99.38227081298828,177.82077026367188,113.15599822998047,212.0938720703125,27
Flickr30K/4274269186.jpg,/content/Image_captioning_Local/Flickr30K/flickr30k_images/flickr30k_images/4274269186.jpg,person,0.4054919481277466,119.80684661865234,332.2243347167969,145.58888244628906,374.7983093261719,27
Flickr30K/4274269186.jpg,/content/Image_captioning_Local/Flickr30K/flickr30k_images/flickr30k_images/4274269186.jpg,horse,0.39299753308296204,221.9910430908203,182.62677001953125,307.9201354980469,230.4249267578125,27
Flickr30K/4274269186.jpg,/content/Image_captioning_Local/Flickr30K/flickr30k_images/flickr30k_images/4274269186.jpg,horse,0.37771373987197876,188.94615173339844,230.66371154785156,305.16546630859375,295.9979248046875,27
Flickr30K/4274269186.jpg,/content/Image_captioning_Local/Flickr30K/flickr30k_images/flickr30k_images/4274269186.jpg,horse,0.3677382469177246,101.91018676757812,188.04502868652344,152.67626953125,231.21910095214844,27
Flickr30K/4274269186.jpg,/content/Image_captioning_Local/Flickr30K/flickr30k_images/flickr30k_images/4274269186.jpg,person,0.3167724311351776,246.96096801757812,173.9449005126953,263.0830383300781,226.02896118164062,27
Flickr30K/4274269186.jpg,/content/Image_captioning_Local/Flickr30K/flickr30k_images/flickr30k_images/4274269186.jpg,person,0.3053497076034546,113.95854949951172,171.6600341796875,132.05142211914062,210.6131591796875,27
Flickr30K/4274269186.jpg,/content/Image_captioning_Local/Flickr30K/flickr30k_images/flickr30k_images/4274269186.jpg,horse,0.2588728964328766,233.57638549804688,239.53733825683594,306.357666015625,290.95220947265625,27
Flickr30K/427430186.jpg,/content/Image_captioning_Local/Flickr30K/flickr30k_images/flickr30k_images/427430186.jpg,person,0.9450350403785706,0.7608771324157715,20.422887802124023,355.2479248046875,497.6940612792969,2
Flickr30K/427430186.jpg,/content/Image_captioning_Local/Flickr30K/flickr30k_images/flickr30k_images/427430186.jpg,donut,0.5986119508743286,149.68203735351562,225.268310546875,231.93377685546875,311.0159912109375,2
Flickr30K/427433056.jpg,/content/Image_captioning_Local/Flickr30K/flickr30k_images/flickr30k_images/427433056.jpg,person,0.9193593263626099,0.20856857299804688,2.1126747131347656,267.3475646972656,497.2785949707031,2
Flickr30K/427433056.jpg,/content/Image_captioning_Local/Flickr30K/flickr30k_images/flickr30k_images/427433056.jpg,person,0.8944106698036194,217.08535766601562,110.4922866821289,375.0,498.8323669433594,2
Flickr30K/4274395288.jpg,/content/Image_captioning_Local/Flickr30K/flickr30k_images/flickr30k_images/4274395288.jpg,person,0.8664915561676025,350.63330078125,112.27870178222656,406.76416015625,165.46278381347656,3
Flickr30K/4274395288.jpg,/content/Image_captioning_Local/Flickr30K/flickr30k_images/flickr30k_images/4274395288.jpg,person,0.4737461507320404,325.46502685546875,152.4250946044922,384.9042663574219,203.98101806640625,3
Flickr30K/4274395288.jpg,/content/Image_captioning_Local/Flickr30K/flickr30k_images/flickr30k_images/4274395288.jpg,suitcase,0.29107198119163513,3.5309314727783203,176.87979125976562,140.8796844482422,301.4537353515625,3
Flickr30K/4274444390.jpg,/content/Image_captioning_Local/Flickr30K/flickr30k_images/flickr30k_images/4274444390.jpg,person,0.9209911227226257,153.35862731933594,107.36245727539062,290.926513671875,420.011962890625,4
Flickr30K/4274444390.jpg,/content/Image_captioning_Local/Flickr30K/flickr30k_images/flickr30k_images/4274444390.jpg,person,0.8937512636184692,105.48753356933594,99.26416778564453,208.79220581054688,361.3111267089844,4
Flickr30K/4274444390.jpg,/content/Image_captioning_Local/Flickr30K/flickr30k_images/flickr30k_images/4274444390.jpg,truck,0.49036481976509094,147.7932891845703,1.3463973999023438,374.6793212890625,410.88372802734375,4
Flickr30K/4274444390.jpg,/content/Image_captioning_Local/Flickr30K/flickr30k_images/flickr30k_images/4274444390.jpg,truck,0.2738129794597626,236.30967712402344,3.8933753967285156,374.9608154296875,416.80126953125,4
Flickr30K/4274782458.jpg,/content/Image_captioning_Local/Flickr30K/flickr30k_images/flickr30k_images/4274782458.jpg,person,0.9409670233726501,0.052642822265625,110.59432220458984,232.6732635498047,372.6936340332031,9
Flickr30K/4274782458.jpg,/content/Image_captioning_Local/Flickr30K/flickr30k_images/flickr30k_images/4274782458.jpg,person,0.8885871171951294,330.37823486328125,139.96905517578125,476.17071533203125,373.2366638183594,9
Flickr30K/4274782458.jpg,/content/Image_captioning_Local/Flickr30K/flickr30k_images/flickr30k_images/4274782458.jpg,person,0.8406745791435242,373.4044189453125,124.1932373046875,499.60546875,371.76812744140625,9
Flickr30K/4274782458.jpg,/content/Image_captioning_Local/Flickr30K/flickr30k_images/flickr30k_images/4274782458.jpg,person,0.808088481426239,146.05526733398438,67.01211547851562,282.7834167480469,349.16265869140625,9
Flickr30K/4274782458.jpg,/content/Image_captioning_Local/Flickr30K/flickr30k_images/flickr30k_images/4274782458.jpg,person,0.7786992192268372,280.4206848144531,187.8568115234375,425.67864990234375,372.2001037597656,9
Flickr30K/4274782458.jpg,/content/Image_captioning_Local/Flickr30K/flickr30k_images/flickr30k_images/4274782458.jpg,bottle,0.5379856824874878,266.3357849121094,254.16622924804688,300.552734375,367.0501708984375,9
Flickr30K/4274782458.jpg,/content/Image_captioning_Local/Flickr30K/flickr30k_images/flickr30k_images/4274782458.jpg,person,0.5362730026245117,40.24863052368164,120.36554718017578,77.6509780883789,177.07603454589844,9
Flickr30K/4274782458.jpg,/content/Image_captioning_Local/Flickr30K/flickr30k_images/flickr30k_images/4274782458.jpg,person,0.44023728370666504,434.3748474121094,267.8186340332031,499.79901123046875,374.05108642578125,9
Flickr30K/4274782458.jpg,/content/Image_captioning_Local/Flickr30K/flickr30k_images/flickr30k_images/4274782458.jpg,person,0.3106299638748169,0.041297078132629395,140.73843383789062,22.070634841918945,291.1214294433594,9
Flickr30K/4275465064.jpg,/content/Image_captioning_Local/Flickr30K/flickr30k_images/flickr30k_images/4275465064.jpg,person,0.8490828275680542,381.35687255859375,82.97916412353516,434.1286315917969,235.53013610839844,15
Flickr30K/4275465064.jpg,/content/Image_captioning_Local/Flickr30K/flickr30k_images/flickr30k_images/4275465064.jpg,person,0.8469180464744568,159.11441040039062,46.47583770751953,227.42398071289062,255.6776580810547,15
Flickr30K/4275465064.jpg,/content/Image_captioning_Local/Flickr30K/flickr30k_images/flickr30k_images/4275465064.jpg,person,0.8425759673118591,325.2296142578125,43.45884323120117,398.5733642578125,222.85452270507812,15
Flickr30K/4275465064.jpg,/content/Image_captioning_Local/Flickr30K/flickr30k_images/flickr30k_images/4275465064.jpg,person,0.8082732558250427,47.65760803222656,49.88935089111328,157.61346435546875,322.06884765625,15
Flickr30K/4275465064.jpg,/content/Image_captioning_Local/Flickr30K/flickr30k_images/flickr30k_images/4275465064.jpg,person,0.7799949049949646,264.3824462890625,119.6136245727539,351.6907958984375,259.622314453125,15
Flickr30K/4275465064.jpg,/content/Image_captioning_Local/Flickr30K/flickr30k_images/flickr30k_images/4275465064.jpg,person,0.7107735872268677,199.52749633789062,153.2440185546875,300.49554443359375,277.0120544433594,15
Flickr30K/4275465064.jpg,/content/Image_captioning_Local/Flickr30K/flickr30k_images/flickr30k_images/4275465064.jpg,person,0.70997154712677,115.72602081298828,35.67066192626953,201.99168395996094,295.2822570800781,15
Flickr30K/4275465064.jpg,/content/Image_captioning_Local/Flickr30K/flickr30k_images/flickr30k_images/4275465064.jpg,person,0.5801060795783997,250.70004272460938,99.46221923828125,278.3375244140625,159.0870819091797,15
Flickr30K/4275465064.jpg,/content/Image_captioning_Local/Flickr30K/flickr30k_images/flickr30k_images/4275465064.jpg,person,0.5724390149116516,446.19207763671875,23.360055923461914,460.8655090332031,74.80559539794922,15
Flickr30K/4275465064.jpg,/content/Image_captioning_Local/Flickr30K/flickr30k_images/flickr30k_images/4275465064.jpg,person,0.5145182013511658,480.0628662109375,21.149694442749023,492.9361267089844,78.55037689208984,15
Flickr30K/4275465064.jpg,/content/Image_captioning_Local/Flickr30K/flickr30k_images/flickr30k_images/4275465064.jpg,person,0.4524659812450409,225.55795288085938,110.585693359375,259.2105407714844,176.9941864013672,15
Flickr30K/4275465064.jpg,/content/Image_captioning_Local/Flickr30K/flickr30k_images/flickr30k_images/4275465064.jpg,person,0.40039923787117004,458.7002868652344,30.370880126953125,473.23406982421875,80.72450256347656,15
Flickr30K/4275465064.jpg,/content/Image_captioning_Local/Flickr30K/flickr30k_images/flickr30k_images/4275465064.jpg,person,0.35080528259277344,295.1710205078125,28.50666046142578,321.1724853515625,61.099388122558594,15
Flickr30K/4275465064.jpg,/content/Image_captioning_Local/Flickr30K/flickr30k_images/flickr30k_images/4275465064.jpg,person,0.30951958894729614,303.887939453125,28.378082275390625,320.68701171875,60.81254577636719,15
Flickr30K/4275465064.jpg,/content/Image_captioning_Local/Flickr30K/flickr30k_images/flickr30k_images/4275465064.jpg,person,0.25293001532554626,490.0742492675781,26.112937927246094,499.7685546875,73.2535629272461,15
Flickr30K/427557693.jpg,/content/Image_captioning_Local/Flickr30K/flickr30k_images/flickr30k_images/427557693.jpg,car,0.8923001289367676,46.5207405090332,217.8444366455078,165.5327606201172,252.94012451171875,3
Flickr30K/427557693.jpg,/content/Image_captioning_Local/Flickr30K/flickr30k_images/flickr30k_images/427557693.jpg,person,0.8708708882331848,326.69866943359375,205.2827606201172,353.4533386230469,260.28826904296875,3
Flickr30K/427557693.jpg,/content/Image_captioning_Local/Flickr30K/flickr30k_images/flickr30k_images/427557693.jpg,person,0.8045021295547485,351.08428955078125,204.87046813964844,368.0322265625,260.9883728027344,3
Flickr30K/427683329.jpg,/content/Image_captioning_Local/Flickr30K/flickr30k_images/flickr30k_images/427683329.jpg,person,0.9167699217796326,1.510763168334961,1.7120718955993652,344.45721435546875,368.5330810546875,2
Flickr30K/427683329.jpg,/content/Image_captioning_Local/Flickr30K/flickr30k_images/flickr30k_images/427683329.jpg,person,0.88095623254776,174.41722106933594,2.5793910026550293,498.6249084472656,370.37677001953125,2
Flickr30K/4276945993.jpg,/content/Image_captioning_Local/Flickr30K/flickr30k_images/flickr30k_images/4276945993.jpg,person,0.6625792980194092,21.080541610717773,106.7513427734375,388.34796142578125,403.8905029296875,1
Flickr30K/427703425.jpg,/content/Image_captioning_Local/Flickr30K/flickr30k_images/flickr30k_images/427703425.jpg,truck,0.8593872785568237,344.4626770019531,82.17352294921875,499.6429443359375,290.2216796875,4
Flickr30K/427703425.jpg,/content/Image_captioning_Local/Flickr30K/flickr30k_images/flickr30k_images/427703425.jpg,person,0.6567869186401367,202.10256958007812,107.10476684570312,341.0303649902344,293.8034973144531,4
Flickr30K/427703425.jpg,/content/Image_captioning_Local/Flickr30K/flickr30k_images/flickr30k_images/427703425.jpg,chair,0.6031532287597656,258.1839599609375,108.85602569580078,310.30596923828125,193.0369415283203,4
Flickr30K/427703425.jpg,/content/Image_captioning_Local/Flickr30K/flickr30k_images/flickr30k_images/427703425.jpg,tv,0.3648805320262909,129.5555419921875,109.57064819335938,194.95494079589844,168.890380859375,4
Flickr30K/427709177.jpg,/content/Image_captioning_Local/Flickr30K/flickr30k_images/flickr30k_images/427709177.jpg,person,0.7970552444458008,70.27287292480469,0.49697160720825195,270.3309631347656,328.9608154296875,4
Flickr30K/427709177.jpg,/content/Image_captioning_Local/Flickr30K/flickr30k_images/flickr30k_images/427709177.jpg,person,0.7524510025978088,218.49708557128906,73.8637924194336,345.0458068847656,329.50286865234375,4
Flickr30K/427709177.jpg,/content/Image_captioning_Local/Flickr30K/flickr30k_images/flickr30k_images/427709177.jpg,dining table,0.5374918580055237,0.20973682403564453,147.8212890625,81.74760437011719,328.2122497558594,4
Flickr30K/427709177.jpg,/content/Image_captioning_Local/Flickr30K/flickr30k_images/flickr30k_images/427709177.jpg,couch,0.35188937187194824,237.52474975585938,0.2054452896118164,500.0,246.4575958251953,4
Flickr30K/427736337.jpg,/content/Image_captioning_Local/Flickr30K/flickr30k_images/flickr30k_images/427736337.jpg,person,0.8808672428131104,218.39089965820312,183.23345947265625,280.647216796875,270.5361022949219,6
Flickr30K/427736337.jpg,/content/Image_captioning_Local/Flickr30K/flickr30k_images/flickr30k_images/427736337.jpg,chair,0.8764249682426453,381.38861083984375,256.5767822265625,499.7202453613281,372.95111083984375,6
Flickr30K/427736337.jpg,/content/Image_captioning_Local/Flickr30K/flickr30k_images/flickr30k_images/427736337.jpg,tv,0.865402340888977,0.34807324409484863,196.0476837158203,65.776611328125,268.0625,6
Flickr30K/427736337.jpg,/content/Image_captioning_Local/Flickr30K/flickr30k_images/flickr30k_images/427736337.jpg,person,0.730925977230072,300.7246398925781,179.52194213867188,338.8830261230469,272.6539611816406,6
Flickr30K/427736337.jpg,/content/Image_captioning_Local/Flickr30K/flickr30k_images/flickr30k_images/427736337.jpg,chair,0.6036751866340637,486.2760009765625,254.4461212158203,499.8202819824219,339.63299560546875,6
Flickr30K/427736337.jpg,/content/Image_captioning_Local/Flickr30K/flickr30k_images/flickr30k_images/427736337.jpg,chair,0.2914251387119293,328.2083435058594,204.5737762451172,347.5413818359375,269.2732849121094,6
Flickr30K/4278658978.jpg,/content/Image_captioning_Local/Flickr30K/flickr30k_images/flickr30k_images/4278658978.jpg,train,0.7070612907409668,13.170480728149414,0.0,498.4992370605469,369.4327392578125,2
Flickr30K/4278658978.jpg,/content/Image_captioning_Local/Flickr30K/flickr30k_images/flickr30k_images/4278658978.jpg,truck,0.4786580502986908,7.67674446105957,1.0447978973388672,499.1819763183594,369.1268005371094,2
Flickr30K/427936315.jpg,/content/Image_captioning_Local/Flickr30K/flickr30k_images/flickr30k_images/427936315.jpg,dog,0.9466564655303955,183.1296844482422,114.36148071289062,432.93896484375,247.7039337158203,2
Flickr30K/427936315.jpg,/content/Image_captioning_Local/Flickr30K/flickr30k_images/flickr30k_images/427936315.jpg,frisbee,0.8979900479316711,154.80503845214844,122.2137451171875,195.701904296875,163.44252014160156,2
