image_id,image_path,object_name,confidence,xmin,ymin,xmax,ymax,objects_detected
Flickr8K/537222436_ab406234ce.jpg,/content/Image_captioning_Local/Flickr8K/Images/537222436_ab406234ce.jpg,person,0.9483141899108887,64.15992736816406,69.23245239257812,234.14932250976562,460.80810546875,9
Flickr8K/537222436_ab406234ce.jpg,/content/Image_captioning_Local/Flickr8K/Images/537222436_ab406234ce.jpg,handbag,0.9244185090065002,168.03610229492188,128.2927703857422,225.4757843017578,282.6353454589844,9
Flickr8K/537222436_ab406234ce.jpg,/content/Image_captioning_Local/Flickr8K/Images/537222436_ab406234ce.jpg,person,0.9090365171432495,3.124504327774048,108.09854125976562,73.88285827636719,304.617431640625,9
Flickr8K/537222436_ab406234ce.jpg,/content/Image_captioning_Local/Flickr8K/Images/537222436_ab406234ce.jpg,person,0.8635666370391846,204.1800079345703,131.68711853027344,263.75018310546875,319.9096984863281,9
Flickr8K/537222436_ab406234ce.jpg,/content/Image_captioning_Local/Flickr8K/Images/537222436_ab406234ce.jpg,handbag,0.8042842745780945,247.49615478515625,206.78553771972656,277.0374755859375,264.74603271484375,9
Flickr8K/537222436_ab406234ce.jpg,/content/Image_captioning_Local/Flickr8K/Images/537222436_ab406234ce.jpg,backpack,0.7807385325431824,207.95970153808594,157.39871215820312,248.71006774902344,239.49468994140625,9
Flickr8K/537222436_ab406234ce.jpg,/content/Image_captioning_Local/Flickr8K/Images/537222436_ab406234ce.jpg,fire hydrant,0.7804882526397705,-0.04439330846071243,232.98550415039062,32.31317138671875,404.9420471191406,9
Flickr8K/537222436_ab406234ce.jpg,/content/Image_captioning_Local/Flickr8K/Images/537222436_ab406234ce.jpg,handbag,0.4373141825199127,206.21128845214844,268.9142761230469,247.8774871826172,351.42999267578125,9
Flickr8K/537222436_ab406234ce.jpg,/content/Image_captioning_Local/Flickr8K/Images/537222436_ab406234ce.jpg,car,0.2518555521965027,0.0951480120420456,142.07485961914062,29.825458526611328,185.0501251220703,9
Flickr8K/537225246_dd0e2158a7.jpg,/content/Image_captioning_Local/Flickr8K/Images/537225246_dd0e2158a7.jpg,person,0.9174097776412964,19.98750114440918,96.29080963134766,63.53134536743164,227.439453125,38
Flickr8K/537225246_dd0e2158a7.jpg,/content/Image_captioning_Local/Flickr8K/Images/537225246_dd0e2158a7.jpg,person,0.8860203623771667,57.28403854370117,131.1472625732422,107.69985961914062,244.1517333984375,38
Flickr8K/537225246_dd0e2158a7.jpg,/content/Image_captioning_Local/Flickr8K/Images/537225246_dd0e2158a7.jpg,elephant,0.8853611946105957,152.008056640625,21.807344436645508,279.1893310546875,287.8922119140625,38
Flickr8K/537225246_dd0e2158a7.jpg,/content/Image_captioning_Local/Flickr8K/Images/537225246_dd0e2158a7.jpg,person,0.8274906873703003,462.2206726074219,114.385009765625,499.4664306640625,228.8790283203125,38
Flickr8K/537225246_dd0e2158a7.jpg,/content/Image_captioning_Local/Flickr8K/Images/537225246_dd0e2158a7.jpg,person,0.7902223467826843,420.59674072265625,110.24613952636719,448.7349548339844,200.87144470214844,38
Flickr8K/537225246_dd0e2158a7.jpg,/content/Image_captioning_Local/Flickr8K/Images/537225246_dd0e2158a7.jpg,elephant,0.7788808345794678,259.34710693359375,32.8443603515625,344.39276123046875,287.32012939453125,38
Flickr8K/537225246_dd0e2158a7.jpg,/content/Image_captioning_Local/Flickr8K/Images/537225246_dd0e2158a7.jpg,person,0.689694344997406,119.08671569824219,102.91612243652344,148.69671630859375,206.606201171875,38
Flickr8K/537225246_dd0e2158a7.jpg,/content/Image_captioning_Local/Flickr8K/Images/537225246_dd0e2158a7.jpg,person,0.6863750219345093,0.12954416871070862,76.74009704589844,29.789958953857422,193.8871307373047,38
Flickr8K/537225246_dd0e2158a7.jpg,/content/Image_captioning_Local/Flickr8K/Images/537225246_dd0e2158a7.jpg,person,0.6032540202140808,337.3790283203125,102.62297821044922,395.3417663574219,220.1575164794922,38
Flickr8K/537225246_dd0e2158a7.jpg,/content/Image_captioning_Local/Flickr8K/Images/537225246_dd0e2158a7.jpg,person,0.579308807849884,448.0799255371094,104.5841293334961,471.2011413574219,188.02072143554688,38
Flickr8K/537225246_dd0e2158a7.jpg,/content/Image_captioning_Local/Flickr8K/Images/537225246_dd0e2158a7.jpg,person,0.5727354288101196,397.47894287109375,109.3735122680664,434.0832214355469,223.19976806640625,38
Flickr8K/537225246_dd0e2158a7.jpg,/content/Image_captioning_Local/Flickr8K/Images/537225246_dd0e2158a7.jpg,person,0.5405728816986084,470.0759582519531,94.31344604492188,494.6292724609375,135.8319854736328,38
Flickr8K/537225246_dd0e2158a7.jpg,/content/Image_captioning_Local/Flickr8K/Images/537225246_dd0e2158a7.jpg,suitcase,0.5165780782699585,431.3140563964844,183.06207275390625,488.25848388671875,257.7130126953125,38
Flickr8K/537225246_dd0e2158a7.jpg,/content/Image_captioning_Local/Flickr8K/Images/537225246_dd0e2158a7.jpg,backpack,0.5049859881401062,146.0452880859375,117.94413757324219,166.575439453125,154.22262573242188,38
Flickr8K/537225246_dd0e2158a7.jpg,/content/Image_captioning_Local/Flickr8K/Images/537225246_dd0e2158a7.jpg,handbag,0.4485633373260498,426.0603332519531,126.65464782714844,456.5497741699219,158.94500732421875,38
Flickr8K/537225246_dd0e2158a7.jpg,/content/Image_captioning_Local/Flickr8K/Images/537225246_dd0e2158a7.jpg,handbag,0.4269520044326782,424.749267578125,126.81932830810547,446.37811279296875,157.68421936035156,38
Flickr8K/537225246_dd0e2158a7.jpg,/content/Image_captioning_Local/Flickr8K/Images/537225246_dd0e2158a7.jpg,backpack,0.4080391228199005,65.36185455322266,156.4834747314453,91.70113372802734,179.11795043945312,38
Flickr8K/537225246_dd0e2158a7.jpg,/content/Image_captioning_Local/Flickr8K/Images/537225246_dd0e2158a7.jpg,handbag,0.3714066743850708,435.072265625,137.28370666503906,456.4927062988281,158.29444885253906,38
Flickr8K/537225246_dd0e2158a7.jpg,/content/Image_captioning_Local/Flickr8K/Images/537225246_dd0e2158a7.jpg,person,0.36566659808158875,142.5113525390625,99.55016326904297,166.84298706054688,181.25953674316406,38
Flickr8K/537225246_dd0e2158a7.jpg,/content/Image_captioning_Local/Flickr8K/Images/537225246_dd0e2158a7.jpg,person,0.3613665997982025,144.28892517089844,99.60274505615234,166.81182861328125,155.6339874267578,38
Flickr8K/537225246_dd0e2158a7.jpg,/content/Image_captioning_Local/Flickr8K/Images/537225246_dd0e2158a7.jpg,person,0.35900941491127014,184.02120971679688,63.351383209228516,278.6128234863281,288.1569519042969,38
Flickr8K/537225246_dd0e2158a7.jpg,/content/Image_captioning_Local/Flickr8K/Images/537225246_dd0e2158a7.jpg,handbag,0.35861504077911377,373.6598815917969,149.9660186767578,388.5048828125,176.8080291748047,38
Flickr8K/537225246_dd0e2158a7.jpg,/content/Image_captioning_Local/Flickr8K/Images/537225246_dd0e2158a7.jpg,person,0.35059186816215515,454.97674560546875,84.48164367675781,472.3902893066406,115.01496887207031,38
Flickr8K/537225246_dd0e2158a7.jpg,/content/Image_captioning_Local/Flickr8K/Images/537225246_dd0e2158a7.jpg,person,0.3467382788658142,62.874229431152344,107.4976806640625,77.98812103271484,147.611328125,38
Flickr8K/537225246_dd0e2158a7.jpg,/content/Image_captioning_Local/Flickr8K/Images/537225246_dd0e2158a7.jpg,handbag,0.3388923704624176,451.3811340332031,154.42189025878906,470.43902587890625,188.1781463623047,38
Flickr8K/537225246_dd0e2158a7.jpg,/content/Image_captioning_Local/Flickr8K/Images/537225246_dd0e2158a7.jpg,suitcase,0.3139873743057251,8.544615745544434,186.99594116210938,34.75800704956055,210.04444885253906,38
Flickr8K/537225246_dd0e2158a7.jpg,/content/Image_captioning_Local/Flickr8K/Images/537225246_dd0e2158a7.jpg,backpack,0.3126217722892761,373.6598815917969,149.9660186767578,388.5048828125,176.8080291748047,38
Flickr8K/537225246_dd0e2158a7.jpg,/content/Image_captioning_Local/Flickr8K/Images/537225246_dd0e2158a7.jpg,person,0.2907690405845642,337.1628112792969,102.8060073852539,386.0581359863281,160.6143798828125,38
Flickr8K/537225246_dd0e2158a7.jpg,/content/Image_captioning_Local/Flickr8K/Images/537225246_dd0e2158a7.jpg,handbag,0.2902340590953827,-0.005813781172037125,106.4371109008789,12.762472152709961,141.19117736816406,38
Flickr8K/537225246_dd0e2158a7.jpg,/content/Image_captioning_Local/Flickr8K/Images/537225246_dd0e2158a7.jpg,handbag,0.28974637389183044,9.26689338684082,94.19346618652344,36.2004280090332,132.15159606933594,38
Flickr8K/537225246_dd0e2158a7.jpg,/content/Image_captioning_Local/Flickr8K/Images/537225246_dd0e2158a7.jpg,person,0.2892399728298187,396.7564697265625,109.18463134765625,421.903076171875,232.38394165039062,38
Flickr8K/537225246_dd0e2158a7.jpg,/content/Image_captioning_Local/Flickr8K/Images/537225246_dd0e2158a7.jpg,handbag,0.28898781538009644,426.4206848144531,125.92155456542969,456.58624267578125,158.79197692871094,38
Flickr8K/537225246_dd0e2158a7.jpg,/content/Image_captioning_Local/Flickr8K/Images/537225246_dd0e2158a7.jpg,handbag,0.28783807158470154,381.6863098144531,126.21946716308594,402.0566711425781,156.67156982421875,38
Flickr8K/537225246_dd0e2158a7.jpg,/content/Image_captioning_Local/Flickr8K/Images/537225246_dd0e2158a7.jpg,backpack,0.28185704350471497,-0.005813781172037125,106.4371109008789,12.762472152709961,141.19117736816406,38
Flickr8K/537225246_dd0e2158a7.jpg,/content/Image_captioning_Local/Flickr8K/Images/537225246_dd0e2158a7.jpg,person,0.2638005018234253,434.70318603515625,86.91931915283203,454.9798889160156,128.17518615722656,38
Flickr8K/537225246_dd0e2158a7.jpg,/content/Image_captioning_Local/Flickr8K/Images/537225246_dd0e2158a7.jpg,elephant,0.26376277208328247,109.07769775390625,24.48600959777832,350.2547607421875,288.07037353515625,38
Flickr8K/537225246_dd0e2158a7.jpg,/content/Image_captioning_Local/Flickr8K/Images/537225246_dd0e2158a7.jpg,person,0.2545069754123688,94.80821228027344,133.17868041992188,106.45752716064453,182.89154052734375,38
Flickr8K/537225246_dd0e2158a7.jpg,/content/Image_captioning_Local/Flickr8K/Images/537225246_dd0e2158a7.jpg,backpack,0.25138059258461,9.26689338684082,94.19346618652344,36.2004280090332,132.15159606933594,38
Flickr8K/537230454_1f09199476.jpg,/content/Image_captioning_Local/Flickr8K/Images/537230454_1f09199476.jpg,person,0.9440253376960754,88.25059509277344,120.1181869506836,215.3017120361328,315.7928771972656,6
Flickr8K/537230454_1f09199476.jpg,/content/Image_captioning_Local/Flickr8K/Images/537230454_1f09199476.jpg,person,0.9411937594413757,344.31109619140625,121.36149597167969,377.6282958984375,203.89540100097656,6
Flickr8K/537230454_1f09199476.jpg,/content/Image_captioning_Local/Flickr8K/Images/537230454_1f09199476.jpg,person,0.9315782785415649,207.83082580566406,134.65554809570312,237.11859130859375,203.55174255371094,6
Flickr8K/537230454_1f09199476.jpg,/content/Image_captioning_Local/Flickr8K/Images/537230454_1f09199476.jpg,person,0.8897406458854675,170.07029724121094,129.10769653320312,193.01023864746094,194.56309509277344,6
Flickr8K/537230454_1f09199476.jpg,/content/Image_captioning_Local/Flickr8K/Images/537230454_1f09199476.jpg,person,0.4511994421482086,128.69447326660156,140.64920043945312,141.73492431640625,164.07943725585938,6
Flickr8K/537230454_1f09199476.jpg,/content/Image_captioning_Local/Flickr8K/Images/537230454_1f09199476.jpg,person,0.2970905303955078,116.48092651367188,141.220947265625,142.02818298339844,200.52316284179688,6
Flickr8K/537359971_6e28f5e66e.jpg,/content/Image_captioning_Local/Flickr8K/Images/537359971_6e28f5e66e.jpg,person,0.9446201920509338,17.295730590820312,33.31031036376953,186.31100463867188,447.2267150878906,7
Flickr8K/537359971_6e28f5e66e.jpg,/content/Image_captioning_Local/Flickr8K/Images/537359971_6e28f5e66e.jpg,person,0.9391676783561707,169.6441192626953,24.683237075805664,298.52490234375,438.24969482421875,7
Flickr8K/537359971_6e28f5e66e.jpg,/content/Image_captioning_Local/Flickr8K/Images/537359971_6e28f5e66e.jpg,handbag,0.9201780557632446,17.759180068969727,105.58938598632812,74.53175354003906,234.41151428222656,7
Flickr8K/537359971_6e28f5e66e.jpg,/content/Image_captioning_Local/Flickr8K/Images/537359971_6e28f5e66e.jpg,handbag,0.9172579050064087,197.94419860839844,113.32059478759766,278.2249755859375,248.0943145751953,7
Flickr8K/537359971_6e28f5e66e.jpg,/content/Image_captioning_Local/Flickr8K/Images/537359971_6e28f5e66e.jpg,car,0.5648332834243774,-0.10245636105537415,36.30815887451172,74.91051483154297,120.04083251953125,7
Flickr8K/537359971_6e28f5e66e.jpg,/content/Image_captioning_Local/Flickr8K/Images/537359971_6e28f5e66e.jpg,car,0.2829659581184387,-0.3144947290420532,35.00029373168945,75.77704620361328,184.1133270263672,7
Flickr8K/537359971_6e28f5e66e.jpg,/content/Image_captioning_Local/Flickr8K/Images/537359971_6e28f5e66e.jpg,car,0.25192874670028687,-0.2900048792362213,34.4091796875,111.00335693359375,121.0119400024414,7
Flickr8K/537390477_7dd3407f96.jpg,/content/Image_captioning_Local/Flickr8K/Images/537390477_7dd3407f96.jpg,dog,0.6337500214576721,-0.06805360317230225,0.2202950119972229,365.4381103515625,288.108642578125,6
Flickr8K/537390477_7dd3407f96.jpg,/content/Image_captioning_Local/Flickr8K/Images/537390477_7dd3407f96.jpg,dog,0.5324227809906006,67.44304656982422,119.83626556396484,500.19525146484375,283.30316162109375,6
Flickr8K/537390477_7dd3407f96.jpg,/content/Image_captioning_Local/Flickr8K/Images/537390477_7dd3407f96.jpg,dog,0.49640434980392456,-0.4030168056488037,0.027525007724761963,499.468017578125,285.1144714355469,6
Flickr8K/537390477_7dd3407f96.jpg,/content/Image_captioning_Local/Flickr8K/Images/537390477_7dd3407f96.jpg,dog,0.4649721384048462,299.4107666015625,120.94085693359375,500.0635986328125,281.0192565917969,6
Flickr8K/537390477_7dd3407f96.jpg,/content/Image_captioning_Local/Flickr8K/Images/537390477_7dd3407f96.jpg,dog,0.4641457796096802,0.41922926902770996,121.51300048828125,500.4132995605469,285.9988708496094,6
Flickr8K/537390477_7dd3407f96.jpg,/content/Image_captioning_Local/Flickr8K/Images/537390477_7dd3407f96.jpg,dog,0.25391215085983276,0.5741417407989502,121.40005493164062,500.5688781738281,286.47772216796875,6
Flickr8K/537479916_c033897fac.jpg,/content/Image_captioning_Local/Flickr8K/Images/537479916_c033897fac.jpg,dog,0.9619652032852173,264.5818176269531,109.97093963623047,434.1457214355469,344.6389465332031,4
Flickr8K/537479916_c033897fac.jpg,/content/Image_captioning_Local/Flickr8K/Images/537479916_c033897fac.jpg,person,0.9371441602706909,374.8531799316406,-0.38387998938560486,499.90057373046875,324.5086975097656,4
Flickr8K/537479916_c033897fac.jpg,/content/Image_captioning_Local/Flickr8K/Images/537479916_c033897fac.jpg,person,0.39313995838165283,236.84442138671875,17.475248336791992,255.56573486328125,60.70587921142578,4
Flickr8K/537479916_c033897fac.jpg,/content/Image_captioning_Local/Flickr8K/Images/537479916_c033897fac.jpg,person,0.2702387571334839,439.7257080078125,1.1082301139831543,475.3810729980469,49.76177215576172,4
Flickr8K/537532165_e4b7c0e61a.jpg,/content/Image_captioning_Local/Flickr8K/Images/537532165_e4b7c0e61a.jpg,person,0.9198548197746277,95.59898376464844,134.53636169433594,197.37306213378906,400.1133728027344,5
Flickr8K/537532165_e4b7c0e61a.jpg,/content/Image_captioning_Local/Flickr8K/Images/537532165_e4b7c0e61a.jpg,person,0.47898757457733154,0.058789271861314774,319.49627685546875,44.646705627441406,498.9026184082031,5
Flickr8K/537532165_e4b7c0e61a.jpg,/content/Image_captioning_Local/Flickr8K/Images/537532165_e4b7c0e61a.jpg,bench,0.32308223843574524,13.137591361999512,342.7449645996094,67.02085876464844,373.2393798828125,5
Flickr8K/537532165_e4b7c0e61a.jpg,/content/Image_captioning_Local/Flickr8K/Images/537532165_e4b7c0e61a.jpg,bench,0.30878809094429016,26.87760353088379,356.21051025390625,66.94296264648438,372.81719970703125,5
Flickr8K/537532165_e4b7c0e61a.jpg,/content/Image_captioning_Local/Flickr8K/Images/537532165_e4b7c0e61a.jpg,person,0.306671142578125,0.0262577086687088,220.803466796875,44.43973922729492,498.6266784667969,5
Flickr8K/537559285_29be110134.jpg,/content/Image_captioning_Local/Flickr8K/Images/537559285_29be110134.jpg,dog,0.9508813619613647,266.22021484375,44.442527770996094,404.26580810546875,168.22935485839844,7
Flickr8K/537559285_29be110134.jpg,/content/Image_captioning_Local/Flickr8K/Images/537559285_29be110134.jpg,person,0.7629883885383606,416.9750671386719,0.01685740426182747,438.5138854980469,36.14421463012695,7
Flickr8K/537559285_29be110134.jpg,/content/Image_captioning_Local/Flickr8K/Images/537559285_29be110134.jpg,bowl,0.583053469657898,139.0794219970703,200.58689880371094,168.8941192626953,240.15345764160156,7
Flickr8K/537559285_29be110134.jpg,/content/Image_captioning_Local/Flickr8K/Images/537559285_29be110134.jpg,person,0.5350701808929443,373.87188720703125,0.07543572783470154,396.87957763671875,26.19614028930664,7
Flickr8K/537559285_29be110134.jpg,/content/Image_captioning_Local/Flickr8K/Images/537559285_29be110134.jpg,bowl,0.432662695646286,442.09320068359375,217.39450073242188,479.1805114746094,256.10797119140625,7
Flickr8K/537559285_29be110134.jpg,/content/Image_captioning_Local/Flickr8K/Images/537559285_29be110134.jpg,bowl,0.27937260270118713,228.33309936523438,45.938968658447266,261.8523864746094,74.40873718261719,7
Flickr8K/537559285_29be110134.jpg,/content/Image_captioning_Local/Flickr8K/Images/537559285_29be110134.jpg,bowl,0.27548566460609436,113.98458862304688,215.2565460205078,140.4544677734375,240.67723083496094,7
Flickr8K/537579448_a7f92cef58.jpg,/content/Image_captioning_Local/Flickr8K/Images/537579448_a7f92cef58.jpg,person,0.95930016040802,162.9168701171875,105.95458984375,330.7025451660156,319.0219421386719,2
Flickr8K/537579448_a7f92cef58.jpg,/content/Image_captioning_Local/Flickr8K/Images/537579448_a7f92cef58.jpg,sports ball,0.9501957297325134,197.86546325683594,241.109130859375,268.01507568359375,311.74517822265625,2
Flickr8K/537628742_146f2c24f8.jpg,/content/Image_captioning_Local/Flickr8K/Images/537628742_146f2c24f8.jpg,person,0.940663754940033,153.1953125,385.8436584472656,204.10028076171875,470.0668029785156,4
Flickr8K/537628742_146f2c24f8.jpg,/content/Image_captioning_Local/Flickr8K/Images/537628742_146f2c24f8.jpg,bicycle,0.559718906879425,208.5724639892578,272.9097900390625,232.68145751953125,286.99053955078125,4
Flickr8K/537628742_146f2c24f8.jpg,/content/Image_captioning_Local/Flickr8K/Images/537628742_146f2c24f8.jpg,bicycle,0.28975018858909607,219.343994140625,273.57513427734375,233.00238037109375,287.05859375,4
Flickr8K/537628742_146f2c24f8.jpg,/content/Image_captioning_Local/Flickr8K/Images/537628742_146f2c24f8.jpg,baseball glove,0.2577839493751526,179.76077270507812,400.6897277832031,193.28663635253906,415.7492980957031,4
Flickr8K/537758332_8beb9cf522.jpg,/content/Image_captioning_Local/Flickr8K/Images/537758332_8beb9cf522.jpg,person,0.9382429718971252,139.84922790527344,134.35830688476562,223.24148559570312,226.44021606445312,5
Flickr8K/537758332_8beb9cf522.jpg,/content/Image_captioning_Local/Flickr8K/Images/537758332_8beb9cf522.jpg,person,0.9168910980224609,194.89923095703125,127.66317749023438,260.64007568359375,203.3551483154297,5
Flickr8K/537758332_8beb9cf522.jpg,/content/Image_captioning_Local/Flickr8K/Images/537758332_8beb9cf522.jpg,person,0.367520272731781,461.71807861328125,268.26434326171875,480.5508728027344,305.72381591796875,5
Flickr8K/537758332_8beb9cf522.jpg,/content/Image_captioning_Local/Flickr8K/Images/537758332_8beb9cf522.jpg,person,0.2779228687286377,460.8076171875,268.3623352050781,481.54974365234375,314.5433654785156,5
Flickr8K/537758332_8beb9cf522.jpg,/content/Image_captioning_Local/Flickr8K/Images/537758332_8beb9cf522.jpg,person,0.27582916617393494,451.1123962402344,270.6851806640625,465.080810546875,303.35418701171875,5
Flickr8K/538825260_a4a8784b75.jpg,/content/Image_captioning_Local/Flickr8K/Images/538825260_a4a8784b75.jpg,person,0.9748321175575256,0.07614493370056152,-0.15743756294250488,478.2948913574219,345.9836730957031,1
Flickr8K/539493423_9d7d1b77fa.jpg,/content/Image_captioning_Local/Flickr8K/Images/539493423_9d7d1b77fa.jpg,person,0.9544175863265991,250.23316955566406,124.70530700683594,407.4695129394531,374.62847900390625,3
Flickr8K/539493423_9d7d1b77fa.jpg,/content/Image_captioning_Local/Flickr8K/Images/539493423_9d7d1b77fa.jpg,baseball bat,0.45956334471702576,227.287841796875,165.08660888671875,268.2486267089844,214.60890197753906,3
Flickr8K/539493423_9d7d1b77fa.jpg,/content/Image_captioning_Local/Flickr8K/Images/539493423_9d7d1b77fa.jpg,baseball bat,0.28730809688568115,227.49520874023438,165.29347229003906,259.5699157714844,197.88816833496094,3
Flickr8K/539493431_744eb1abaa.jpg,/content/Image_captioning_Local/Flickr8K/Images/539493431_744eb1abaa.jpg,person,0.9363198280334473,215.2003936767578,134.05807495117188,317.6394958496094,374.93780517578125,8
Flickr8K/539493431_744eb1abaa.jpg,/content/Image_captioning_Local/Flickr8K/Images/539493431_744eb1abaa.jpg,person,0.6948132514953613,51.245086669921875,172.40843200683594,61.55747985839844,214.14491271972656,8
Flickr8K/539493431_744eb1abaa.jpg,/content/Image_captioning_Local/Flickr8K/Images/539493431_744eb1abaa.jpg,baseball glove,0.5557434558868408,304.8869934082031,305.989501953125,318.7375183105469,352.9911193847656,8
Flickr8K/539493431_744eb1abaa.jpg,/content/Image_captioning_Local/Flickr8K/Images/539493431_744eb1abaa.jpg,person,0.32495325803756714,51.30354309082031,172.4001007080078,60.530067443847656,193.6581268310547,8
Flickr8K/539493431_744eb1abaa.jpg,/content/Image_captioning_Local/Flickr8K/Images/539493431_744eb1abaa.jpg,person,0.3045952618122101,45.17116928100586,172.24163818359375,49.52729034423828,180.34959411621094,8
Flickr8K/539493431_744eb1abaa.jpg,/content/Image_captioning_Local/Flickr8K/Images/539493431_744eb1abaa.jpg,hot dog,0.2858618199825287,254.895263671875,223.0936279296875,271.1693115234375,256.5123291015625,8
Flickr8K/539493431_744eb1abaa.jpg,/content/Image_captioning_Local/Flickr8K/Images/539493431_744eb1abaa.jpg,bench,0.27426043152809143,62.660247802734375,193.1031494140625,96.11183166503906,209.34750366210938,8
Flickr8K/539493431_744eb1abaa.jpg,/content/Image_captioning_Local/Flickr8K/Images/539493431_744eb1abaa.jpg,bench,0.2599490284919739,52.98319625854492,193.07164001464844,96.01325988769531,213.50350952148438,8
Flickr8K/539667015_fd0a3bea07.jpg,/content/Image_captioning_Local/Flickr8K/Images/539667015_fd0a3bea07.jpg,person,0.9557535648345947,201.55238342285156,141.712890625,467.4081726074219,279.0257873535156,1
Flickr8K/539676201_c8f1f04952.jpg,/content/Image_captioning_Local/Flickr8K/Images/539676201_c8f1f04952.jpg,person,0.921777069568634,137.07810974121094,177.54998779296875,300.1700744628906,318.1947326660156,3
Flickr8K/539676201_c8f1f04952.jpg,/content/Image_captioning_Local/Flickr8K/Images/539676201_c8f1f04952.jpg,backpack,0.692785382270813,31.858898162841797,246.51995849609375,164.0720977783203,331.95599365234375,3
Flickr8K/539676201_c8f1f04952.jpg,/content/Image_captioning_Local/Flickr8K/Images/539676201_c8f1f04952.jpg,surfboard,0.2946407198905945,122.73037719726562,326.9839782714844,150.67144775390625,335.6037902832031,3
Flickr8K/539705321_99406e5820.jpg,/content/Image_captioning_Local/Flickr8K/Images/539705321_99406e5820.jpg,sports ball,0.9547190070152283,368.5194091796875,240.58738708496094,441.92950439453125,313.8547058105469,7
Flickr8K/539705321_99406e5820.jpg,/content/Image_captioning_Local/Flickr8K/Images/539705321_99406e5820.jpg,person,0.9479215145111084,345.5068359375,52.41433334350586,451.3735656738281,201.02096557617188,7
Flickr8K/539705321_99406e5820.jpg,/content/Image_captioning_Local/Flickr8K/Images/539705321_99406e5820.jpg,person,0.9433985948562622,196.47764587402344,35.46949005126953,344.6800842285156,238.69561767578125,7
Flickr8K/539705321_99406e5820.jpg,/content/Image_captioning_Local/Flickr8K/Images/539705321_99406e5820.jpg,person,0.9351487755775452,60.366329193115234,59.8851318359375,95.83171844482422,146.03273010253906,7
Flickr8K/539705321_99406e5820.jpg,/content/Image_captioning_Local/Flickr8K/Images/539705321_99406e5820.jpg,person,0.8720954060554504,125.5510025024414,77.19960021972656,296.5663757324219,237.8428192138672,7
Flickr8K/539705321_99406e5820.jpg,/content/Image_captioning_Local/Flickr8K/Images/539705321_99406e5820.jpg,person,0.7359133362770081,390.5989074707031,37.10316848754883,419.86590576171875,88.99697875976562,7
Flickr8K/539705321_99406e5820.jpg,/content/Image_captioning_Local/Flickr8K/Images/539705321_99406e5820.jpg,person,0.4102482199668884,58.27934265136719,61.32224655151367,72.61634826660156,82.0624008178711,7
Flickr8K/539744890_85e63f5854.jpg,/content/Image_captioning_Local/Flickr8K/Images/539744890_85e63f5854.jpg,person,0.9443588256835938,19.7912540435791,150.11241149902344,153.47044372558594,499.1495056152344,6
Flickr8K/539744890_85e63f5854.jpg,/content/Image_captioning_Local/Flickr8K/Images/539744890_85e63f5854.jpg,person,0.7299934029579163,42.380096435546875,0.2933293581008911,99.67426300048828,193.97885131835938,6
Flickr8K/539744890_85e63f5854.jpg,/content/Image_captioning_Local/Flickr8K/Images/539744890_85e63f5854.jpg,bench,0.513978898525238,-0.059703290462493896,255.0103302001953,66.43585205078125,341.2469787597656,6
Flickr8K/539744890_85e63f5854.jpg,/content/Image_captioning_Local/Flickr8K/Images/539744890_85e63f5854.jpg,car,0.35017427802085876,124.45994567871094,126.5899658203125,136.5957489013672,135.71644592285156,6
Flickr8K/539744890_85e63f5854.jpg,/content/Image_captioning_Local/Flickr8K/Images/539744890_85e63f5854.jpg,tennis racket,0.30653107166290283,130.85081481933594,204.41172790527344,180.0563201904297,261.82427978515625,6
Flickr8K/539744890_85e63f5854.jpg,/content/Image_captioning_Local/Flickr8K/Images/539744890_85e63f5854.jpg,person,0.30074602365493774,19.864362716674805,0.22205710411071777,99.66127014160156,216.7886505126953,6
Flickr8K/539750844_02a07ec524.jpg,/content/Image_captioning_Local/Flickr8K/Images/539750844_02a07ec524.jpg,dog,0.9700794816017151,27.805498123168945,117.52864837646484,329.4952087402344,499.75775146484375,2
Flickr8K/539750844_02a07ec524.jpg,/content/Image_captioning_Local/Flickr8K/Images/539750844_02a07ec524.jpg,sports ball,0.9521753787994385,314.8409118652344,-0.08230656385421753,428.773193359375,88.83126831054688,2
Flickr8K/539751252_2bd88c456b.jpg,/content/Image_captioning_Local/Flickr8K/Images/539751252_2bd88c456b.jpg,person,0.9508334398269653,135.32406616210938,15.94519329071045,377.99078369140625,304.424560546875,3
Flickr8K/539751252_2bd88c456b.jpg,/content/Image_captioning_Local/Flickr8K/Images/539751252_2bd88c456b.jpg,chair,0.7492585182189941,17.345123291015625,0.4326176643371582,89.79608154296875,89.31072998046875,3
Flickr8K/539751252_2bd88c456b.jpg,/content/Image_captioning_Local/Flickr8K/Images/539751252_2bd88c456b.jpg,chair,0.7369621396064758,0.14650821685791016,84.44107818603516,166.8677978515625,200.3284149169922,3
Flickr8K/539761097_5c6c70425b.jpg,/content/Image_captioning_Local/Flickr8K/Images/539761097_5c6c70425b.jpg,dog,0.9567051529884338,17.645540237426758,193.6510772705078,232.3426055908203,498.78472900390625,5
Flickr8K/539761097_5c6c70425b.jpg,/content/Image_captioning_Local/Flickr8K/Images/539761097_5c6c70425b.jpg,person,0.9062803387641907,125.65567016601562,78.82991790771484,289.92047119140625,326.46649169921875,5
Flickr8K/539761097_5c6c70425b.jpg,/content/Image_captioning_Local/Flickr8K/Images/539761097_5c6c70425b.jpg,couch,0.36276504397392273,255.14556884765625,39.8176155090332,337.85479736328125,279.1658020019531,5
Flickr8K/539761097_5c6c70425b.jpg,/content/Image_captioning_Local/Flickr8K/Images/539761097_5c6c70425b.jpg,remote,0.3609178960323334,319.1944274902344,41.28945541381836,337.8504943847656,50.515377044677734,5
Flickr8K/539761097_5c6c70425b.jpg,/content/Image_captioning_Local/Flickr8K/Images/539761097_5c6c70425b.jpg,couch,0.2967126667499542,255.61814880371094,41.5234489440918,337.9295654296875,190.58502197265625,5
Flickr8K/539801139_7258ee437f.jpg,/content/Image_captioning_Local/Flickr8K/Images/539801139_7258ee437f.jpg,person,0.9329138994216919,229.86302185058594,0.09975790977478027,499.7788391113281,327.1776428222656,2
Flickr8K/539801139_7258ee437f.jpg,/content/Image_captioning_Local/Flickr8K/Images/539801139_7258ee437f.jpg,person,0.879938006401062,192.0753173828125,14.567500114440918,299.9609375,325.94140625,2
Flickr8K/540338917_57069687be.jpg,/content/Image_captioning_Local/Flickr8K/Images/540338917_57069687be.jpg,person,0.9329948425292969,148.20570373535156,148.83181762695312,218.05160522460938,310.2923278808594,1
Flickr8K/540604040_bec822c144.jpg,/content/Image_captioning_Local/Flickr8K/Images/540604040_bec822c144.jpg,person,0.9549130201339722,46.548099517822266,50.16838073730469,233.26327514648438,304.3754577636719,2
Flickr8K/540604040_bec822c144.jpg,/content/Image_captioning_Local/Flickr8K/Images/540604040_bec822c144.jpg,person,0.49209433794021606,126.709228515625,-0.26977622509002686,204.42225646972656,28.254596710205078,2
Flickr8K/540721368_12ac732c6c.jpg,/content/Image_captioning_Local/Flickr8K/Images/540721368_12ac732c6c.jpg,person,0.9388198852539062,56.86403274536133,92.52500915527344,290.67010498046875,499.55523681640625,14
Flickr8K/540721368_12ac732c6c.jpg,/content/Image_captioning_Local/Flickr8K/Images/540721368_12ac732c6c.jpg,person,0.7421983480453491,-0.22265875339508057,172.86727905273438,114.45574188232422,499.2204284667969,14
Flickr8K/540721368_12ac732c6c.jpg,/content/Image_captioning_Local/Flickr8K/Images/540721368_12ac732c6c.jpg,cell phone,0.6469672918319702,180.7903289794922,206.78170776367188,199.73951721191406,224.63775634765625,14
Flickr8K/540721368_12ac732c6c.jpg,/content/Image_captioning_Local/Flickr8K/Images/540721368_12ac732c6c.jpg,person,0.6041649580001831,241.52960205078125,0.5241483449935913,332.9642639160156,249.38803100585938,14
Flickr8K/540721368_12ac732c6c.jpg,/content/Image_captioning_Local/Flickr8K/Images/540721368_12ac732c6c.jpg,person,0.5923358201980591,252.85342407226562,246.9249725341797,332.9052734375,499.7401428222656,14
Flickr8K/540721368_12ac732c6c.jpg,/content/Image_captioning_Local/Flickr8K/Images/540721368_12ac732c6c.jpg,person,0.3495829999446869,242.4083709716797,0.6481856107711792,332.98162841796875,499.98992919921875,14
Flickr8K/540721368_12ac732c6c.jpg,/content/Image_captioning_Local/Flickr8K/Images/540721368_12ac732c6c.jpg,backpack,0.34956109523773193,277.2566223144531,219.2047576904297,332.8376159667969,302.6729431152344,14
Flickr8K/540721368_12ac732c6c.jpg,/content/Image_captioning_Local/Flickr8K/Images/540721368_12ac732c6c.jpg,person,0.34064239263534546,0.026215944439172745,142.68377685546875,40.97548294067383,293.9458312988281,14
Flickr8K/540721368_12ac732c6c.jpg,/content/Image_captioning_Local/Flickr8K/Images/540721368_12ac732c6c.jpg,person,0.3362591862678528,0.031882647424936295,141.52679443359375,40.912574768066406,439.7974853515625,14
Flickr8K/540721368_12ac732c6c.jpg,/content/Image_captioning_Local/Flickr8K/Images/540721368_12ac732c6c.jpg,person,0.32938095927238464,274.2840576171875,264.8099670410156,332.832763671875,499.9426574707031,14
Flickr8K/540721368_12ac732c6c.jpg,/content/Image_captioning_Local/Flickr8K/Images/540721368_12ac732c6c.jpg,person,0.3156861662864685,272.043212890625,219.12477111816406,333.0124206542969,499.7086181640625,14
Flickr8K/540721368_12ac732c6c.jpg,/content/Image_captioning_Local/Flickr8K/Images/540721368_12ac732c6c.jpg,umbrella,0.29410162568092346,0.09483540058135986,-0.12916326522827148,288.0264587402344,147.13912963867188,14
Flickr8K/540721368_12ac732c6c.jpg,/content/Image_captioning_Local/Flickr8K/Images/540721368_12ac732c6c.jpg,handbag,0.2923227548599243,246.1417694091797,100.63250732421875,268.624267578125,162.71697998046875,14
Flickr8K/540721368_12ac732c6c.jpg,/content/Image_captioning_Local/Flickr8K/Images/540721368_12ac732c6c.jpg,person,0.2743576169013977,0.027545783668756485,142.73092651367188,39.7464714050293,258.8945007324219,14
Flickr8K/540873795_ae62ae6f60.jpg,/content/Image_captioning_Local/Flickr8K/Images/540873795_ae62ae6f60.jpg,person,0.9400112628936768,36.72288131713867,131.34078979492188,193.9703369140625,415.7594299316406,3
Flickr8K/540873795_ae62ae6f60.jpg,/content/Image_captioning_Local/Flickr8K/Images/540873795_ae62ae6f60.jpg,bench,0.8531849980354309,0.08984354138374329,207.32810974121094,333.02099609375,441.5154724121094,3
Flickr8K/540873795_ae62ae6f60.jpg,/content/Image_captioning_Local/Flickr8K/Images/540873795_ae62ae6f60.jpg,bench,0.3203045129776001,0.0296013280749321,207.45626831054688,55.940303802490234,443.21856689453125,3
Flickr8K/541046380_513e295384.jpg,/content/Image_captioning_Local/Flickr8K/Images/541046380_513e295384.jpg,person,0.9488540291786194,54.654598236083984,101.26995849609375,275.9404602050781,498.9569091796875,12
Flickr8K/541046380_513e295384.jpg,/content/Image_captioning_Local/Flickr8K/Images/541046380_513e295384.jpg,person,0.9312193393707275,251.68350219726562,46.944664001464844,379.9888916015625,498.54815673828125,12
Flickr8K/541046380_513e295384.jpg,/content/Image_captioning_Local/Flickr8K/Images/541046380_513e295384.jpg,person,0.8925155997276306,222.57908630371094,252.4639892578125,265.9927062988281,388.65093994140625,12
Flickr8K/541046380_513e295384.jpg,/content/Image_captioning_Local/Flickr8K/Images/541046380_513e295384.jpg,kite,0.8136184215545654,17.889293670654297,411.945556640625,121.37561798095703,499.6710205078125,12
Flickr8K/541046380_513e295384.jpg,/content/Image_captioning_Local/Flickr8K/Images/541046380_513e295384.jpg,person,0.8093957304954529,228.8824005126953,216.1505889892578,273.17047119140625,283.7452697753906,12
Flickr8K/541046380_513e295384.jpg,/content/Image_captioning_Local/Flickr8K/Images/541046380_513e295384.jpg,teddy bear,0.7810841798782349,0.11454835534095764,168.44061279296875,59.125423431396484,291.7066650390625,12
Flickr8K/541046380_513e295384.jpg,/content/Image_captioning_Local/Flickr8K/Images/541046380_513e295384.jpg,person,0.7366167902946472,197.90594482421875,231.82135009765625,221.74501037597656,337.0303649902344,12
Flickr8K/541046380_513e295384.jpg,/content/Image_captioning_Local/Flickr8K/Images/541046380_513e295384.jpg,person,0.46161213517189026,209.69256591796875,220.1132049560547,229.94920349121094,259.01763916015625,12
Flickr8K/541046380_513e295384.jpg,/content/Image_captioning_Local/Flickr8K/Images/541046380_513e295384.jpg,teddy bear,0.39179855585098267,48.48628234863281,-0.067196786403656,134.27572631835938,63.63163757324219,12
Flickr8K/541046380_513e295384.jpg,/content/Image_captioning_Local/Flickr8K/Images/541046380_513e295384.jpg,person,0.2992970049381256,209.5210418701172,220.43359375,232.40550231933594,307.114013671875,12
Flickr8K/541046380_513e295384.jpg,/content/Image_captioning_Local/Flickr8K/Images/541046380_513e295384.jpg,person,0.2846085727214813,334.9830322265625,160.0570526123047,380.0445251464844,267.2305603027344,12
Flickr8K/541046380_513e295384.jpg,/content/Image_captioning_Local/Flickr8K/Images/541046380_513e295384.jpg,person,0.2607889473438263,197.91937255859375,232.323974609375,236.99148559570312,388.065185546875,12
Flickr8K/541063419_a5f3672d59.jpg,/content/Image_captioning_Local/Flickr8K/Images/541063419_a5f3672d59.jpg,person,0.9459558725357056,365.9797668457031,46.61582946777344,441.5931396484375,139.53756713867188,4
Flickr8K/541063419_a5f3672d59.jpg,/content/Image_captioning_Local/Flickr8K/Images/541063419_a5f3672d59.jpg,person,0.5023810863494873,410.596923828125,63.43706512451172,425.3863525390625,77.54666900634766,4
Flickr8K/541063419_a5f3672d59.jpg,/content/Image_captioning_Local/Flickr8K/Images/541063419_a5f3672d59.jpg,person,0.37986311316490173,410.1544189453125,63.60213851928711,441.389404296875,136.5775604248047,4
Flickr8K/541063419_a5f3672d59.jpg,/content/Image_captioning_Local/Flickr8K/Images/541063419_a5f3672d59.jpg,person,0.29392921924591064,410.3995361328125,63.30638122558594,441.3814392089844,123.61157989501953,4
Flickr8K/541063517_35044c554a.jpg,/content/Image_captioning_Local/Flickr8K/Images/541063517_35044c554a.jpg,person,0.9170043468475342,66.94210052490234,34.756893157958984,210.0210418701172,300.9781494140625,4
Flickr8K/541063517_35044c554a.jpg,/content/Image_captioning_Local/Flickr8K/Images/541063517_35044c554a.jpg,backpack,0.7123039364814758,30.290376663208008,87.90593719482422,80.26365661621094,195.44166564941406,4
Flickr8K/541063517_35044c554a.jpg,/content/Image_captioning_Local/Flickr8K/Images/541063517_35044c554a.jpg,backpack,0.6380346417427063,121.27755737304688,137.4910125732422,154.94723510742188,173.83924865722656,4
Flickr8K/541063517_35044c554a.jpg,/content/Image_captioning_Local/Flickr8K/Images/541063517_35044c554a.jpg,backpack,0.4345497786998749,30.44425392150879,80.6911849975586,121.3738021850586,195.6622772216797,4
Flickr8K/542179694_e170e9e465.jpg,/content/Image_captioning_Local/Flickr8K/Images/542179694_e170e9e465.jpg,person,0.9555789232254028,77.27983856201172,111.16476440429688,144.40077209472656,301.3757019042969,13
Flickr8K/542179694_e170e9e465.jpg,/content/Image_captioning_Local/Flickr8K/Images/542179694_e170e9e465.jpg,person,0.9006154537200928,458.3519287109375,140.4755401611328,479.8146057128906,195.21226501464844,13
Flickr8K/542179694_e170e9e465.jpg,/content/Image_captioning_Local/Flickr8K/Images/542179694_e170e9e465.jpg,dog,0.8772745728492737,28.342599868774414,228.67457580566406,58.359371185302734,293.6495666503906,13
Flickr8K/542179694_e170e9e465.jpg,/content/Image_captioning_Local/Flickr8K/Images/542179694_e170e9e465.jpg,person,0.868809163570404,267.8908996582031,137.61959838867188,289.08868408203125,215.19741821289062,13
Flickr8K/542179694_e170e9e465.jpg,/content/Image_captioning_Local/Flickr8K/Images/542179694_e170e9e465.jpg,truck,0.8503488302230835,176.6303253173828,78.62832641601562,452.93389892578125,191.700927734375,13
Flickr8K/542179694_e170e9e465.jpg,/content/Image_captioning_Local/Flickr8K/Images/542179694_e170e9e465.jpg,person,0.7834610939025879,219.85032653808594,137.94296264648438,252.36611938476562,207.54910278320312,13
Flickr8K/542179694_e170e9e465.jpg,/content/Image_captioning_Local/Flickr8K/Images/542179694_e170e9e465.jpg,person,0.5536999702453613,234.30307006835938,137.70346069335938,254.8199005126953,203.9945831298828,13
Flickr8K/542179694_e170e9e465.jpg,/content/Image_captioning_Local/Flickr8K/Images/542179694_e170e9e465.jpg,person,0.5345450043678284,265.12774658203125,130.72940063476562,278.2550048828125,199.68939208984375,13
Flickr8K/542179694_e170e9e465.jpg,/content/Image_captioning_Local/Flickr8K/Images/542179694_e170e9e465.jpg,dog,0.4395788908004761,0.010382384061813354,231.4027862548828,17.87900161743164,296.6211242675781,13
Flickr8K/542179694_e170e9e465.jpg,/content/Image_captioning_Local/Flickr8K/Images/542179694_e170e9e465.jpg,person,0.4340982437133789,219.69969177246094,137.4888458251953,242.06541442871094,207.23953247070312,13
Flickr8K/542179694_e170e9e465.jpg,/content/Image_captioning_Local/Flickr8K/Images/542179694_e170e9e465.jpg,person,0.39414140582084656,266.7085266113281,129.4286346435547,278.4040832519531,170.1158905029297,13
Flickr8K/542179694_e170e9e465.jpg,/content/Image_captioning_Local/Flickr8K/Images/542179694_e170e9e465.jpg,truck,0.3049977123737335,351.3514709472656,81.939697265625,452.58905029296875,189.8598175048828,13
Flickr8K/542179694_e170e9e465.jpg,/content/Image_captioning_Local/Flickr8K/Images/542179694_e170e9e465.jpg,truck,0.26074090600013733,351.81195068359375,106.31725311279297,451.3873596191406,189.71340942382812,13
Flickr8K/542269487_5d77b363eb.jpg,/content/Image_captioning_Local/Flickr8K/Images/542269487_5d77b363eb.jpg,person,0.9394069314002991,276.77532958984375,68.20460510253906,362.5744323730469,282.8011779785156,6
Flickr8K/542269487_5d77b363eb.jpg,/content/Image_captioning_Local/Flickr8K/Images/542269487_5d77b363eb.jpg,person,0.9384913444519043,74.0434341430664,66.48178100585938,111.03541564941406,168.20181274414062,6
Flickr8K/542269487_5d77b363eb.jpg,/content/Image_captioning_Local/Flickr8K/Images/542269487_5d77b363eb.jpg,person,0.9283706545829773,326.895263671875,82.23776245117188,405.2589111328125,265.3851013183594,6
Flickr8K/542269487_5d77b363eb.jpg,/content/Image_captioning_Local/Flickr8K/Images/542269487_5d77b363eb.jpg,bench,0.9151185154914856,41.046180725097656,115.98703002929688,284.4303283691406,166.62319946289062,6
Flickr8K/542269487_5d77b363eb.jpg,/content/Image_captioning_Local/Flickr8K/Images/542269487_5d77b363eb.jpg,bench,0.5191066265106201,367.5239562988281,123.00208282470703,500.03070068359375,171.99237060546875,6
Flickr8K/542269487_5d77b363eb.jpg,/content/Image_captioning_Local/Flickr8K/Images/542269487_5d77b363eb.jpg,bench,0.2503300607204437,40.438636779785156,116.69767761230469,500.102294921875,170.50535583496094,6
Flickr8K/542317719_ed4dd95dc2.jpg,/content/Image_captioning_Local/Flickr8K/Images/542317719_ed4dd95dc2.jpg,person,0.9679139256477356,152.9456787109375,46.958396911621094,466.0911560058594,331.4555969238281,4
Flickr8K/542317719_ed4dd95dc2.jpg,/content/Image_captioning_Local/Flickr8K/Images/542317719_ed4dd95dc2.jpg,bowl,0.3546972870826721,16.2044620513916,0.5040390491485596,497.8220520019531,251.294189453125,4
Flickr8K/542317719_ed4dd95dc2.jpg,/content/Image_captioning_Local/Flickr8K/Images/542317719_ed4dd95dc2.jpg,refrigerator,0.3249947726726532,0.3109872341156006,-0.1184455156326294,500.305419921875,331.87823486328125,4
Flickr8K/542317719_ed4dd95dc2.jpg,/content/Image_captioning_Local/Flickr8K/Images/542317719_ed4dd95dc2.jpg,toilet,0.28241971135139465,0.3109872341156006,-0.1184455156326294,500.305419921875,331.87823486328125,4
Flickr8K/542405691_0594b1ce72.jpg,/content/Image_captioning_Local/Flickr8K/Images/542405691_0594b1ce72.jpg,person,0.9677690863609314,197.0535125732422,-0.04430800676345825,355.2261657714844,189.43582153320312,13
Flickr8K/542405691_0594b1ce72.jpg,/content/Image_captioning_Local/Flickr8K/Images/542405691_0594b1ce72.jpg,sports ball,0.7741199135780334,57.360836029052734,154.08877563476562,97.87980651855469,188.5482177734375,13
Flickr8K/542405691_0594b1ce72.jpg,/content/Image_captioning_Local/Flickr8K/Images/542405691_0594b1ce72.jpg,dog,0.5537077188491821,351.3673095703125,35.10346603393555,454.0426940917969,97.45323181152344,13
Flickr8K/542405691_0594b1ce72.jpg,/content/Image_captioning_Local/Flickr8K/Images/542405691_0594b1ce72.jpg,truck,0.3884549140930176,209.0688018798828,277.1686706542969,383.2419128417969,335.1456298828125,13
Flickr8K/542405691_0594b1ce72.jpg,/content/Image_captioning_Local/Flickr8K/Images/542405691_0594b1ce72.jpg,truck,0.3540796637535095,408.35272216796875,74.01181030273438,499.9896240234375,151.5046844482422,13
Flickr8K/542405691_0594b1ce72.jpg,/content/Image_captioning_Local/Flickr8K/Images/542405691_0594b1ce72.jpg,truck,0.31127384305000305,208.84976196289062,276.97137451171875,383.6903381347656,335.0694580078125,13
Flickr8K/542405691_0594b1ce72.jpg,/content/Image_captioning_Local/Flickr8K/Images/542405691_0594b1ce72.jpg,remote,0.30144140124320984,0.177064910531044,89.82720184326172,37.291019439697266,109.92311096191406,13
Flickr8K/542405691_0594b1ce72.jpg,/content/Image_captioning_Local/Flickr8K/Images/542405691_0594b1ce72.jpg,teddy bear,0.29087477922439575,112.40220642089844,-0.04595782607793808,169.96900939941406,53.06020736694336,13
Flickr8K/542405691_0594b1ce72.jpg,/content/Image_captioning_Local/Flickr8K/Images/542405691_0594b1ce72.jpg,bed,0.28751280903816223,0.8071213960647583,1.6614453792572021,298.61187744140625,123.0662612915039,13
Flickr8K/542405691_0594b1ce72.jpg,/content/Image_captioning_Local/Flickr8K/Images/542405691_0594b1ce72.jpg,train,0.2861308753490448,329.3474426269531,307.0716247558594,383.1623840332031,335.0368957519531,13
Flickr8K/542405691_0594b1ce72.jpg,/content/Image_captioning_Local/Flickr8K/Images/542405691_0594b1ce72.jpg,bed,0.2587718069553375,0.21925568580627441,14.907487869262695,296.71417236328125,123.90685272216797,13
Flickr8K/542405691_0594b1ce72.jpg,/content/Image_captioning_Local/Flickr8K/Images/542405691_0594b1ce72.jpg,truck,0.254474937915802,408.0302734375,74.34944915771484,499.8880615234375,151.5594024658203,13
Flickr8K/542405691_0594b1ce72.jpg,/content/Image_captioning_Local/Flickr8K/Images/542405691_0594b1ce72.jpg,truck,0.2521325349807739,329.3474426269531,307.0716247558594,383.1623840332031,335.0368957519531,13
Flickr8K/542648687_adf13c406b.jpg,/content/Image_captioning_Local/Flickr8K/Images/542648687_adf13c406b.jpg,dog,0.9569031000137329,104.47393035888672,159.93397521972656,372.4407043457031,333.9563293457031,2
Flickr8K/542648687_adf13c406b.jpg,/content/Image_captioning_Local/Flickr8K/Images/542648687_adf13c406b.jpg,dog,0.9520537257194519,284.88134765625,165.41783142089844,431.9041442871094,269.2812805175781,2
Flickr8K/543007912_23fc735b99.jpg,/content/Image_captioning_Local/Flickr8K/Images/543007912_23fc735b99.jpg,person,0.9507657289505005,168.0169677734375,60.701087951660156,325.0450744628906,442.6745300292969,3
Flickr8K/543007912_23fc735b99.jpg,/content/Image_captioning_Local/Flickr8K/Images/543007912_23fc735b99.jpg,person,0.9451780915260315,8.407880783081055,54.24808120727539,191.41859436035156,409.89697265625,3
Flickr8K/543007912_23fc735b99.jpg,/content/Image_captioning_Local/Flickr8K/Images/543007912_23fc735b99.jpg,bench,0.2642002999782562,0.2413039207458496,77.13893127441406,224.31471252441406,141.64564514160156,3
Flickr8K/543102698_38e7e38bbc.jpg,/content/Image_captioning_Local/Flickr8K/Images/543102698_38e7e38bbc.jpg,person,0.9592684507369995,213.18307495117188,212.67112731933594,367.04364013671875,499.38055419921875,6
Flickr8K/543102698_38e7e38bbc.jpg,/content/Image_captioning_Local/Flickr8K/Images/543102698_38e7e38bbc.jpg,person,0.9091931581497192,44.23843765258789,53.325416564941406,108.54365539550781,340.0877685546875,6
Flickr8K/543102698_38e7e38bbc.jpg,/content/Image_captioning_Local/Flickr8K/Images/543102698_38e7e38bbc.jpg,fire hydrant,0.4510578513145447,76.3494873046875,58.552978515625,195.0581512451172,470.322021484375,6
Flickr8K/543102698_38e7e38bbc.jpg,/content/Image_captioning_Local/Flickr8K/Images/543102698_38e7e38bbc.jpg,fire hydrant,0.3258628845214844,39.32538604736328,57.4132194519043,197.63885498046875,470.0918884277344,6
Flickr8K/543102698_38e7e38bbc.jpg,/content/Image_captioning_Local/Flickr8K/Images/543102698_38e7e38bbc.jpg,bench,0.2719030976295471,168.2636260986328,362.2112731933594,373.8686828613281,448.17144775390625,6
Flickr8K/543102698_38e7e38bbc.jpg,/content/Image_captioning_Local/Flickr8K/Images/543102698_38e7e38bbc.jpg,bench,0.26781055331230164,304.3996887207031,380.717529296875,374.1282958984375,450.2859191894531,6
Flickr8K/543264612_c53cc163b4.jpg,/content/Image_captioning_Local/Flickr8K/Images/543264612_c53cc163b4.jpg,person,0.9734435677528381,67.7314682006836,-0.5498975515365601,266.5881652832031,499.2895812988281,9
Flickr8K/543264612_c53cc163b4.jpg,/content/Image_captioning_Local/Flickr8K/Images/543264612_c53cc163b4.jpg,potted plant,0.4952552616596222,-0.015233606100082397,12.15400218963623,68.90962219238281,119.73656463623047,9
Flickr8K/543264612_c53cc163b4.jpg,/content/Image_captioning_Local/Flickr8K/Images/543264612_c53cc163b4.jpg,couch,0.40867680311203003,-0.05062320828437805,102.32979583740234,332.8986511230469,262.2624816894531,9
Flickr8K/543264612_c53cc163b4.jpg,/content/Image_captioning_Local/Flickr8K/Images/543264612_c53cc163b4.jpg,handbag,0.4021141827106476,233.4715576171875,319.9990234375,264.5587463378906,395.98492431640625,9
Flickr8K/543264612_c53cc163b4.jpg,/content/Image_captioning_Local/Flickr8K/Images/543264612_c53cc163b4.jpg,handbag,0.31235843896865845,54.186161041259766,329.044677734375,110.32113647460938,406.93292236328125,9
Flickr8K/543264612_c53cc163b4.jpg,/content/Image_captioning_Local/Flickr8K/Images/543264612_c53cc163b4.jpg,chair,0.2867991030216217,72.39909362792969,43.073482513427734,121.72843170166016,122.03706359863281,9
Flickr8K/543264612_c53cc163b4.jpg,/content/Image_captioning_Local/Flickr8K/Images/543264612_c53cc163b4.jpg,couch,0.26002874970436096,-0.06260168552398682,94.7142333984375,123.89202880859375,238.3155517578125,9
Flickr8K/543264612_c53cc163b4.jpg,/content/Image_captioning_Local/Flickr8K/Images/543264612_c53cc163b4.jpg,couch,0.25408801436424255,-0.04520957171916962,108.06785583496094,86.07392120361328,237.7269744873047,9
Flickr8K/543264612_c53cc163b4.jpg,/content/Image_captioning_Local/Flickr8K/Images/543264612_c53cc163b4.jpg,potted plant,0.2519805431365967,-0.1438905894756317,11.796220779418945,70.791015625,237.80120849609375,9
Flickr8K/543291644_64539956e9.jpg,/content/Image_captioning_Local/Flickr8K/Images/543291644_64539956e9.jpg,person,0.9548483490943909,0.1827649474143982,64.74781036376953,224.5059051513672,499.4745788574219,6
Flickr8K/543291644_64539956e9.jpg,/content/Image_captioning_Local/Flickr8K/Images/543291644_64539956e9.jpg,bottle,0.9535382986068726,43.94993209838867,239.42369079589844,163.4733428955078,372.6490173339844,6
Flickr8K/543291644_64539956e9.jpg,/content/Image_captioning_Local/Flickr8K/Images/543291644_64539956e9.jpg,person,0.9382738471031189,199.8800506591797,29.572233200073242,333.6921081542969,499.09991455078125,6
Flickr8K/543291644_64539956e9.jpg,/content/Image_captioning_Local/Flickr8K/Images/543291644_64539956e9.jpg,person,0.7957083582878113,-0.008356362581253052,35.905704498291016,104.69734954833984,498.01080322265625,6
Flickr8K/543291644_64539956e9.jpg,/content/Image_captioning_Local/Flickr8K/Images/543291644_64539956e9.jpg,person,0.4521247148513794,-0.1027996838092804,36.289737701416016,104.7657699584961,189.47970581054688,6
Flickr8K/543291644_64539956e9.jpg,/content/Image_captioning_Local/Flickr8K/Images/543291644_64539956e9.jpg,backpack,0.3204006850719452,203.80384826660156,100.63507080078125,301.8215637207031,194.03985595703125,6
Flickr8K/543326592_70bd4d8602.jpg,/content/Image_captioning_Local/Flickr8K/Images/543326592_70bd4d8602.jpg,person,0.9193242192268372,25.727994918823242,45.369625091552734,169.77978515625,385.6018371582031,35
Flickr8K/543326592_70bd4d8602.jpg,/content/Image_captioning_Local/Flickr8K/Images/543326592_70bd4d8602.jpg,person,0.8857578039169312,378.0462646484375,171.77862548828125,497.5577697753906,386.5224609375,35
Flickr8K/543326592_70bd4d8602.jpg,/content/Image_captioning_Local/Flickr8K/Images/543326592_70bd4d8602.jpg,person,0.7405999898910522,322.20220947265625,109.53605651855469,358.6949768066406,240.47630310058594,35
Flickr8K/543326592_70bd4d8602.jpg,/content/Image_captioning_Local/Flickr8K/Images/543326592_70bd4d8602.jpg,person,0.732550323009491,209.7542266845703,224.06930541992188,306.68353271484375,352.2645568847656,35
Flickr8K/543326592_70bd4d8602.jpg,/content/Image_captioning_Local/Flickr8K/Images/543326592_70bd4d8602.jpg,bottle,0.6972485780715942,359.2519226074219,208.89743041992188,391.8139343261719,241.45779418945312,35
Flickr8K/543326592_70bd4d8602.jpg,/content/Image_captioning_Local/Flickr8K/Images/543326592_70bd4d8602.jpg,person,0.6631718277931213,279.2680358886719,106.82128143310547,325.9724426269531,261.9281005859375,35
Flickr8K/543326592_70bd4d8602.jpg,/content/Image_captioning_Local/Flickr8K/Images/543326592_70bd4d8602.jpg,person,0.655389666557312,326.4664001464844,221.65049743652344,390.041748046875,353.13812255859375,35
Flickr8K/543326592_70bd4d8602.jpg,/content/Image_captioning_Local/Flickr8K/Images/543326592_70bd4d8602.jpg,person,0.6195228099822998,204.14306640625,180.0472869873047,252.43402099609375,240.65867614746094,35
Flickr8K/543326592_70bd4d8602.jpg,/content/Image_captioning_Local/Flickr8K/Images/543326592_70bd4d8602.jpg,person,0.572025716304779,447.0711975097656,222.0264892578125,500.07684326171875,347.80377197265625,35
Flickr8K/543326592_70bd4d8602.jpg,/content/Image_captioning_Local/Flickr8K/Images/543326592_70bd4d8602.jpg,person,0.5593981146812439,403.8369445800781,116.08445739746094,459.5128479003906,219.19517517089844,35
Flickr8K/543326592_70bd4d8602.jpg,/content/Image_captioning_Local/Flickr8K/Images/543326592_70bd4d8602.jpg,handbag,0.5439109206199646,291.36517333984375,344.2879638671875,375.1805114746094,386.86651611328125,35
Flickr8K/543326592_70bd4d8602.jpg,/content/Image_captioning_Local/Flickr8K/Images/543326592_70bd4d8602.jpg,person,0.4267118573188782,149.625732421875,116.49636840820312,190.4435272216797,231.24093627929688,35
Flickr8K/543326592_70bd4d8602.jpg,/content/Image_captioning_Local/Flickr8K/Images/543326592_70bd4d8602.jpg,backpack,0.4104973077774048,305.2529602050781,263.62554931640625,345.5899963378906,329.03192138671875,35
Flickr8K/543326592_70bd4d8602.jpg,/content/Image_captioning_Local/Flickr8K/Images/543326592_70bd4d8602.jpg,person,0.40372124314308167,455.2327880859375,125.28294372558594,483.19207763671875,206.21231079101562,35
Flickr8K/543326592_70bd4d8602.jpg,/content/Image_captioning_Local/Flickr8K/Images/543326592_70bd4d8602.jpg,person,0.38798093795776367,22.0181827545166,102.51386260986328,46.3647346496582,166.40321350097656,35
Flickr8K/543326592_70bd4d8602.jpg,/content/Image_captioning_Local/Flickr8K/Images/543326592_70bd4d8602.jpg,person,0.3869169056415558,185.7650604248047,107.97700500488281,207.90321350097656,176.16954040527344,35
Flickr8K/543326592_70bd4d8602.jpg,/content/Image_captioning_Local/Flickr8K/Images/543326592_70bd4d8602.jpg,person,0.3750627934932709,148.813720703125,187.45628356933594,189.41091918945312,306.1878967285156,35
Flickr8K/543326592_70bd4d8602.jpg,/content/Image_captioning_Local/Flickr8K/Images/543326592_70bd4d8602.jpg,person,0.374556303024292,148.47242736816406,187.5701904296875,203.15707397460938,307.2013244628906,35
Flickr8K/543326592_70bd4d8602.jpg,/content/Image_captioning_Local/Flickr8K/Images/543326592_70bd4d8602.jpg,person,0.3466382920742035,262.6031494140625,126.05713653564453,281.7038269042969,176.25428771972656,35
Flickr8K/543326592_70bd4d8602.jpg,/content/Image_captioning_Local/Flickr8K/Images/543326592_70bd4d8602.jpg,person,0.33900558948516846,260.1233825683594,193.96763610839844,319.7470397949219,286.7226257324219,35
Flickr8K/543326592_70bd4d8602.jpg,/content/Image_captioning_Local/Flickr8K/Images/543326592_70bd4d8602.jpg,person,0.3389565348625183,351.6782531738281,129.09432983398438,376.3979797363281,213.89161682128906,35
Flickr8K/543326592_70bd4d8602.jpg,/content/Image_captioning_Local/Flickr8K/Images/543326592_70bd4d8602.jpg,person,0.3377496600151062,261.2864685058594,194.14234924316406,318.85211181640625,260.6991271972656,35
Flickr8K/543326592_70bd4d8602.jpg,/content/Image_captioning_Local/Flickr8K/Images/543326592_70bd4d8602.jpg,person,0.3281191289424896,225.75506591796875,116.73103332519531,246.39797973632812,163.76754760742188,35
Flickr8K/543326592_70bd4d8602.jpg,/content/Image_captioning_Local/Flickr8K/Images/543326592_70bd4d8602.jpg,person,0.3265271782875061,261.17877197265625,194.236572265625,295.3137512207031,243.87771606445312,35
Flickr8K/543326592_70bd4d8602.jpg,/content/Image_captioning_Local/Flickr8K/Images/543326592_70bd4d8602.jpg,backpack,0.3063585162162781,291.36517333984375,344.2879638671875,375.1805114746094,386.86651611328125,35
Flickr8K/543326592_70bd4d8602.jpg,/content/Image_captioning_Local/Flickr8K/Images/543326592_70bd4d8602.jpg,bottle,0.29826322197914124,11.115577697753906,325.5403137207031,32.438438415527344,376.476318359375,35
Flickr8K/543326592_70bd4d8602.jpg,/content/Image_captioning_Local/Flickr8K/Images/543326592_70bd4d8602.jpg,person,0.29428791999816895,-0.08822418749332428,164.54293823242188,39.9912223815918,304.7701110839844,35
Flickr8K/543326592_70bd4d8602.jpg,/content/Image_captioning_Local/Flickr8K/Images/543326592_70bd4d8602.jpg,backpack,0.27340519428253174,163.03602600097656,323.9161071777344,216.65560913085938,368.59185791015625,35
Flickr8K/543326592_70bd4d8602.jpg,/content/Image_captioning_Local/Flickr8K/Images/543326592_70bd4d8602.jpg,handbag,0.27151909470558167,46.280948638916016,174.32159423828125,93.75820922851562,228.8974609375,35
Flickr8K/543326592_70bd4d8602.jpg,/content/Image_captioning_Local/Flickr8K/Images/543326592_70bd4d8602.jpg,backpack,0.270849347114563,-0.0779908150434494,190.9827423095703,39.058349609375,278.29547119140625,35
Flickr8K/543326592_70bd4d8602.jpg,/content/Image_captioning_Local/Flickr8K/Images/543326592_70bd4d8602.jpg,person,0.27049562335014343,207.70556640625,118.90141296386719,227.00048828125,155.40159606933594,35
Flickr8K/543326592_70bd4d8602.jpg,/content/Image_captioning_Local/Flickr8K/Images/543326592_70bd4d8602.jpg,person,0.2684214413166046,481.4527893066406,119.77840423583984,500.27197265625,206.95896911621094,35
Flickr8K/543326592_70bd4d8602.jpg,/content/Image_captioning_Local/Flickr8K/Images/543326592_70bd4d8602.jpg,person,0.2642332911491394,189.92649841308594,159.35533142089844,219.7427215576172,209.5110321044922,35
Flickr8K/543326592_70bd4d8602.jpg,/content/Image_captioning_Local/Flickr8K/Images/543326592_70bd4d8602.jpg,person,0.25661420822143555,1.893031358718872,102.9866714477539,28.566394805908203,143.310546875,35
Flickr8K/543326592_70bd4d8602.jpg,/content/Image_captioning_Local/Flickr8K/Images/543326592_70bd4d8602.jpg,handbag,0.25619742274284363,106.6107177734375,200.37664794921875,145.20376586914062,233.46453857421875,35
Flickr8K/543363241_74d8246fab.jpg,/content/Image_captioning_Local/Flickr8K/Images/543363241_74d8246fab.jpg,person,0.9666891098022461,6.847836971282959,31.494171142578125,286.1506042480469,499.30889892578125,5
Flickr8K/543363241_74d8246fab.jpg,/content/Image_captioning_Local/Flickr8K/Images/543363241_74d8246fab.jpg,suitcase,0.6840668320655823,-0.1303921937942505,384.0006103515625,68.45912170410156,499.969482421875,5
Flickr8K/543363241_74d8246fab.jpg,/content/Image_captioning_Local/Flickr8K/Images/543363241_74d8246fab.jpg,person,0.43339017033576965,265.0821838378906,225.19847106933594,298.0563659667969,319.9011535644531,5
Flickr8K/543363241_74d8246fab.jpg,/content/Image_captioning_Local/Flickr8K/Images/543363241_74d8246fab.jpg,person,0.2952650785446167,260.0119934082031,223.39439392089844,297.958251953125,320.26959228515625,5
Flickr8K/543363241_74d8246fab.jpg,/content/Image_captioning_Local/Flickr8K/Images/543363241_74d8246fab.jpg,person,0.2631458640098572,0.10494231432676315,221.898193359375,20.340133666992188,342.8421630859375,5
Flickr8K/543603259_ef26d9c72d.jpg,/content/Image_captioning_Local/Flickr8K/Images/543603259_ef26d9c72d.jpg,person,0.9357856512069702,284.5736083984375,246.08883666992188,345.7782897949219,425.22332763671875,12
Flickr8K/543603259_ef26d9c72d.jpg,/content/Image_captioning_Local/Flickr8K/Images/543603259_ef26d9c72d.jpg,person,0.8989335894584656,26.16178321838379,117.7162857055664,185.57310485839844,424.98443603515625,12
Flickr8K/543603259_ef26d9c72d.jpg,/content/Image_captioning_Local/Flickr8K/Images/543603259_ef26d9c72d.jpg,handbag,0.8351607322692871,29.847673416137695,205.77264404296875,180.78720092773438,423.7008056640625,12
Flickr8K/543603259_ef26d9c72d.jpg,/content/Image_captioning_Local/Flickr8K/Images/543603259_ef26d9c72d.jpg,person,0.7961399555206299,1.2383460998535156,243.41812133789062,42.16782760620117,424.88958740234375,12
Flickr8K/543603259_ef26d9c72d.jpg,/content/Image_captioning_Local/Flickr8K/Images/543603259_ef26d9c72d.jpg,handbag,0.4938262104988098,62.573402404785156,204.80319213867188,202.58612060546875,367.8867492675781,12
Flickr8K/543603259_ef26d9c72d.jpg,/content/Image_captioning_Local/Flickr8K/Images/543603259_ef26d9c72d.jpg,backpack,0.44270285964012146,161.9810028076172,277.85662841796875,200.3477020263672,368.5030517578125,12
Flickr8K/543603259_ef26d9c72d.jpg,/content/Image_captioning_Local/Flickr8K/Images/543603259_ef26d9c72d.jpg,handbag,0.3650563657283783,20.12397003173828,293.9510192871094,47.015357971191406,337.2641296386719,12
Flickr8K/543603259_ef26d9c72d.jpg,/content/Image_captioning_Local/Flickr8K/Images/543603259_ef26d9c72d.jpg,backpack,0.3135579526424408,62.573402404785156,204.80319213867188,202.58612060546875,367.8867492675781,12
Flickr8K/543603259_ef26d9c72d.jpg,/content/Image_captioning_Local/Flickr8K/Images/543603259_ef26d9c72d.jpg,backpack,0.26524898409843445,161.829833984375,278.12005615234375,199.53668212890625,334.6739196777344,12
Flickr8K/543603259_ef26d9c72d.jpg,/content/Image_captioning_Local/Flickr8K/Images/543603259_ef26d9c72d.jpg,handbag,0.2592698931694031,31.683086395263672,322.6315612792969,179.96380615234375,423.30902099609375,12
Flickr8K/543603259_ef26d9c72d.jpg,/content/Image_captioning_Local/Flickr8K/Images/543603259_ef26d9c72d.jpg,backpack,0.25817376375198364,3.535376787185669,258.0931091308594,46.6389274597168,337.0637512207031,12
Flickr8K/543603259_ef26d9c72d.jpg,/content/Image_captioning_Local/Flickr8K/Images/543603259_ef26d9c72d.jpg,backpack,0.2538599669933319,162.0223846435547,278.53961181640625,203.82785034179688,425.560302734375,12
Flickr8K/543940240_a54a3c7989.jpg,/content/Image_captioning_Local/Flickr8K/Images/543940240_a54a3c7989.jpg,person,0.9532794952392578,194.6991424560547,50.2513313293457,297.5102844238281,277.0008544921875,6
Flickr8K/543940240_a54a3c7989.jpg,/content/Image_captioning_Local/Flickr8K/Images/543940240_a54a3c7989.jpg,person,0.9402132630348206,22.10582733154297,134.28469848632812,116.47099304199219,292.70111083984375,6
Flickr8K/543940240_a54a3c7989.jpg,/content/Image_captioning_Local/Flickr8K/Images/543940240_a54a3c7989.jpg,person,0.9364191889762878,304.2807312011719,236.12063598632812,394.26513671875,318.5155029296875,6
Flickr8K/543940240_a54a3c7989.jpg,/content/Image_captioning_Local/Flickr8K/Images/543940240_a54a3c7989.jpg,person,0.9290842413902283,137.818359375,92.72736358642578,218.7416534423828,226.3185577392578,6
Flickr8K/543940240_a54a3c7989.jpg,/content/Image_captioning_Local/Flickr8K/Images/543940240_a54a3c7989.jpg,sports ball,0.8684470653533936,209.7566375732422,264.4300842285156,227.08302307128906,276.1689758300781,6
Flickr8K/543940240_a54a3c7989.jpg,/content/Image_captioning_Local/Flickr8K/Images/543940240_a54a3c7989.jpg,tennis racket,0.27917876839637756,157.3496856689453,198.42393493652344,168.854248046875,259.6585998535156,6
Flickr8K/544122267_e9e0100bc5.jpg,/content/Image_captioning_Local/Flickr8K/Images/544122267_e9e0100bc5.jpg,person,0.9320472478866577,68.78398895263672,96.82810974121094,204.690673828125,311.3433837890625,11
Flickr8K/544122267_e9e0100bc5.jpg,/content/Image_captioning_Local/Flickr8K/Images/544122267_e9e0100bc5.jpg,potted plant,0.44851574301719666,224.82078552246094,0.46813488006591797,375.2276611328125,500.4437561035156,11
Flickr8K/544122267_e9e0100bc5.jpg,/content/Image_captioning_Local/Flickr8K/Images/544122267_e9e0100bc5.jpg,potted plant,0.4283342659473419,-0.04995614290237427,-0.4427880048751831,205.02459716796875,499.55218505859375,11
Flickr8K/544122267_e9e0100bc5.jpg,/content/Image_captioning_Local/Flickr8K/Images/544122267_e9e0100bc5.jpg,bench,0.37179192900657654,193.23931884765625,119.95565795898438,370.423828125,224.80661010742188,11
Flickr8K/544122267_e9e0100bc5.jpg,/content/Image_captioning_Local/Flickr8K/Images/544122267_e9e0100bc5.jpg,bench,0.331870973110199,193.1817626953125,119.50252532958984,266.8191223144531,210.91690063476562,11
Flickr8K/544122267_e9e0100bc5.jpg,/content/Image_captioning_Local/Flickr8K/Images/544122267_e9e0100bc5.jpg,potted plant,0.3229686915874481,283.6119384765625,331.6639099121094,375.2315979003906,500.09197998046875,11
Flickr8K/544122267_e9e0100bc5.jpg,/content/Image_captioning_Local/Flickr8K/Images/544122267_e9e0100bc5.jpg,handbag,0.3148176670074463,93.89441680908203,188.49940490722656,137.09213256835938,250.0390167236328,11
Flickr8K/544122267_e9e0100bc5.jpg,/content/Image_captioning_Local/Flickr8K/Images/544122267_e9e0100bc5.jpg,potted plant,0.31470420956611633,-0.3867633640766144,137.52162170410156,204.909912109375,499.5434265136719,11
Flickr8K/544122267_e9e0100bc5.jpg,/content/Image_captioning_Local/Flickr8K/Images/544122267_e9e0100bc5.jpg,bench,0.29312825202941895,208.4378662109375,119.8245849609375,364.8954162597656,224.7521514892578,11
Flickr8K/544122267_e9e0100bc5.jpg,/content/Image_captioning_Local/Flickr8K/Images/544122267_e9e0100bc5.jpg,potted plant,0.268999844789505,-0.4431791603565216,203.6639404296875,203.11166381835938,499.40447998046875,11
Flickr8K/544122267_e9e0100bc5.jpg,/content/Image_captioning_Local/Flickr8K/Images/544122267_e9e0100bc5.jpg,handbag,0.25362664461135864,93.90283966064453,188.1743621826172,171.54800415039062,251.06805419921875,11
Flickr8K/544257613_d9a1fea3f7.jpg,/content/Image_captioning_Local/Flickr8K/Images/544257613_d9a1fea3f7.jpg,person,0.9256986379623413,27.557254791259766,-0.06725612282752991,477.11676025390625,332.9293518066406,7
Flickr8K/544257613_d9a1fea3f7.jpg,/content/Image_captioning_Local/Flickr8K/Images/544257613_d9a1fea3f7.jpg,car,0.7513577342033386,45.73893356323242,231.56944274902344,136.3712615966797,279.3824462890625,7
Flickr8K/544257613_d9a1fea3f7.jpg,/content/Image_captioning_Local/Flickr8K/Images/544257613_d9a1fea3f7.jpg,car,0.6111883521080017,27.97420310974121,227.39439392089844,499.81927490234375,333.2011413574219,7
Flickr8K/544257613_d9a1fea3f7.jpg,/content/Image_captioning_Local/Flickr8K/Images/544257613_d9a1fea3f7.jpg,car,0.3889005184173584,399.7024230957031,230.5135040283203,500.19573974609375,332.8855895996094,7
Flickr8K/544257613_d9a1fea3f7.jpg,/content/Image_captioning_Local/Flickr8K/Images/544257613_d9a1fea3f7.jpg,truck,0.28860509395599365,390.0252380371094,228.29379272460938,500.28271484375,333.00634765625,7
Flickr8K/544257613_d9a1fea3f7.jpg,/content/Image_captioning_Local/Flickr8K/Images/544257613_d9a1fea3f7.jpg,car,0.27072152495384216,405.8148193359375,246.6820068359375,500.1585998535156,333.0360412597656,7
Flickr8K/544257613_d9a1fea3f7.jpg,/content/Image_captioning_Local/Flickr8K/Images/544257613_d9a1fea3f7.jpg,car,0.269904226064682,28.427772521972656,283.3826599121094,170.0377197265625,333.06439208984375,7
Flickr8K/544301311_5e7d69a517.jpg,/content/Image_captioning_Local/Flickr8K/Images/544301311_5e7d69a517.jpg,person,0.9216485023498535,171.86891174316406,161.2563018798828,271.4377136230469,297.6937561035156,8
Flickr8K/544301311_5e7d69a517.jpg,/content/Image_captioning_Local/Flickr8K/Images/544301311_5e7d69a517.jpg,person,0.9203655123710632,264.87945556640625,163.96148681640625,376.698486328125,362.86578369140625,8
Flickr8K/544301311_5e7d69a517.jpg,/content/Image_captioning_Local/Flickr8K/Images/544301311_5e7d69a517.jpg,book,0.5837767720222473,284.0218505859375,243.75718688964844,370.8057861328125,273.8941345214844,8
Flickr8K/544301311_5e7d69a517.jpg,/content/Image_captioning_Local/Flickr8K/Images/544301311_5e7d69a517.jpg,potted plant,0.4661473035812378,0.021696090698242188,162.12396240234375,370.03094482421875,374.29718017578125,8
Flickr8K/544301311_5e7d69a517.jpg,/content/Image_captioning_Local/Flickr8K/Images/544301311_5e7d69a517.jpg,cup,0.3394630253314972,217.7275390625,190.09954833984375,238.0901641845703,215.95997619628906,8
Flickr8K/544301311_5e7d69a517.jpg,/content/Image_captioning_Local/Flickr8K/Images/544301311_5e7d69a517.jpg,book,0.28619927167892456,286.0962829589844,245.16964721679688,353.0760498046875,262.25897216796875,8
Flickr8K/544301311_5e7d69a517.jpg,/content/Image_captioning_Local/Flickr8K/Images/544301311_5e7d69a517.jpg,bottle,0.26453399658203125,217.7275390625,190.09954833984375,238.0901641845703,215.95997619628906,8
Flickr8K/544301311_5e7d69a517.jpg,/content/Image_captioning_Local/Flickr8K/Images/544301311_5e7d69a517.jpg,cell phone,0.25449037551879883,219.8404083251953,185.94183349609375,226.8290557861328,196.2490997314453,8
Flickr8K/544576742_283b65fa0d.jpg,/content/Image_captioning_Local/Flickr8K/Images/544576742_283b65fa0d.jpg,person,0.9489736557006836,108.95687103271484,173.18922424316406,191.00929260253906,381.33544921875,3
Flickr8K/544576742_283b65fa0d.jpg,/content/Image_captioning_Local/Flickr8K/Images/544576742_283b65fa0d.jpg,handbag,0.42257121205329895,170.3312530517578,282.9700927734375,188.7826690673828,323.28436279296875,3
Flickr8K/544576742_283b65fa0d.jpg,/content/Image_captioning_Local/Flickr8K/Images/544576742_283b65fa0d.jpg,handbag,0.282665491104126,171.13331604003906,298.3688659667969,188.64730834960938,322.9635925292969,3
Flickr8K/54501196_a9ac9d66f2.jpg,/content/Image_captioning_Local/Flickr8K/Images/54501196_a9ac9d66f2.jpg,person,0.9362814426422119,228.12167358398438,96.9294662475586,363.847412109375,366.5046081542969,2
Flickr8K/54501196_a9ac9d66f2.jpg,/content/Image_captioning_Local/Flickr8K/Images/54501196_a9ac9d66f2.jpg,backpack,0.8908010721206665,294.9993896484375,99.07202911376953,362.8228454589844,227.9630889892578,2
Flickr8K/54723805_bcf7af3f16.jpg,/content/Image_captioning_Local/Flickr8K/Images/54723805_bcf7af3f16.jpg,person,0.9074749946594238,31.724496841430664,191.41192626953125,61.37259292602539,246.38662719726562,9
Flickr8K/54723805_bcf7af3f16.jpg,/content/Image_captioning_Local/Flickr8K/Images/54723805_bcf7af3f16.jpg,person,0.9031819701194763,472.305419921875,170.61634826660156,499.1521301269531,221.51312255859375,9
Flickr8K/54723805_bcf7af3f16.jpg,/content/Image_captioning_Local/Flickr8K/Images/54723805_bcf7af3f16.jpg,backpack,0.7894151210784912,363.6374206542969,179.5940399169922,380.9056091308594,204.46099853515625,9
Flickr8K/54723805_bcf7af3f16.jpg,/content/Image_captioning_Local/Flickr8K/Images/54723805_bcf7af3f16.jpg,backpack,0.6443533897399902,45.02207565307617,191.85337829589844,61.165157318115234,214.67152404785156,9
Flickr8K/54723805_bcf7af3f16.jpg,/content/Image_captioning_Local/Flickr8K/Images/54723805_bcf7af3f16.jpg,backpack,0.5671290755271912,482.4161376953125,173.87066650390625,499.0159606933594,198.83462524414062,9
Flickr8K/54723805_bcf7af3f16.jpg,/content/Image_captioning_Local/Flickr8K/Images/54723805_bcf7af3f16.jpg,person,0.5560946464538574,352.8502197265625,176.6750946044922,370.896240234375,222.63446044921875,9
Flickr8K/54723805_bcf7af3f16.jpg,/content/Image_captioning_Local/Flickr8K/Images/54723805_bcf7af3f16.jpg,person,0.35471031069755554,353.1501159667969,237.36415100097656,400.02227783203125,317.0680236816406,9
Flickr8K/54723805_bcf7af3f16.jpg,/content/Image_captioning_Local/Flickr8K/Images/54723805_bcf7af3f16.jpg,person,0.3477451801300049,353.23828125,176.80239868164062,380.0030822753906,225.37664794921875,9
Flickr8K/54723805_bcf7af3f16.jpg,/content/Image_captioning_Local/Flickr8K/Images/54723805_bcf7af3f16.jpg,backpack,0.3411465585231781,354.0373229980469,239.7141571044922,386.34893798828125,289.8269348144531,9
Flickr8K/548751378_c657401312.jpg,/content/Image_captioning_Local/Flickr8K/Images/548751378_c657401312.jpg,person,0.9671223163604736,148.13894653320312,62.95726013183594,347.1785583496094,332.5755615234375,1
Flickr8K/549520317_af3d5c32eb.jpg,/content/Image_captioning_Local/Flickr8K/Images/549520317_af3d5c32eb.jpg,person,0.9720014929771423,22.397994995117188,24.489253997802734,254.07269287109375,425.2646179199219,2
Flickr8K/549520317_af3d5c32eb.jpg,/content/Image_captioning_Local/Flickr8K/Images/549520317_af3d5c32eb.jpg,bench,0.683404803276062,12.28722858428955,247.832275390625,265.0960388183594,499.47796630859375,2
Flickr8K/549887636_0ea5ae4739.jpg,/content/Image_captioning_Local/Flickr8K/Images/549887636_0ea5ae4739.jpg,car,0.9435300827026367,4.668578624725342,51.368099212646484,135.59767150878906,152.0279998779297,17
Flickr8K/549887636_0ea5ae4739.jpg,/content/Image_captioning_Local/Flickr8K/Images/549887636_0ea5ae4739.jpg,car,0.941324770450592,142.1041259765625,24.957191467285156,236.08998107910156,106.49774932861328,17
Flickr8K/549887636_0ea5ae4739.jpg,/content/Image_captioning_Local/Flickr8K/Images/549887636_0ea5ae4739.jpg,person,0.922034502029419,456.55126953125,20.021841049194336,491.9962463378906,113.33151245117188,17
Flickr8K/549887636_0ea5ae4739.jpg,/content/Image_captioning_Local/Flickr8K/Images/549887636_0ea5ae4739.jpg,person,0.9155398011207581,311.59014892578125,58.470436096191406,377.2524719238281,284.13720703125,17
Flickr8K/549887636_0ea5ae4739.jpg,/content/Image_captioning_Local/Flickr8K/Images/549887636_0ea5ae4739.jpg,car,0.9060186147689819,0.15504658222198486,103.68329620361328,73.3378677368164,271.7412109375,17
Flickr8K/549887636_0ea5ae4739.jpg,/content/Image_captioning_Local/Flickr8K/Images/549887636_0ea5ae4739.jpg,person,0.8573817014694214,428.23101806640625,0.014142580330371857,457.6159973144531,68.99290466308594,17
Flickr8K/549887636_0ea5ae4739.jpg,/content/Image_captioning_Local/Flickr8K/Images/549887636_0ea5ae4739.jpg,handbag,0.8153496384620667,361.6280212402344,121.75389099121094,381.44561767578125,188.37451171875,17
Flickr8K/549887636_0ea5ae4739.jpg,/content/Image_captioning_Local/Flickr8K/Images/549887636_0ea5ae4739.jpg,car,0.7826777100563049,0.08117780089378357,20.30960464477539,55.71685791015625,102.45349884033203,17
Flickr8K/549887636_0ea5ae4739.jpg,/content/Image_captioning_Local/Flickr8K/Images/549887636_0ea5ae4739.jpg,handbag,0.6746422052383423,486.510986328125,80.29341125488281,494.1903991699219,100.96380615234375,17
Flickr8K/549887636_0ea5ae4739.jpg,/content/Image_captioning_Local/Flickr8K/Images/549887636_0ea5ae4739.jpg,person,0.368091881275177,9.648540496826172,0.4484516382217407,37.81441879272461,21.507143020629883,17
Flickr8K/549887636_0ea5ae4739.jpg,/content/Image_captioning_Local/Flickr8K/Images/549887636_0ea5ae4739.jpg,person,0.2797242999076843,199.5884552001953,36.4254150390625,218.10861206054688,51.589805603027344,17
Flickr8K/549887636_0ea5ae4739.jpg,/content/Image_captioning_Local/Flickr8K/Images/549887636_0ea5ae4739.jpg,car,0.27667245268821716,0.17221644520759583,281.8358459472656,9.709183692932129,353.8707580566406,17
Flickr8K/549887636_0ea5ae4739.jpg,/content/Image_captioning_Local/Flickr8K/Images/549887636_0ea5ae4739.jpg,person,0.27487635612487793,122.00390625,8.279452323913574,135.4317169189453,49.95905685424805,17
Flickr8K/549887636_0ea5ae4739.jpg,/content/Image_captioning_Local/Flickr8K/Images/549887636_0ea5ae4739.jpg,truck,0.26981455087661743,-0.18514692783355713,19.92671012878418,55.82144546508789,102.27915954589844,17
Flickr8K/549887636_0ea5ae4739.jpg,/content/Image_captioning_Local/Flickr8K/Images/549887636_0ea5ae4739.jpg,handbag,0.26945772767066956,483.6659240722656,52.853328704833984,491.61083984375,75.5983657836914,17
Flickr8K/549887636_0ea5ae4739.jpg,/content/Image_captioning_Local/Flickr8K/Images/549887636_0ea5ae4739.jpg,person,0.2675861418247223,49.64439392089844,62.26254653930664,68.73004913330078,81.41619873046875,17
Flickr8K/549887636_0ea5ae4739.jpg,/content/Image_captioning_Local/Flickr8K/Images/549887636_0ea5ae4739.jpg,handbag,0.2661155164241791,483.45098876953125,46.71853256225586,491.79742431640625,75.39378356933594,17
Flickr8K/55135290_9bed5c4ca3.jpg,/content/Image_captioning_Local/Flickr8K/Images/55135290_9bed5c4ca3.jpg,person,0.9136680960655212,198.607177734375,78.01637268066406,299.0899963378906,266.6917724609375,9
Flickr8K/55135290_9bed5c4ca3.jpg,/content/Image_captioning_Local/Flickr8K/Images/55135290_9bed5c4ca3.jpg,person,0.8298612833023071,128.52027893066406,364.1334533691406,145.45059204101562,399.0626525878906,9
Flickr8K/55135290_9bed5c4ca3.jpg,/content/Image_captioning_Local/Flickr8K/Images/55135290_9bed5c4ca3.jpg,person,0.7748194336891174,147.1448211669922,364.2784423828125,163.41250610351562,398.8659973144531,9
Flickr8K/55135290_9bed5c4ca3.jpg,/content/Image_captioning_Local/Flickr8K/Images/55135290_9bed5c4ca3.jpg,bicycle,0.5072200894355774,125.17183685302734,9.828920364379883,283.4184265136719,167.52174377441406,9
Flickr8K/55135290_9bed5c4ca3.jpg,/content/Image_captioning_Local/Flickr8K/Images/55135290_9bed5c4ca3.jpg,bicycle,0.45790114998817444,125.02035522460938,72.13138580322266,264.1315612792969,168.19171142578125,9
Flickr8K/55135290_9bed5c4ca3.jpg,/content/Image_captioning_Local/Flickr8K/Images/55135290_9bed5c4ca3.jpg,bicycle,0.41756510734558105,209.78236389160156,9.458873748779297,284.5116271972656,91.0473403930664,9
Flickr8K/55135290_9bed5c4ca3.jpg,/content/Image_captioning_Local/Flickr8K/Images/55135290_9bed5c4ca3.jpg,bicycle,0.36741623282432556,125.12663269042969,9.721078872680664,283.5037536621094,149.48757934570312,9
Flickr8K/55135290_9bed5c4ca3.jpg,/content/Image_captioning_Local/Flickr8K/Images/55135290_9bed5c4ca3.jpg,bicycle,0.3159954845905304,125.10840606689453,72.65701293945312,203.3273468017578,146.87826538085938,9
Flickr8K/55135290_9bed5c4ca3.jpg,/content/Image_captioning_Local/Flickr8K/Images/55135290_9bed5c4ca3.jpg,bicycle,0.2768543064594269,124.68841552734375,72.99358367919922,212.47132873535156,168.4722442626953,9
Flickr8K/551403320_dfdcf9fc3b.jpg,/content/Image_captioning_Local/Flickr8K/Images/551403320_dfdcf9fc3b.jpg,person,0.9238627552986145,208.55628967285156,124.8720703125,302.4590148925781,259.8329772949219,3
Flickr8K/551403320_dfdcf9fc3b.jpg,/content/Image_captioning_Local/Flickr8K/Images/551403320_dfdcf9fc3b.jpg,backpack,0.5177823305130005,242.91273498535156,148.47532653808594,270.5810241699219,182.26429748535156,3
Flickr8K/551403320_dfdcf9fc3b.jpg,/content/Image_captioning_Local/Flickr8K/Images/551403320_dfdcf9fc3b.jpg,skis,0.364614337682724,242.59556579589844,248.4503173828125,262.6279296875,268.4845886230469,3
Flickr8K/551664516_78a5131dc4.jpg,/content/Image_captioning_Local/Flickr8K/Images/551664516_78a5131dc4.jpg,person,0.9568105936050415,91.94060516357422,9.504050254821777,288.5812683105469,474.8264465332031,7
Flickr8K/551664516_78a5131dc4.jpg,/content/Image_captioning_Local/Flickr8K/Images/551664516_78a5131dc4.jpg,handbag,0.7463101744651794,174.9157257080078,83.9194107055664,261.75506591796875,198.59033203125,7
Flickr8K/551664516_78a5131dc4.jpg,/content/Image_captioning_Local/Flickr8K/Images/551664516_78a5131dc4.jpg,car,0.5178985595703125,260.6239318847656,75.37698364257812,320.91058349609375,241.3208465576172,7
Flickr8K/551664516_78a5131dc4.jpg,/content/Image_captioning_Local/Flickr8K/Images/551664516_78a5131dc4.jpg,car,0.36451539397239685,174.9153289794922,79.90374755859375,320.94647216796875,240.79241943359375,7
Flickr8K/551664516_78a5131dc4.jpg,/content/Image_captioning_Local/Flickr8K/Images/551664516_78a5131dc4.jpg,handbag,0.3360567092895508,174.84320068359375,83.77948760986328,291.46759033203125,250.4064483642578,7
Flickr8K/551664516_78a5131dc4.jpg,/content/Image_captioning_Local/Flickr8K/Images/551664516_78a5131dc4.jpg,car,0.27864140272140503,260.7043762207031,75.49153900146484,321.0685729980469,171.55227661132812,7
Flickr8K/551664516_78a5131dc4.jpg,/content/Image_captioning_Local/Flickr8K/Images/551664516_78a5131dc4.jpg,car,0.2590581774711609,175.1741485595703,83.86249542236328,320.78778076171875,241.40834045410156,7
Flickr8K/554526471_a31f8b74ef.jpg,/content/Image_captioning_Local/Flickr8K/Images/554526471_a31f8b74ef.jpg,person,0.9105738401412964,162.92616271972656,145.06643676757812,324.9200744628906,320.93560791015625,27
Flickr8K/554526471_a31f8b74ef.jpg,/content/Image_captioning_Local/Flickr8K/Images/554526471_a31f8b74ef.jpg,person,0.8058023452758789,353.2497863769531,196.84024047851562,434.2455749511719,321.5829772949219,27
Flickr8K/554526471_a31f8b74ef.jpg,/content/Image_captioning_Local/Flickr8K/Images/554526471_a31f8b74ef.jpg,suitcase,0.804185152053833,258.6780700683594,298.0893249511719,298.96087646484375,358.28466796875,27
Flickr8K/554526471_a31f8b74ef.jpg,/content/Image_captioning_Local/Flickr8K/Images/554526471_a31f8b74ef.jpg,person,0.7415912747383118,277.0006408691406,185.7635498046875,363.7191467285156,251.2678680419922,27
Flickr8K/554526471_a31f8b74ef.jpg,/content/Image_captioning_Local/Flickr8K/Images/554526471_a31f8b74ef.jpg,person,0.7215874791145325,11.243216514587402,227.1588134765625,78.44114685058594,269.18701171875,27
Flickr8K/554526471_a31f8b74ef.jpg,/content/Image_captioning_Local/Flickr8K/Images/554526471_a31f8b74ef.jpg,person,0.6426373720169067,175.48367309570312,200.3937530517578,228.90821838378906,256.6273498535156,27
Flickr8K/554526471_a31f8b74ef.jpg,/content/Image_captioning_Local/Flickr8K/Images/554526471_a31f8b74ef.jpg,person,0.6044237613677979,460.1958312988281,212.4820098876953,500.08905029296875,316.2998962402344,27
Flickr8K/554526471_a31f8b74ef.jpg,/content/Image_captioning_Local/Flickr8K/Images/554526471_a31f8b74ef.jpg,person,0.6018502712249756,53.17890930175781,199.98728942871094,132.8399200439453,250.0876922607422,27
Flickr8K/554526471_a31f8b74ef.jpg,/content/Image_captioning_Local/Flickr8K/Images/554526471_a31f8b74ef.jpg,person,0.5045754909515381,82.58573913574219,150.58132934570312,134.0053253173828,182.83021545410156,27
Flickr8K/554526471_a31f8b74ef.jpg,/content/Image_captioning_Local/Flickr8K/Images/554526471_a31f8b74ef.jpg,person,0.48917046189308167,99.93095397949219,179.9994659423828,162.0740203857422,222.2392578125,27
Flickr8K/554526471_a31f8b74ef.jpg,/content/Image_captioning_Local/Flickr8K/Images/554526471_a31f8b74ef.jpg,person,0.43668949604034424,46.152828216552734,168.37759399414062,125.31182098388672,205.39215087890625,27
Flickr8K/554526471_a31f8b74ef.jpg,/content/Image_captioning_Local/Flickr8K/Images/554526471_a31f8b74ef.jpg,person,0.3994061052799225,363.23236083984375,186.33824157714844,468.64324951171875,228.07208251953125,27
Flickr8K/554526471_a31f8b74ef.jpg,/content/Image_captioning_Local/Flickr8K/Images/554526471_a31f8b74ef.jpg,person,0.3910531997680664,52.58950424194336,189.8729705810547,90.73673248291016,238.16368103027344,27
Flickr8K/554526471_a31f8b74ef.jpg,/content/Image_captioning_Local/Flickr8K/Images/554526471_a31f8b74ef.jpg,person,0.3850876986980438,156.5806427001953,187.20736694335938,206.9378662109375,238.3662567138672,27
Flickr8K/554526471_a31f8b74ef.jpg,/content/Image_captioning_Local/Flickr8K/Images/554526471_a31f8b74ef.jpg,person,0.3846184313297272,411.365478515625,186.10678100585938,468.58599853515625,227.73020935058594,27
Flickr8K/554526471_a31f8b74ef.jpg,/content/Image_captioning_Local/Flickr8K/Images/554526471_a31f8b74ef.jpg,person,0.3814546763896942,122.89347839355469,154.8082733154297,166.17794799804688,178.89202880859375,27
Flickr8K/554526471_a31f8b74ef.jpg,/content/Image_captioning_Local/Flickr8K/Images/554526471_a31f8b74ef.jpg,person,0.36058780550956726,301.4266357421875,164.11402893066406,321.6996765136719,190.89207458496094,27
Flickr8K/554526471_a31f8b74ef.jpg,/content/Image_captioning_Local/Flickr8K/Images/554526471_a31f8b74ef.jpg,person,0.3567770719528198,53.791595458984375,199.8636016845703,132.84866333007812,295.8282470703125,27
Flickr8K/554526471_a31f8b74ef.jpg,/content/Image_captioning_Local/Flickr8K/Images/554526471_a31f8b74ef.jpg,person,0.3023885190486908,362.7330017089844,196.96896362304688,452.4932556152344,260.66937255859375,27
Flickr8K/554526471_a31f8b74ef.jpg,/content/Image_captioning_Local/Flickr8K/Images/554526471_a31f8b74ef.jpg,person,0.3021804392337799,411.26019287109375,186.14248657226562,464.8328552246094,260.5064697265625,27
Flickr8K/554526471_a31f8b74ef.jpg,/content/Image_captioning_Local/Flickr8K/Images/554526471_a31f8b74ef.jpg,person,0.29784196615219116,363.08306884765625,187.11407470703125,465.6181945800781,260.3952941894531,27
Flickr8K/554526471_a31f8b74ef.jpg,/content/Image_captioning_Local/Flickr8K/Images/554526471_a31f8b74ef.jpg,person,0.29663172364234924,465.6805725097656,152.86244201660156,500.0819091796875,203.70306396484375,27
Flickr8K/554526471_a31f8b74ef.jpg,/content/Image_captioning_Local/Flickr8K/Images/554526471_a31f8b74ef.jpg,person,0.2903633415699005,459.9622802734375,152.783935546875,500.1315002441406,236.90660095214844,27
Flickr8K/554526471_a31f8b74ef.jpg,/content/Image_captioning_Local/Flickr8K/Images/554526471_a31f8b74ef.jpg,backpack,0.2882711589336395,202.85585021972656,338.3373107910156,241.12388610839844,354.7122497558594,27
Flickr8K/554526471_a31f8b74ef.jpg,/content/Image_captioning_Local/Flickr8K/Images/554526471_a31f8b74ef.jpg,handbag,0.2688352167606354,202.85585021972656,338.3373107910156,241.12388610839844,354.7122497558594,27
Flickr8K/554526471_a31f8b74ef.jpg,/content/Image_captioning_Local/Flickr8K/Images/554526471_a31f8b74ef.jpg,person,0.2521962821483612,460.2044372558594,188.45150756835938,499.9303283691406,236.57896423339844,27
Flickr8K/554526471_a31f8b74ef.jpg,/content/Image_captioning_Local/Flickr8K/Images/554526471_a31f8b74ef.jpg,person,0.25125157833099365,132.9443817138672,175.58270263671875,163.22023010253906,199.87600708007812,27
Flickr8K/55470226_52ff517151.jpg,/content/Image_captioning_Local/Flickr8K/Images/55470226_52ff517151.jpg,person,0.9617937207221985,250.26544189453125,35.603912353515625,486.5364685058594,374.6133728027344,3
Flickr8K/55470226_52ff517151.jpg,/content/Image_captioning_Local/Flickr8K/Images/55470226_52ff517151.jpg,person,0.5375516414642334,-0.013697892427444458,-0.2294406294822693,78.25061798095703,304.20794677734375,3
Flickr8K/55470226_52ff517151.jpg,/content/Image_captioning_Local/Flickr8K/Images/55470226_52ff517151.jpg,cup,0.25520187616348267,271.94757080078125,108.91767120361328,303.09844970703125,139.03860473632812,3
Flickr8K/55473406_1d2271c1f2.jpg,/content/Image_captioning_Local/Flickr8K/Images/55473406_1d2271c1f2.jpg,person,0.9142960906028748,217.9984588623047,130.3832244873047,262.6734619140625,200.59471130371094,4
Flickr8K/55473406_1d2271c1f2.jpg,/content/Image_captioning_Local/Flickr8K/Images/55473406_1d2271c1f2.jpg,snowboard,0.43020936846733093,235.18203735351562,189.0672149658203,260.44122314453125,206.29425048828125,4
Flickr8K/55473406_1d2271c1f2.jpg,/content/Image_captioning_Local/Flickr8K/Images/55473406_1d2271c1f2.jpg,skis,0.40835657715797424,235.18203735351562,189.0672149658203,260.44122314453125,206.29425048828125,4
Flickr8K/55473406_1d2271c1f2.jpg,/content/Image_captioning_Local/Flickr8K/Images/55473406_1d2271c1f2.jpg,skis,0.2735665440559387,208.49365234375,178.78294372558594,260.49365234375,206.2944793701172,4
Flickr8K/554774472_b5d165ff69.jpg,/content/Image_captioning_Local/Flickr8K/Images/554774472_b5d165ff69.jpg,person,0.9355921149253845,70.10638427734375,139.7499237060547,258.4433288574219,291.0317077636719,7
Flickr8K/554774472_b5d165ff69.jpg,/content/Image_captioning_Local/Flickr8K/Images/554774472_b5d165ff69.jpg,sports ball,0.8973292708396912,333.7866516113281,44.3123779296875,360.470458984375,70.47608184814453,7
Flickr8K/554774472_b5d165ff69.jpg,/content/Image_captioning_Local/Flickr8K/Images/554774472_b5d165ff69.jpg,sports ball,0.6695529818534851,131.73741149902344,77.03450775146484,174.66720581054688,118.91924285888672,7
Flickr8K/554774472_b5d165ff69.jpg,/content/Image_captioning_Local/Flickr8K/Images/554774472_b5d165ff69.jpg,person,0.5746301412582397,312.01568603515625,102.83610534667969,387.6473693847656,177.42205810546875,7
Flickr8K/554774472_b5d165ff69.jpg,/content/Image_captioning_Local/Flickr8K/Images/554774472_b5d165ff69.jpg,person,0.3761247396469116,311.2888488769531,102.48715209960938,424.53857421875,251.40782165527344,7
Flickr8K/554774472_b5d165ff69.jpg,/content/Image_captioning_Local/Flickr8K/Images/554774472_b5d165ff69.jpg,sports ball,0.31303155422210693,266.0822448730469,72.36082458496094,272.67291259765625,80.07205963134766,7
Flickr8K/554774472_b5d165ff69.jpg,/content/Image_captioning_Local/Flickr8K/Images/554774472_b5d165ff69.jpg,person,0.3058861494064331,311.9471740722656,102.51408386230469,422.4789123535156,220.521240234375,7
Flickr8K/556568556_bc5124dc8e.jpg,/content/Image_captioning_Local/Flickr8K/Images/556568556_bc5124dc8e.jpg,person,0.9666233658790588,57.78437805175781,48.919246673583984,402.1866149902344,471.9578552246094,1
Flickr8K/557101732_32bbc47c12.jpg,/content/Image_captioning_Local/Flickr8K/Images/557101732_32bbc47c12.jpg,person,0.9291478395462036,116.0120849609375,49.452388763427734,230.97215270996094,277.87744140625,22
Flickr8K/557101732_32bbc47c12.jpg,/content/Image_captioning_Local/Flickr8K/Images/557101732_32bbc47c12.jpg,bus,0.9174789190292358,134.76190185546875,-0.3253519535064697,500.015869140625,223.0976104736328,22
Flickr8K/557101732_32bbc47c12.jpg,/content/Image_captioning_Local/Flickr8K/Images/557101732_32bbc47c12.jpg,car,0.9168168902397156,70.02046203613281,58.57073211669922,109.6805419921875,87.97930145263672,22
Flickr8K/557101732_32bbc47c12.jpg,/content/Image_captioning_Local/Flickr8K/Images/557101732_32bbc47c12.jpg,bicycle,0.8980964422225952,132.70407104492188,163.0841064453125,232.87359619140625,347.4820251464844,22
Flickr8K/557101732_32bbc47c12.jpg,/content/Image_captioning_Local/Flickr8K/Images/557101732_32bbc47c12.jpg,car,0.7596544623374939,99.39097595214844,55.68276596069336,119.7375259399414,72.79994201660156,22
Flickr8K/557101732_32bbc47c12.jpg,/content/Image_captioning_Local/Flickr8K/Images/557101732_32bbc47c12.jpg,car,0.7447840571403503,58.25336456298828,57.34884262084961,72.7454833984375,67.03865814208984,22
Flickr8K/557101732_32bbc47c12.jpg,/content/Image_captioning_Local/Flickr8K/Images/557101732_32bbc47c12.jpg,car,0.7402865886688232,43.69392395019531,59.97896194458008,59.72153091430664,72.22124481201172,22
Flickr8K/557101732_32bbc47c12.jpg,/content/Image_captioning_Local/Flickr8K/Images/557101732_32bbc47c12.jpg,person,0.7228042483329773,255.15478515625,41.96921920776367,273.4975280761719,76.09205627441406,22
Flickr8K/557101732_32bbc47c12.jpg,/content/Image_captioning_Local/Flickr8K/Images/557101732_32bbc47c12.jpg,person,0.42453664541244507,345.8993225097656,17.38076400756836,373.4643859863281,63.30138397216797,22
Flickr8K/557101732_32bbc47c12.jpg,/content/Image_captioning_Local/Flickr8K/Images/557101732_32bbc47c12.jpg,person,0.38324663043022156,240.80210876464844,43.90254211425781,256.1275634765625,75.61705017089844,22
Flickr8K/557101732_32bbc47c12.jpg,/content/Image_captioning_Local/Flickr8K/Images/557101732_32bbc47c12.jpg,person,0.3730664551258087,326.3544006347656,14.821596145629883,356.87078857421875,64.98976135253906,22
Flickr8K/557101732_32bbc47c12.jpg,/content/Image_captioning_Local/Flickr8K/Images/557101732_32bbc47c12.jpg,car,0.33823224902153015,121.74480438232422,55.25191879272461,132.6951904296875,68.9107894897461,22
Flickr8K/557101732_32bbc47c12.jpg,/content/Image_captioning_Local/Flickr8K/Images/557101732_32bbc47c12.jpg,person,0.31144875288009644,176.32350158691406,66.91981506347656,198.9912109375,111.85873413085938,22
Flickr8K/557101732_32bbc47c12.jpg,/content/Image_captioning_Local/Flickr8K/Images/557101732_32bbc47c12.jpg,person,0.30293720960617065,8.004878997802734,82.3003158569336,34.45983123779297,133.1676788330078,22
Flickr8K/557101732_32bbc47c12.jpg,/content/Image_captioning_Local/Flickr8K/Images/557101732_32bbc47c12.jpg,person,0.29308879375457764,241.62005615234375,41.60509490966797,273.84332275390625,76.02405548095703,22
Flickr8K/557101732_32bbc47c12.jpg,/content/Image_captioning_Local/Flickr8K/Images/557101732_32bbc47c12.jpg,car,0.2727660536766052,39.53816223144531,57.80342102050781,50.271907806396484,68.30177307128906,22
Flickr8K/557101732_32bbc47c12.jpg,/content/Image_captioning_Local/Flickr8K/Images/557101732_32bbc47c12.jpg,person,0.2613735496997833,452.2087097167969,13.306791305541992,490.1694030761719,68.71558380126953,22
Flickr8K/557101732_32bbc47c12.jpg,/content/Image_captioning_Local/Flickr8K/Images/557101732_32bbc47c12.jpg,bicycle,0.2553771734237671,22.315855026245117,94.68023681640625,40.30305099487305,128.96875,22
Flickr8K/557101732_32bbc47c12.jpg,/content/Image_captioning_Local/Flickr8K/Images/557101732_32bbc47c12.jpg,car,0.25487080216407776,72.7085189819336,54.42683792114258,85.28335571289062,64.24874114990234,22
Flickr8K/557101732_32bbc47c12.jpg,/content/Image_captioning_Local/Flickr8K/Images/557101732_32bbc47c12.jpg,person,0.2539176046848297,125.89128112792969,54.82965087890625,133.59744262695312,80.44059753417969,22
Flickr8K/557101732_32bbc47c12.jpg,/content/Image_captioning_Local/Flickr8K/Images/557101732_32bbc47c12.jpg,person,0.2511148452758789,337.7594299316406,14.946220397949219,357.2019958496094,54.82752227783203,22
Flickr8K/557101732_32bbc47c12.jpg,/content/Image_captioning_Local/Flickr8K/Images/557101732_32bbc47c12.jpg,person,0.2503056824207306,467.94683837890625,31.871013641357422,491.80078125,67.39006805419922,22
Flickr8K/557601144_50b8c40393.jpg,/content/Image_captioning_Local/Flickr8K/Images/557601144_50b8c40393.jpg,dog,0.931829035282135,126.2681655883789,306.7628173828125,244.69577026367188,480.475830078125,14
Flickr8K/557601144_50b8c40393.jpg,/content/Image_captioning_Local/Flickr8K/Images/557601144_50b8c40393.jpg,potted plant,0.8627782464027405,299.5251770019531,316.0970764160156,337.6373596191406,352.1492004394531,14
Flickr8K/557601144_50b8c40393.jpg,/content/Image_captioning_Local/Flickr8K/Images/557601144_50b8c40393.jpg,potted plant,0.8250774145126343,325.7787780761719,251.41632080078125,364.7318420410156,307.9637756347656,14
Flickr8K/557601144_50b8c40393.jpg,/content/Image_captioning_Local/Flickr8K/Images/557601144_50b8c40393.jpg,potted plant,0.8185931444168091,268.7798767089844,250.50509643554688,332.3041687011719,318.84722900390625,14
Flickr8K/557601144_50b8c40393.jpg,/content/Image_captioning_Local/Flickr8K/Images/557601144_50b8c40393.jpg,bench,0.7383253574371338,272.41632080078125,143.71627807617188,365.1563415527344,256.1523132324219,14
Flickr8K/557601144_50b8c40393.jpg,/content/Image_captioning_Local/Flickr8K/Images/557601144_50b8c40393.jpg,chair,0.6922507882118225,0.06681445986032486,270.818115234375,70.02835083007812,427.4053039550781,14
Flickr8K/557601144_50b8c40393.jpg,/content/Image_captioning_Local/Flickr8K/Images/557601144_50b8c40393.jpg,potted plant,0.5772176384925842,281.26373291015625,294.4609680175781,324.9813537597656,333.5466003417969,14
Flickr8K/557601144_50b8c40393.jpg,/content/Image_captioning_Local/Flickr8K/Images/557601144_50b8c40393.jpg,potted plant,0.5727861523628235,330.7735900878906,289.1572570800781,364.9682312011719,375.18536376953125,14
Flickr8K/557601144_50b8c40393.jpg,/content/Image_captioning_Local/Flickr8K/Images/557601144_50b8c40393.jpg,chair,0.5441944003105164,0.008087679743766785,363.4334716796875,34.540706634521484,498.9259338378906,14
Flickr8K/557601144_50b8c40393.jpg,/content/Image_captioning_Local/Flickr8K/Images/557601144_50b8c40393.jpg,chair,0.5159289240837097,-0.035166721791028976,316.15643310546875,34.81322479248047,498.40338134765625,14
Flickr8K/557601144_50b8c40393.jpg,/content/Image_captioning_Local/Flickr8K/Images/557601144_50b8c40393.jpg,chair,0.3480936288833618,-0.1386762410402298,315.5358581542969,34.66215133666992,463.75054931640625,14
Flickr8K/557601144_50b8c40393.jpg,/content/Image_captioning_Local/Flickr8K/Images/557601144_50b8c40393.jpg,chair,0.3252778649330139,0.03612533211708069,290.16326904296875,70.22418212890625,498.60357666015625,14
Flickr8K/557601144_50b8c40393.jpg,/content/Image_captioning_Local/Flickr8K/Images/557601144_50b8c40393.jpg,chair,0.32045966386795044,276.474365234375,144.67218017578125,365.1278381347656,257.58135986328125,14
Flickr8K/557601144_50b8c40393.jpg,/content/Image_captioning_Local/Flickr8K/Images/557601144_50b8c40393.jpg,orange,0.28619953989982605,154.60784912109375,238.24786376953125,166.74899291992188,250.49313354492188,14
Flickr8K/557721978_dfde31bc02.jpg,/content/Image_captioning_Local/Flickr8K/Images/557721978_dfde31bc02.jpg,person,0.9596031308174133,109.78723907470703,13.176277160644531,275.02996826171875,426.8739318847656,2
Flickr8K/557721978_dfde31bc02.jpg,/content/Image_captioning_Local/Flickr8K/Images/557721978_dfde31bc02.jpg,car,0.7584680318832397,-0.01570427417755127,0.03487616777420044,285.52349853515625,81.74723052978516,2
Flickr8K/559102835_472ff702b5.jpg,/content/Image_captioning_Local/Flickr8K/Images/559102835_472ff702b5.jpg,sports ball,0.947579026222229,228.17645263671875,339.1065368652344,287.4703063964844,396.9596862792969,8
Flickr8K/559102835_472ff702b5.jpg,/content/Image_captioning_Local/Flickr8K/Images/559102835_472ff702b5.jpg,person,0.9100508689880371,136.11964416503906,108.43822479248047,245.10610961914062,360.9082336425781,8
Flickr8K/559102835_472ff702b5.jpg,/content/Image_captioning_Local/Flickr8K/Images/559102835_472ff702b5.jpg,person,0.8046748042106628,25.214723587036133,163.51768493652344,40.9683723449707,192.14990234375,8
Flickr8K/559102835_472ff702b5.jpg,/content/Image_captioning_Local/Flickr8K/Images/559102835_472ff702b5.jpg,person,0.6003556251525879,103.05451965332031,106.49288177490234,187.06141662597656,315.95660400390625,8
Flickr8K/559102835_472ff702b5.jpg,/content/Image_captioning_Local/Flickr8K/Images/559102835_472ff702b5.jpg,person,0.411441445350647,103.4464111328125,106.88838958740234,185.09591674804688,244.41290283203125,8
Flickr8K/559102835_472ff702b5.jpg,/content/Image_captioning_Local/Flickr8K/Images/559102835_472ff702b5.jpg,person,0.3263202905654907,33.84463882446289,163.9134979248047,41.462013244628906,191.3054962158203,8
Flickr8K/559102835_472ff702b5.jpg,/content/Image_captioning_Local/Flickr8K/Images/559102835_472ff702b5.jpg,person,0.31773778796195984,103.10847473144531,106.87834930419922,214.05982971191406,323.05413818359375,8
Flickr8K/559102835_472ff702b5.jpg,/content/Image_captioning_Local/Flickr8K/Images/559102835_472ff702b5.jpg,person,0.26653867959976196,135.34027099609375,107.56429290771484,216.30250549316406,323.0859680175781,8
Flickr8K/560278886_df4bd2e212.jpg,/content/Image_captioning_Local/Flickr8K/Images/560278886_df4bd2e212.jpg,sports ball,0.9493507146835327,142.85104370117188,285.90240478515625,192.82363891601562,331.3348083496094,11
Flickr8K/560278886_df4bd2e212.jpg,/content/Image_captioning_Local/Flickr8K/Images/560278886_df4bd2e212.jpg,person,0.949161946773529,94.91809844970703,34.384403228759766,204.85073852539062,290.1678771972656,11
Flickr8K/560278886_df4bd2e212.jpg,/content/Image_captioning_Local/Flickr8K/Images/560278886_df4bd2e212.jpg,person,0.9292084574699402,253.4123077392578,36.854637145996094,405.01348876953125,300.581787109375,11
Flickr8K/560278886_df4bd2e212.jpg,/content/Image_captioning_Local/Flickr8K/Images/560278886_df4bd2e212.jpg,person,0.9279299974441528,70.94685363769531,9.316247940063477,134.528564453125,211.87518310546875,11
Flickr8K/560278886_df4bd2e212.jpg,/content/Image_captioning_Local/Flickr8K/Images/560278886_df4bd2e212.jpg,person,0.8972273468971252,175.2874298095703,0.024919599294662476,240.7835693359375,105.80834197998047,11
Flickr8K/560278886_df4bd2e212.jpg,/content/Image_captioning_Local/Flickr8K/Images/560278886_df4bd2e212.jpg,person,0.8852121233940125,220.12277221679688,1.0333446264266968,310.7336730957031,235.9083251953125,11
Flickr8K/560278886_df4bd2e212.jpg,/content/Image_captioning_Local/Flickr8K/Images/560278886_df4bd2e212.jpg,person,0.883402407169342,7.779674530029297,0.11956395953893661,54.796470642089844,74.79633331298828,11
Flickr8K/560278886_df4bd2e212.jpg,/content/Image_captioning_Local/Flickr8K/Images/560278886_df4bd2e212.jpg,person,0.79201740026474,66.46564483642578,0.10259362310171127,99.69696044921875,53.22509765625,11
Flickr8K/560278886_df4bd2e212.jpg,/content/Image_captioning_Local/Flickr8K/Images/560278886_df4bd2e212.jpg,person,0.7095438241958618,417.8580627441406,-0.05615593492984772,468.0322265625,50.53471755981445,11
Flickr8K/560278886_df4bd2e212.jpg,/content/Image_captioning_Local/Flickr8K/Images/560278886_df4bd2e212.jpg,person,0.6970860958099365,261.9071960449219,31.7955322265625,333.0303039550781,240.33584594726562,11
Flickr8K/560278886_df4bd2e212.jpg,/content/Image_captioning_Local/Flickr8K/Images/560278886_df4bd2e212.jpg,person,0.30595657229423523,202.5121612548828,0.23111414909362793,240.72320556640625,76.55016326904297,11
Flickr8K/561179884_8b6b925ef9.jpg,/content/Image_captioning_Local/Flickr8K/Images/561179884_8b6b925ef9.jpg,person,0.9269315600395203,135.75445556640625,97.69969940185547,282.10467529296875,374.5673522949219,2
Flickr8K/561179884_8b6b925ef9.jpg,/content/Image_captioning_Local/Flickr8K/Images/561179884_8b6b925ef9.jpg,backpack,0.8391996622085571,134.97021484375,104.76131439208984,236.7161865234375,180.8621063232422,2
Flickr8K/561179890_af8e31cb2e.jpg,/content/Image_captioning_Local/Flickr8K/Images/561179890_af8e31cb2e.jpg,person,0.8649941682815552,230.58319091796875,189.6474151611328,348.9710998535156,500.1300048828125,3
Flickr8K/561179890_af8e31cb2e.jpg,/content/Image_captioning_Local/Flickr8K/Images/561179890_af8e31cb2e.jpg,backpack,0.8288504481315613,263.4312744140625,248.1366424560547,373.722900390625,398.2881164550781,3
Flickr8K/561179890_af8e31cb2e.jpg,/content/Image_captioning_Local/Flickr8K/Images/561179890_af8e31cb2e.jpg,knife,0.25884419679641724,216.71307373046875,352.7148742675781,250.31874084472656,381.5744323730469,3
Flickr8K/561417861_8e25d0c0e8.jpg,/content/Image_captioning_Local/Flickr8K/Images/561417861_8e25d0c0e8.jpg,person,0.9250957369804382,180.348388671875,418.8984680175781,229.99668884277344,497.7340087890625,6
Flickr8K/561417861_8e25d0c0e8.jpg,/content/Image_captioning_Local/Flickr8K/Images/561417861_8e25d0c0e8.jpg,person,0.8733118772506714,309.064453125,333.8782043457031,375.0572204589844,496.89508056640625,6
Flickr8K/561417861_8e25d0c0e8.jpg,/content/Image_captioning_Local/Flickr8K/Images/561417861_8e25d0c0e8.jpg,person,0.8560580611228943,29.38687515258789,146.28065490722656,124.51022338867188,496.6607666015625,6
Flickr8K/561417861_8e25d0c0e8.jpg,/content/Image_captioning_Local/Flickr8K/Images/561417861_8e25d0c0e8.jpg,handbag,0.7944446206092834,45.501094818115234,201.71084594726562,115.64141845703125,346.78985595703125,6
Flickr8K/561417861_8e25d0c0e8.jpg,/content/Image_captioning_Local/Flickr8K/Images/561417861_8e25d0c0e8.jpg,traffic light,0.77360999584198,270.3466491699219,365.5666198730469,299.2216796875,395.953125,6
Flickr8K/561417861_8e25d0c0e8.jpg,/content/Image_captioning_Local/Flickr8K/Images/561417861_8e25d0c0e8.jpg,backpack,0.2717629671096802,45.93489074707031,202.13327026367188,115.13304138183594,346.34576416015625,6
Flickr8K/561940436_64d6fc125d.jpg,/content/Image_captioning_Local/Flickr8K/Images/561940436_64d6fc125d.jpg,person,0.9421526789665222,11.496931076049805,97.23322296142578,263.4917297363281,499.4183044433594,20
Flickr8K/561940436_64d6fc125d.jpg,/content/Image_captioning_Local/Flickr8K/Images/561940436_64d6fc125d.jpg,person,0.9419798254966736,304.05523681640625,136.39109802246094,375.0810546875,407.65130615234375,20
Flickr8K/561940436_64d6fc125d.jpg,/content/Image_captioning_Local/Flickr8K/Images/561940436_64d6fc125d.jpg,person,0.938627302646637,173.06582641601562,129.09202575683594,354.9825439453125,500.3677673339844,20
Flickr8K/561940436_64d6fc125d.jpg,/content/Image_captioning_Local/Flickr8K/Images/561940436_64d6fc125d.jpg,person,0.9192429184913635,153.1054229736328,115.86813354492188,237.70860290527344,240.68365478515625,20
Flickr8K/561940436_64d6fc125d.jpg,/content/Image_captioning_Local/Flickr8K/Images/561940436_64d6fc125d.jpg,handbag,0.9112966656684875,114.77965545654297,200.61691284179688,241.58837890625,390.5379638671875,20
Flickr8K/561940436_64d6fc125d.jpg,/content/Image_captioning_Local/Flickr8K/Images/561940436_64d6fc125d.jpg,handbag,0.8105868697166443,208.4478302001953,204.4267120361328,291.6080627441406,346.7325439453125,20
Flickr8K/561940436_64d6fc125d.jpg,/content/Image_captioning_Local/Flickr8K/Images/561940436_64d6fc125d.jpg,cup,0.7961772084236145,333.47998046875,209.58726501464844,351.7730407714844,238.1174774169922,20
Flickr8K/561940436_64d6fc125d.jpg,/content/Image_captioning_Local/Flickr8K/Images/561940436_64d6fc125d.jpg,person,0.7735061645507812,237.07257080078125,115.1910400390625,299.4618225097656,218.98922729492188,20
Flickr8K/561940436_64d6fc125d.jpg,/content/Image_captioning_Local/Flickr8K/Images/561940436_64d6fc125d.jpg,person,0.6940235495567322,2.78104567527771,74.697998046875,67.9608383178711,255.03280639648438,20
Flickr8K/561940436_64d6fc125d.jpg,/content/Image_captioning_Local/Flickr8K/Images/561940436_64d6fc125d.jpg,bench,0.47108420729637146,-0.2158619463443756,387.19244384765625,152.91168212890625,469.0928039550781,20
Flickr8K/561940436_64d6fc125d.jpg,/content/Image_captioning_Local/Flickr8K/Images/561940436_64d6fc125d.jpg,bench,0.4611203372478485,0.02820231020450592,387.4100646972656,162.45504760742188,499.6543273925781,20
Flickr8K/561940436_64d6fc125d.jpg,/content/Image_captioning_Local/Flickr8K/Images/561940436_64d6fc125d.jpg,handbag,0.4573873281478882,0.33819860219955444,425.24163818359375,112.47818756103516,500.1375732421875,20
Flickr8K/561940436_64d6fc125d.jpg,/content/Image_captioning_Local/Flickr8K/Images/561940436_64d6fc125d.jpg,person,0.426290899515152,0.963265061378479,74.75582122802734,68.04617309570312,327.3145446777344,20
Flickr8K/561940436_64d6fc125d.jpg,/content/Image_captioning_Local/Flickr8K/Images/561940436_64d6fc125d.jpg,person,0.3779343068599701,236.99737548828125,114.81936645507812,275.10382080078125,137.40472412109375,20
Flickr8K/561940436_64d6fc125d.jpg,/content/Image_captioning_Local/Flickr8K/Images/561940436_64d6fc125d.jpg,bench,0.32133394479751587,-0.42903050780296326,383.6604309082031,374.5672302246094,499.30596923828125,20
Flickr8K/561940436_64d6fc125d.jpg,/content/Image_captioning_Local/Flickr8K/Images/561940436_64d6fc125d.jpg,suitcase,0.3151276409626007,344.47845458984375,438.3799133300781,375.0386657714844,500.3956604003906,20
Flickr8K/561940436_64d6fc125d.jpg,/content/Image_captioning_Local/Flickr8K/Images/561940436_64d6fc125d.jpg,handbag,0.31390485167503357,344.47845458984375,438.3799133300781,375.0386657714844,500.3956604003906,20
Flickr8K/561940436_64d6fc125d.jpg,/content/Image_captioning_Local/Flickr8K/Images/561940436_64d6fc125d.jpg,backpack,0.3087427318096161,344.47845458984375,438.3799133300781,375.0386657714844,500.3956604003906,20
Flickr8K/561940436_64d6fc125d.jpg,/content/Image_captioning_Local/Flickr8K/Images/561940436_64d6fc125d.jpg,person,0.2953827381134033,0.7535610198974609,75.6198501586914,67.64739990234375,387.1627197265625,20
Flickr8K/561940436_64d6fc125d.jpg,/content/Image_captioning_Local/Flickr8K/Images/561940436_64d6fc125d.jpg,bench,0.271983802318573,-0.4070699214935303,385.1888122558594,374.58917236328125,499.2486267089844,20
Flickr8K/562588230_edb2c071c8.jpg,/content/Image_captioning_Local/Flickr8K/Images/562588230_edb2c071c8.jpg,person,0.948702335357666,251.84384155273438,103.96068572998047,343.4269714355469,319.9018249511719,2
Flickr8K/562588230_edb2c071c8.jpg,/content/Image_captioning_Local/Flickr8K/Images/562588230_edb2c071c8.jpg,boat,0.5234648585319519,95.68229675292969,197.4081268310547,500.1994323730469,374.06890869140625,2
Flickr8K/562928217_21f967a807.jpg,/content/Image_captioning_Local/Flickr8K/Images/562928217_21f967a807.jpg,dog,0.9562143087387085,4.675671577453613,204.0089569091797,121.61347198486328,480.7416076660156,5
Flickr8K/562928217_21f967a807.jpg,/content/Image_captioning_Local/Flickr8K/Images/562928217_21f967a807.jpg,dog,0.9154936671257019,194.15576171875,256.6751403808594,308.8936462402344,467.01934814453125,5
Flickr8K/562928217_21f967a807.jpg,/content/Image_captioning_Local/Flickr8K/Images/562928217_21f967a807.jpg,dog,0.9153361320495605,129.09693908691406,391.8681640625,205.14727783203125,442.4835510253906,5
Flickr8K/562928217_21f967a807.jpg,/content/Image_captioning_Local/Flickr8K/Images/562928217_21f967a807.jpg,sports ball,0.8745955228805542,114.11836242675781,60.58523941040039,128.90304565429688,75.87438201904297,5
Flickr8K/562928217_21f967a807.jpg,/content/Image_captioning_Local/Flickr8K/Images/562928217_21f967a807.jpg,frisbee,0.8630254864692688,194.74514770507812,406.50384521484375,208.04226684570312,424.188720703125,5
Flickr8K/56489627_e1de43de34.jpg,/content/Image_captioning_Local/Flickr8K/Images/56489627_e1de43de34.jpg,horse,0.9288908243179321,345.67535400390625,249.16763305664062,463.37945556640625,319.8678283691406,5
Flickr8K/56489627_e1de43de34.jpg,/content/Image_captioning_Local/Flickr8K/Images/56489627_e1de43de34.jpg,person,0.927483856678009,38.33427429199219,218.00894165039062,87.85594177246094,304.53057861328125,5
Flickr8K/56489627_e1de43de34.jpg,/content/Image_captioning_Local/Flickr8K/Images/56489627_e1de43de34.jpg,horse,0.8944268822669983,172.1667022705078,246.4330291748047,285.3742980957031,306.19952392578125,5
Flickr8K/56489627_e1de43de34.jpg,/content/Image_captioning_Local/Flickr8K/Images/56489627_e1de43de34.jpg,backpack,0.30327892303466797,372.9056701660156,251.580322265625,402.72222900390625,279.4241638183594,5
Flickr8K/56489627_e1de43de34.jpg,/content/Image_captioning_Local/Flickr8K/Images/56489627_e1de43de34.jpg,backpack,0.29671311378479004,397.5585632324219,246.0686492919922,425.130126953125,277.1011962890625,5
Flickr8K/56494233_1824005879.jpg,/content/Image_captioning_Local/Flickr8K/Images/56494233_1824005879.jpg,person,0.862848699092865,395.6560363769531,194.6302490234375,416.880859375,260.89349365234375,3
Flickr8K/56494233_1824005879.jpg,/content/Image_captioning_Local/Flickr8K/Images/56494233_1824005879.jpg,backpack,0.40338781476020813,405.15972900390625,208.5008544921875,418.122802734375,227.48037719726562,3
Flickr8K/56494233_1824005879.jpg,/content/Image_captioning_Local/Flickr8K/Images/56494233_1824005879.jpg,backpack,0.389133095741272,405.3569030761719,197.49563598632812,418.06683349609375,227.5318145751953,3
Flickr8K/565605894_8f0bed0438.jpg,/content/Image_captioning_Local/Flickr8K/Images/565605894_8f0bed0438.jpg,person,0.9755369424819946,0.09863635897636414,79.47482299804688,320.3384094238281,499.6803283691406,3
Flickr8K/565605894_8f0bed0438.jpg,/content/Image_captioning_Local/Flickr8K/Images/565605894_8f0bed0438.jpg,frisbee,0.5167104005813599,301.5101318359375,21.334335327148438,333.0548095703125,179.4286346435547,3
Flickr8K/565605894_8f0bed0438.jpg,/content/Image_captioning_Local/Flickr8K/Images/565605894_8f0bed0438.jpg,frisbee,0.3252217173576355,156.16464233398438,0.4440993070602417,224.06605529785156,141.72047424316406,3
Flickr8K/566384456_97da3c7bd6.jpg,/content/Image_captioning_Local/Flickr8K/Images/566384456_97da3c7bd6.jpg,person,0.9749715924263,0.09381026029586792,-0.257692813873291,248.6516571044922,391.4467468261719,5
Flickr8K/566384456_97da3c7bd6.jpg,/content/Image_captioning_Local/Flickr8K/Images/566384456_97da3c7bd6.jpg,person,0.938520073890686,337.8173828125,163.41400146484375,499.97991943359375,391.6146545410156,5
Flickr8K/566384456_97da3c7bd6.jpg,/content/Image_captioning_Local/Flickr8K/Images/566384456_97da3c7bd6.jpg,boat,0.5949742794036865,95.49372100830078,328.023193359375,499.7867431640625,391.59344482421875,5
Flickr8K/566384456_97da3c7bd6.jpg,/content/Image_captioning_Local/Flickr8K/Images/566384456_97da3c7bd6.jpg,boat,0.4255187213420868,95.17164611816406,329.7153625488281,345.37017822265625,391.7364196777344,5
Flickr8K/566384456_97da3c7bd6.jpg,/content/Image_captioning_Local/Flickr8K/Images/566384456_97da3c7bd6.jpg,boat,0.3172779679298401,4.249632358551025,329.481689453125,345.1194763183594,391.8887634277344,5
Flickr8K/566397227_a469e9e415.jpg,/content/Image_captioning_Local/Flickr8K/Images/566397227_a469e9e415.jpg,person,0.9416008591651917,184.2763671875,221.9892120361328,245.37718200683594,373.6105651855469,1
Flickr8K/566446626_9793890f95.jpg,/content/Image_captioning_Local/Flickr8K/Images/566446626_9793890f95.jpg,person,0.8415670990943909,92.08847045898438,0.05988776683807373,365.7945251464844,329.40655517578125,6
Flickr8K/566446626_9793890f95.jpg,/content/Image_captioning_Local/Flickr8K/Images/566446626_9793890f95.jpg,bench,0.3975027799606323,-0.24788081645965576,480.9898376464844,126.02334594726562,500.1817932128906,6
Flickr8K/566446626_9793890f95.jpg,/content/Image_captioning_Local/Flickr8K/Images/566446626_9793890f95.jpg,bench,0.3509743809700012,319.9610595703125,488.0855712890625,343.8096923828125,500.0496520996094,6
Flickr8K/566446626_9793890f95.jpg,/content/Image_captioning_Local/Flickr8K/Images/566446626_9793890f95.jpg,bench,0.3407179117202759,339.0084533691406,473.0509338378906,375.0126037597656,500.14495849609375,6
Flickr8K/566446626_9793890f95.jpg,/content/Image_captioning_Local/Flickr8K/Images/566446626_9793890f95.jpg,dining table,0.281184583902359,339.0084533691406,473.0509338378906,375.0126037597656,500.14495849609375,6
Flickr8K/566446626_9793890f95.jpg,/content/Image_captioning_Local/Flickr8K/Images/566446626_9793890f95.jpg,dining table,0.27460965514183044,-0.24788081645965576,480.9898376464844,126.02334594726562,500.1817932128906,6
Flickr8K/566794036_60f7acdf35.jpg,/content/Image_captioning_Local/Flickr8K/Images/566794036_60f7acdf35.jpg,person,0.9592157006263733,84.31615447998047,19.09726905822754,273.53662109375,496.50616455078125,2
Flickr8K/566794036_60f7acdf35.jpg,/content/Image_captioning_Local/Flickr8K/Images/566794036_60f7acdf35.jpg,sports ball,0.9394838213920593,69.36590576171875,309.8539733886719,129.87020874023438,376.9180908203125,2
Flickr8K/566794440_f9ec673a2f.jpg,/content/Image_captioning_Local/Flickr8K/Images/566794440_f9ec673a2f.jpg,person,0.9548275470733643,58.725032806396484,65.17900848388672,193.19790649414062,471.08184814453125,13
Flickr8K/566794440_f9ec673a2f.jpg,/content/Image_captioning_Local/Flickr8K/Images/566794440_f9ec673a2f.jpg,person,0.9426456093788147,273.53094482421875,40.152042388916016,368.9861755371094,252.31370544433594,13
Flickr8K/566794440_f9ec673a2f.jpg,/content/Image_captioning_Local/Flickr8K/Images/566794440_f9ec673a2f.jpg,baseball glove,0.9157056212425232,112.40788269042969,185.0542449951172,176.82980346679688,255.13937377929688,13
Flickr8K/566794440_f9ec673a2f.jpg,/content/Image_captioning_Local/Flickr8K/Images/566794440_f9ec673a2f.jpg,baseball glove,0.9072772860527039,346.864990234375,138.18325805664062,369.7579040527344,177.27206420898438,13
Flickr8K/566794440_f9ec673a2f.jpg,/content/Image_captioning_Local/Flickr8K/Images/566794440_f9ec673a2f.jpg,car,0.7739650011062622,161.53143310546875,17.31011390686035,248.16012573242188,62.70267105102539,13
Flickr8K/566794440_f9ec673a2f.jpg,/content/Image_captioning_Local/Flickr8K/Images/566794440_f9ec673a2f.jpg,person,0.5397855043411255,244.0531768798828,0.09203702211380005,274.3348693847656,124.42217254638672,13
Flickr8K/566794440_f9ec673a2f.jpg,/content/Image_captioning_Local/Flickr8K/Images/566794440_f9ec673a2f.jpg,car,0.5100447535514832,0.09313412010669708,27.452116012573242,113.3724365234375,78.92503356933594,13
Flickr8K/566794440_f9ec673a2f.jpg,/content/Image_captioning_Local/Flickr8K/Images/566794440_f9ec673a2f.jpg,car,0.3678167462348938,78.5889892578125,28.73032569885254,114.11737823486328,75.68595886230469,13
Flickr8K/566794440_f9ec673a2f.jpg,/content/Image_captioning_Local/Flickr8K/Images/566794440_f9ec673a2f.jpg,car,0.3481977581977844,0.10270066559314728,27.731887817382812,156.5433349609375,78.46784973144531,13
Flickr8K/566794440_f9ec673a2f.jpg,/content/Image_captioning_Local/Flickr8K/Images/566794440_f9ec673a2f.jpg,car,0.33322975039482117,77.5232925415039,28.834369659423828,134.93202209472656,75.33950805664062,13
Flickr8K/566794440_f9ec673a2f.jpg,/content/Image_captioning_Local/Flickr8K/Images/566794440_f9ec673a2f.jpg,car,0.3247385025024414,-0.07792655378580093,28.227766036987305,62.90052795410156,78.78753662109375,13
Flickr8K/566794440_f9ec673a2f.jpg,/content/Image_captioning_Local/Flickr8K/Images/566794440_f9ec673a2f.jpg,truck,0.2769106328487396,161.54486083984375,17.190879821777344,248.2610626220703,62.91737365722656,13
Flickr8K/566794440_f9ec673a2f.jpg,/content/Image_captioning_Local/Flickr8K/Images/566794440_f9ec673a2f.jpg,car,0.2754490077495575,0.4444308578968048,27.795644760131836,134.4935760498047,79.29666900634766,13
Flickr8K/566921157_07c18a41e2.jpg,/content/Image_captioning_Local/Flickr8K/Images/566921157_07c18a41e2.jpg,dog,0.962385356426239,199.33847045898438,-0.09560957551002502,337.89727783203125,191.87106323242188,2
Flickr8K/566921157_07c18a41e2.jpg,/content/Image_captioning_Local/Flickr8K/Images/566921157_07c18a41e2.jpg,dog,0.9402716159820557,112.80474853515625,62.804386138916016,193.50218200683594,160.48997497558594,2
Flickr8K/571130875_30051ac02d.jpg,/content/Image_captioning_Local/Flickr8K/Images/571130875_30051ac02d.jpg,person,0.9543537497520447,387.7921447753906,21.770374298095703,499.44989013671875,364.4804992675781,23
Flickr8K/571130875_30051ac02d.jpg,/content/Image_captioning_Local/Flickr8K/Images/571130875_30051ac02d.jpg,person,0.9415413737297058,203.25338745117188,11.934379577636719,303.9404602050781,337.8390808105469,23
Flickr8K/571130875_30051ac02d.jpg,/content/Image_captioning_Local/Flickr8K/Images/571130875_30051ac02d.jpg,person,0.9250614643096924,312.6653747558594,18.62917709350586,410.9824523925781,358.21661376953125,23
Flickr8K/571130875_30051ac02d.jpg,/content/Image_captioning_Local/Flickr8K/Images/571130875_30051ac02d.jpg,person,0.9084636569023132,106.41416931152344,18.419635772705078,216.96424865722656,339.3898620605469,23
Flickr8K/571130875_30051ac02d.jpg,/content/Image_captioning_Local/Flickr8K/Images/571130875_30051ac02d.jpg,person,0.9004800319671631,39.675376892089844,20.341461181640625,133.95794677734375,326.43170166015625,23
Flickr8K/571130875_30051ac02d.jpg,/content/Image_captioning_Local/Flickr8K/Images/571130875_30051ac02d.jpg,person,0.8911438584327698,-0.1271665096282959,24.717966079711914,64.66529083251953,316.2943420410156,23
Flickr8K/571130875_30051ac02d.jpg,/content/Image_captioning_Local/Flickr8K/Images/571130875_30051ac02d.jpg,person,0.7421970367431641,310.2506408691406,23.749801635742188,351.4946594238281,115.61412048339844,23
Flickr8K/571130875_30051ac02d.jpg,/content/Image_captioning_Local/Flickr8K/Images/571130875_30051ac02d.jpg,person,0.674299418926239,108.16846466064453,12.91478443145752,142.19338989257812,76.12696838378906,23
Flickr8K/571130875_30051ac02d.jpg,/content/Image_captioning_Local/Flickr8K/Images/571130875_30051ac02d.jpg,person,0.5746133327484131,461.72113037109375,14.92546272277832,490.09912109375,73.87079620361328,23
Flickr8K/571130875_30051ac02d.jpg,/content/Image_captioning_Local/Flickr8K/Images/571130875_30051ac02d.jpg,traffic light,0.5693053007125854,134.75628662109375,-0.2828667461872101,145.03952026367188,19.375761032104492,23
Flickr8K/571130875_30051ac02d.jpg,/content/Image_captioning_Local/Flickr8K/Images/571130875_30051ac02d.jpg,person,0.5299732685089111,174.97039794921875,25.53587532043457,209.0834197998047,104.58354187011719,23
Flickr8K/571130875_30051ac02d.jpg,/content/Image_captioning_Local/Flickr8K/Images/571130875_30051ac02d.jpg,person,0.43445321917533875,113.37945556640625,50.20543670654297,140.32960510253906,95.98014831542969,23
Flickr8K/571130875_30051ac02d.jpg,/content/Image_captioning_Local/Flickr8K/Images/571130875_30051ac02d.jpg,person,0.391226589679718,288.8308410644531,40.21109390258789,315.7575988769531,135.50152587890625,23
Flickr8K/571130875_30051ac02d.jpg,/content/Image_captioning_Local/Flickr8K/Images/571130875_30051ac02d.jpg,tie,0.33072298765182495,149.6162872314453,73.08906555175781,166.2863311767578,123.21648406982422,23
Flickr8K/571130875_30051ac02d.jpg,/content/Image_captioning_Local/Flickr8K/Images/571130875_30051ac02d.jpg,person,0.31006577610969543,487.1972961425781,30.053617477416992,499.52105712890625,55.82061767578125,23
Flickr8K/571130875_30051ac02d.jpg,/content/Image_captioning_Local/Flickr8K/Images/571130875_30051ac02d.jpg,person,0.2915133237838745,274.36761474609375,49.565425872802734,295.2215270996094,83.77151489257812,23
Flickr8K/571130875_30051ac02d.jpg,/content/Image_captioning_Local/Flickr8K/Images/571130875_30051ac02d.jpg,person,0.2908530831336975,275.5703430175781,39.38615798950195,307.5497741699219,135.33010864257812,23
Flickr8K/571130875_30051ac02d.jpg,/content/Image_captioning_Local/Flickr8K/Images/571130875_30051ac02d.jpg,person,0.28335514664649963,487.6464538574219,30.213558197021484,499.0953674316406,46.90386199951172,23
Flickr8K/571130875_30051ac02d.jpg,/content/Image_captioning_Local/Flickr8K/Images/571130875_30051ac02d.jpg,traffic light,0.27255257964134216,97.64619445800781,11.463640213012695,103.36444091796875,22.52739906311035,23
Flickr8K/571130875_30051ac02d.jpg,/content/Image_captioning_Local/Flickr8K/Images/571130875_30051ac02d.jpg,person,0.25804659724235535,274.44024658203125,49.52140808105469,298.9974365234375,106.18382263183594,23
Flickr8K/571130875_30051ac02d.jpg,/content/Image_captioning_Local/Flickr8K/Images/571130875_30051ac02d.jpg,person,0.255542516708374,113.21480560302734,49.99187088012695,136.99095153808594,80.86770629882812,23
Flickr8K/571130875_30051ac02d.jpg,/content/Image_captioning_Local/Flickr8K/Images/571130875_30051ac02d.jpg,person,0.2523401379585266,98.52344512939453,40.57926940917969,114.11761474609375,76.84844970703125,23
Flickr8K/571130875_30051ac02d.jpg,/content/Image_captioning_Local/Flickr8K/Images/571130875_30051ac02d.jpg,handbag,0.2512972056865692,286.4635009765625,59.54366683959961,300.0196228027344,89.33495330810547,23
Flickr8K/571507143_be346225b7.jpg,/content/Image_captioning_Local/Flickr8K/Images/571507143_be346225b7.jpg,person,0.8771111965179443,-0.1206323504447937,161.20591735839844,145.3939666748047,332.6729736328125,12
Flickr8K/571507143_be346225b7.jpg,/content/Image_captioning_Local/Flickr8K/Images/571507143_be346225b7.jpg,person,0.7964624166488647,239.2454833984375,124.09955596923828,390.2852478027344,332.7786865234375,12
Flickr8K/571507143_be346225b7.jpg,/content/Image_captioning_Local/Flickr8K/Images/571507143_be346225b7.jpg,person,0.7959856390953064,331.771240234375,142.63426208496094,447.36529541015625,332.9912414550781,12
Flickr8K/571507143_be346225b7.jpg,/content/Image_captioning_Local/Flickr8K/Images/571507143_be346225b7.jpg,person,0.6936188340187073,156.38609313964844,128.9764862060547,271.6765441894531,332.9688720703125,12
Flickr8K/571507143_be346225b7.jpg,/content/Image_captioning_Local/Flickr8K/Images/571507143_be346225b7.jpg,person,0.6248601675033569,197.46127319335938,141.2436065673828,274.51507568359375,333.0571594238281,12
Flickr8K/571507143_be346225b7.jpg,/content/Image_captioning_Local/Flickr8K/Images/571507143_be346225b7.jpg,person,0.5168337225914001,407.5093994140625,-0.026800230145454407,475.1059875488281,116.35334777832031,12
Flickr8K/571507143_be346225b7.jpg,/content/Image_captioning_Local/Flickr8K/Images/571507143_be346225b7.jpg,cell phone,0.5088353753089905,381.998046875,193.86029052734375,396.6544189453125,212.07650756835938,12
Flickr8K/571507143_be346225b7.jpg,/content/Image_captioning_Local/Flickr8K/Images/571507143_be346225b7.jpg,person,0.3480062782764435,397.7540283203125,117.90055084228516,429.34759521484375,151.387939453125,12
Flickr8K/571507143_be346225b7.jpg,/content/Image_captioning_Local/Flickr8K/Images/571507143_be346225b7.jpg,cell phone,0.33129164576530457,375.1795654296875,193.62550354003906,396.82073974609375,213.30177307128906,12
Flickr8K/571507143_be346225b7.jpg,/content/Image_captioning_Local/Flickr8K/Images/571507143_be346225b7.jpg,person,0.3173527121543884,397.4395751953125,117.52062225341797,437.6011657714844,179.1961212158203,12
Flickr8K/571507143_be346225b7.jpg,/content/Image_captioning_Local/Flickr8K/Images/571507143_be346225b7.jpg,person,0.30491456389427185,242.715087890625,95.78130340576172,444.8264465332031,332.7737731933594,12
Flickr8K/571507143_be346225b7.jpg,/content/Image_captioning_Local/Flickr8K/Images/571507143_be346225b7.jpg,person,0.25251057744026184,156.56015014648438,96.24569702148438,285.8593444824219,332.6803894042969,12
Flickr8K/572618443_647483ca82.jpg,/content/Image_captioning_Local/Flickr8K/Images/572618443_647483ca82.jpg,person,0.9386938810348511,0.7071602940559387,46.20632553100586,321.99951171875,500.111328125,3
Flickr8K/572618443_647483ca82.jpg,/content/Image_captioning_Local/Flickr8K/Images/572618443_647483ca82.jpg,person,0.5572687387466431,191.98777770996094,162.45481872558594,334.2768859863281,500.0086975097656,3
Flickr8K/572618443_647483ca82.jpg,/content/Image_captioning_Local/Flickr8K/Images/572618443_647483ca82.jpg,surfboard,0.3846353590488434,262.1314392089844,34.455074310302734,333.98699951171875,75.98287963867188,3
Flickr8K/57417274_d55d34e93e.jpg,/content/Image_captioning_Local/Flickr8K/Images/57417274_d55d34e93e.jpg,person,0.8624279499053955,238.13018798828125,235.8443603515625,275.5511169433594,290.0774230957031,13
Flickr8K/57417274_d55d34e93e.jpg,/content/Image_captioning_Local/Flickr8K/Images/57417274_d55d34e93e.jpg,person,0.7893359661102295,172.7357940673828,218.53208923339844,197.70445251464844,288.0830078125,13
Flickr8K/57417274_d55d34e93e.jpg,/content/Image_captioning_Local/Flickr8K/Images/57417274_d55d34e93e.jpg,person,0.7547668218612671,128.3445281982422,268.5781555175781,178.60792541503906,317.96124267578125,13
Flickr8K/57417274_d55d34e93e.jpg,/content/Image_captioning_Local/Flickr8K/Images/57417274_d55d34e93e.jpg,person,0.7348111271858215,184.4306640625,237.6555633544922,219.72506713867188,293.76983642578125,13
Flickr8K/57417274_d55d34e93e.jpg,/content/Image_captioning_Local/Flickr8K/Images/57417274_d55d34e93e.jpg,person,0.6137234568595886,287.4619445800781,320.2220153808594,344.3031311035156,374.89947509765625,13
Flickr8K/57417274_d55d34e93e.jpg,/content/Image_captioning_Local/Flickr8K/Images/57417274_d55d34e93e.jpg,person,0.5815846920013428,112.00652313232422,237.5140380859375,161.81919860839844,300.679931640625,13
Flickr8K/57417274_d55d34e93e.jpg,/content/Image_captioning_Local/Flickr8K/Images/57417274_d55d34e93e.jpg,person,0.5815170407295227,211.88125610351562,216.1123809814453,232.71337890625,239.7027587890625,13
Flickr8K/57417274_d55d34e93e.jpg,/content/Image_captioning_Local/Flickr8K/Images/57417274_d55d34e93e.jpg,person,0.46125587821006775,205.28346252441406,236.95570373535156,229.4353485107422,275.1667785644531,13
Flickr8K/57417274_d55d34e93e.jpg,/content/Image_captioning_Local/Flickr8K/Images/57417274_d55d34e93e.jpg,person,0.42669063806533813,135.8544158935547,237.48648071289062,161.87379455566406,268.18212890625,13
Flickr8K/57417274_d55d34e93e.jpg,/content/Image_captioning_Local/Flickr8K/Images/57417274_d55d34e93e.jpg,person,0.41426882147789,255.0150146484375,320.3048095703125,343.8755798339844,374.767822265625,13
Flickr8K/57417274_d55d34e93e.jpg,/content/Image_captioning_Local/Flickr8K/Images/57417274_d55d34e93e.jpg,person,0.298148512840271,205.4418487548828,237.07781982421875,222.20005798339844,262.5418701171875,13
Flickr8K/57417274_d55d34e93e.jpg,/content/Image_captioning_Local/Flickr8K/Images/57417274_d55d34e93e.jpg,person,0.2955299913883209,135.72581481933594,237.31698608398438,162.8376922607422,274.5271911621094,13
Flickr8K/57417274_d55d34e93e.jpg,/content/Image_captioning_Local/Flickr8K/Images/57417274_d55d34e93e.jpg,person,0.25284507870674133,112.11518096923828,260.57733154296875,155.7799835205078,301.3306579589844,13
Flickr8K/57422853_b5f6366081.jpg,/content/Image_captioning_Local/Flickr8K/Images/57422853_b5f6366081.jpg,person,0.6319425106048584,203.37051391601562,222.01931762695312,244.85302734375,324.0530090332031,3
Flickr8K/57422853_b5f6366081.jpg,/content/Image_captioning_Local/Flickr8K/Images/57422853_b5f6366081.jpg,person,0.3662853240966797,203.80850219726562,222.19566345214844,244.8387908935547,300.2937316894531,3
Flickr8K/57422853_b5f6366081.jpg,/content/Image_captioning_Local/Flickr8K/Images/57422853_b5f6366081.jpg,person,0.34957778453826904,216.12945556640625,222.33201599121094,244.5428009033203,295.9814453125,3
Flickr8K/574274795_57e0834e7d.jpg,/content/Image_captioning_Local/Flickr8K/Images/574274795_57e0834e7d.jpg,frisbee,0.764575183391571,173.84226989746094,63.8175163269043,187.56138610839844,84.92435455322266,3
Flickr8K/574274795_57e0834e7d.jpg,/content/Image_captioning_Local/Flickr8K/Images/574274795_57e0834e7d.jpg,bird,0.751213550567627,110.41789245605469,342.3782043457031,177.8031005859375,406.2026672363281,3
Flickr8K/574274795_57e0834e7d.jpg,/content/Image_captioning_Local/Flickr8K/Images/574274795_57e0834e7d.jpg,dog,0.38740748167037964,110.41789245605469,342.3782043457031,177.8031005859375,406.2026672363281,3
Flickr8K/575636303_b0b8fd4eee.jpg,/content/Image_captioning_Local/Flickr8K/Images/575636303_b0b8fd4eee.jpg,person,0.9474905729293823,130.8436279296875,183.3618621826172,225.754638671875,374.98040771484375,33
Flickr8K/575636303_b0b8fd4eee.jpg,/content/Image_captioning_Local/Flickr8K/Images/575636303_b0b8fd4eee.jpg,person,0.912746012210846,386.8630676269531,91.10458374023438,427.3041076660156,202.0301055908203,33
Flickr8K/575636303_b0b8fd4eee.jpg,/content/Image_captioning_Local/Flickr8K/Images/575636303_b0b8fd4eee.jpg,person,0.9014883637428284,191.80410766601562,120.32914733886719,238.6708526611328,244.75802612304688,33
Flickr8K/575636303_b0b8fd4eee.jpg,/content/Image_captioning_Local/Flickr8K/Images/575636303_b0b8fd4eee.jpg,person,0.8976351618766785,268.11572265625,141.95506286621094,333.9744567871094,281.52020263671875,33
Flickr8K/575636303_b0b8fd4eee.jpg,/content/Image_captioning_Local/Flickr8K/Images/575636303_b0b8fd4eee.jpg,person,0.8685582876205444,316.1651306152344,98.0625228881836,357.9054260253906,237.73719787597656,33
Flickr8K/575636303_b0b8fd4eee.jpg,/content/Image_captioning_Local/Flickr8K/Images/575636303_b0b8fd4eee.jpg,person,0.8658365607261658,234.32115173339844,88.86469268798828,264.5720520019531,180.8473358154297,33
Flickr8K/575636303_b0b8fd4eee.jpg,/content/Image_captioning_Local/Flickr8K/Images/575636303_b0b8fd4eee.jpg,person,0.8077928423881531,209.07305908203125,79.63882446289062,227.40248107910156,122.95476531982422,33
Flickr8K/575636303_b0b8fd4eee.jpg,/content/Image_captioning_Local/Flickr8K/Images/575636303_b0b8fd4eee.jpg,person,0.804940938949585,187.7161407470703,105.98097229003906,211.1829376220703,191.7989501953125,33
Flickr8K/575636303_b0b8fd4eee.jpg,/content/Image_captioning_Local/Flickr8K/Images/575636303_b0b8fd4eee.jpg,person,0.7558891773223877,283.1435546875,110.01263427734375,319.726806640625,177.51458740234375,33
Flickr8K/575636303_b0b8fd4eee.jpg,/content/Image_captioning_Local/Flickr8K/Images/575636303_b0b8fd4eee.jpg,person,0.7365237474441528,296.95233154296875,76.83001708984375,313.8601379394531,111.69386291503906,33
Flickr8K/575636303_b0b8fd4eee.jpg,/content/Image_captioning_Local/Flickr8K/Images/575636303_b0b8fd4eee.jpg,handbag,0.593890368938446,328.5030822753906,148.80442810058594,358.76251220703125,179.55657958984375,33
Flickr8K/575636303_b0b8fd4eee.jpg,/content/Image_captioning_Local/Flickr8K/Images/575636303_b0b8fd4eee.jpg,cow,0.514999270439148,241.64549255371094,34.03670883178711,256.82159423828125,45.27308654785156,33
Flickr8K/575636303_b0b8fd4eee.jpg,/content/Image_captioning_Local/Flickr8K/Images/575636303_b0b8fd4eee.jpg,elephant,0.4747841954231262,416.77789306640625,29.468475341796875,426.82305908203125,40.41884994506836,33
Flickr8K/575636303_b0b8fd4eee.jpg,/content/Image_captioning_Local/Flickr8K/Images/575636303_b0b8fd4eee.jpg,elephant,0.44756439328193665,241.64549255371094,34.03670883178711,256.82159423828125,45.27308654785156,33
Flickr8K/575636303_b0b8fd4eee.jpg,/content/Image_captioning_Local/Flickr8K/Images/575636303_b0b8fd4eee.jpg,elephant,0.4313715398311615,175.01315307617188,32.958961486816406,191.07803344726562,42.62173843383789,33
Flickr8K/575636303_b0b8fd4eee.jpg,/content/Image_captioning_Local/Flickr8K/Images/575636303_b0b8fd4eee.jpg,cow,0.42932021617889404,175.01315307617188,32.958961486816406,191.07803344726562,42.62173843383789,33
Flickr8K/575636303_b0b8fd4eee.jpg,/content/Image_captioning_Local/Flickr8K/Images/575636303_b0b8fd4eee.jpg,cow,0.42867547273635864,264.7825927734375,31.0041561126709,277.8924560546875,42.274871826171875,33
Flickr8K/575636303_b0b8fd4eee.jpg,/content/Image_captioning_Local/Flickr8K/Images/575636303_b0b8fd4eee.jpg,cow,0.4208657145500183,215.24728393554688,36.43251037597656,227.11537170410156,47.94945526123047,33
Flickr8K/575636303_b0b8fd4eee.jpg,/content/Image_captioning_Local/Flickr8K/Images/575636303_b0b8fd4eee.jpg,handbag,0.4201192557811737,328.62890625,124.69193267822266,358.94549560546875,179.48190307617188,33
Flickr8K/575636303_b0b8fd4eee.jpg,/content/Image_captioning_Local/Flickr8K/Images/575636303_b0b8fd4eee.jpg,cow,0.4122457802295685,416.77789306640625,29.468475341796875,426.82305908203125,40.41884994506836,33
Flickr8K/575636303_b0b8fd4eee.jpg,/content/Image_captioning_Local/Flickr8K/Images/575636303_b0b8fd4eee.jpg,elephant,0.39864933490753174,264.7825927734375,31.0041561126709,277.8924560546875,42.274871826171875,33
Flickr8K/575636303_b0b8fd4eee.jpg,/content/Image_captioning_Local/Flickr8K/Images/575636303_b0b8fd4eee.jpg,elephant,0.39324721693992615,215.24728393554688,36.43251037597656,227.11537170410156,47.94945526123047,33
Flickr8K/575636303_b0b8fd4eee.jpg,/content/Image_captioning_Local/Flickr8K/Images/575636303_b0b8fd4eee.jpg,handbag,0.3579515218734741,324.27545166015625,124.45795440673828,359.0138854980469,179.5635986328125,33
Flickr8K/575636303_b0b8fd4eee.jpg,/content/Image_captioning_Local/Flickr8K/Images/575636303_b0b8fd4eee.jpg,elephant,0.3502103388309479,346.6861267089844,27.89741325378418,363.0526123046875,38.6130485534668,33
Flickr8K/575636303_b0b8fd4eee.jpg,/content/Image_captioning_Local/Flickr8K/Images/575636303_b0b8fd4eee.jpg,cow,0.33728688955307007,232.36729431152344,31.54330825805664,240.79547119140625,38.43397521972656,33
Flickr8K/575636303_b0b8fd4eee.jpg,/content/Image_captioning_Local/Flickr8K/Images/575636303_b0b8fd4eee.jpg,horse,0.32292842864990234,241.64549255371094,34.03670883178711,256.82159423828125,45.27308654785156,33
Flickr8K/575636303_b0b8fd4eee.jpg,/content/Image_captioning_Local/Flickr8K/Images/575636303_b0b8fd4eee.jpg,cow,0.29976922273635864,346.6861267089844,27.89741325378418,363.0526123046875,38.6130485534668,33
Flickr8K/575636303_b0b8fd4eee.jpg,/content/Image_captioning_Local/Flickr8K/Images/575636303_b0b8fd4eee.jpg,elephant,0.2656981647014618,232.36729431152344,31.54330825805664,240.79547119140625,38.43397521972656,33
Flickr8K/575636303_b0b8fd4eee.jpg,/content/Image_captioning_Local/Flickr8K/Images/575636303_b0b8fd4eee.jpg,cow,0.2638755738735199,327.6808166503906,27.244203567504883,335.571044921875,34.39923095703125,33
Flickr8K/575636303_b0b8fd4eee.jpg,/content/Image_captioning_Local/Flickr8K/Images/575636303_b0b8fd4eee.jpg,elephant,0.2618648111820221,220.79083251953125,27.67795181274414,228.40768432617188,37.00607681274414,33
Flickr8K/575636303_b0b8fd4eee.jpg,/content/Image_captioning_Local/Flickr8K/Images/575636303_b0b8fd4eee.jpg,horse,0.2580113708972931,264.7825927734375,31.0041561126709,277.8924560546875,42.274871826171875,33
Flickr8K/575636303_b0b8fd4eee.jpg,/content/Image_captioning_Local/Flickr8K/Images/575636303_b0b8fd4eee.jpg,cow,0.25520890951156616,186.68333435058594,32.77803421020508,191.41807556152344,40.21173858642578,33
Flickr8K/575636303_b0b8fd4eee.jpg,/content/Image_captioning_Local/Flickr8K/Images/575636303_b0b8fd4eee.jpg,elephant,0.25240442156791687,216.78709411621094,27.656383514404297,228.37416076660156,37.175270080566406,33
Flickr8K/576075451_5e0f6facb3.jpg,/content/Image_captioning_Local/Flickr8K/Images/576075451_5e0f6facb3.jpg,dog,0.9612097144126892,67.39462280273438,30.714323043823242,262.1238098144531,315.30535888671875,1
Flickr8K/576093768_e78f91c176.jpg,/content/Image_captioning_Local/Flickr8K/Images/576093768_e78f91c176.jpg,person,0.9267122745513916,184.2516326904297,95.2990493774414,304.6499938964844,302.2583923339844,15
Flickr8K/576093768_e78f91c176.jpg,/content/Image_captioning_Local/Flickr8K/Images/576093768_e78f91c176.jpg,person,0.9145570397377014,413.796142578125,0.14382201433181763,499.80743408203125,188.07662963867188,15
Flickr8K/576093768_e78f91c176.jpg,/content/Image_captioning_Local/Flickr8K/Images/576093768_e78f91c176.jpg,laptop,0.8855089545249939,269.70404052734375,113.66429138183594,357.9595031738281,185.03903198242188,15
Flickr8K/576093768_e78f91c176.jpg,/content/Image_captioning_Local/Flickr8K/Images/576093768_e78f91c176.jpg,person,0.8000041842460632,253.90309143066406,38.589027404785156,334.07135009765625,173.85365295410156,15
Flickr8K/576093768_e78f91c176.jpg,/content/Image_captioning_Local/Flickr8K/Images/576093768_e78f91c176.jpg,couch,0.7113307118415833,40.86921310424805,114.770263671875,245.4844970703125,304.53619384765625,15
Flickr8K/576093768_e78f91c176.jpg,/content/Image_captioning_Local/Flickr8K/Images/576093768_e78f91c176.jpg,person,0.6203407645225525,38.17850875854492,65.04307556152344,143.85838317871094,281.1076354980469,15
Flickr8K/576093768_e78f91c176.jpg,/content/Image_captioning_Local/Flickr8K/Images/576093768_e78f91c176.jpg,person,0.6041469573974609,57.516353607177734,65.10865020751953,143.6392822265625,128.92999267578125,15
Flickr8K/576093768_e78f91c176.jpg,/content/Image_captioning_Local/Flickr8K/Images/576093768_e78f91c176.jpg,chair,0.4078640639781952,36.44478225708008,113.30391693115234,246.23379516601562,304.06280517578125,15
Flickr8K/576093768_e78f91c176.jpg,/content/Image_captioning_Local/Flickr8K/Images/576093768_e78f91c176.jpg,person,0.3030999004840851,250.7369842529297,38.68716812133789,333.77471923828125,289.5500183105469,15
Flickr8K/576093768_e78f91c176.jpg,/content/Image_captioning_Local/Flickr8K/Images/576093768_e78f91c176.jpg,cup,0.30036062002182007,149.71951293945312,95.96749877929688,158.21560668945312,105.08448028564453,15
Flickr8K/576093768_e78f91c176.jpg,/content/Image_captioning_Local/Flickr8K/Images/576093768_e78f91c176.jpg,person,0.2899535596370697,34.70281982421875,130.8470458984375,102.32694244384766,280.8339538574219,15
Flickr8K/576093768_e78f91c176.jpg,/content/Image_captioning_Local/Flickr8K/Images/576093768_e78f91c176.jpg,cup,0.2847437262535095,188.28907775878906,92.52217102050781,199.29078674316406,103.00996398925781,15
Flickr8K/576093768_e78f91c176.jpg,/content/Image_captioning_Local/Flickr8K/Images/576093768_e78f91c176.jpg,dining table,0.27996280789375305,338.2972412109375,185.01206970214844,500.1361999511719,313.7170104980469,15
Flickr8K/576093768_e78f91c176.jpg,/content/Image_captioning_Local/Flickr8K/Images/576093768_e78f91c176.jpg,dining table,0.2703849673271179,339.2900695800781,185.96588134765625,499.9629821777344,247.41134643554688,15
Flickr8K/576093768_e78f91c176.jpg,/content/Image_captioning_Local/Flickr8K/Images/576093768_e78f91c176.jpg,cell phone,0.25930020213127136,434.4248352050781,0.0830785259604454,452.2861022949219,20.76703643798828,15
Flickr8K/576920249_df1bdc2068.jpg,/content/Image_captioning_Local/Flickr8K/Images/576920249_df1bdc2068.jpg,person,0.9239023327827454,198.00265502929688,61.65172576904297,371.0893249511719,374.1742248535156,34
Flickr8K/576920249_df1bdc2068.jpg,/content/Image_captioning_Local/Flickr8K/Images/576920249_df1bdc2068.jpg,person,0.871914267539978,325.9657897949219,35.16697692871094,397.3338928222656,223.4904327392578,34
Flickr8K/576920249_df1bdc2068.jpg,/content/Image_captioning_Local/Flickr8K/Images/576920249_df1bdc2068.jpg,person,0.8667271137237549,129.98011779785156,-0.05029141902923584,238.44265747070312,319.714599609375,34
Flickr8K/576920249_df1bdc2068.jpg,/content/Image_captioning_Local/Flickr8K/Images/576920249_df1bdc2068.jpg,person,0.8298043012619019,434.6570129394531,0.3184787929058075,499.9461364746094,374.7909240722656,34
Flickr8K/576920249_df1bdc2068.jpg,/content/Image_captioning_Local/Flickr8K/Images/576920249_df1bdc2068.jpg,person,0.7129670977592468,376.16943359375,33.380760192871094,425.4983215332031,148.43614196777344,34
Flickr8K/576920249_df1bdc2068.jpg,/content/Image_captioning_Local/Flickr8K/Images/576920249_df1bdc2068.jpg,bottle,0.6621161699295044,294.96826171875,183.54273986816406,309.09735107421875,219.72921752929688,34
Flickr8K/576920249_df1bdc2068.jpg,/content/Image_captioning_Local/Flickr8K/Images/576920249_df1bdc2068.jpg,handbag,0.5981266498565674,113.63208770751953,3.3223154544830322,127.43190002441406,38.129058837890625,34
Flickr8K/576920249_df1bdc2068.jpg,/content/Image_captioning_Local/Flickr8K/Images/576920249_df1bdc2068.jpg,person,0.5840434432029724,269.2843017578125,47.87196731567383,314.6838073730469,272.0411376953125,34
Flickr8K/576920249_df1bdc2068.jpg,/content/Image_captioning_Local/Flickr8K/Images/576920249_df1bdc2068.jpg,person,0.5605196952819824,90.09628295898438,-0.025880523025989532,122.49641418457031,85.75700378417969,34
Flickr8K/576920249_df1bdc2068.jpg,/content/Image_captioning_Local/Flickr8K/Images/576920249_df1bdc2068.jpg,person,0.539316713809967,-0.09798631072044373,122.24732971191406,83.864990234375,374.9501647949219,34
Flickr8K/576920249_df1bdc2068.jpg,/content/Image_captioning_Local/Flickr8K/Images/576920249_df1bdc2068.jpg,person,0.5278153419494629,427.0451354980469,31.700302124023438,478.697509765625,222.43081665039062,34
Flickr8K/576920249_df1bdc2068.jpg,/content/Image_captioning_Local/Flickr8K/Images/576920249_df1bdc2068.jpg,person,0.5168009996414185,373.6444396972656,0.06530899554491043,417.3594970703125,85.84980773925781,34
Flickr8K/576920249_df1bdc2068.jpg,/content/Image_captioning_Local/Flickr8K/Images/576920249_df1bdc2068.jpg,person,0.5062382817268372,266.27044677734375,7.331002712249756,295.1448669433594,52.41482925415039,34
Flickr8K/576920249_df1bdc2068.jpg,/content/Image_captioning_Local/Flickr8K/Images/576920249_df1bdc2068.jpg,person,0.49166423082351685,299.4025573730469,4.9186601638793945,323.2262878417969,85.51155090332031,34
Flickr8K/576920249_df1bdc2068.jpg,/content/Image_captioning_Local/Flickr8K/Images/576920249_df1bdc2068.jpg,handbag,0.4415235221385956,46.40870666503906,48.94548034667969,73.69175720214844,84.66753387451172,34
Flickr8K/576920249_df1bdc2068.jpg,/content/Image_captioning_Local/Flickr8K/Images/576920249_df1bdc2068.jpg,handbag,0.4132342040538788,420.4188537597656,8.579436302185059,447.8463439941406,57.12532424926758,34
Flickr8K/576920249_df1bdc2068.jpg,/content/Image_captioning_Local/Flickr8K/Images/576920249_df1bdc2068.jpg,person,0.4015061855316162,230.34620666503906,0.022005289793014526,261.25372314453125,64.48085021972656,34
Flickr8K/576920249_df1bdc2068.jpg,/content/Image_captioning_Local/Flickr8K/Images/576920249_df1bdc2068.jpg,person,0.39504632353782654,42.93375015258789,-0.19853097200393677,74.18729400634766,86.4998550415039,34
Flickr8K/576920249_df1bdc2068.jpg,/content/Image_captioning_Local/Flickr8K/Images/576920249_df1bdc2068.jpg,person,0.38540053367614746,70.03929901123047,9.107681274414062,87.96644592285156,71.0405044555664,34
Flickr8K/576920249_df1bdc2068.jpg,/content/Image_captioning_Local/Flickr8K/Images/576920249_df1bdc2068.jpg,person,0.37869793176651,4.371030330657959,0.11479295790195465,37.031925201416016,78.48282623291016,34
Flickr8K/576920249_df1bdc2068.jpg,/content/Image_captioning_Local/Flickr8K/Images/576920249_df1bdc2068.jpg,person,0.3649643063545227,372.8159484863281,0.45404767990112305,420.3867492675781,128.94480895996094,34
Flickr8K/576920249_df1bdc2068.jpg,/content/Image_captioning_Local/Flickr8K/Images/576920249_df1bdc2068.jpg,car,0.35617345571517944,331.278564453125,0.3508811295032501,349.2930603027344,12.197652816772461,34
Flickr8K/576920249_df1bdc2068.jpg,/content/Image_captioning_Local/Flickr8K/Images/576920249_df1bdc2068.jpg,person,0.3519584536552429,361.1292419433594,-0.052755698561668396,381.9533996582031,80.74461364746094,34
Flickr8K/576920249_df1bdc2068.jpg,/content/Image_captioning_Local/Flickr8K/Images/576920249_df1bdc2068.jpg,car,0.3429184854030609,319.3782653808594,0.7162084579467773,334.6724548339844,12.376458168029785,34
Flickr8K/576920249_df1bdc2068.jpg,/content/Image_captioning_Local/Flickr8K/Images/576920249_df1bdc2068.jpg,person,0.3044988512992859,129.48712158203125,5.531491756439209,148.16123962402344,61.22926712036133,34
Flickr8K/576920249_df1bdc2068.jpg,/content/Image_captioning_Local/Flickr8K/Images/576920249_df1bdc2068.jpg,car,0.29375892877578735,444.30694580078125,4.390717506408691,479.87432861328125,28.4532470703125,34
Flickr8K/576920249_df1bdc2068.jpg,/content/Image_captioning_Local/Flickr8K/Images/576920249_df1bdc2068.jpg,handbag,0.2858619689941406,420.3067932128906,37.50433349609375,447.5231628417969,57.108642578125,34
Flickr8K/576920249_df1bdc2068.jpg,/content/Image_captioning_Local/Flickr8K/Images/576920249_df1bdc2068.jpg,car,0.28290247917175293,258.7422790527344,6.26815128326416,274.5677795410156,23.757160186767578,34
Flickr8K/576920249_df1bdc2068.jpg,/content/Image_captioning_Local/Flickr8K/Images/576920249_df1bdc2068.jpg,person,0.27377060055732727,426.0115966796875,31.516096115112305,478.15118408203125,174.7669219970703,34
Flickr8K/576920249_df1bdc2068.jpg,/content/Image_captioning_Local/Flickr8K/Images/576920249_df1bdc2068.jpg,person,0.26363706588745117,43.7846794128418,-0.19472278654575348,69.08943939208984,57.94040298461914,34
Flickr8K/576920249_df1bdc2068.jpg,/content/Image_captioning_Local/Flickr8K/Images/576920249_df1bdc2068.jpg,car,0.2631652355194092,257.8212585449219,5.538230895996094,278.4289245605469,23.71014404296875,34
Flickr8K/576920249_df1bdc2068.jpg,/content/Image_captioning_Local/Flickr8K/Images/576920249_df1bdc2068.jpg,person,0.26242509484291077,17.46888542175293,-0.018487684428691864,44.35146713256836,74.38191223144531,34
Flickr8K/576920249_df1bdc2068.jpg,/content/Image_captioning_Local/Flickr8K/Images/576920249_df1bdc2068.jpg,person,0.26004377007484436,-0.23981788754463196,17.738996505737305,11.924999237060547,78.54920959472656,34
Flickr8K/576920249_df1bdc2068.jpg,/content/Image_captioning_Local/Flickr8K/Images/576920249_df1bdc2068.jpg,person,0.25480738282203674,415.47491455078125,0.33997559547424316,446.6329650878906,127.45806121826172,34
Flickr8K/578274277_652cae32ba.jpg,/content/Image_captioning_Local/Flickr8K/Images/578274277_652cae32ba.jpg,person,0.9788349866867065,7.3139472007751465,0.18742680549621582,332.9607849121094,500.1710510253906,4
Flickr8K/578274277_652cae32ba.jpg,/content/Image_captioning_Local/Flickr8K/Images/578274277_652cae32ba.jpg,frisbee,0.4855468273162842,200.73422241210938,175.02029418945312,333.0777587890625,310.732666015625,4
Flickr8K/578274277_652cae32ba.jpg,/content/Image_captioning_Local/Flickr8K/Images/578274277_652cae32ba.jpg,bowl,0.303165465593338,62.79939651489258,149.89674377441406,164.7170867919922,283.1457824707031,4
Flickr8K/578274277_652cae32ba.jpg,/content/Image_captioning_Local/Flickr8K/Images/578274277_652cae32ba.jpg,frisbee,0.27563777565956116,62.79939651489258,149.89674377441406,164.7170867919922,283.1457824707031,4
Flickr8K/578644583_da3ff18dd1.jpg,/content/Image_captioning_Local/Flickr8K/Images/578644583_da3ff18dd1.jpg,person,0.9552392363548279,61.424129486083984,17.765268325805664,210.34271240234375,306.01708984375,7
Flickr8K/578644583_da3ff18dd1.jpg,/content/Image_captioning_Local/Flickr8K/Images/578644583_da3ff18dd1.jpg,person,0.8944047689437866,254.0113525390625,168.7370147705078,314.40264892578125,292.23138427734375,7
Flickr8K/578644583_da3ff18dd1.jpg,/content/Image_captioning_Local/Flickr8K/Images/578644583_da3ff18dd1.jpg,dining table,0.5523265600204468,213.52828979492188,245.38818359375,284.73394775390625,312.04388427734375,7
Flickr8K/578644583_da3ff18dd1.jpg,/content/Image_captioning_Local/Flickr8K/Images/578644583_da3ff18dd1.jpg,frisbee,0.30532461404800415,253.80853271484375,202.9933624267578,267.8829345703125,208.26315307617188,7
Flickr8K/578644583_da3ff18dd1.jpg,/content/Image_captioning_Local/Flickr8K/Images/578644583_da3ff18dd1.jpg,chair,0.30055373907089233,0.07823887467384338,214.01812744140625,89.19783782958984,401.33203125,7
Flickr8K/578644583_da3ff18dd1.jpg,/content/Image_captioning_Local/Flickr8K/Images/578644583_da3ff18dd1.jpg,bench,0.29250913858413696,213.52828979492188,245.38818359375,284.73394775390625,312.04388427734375,7
Flickr8K/578644583_da3ff18dd1.jpg,/content/Image_captioning_Local/Flickr8K/Images/578644583_da3ff18dd1.jpg,chair,0.2833123505115509,121.80045318603516,191.4456329345703,145.62847900390625,204.0395050048828,7
Flickr8K/581419370_30485f3580.jpg,/content/Image_captioning_Local/Flickr8K/Images/581419370_30485f3580.jpg,person,0.9413569569587708,167.4307861328125,83.59405517578125,284.6059265136719,207.3189697265625,7
Flickr8K/581419370_30485f3580.jpg,/content/Image_captioning_Local/Flickr8K/Images/581419370_30485f3580.jpg,person,0.9395848512649536,86.01664733886719,86.44003295898438,181.73312377929688,223.45574951171875,7
Flickr8K/581419370_30485f3580.jpg,/content/Image_captioning_Local/Flickr8K/Images/581419370_30485f3580.jpg,backpack,0.47864434123039246,241.84536743164062,91.29773712158203,277.20855712890625,125.23253631591797,7
Flickr8K/581419370_30485f3580.jpg,/content/Image_captioning_Local/Flickr8K/Images/581419370_30485f3580.jpg,backpack,0.337966650724411,83.21984100341797,112.72362518310547,157.54054260253906,150.83641052246094,7
Flickr8K/581419370_30485f3580.jpg,/content/Image_captioning_Local/Flickr8K/Images/581419370_30485f3580.jpg,backpack,0.2989596128463745,83.12217712402344,111.5728988647461,134.97921752929688,151.18333435058594,7
Flickr8K/581419370_30485f3580.jpg,/content/Image_captioning_Local/Flickr8K/Images/581419370_30485f3580.jpg,backpack,0.2977716326713562,83.09978485107422,112.42052459716797,157.81219482421875,150.2869415283203,7
Flickr8K/581419370_30485f3580.jpg,/content/Image_captioning_Local/Flickr8K/Images/581419370_30485f3580.jpg,backpack,0.2719678580760956,83.18163299560547,121.70288848876953,113.32784271240234,150.7216796875,7
Flickr8K/582788646_dc40748639.jpg,/content/Image_captioning_Local/Flickr8K/Images/582788646_dc40748639.jpg,person,0.9517835378646851,134.00816345214844,32.97248077392578,388.6702575683594,335.2952880859375,3
Flickr8K/582788646_dc40748639.jpg,/content/Image_captioning_Local/Flickr8K/Images/582788646_dc40748639.jpg,kite,0.7395882606506348,67.14634704589844,46.99100112915039,436.2901916503906,168.9757843017578,3
Flickr8K/582788646_dc40748639.jpg,/content/Image_captioning_Local/Flickr8K/Images/582788646_dc40748639.jpg,surfboard,0.388705849647522,67.14634704589844,46.99100112915039,436.2901916503906,168.9757843017578,3
Flickr8K/582899605_d96f9201f1.jpg,/content/Image_captioning_Local/Flickr8K/Images/582899605_d96f9201f1.jpg,person,0.6667336225509644,67.4496078491211,133.5146484375,326.4463806152344,471.00592041015625,8
Flickr8K/582899605_d96f9201f1.jpg,/content/Image_captioning_Local/Flickr8K/Images/582899605_d96f9201f1.jpg,person,0.6637360453605652,45.08076095581055,83.38907623291016,284.12799072265625,374.7397155761719,8
Flickr8K/582899605_d96f9201f1.jpg,/content/Image_captioning_Local/Flickr8K/Images/582899605_d96f9201f1.jpg,person,0.47859224677085876,44.049339294433594,111.53119659423828,222.41566467285156,374.4281005859375,8
Flickr8K/582899605_d96f9201f1.jpg,/content/Image_captioning_Local/Flickr8K/Images/582899605_d96f9201f1.jpg,person,0.35275766253471375,45.24684143066406,124.28069305419922,284.6971740722656,374.1574401855469,8
Flickr8K/582899605_d96f9201f1.jpg,/content/Image_captioning_Local/Flickr8K/Images/582899605_d96f9201f1.jpg,person,0.3262346386909485,88.37358856201172,84.29376983642578,284.12890625,370.6171569824219,8
Flickr8K/582899605_d96f9201f1.jpg,/content/Image_captioning_Local/Flickr8K/Images/582899605_d96f9201f1.jpg,person,0.30881109833717346,95.23582458496094,133.6515655517578,285.630126953125,375.9575500488281,8
Flickr8K/582899605_d96f9201f1.jpg,/content/Image_captioning_Local/Flickr8K/Images/582899605_d96f9201f1.jpg,person,0.2978425621986389,84.44332122802734,84.09552001953125,325.97674560546875,421.4710693359375,8
Flickr8K/582899605_d96f9201f1.jpg,/content/Image_captioning_Local/Flickr8K/Images/582899605_d96f9201f1.jpg,person,0.2707778215408325,95.85846710205078,134.2161865234375,287.1134338378906,376.5652770996094,8
Flickr8K/583087629_a09334e1fb.jpg,/content/Image_captioning_Local/Flickr8K/Images/583087629_a09334e1fb.jpg,person,0.9465999603271484,161.30616760253906,50.491390228271484,300.6650085449219,246.90855407714844,3
Flickr8K/583087629_a09334e1fb.jpg,/content/Image_captioning_Local/Flickr8K/Images/583087629_a09334e1fb.jpg,car,0.6465166807174683,267.87811279296875,0.34576746821403503,500.00537109375,91.39104461669922,3
Flickr8K/583087629_a09334e1fb.jpg,/content/Image_captioning_Local/Flickr8K/Images/583087629_a09334e1fb.jpg,truck,0.5013480186462402,267.6893005371094,-0.07630605250597,500.3702087402344,92.0068130493164,3
Flickr8K/583174725_6b522b621f.jpg,/content/Image_captioning_Local/Flickr8K/Images/583174725_6b522b621f.jpg,person,0.9445043802261353,163.70645141601562,65.62035369873047,286.37646484375,263.6467590332031,6
Flickr8K/583174725_6b522b621f.jpg,/content/Image_captioning_Local/Flickr8K/Images/583174725_6b522b621f.jpg,car,0.8723151087760925,374.5338439941406,-0.19490718841552734,499.86798095703125,115.83844757080078,6
Flickr8K/583174725_6b522b621f.jpg,/content/Image_captioning_Local/Flickr8K/Images/583174725_6b522b621f.jpg,car,0.7095635533332825,43.959407806396484,0.2763848900794983,383.4999084472656,100.94464874267578,6
Flickr8K/583174725_6b522b621f.jpg,/content/Image_captioning_Local/Flickr8K/Images/583174725_6b522b621f.jpg,truck,0.5030508637428284,43.73017120361328,-0.12765638530254364,383.35260009765625,101.24239349365234,6
Flickr8K/583174725_6b522b621f.jpg,/content/Image_captioning_Local/Flickr8K/Images/583174725_6b522b621f.jpg,tennis racket,0.3580188453197479,157.3114776611328,182.9293212890625,172.8948211669922,230.2077178955078,6
Flickr8K/583174725_6b522b621f.jpg,/content/Image_captioning_Local/Flickr8K/Images/583174725_6b522b621f.jpg,truck,0.34345921874046326,374.3137512207031,-0.4138872027397156,499.8553771972656,116.10211944580078,6
Flickr8K/58357057_dea882479e.jpg,/content/Image_captioning_Local/Flickr8K/Images/58357057_dea882479e.jpg,person,0.8875336647033691,222.86129760742188,180.2194366455078,233.58428955078125,232.33592224121094,2
Flickr8K/58357057_dea882479e.jpg,/content/Image_captioning_Local/Flickr8K/Images/58357057_dea882479e.jpg,snowboard,0.3588569164276123,225.30252075195312,227.4664764404297,233.8947296142578,233.15518188476562,2
Flickr8K/58363928_6f7074608c.jpg,/content/Image_captioning_Local/Flickr8K/Images/58363928_6f7074608c.jpg,person,0.9037395119667053,302.2920837402344,254.2908935546875,362.0421447753906,332.8758239746094,2
Flickr8K/58363928_6f7074608c.jpg,/content/Image_captioning_Local/Flickr8K/Images/58363928_6f7074608c.jpg,backpack,0.8374703526496887,301.8485107421875,242.369140625,326.8915710449219,279.2703552246094,2
Flickr8K/58363930_0544844edd.jpg,/content/Image_captioning_Local/Flickr8K/Images/58363930_0544844edd.jpg,person,0.8986957669258118,263.5188903808594,370.35272216796875,293.9134216308594,440.2664489746094,5
Flickr8K/58363930_0544844edd.jpg,/content/Image_captioning_Local/Flickr8K/Images/58363930_0544844edd.jpg,backpack,0.8466723561286926,279.3228454589844,367.8977966308594,299.02276611328125,405.39251708984375,5
Flickr8K/58363930_0544844edd.jpg,/content/Image_captioning_Local/Flickr8K/Images/58363930_0544844edd.jpg,backpack,0.5680381655693054,270.7262268066406,382.10198974609375,286.8677978515625,411.4652099609375,5
Flickr8K/58363930_0544844edd.jpg,/content/Image_captioning_Local/Flickr8K/Images/58363930_0544844edd.jpg,skis,0.4490857720375061,267.56463623046875,437.6631774902344,303.4549560546875,443.70123291015625,5
Flickr8K/58363930_0544844edd.jpg,/content/Image_captioning_Local/Flickr8K/Images/58363930_0544844edd.jpg,skis,0.39384880661964417,278.6025390625,438.2021179199219,303.3780822753906,443.625,5
Flickr8K/58368365_03ed3e5bdf.jpg,/content/Image_captioning_Local/Flickr8K/Images/58368365_03ed3e5bdf.jpg,person,0.9400841593742371,321.60394287109375,131.6693572998047,366.432373046875,242.6353759765625,1
Flickr8K/584484388_0eeb36d03d.jpg,/content/Image_captioning_Local/Flickr8K/Images/584484388_0eeb36d03d.jpg,dog,0.9703657627105713,235.44662475585938,0.8533859252929688,387.23260498046875,299.7771911621094,3
Flickr8K/584484388_0eeb36d03d.jpg,/content/Image_captioning_Local/Flickr8K/Images/584484388_0eeb36d03d.jpg,dog,0.9564926624298096,64.8412857055664,104.81636047363281,226.16415405273438,302.9443054199219,3
Flickr8K/584484388_0eeb36d03d.jpg,/content/Image_captioning_Local/Flickr8K/Images/584484388_0eeb36d03d.jpg,sports ball,0.6516035795211792,213.40560913085938,191.85296630859375,269.9975891113281,250.16146850585938,3
Flickr8K/587604325_af5d6df679.jpg,/content/Image_captioning_Local/Flickr8K/Images/587604325_af5d6df679.jpg,dog,0.9620777368545532,130.76426696777344,231.80743408203125,438.0918884277344,499.7740173339844,2
Flickr8K/587604325_af5d6df679.jpg,/content/Image_captioning_Local/Flickr8K/Images/587604325_af5d6df679.jpg,dog,0.9438593983650208,0.10069406032562256,44.894935607910156,282.9904479980469,500.1512145996094,2
Flickr8K/590445887_4d4fa43923.jpg,/content/Image_captioning_Local/Flickr8K/Images/590445887_4d4fa43923.jpg,person,0.9417033791542053,83.64227294921875,-0.35918503999710083,381.67645263671875,354.6226501464844,25
Flickr8K/590445887_4d4fa43923.jpg,/content/Image_captioning_Local/Flickr8K/Images/590445887_4d4fa43923.jpg,person,0.9284800291061401,355.5267333984375,178.69046020507812,484.5498352050781,354.7935485839844,25
Flickr8K/590445887_4d4fa43923.jpg,/content/Image_captioning_Local/Flickr8K/Images/590445887_4d4fa43923.jpg,person,0.7896826267242432,406.25042724609375,135.77947998046875,494.43341064453125,252.32382202148438,25
Flickr8K/590445887_4d4fa43923.jpg,/content/Image_captioning_Local/Flickr8K/Images/590445887_4d4fa43923.jpg,person,0.7498242855072021,7.664419651031494,186.35093688964844,99.36567687988281,354.68316650390625,25
Flickr8K/590445887_4d4fa43923.jpg,/content/Image_captioning_Local/Flickr8K/Images/590445887_4d4fa43923.jpg,person,0.6912416815757751,449.37310791015625,162.06338500976562,492.6556701660156,212.36883544921875,25
Flickr8K/590445887_4d4fa43923.jpg,/content/Image_captioning_Local/Flickr8K/Images/590445887_4d4fa43923.jpg,person,0.6444911360740662,374.7974548339844,159.66259765625,409.92724609375,187.5093994140625,25
Flickr8K/590445887_4d4fa43923.jpg,/content/Image_captioning_Local/Flickr8K/Images/590445887_4d4fa43923.jpg,person,0.6171722412109375,314.69207763671875,176.743896484375,380.3094177246094,354.8072814941406,25
Flickr8K/590445887_4d4fa43923.jpg,/content/Image_captioning_Local/Flickr8K/Images/590445887_4d4fa43923.jpg,person,0.574916660785675,0.13189110159873962,160.2705078125,24.375446319580078,206.71847534179688,25
Flickr8K/590445887_4d4fa43923.jpg,/content/Image_captioning_Local/Flickr8K/Images/590445887_4d4fa43923.jpg,person,0.46504417061805725,0.1314748078584671,204.1297149658203,42.858943939208984,354.53338623046875,25
Flickr8K/590445887_4d4fa43923.jpg,/content/Image_captioning_Local/Flickr8K/Images/590445887_4d4fa43923.jpg,person,0.375156044960022,306.506591796875,175.3944854736328,333.260986328125,220.8424072265625,25
Flickr8K/590445887_4d4fa43923.jpg,/content/Image_captioning_Local/Flickr8K/Images/590445887_4d4fa43923.jpg,person,0.34390026330947876,315.3589782714844,230.453857421875,381.7222900390625,354.5924377441406,25
Flickr8K/590445887_4d4fa43923.jpg,/content/Image_captioning_Local/Flickr8K/Images/590445887_4d4fa43923.jpg,person,0.34053707122802734,406.45782470703125,136.31471252441406,490.8677062988281,213.75823974609375,25
Flickr8K/590445887_4d4fa43923.jpg,/content/Image_captioning_Local/Flickr8K/Images/590445887_4d4fa43923.jpg,teddy bear,0.3338157534599304,87.71762084960938,161.93548583984375,141.47219848632812,206.7001495361328,25
Flickr8K/590445887_4d4fa43923.jpg,/content/Image_captioning_Local/Flickr8K/Images/590445887_4d4fa43923.jpg,person,0.3257125914096832,27.618310928344727,186.5237579345703,92.9898452758789,295.95147705078125,25
Flickr8K/590445887_4d4fa43923.jpg,/content/Image_captioning_Local/Flickr8K/Images/590445887_4d4fa43923.jpg,person,0.3243207335472107,82.81840515136719,231.16685485839844,123.15675354003906,296.3160095214844,25
Flickr8K/590445887_4d4fa43923.jpg,/content/Image_captioning_Local/Flickr8K/Images/590445887_4d4fa43923.jpg,person,0.31553518772125244,113.54702758789062,208.79933166503906,148.23191833496094,294.2156677246094,25
Flickr8K/590445887_4d4fa43923.jpg,/content/Image_captioning_Local/Flickr8K/Images/590445887_4d4fa43923.jpg,person,0.31465697288513184,0.08095242083072662,160.58518981933594,36.96364974975586,354.48974609375,25
Flickr8K/590445887_4d4fa43923.jpg,/content/Image_captioning_Local/Flickr8K/Images/590445887_4d4fa43923.jpg,person,0.3135018050670624,28.390928268432617,186.4776611328125,92.33828735351562,270.2019348144531,25
Flickr8K/590445887_4d4fa43923.jpg,/content/Image_captioning_Local/Flickr8K/Images/590445887_4d4fa43923.jpg,person,0.30437085032463074,306.2801513671875,175.4574737548828,335.2429504394531,276.4510498046875,25
Flickr8K/590445887_4d4fa43923.jpg,/content/Image_captioning_Local/Flickr8K/Images/590445887_4d4fa43923.jpg,person,0.3042773902416229,332.3358459472656,176.77210998535156,376.00128173828125,219.05035400390625,25
Flickr8K/590445887_4d4fa43923.jpg,/content/Image_captioning_Local/Flickr8K/Images/590445887_4d4fa43923.jpg,person,0.2859916388988495,0.037901103496551514,203.6297607421875,34.9785270690918,267.4919128417969,25
Flickr8K/590445887_4d4fa43923.jpg,/content/Image_captioning_Local/Flickr8K/Images/590445887_4d4fa43923.jpg,person,0.27666428685188293,-0.023188069462776184,203.8263702392578,36.389156341552734,285.4712829589844,25
Flickr8K/590445887_4d4fa43923.jpg,/content/Image_captioning_Local/Flickr8K/Images/590445887_4d4fa43923.jpg,clock,0.27049803733825684,421.05816650390625,297.8341064453125,431.5235595703125,310.3423767089844,25
Flickr8K/590445887_4d4fa43923.jpg,/content/Image_captioning_Local/Flickr8K/Images/590445887_4d4fa43923.jpg,person,0.2642277777194977,369.07000732421875,159.64125061035156,410.02703857421875,215.06874084472656,25
Flickr8K/590445887_4d4fa43923.jpg,/content/Image_captioning_Local/Flickr8K/Images/590445887_4d4fa43923.jpg,person,0.2640727460384369,84.68175506591797,231.37693786621094,110.87699890136719,254.0935516357422,25
Flickr8K/597543181_6a85ef4c17.jpg,/content/Image_captioning_Local/Flickr8K/Images/597543181_6a85ef4c17.jpg,person,0.951880931854248,79.30264282226562,108.43263244628906,332.97784423828125,434.0587158203125,1
Flickr8K/599366440_a238e805cf.jpg,/content/Image_captioning_Local/Flickr8K/Images/599366440_a238e805cf.jpg,dog,0.9531074166297913,128.8927764892578,170.44854736328125,311.328369140625,296.0693054199219,5
Flickr8K/599366440_a238e805cf.jpg,/content/Image_captioning_Local/Flickr8K/Images/599366440_a238e805cf.jpg,potted plant,0.8496133089065552,122.08443450927734,48.65614318847656,179.0186309814453,86.43717193603516,5
Flickr8K/599366440_a238e805cf.jpg,/content/Image_captioning_Local/Flickr8K/Images/599366440_a238e805cf.jpg,potted plant,0.3466074764728546,0.4658512771129608,0.0667870044708252,120.57254028320312,66.1806869506836,5
Flickr8K/599366440_a238e805cf.jpg,/content/Image_captioning_Local/Flickr8K/Images/599366440_a238e805cf.jpg,sports ball,0.33480945229530334,414.7748107910156,283.8115234375,427.2303771972656,292.1822204589844,5
Flickr8K/599366440_a238e805cf.jpg,/content/Image_captioning_Local/Flickr8K/Images/599366440_a238e805cf.jpg,potted plant,0.29047319293022156,173.61163330078125,41.35452651977539,210.0948944091797,78.86483764648438,5
Flickr8K/607339469_af851c4119.jpg,/content/Image_captioning_Local/Flickr8K/Images/607339469_af851c4119.jpg,person,0.9696171879768372,12.101232528686523,15.432809829711914,263.9623107910156,252.86207580566406,3
Flickr8K/607339469_af851c4119.jpg,/content/Image_captioning_Local/Flickr8K/Images/607339469_af851c4119.jpg,bird,0.8949912786483765,284.62847900390625,123.7718734741211,384.84051513671875,162.5224609375,3
Flickr8K/607339469_af851c4119.jpg,/content/Image_captioning_Local/Flickr8K/Images/607339469_af851c4119.jpg,bird,0.8919392824172974,381.7354431152344,137.88465881347656,470.6553955078125,197.015869140625,3
Flickr8K/608257195_6ec6f48e37.jpg,/content/Image_captioning_Local/Flickr8K/Images/608257195_6ec6f48e37.jpg,person,0.9343963861465454,166.29733276367188,147.7653350830078,271.22784423828125,373.4420471191406,2
Flickr8K/608257195_6ec6f48e37.jpg,/content/Image_captioning_Local/Flickr8K/Images/608257195_6ec6f48e37.jpg,bicycle,0.888055682182312,162.15634155273438,247.70643615722656,266.0650329589844,438.7950134277344,2
Flickr8K/609681901_66809d2dc1.jpg,/content/Image_captioning_Local/Flickr8K/Images/609681901_66809d2dc1.jpg,person,0.9679655432701111,288.4405517578125,65.62654876708984,500.36920166015625,336.9480285644531,2
Flickr8K/609681901_66809d2dc1.jpg,/content/Image_captioning_Local/Flickr8K/Images/609681901_66809d2dc1.jpg,person,0.964961051940918,63.820003509521484,66.13420104980469,314.1789245605469,374.3407897949219,2
Flickr8K/610590753_cd69ce081a.jpg,/content/Image_captioning_Local/Flickr8K/Images/610590753_cd69ce081a.jpg,dog,0.6445019841194153,284.2355041503906,288.0323486328125,306.1985168457031,317.5113830566406,5
Flickr8K/610590753_cd69ce081a.jpg,/content/Image_captioning_Local/Flickr8K/Images/610590753_cd69ce081a.jpg,person,0.3928108513355255,284.2355041503906,288.0323486328125,306.1985168457031,317.5113830566406,5
Flickr8K/610590753_cd69ce081a.jpg,/content/Image_captioning_Local/Flickr8K/Images/610590753_cd69ce081a.jpg,surfboard,0.2958217263221741,173.21054077148438,326.33526611328125,202.1953887939453,337.9095153808594,5
Flickr8K/610590753_cd69ce081a.jpg,/content/Image_captioning_Local/Flickr8K/Images/610590753_cd69ce081a.jpg,frisbee,0.28305599093437195,173.21054077148438,326.33526611328125,202.1953887939453,337.9095153808594,5
Flickr8K/610590753_cd69ce081a.jpg,/content/Image_captioning_Local/Flickr8K/Images/610590753_cd69ce081a.jpg,bear,0.2650904357433319,284.2355041503906,288.0323486328125,306.1985168457031,317.5113830566406,5
Flickr8K/611910909_4f8e43e070.jpg,/content/Image_captioning_Local/Flickr8K/Images/611910909_4f8e43e070.jpg,person,0.8302441239356995,90.45399475097656,104.77533721923828,256.99017333984375,333.8157958984375,3
Flickr8K/611910909_4f8e43e070.jpg,/content/Image_captioning_Local/Flickr8K/Images/611910909_4f8e43e070.jpg,broccoli,0.5098721981048584,94.32911682128906,276.5947265625,196.8245086669922,369.2786865234375,3
Flickr8K/611910909_4f8e43e070.jpg,/content/Image_captioning_Local/Flickr8K/Images/611910909_4f8e43e070.jpg,broccoli,0.31503403186798096,61.05013656616211,276.46942138671875,197.01199340820312,407.83453369140625,3
Flickr8K/61209225_8512e1dad5.jpg,/content/Image_captioning_Local/Flickr8K/Images/61209225_8512e1dad5.jpg,person,0.9323526620864868,421.1396789550781,173.69683837890625,488.760986328125,325.81439208984375,15
Flickr8K/61209225_8512e1dad5.jpg,/content/Image_captioning_Local/Flickr8K/Images/61209225_8512e1dad5.jpg,person,0.9265485405921936,312.76446533203125,157.33126831054688,378.4951477050781,351.1831970214844,15
Flickr8K/61209225_8512e1dad5.jpg,/content/Image_captioning_Local/Flickr8K/Images/61209225_8512e1dad5.jpg,person,0.8989571928977966,378.7914123535156,166.48704528808594,420.4634094238281,301.88092041015625,15
Flickr8K/61209225_8512e1dad5.jpg,/content/Image_captioning_Local/Flickr8K/Images/61209225_8512e1dad5.jpg,person,0.8905962705612183,242.9176025390625,181.91859436035156,316.93817138671875,324.6498107910156,15
Flickr8K/61209225_8512e1dad5.jpg,/content/Image_captioning_Local/Flickr8K/Images/61209225_8512e1dad5.jpg,car,0.7460222244262695,418.7778625488281,198.86219787597656,447.9493713378906,212.42840576171875,15
Flickr8K/61209225_8512e1dad5.jpg,/content/Image_captioning_Local/Flickr8K/Images/61209225_8512e1dad5.jpg,person,0.5501129627227783,223.46682739257812,175.5675048828125,248.63279724121094,201.71649169921875,15
Flickr8K/61209225_8512e1dad5.jpg,/content/Image_captioning_Local/Flickr8K/Images/61209225_8512e1dad5.jpg,person,0.42563411593437195,249.39479064941406,178.70408630371094,273.9804382324219,197.38621520996094,15
Flickr8K/61209225_8512e1dad5.jpg,/content/Image_captioning_Local/Flickr8K/Images/61209225_8512e1dad5.jpg,person,0.41816675662994385,269.4025573730469,174.55076599121094,285.4056396484375,198.9553985595703,15
Flickr8K/61209225_8512e1dad5.jpg,/content/Image_captioning_Local/Flickr8K/Images/61209225_8512e1dad5.jpg,person,0.3819587230682373,265.3614807128906,175.6041717529297,285.2930908203125,217.0297393798828,15
Flickr8K/61209225_8512e1dad5.jpg,/content/Image_captioning_Local/Flickr8K/Images/61209225_8512e1dad5.jpg,car,0.36101412773132324,487.25079345703125,200.4678497314453,499.9374084472656,210.60643005371094,15
Flickr8K/61209225_8512e1dad5.jpg,/content/Image_captioning_Local/Flickr8K/Images/61209225_8512e1dad5.jpg,car,0.337364137172699,492.72967529296875,201.3934783935547,500.0369567871094,210.62063598632812,15
Flickr8K/61209225_8512e1dad5.jpg,/content/Image_captioning_Local/Flickr8K/Images/61209225_8512e1dad5.jpg,person,0.3102947771549225,308.01983642578125,188.65579223632812,322.8214111328125,219.6630096435547,15
Flickr8K/61209225_8512e1dad5.jpg,/content/Image_captioning_Local/Flickr8K/Images/61209225_8512e1dad5.jpg,person,0.28932327032089233,213.9368438720703,175.72900390625,226.0380859375,197.88941955566406,15
Flickr8K/61209225_8512e1dad5.jpg,/content/Image_captioning_Local/Flickr8K/Images/61209225_8512e1dad5.jpg,person,0.28673726320266724,249.34832763671875,178.7164764404297,278.1378479003906,217.49656677246094,15
Flickr8K/61209225_8512e1dad5.jpg,/content/Image_captioning_Local/Flickr8K/Images/61209225_8512e1dad5.jpg,skis,0.28298449516296387,363.6707458496094,290.7127990722656,436.3121643066406,310.38812255859375,15
Flickr8K/613030608_4355e007c7.jpg,/content/Image_captioning_Local/Flickr8K/Images/613030608_4355e007c7.jpg,person,0.93946772813797,12.786799430847168,87.43392181396484,245.09202575683594,499.4893798828125,10
Flickr8K/613030608_4355e007c7.jpg,/content/Image_captioning_Local/Flickr8K/Images/613030608_4355e007c7.jpg,cell phone,0.7112977504730225,113.19425964355469,251.65676879882812,167.31942749023438,315.4317626953125,10
Flickr8K/613030608_4355e007c7.jpg,/content/Image_captioning_Local/Flickr8K/Images/613030608_4355e007c7.jpg,handbag,0.3855993449687958,150.58642578125,343.943359375,217.837158203125,427.87371826171875,10
Flickr8K/613030608_4355e007c7.jpg,/content/Image_captioning_Local/Flickr8K/Images/613030608_4355e007c7.jpg,book,0.3773125112056732,9.788516998291016,4.902742862701416,163.60711669921875,175.85528564453125,10
Flickr8K/613030608_4355e007c7.jpg,/content/Image_captioning_Local/Flickr8K/Images/613030608_4355e007c7.jpg,handbag,0.34465301036834717,94.29395294189453,344.7005310058594,216.97752380371094,465.7672424316406,10
Flickr8K/613030608_4355e007c7.jpg,/content/Image_captioning_Local/Flickr8K/Images/613030608_4355e007c7.jpg,cell phone,0.31453585624694824,9.788516998291016,4.902742862701416,163.60711669921875,175.85528564453125,10
Flickr8K/613030608_4355e007c7.jpg,/content/Image_captioning_Local/Flickr8K/Images/613030608_4355e007c7.jpg,handbag,0.3095329999923706,112.74128723144531,252.04736328125,217.6969451904297,420.7185363769531,10
Flickr8K/613030608_4355e007c7.jpg,/content/Image_captioning_Local/Flickr8K/Images/613030608_4355e007c7.jpg,handbag,0.2722080647945404,90.43448638916016,345.880859375,217.51739501953125,426.8075866699219,10
Flickr8K/613030608_4355e007c7.jpg,/content/Image_captioning_Local/Flickr8K/Images/613030608_4355e007c7.jpg,knife,0.2659478485584259,28.465688705444336,84.4687271118164,139.63064575195312,156.46099853515625,10
Flickr8K/613030608_4355e007c7.jpg,/content/Image_captioning_Local/Flickr8K/Images/613030608_4355e007c7.jpg,handbag,0.26384633779525757,96.46637725830078,348.4146423339844,196.91644287109375,466.9388122558594,10
Flickr8K/613900608_2e49415772.jpg,/content/Image_captioning_Local/Flickr8K/Images/613900608_2e49415772.jpg,person,0.9573419094085693,4.36592435836792,24.948238372802734,437.1163330078125,480.0301818847656,31
Flickr8K/613900608_2e49415772.jpg,/content/Image_captioning_Local/Flickr8K/Images/613900608_2e49415772.jpg,person,0.7065399885177612,45.76702880859375,254.9877471923828,101.51638793945312,352.7727966308594,31
Flickr8K/613900608_2e49415772.jpg,/content/Image_captioning_Local/Flickr8K/Images/613900608_2e49415772.jpg,person,0.6513214111328125,333.0502014160156,259.623779296875,374.8837890625,348.1076354980469,31
Flickr8K/613900608_2e49415772.jpg,/content/Image_captioning_Local/Flickr8K/Images/613900608_2e49415772.jpg,person,0.6313558220863342,370.634521484375,281.8003845214844,406.8046875,352.0514831542969,31
Flickr8K/613900608_2e49415772.jpg,/content/Image_captioning_Local/Flickr8K/Images/613900608_2e49415772.jpg,person,0.6143666505813599,278.26904296875,299.6020202636719,331.59515380859375,352.338623046875,31
Flickr8K/613900608_2e49415772.jpg,/content/Image_captioning_Local/Flickr8K/Images/613900608_2e49415772.jpg,person,0.557202935218811,258.5616455078125,261.60711669921875,293.0618591308594,348.7861633300781,31
Flickr8K/613900608_2e49415772.jpg,/content/Image_captioning_Local/Flickr8K/Images/613900608_2e49415772.jpg,person,0.5519161820411682,21.129451751708984,212.5423126220703,48.71999740600586,271.1891784667969,31
Flickr8K/613900608_2e49415772.jpg,/content/Image_captioning_Local/Flickr8K/Images/613900608_2e49415772.jpg,person,0.5506978631019592,294.0997314453125,258.17401123046875,338.49755859375,345.75634765625,31
Flickr8K/613900608_2e49415772.jpg,/content/Image_captioning_Local/Flickr8K/Images/613900608_2e49415772.jpg,person,0.5398072004318237,256.3654479980469,208.81692504882812,296.5023498535156,285.1573181152344,31
Flickr8K/613900608_2e49415772.jpg,/content/Image_captioning_Local/Flickr8K/Images/613900608_2e49415772.jpg,person,0.5148992538452148,-0.3318778872489929,256.5037841796875,43.168907165527344,353.90582275390625,31
Flickr8K/613900608_2e49415772.jpg,/content/Image_captioning_Local/Flickr8K/Images/613900608_2e49415772.jpg,person,0.5010014772415161,286.6605224609375,211.8822021484375,324.9371337890625,289.0724792480469,31
Flickr8K/613900608_2e49415772.jpg,/content/Image_captioning_Local/Flickr8K/Images/613900608_2e49415772.jpg,person,0.4583602249622345,402.0061340332031,263.94921875,460.9228210449219,351.0754699707031,31
Flickr8K/613900608_2e49415772.jpg,/content/Image_captioning_Local/Flickr8K/Images/613900608_2e49415772.jpg,person,0.450931191444397,-0.029818501323461533,220.8394012451172,21.394214630126953,281.4755859375,31
Flickr8K/613900608_2e49415772.jpg,/content/Image_captioning_Local/Flickr8K/Images/613900608_2e49415772.jpg,person,0.3752214312553406,92.98043060302734,233.64852905273438,117.37751770019531,271.6453552246094,31
Flickr8K/613900608_2e49415772.jpg,/content/Image_captioning_Local/Flickr8K/Images/613900608_2e49415772.jpg,person,0.37210047245025635,422.4458923339844,210.4495391845703,448.66302490234375,248.06602478027344,31
Flickr8K/613900608_2e49415772.jpg,/content/Image_captioning_Local/Flickr8K/Images/613900608_2e49415772.jpg,person,0.3657747507095337,10.76022720336914,214.96241760253906,28.227352142333984,244.53785705566406,31
Flickr8K/613900608_2e49415772.jpg,/content/Image_captioning_Local/Flickr8K/Images/613900608_2e49415772.jpg,chair,0.36233314871788025,60.25746536254883,312.7129821777344,85.83867645263672,348.7298278808594,31
Flickr8K/613900608_2e49415772.jpg,/content/Image_captioning_Local/Flickr8K/Images/613900608_2e49415772.jpg,person,0.35453328490257263,377.9747009277344,209.051513671875,403.1383056640625,237.07273864746094,31
Flickr8K/613900608_2e49415772.jpg,/content/Image_captioning_Local/Flickr8K/Images/613900608_2e49415772.jpg,person,0.33707335591316223,438.5235290527344,216.48126220703125,461.08209228515625,271.68682861328125,31
Flickr8K/613900608_2e49415772.jpg,/content/Image_captioning_Local/Flickr8K/Images/613900608_2e49415772.jpg,chair,0.3319522440433502,0.6636561155319214,315.2491455078125,42.34762191772461,351.0562744140625,31
Flickr8K/613900608_2e49415772.jpg,/content/Image_captioning_Local/Flickr8K/Images/613900608_2e49415772.jpg,person,0.3212059736251831,398.5865478515625,268.6248474121094,437.6360778808594,312.36285400390625,31
Flickr8K/613900608_2e49415772.jpg,/content/Image_captioning_Local/Flickr8K/Images/613900608_2e49415772.jpg,person,0.307452529668808,338.3821716308594,206.7218780517578,392.6307678222656,281.0518798828125,31
Flickr8K/613900608_2e49415772.jpg,/content/Image_captioning_Local/Flickr8K/Images/613900608_2e49415772.jpg,person,0.3060951828956604,-0.14854809641838074,256.5087890625,27.995193481445312,306.52288818359375,31
Flickr8K/613900608_2e49415772.jpg,/content/Image_captioning_Local/Flickr8K/Images/613900608_2e49415772.jpg,person,0.303778737783432,79.24082946777344,239.07467651367188,105.46643829345703,274.2989501953125,31
Flickr8K/613900608_2e49415772.jpg,/content/Image_captioning_Local/Flickr8K/Images/613900608_2e49415772.jpg,person,0.2937181890010834,337.910400390625,206.4409942626953,385.6363220214844,303.43878173828125,31
Flickr8K/613900608_2e49415772.jpg,/content/Image_captioning_Local/Flickr8K/Images/613900608_2e49415772.jpg,person,0.2811770737171173,436.16937255859375,263.748291015625,461.1468505859375,350.43359375,31
Flickr8K/613900608_2e49415772.jpg,/content/Image_captioning_Local/Flickr8K/Images/613900608_2e49415772.jpg,chair,0.2717422544956207,66.39854431152344,312.59228515625,85.37982940673828,326.4089660644531,31
Flickr8K/613900608_2e49415772.jpg,/content/Image_captioning_Local/Flickr8K/Images/613900608_2e49415772.jpg,person,0.2705478370189667,92.14388275146484,233.77659606933594,119.62647247314453,299.4737854003906,31
Flickr8K/613900608_2e49415772.jpg,/content/Image_captioning_Local/Flickr8K/Images/613900608_2e49415772.jpg,person,0.2705294191837311,337.8849792480469,206.56658935546875,379.9927673339844,281.0125732421875,31
Flickr8K/613900608_2e49415772.jpg,/content/Image_captioning_Local/Flickr8K/Images/613900608_2e49415772.jpg,chair,0.257546991109848,60.09637451171875,312.0434265136719,101.70362091064453,350.0534362792969,31
Flickr8K/613900608_2e49415772.jpg,/content/Image_captioning_Local/Flickr8K/Images/613900608_2e49415772.jpg,handbag,0.25255292654037476,244.0045928955078,237.88523864746094,263.340576171875,277.41534423828125,31
Flickr8K/615916000_5044047d71.jpg,/content/Image_captioning_Local/Flickr8K/Images/615916000_5044047d71.jpg,person,0.9703593254089355,0.3798667788505554,89.22684478759766,298.74676513671875,499.11248779296875,18
Flickr8K/615916000_5044047d71.jpg,/content/Image_captioning_Local/Flickr8K/Images/615916000_5044047d71.jpg,person,0.9156022071838379,297.2974548339844,179.79466247558594,340.70098876953125,307.351318359375,18
Flickr8K/615916000_5044047d71.jpg,/content/Image_captioning_Local/Flickr8K/Images/615916000_5044047d71.jpg,person,0.8242731690406799,273.7113037109375,182.4287109375,299.5943298339844,289.2847900390625,18
Flickr8K/615916000_5044047d71.jpg,/content/Image_captioning_Local/Flickr8K/Images/615916000_5044047d71.jpg,person,0.7250654101371765,2.147339344024658,233.66990661621094,52.68745803833008,385.22503662109375,18
Flickr8K/615916000_5044047d71.jpg,/content/Image_captioning_Local/Flickr8K/Images/615916000_5044047d71.jpg,person,0.7194222807884216,328.507080078125,189.41932678222656,351.0243225097656,313.27288818359375,18
Flickr8K/615916000_5044047d71.jpg,/content/Image_captioning_Local/Flickr8K/Images/615916000_5044047d71.jpg,person,0.691051721572876,263.3105163574219,174.04017639160156,280.9390563964844,211.16046142578125,18
Flickr8K/615916000_5044047d71.jpg,/content/Image_captioning_Local/Flickr8K/Images/615916000_5044047d71.jpg,person,0.5811372995376587,254.24830627441406,183.87327575683594,275.1514892578125,214.3938446044922,18
Flickr8K/615916000_5044047d71.jpg,/content/Image_captioning_Local/Flickr8K/Images/615916000_5044047d71.jpg,person,0.5208139419555664,0.3311987519264221,109.54326629638672,92.1863021850586,386.68243408203125,18
Flickr8K/615916000_5044047d71.jpg,/content/Image_captioning_Local/Flickr8K/Images/615916000_5044047d71.jpg,person,0.4201449453830719,293.1164245605469,179.61984252929688,306.6276550292969,211.48171997070312,18
Flickr8K/615916000_5044047d71.jpg,/content/Image_captioning_Local/Flickr8K/Images/615916000_5044047d71.jpg,person,0.37994104623794556,283.7979431152344,173.92477416992188,295.480224609375,184.58572387695312,18
Flickr8K/615916000_5044047d71.jpg,/content/Image_captioning_Local/Flickr8K/Images/615916000_5044047d71.jpg,person,0.3699007034301758,242.94119262695312,181.08387756347656,255.72021484375,198.19296264648438,18
Flickr8K/615916000_5044047d71.jpg,/content/Image_captioning_Local/Flickr8K/Images/615916000_5044047d71.jpg,person,0.34311985969543457,250.49989318847656,183.99246215820312,273.9471435546875,296.41754150390625,18
Flickr8K/615916000_5044047d71.jpg,/content/Image_captioning_Local/Flickr8K/Images/615916000_5044047d71.jpg,person,0.3358762860298157,332.6903991699219,187.75439453125,345.7356872558594,214.38088989257812,18
Flickr8K/615916000_5044047d71.jpg,/content/Image_captioning_Local/Flickr8K/Images/615916000_5044047d71.jpg,person,0.3332291841506958,0.5455838441848755,139.6425018310547,53.633583068847656,385.6358947753906,18
Flickr8K/615916000_5044047d71.jpg,/content/Image_captioning_Local/Flickr8K/Images/615916000_5044047d71.jpg,person,0.31791919469833374,225.5631866455078,178.4777374267578,251.8919677734375,287.41949462890625,18
Flickr8K/615916000_5044047d71.jpg,/content/Image_captioning_Local/Flickr8K/Images/615916000_5044047d71.jpg,person,0.29450854659080505,254.28016662597656,183.76632690429688,268.6197814941406,204.2481689453125,18
Flickr8K/615916000_5044047d71.jpg,/content/Image_captioning_Local/Flickr8K/Images/615916000_5044047d71.jpg,person,0.2928617000579834,292.297607421875,179.56646728515625,307.0213623046875,236.89820861816406,18
Flickr8K/615916000_5044047d71.jpg,/content/Image_captioning_Local/Flickr8K/Images/615916000_5044047d71.jpg,person,0.2763255536556244,284.17889404296875,174.14874267578125,305.94354248046875,210.9034881591797,18
Flickr8K/616045808_0286d0574b.jpg,/content/Image_captioning_Local/Flickr8K/Images/616045808_0286d0574b.jpg,person,0.9530172944068909,74.62042999267578,120.38107299804688,300.840087890625,487.2424011230469,24
Flickr8K/616045808_0286d0574b.jpg,/content/Image_captioning_Local/Flickr8K/Images/616045808_0286d0574b.jpg,person,0.9477708339691162,0.18608105182647705,205.0410614013672,79.63082122802734,473.8114013671875,24
Flickr8K/616045808_0286d0574b.jpg,/content/Image_captioning_Local/Flickr8K/Images/616045808_0286d0574b.jpg,person,0.8455237746238708,228.05795288085938,241.2202606201172,259.0001525878906,343.4528503417969,24
Flickr8K/616045808_0286d0574b.jpg,/content/Image_captioning_Local/Flickr8K/Images/616045808_0286d0574b.jpg,person,0.8251521587371826,198.55673217773438,226.70025634765625,234.83934020996094,328.3372802734375,24
Flickr8K/616045808_0286d0574b.jpg,/content/Image_captioning_Local/Flickr8K/Images/616045808_0286d0574b.jpg,person,0.8213182687759399,304.4849853515625,206.62623596191406,374.9204406738281,487.4256286621094,24
Flickr8K/616045808_0286d0574b.jpg,/content/Image_captioning_Local/Flickr8K/Images/616045808_0286d0574b.jpg,traffic light,0.8090741038322449,35.54895782470703,150.01869201660156,42.618553161621094,168.14678955078125,24
Flickr8K/616045808_0286d0574b.jpg,/content/Image_captioning_Local/Flickr8K/Images/616045808_0286d0574b.jpg,bicycle,0.792055070400238,139.69281005859375,320.4706115722656,175.58743286132812,499.9875183105469,24
Flickr8K/616045808_0286d0574b.jpg,/content/Image_captioning_Local/Flickr8K/Images/616045808_0286d0574b.jpg,person,0.7688924074172974,260.11846923828125,228.3230438232422,294.34405517578125,352.3785400390625,24
Flickr8K/616045808_0286d0574b.jpg,/content/Image_captioning_Local/Flickr8K/Images/616045808_0286d0574b.jpg,handbag,0.750907301902771,277.8348693847656,251.14244079589844,299.4538269042969,307.7554016113281,24
Flickr8K/616045808_0286d0574b.jpg,/content/Image_captioning_Local/Flickr8K/Images/616045808_0286d0574b.jpg,motorcycle,0.7064580917358398,58.69894790649414,260.0191955566406,104.87394714355469,344.8828430175781,24
Flickr8K/616045808_0286d0574b.jpg,/content/Image_captioning_Local/Flickr8K/Images/616045808_0286d0574b.jpg,person,0.6626690626144409,278.7517395019531,230.50042724609375,317.0884704589844,359.33343505859375,24
Flickr8K/616045808_0286d0574b.jpg,/content/Image_captioning_Local/Flickr8K/Images/616045808_0286d0574b.jpg,person,0.5940555930137634,302.12774658203125,230.15213012695312,338.4985656738281,366.14019775390625,24
Flickr8K/616045808_0286d0574b.jpg,/content/Image_captioning_Local/Flickr8K/Images/616045808_0286d0574b.jpg,person,0.5424156188964844,55.99236297607422,230.23663330078125,97.61476135253906,268.7361145019531,24
Flickr8K/616045808_0286d0574b.jpg,/content/Image_captioning_Local/Flickr8K/Images/616045808_0286d0574b.jpg,person,0.4918605089187622,239.62380981445312,229.4434051513672,263.2027893066406,340.64398193359375,24
Flickr8K/616045808_0286d0574b.jpg,/content/Image_captioning_Local/Flickr8K/Images/616045808_0286d0574b.jpg,person,0.4372764527797699,112.53386688232422,228.82688903808594,136.5283966064453,293.53533935546875,24
Flickr8K/616045808_0286d0574b.jpg,/content/Image_captioning_Local/Flickr8K/Images/616045808_0286d0574b.jpg,handbag,0.36303192377090454,230.2677764892578,258.4425354003906,247.5894775390625,286.10198974609375,24
Flickr8K/616045808_0286d0574b.jpg,/content/Image_captioning_Local/Flickr8K/Images/616045808_0286d0574b.jpg,person,0.35779231786727905,259.4974060058594,225.5064239501953,277.0644226074219,251.51983642578125,24
Flickr8K/616045808_0286d0574b.jpg,/content/Image_captioning_Local/Flickr8K/Images/616045808_0286d0574b.jpg,person,0.35406017303466797,107.38551330566406,229.5748291015625,125.3866195678711,293.7470397949219,24
Flickr8K/616045808_0286d0574b.jpg,/content/Image_captioning_Local/Flickr8K/Images/616045808_0286d0574b.jpg,person,0.33578550815582275,98.26358032226562,228.2289276123047,119.3355941772461,290.4162292480469,24
Flickr8K/616045808_0286d0574b.jpg,/content/Image_captioning_Local/Flickr8K/Images/616045808_0286d0574b.jpg,person,0.31107297539711,227.23519897460938,224.38278198242188,240.65390014648438,256.9144592285156,24
Flickr8K/616045808_0286d0574b.jpg,/content/Image_captioning_Local/Flickr8K/Images/616045808_0286d0574b.jpg,person,0.30699315667152405,86.75115203857422,225.7293243408203,103.1784439086914,263.6003112792969,24
Flickr8K/616045808_0286d0574b.jpg,/content/Image_captioning_Local/Flickr8K/Images/616045808_0286d0574b.jpg,person,0.30437272787094116,99.9760971069336,229.0076446533203,117.81656646728516,255.24098205566406,24
Flickr8K/616045808_0286d0574b.jpg,/content/Image_captioning_Local/Flickr8K/Images/616045808_0286d0574b.jpg,person,0.26451200246810913,80.68135833740234,233.25375366210938,100.23629760742188,264.6112976074219,24
Flickr8K/616045808_0286d0574b.jpg,/content/Image_captioning_Local/Flickr8K/Images/616045808_0286d0574b.jpg,person,0.25067758560180664,55.92886734008789,229.79591369628906,97.02568054199219,308.9714050292969,24
Flickr8K/616177206_0e16c33f6b.jpg,/content/Image_captioning_Local/Flickr8K/Images/616177206_0e16c33f6b.jpg,person,0.944669783115387,23.212242126464844,79.52408599853516,192.0325164794922,499.9580383300781,15
Flickr8K/616177206_0e16c33f6b.jpg,/content/Image_captioning_Local/Flickr8K/Images/616177206_0e16c33f6b.jpg,person,0.9111544489860535,129.42141723632812,137.06204223632812,293.7383117675781,499.744384765625,15
Flickr8K/616177206_0e16c33f6b.jpg,/content/Image_captioning_Local/Flickr8K/Images/616177206_0e16c33f6b.jpg,person,0.8570345640182495,289.6445007324219,183.2407989501953,312.8334655761719,279.7313232421875,15
Flickr8K/616177206_0e16c33f6b.jpg,/content/Image_captioning_Local/Flickr8K/Images/616177206_0e16c33f6b.jpg,person,0.7949169874191284,33.29168701171875,176.45486450195312,50.98643493652344,233.40521240234375,15
Flickr8K/616177206_0e16c33f6b.jpg,/content/Image_captioning_Local/Flickr8K/Images/616177206_0e16c33f6b.jpg,person,0.749484658241272,12.759328842163086,177.8092498779297,24.542469024658203,226.74649047851562,15
Flickr8K/616177206_0e16c33f6b.jpg,/content/Image_captioning_Local/Flickr8K/Images/616177206_0e16c33f6b.jpg,person,0.6053677201271057,4.797632694244385,178.87246704101562,15.311707496643066,223.13502502441406,15
Flickr8K/616177206_0e16c33f6b.jpg,/content/Image_captioning_Local/Flickr8K/Images/616177206_0e16c33f6b.jpg,person,0.5679311156272888,283.128662109375,179.08155822753906,297.57220458984375,213.23297119140625,15
Flickr8K/616177206_0e16c33f6b.jpg,/content/Image_captioning_Local/Flickr8K/Images/616177206_0e16c33f6b.jpg,person,0.532090961933136,-0.3858938217163086,178.0826873779297,6.960206508636475,224.04782104492188,15
Flickr8K/616177206_0e16c33f6b.jpg,/content/Image_captioning_Local/Flickr8K/Images/616177206_0e16c33f6b.jpg,person,0.4008806049823761,22.402400970458984,181.30906677246094,33.25715637207031,227.91653442382812,15
Flickr8K/616177206_0e16c33f6b.jpg,/content/Image_captioning_Local/Flickr8K/Images/616177206_0e16c33f6b.jpg,person,0.3380458652973175,56.432708740234375,178.21060180664062,66.2008285522461,190.967041015625,15
Flickr8K/616177206_0e16c33f6b.jpg,/content/Image_captioning_Local/Flickr8K/Images/616177206_0e16c33f6b.jpg,person,0.32237398624420166,23.91636848449707,176.67494201660156,38.92936325073242,228.55584716796875,15
Flickr8K/616177206_0e16c33f6b.jpg,/content/Image_captioning_Local/Flickr8K/Images/616177206_0e16c33f6b.jpg,person,0.3189638555049896,67.71125030517578,170.13002014160156,80.0722885131836,183.391845703125,15
Flickr8K/616177206_0e16c33f6b.jpg,/content/Image_captioning_Local/Flickr8K/Images/616177206_0e16c33f6b.jpg,person,0.28016483783721924,46.89033508300781,177.08204650878906,56.364837646484375,193.25892639160156,15
Flickr8K/616177206_0e16c33f6b.jpg,/content/Image_captioning_Local/Flickr8K/Images/616177206_0e16c33f6b.jpg,person,0.25893735885620117,288.1609802246094,179.83758544921875,307.9010314941406,212.22987365722656,15
Flickr8K/616177206_0e16c33f6b.jpg,/content/Image_captioning_Local/Flickr8K/Images/616177206_0e16c33f6b.jpg,person,0.2571224868297577,38.961273193359375,180.43637084960938,53.81962585449219,230.49610900878906,15
Flickr8K/617038406_4092ee91dd.jpg,/content/Image_captioning_Local/Flickr8K/Images/617038406_4092ee91dd.jpg,person,0.9555575847625732,0.5919396877288818,89.40257263183594,149.01119995117188,499.5149230957031,17
Flickr8K/617038406_4092ee91dd.jpg,/content/Image_captioning_Local/Flickr8K/Images/617038406_4092ee91dd.jpg,person,0.938488781452179,275.08758544921875,91.10562133789062,399.9273376464844,499.2534484863281,17
Flickr8K/617038406_4092ee91dd.jpg,/content/Image_captioning_Local/Flickr8K/Images/617038406_4092ee91dd.jpg,person,0.9276751279830933,222.5791015625,147.24520874023438,338.9028625488281,500.381103515625,17
Flickr8K/617038406_4092ee91dd.jpg,/content/Image_captioning_Local/Flickr8K/Images/617038406_4092ee91dd.jpg,person,0.9160848259925842,114.14131927490234,55.47876739501953,223.13601684570312,498.9762878417969,17
Flickr8K/617038406_4092ee91dd.jpg,/content/Image_captioning_Local/Flickr8K/Images/617038406_4092ee91dd.jpg,car,0.834822416305542,257.73760986328125,127.6514663696289,321.4215393066406,180.76751708984375,17
Flickr8K/617038406_4092ee91dd.jpg,/content/Image_captioning_Local/Flickr8K/Images/617038406_4092ee91dd.jpg,car,0.741454005241394,248.42698669433594,108.79461669921875,308.24951171875,157.5955047607422,17
Flickr8K/617038406_4092ee91dd.jpg,/content/Image_captioning_Local/Flickr8K/Images/617038406_4092ee91dd.jpg,handbag,0.7192053198814392,201.95126342773438,176.8782196044922,279.8922119140625,334.767578125,17
Flickr8K/617038406_4092ee91dd.jpg,/content/Image_captioning_Local/Flickr8K/Images/617038406_4092ee91dd.jpg,person,0.6103510856628418,184.10348510742188,122.05754089355469,223.28634643554688,462.224365234375,17
Flickr8K/617038406_4092ee91dd.jpg,/content/Image_captioning_Local/Flickr8K/Images/617038406_4092ee91dd.jpg,car,0.59101802110672,391.86688232421875,125.02932739257812,400.1817626953125,146.99142456054688,17
Flickr8K/617038406_4092ee91dd.jpg,/content/Image_captioning_Local/Flickr8K/Images/617038406_4092ee91dd.jpg,person,0.5483341217041016,181.9749298095703,123.11760711669922,222.48019409179688,188.6162567138672,17
Flickr8K/617038406_4092ee91dd.jpg,/content/Image_captioning_Local/Flickr8K/Images/617038406_4092ee91dd.jpg,person,0.5402902960777283,230.45025634765625,150.80413818359375,256.31927490234375,171.72854614257812,17
Flickr8K/617038406_4092ee91dd.jpg,/content/Image_captioning_Local/Flickr8K/Images/617038406_4092ee91dd.jpg,car,0.3979327082633972,218.76649475097656,118.2809066772461,255.47781372070312,152.14303588867188,17
Flickr8K/617038406_4092ee91dd.jpg,/content/Image_captioning_Local/Flickr8K/Images/617038406_4092ee91dd.jpg,handbag,0.34878867864608765,114.40929412841797,231.9011993408203,178.1332550048828,393.17669677734375,17
Flickr8K/617038406_4092ee91dd.jpg,/content/Image_captioning_Local/Flickr8K/Images/617038406_4092ee91dd.jpg,car,0.3487617075443268,241.08038330078125,120.54471588134766,256.6625061035156,152.7975616455078,17
Flickr8K/617038406_4092ee91dd.jpg,/content/Image_captioning_Local/Flickr8K/Images/617038406_4092ee91dd.jpg,truck,0.339411199092865,243.13978576660156,108.41592407226562,308.4153747558594,157.98292541503906,17
Flickr8K/617038406_4092ee91dd.jpg,/content/Image_captioning_Local/Flickr8K/Images/617038406_4092ee91dd.jpg,cell phone,0.32160013914108276,287.5715026855469,193.3967742919922,298.52435302734375,200.44508361816406,17
Flickr8K/617038406_4092ee91dd.jpg,/content/Image_captioning_Local/Flickr8K/Images/617038406_4092ee91dd.jpg,handbag,0.2542285621166229,121.97998809814453,402.2680969238281,146.0717010498047,479.9806823730469,17
Flickr8K/618292739_0fdc2ccab0.jpg,/content/Image_captioning_Local/Flickr8K/Images/618292739_0fdc2ccab0.jpg,person,0.9363717436790466,323.42742919921875,73.09837341308594,467.3271789550781,348.4183044433594,1
Flickr8K/618771382_459bb492e4.jpg,/content/Image_captioning_Local/Flickr8K/Images/618771382_459bb492e4.jpg,person,0.9215196371078491,287.0733947753906,128.4493408203125,402.916748046875,288.8249206542969,2
Flickr8K/618771382_459bb492e4.jpg,/content/Image_captioning_Local/Flickr8K/Images/618771382_459bb492e4.jpg,person,0.9016127586364746,279.87982177734375,141.0458984375,328.38751220703125,288.9997863769531,2
Flickr8K/619169586_0a13ee7c21.jpg,/content/Image_captioning_Local/Flickr8K/Images/619169586_0a13ee7c21.jpg,person,0.9593643546104431,100.66133880615234,84.05337524414062,223.03944396972656,374.3230895996094,1
Flickr8K/621000329_84f48948eb.jpg,/content/Image_captioning_Local/Flickr8K/Images/621000329_84f48948eb.jpg,person,0.9741846919059753,65.88822174072266,43.72678756713867,333.9190673828125,498.5363464355469,13
Flickr8K/621000329_84f48948eb.jpg,/content/Image_captioning_Local/Flickr8K/Images/621000329_84f48948eb.jpg,bowl,0.9073179364204407,162.595458984375,70.16305541992188,298.6733093261719,150.21929931640625,13
Flickr8K/621000329_84f48948eb.jpg,/content/Image_captioning_Local/Flickr8K/Images/621000329_84f48948eb.jpg,dining table,0.6259878873825073,0.15373915433883667,350.01873779296875,263.0718994140625,498.672119140625,13
Flickr8K/621000329_84f48948eb.jpg,/content/Image_captioning_Local/Flickr8K/Images/621000329_84f48948eb.jpg,dining table,0.5836986899375916,0.09810638427734375,349.47723388671875,334.0486145019531,498.78466796875,13
Flickr8K/621000329_84f48948eb.jpg,/content/Image_captioning_Local/Flickr8K/Images/621000329_84f48948eb.jpg,chair,0.4937184453010559,25.5058536529541,119.05587005615234,96.57154083251953,386.4810485839844,13
Flickr8K/621000329_84f48948eb.jpg,/content/Image_captioning_Local/Flickr8K/Images/621000329_84f48948eb.jpg,chair,0.45847734808921814,59.167823791503906,303.7167053222656,123.51629638671875,413.7998352050781,13
Flickr8K/621000329_84f48948eb.jpg,/content/Image_captioning_Local/Flickr8K/Images/621000329_84f48948eb.jpg,chair,0.4237979054450989,25.551467895507812,118.5298080444336,124.33697509765625,393.6449279785156,13
Flickr8K/621000329_84f48948eb.jpg,/content/Image_captioning_Local/Flickr8K/Images/621000329_84f48948eb.jpg,chair,0.42033934593200684,287.0198974609375,387.0003967285156,334.1040344238281,500.0242004394531,13
Flickr8K/621000329_84f48948eb.jpg,/content/Image_captioning_Local/Flickr8K/Images/621000329_84f48948eb.jpg,chair,0.38665226101875305,59.07660675048828,303.12451171875,334.3308410644531,499.1935729980469,13
Flickr8K/621000329_84f48948eb.jpg,/content/Image_captioning_Local/Flickr8K/Images/621000329_84f48948eb.jpg,knife,0.3554989993572235,0.009524710476398468,391.7596130371094,38.27484130859375,412.94232177734375,13
Flickr8K/621000329_84f48948eb.jpg,/content/Image_captioning_Local/Flickr8K/Images/621000329_84f48948eb.jpg,chair,0.339678555727005,0.6702409982681274,110.34840393066406,333.3232421875,499.0728454589844,13
Flickr8K/621000329_84f48948eb.jpg,/content/Image_captioning_Local/Flickr8K/Images/621000329_84f48948eb.jpg,spoon,0.3269127905368805,0.009524710476398468,391.7596130371094,38.27484130859375,412.94232177734375,13
Flickr8K/621000329_84f48948eb.jpg,/content/Image_captioning_Local/Flickr8K/Images/621000329_84f48948eb.jpg,chair,0.2728413939476013,47.63984680175781,117.01543426513672,330.3586730957031,499.5202331542969,13
Flickr8K/624058168_f1c5e87e59.jpg,/content/Image_captioning_Local/Flickr8K/Images/624058168_f1c5e87e59.jpg,dog,0.9641643762588501,102.32217407226562,2.3381166458129883,336.575439453125,392.1075134277344,1
Flickr8K/624742559_ff467d8ebc.jpg,/content/Image_captioning_Local/Flickr8K/Images/624742559_ff467d8ebc.jpg,person,0.9153923392295837,240.53431701660156,102.2064437866211,336.9966125488281,257.9722595214844,2
Flickr8K/624742559_ff467d8ebc.jpg,/content/Image_captioning_Local/Flickr8K/Images/624742559_ff467d8ebc.jpg,train,0.481677770614624,0.23978948593139648,-0.3237420916557312,500.23419189453125,337.6717834472656,2
Flickr8K/630476551_2ee7399f77.jpg,/content/Image_captioning_Local/Flickr8K/Images/630476551_2ee7399f77.jpg,person,0.7954899072647095,13.402372360229492,88.57200622558594,350.53790283203125,244.29420471191406,3
Flickr8K/630476551_2ee7399f77.jpg,/content/Image_captioning_Local/Flickr8K/Images/630476551_2ee7399f77.jpg,surfboard,0.3219136595726013,13.302613258361816,206.24668884277344,90.78395080566406,229.5645751953125,3
Flickr8K/630476551_2ee7399f77.jpg,/content/Image_captioning_Local/Flickr8K/Images/630476551_2ee7399f77.jpg,person,0.31250128149986267,250.11155700683594,88.85856628417969,350.84967041015625,221.30369567871094,3
Flickr8K/632251903_b36701a5e9.jpg,/content/Image_captioning_Local/Flickr8K/Images/632251903_b36701a5e9.jpg,person,0.9526546597480774,209.40708923339844,287.1020202636719,315.9181213378906,452.345458984375,3
Flickr8K/632251903_b36701a5e9.jpg,/content/Image_captioning_Local/Flickr8K/Images/632251903_b36701a5e9.jpg,person,0.9512701034545898,-0.04962582886219025,301.66864013671875,79.71498107910156,497.64776611328125,3
Flickr8K/632251903_b36701a5e9.jpg,/content/Image_captioning_Local/Flickr8K/Images/632251903_b36701a5e9.jpg,surfboard,0.3122461438179016,-0.14475399255752563,472.80718994140625,124.14994049072266,499.7658386230469,3
Flickr8K/632608471_a70461f123.jpg,/content/Image_captioning_Local/Flickr8K/Images/632608471_a70461f123.jpg,person,0.8905779123306274,225.12716674804688,174.24082946777344,271.2320556640625,268.34539794921875,11
Flickr8K/632608471_a70461f123.jpg,/content/Image_captioning_Local/Flickr8K/Images/632608471_a70461f123.jpg,person,0.8822097778320312,282.8608093261719,175.38818359375,333.05810546875,268.6983642578125,11
Flickr8K/632608471_a70461f123.jpg,/content/Image_captioning_Local/Flickr8K/Images/632608471_a70461f123.jpg,person,0.8811752796173096,139.7336883544922,183.3939666748047,181.2230224609375,266.4512634277344,11
Flickr8K/632608471_a70461f123.jpg,/content/Image_captioning_Local/Flickr8K/Images/632608471_a70461f123.jpg,person,0.8693369626998901,374.7764587402344,174.98867797851562,415.1387023925781,269.2763671875,11
Flickr8K/632608471_a70461f123.jpg,/content/Image_captioning_Local/Flickr8K/Images/632608471_a70461f123.jpg,person,0.865348219871521,182.90484619140625,181.45394897460938,221.711181640625,266.8233947753906,11
Flickr8K/632608471_a70461f123.jpg,/content/Image_captioning_Local/Flickr8K/Images/632608471_a70461f123.jpg,person,0.856913685798645,408.66046142578125,178.86624145507812,448.9960632324219,270.10406494140625,11
Flickr8K/632608471_a70461f123.jpg,/content/Image_captioning_Local/Flickr8K/Images/632608471_a70461f123.jpg,person,0.8455360531806946,60.387916564941406,195.4051971435547,99.79661560058594,265.9124450683594,11
Flickr8K/632608471_a70461f123.jpg,/content/Image_captioning_Local/Flickr8K/Images/632608471_a70461f123.jpg,person,0.8292189836502075,330.40020751953125,178.11978149414062,375.92901611328125,268.85321044921875,11
Flickr8K/632608471_a70461f123.jpg,/content/Image_captioning_Local/Flickr8K/Images/632608471_a70461f123.jpg,person,0.8210476040840149,90.21280670166016,185.38845825195312,147.09375,265.8045349121094,11
Flickr8K/632608471_a70461f123.jpg,/content/Image_captioning_Local/Flickr8K/Images/632608471_a70461f123.jpg,person,0.814958930015564,456.4385986328125,180.5485382080078,495.8657531738281,271.0464172363281,11
Flickr8K/632608471_a70461f123.jpg,/content/Image_captioning_Local/Flickr8K/Images/632608471_a70461f123.jpg,person,0.8103874921798706,16.078651428222656,184.73974609375,55.82176208496094,265.8459167480469,11
Flickr8K/633456174_b768c1d6cd.jpg,/content/Image_captioning_Local/Flickr8K/Images/633456174_b768c1d6cd.jpg,person,0.9711084961891174,156.2684326171875,100.1398696899414,375.4817810058594,500.0552062988281,2
Flickr8K/633456174_b768c1d6cd.jpg,/content/Image_captioning_Local/Flickr8K/Images/633456174_b768c1d6cd.jpg,car,0.31745657324790955,262.52667236328125,274.06365966796875,340.1313171386719,324.51177978515625,2
Flickr8K/634891010_9fa189effb.jpg,/content/Image_captioning_Local/Flickr8K/Images/634891010_9fa189effb.jpg,dog,0.954826831817627,4.834212303161621,84.25865173339844,201.67910766601562,190.10009765625,2
Flickr8K/634891010_9fa189effb.jpg,/content/Image_captioning_Local/Flickr8K/Images/634891010_9fa189effb.jpg,dog,0.952477216720581,241.0195770263672,101.09471893310547,479.5334777832031,275.8345031738281,2
Flickr8K/635444010_bd81c89ab7.jpg,/content/Image_captioning_Local/Flickr8K/Images/635444010_bd81c89ab7.jpg,person,0.9333573579788208,133.5626678466797,167.06549072265625,225.68844604492188,364.15130615234375,8
Flickr8K/635444010_bd81c89ab7.jpg,/content/Image_captioning_Local/Flickr8K/Images/635444010_bd81c89ab7.jpg,car,0.9136819243431091,-0.14084391295909882,158.23348999023438,127.28606414794922,284.9197998046875,8
Flickr8K/635444010_bd81c89ab7.jpg,/content/Image_captioning_Local/Flickr8K/Images/635444010_bd81c89ab7.jpg,car,0.8627526760101318,111.21334838867188,176.42514038085938,163.53294372558594,218.1501007080078,8
Flickr8K/635444010_bd81c89ab7.jpg,/content/Image_captioning_Local/Flickr8K/Images/635444010_bd81c89ab7.jpg,bus,0.6648067235946655,107.04025268554688,153.8306427001953,143.06875610351562,187.95150756835938,8
Flickr8K/635444010_bd81c89ab7.jpg,/content/Image_captioning_Local/Flickr8K/Images/635444010_bd81c89ab7.jpg,car,0.563004195690155,-0.08414313197135925,219.6645965576172,48.36447525024414,345.3109436035156,8
Flickr8K/635444010_bd81c89ab7.jpg,/content/Image_captioning_Local/Flickr8K/Images/635444010_bd81c89ab7.jpg,truck,0.40441465377807617,-0.34305453300476074,157.5283203125,127.17071533203125,284.91229248046875,8
Flickr8K/635444010_bd81c89ab7.jpg,/content/Image_captioning_Local/Flickr8K/Images/635444010_bd81c89ab7.jpg,bus,0.383955180644989,107.16326141357422,153.6107177734375,160.40110778808594,187.9795379638672,8
Flickr8K/635444010_bd81c89ab7.jpg,/content/Image_captioning_Local/Flickr8K/Images/635444010_bd81c89ab7.jpg,bus,0.2575475871562958,141.534423828125,155.61077880859375,160.38052368164062,178.9617156982422,8
Flickr8K/636503038_17ca82b50f.jpg,/content/Image_captioning_Local/Flickr8K/Images/636503038_17ca82b50f.jpg,person,0.897434651851654,113.3509292602539,247.0067901611328,145.83155822753906,315.5082702636719,5
Flickr8K/636503038_17ca82b50f.jpg,/content/Image_captioning_Local/Flickr8K/Images/636503038_17ca82b50f.jpg,person,0.8960155844688416,161.0566864013672,254.53012084960938,183.32110595703125,311.7777099609375,5
Flickr8K/636503038_17ca82b50f.jpg,/content/Image_captioning_Local/Flickr8K/Images/636503038_17ca82b50f.jpg,person,0.8940039277076721,62.175926208496094,238.96412658691406,90.92195129394531,316.8191833496094,5
Flickr8K/636503038_17ca82b50f.jpg,/content/Image_captioning_Local/Flickr8K/Images/636503038_17ca82b50f.jpg,backpack,0.7273005247116089,62.88674545288086,252.45196533203125,83.96195983886719,282.7090759277344,5
Flickr8K/636503038_17ca82b50f.jpg,/content/Image_captioning_Local/Flickr8K/Images/636503038_17ca82b50f.jpg,backpack,0.650672435760498,119.21597290039062,261.09661865234375,138.05136108398438,285.3507080078125,5
Flickr8K/637342973_89f6fac1f7.jpg,/content/Image_captioning_Local/Flickr8K/Images/637342973_89f6fac1f7.jpg,dog,0.9470161199569702,0.29837340116500854,48.55256652832031,159.45127868652344,373.8891906738281,10
Flickr8K/637342973_89f6fac1f7.jpg,/content/Image_captioning_Local/Flickr8K/Images/637342973_89f6fac1f7.jpg,person,0.9469302296638489,333.5412292480469,64.4487075805664,391.2124938964844,170.06214904785156,10
Flickr8K/637342973_89f6fac1f7.jpg,/content/Image_captioning_Local/Flickr8K/Images/637342973_89f6fac1f7.jpg,dog,0.9337474703788757,325.501953125,63.76353073120117,500.1336364746094,373.42401123046875,10
Flickr8K/637342973_89f6fac1f7.jpg,/content/Image_captioning_Local/Flickr8K/Images/637342973_89f6fac1f7.jpg,dog,0.9268425107002258,292.1463928222656,189.72482299804688,365.39447021484375,347.60498046875,10
Flickr8K/637342973_89f6fac1f7.jpg,/content/Image_captioning_Local/Flickr8K/Images/637342973_89f6fac1f7.jpg,person,0.8948756456375122,72.3245849609375,180.57083129882812,275.9333190917969,374.3464050292969,10
Flickr8K/637342973_89f6fac1f7.jpg,/content/Image_captioning_Local/Flickr8K/Images/637342973_89f6fac1f7.jpg,sports ball,0.812095582485199,188.32667541503906,147.51171875,283.7656555175781,232.16773986816406,10
Flickr8K/637342973_89f6fac1f7.jpg,/content/Image_captioning_Local/Flickr8K/Images/637342973_89f6fac1f7.jpg,person,0.6717150807380676,80.1842269897461,110.47123718261719,89.96231079101562,125.09091186523438,10
Flickr8K/637342973_89f6fac1f7.jpg,/content/Image_captioning_Local/Flickr8K/Images/637342973_89f6fac1f7.jpg,person,0.5993775129318237,421.8451232910156,65.47422790527344,444.5274963378906,88.35618591308594,10
Flickr8K/637342973_89f6fac1f7.jpg,/content/Image_captioning_Local/Flickr8K/Images/637342973_89f6fac1f7.jpg,cake,0.2752876579761505,188.32667541503906,147.51171875,283.7656555175781,232.16773986816406,10
Flickr8K/637342973_89f6fac1f7.jpg,/content/Image_captioning_Local/Flickr8K/Images/637342973_89f6fac1f7.jpg,sports ball,0.275165855884552,188.0960693359375,147.46255493164062,284.4794006347656,233.15505981445312,10
Flickr8K/639120223_7db6bdb61f.jpg,/content/Image_captioning_Local/Flickr8K/Images/639120223_7db6bdb61f.jpg,person,0.9575976133346558,48.77119445800781,26.35306739807129,266.4533996582031,332.7701110839844,15
Flickr8K/639120223_7db6bdb61f.jpg,/content/Image_captioning_Local/Flickr8K/Images/639120223_7db6bdb61f.jpg,person,0.8534708619117737,213.52020263671875,81.45557403564453,374.6263122558594,243.78799438476562,15
Flickr8K/639120223_7db6bdb61f.jpg,/content/Image_captioning_Local/Flickr8K/Images/639120223_7db6bdb61f.jpg,tv,0.7461936473846436,435.9072265625,62.32892990112305,500.0048828125,127.54047393798828,15
Flickr8K/639120223_7db6bdb61f.jpg,/content/Image_captioning_Local/Flickr8K/Images/639120223_7db6bdb61f.jpg,person,0.4530933201313019,70.39021301269531,50.036407470703125,101.78450012207031,111.66483306884766,15
Flickr8K/639120223_7db6bdb61f.jpg,/content/Image_captioning_Local/Flickr8K/Images/639120223_7db6bdb61f.jpg,backpack,0.3426316976547241,217.3624267578125,134.37124633789062,294.1690368652344,243.21902465820312,15
Flickr8K/639120223_7db6bdb61f.jpg,/content/Image_captioning_Local/Flickr8K/Images/639120223_7db6bdb61f.jpg,bottle,0.34197473526000977,296.5877990722656,70.75747680664062,304.1707458496094,94.66130828857422,15
Flickr8K/639120223_7db6bdb61f.jpg,/content/Image_captioning_Local/Flickr8K/Images/639120223_7db6bdb61f.jpg,cell phone,0.3153410851955414,404.3320617675781,129.64096069335938,440.31353759765625,170.04257202148438,15
Flickr8K/639120223_7db6bdb61f.jpg,/content/Image_captioning_Local/Flickr8K/Images/639120223_7db6bdb61f.jpg,bottle,0.303198903799057,287.1654052734375,70.64030456542969,296.0215759277344,95.11539459228516,15
Flickr8K/639120223_7db6bdb61f.jpg,/content/Image_captioning_Local/Flickr8K/Images/639120223_7db6bdb61f.jpg,potted plant,0.2837318181991577,256.1202697753906,8.48416805267334,302.5538330078125,34.725608825683594,15
Flickr8K/639120223_7db6bdb61f.jpg,/content/Image_captioning_Local/Flickr8K/Images/639120223_7db6bdb61f.jpg,backpack,0.2685595452785492,103.2953109741211,204.66346740722656,187.20416259765625,298.2268981933594,15
Flickr8K/639120223_7db6bdb61f.jpg,/content/Image_captioning_Local/Flickr8K/Images/639120223_7db6bdb61f.jpg,potted plant,0.2638518214225769,422.0628967285156,0.13650204241275787,446.29254150390625,27.38922691345215,15
Flickr8K/639120223_7db6bdb61f.jpg,/content/Image_captioning_Local/Flickr8K/Images/639120223_7db6bdb61f.jpg,handbag,0.2626493275165558,101.78218841552734,96.21705627441406,190.20523071289062,299.285888671875,15
Flickr8K/639120223_7db6bdb61f.jpg,/content/Image_captioning_Local/Flickr8K/Images/639120223_7db6bdb61f.jpg,backpack,0.25772443413734436,97.54175567626953,96.42355346679688,200.09246826171875,331.1042785644531,15
Flickr8K/639120223_7db6bdb61f.jpg,/content/Image_captioning_Local/Flickr8K/Images/639120223_7db6bdb61f.jpg,handbag,0.2552827298641205,97.54175567626953,96.42355346679688,200.09246826171875,331.1042785644531,15
Flickr8K/639120223_7db6bdb61f.jpg,/content/Image_captioning_Local/Flickr8K/Images/639120223_7db6bdb61f.jpg,backpack,0.25189584493637085,217.55694580078125,134.79415893554688,291.3397521972656,199.8368682861328,15
Flickr8K/639865690_d66d480879.jpg,/content/Image_captioning_Local/Flickr8K/Images/639865690_d66d480879.jpg,person,0.9350055456161499,122.05935668945312,56.55716323852539,196.60891723632812,256.70538330078125,5
Flickr8K/639865690_d66d480879.jpg,/content/Image_captioning_Local/Flickr8K/Images/639865690_d66d480879.jpg,person,0.909550130367279,285.44775390625,118.91073608398438,364.18536376953125,299.8187561035156,5
Flickr8K/639865690_d66d480879.jpg,/content/Image_captioning_Local/Flickr8K/Images/639865690_d66d480879.jpg,baseball bat,0.8641433119773865,296.3607177734375,118.56033325195312,416.925537109375,154.1333770751953,5
Flickr8K/639865690_d66d480879.jpg,/content/Image_captioning_Local/Flickr8K/Images/639865690_d66d480879.jpg,baseball glove,0.39537161588668823,344.3702392578125,243.7129669189453,370.9017028808594,283.6119079589844,5
Flickr8K/639865690_d66d480879.jpg,/content/Image_captioning_Local/Flickr8K/Images/639865690_d66d480879.jpg,baseball bat,0.2751609683036804,188.93438720703125,151.9401092529297,298.4646911621094,248.56910705566406,5
Flickr8K/640053014_549d2f23d2.jpg,/content/Image_captioning_Local/Flickr8K/Images/640053014_549d2f23d2.jpg,motorcycle,0.9187200665473938,140.49598693847656,131.23983764648438,393.65472412109375,248.70993041992188,23
Flickr8K/640053014_549d2f23d2.jpg,/content/Image_captioning_Local/Flickr8K/Images/640053014_549d2f23d2.jpg,motorcycle,0.8943173289299011,80.88860321044922,271.56903076171875,131.78759765625,303.963134765625,23
Flickr8K/640053014_549d2f23d2.jpg,/content/Image_captioning_Local/Flickr8K/Images/640053014_549d2f23d2.jpg,person,0.8472529053688049,247.37283325195312,106.70674133300781,321.6354064941406,185.50889587402344,23
Flickr8K/640053014_549d2f23d2.jpg,/content/Image_captioning_Local/Flickr8K/Images/640053014_549d2f23d2.jpg,person,0.7917381525039673,92.3803482055664,258.13702392578125,115.75470733642578,292.89495849609375,23
Flickr8K/640053014_549d2f23d2.jpg,/content/Image_captioning_Local/Flickr8K/Images/640053014_549d2f23d2.jpg,person,0.6944453120231628,96.10387420654297,250.219970703125,103.03120422363281,264.5222473144531,23
Flickr8K/640053014_549d2f23d2.jpg,/content/Image_captioning_Local/Flickr8K/Images/640053014_549d2f23d2.jpg,person,0.580447256565094,489.0276184082031,222.53619384765625,494.6347961425781,236.0424041748047,23
Flickr8K/640053014_549d2f23d2.jpg,/content/Image_captioning_Local/Flickr8K/Images/640053014_549d2f23d2.jpg,person,0.5782729387283325,428.6789245605469,242.8889617919922,435.35345458984375,260.9535827636719,23
Flickr8K/640053014_549d2f23d2.jpg,/content/Image_captioning_Local/Flickr8K/Images/640053014_549d2f23d2.jpg,person,0.47667378187179565,424.0758056640625,242.25096130371094,434.1741638183594,261.4822692871094,23
Flickr8K/640053014_549d2f23d2.jpg,/content/Image_captioning_Local/Flickr8K/Images/640053014_549d2f23d2.jpg,person,0.4582066535949707,178.73374938964844,247.1625213623047,185.03134155273438,259.3388977050781,23
Flickr8K/640053014_549d2f23d2.jpg,/content/Image_captioning_Local/Flickr8K/Images/640053014_549d2f23d2.jpg,person,0.41378822922706604,112.61595153808594,249.52833557128906,117.35167694091797,261.70611572265625,23
Flickr8K/640053014_549d2f23d2.jpg,/content/Image_captioning_Local/Flickr8K/Images/640053014_549d2f23d2.jpg,person,0.4106009304523468,79.82139587402344,244.1199188232422,85.9351577758789,265.7718200683594,23
Flickr8K/640053014_549d2f23d2.jpg,/content/Image_captioning_Local/Flickr8K/Images/640053014_549d2f23d2.jpg,person,0.40693390369415283,462.8836975097656,229.16653442382812,468.0823059082031,240.04283142089844,23
Flickr8K/640053014_549d2f23d2.jpg,/content/Image_captioning_Local/Flickr8K/Images/640053014_549d2f23d2.jpg,person,0.3812475800514221,69.76396179199219,246.09548950195312,73.03558349609375,251.63597106933594,23
Flickr8K/640053014_549d2f23d2.jpg,/content/Image_captioning_Local/Flickr8K/Images/640053014_549d2f23d2.jpg,person,0.37155598402023315,233.28439331054688,241.803955078125,239.6148223876953,250.69798278808594,23
Flickr8K/640053014_549d2f23d2.jpg,/content/Image_captioning_Local/Flickr8K/Images/640053014_549d2f23d2.jpg,person,0.35419324040412903,422.87896728515625,241.81666564941406,430.6739501953125,261.2957458496094,23
Flickr8K/640053014_549d2f23d2.jpg,/content/Image_captioning_Local/Flickr8K/Images/640053014_549d2f23d2.jpg,person,0.3269332945346832,409.9191589355469,235.2902069091797,414.3849792480469,244.7310333251953,23
Flickr8K/640053014_549d2f23d2.jpg,/content/Image_captioning_Local/Flickr8K/Images/640053014_549d2f23d2.jpg,person,0.29797589778900146,94.21700286865234,243.89395141601562,97.62493896484375,250.136962890625,23
Flickr8K/640053014_549d2f23d2.jpg,/content/Image_captioning_Local/Flickr8K/Images/640053014_549d2f23d2.jpg,person,0.29316145181655884,104.21617126464844,249.63430786132812,110.71428680419922,260.194580078125,23
Flickr8K/640053014_549d2f23d2.jpg,/content/Image_captioning_Local/Flickr8K/Images/640053014_549d2f23d2.jpg,person,0.2917163372039795,105.56652069091797,243.91156005859375,110.16883850097656,251.65406799316406,23
Flickr8K/640053014_549d2f23d2.jpg,/content/Image_captioning_Local/Flickr8K/Images/640053014_549d2f23d2.jpg,person,0.28334346413612366,105.03315734863281,244.0216064453125,110.99301147460938,259.3526916503906,23
Flickr8K/640053014_549d2f23d2.jpg,/content/Image_captioning_Local/Flickr8K/Images/640053014_549d2f23d2.jpg,person,0.2662467062473297,411.2113952636719,235.2227783203125,415.045166015625,244.2370147705078,23
Flickr8K/640053014_549d2f23d2.jpg,/content/Image_captioning_Local/Flickr8K/Images/640053014_549d2f23d2.jpg,person,0.26213446259498596,80.97570037841797,252.2401580810547,85.25234985351562,265.6893005371094,23
Flickr8K/640053014_549d2f23d2.jpg,/content/Image_captioning_Local/Flickr8K/Images/640053014_549d2f23d2.jpg,person,0.2526209354400635,80.87199401855469,244.1965789794922,85.2157974243164,251.075927734375,23
Flickr8K/640203018_c0e7175831.jpg,/content/Image_captioning_Local/Flickr8K/Images/640203018_c0e7175831.jpg,person,0.9331487417221069,363.30462646484375,95.88175201416016,467.34161376953125,312.0709533691406,30
Flickr8K/640203018_c0e7175831.jpg,/content/Image_captioning_Local/Flickr8K/Images/640203018_c0e7175831.jpg,motorcycle,0.9312076568603516,316.63037109375,193.17018127441406,464.67828369140625,330.8548278808594,30
Flickr8K/640203018_c0e7175831.jpg,/content/Image_captioning_Local/Flickr8K/Images/640203018_c0e7175831.jpg,person,0.8487263917922974,165.71266174316406,112.0260238647461,213.35276794433594,229.53175354003906,30
Flickr8K/640203018_c0e7175831.jpg,/content/Image_captioning_Local/Flickr8K/Images/640203018_c0e7175831.jpg,person,0.7331568598747253,442.2166442871094,101.33284759521484,499.7668762207031,266.4234313964844,30
Flickr8K/640203018_c0e7175831.jpg,/content/Image_captioning_Local/Flickr8K/Images/640203018_c0e7175831.jpg,person,0.710304319858551,210.39752197265625,124.30326080322266,253.90109252929688,236.3375244140625,30
Flickr8K/640203018_c0e7175831.jpg,/content/Image_captioning_Local/Flickr8K/Images/640203018_c0e7175831.jpg,person,0.6775878071784973,265.0085754394531,104.92053985595703,314.193359375,254.05291748046875,30
Flickr8K/640203018_c0e7175831.jpg,/content/Image_captioning_Local/Flickr8K/Images/640203018_c0e7175831.jpg,person,0.6767895221710205,90.25164794921875,108.01808166503906,127.3144302368164,236.24462890625,30
Flickr8K/640203018_c0e7175831.jpg,/content/Image_captioning_Local/Flickr8K/Images/640203018_c0e7175831.jpg,person,0.6762794256210327,292.2791748046875,101.728515625,362.2562255859375,260.7120361328125,30
Flickr8K/640203018_c0e7175831.jpg,/content/Image_captioning_Local/Flickr8K/Images/640203018_c0e7175831.jpg,person,0.6677243709564209,-0.031247735023498535,90.84974670410156,35.22040557861328,249.33999633789062,30
Flickr8K/640203018_c0e7175831.jpg,/content/Image_captioning_Local/Flickr8K/Images/640203018_c0e7175831.jpg,person,0.5337617993354797,128.75119018554688,115.50950622558594,163.7871551513672,222.21884155273438,30
Flickr8K/640203018_c0e7175831.jpg,/content/Image_captioning_Local/Flickr8K/Images/640203018_c0e7175831.jpg,person,0.5245731472969055,51.35850524902344,105.97378540039062,89.11079406738281,230.54409790039062,30
Flickr8K/640203018_c0e7175831.jpg,/content/Image_captioning_Local/Flickr8K/Images/640203018_c0e7175831.jpg,truck,0.49430540204048157,179.1881103515625,62.35736083984375,275.8476867675781,106.67156219482422,30
Flickr8K/640203018_c0e7175831.jpg,/content/Image_captioning_Local/Flickr8K/Images/640203018_c0e7175831.jpg,person,0.48178017139434814,348.5082092285156,119.05872344970703,387.66595458984375,232.4316864013672,30
Flickr8K/640203018_c0e7175831.jpg,/content/Image_captioning_Local/Flickr8K/Images/640203018_c0e7175831.jpg,handbag,0.43494290113449097,348.7564697265625,188.1044921875,367.1491394042969,228.96998596191406,30
Flickr8K/640203018_c0e7175831.jpg,/content/Image_captioning_Local/Flickr8K/Images/640203018_c0e7175831.jpg,person,0.41879579424858093,368.2453918457031,105.05670166015625,402.17169189453125,182.94407653808594,30
Flickr8K/640203018_c0e7175831.jpg,/content/Image_captioning_Local/Flickr8K/Images/640203018_c0e7175831.jpg,person,0.414634108543396,112.8501968383789,108.25193786621094,137.59368896484375,220.74176025390625,30
Flickr8K/640203018_c0e7175831.jpg,/content/Image_captioning_Local/Flickr8K/Images/640203018_c0e7175831.jpg,person,0.41361963748931885,248.86741638183594,115.44416046142578,276.6930847167969,222.60101318359375,30
Flickr8K/640203018_c0e7175831.jpg,/content/Image_captioning_Local/Flickr8K/Images/640203018_c0e7175831.jpg,handbag,0.38304299116134644,141.61465454101562,157.19615173339844,157.62289428710938,190.8074188232422,30
Flickr8K/640203018_c0e7175831.jpg,/content/Image_captioning_Local/Flickr8K/Images/640203018_c0e7175831.jpg,person,0.3813691735267639,348.6772766113281,119.14375305175781,387.7886657714844,198.00538635253906,30
Flickr8K/640203018_c0e7175831.jpg,/content/Image_captioning_Local/Flickr8K/Images/640203018_c0e7175831.jpg,person,0.3524431884288788,204.33009338378906,106.7886962890625,230.879638671875,150.52638244628906,30
Flickr8K/640203018_c0e7175831.jpg,/content/Image_captioning_Local/Flickr8K/Images/640203018_c0e7175831.jpg,person,0.3503282964229584,27.119598388671875,146.18838500976562,60.99853515625,228.9575653076172,30
Flickr8K/640203018_c0e7175831.jpg,/content/Image_captioning_Local/Flickr8K/Images/640203018_c0e7175831.jpg,person,0.34532150626182556,301.9166259765625,102.07963562011719,320.38006591796875,135.71324157714844,30
Flickr8K/640203018_c0e7175831.jpg,/content/Image_captioning_Local/Flickr8K/Images/640203018_c0e7175831.jpg,person,0.32630249857902527,157.48773193359375,94.27715301513672,179.57569885253906,148.812255859375,30
Flickr8K/640203018_c0e7175831.jpg,/content/Image_captioning_Local/Flickr8K/Images/640203018_c0e7175831.jpg,person,0.31856122612953186,345.8227844238281,106.54911041259766,364.5887756347656,151.23959350585938,30
Flickr8K/640203018_c0e7175831.jpg,/content/Image_captioning_Local/Flickr8K/Images/640203018_c0e7175831.jpg,person,0.31211021542549133,33.52002716064453,101.95674896240234,59.71451950073242,154.17843627929688,30
Flickr8K/640203018_c0e7175831.jpg,/content/Image_captioning_Local/Flickr8K/Images/640203018_c0e7175831.jpg,person,0.27533158659935,224.1578369140625,105.2481918334961,247.87705993652344,141.2886505126953,30
Flickr8K/640203018_c0e7175831.jpg,/content/Image_captioning_Local/Flickr8K/Images/640203018_c0e7175831.jpg,person,0.27285251021385193,346.00054931640625,106.61758422851562,364.6405334472656,143.52767944335938,30
Flickr8K/640203018_c0e7175831.jpg,/content/Image_captioning_Local/Flickr8K/Images/640203018_c0e7175831.jpg,person,0.2720720171928406,135.63671875,101.0987548828125,157.8361358642578,133.89016723632812,30
Flickr8K/640203018_c0e7175831.jpg,/content/Image_captioning_Local/Flickr8K/Images/640203018_c0e7175831.jpg,person,0.2709445059299469,114.07818603515625,108.29576873779297,136.84844970703125,173.24012756347656,30
Flickr8K/640203018_c0e7175831.jpg,/content/Image_captioning_Local/Flickr8K/Images/640203018_c0e7175831.jpg,person,0.2614166736602783,156.8017578125,94.35520935058594,179.8950958251953,204.54922485351562,30
Flickr8K/640409060_6af18fdd54.jpg,/content/Image_captioning_Local/Flickr8K/Images/640409060_6af18fdd54.jpg,person,0.974175751209259,93.97356414794922,9.851522445678711,500.051513671875,335.21588134765625,6
Flickr8K/640409060_6af18fdd54.jpg,/content/Image_captioning_Local/Flickr8K/Images/640409060_6af18fdd54.jpg,car,0.8649820685386658,89.0905532836914,8.29000473022461,197.6729278564453,124.47782135009766,6
Flickr8K/640409060_6af18fdd54.jpg,/content/Image_captioning_Local/Flickr8K/Images/640409060_6af18fdd54.jpg,car,0.8564666509628296,-0.05381181836128235,20.666339874267578,87.8101577758789,128.50393676757812,6
Flickr8K/640409060_6af18fdd54.jpg,/content/Image_captioning_Local/Flickr8K/Images/640409060_6af18fdd54.jpg,bench,0.40617096424102783,83.83403778076172,136.79759216308594,146.84991455078125,188.7071075439453,6
Flickr8K/640409060_6af18fdd54.jpg,/content/Image_captioning_Local/Flickr8K/Images/640409060_6af18fdd54.jpg,truck,0.30771130323410034,89.24534606933594,7.8853278160095215,197.0821990966797,124.82006072998047,6
Flickr8K/640409060_6af18fdd54.jpg,/content/Image_captioning_Local/Flickr8K/Images/640409060_6af18fdd54.jpg,car,0.2820731997489929,64.70368957519531,45.134613037109375,107.14934539794922,100.12703704833984,6
Flickr8K/640506101_ae1145b6d1.jpg,/content/Image_captioning_Local/Flickr8K/Images/640506101_ae1145b6d1.jpg,person,0.9539827704429626,-0.045491382479667664,224.26065063476562,175.0316162109375,463.5608825683594,3
Flickr8K/640506101_ae1145b6d1.jpg,/content/Image_captioning_Local/Flickr8K/Images/640506101_ae1145b6d1.jpg,dog,0.9334123730659485,205.79464721679688,278.29376220703125,375.10205078125,452.6825866699219,3
Flickr8K/640506101_ae1145b6d1.jpg,/content/Image_captioning_Local/Flickr8K/Images/640506101_ae1145b6d1.jpg,knife,0.37371188402175903,168.07325744628906,327.65618896484375,213.85986328125,344.5073547363281,3
Flickr8K/641893280_36fd6e886a.jpg,/content/Image_captioning_Local/Flickr8K/Images/641893280_36fd6e886a.jpg,dog,0.9751709699630737,151.25181579589844,138.34036254882812,351.0659484863281,315.46759033203125,2
Flickr8K/641893280_36fd6e886a.jpg,/content/Image_captioning_Local/Flickr8K/Images/641893280_36fd6e886a.jpg,dog,0.9457841515541077,101.20648193359375,180.72039794921875,220.27362060546875,263.8609619140625,2
Flickr8K/642987597_03b21a1437.jpg,/content/Image_captioning_Local/Flickr8K/Images/642987597_03b21a1437.jpg,person,0.8604418039321899,190.6874237060547,135.6472930908203,397.8642272949219,326.47467041015625,2
Flickr8K/642987597_03b21a1437.jpg,/content/Image_captioning_Local/Flickr8K/Images/642987597_03b21a1437.jpg,hot dog,0.2921195924282074,301.5408630371094,234.89271545410156,499.7848205566406,374.6573791503906,2
Flickr8K/649596742_5ba84ce946.jpg,/content/Image_captioning_Local/Flickr8K/Images/649596742_5ba84ce946.jpg,dog,0.9614830613136292,183.10101318359375,26.932266235351562,459.81854248046875,334.5164489746094,2
Flickr8K/649596742_5ba84ce946.jpg,/content/Image_captioning_Local/Flickr8K/Images/649596742_5ba84ce946.jpg,dog,0.9483010768890381,0.048257410526275635,0.09617042541503906,213.90679931640625,335.1376647949219,2
Flickr8K/652542470_60e858da64.jpg,/content/Image_captioning_Local/Flickr8K/Images/652542470_60e858da64.jpg,person,0.9691110849380493,6.222991466522217,17.562150955200195,357.0677490234375,498.0633239746094,6
Flickr8K/652542470_60e858da64.jpg,/content/Image_captioning_Local/Flickr8K/Images/652542470_60e858da64.jpg,person,0.7486149668693542,-0.011554419994354248,-0.28224289417266846,157.4296417236328,435.7411804199219,6
Flickr8K/652542470_60e858da64.jpg,/content/Image_captioning_Local/Flickr8K/Images/652542470_60e858da64.jpg,clock,0.4868730306625366,94.36978149414062,355.15277099609375,134.9404296875,405.3895568847656,6
Flickr8K/652542470_60e858da64.jpg,/content/Image_captioning_Local/Flickr8K/Images/652542470_60e858da64.jpg,person,0.3349660634994507,0.08022129535675049,0.9363293647766113,156.12109375,292.15777587890625,6
Flickr8K/652542470_60e858da64.jpg,/content/Image_captioning_Local/Flickr8K/Images/652542470_60e858da64.jpg,clock,0.27477461099624634,95.06901550292969,355.4974060058594,120.9586410522461,385.8430480957031,6
Flickr8K/652542470_60e858da64.jpg,/content/Image_captioning_Local/Flickr8K/Images/652542470_60e858da64.jpg,clock,0.257698118686676,51.882930755615234,200.31309509277344,75.80606842041016,240.13043212890625,6
Flickr8K/654130822_4aeb1f1273.jpg,/content/Image_captioning_Local/Flickr8K/Images/654130822_4aeb1f1273.jpg,person,0.9411070942878723,0.25126075744628906,11.870920181274414,345.2034912109375,498.4166564941406,13
Flickr8K/654130822_4aeb1f1273.jpg,/content/Image_captioning_Local/Flickr8K/Images/654130822_4aeb1f1273.jpg,person,0.6215386986732483,200.2850341796875,-0.14521926641464233,356.99114990234375,240.43536376953125,13
Flickr8K/654130822_4aeb1f1273.jpg,/content/Image_captioning_Local/Flickr8K/Images/654130822_4aeb1f1273.jpg,person,0.45867860317230225,0.11283912509679794,0.22087246179580688,69.85128021240234,162.44012451171875,13
Flickr8K/654130822_4aeb1f1273.jpg,/content/Image_captioning_Local/Flickr8K/Images/654130822_4aeb1f1273.jpg,chair,0.4435046315193176,278.9178771972656,353.79779052734375,356.88983154296875,499.6889343261719,13
Flickr8K/654130822_4aeb1f1273.jpg,/content/Image_captioning_Local/Flickr8K/Images/654130822_4aeb1f1273.jpg,person,0.36196792125701904,0.07083997875452042,0.10244548320770264,71.06661987304688,182.6950225830078,13
Flickr8K/654130822_4aeb1f1273.jpg,/content/Image_captioning_Local/Flickr8K/Images/654130822_4aeb1f1273.jpg,person,0.33104610443115234,176.0620574951172,-0.46959519386291504,356.8038024902344,499.1146545410156,13
Flickr8K/654130822_4aeb1f1273.jpg,/content/Image_captioning_Local/Flickr8K/Images/654130822_4aeb1f1273.jpg,person,0.3064323961734772,226.75588989257812,-0.24728477001190186,356.8389587402344,91.57054901123047,13
Flickr8K/654130822_4aeb1f1273.jpg,/content/Image_captioning_Local/Flickr8K/Images/654130822_4aeb1f1273.jpg,cell phone,0.29424819350242615,276.13134765625,329.4048767089844,331.8524475097656,362.4964904785156,13
Flickr8K/654130822_4aeb1f1273.jpg,/content/Image_captioning_Local/Flickr8K/Images/654130822_4aeb1f1273.jpg,person,0.283462256193161,174.75865173339844,0.9424388408660889,356.8737487792969,368.5385437011719,13
Flickr8K/654130822_4aeb1f1273.jpg,/content/Image_captioning_Local/Flickr8K/Images/654130822_4aeb1f1273.jpg,person,0.28203317523002625,60.74077606201172,0.24579837918281555,154.04808044433594,42.088768005371094,13
Flickr8K/654130822_4aeb1f1273.jpg,/content/Image_captioning_Local/Flickr8K/Images/654130822_4aeb1f1273.jpg,person,0.2653499245643616,176.2447052001953,0.3081187605857849,356.7215576171875,102.82353973388672,13
Flickr8K/654130822_4aeb1f1273.jpg,/content/Image_captioning_Local/Flickr8K/Images/654130822_4aeb1f1273.jpg,person,0.25937891006469727,185.78524780273438,0.9718537330627441,356.5262451171875,373.9474182128906,13
Flickr8K/654130822_4aeb1f1273.jpg,/content/Image_captioning_Local/Flickr8K/Images/654130822_4aeb1f1273.jpg,person,0.25633764266967773,0.07776358723640442,0.4813075065612793,69.6558837890625,279.9127502441406,13
Flickr8K/656260720_a7db4ce48b.jpg,/content/Image_captioning_Local/Flickr8K/Images/656260720_a7db4ce48b.jpg,person,0.9788745045661926,-0.14300456643104553,28.872028350830078,351.7937316894531,499.03875732421875,1
Flickr8K/661546153_9d30db6984.jpg,/content/Image_captioning_Local/Flickr8K/Images/661546153_9d30db6984.jpg,person,0.9240527153015137,103.54582214355469,98.37166595458984,245.72955322265625,445.2497253417969,8
Flickr8K/661546153_9d30db6984.jpg,/content/Image_captioning_Local/Flickr8K/Images/661546153_9d30db6984.jpg,car,0.6863449215888977,96.55770111083984,135.02401733398438,138.2217254638672,162.2811279296875,8
Flickr8K/661546153_9d30db6984.jpg,/content/Image_captioning_Local/Flickr8K/Images/661546153_9d30db6984.jpg,truck,0.32439541816711426,95.48067474365234,134.85057067871094,138.3025360107422,162.25091552734375,8
Flickr8K/661546153_9d30db6984.jpg,/content/Image_captioning_Local/Flickr8K/Images/661546153_9d30db6984.jpg,umbrella,0.3235307037830353,262.61138916015625,0.9115245342254639,374.75238037109375,59.38141632080078,8
Flickr8K/661546153_9d30db6984.jpg,/content/Image_captioning_Local/Flickr8K/Images/661546153_9d30db6984.jpg,bird,0.32288476824760437,92.51940155029297,0.7134526968002319,171.12750244140625,182.37789916992188,8
Flickr8K/661546153_9d30db6984.jpg,/content/Image_captioning_Local/Flickr8K/Images/661546153_9d30db6984.jpg,truck,0.28938597440719604,228.37936401367188,323.5047912597656,340.4945373535156,406.9915466308594,8
Flickr8K/661546153_9d30db6984.jpg,/content/Image_captioning_Local/Flickr8K/Images/661546153_9d30db6984.jpg,toothbrush,0.2677842080593109,89.37648010253906,164.79519653320312,118.85444641113281,205.13880920410156,8
Flickr8K/661546153_9d30db6984.jpg,/content/Image_captioning_Local/Flickr8K/Images/661546153_9d30db6984.jpg,toothbrush,0.2519262731075287,89.7357406616211,165.04905700683594,110.13414001464844,192.59323120117188,8
Flickr8K/661749711_6f408dad62.jpg,/content/Image_captioning_Local/Flickr8K/Images/661749711_6f408dad62.jpg,dog,0.9530419707298279,73.80918884277344,103.42347717285156,332.6041564941406,472.01806640625,2
Flickr8K/661749711_6f408dad62.jpg,/content/Image_captioning_Local/Flickr8K/Images/661749711_6f408dad62.jpg,sports ball,0.8034703135490417,181.3279571533203,213.0540313720703,224.10467529296875,257.68756103515625,2
Flickr8K/661755629_602ea4cf09.jpg,/content/Image_captioning_Local/Flickr8K/Images/661755629_602ea4cf09.jpg,dog,0.9504675269126892,229.780517578125,144.713134765625,447.5815124511719,341.2193298339844,2
Flickr8K/661755629_602ea4cf09.jpg,/content/Image_captioning_Local/Flickr8K/Images/661755629_602ea4cf09.jpg,sports ball,0.4811350107192993,219.05821228027344,19.1425838470459,250.38059997558594,50.558475494384766,2
Flickr8K/661757041_61e131e913.jpg,/content/Image_captioning_Local/Flickr8K/Images/661757041_61e131e913.jpg,dog,0.9625371098518372,72.71422576904297,38.470794677734375,321.9979553222656,223.8619384765625,2
Flickr8K/661757041_61e131e913.jpg,/content/Image_captioning_Local/Flickr8K/Images/661757041_61e131e913.jpg,sports ball,0.912666380405426,397.2174377441406,62.49522018432617,432.70343017578125,96.91915130615234,2
Flickr8K/662606040_8cc8cd9f1b.jpg,/content/Image_captioning_Local/Flickr8K/Images/662606040_8cc8cd9f1b.jpg,dog,0.9481084942817688,34.63319396972656,234.3512725830078,174.3178253173828,449.72705078125,3
Flickr8K/662606040_8cc8cd9f1b.jpg,/content/Image_captioning_Local/Flickr8K/Images/662606040_8cc8cd9f1b.jpg,orange,0.7021833658218384,281.8980712890625,73.68505859375,310.45208740234375,102.88282775878906,3
Flickr8K/662606040_8cc8cd9f1b.jpg,/content/Image_captioning_Local/Flickr8K/Images/662606040_8cc8cd9f1b.jpg,sports ball,0.3415060341358185,281.8980712890625,73.68505859375,310.45208740234375,102.88282775878906,3
Flickr8K/664341930_bd5c8b60ea.jpg,/content/Image_captioning_Local/Flickr8K/Images/664341930_bd5c8b60ea.jpg,couch,0.957905650138855,-0.07031857967376709,226.44692993164062,408.8836975097656,333.3016662597656,36
Flickr8K/664341930_bd5c8b60ea.jpg,/content/Image_captioning_Local/Flickr8K/Images/664341930_bd5c8b60ea.jpg,person,0.9396758079528809,132.87979125976562,22.571884155273438,347.7222595214844,229.61782836914062,36
Flickr8K/664341930_bd5c8b60ea.jpg,/content/Image_captioning_Local/Flickr8K/Images/664341930_bd5c8b60ea.jpg,cat,0.7059715390205383,102.40690612792969,262.2366027832031,226.69418334960938,291.9906005859375,36
Flickr8K/664341930_bd5c8b60ea.jpg,/content/Image_captioning_Local/Flickr8K/Images/664341930_bd5c8b60ea.jpg,book,0.5883758664131165,467.7188415527344,55.56991195678711,488.8324279785156,83.64800262451172,36
Flickr8K/664341930_bd5c8b60ea.jpg,/content/Image_captioning_Local/Flickr8K/Images/664341930_bd5c8b60ea.jpg,book,0.5464738011360168,461.4776306152344,74.53781127929688,475.7314453125,95.65901184082031,36
Flickr8K/664341930_bd5c8b60ea.jpg,/content/Image_captioning_Local/Flickr8K/Images/664341930_bd5c8b60ea.jpg,book,0.5009236335754395,449.5892028808594,90.94752502441406,461.9892272949219,110.7901382446289,36
Flickr8K/664341930_bd5c8b60ea.jpg,/content/Image_captioning_Local/Flickr8K/Images/664341930_bd5c8b60ea.jpg,book,0.4759543538093567,399.2962951660156,151.76588439941406,410.6584167480469,171.49537658691406,36
Flickr8K/664341930_bd5c8b60ea.jpg,/content/Image_captioning_Local/Flickr8K/Images/664341930_bd5c8b60ea.jpg,book,0.4595695734024048,397.87969970703125,106.18246459960938,411.19244384765625,127.33649444580078,36
Flickr8K/664341930_bd5c8b60ea.jpg,/content/Image_captioning_Local/Flickr8K/Images/664341930_bd5c8b60ea.jpg,book,0.44064921140670776,455.76080322265625,89.56061553955078,466.439697265625,104.16239929199219,36
Flickr8K/664341930_bd5c8b60ea.jpg,/content/Image_captioning_Local/Flickr8K/Images/664341930_bd5c8b60ea.jpg,book,0.43094170093536377,453.1065673828125,90.19641876220703,464.7467346191406,108.41667175292969,36
Flickr8K/664341930_bd5c8b60ea.jpg,/content/Image_captioning_Local/Flickr8K/Images/664341930_bd5c8b60ea.jpg,book,0.426448255777359,473.8137512207031,156.88015747070312,480.8888854980469,199.5037078857422,36
Flickr8K/664341930_bd5c8b60ea.jpg,/content/Image_captioning_Local/Flickr8K/Images/664341930_bd5c8b60ea.jpg,book,0.4200494587421417,384.12225341796875,123.33570861816406,395.1571044921875,142.7091522216797,36
Flickr8K/664341930_bd5c8b60ea.jpg,/content/Image_captioning_Local/Flickr8K/Images/664341930_bd5c8b60ea.jpg,book,0.41889944672584534,465.21490478515625,73.36404418945312,479.43914794921875,91.4981689453125,36
Flickr8K/664341930_bd5c8b60ea.jpg,/content/Image_captioning_Local/Flickr8K/Images/664341930_bd5c8b60ea.jpg,book,0.4158304035663605,403.3658142089844,149.1793975830078,414.8515625,165.72093200683594,36
Flickr8K/664341930_bd5c8b60ea.jpg,/content/Image_captioning_Local/Flickr8K/Images/664341930_bd5c8b60ea.jpg,book,0.36949604749679565,392.3421325683594,117.96627807617188,400.2857971191406,133.15830993652344,36
Flickr8K/664341930_bd5c8b60ea.jpg,/content/Image_captioning_Local/Flickr8K/Images/664341930_bd5c8b60ea.jpg,book,0.35528695583343506,489.6343994140625,144.9834442138672,499.94207763671875,162.92002868652344,36
Flickr8K/664341930_bd5c8b60ea.jpg,/content/Image_captioning_Local/Flickr8K/Images/664341930_bd5c8b60ea.jpg,book,0.3542237877845764,481.64794921875,149.4973602294922,489.0523986816406,194.05813598632812,36
Flickr8K/664341930_bd5c8b60ea.jpg,/content/Image_captioning_Local/Flickr8K/Images/664341930_bd5c8b60ea.jpg,book,0.3423546254634857,458.6574401855469,87.97598266601562,469.2880554199219,102.1150894165039,36
Flickr8K/664341930_bd5c8b60ea.jpg,/content/Image_captioning_Local/Flickr8K/Images/664341930_bd5c8b60ea.jpg,book,0.33419209718704224,449.2447509765625,105.59768676757812,457.3608093261719,118.21062469482422,36
Flickr8K/664341930_bd5c8b60ea.jpg,/content/Image_captioning_Local/Flickr8K/Images/664341930_bd5c8b60ea.jpg,book,0.3284298777580261,417.0201110839844,217.39434814453125,439.07037353515625,237.18679809570312,36
Flickr8K/664341930_bd5c8b60ea.jpg,/content/Image_captioning_Local/Flickr8K/Images/664341930_bd5c8b60ea.jpg,book,0.3279334604740143,460.330078125,81.53787994384766,471.64862060546875,98.51458740234375,36
Flickr8K/664341930_bd5c8b60ea.jpg,/content/Image_captioning_Local/Flickr8K/Images/664341930_bd5c8b60ea.jpg,book,0.31596967577934265,407.06243896484375,93.27738952636719,414.64898681640625,110.45124816894531,36
Flickr8K/664341930_bd5c8b60ea.jpg,/content/Image_captioning_Local/Flickr8K/Images/664341930_bd5c8b60ea.jpg,book,0.31244614720344543,407.4324951171875,89.43346405029297,420.9634094238281,110.41748046875,36
Flickr8K/664341930_bd5c8b60ea.jpg,/content/Image_captioning_Local/Flickr8K/Images/664341930_bd5c8b60ea.jpg,person,0.30721354484558105,133.33961486816406,22.87794303894043,248.47900390625,146.08103942871094,36
Flickr8K/664341930_bd5c8b60ea.jpg,/content/Image_captioning_Local/Flickr8K/Images/664341930_bd5c8b60ea.jpg,person,0.29079702496528625,133.21385192871094,22.876052856445312,248.2872314453125,111.2558822631836,36
Flickr8K/664341930_bd5c8b60ea.jpg,/content/Image_captioning_Local/Flickr8K/Images/664341930_bd5c8b60ea.jpg,book,0.28579530119895935,383.9897766113281,124.1115951538086,392.76007080078125,142.83880615234375,36
Flickr8K/664341930_bd5c8b60ea.jpg,/content/Image_captioning_Local/Flickr8K/Images/664341930_bd5c8b60ea.jpg,book,0.28296345472335815,419.8836975097656,79.4825668334961,431.9230041503906,95.33244323730469,36
Flickr8K/664341930_bd5c8b60ea.jpg,/content/Image_captioning_Local/Flickr8K/Images/664341930_bd5c8b60ea.jpg,person,0.2826765179634094,132.68942260742188,23.063013076782227,274.9272766113281,228.7394561767578,36
Flickr8K/664341930_bd5c8b60ea.jpg,/content/Image_captioning_Local/Flickr8K/Images/664341930_bd5c8b60ea.jpg,book,0.281525582075119,448.91619873046875,91.63831329345703,459.76318359375,111.78018188476562,36
Flickr8K/664341930_bd5c8b60ea.jpg,/content/Image_captioning_Local/Flickr8K/Images/664341930_bd5c8b60ea.jpg,book,0.2810171842575073,470.5787658691406,66.9014892578125,484.2308349609375,84.82879638671875,36
Flickr8K/664341930_bd5c8b60ea.jpg,/content/Image_captioning_Local/Flickr8K/Images/664341930_bd5c8b60ea.jpg,cat,0.2762598693370819,46.21916961669922,262.5765686035156,226.56387329101562,291.52044677734375,36
Flickr8K/664341930_bd5c8b60ea.jpg,/content/Image_captioning_Local/Flickr8K/Images/664341930_bd5c8b60ea.jpg,book,0.2749573886394501,373.057373046875,102.6246337890625,383.2174072265625,121.42078399658203,36
Flickr8K/664341930_bd5c8b60ea.jpg,/content/Image_captioning_Local/Flickr8K/Images/664341930_bd5c8b60ea.jpg,book,0.26554861664772034,412.6810607910156,89.36805725097656,420.57666015625,104.39848327636719,36
Flickr8K/664341930_bd5c8b60ea.jpg,/content/Image_captioning_Local/Flickr8K/Images/664341930_bd5c8b60ea.jpg,book,0.26096829771995544,450.3813781738281,104.7660903930664,457.9260559082031,115.29541015625,36
Flickr8K/664341930_bd5c8b60ea.jpg,/content/Image_captioning_Local/Flickr8K/Images/664341930_bd5c8b60ea.jpg,book,0.2591695487499237,465.8479919433594,73.39598846435547,479.4966735839844,90.91664123535156,36
Flickr8K/664341930_bd5c8b60ea.jpg,/content/Image_captioning_Local/Flickr8K/Images/664341930_bd5c8b60ea.jpg,book,0.2551352381706238,489.80615234375,146.115478515625,499.2671813964844,162.9114990234375,36
Flickr8K/664470170_6a1ad20c45.jpg,/content/Image_captioning_Local/Flickr8K/Images/664470170_6a1ad20c45.jpg,person,0.9633876085281372,297.3509521484375,-0.10626018047332764,500.04351806640625,374.4913330078125,3
Flickr8K/664470170_6a1ad20c45.jpg,/content/Image_captioning_Local/Flickr8K/Images/664470170_6a1ad20c45.jpg,person,0.8720012307167053,111.27361297607422,154.11123657226562,278.1196594238281,373.9444580078125,3
Flickr8K/664470170_6a1ad20c45.jpg,/content/Image_captioning_Local/Flickr8K/Images/664470170_6a1ad20c45.jpg,person,0.328540563583374,110.94004821777344,154.8206787109375,277.5027160644531,259.4847717285156,3
Flickr8K/667626_18933d713e.jpg,/content/Image_captioning_Local/Flickr8K/Images/667626_18933d713e.jpg,person,0.9771891832351685,0.10368227958679199,3.050431728363037,499.77374267578125,374.9217224121094,3
Flickr8K/667626_18933d713e.jpg,/content/Image_captioning_Local/Flickr8K/Images/667626_18933d713e.jpg,bed,0.3458976447582245,0.14141201972961426,0.7869154214859009,500.1362609863281,375.1811828613281,3
Flickr8K/667626_18933d713e.jpg,/content/Image_captioning_Local/Flickr8K/Images/667626_18933d713e.jpg,surfboard,0.31063225865364075,1.0881274938583374,5.119811534881592,388.0065612792969,376.2054443359375,3
Flickr8K/670609997_5c7fdb3f0b.jpg,/content/Image_captioning_Local/Flickr8K/Images/670609997_5c7fdb3f0b.jpg,dog,0.9696556925773621,65.54512023925781,39.290443420410156,299.4083251953125,422.3972473144531,1
Flickr8K/673806038_0a3682a83f.jpg,/content/Image_captioning_Local/Flickr8K/Images/673806038_0a3682a83f.jpg,person,0.9458532333374023,148.75897216796875,48.708778381347656,342.9552917480469,350.6954345703125,14
Flickr8K/673806038_0a3682a83f.jpg,/content/Image_captioning_Local/Flickr8K/Images/673806038_0a3682a83f.jpg,person,0.9401077628135681,405.3790588378906,103.759521484375,499.8811340332031,347.2140197753906,14
Flickr8K/673806038_0a3682a83f.jpg,/content/Image_captioning_Local/Flickr8K/Images/673806038_0a3682a83f.jpg,person,0.8710796236991882,12.29050350189209,79.8321304321289,99.867431640625,345.4271240234375,14
Flickr8K/673806038_0a3682a83f.jpg,/content/Image_captioning_Local/Flickr8K/Images/673806038_0a3682a83f.jpg,person,0.846985936164856,80.86981201171875,138.93942260742188,163.01087951660156,354.7919921875,14
Flickr8K/673806038_0a3682a83f.jpg,/content/Image_captioning_Local/Flickr8K/Images/673806038_0a3682a83f.jpg,person,0.811077356338501,358.2810974121094,128.92245483398438,422.36505126953125,317.6829833984375,14
Flickr8K/673806038_0a3682a83f.jpg,/content/Image_captioning_Local/Flickr8K/Images/673806038_0a3682a83f.jpg,person,0.802074670791626,291.2132568359375,174.63365173339844,344.4745788574219,279.3009033203125,14
Flickr8K/673806038_0a3682a83f.jpg,/content/Image_captioning_Local/Flickr8K/Images/673806038_0a3682a83f.jpg,person,0.5880127549171448,94.70684814453125,73.62892150878906,213.81886291503906,265.9001159667969,14
Flickr8K/673806038_0a3682a83f.jpg,/content/Image_captioning_Local/Flickr8K/Images/673806038_0a3682a83f.jpg,person,0.4384971857070923,311.6893005371094,140.9186553955078,349.5205383300781,258.9468994140625,14
Flickr8K/673806038_0a3682a83f.jpg,/content/Image_captioning_Local/Flickr8K/Images/673806038_0a3682a83f.jpg,person,0.3534319996833801,331.2358093261719,165.99037170410156,359.4943542480469,262.7074279785156,14
Flickr8K/673806038_0a3682a83f.jpg,/content/Image_captioning_Local/Flickr8K/Images/673806038_0a3682a83f.jpg,person,0.350396990776062,60.059967041015625,125.88922882080078,132.10366821289062,345.481689453125,14
Flickr8K/673806038_0a3682a83f.jpg,/content/Image_captioning_Local/Flickr8K/Images/673806038_0a3682a83f.jpg,person,0.3499397933483124,94.53116607666016,73.56416320800781,208.56292724609375,207.66261291503906,14
Flickr8K/673806038_0a3682a83f.jpg,/content/Image_captioning_Local/Flickr8K/Images/673806038_0a3682a83f.jpg,person,0.3271535634994507,75.27740478515625,74.958740234375,209.10299682617188,351.38958740234375,14
Flickr8K/673806038_0a3682a83f.jpg,/content/Image_captioning_Local/Flickr8K/Images/673806038_0a3682a83f.jpg,person,0.32202351093292236,482.5044250488281,151.52377319335938,499.97491455078125,260.9046325683594,14
Flickr8K/673806038_0a3682a83f.jpg,/content/Image_captioning_Local/Flickr8K/Images/673806038_0a3682a83f.jpg,person,0.303641676902771,274.00701904296875,170.56497192382812,308.0912780761719,240.59165954589844,14
Flickr8K/684255145_db3f8e3e46.jpg,/content/Image_captioning_Local/Flickr8K/Images/684255145_db3f8e3e46.jpg,person,0.5877252221107483,147.64169311523438,30.395292282104492,290.7279357910156,234.9208221435547,2
Flickr8K/684255145_db3f8e3e46.jpg,/content/Image_captioning_Local/Flickr8K/Images/684255145_db3f8e3e46.jpg,person,0.5143790245056152,147.96031188964844,30.56726837158203,289.6184997558594,179.67214965820312,2
Flickr8K/684375286_09cc1aa778.jpg,/content/Image_captioning_Local/Flickr8K/Images/684375286_09cc1aa778.jpg,dog,0.9543589353561401,206.1630401611328,122.74047088623047,500.3800964355469,343.7815856933594,3
Flickr8K/684375286_09cc1aa778.jpg,/content/Image_captioning_Local/Flickr8K/Images/684375286_09cc1aa778.jpg,dog,0.9496454000473022,2.7277097702026367,83.5091781616211,172.7884063720703,269.70928955078125,3
Flickr8K/684375286_09cc1aa778.jpg,/content/Image_captioning_Local/Flickr8K/Images/684375286_09cc1aa778.jpg,person,0.2521708309650421,232.6317138671875,0.12384849786758423,276.3089904785156,11.518060684204102,3
Flickr8K/687513087_413d4a3a3b.jpg,/content/Image_captioning_Local/Flickr8K/Images/687513087_413d4a3a3b.jpg,dog,0.9709644913673401,20.615354537963867,14.884284973144531,279.7689514160156,356.7496643066406,4
Flickr8K/687513087_413d4a3a3b.jpg,/content/Image_captioning_Local/Flickr8K/Images/687513087_413d4a3a3b.jpg,dog,0.956642210483551,289.9856872558594,13.164782524108887,482.0932312011719,356.7181091308594,4
Flickr8K/687513087_413d4a3a3b.jpg,/content/Image_captioning_Local/Flickr8K/Images/687513087_413d4a3a3b.jpg,couch,0.7028796076774597,0.060945749282836914,-0.2993296980857849,500.055908203125,356.6966552734375,4
Flickr8K/687513087_413d4a3a3b.jpg,/content/Image_captioning_Local/Flickr8K/Images/687513087_413d4a3a3b.jpg,couch,0.5314171314239502,-0.01004338264465332,-0.69439297914505,499.98406982421875,269.320068359375,4
Flickr8K/688210930_85c5675d5b.jpg,/content/Image_captioning_Local/Flickr8K/Images/688210930_85c5675d5b.jpg,person,0.9194665551185608,171.36624145507812,145.75613403320312,234.20372009277344,322.75689697265625,35
Flickr8K/688210930_85c5675d5b.jpg,/content/Image_captioning_Local/Flickr8K/Images/688210930_85c5675d5b.jpg,person,0.8938694596290588,371.9233703613281,151.88088989257812,438.4261169433594,292.080078125,35
Flickr8K/688210930_85c5675d5b.jpg,/content/Image_captioning_Local/Flickr8K/Images/688210930_85c5675d5b.jpg,chair,0.8856732249259949,117.666748046875,208.24937438964844,144.21707153320312,259.4681701660156,35
Flickr8K/688210930_85c5675d5b.jpg,/content/Image_captioning_Local/Flickr8K/Images/688210930_85c5675d5b.jpg,person,0.8613718152046204,254.18701171875,174.5912322998047,278.95751953125,213.74436950683594,35
Flickr8K/688210930_85c5675d5b.jpg,/content/Image_captioning_Local/Flickr8K/Images/688210930_85c5675d5b.jpg,person,0.8311446309089661,316.4583740234375,181.4223175048828,341.5545654296875,201.84999084472656,35
Flickr8K/688210930_85c5675d5b.jpg,/content/Image_captioning_Local/Flickr8K/Images/688210930_85c5675d5b.jpg,person,0.7372536659240723,103.28340911865234,180.28555297851562,132.7191619873047,236.7364501953125,35
Flickr8K/688210930_85c5675d5b.jpg,/content/Image_captioning_Local/Flickr8K/Images/688210930_85c5675d5b.jpg,person,0.607539713382721,128.326171875,163.69691467285156,156.7501678466797,249.5727996826172,35
Flickr8K/688210930_85c5675d5b.jpg,/content/Image_captioning_Local/Flickr8K/Images/688210930_85c5675d5b.jpg,person,0.6010629534721375,366.7839050292969,177.68505859375,388.6011962890625,201.94651794433594,35
Flickr8K/688210930_85c5675d5b.jpg,/content/Image_captioning_Local/Flickr8K/Images/688210930_85c5675d5b.jpg,person,0.5946124196052551,113.53160095214844,162.31094360351562,132.7855224609375,194.36404418945312,35
Flickr8K/688210930_85c5675d5b.jpg,/content/Image_captioning_Local/Flickr8K/Images/688210930_85c5675d5b.jpg,potted plant,0.5617669820785522,220.0021514892578,175.01754760742188,257.8181457519531,217.91746520996094,35
Flickr8K/688210930_85c5675d5b.jpg,/content/Image_captioning_Local/Flickr8K/Images/688210930_85c5675d5b.jpg,dining table,0.5586926341056824,153.39566040039062,207.70755004882812,278.1720886230469,275.3954162597656,35
Flickr8K/688210930_85c5675d5b.jpg,/content/Image_captioning_Local/Flickr8K/Images/688210930_85c5675d5b.jpg,person,0.5562334060668945,389.1780700683594,161.7338104248047,408.5589904785156,194.60977172851562,35
Flickr8K/688210930_85c5675d5b.jpg,/content/Image_captioning_Local/Flickr8K/Images/688210930_85c5675d5b.jpg,handbag,0.5191617608070374,391.59710693359375,205.77200317382812,430.0447082519531,236.24876403808594,35
Flickr8K/688210930_85c5675d5b.jpg,/content/Image_captioning_Local/Flickr8K/Images/688210930_85c5675d5b.jpg,person,0.5048012733459473,434.9524230957031,168.1689453125,449.36029052734375,181.1923065185547,35
Flickr8K/688210930_85c5675d5b.jpg,/content/Image_captioning_Local/Flickr8K/Images/688210930_85c5675d5b.jpg,person,0.48885899782180786,434.8190612792969,168.09678649902344,460.4360656738281,202.28526306152344,35
Flickr8K/688210930_85c5675d5b.jpg,/content/Image_captioning_Local/Flickr8K/Images/688210930_85c5675d5b.jpg,potted plant,0.4825951159000397,-0.10773725807666779,166.38485717773438,33.622249603271484,272.6483459472656,35
Flickr8K/688210930_85c5675d5b.jpg,/content/Image_captioning_Local/Flickr8K/Images/688210930_85c5675d5b.jpg,potted plant,0.4097834527492523,0.08904561400413513,166.767333984375,33.355125427246094,222.8748321533203,35
Flickr8K/688210930_85c5675d5b.jpg,/content/Image_captioning_Local/Flickr8K/Images/688210930_85c5675d5b.jpg,dining table,0.3944318890571594,153.39529418945312,207.21279907226562,392.22943115234375,274.3496398925781,35
Flickr8K/688210930_85c5675d5b.jpg,/content/Image_captioning_Local/Flickr8K/Images/688210930_85c5675d5b.jpg,person,0.38763904571533203,345.4618835449219,159.06459045410156,374.5446472167969,199.9098358154297,35
Flickr8K/688210930_85c5675d5b.jpg,/content/Image_captioning_Local/Flickr8K/Images/688210930_85c5675d5b.jpg,dining table,0.3812543451786041,425.1961975097656,220.2069091796875,499.9548645019531,288.2919921875,35
Flickr8K/688210930_85c5675d5b.jpg,/content/Image_captioning_Local/Flickr8K/Images/688210930_85c5675d5b.jpg,person,0.37231776118278503,487.1669921875,173.5634765625,499.8567199707031,224.60870361328125,35
Flickr8K/688210930_85c5675d5b.jpg,/content/Image_captioning_Local/Flickr8K/Images/688210930_85c5675d5b.jpg,dining table,0.35945388674736023,230.55279541015625,214.00282287597656,278.6033020019531,275.8427734375,35
Flickr8K/688210930_85c5675d5b.jpg,/content/Image_captioning_Local/Flickr8K/Images/688210930_85c5675d5b.jpg,person,0.33781856298446655,128.44256591796875,163.57542419433594,149.65687561035156,207.64337158203125,35
Flickr8K/688210930_85c5675d5b.jpg,/content/Image_captioning_Local/Flickr8K/Images/688210930_85c5675d5b.jpg,dining table,0.3343352973461151,231.00799560546875,207.17164611816406,391.1192932128906,276.1132507324219,35
Flickr8K/688210930_85c5675d5b.jpg,/content/Image_captioning_Local/Flickr8K/Images/688210930_85c5675d5b.jpg,person,0.32868996262550354,175.96963500976562,168.6279754638672,195.5345916748047,208.62738037109375,35
Flickr8K/688210930_85c5675d5b.jpg,/content/Image_captioning_Local/Flickr8K/Images/688210930_85c5675d5b.jpg,person,0.29414597153663635,359.42559814453125,155.9342041015625,374.1589050292969,173.54452514648438,35
Flickr8K/688210930_85c5675d5b.jpg,/content/Image_captioning_Local/Flickr8K/Images/688210930_85c5675d5b.jpg,dining table,0.2880775034427643,152.012939453125,211.22189331054688,185.39878845214844,268.2912902832031,35
Flickr8K/688210930_85c5675d5b.jpg,/content/Image_captioning_Local/Flickr8K/Images/688210930_85c5675d5b.jpg,person,0.28763243556022644,473.22418212890625,173.68687438964844,499.89471435546875,225.064697265625,35
Flickr8K/688210930_85c5675d5b.jpg,/content/Image_captioning_Local/Flickr8K/Images/688210930_85c5675d5b.jpg,dining table,0.27953410148620605,308.57550048828125,217.957275390625,391.0235900878906,271.6749572753906,35
Flickr8K/688210930_85c5675d5b.jpg,/content/Image_captioning_Local/Flickr8K/Images/688210930_85c5675d5b.jpg,handbag,0.2728429436683655,391.5786437988281,176.12164306640625,432.0963439941406,236.90737915039062,35
Flickr8K/688210930_85c5675d5b.jpg,/content/Image_captioning_Local/Flickr8K/Images/688210930_85c5675d5b.jpg,person,0.2707133889198303,480.55303955078125,173.5006561279297,500.0171203613281,287.1748046875,35
Flickr8K/688210930_85c5675d5b.jpg,/content/Image_captioning_Local/Flickr8K/Images/688210930_85c5675d5b.jpg,handbag,0.2697449326515198,107.27771759033203,239.07435607910156,125.31149291992188,261.7180480957031,35
Flickr8K/688210930_85c5675d5b.jpg,/content/Image_captioning_Local/Flickr8K/Images/688210930_85c5675d5b.jpg,backpack,0.2658606469631195,107.27771759033203,239.07435607910156,125.31149291992188,261.7180480957031,35
Flickr8K/688210930_85c5675d5b.jpg,/content/Image_captioning_Local/Flickr8K/Images/688210930_85c5675d5b.jpg,dining table,0.2592240571975708,154.7799072265625,198.43064880371094,499.21893310546875,279.08221435546875,35
Flickr8K/688210930_85c5675d5b.jpg,/content/Image_captioning_Local/Flickr8K/Images/688210930_85c5675d5b.jpg,dining table,0.25713828206062317,153.99205017089844,198.5756378173828,499.7951965332031,281.42242431640625,35
Flickr8K/688940111_325a74674a.jpg,/content/Image_captioning_Local/Flickr8K/Images/688940111_325a74674a.jpg,cup,0.945838212966919,317.30078125,128.70233154296875,448.1315002441406,327.34271240234375,8
Flickr8K/688940111_325a74674a.jpg,/content/Image_captioning_Local/Flickr8K/Images/688940111_325a74674a.jpg,person,0.9133437871932983,0.683322548866272,-0.27141621708869934,326.0153503417969,332.7252502441406,8
Flickr8K/688940111_325a74674a.jpg,/content/Image_captioning_Local/Flickr8K/Images/688940111_325a74674a.jpg,donut,0.877906084060669,254.18946838378906,268.12628173828125,328.3240966796875,319.4216613769531,8
Flickr8K/688940111_325a74674a.jpg,/content/Image_captioning_Local/Flickr8K/Images/688940111_325a74674a.jpg,sandwich,0.33975493907928467,254.55809020996094,268.0936584472656,328.3622741699219,319.38897705078125,8
Flickr8K/688940111_325a74674a.jpg,/content/Image_captioning_Local/Flickr8K/Images/688940111_325a74674a.jpg,person,0.2968672215938568,430.5616760253906,27.431507110595703,500.2505187988281,274.1820983886719,8
Flickr8K/688940111_325a74674a.jpg,/content/Image_captioning_Local/Flickr8K/Images/688940111_325a74674a.jpg,person,0.2921735346317291,426.0326232910156,-0.22114035487174988,499.8963317871094,274.4363708496094,8
Flickr8K/688940111_325a74674a.jpg,/content/Image_captioning_Local/Flickr8K/Images/688940111_325a74674a.jpg,donut,0.28757429122924805,435.4898376464844,319.118896484375,500.29443359375,332.85394287109375,8
Flickr8K/688940111_325a74674a.jpg,/content/Image_captioning_Local/Flickr8K/Images/688940111_325a74674a.jpg,dining table,0.2527981400489807,205.89566040039062,268.90802001953125,499.6197814941406,332.7776184082031,8
Flickr8K/689359034_4a64c24ca4.jpg,/content/Image_captioning_Local/Flickr8K/Images/689359034_4a64c24ca4.jpg,toilet,0.9327900409698486,109.2068099975586,195.58523559570312,213.33079528808594,373.0796813964844,13
Flickr8K/689359034_4a64c24ca4.jpg,/content/Image_captioning_Local/Flickr8K/Images/689359034_4a64c24ca4.jpg,toilet,0.9288660883903503,266.54656982421875,207.72439575195312,327.7815856933594,360.967041015625,13
Flickr8K/689359034_4a64c24ca4.jpg,/content/Image_captioning_Local/Flickr8K/Images/689359034_4a64c24ca4.jpg,toilet,0.9236125946044922,317.5584716796875,212.7524871826172,373.0050964355469,355.1377258300781,13
Flickr8K/689359034_4a64c24ca4.jpg,/content/Image_captioning_Local/Flickr8K/Images/689359034_4a64c24ca4.jpg,toilet,0.9170445203781128,205.08975219726562,202.4967041015625,277.3138732910156,368.79803466796875,13
Flickr8K/689359034_4a64c24ca4.jpg,/content/Image_captioning_Local/Flickr8K/Images/689359034_4a64c24ca4.jpg,person,0.91534823179245,69.74805450439453,242.26974487304688,139.52398681640625,374.9793701171875,13
Flickr8K/689359034_4a64c24ca4.jpg,/content/Image_captioning_Local/Flickr8K/Images/689359034_4a64c24ca4.jpg,car,0.9087761044502258,414.84332275390625,297.49969482421875,500.0343933105469,346.0645446777344,13
Flickr8K/689359034_4a64c24ca4.jpg,/content/Image_captioning_Local/Flickr8K/Images/689359034_4a64c24ca4.jpg,toilet,0.9011164903640747,361.411865234375,216.57125854492188,412.9824523925781,349.03717041015625,13
Flickr8K/689359034_4a64c24ca4.jpg,/content/Image_captioning_Local/Flickr8K/Images/689359034_4a64c24ca4.jpg,person,0.838142454624176,27.424644470214844,294.683349609375,50.689937591552734,375.02685546875,13
Flickr8K/689359034_4a64c24ca4.jpg,/content/Image_captioning_Local/Flickr8K/Images/689359034_4a64c24ca4.jpg,person,0.7999600768089294,132.61830139160156,270.46820068359375,162.87091064453125,374.9110412597656,13
Flickr8K/689359034_4a64c24ca4.jpg,/content/Image_captioning_Local/Flickr8K/Images/689359034_4a64c24ca4.jpg,handbag,0.40369904041290283,154.4376983642578,306.7499084472656,178.74090576171875,346.0845947265625,13
Flickr8K/689359034_4a64c24ca4.jpg,/content/Image_captioning_Local/Flickr8K/Images/689359034_4a64c24ca4.jpg,car,0.33945944905281067,46.19863510131836,275.8008117675781,89.20558166503906,374.6936950683594,13
Flickr8K/689359034_4a64c24ca4.jpg,/content/Image_captioning_Local/Flickr8K/Images/689359034_4a64c24ca4.jpg,car,0.32915040850639343,47.22922897338867,276.0430908203125,89.21778106689453,339.0445556640625,13
Flickr8K/689359034_4a64c24ca4.jpg,/content/Image_captioning_Local/Flickr8K/Images/689359034_4a64c24ca4.jpg,person,0.2848387658596039,115.99950408935547,257.31231689453125,141.51092529296875,373.5907287597656,13
Flickr8K/689776124_07f560a920.jpg,/content/Image_captioning_Local/Flickr8K/Images/689776124_07f560a920.jpg,dog,0.9498801231384277,179.4160614013672,64.42473602294922,307.969482421875,319.9275817871094,1
Flickr8K/691770760_48ce80a674.jpg,/content/Image_captioning_Local/Flickr8K/Images/691770760_48ce80a674.jpg,dog,0.950207531452179,250.98275756835938,102.96734619140625,450.99322509765625,178.8143768310547,4
Flickr8K/691770760_48ce80a674.jpg,/content/Image_captioning_Local/Flickr8K/Images/691770760_48ce80a674.jpg,person,0.9004584550857544,132.14239501953125,76.18981170654297,186.2392120361328,145.1696319580078,4
Flickr8K/691770760_48ce80a674.jpg,/content/Image_captioning_Local/Flickr8K/Images/691770760_48ce80a674.jpg,person,0.8884448409080505,59.8289909362793,87.25926208496094,111.87916564941406,145.58404541015625,4
Flickr8K/691770760_48ce80a674.jpg,/content/Image_captioning_Local/Flickr8K/Images/691770760_48ce80a674.jpg,bench,0.45838335156440735,-0.1601576805114746,134.43605041503906,499.776611328125,179.81263732910156,4
Flickr8K/69189650_6687da7280.jpg,/content/Image_captioning_Local/Flickr8K/Images/69189650_6687da7280.jpg,dog,0.9591633081436157,239.60289001464844,31.77700424194336,354.3505859375,252.965087890625,1
Flickr8K/693164706_9624582e69.jpg,/content/Image_captioning_Local/Flickr8K/Images/693164706_9624582e69.jpg,person,0.9247733354568481,229.15689086914062,106.58274841308594,316.8352966308594,344.3330383300781,7
Flickr8K/693164706_9624582e69.jpg,/content/Image_captioning_Local/Flickr8K/Images/693164706_9624582e69.jpg,person,0.8585330843925476,0.10634586215019226,0.23411214351654053,73.66104125976562,229.9873504638672,7
Flickr8K/693164706_9624582e69.jpg,/content/Image_captioning_Local/Flickr8K/Images/693164706_9624582e69.jpg,baseball bat,0.7888824939727783,98.3643569946289,84.23944091796875,258.55767822265625,234.17958068847656,7
Flickr8K/693164706_9624582e69.jpg,/content/Image_captioning_Local/Flickr8K/Images/693164706_9624582e69.jpg,chair,0.4360741376876831,419.92181396484375,66.89676666259766,433.6562194824219,78.68785858154297,7
Flickr8K/693164706_9624582e69.jpg,/content/Image_captioning_Local/Flickr8K/Images/693164706_9624582e69.jpg,chair,0.37620651721954346,405.0867004394531,68.10641479492188,418.8960266113281,79.59249877929688,7
Flickr8K/693164706_9624582e69.jpg,/content/Image_captioning_Local/Flickr8K/Images/693164706_9624582e69.jpg,chair,0.2861550450325012,469.1302795410156,60.90532684326172,479.059326171875,72.00623321533203,7
Flickr8K/693164706_9624582e69.jpg,/content/Image_captioning_Local/Flickr8K/Images/693164706_9624582e69.jpg,baseball bat,0.26605525612831116,305.2856750488281,275.7760009765625,367.4898986816406,317.1150817871094,7
Flickr8K/693450725_8ad72389e6.jpg,/content/Image_captioning_Local/Flickr8K/Images/693450725_8ad72389e6.jpg,dog,0.9659013748168945,103.92538452148438,238.68051147460938,333.23175048828125,432.5589904785156,3
Flickr8K/693450725_8ad72389e6.jpg,/content/Image_captioning_Local/Flickr8K/Images/693450725_8ad72389e6.jpg,person,0.5762017369270325,126.68840789794922,340.0054931640625,133.82406616210938,353.6138916015625,3
Flickr8K/693450725_8ad72389e6.jpg,/content/Image_captioning_Local/Flickr8K/Images/693450725_8ad72389e6.jpg,clock,0.27020522952079773,123.25637817382812,222.310546875,157.5498809814453,256.8358154296875,3
Flickr8K/693785581_68bec8312a.jpg,/content/Image_captioning_Local/Flickr8K/Images/693785581_68bec8312a.jpg,person,0.9454362392425537,172.98826599121094,-0.030767172574996948,332.15264892578125,246.08316040039062,3
Flickr8K/693785581_68bec8312a.jpg,/content/Image_captioning_Local/Flickr8K/Images/693785581_68bec8312a.jpg,person,0.9348694682121277,147.8642578125,123.4696273803711,250.07757568359375,374.8061218261719,3
Flickr8K/693785581_68bec8312a.jpg,/content/Image_captioning_Local/Flickr8K/Images/693785581_68bec8312a.jpg,bed,0.2856542468070984,0.8241087198257446,241.4020233154297,323.4797058105469,374.5738525390625,3
Flickr8K/694496803_f2a05869cf.jpg,/content/Image_captioning_Local/Flickr8K/Images/694496803_f2a05869cf.jpg,person,0.959560215473175,62.34761428833008,195.7604217529297,265.0201416015625,487.1863098144531,29
Flickr8K/694496803_f2a05869cf.jpg,/content/Image_captioning_Local/Flickr8K/Images/694496803_f2a05869cf.jpg,umbrella,0.9402592182159424,204.8473358154297,144.89096069335938,332.4718933105469,224.5124053955078,29
Flickr8K/694496803_f2a05869cf.jpg,/content/Image_captioning_Local/Flickr8K/Images/694496803_f2a05869cf.jpg,person,0.9286965727806091,310.16436767578125,338.7572021484375,359.4835205078125,455.7937927246094,29
Flickr8K/694496803_f2a05869cf.jpg,/content/Image_captioning_Local/Flickr8K/Images/694496803_f2a05869cf.jpg,person,0.9270526170730591,272.9123840332031,319.0579528808594,321.5981140136719,434.4623718261719,29
Flickr8K/694496803_f2a05869cf.jpg,/content/Image_captioning_Local/Flickr8K/Images/694496803_f2a05869cf.jpg,person,0.907005786895752,86.99102020263672,303.3921813964844,139.7081298828125,384.7721252441406,29
Flickr8K/694496803_f2a05869cf.jpg,/content/Image_captioning_Local/Flickr8K/Images/694496803_f2a05869cf.jpg,person,0.8775862455368042,257.29315185546875,331.08514404296875,293.6161193847656,413.8673095703125,29
Flickr8K/694496803_f2a05869cf.jpg,/content/Image_captioning_Local/Flickr8K/Images/694496803_f2a05869cf.jpg,person,0.8331596255302429,205.43115234375,321.4172058105469,243.2296905517578,414.603759765625,29
Flickr8K/694496803_f2a05869cf.jpg,/content/Image_captioning_Local/Flickr8K/Images/694496803_f2a05869cf.jpg,bicycle,0.7904196977615356,37.60126876831055,301.96185302734375,64.88088989257812,331.603515625,29
Flickr8K/694496803_f2a05869cf.jpg,/content/Image_captioning_Local/Flickr8K/Images/694496803_f2a05869cf.jpg,handbag,0.7727522850036621,323.7643127441406,373.5820007324219,342.2200927734375,406.14019775390625,29
Flickr8K/694496803_f2a05869cf.jpg,/content/Image_captioning_Local/Flickr8K/Images/694496803_f2a05869cf.jpg,person,0.7722924947738647,354.7745666503906,372.967041015625,374.97607421875,462.47955322265625,29
Flickr8K/694496803_f2a05869cf.jpg,/content/Image_captioning_Local/Flickr8K/Images/694496803_f2a05869cf.jpg,bicycle,0.7478861212730408,232.28372192382812,357.01165771484375,268.7974548339844,395.0680236816406,29
Flickr8K/694496803_f2a05869cf.jpg,/content/Image_captioning_Local/Flickr8K/Images/694496803_f2a05869cf.jpg,person,0.631801426410675,73.20968627929688,280.11505126953125,124.19306945800781,358.395263671875,29
Flickr8K/694496803_f2a05869cf.jpg,/content/Image_captioning_Local/Flickr8K/Images/694496803_f2a05869cf.jpg,person,0.6237452030181885,131.19435119628906,291.23394775390625,148.0671844482422,339.9635009765625,29
Flickr8K/694496803_f2a05869cf.jpg,/content/Image_captioning_Local/Flickr8K/Images/694496803_f2a05869cf.jpg,handbag,0.48436281085014343,310.8172302246094,376.882080078125,330.5769348144531,397.1219177246094,29
Flickr8K/694496803_f2a05869cf.jpg,/content/Image_captioning_Local/Flickr8K/Images/694496803_f2a05869cf.jpg,person,0.4503191411495209,241.08778381347656,339.740478515625,252.7623291015625,363.2403259277344,29
Flickr8K/694496803_f2a05869cf.jpg,/content/Image_captioning_Local/Flickr8K/Images/694496803_f2a05869cf.jpg,person,0.4483093321323395,355.595947265625,356.66802978515625,371.1614685058594,407.9744567871094,29
Flickr8K/694496803_f2a05869cf.jpg,/content/Image_captioning_Local/Flickr8K/Images/694496803_f2a05869cf.jpg,person,0.41993945837020874,214.3397979736328,307.2502136230469,228.84768676757812,334.9872741699219,29
Flickr8K/694496803_f2a05869cf.jpg,/content/Image_captioning_Local/Flickr8K/Images/694496803_f2a05869cf.jpg,person,0.39554187655448914,252.3775634765625,341.6046447753906,261.65142822265625,359.7151184082031,29
Flickr8K/694496803_f2a05869cf.jpg,/content/Image_captioning_Local/Flickr8K/Images/694496803_f2a05869cf.jpg,handbag,0.373629093170166,309.709228515625,372.2325439453125,334.9677429199219,397.3481140136719,29
Flickr8K/694496803_f2a05869cf.jpg,/content/Image_captioning_Local/Flickr8K/Images/694496803_f2a05869cf.jpg,person,0.3576090335845947,206.17422485351562,305.90771484375,216.63743591308594,338.3504638671875,29
Flickr8K/694496803_f2a05869cf.jpg,/content/Image_captioning_Local/Flickr8K/Images/694496803_f2a05869cf.jpg,handbag,0.3460073471069336,310.2378234863281,372.9951477050781,334.1944885253906,396.9652099609375,29
Flickr8K/694496803_f2a05869cf.jpg,/content/Image_captioning_Local/Flickr8K/Images/694496803_f2a05869cf.jpg,person,0.33703136444091797,351.75335693359375,356.5734558105469,371.33709716796875,425.7088317871094,29
Flickr8K/694496803_f2a05869cf.jpg,/content/Image_captioning_Local/Flickr8K/Images/694496803_f2a05869cf.jpg,person,0.3369777500629425,312.2931823730469,354.2265625,327.4334411621094,381.6274719238281,29
Flickr8K/694496803_f2a05869cf.jpg,/content/Image_captioning_Local/Flickr8K/Images/694496803_f2a05869cf.jpg,person,0.3020237386226654,232.64183044433594,336.4165344238281,243.0420379638672,357.86407470703125,29
Flickr8K/694496803_f2a05869cf.jpg,/content/Image_captioning_Local/Flickr8K/Images/694496803_f2a05869cf.jpg,person,0.292093962430954,215.9200897216797,307.0986328125,228.3431396484375,324.75994873046875,29
Flickr8K/694496803_f2a05869cf.jpg,/content/Image_captioning_Local/Flickr8K/Images/694496803_f2a05869cf.jpg,person,0.2709367871284485,169.77537536621094,306.9542236328125,217.066162109375,402.955322265625,29
Flickr8K/694496803_f2a05869cf.jpg,/content/Image_captioning_Local/Flickr8K/Images/694496803_f2a05869cf.jpg,person,0.2666201591491699,251.8223419189453,341.1457214355469,262.1804504394531,372.0149841308594,29
Flickr8K/694496803_f2a05869cf.jpg,/content/Image_captioning_Local/Flickr8K/Images/694496803_f2a05869cf.jpg,person,0.25596311688423157,101.9200439453125,280.04620361328125,123.5865707397461,320.2425537109375,29
Flickr8K/694496803_f2a05869cf.jpg,/content/Image_captioning_Local/Flickr8K/Images/694496803_f2a05869cf.jpg,person,0.2535443902015686,335.3746643066406,356.83074951171875,371.5143737792969,447.07342529296875,29
Flickr8K/696663662_232edd58af.jpg,/content/Image_captioning_Local/Flickr8K/Images/696663662_232edd58af.jpg,bed,0.9208317995071411,0.1755356788635254,36.65039825439453,500.1357116699219,373.6025085449219,2
Flickr8K/696663662_232edd58af.jpg,/content/Image_captioning_Local/Flickr8K/Images/696663662_232edd58af.jpg,person,0.8934900164604187,89.35387420654297,53.99714660644531,456.6859130859375,362.17431640625,2
Flickr8K/69710411_2cf537f61f.jpg,/content/Image_captioning_Local/Flickr8K/Images/69710411_2cf537f61f.jpg,person,0.8690842390060425,227.44314575195312,108.8899154663086,295.4475402832031,222.2950439453125,12
Flickr8K/69710411_2cf537f61f.jpg,/content/Image_captioning_Local/Flickr8K/Images/69710411_2cf537f61f.jpg,person,0.8388645052909851,57.264915466308594,67.53330993652344,186.48329162597656,240.5780487060547,12
Flickr8K/69710411_2cf537f61f.jpg,/content/Image_captioning_Local/Flickr8K/Images/69710411_2cf537f61f.jpg,person,0.8380733728408813,282.94976806640625,66.8121109008789,354.3295593261719,207.09286499023438,12
Flickr8K/69710411_2cf537f61f.jpg,/content/Image_captioning_Local/Flickr8K/Images/69710411_2cf537f61f.jpg,person,0.7086721062660217,145.63912963867188,91.84510803222656,235.30067443847656,226.6763458251953,12
Flickr8K/69710411_2cf537f61f.jpg,/content/Image_captioning_Local/Flickr8K/Images/69710411_2cf537f61f.jpg,person,0.6422603726387024,-0.03526732325553894,96.79963684082031,114.40408325195312,267.3829040527344,12
Flickr8K/69710411_2cf537f61f.jpg,/content/Image_captioning_Local/Flickr8K/Images/69710411_2cf537f61f.jpg,person,0.6245518326759338,423.183837890625,67.30715942382812,499.31231689453125,225.6788787841797,12
Flickr8K/69710411_2cf537f61f.jpg,/content/Image_captioning_Local/Flickr8K/Images/69710411_2cf537f61f.jpg,bottle,0.6011998057365417,118.83137512207031,206.46170043945312,145.94371032714844,263.7940979003906,12
Flickr8K/69710411_2cf537f61f.jpg,/content/Image_captioning_Local/Flickr8K/Images/69710411_2cf537f61f.jpg,person,0.5038263201713562,378.6852111816406,95.09443664550781,431.171875,222.5942840576172,12
Flickr8K/69710411_2cf537f61f.jpg,/content/Image_captioning_Local/Flickr8K/Images/69710411_2cf537f61f.jpg,person,0.2836145758628845,379.1094665527344,95.45988464355469,427.3633728027344,179.25074768066406,12
Flickr8K/69710411_2cf537f61f.jpg,/content/Image_captioning_Local/Flickr8K/Images/69710411_2cf537f61f.jpg,person,0.26815617084503174,-0.09560864418745041,93.11937713623047,30.24253273010254,144.60687255859375,12
Flickr8K/69710411_2cf537f61f.jpg,/content/Image_captioning_Local/Flickr8K/Images/69710411_2cf537f61f.jpg,person,0.2631543278694153,379.8652648925781,95.14769744873047,425.0265197753906,143.18521118164062,12
Flickr8K/69710411_2cf537f61f.jpg,/content/Image_captioning_Local/Flickr8K/Images/69710411_2cf537f61f.jpg,person,0.25945475697517395,379.2934265136719,95.2372817993164,426.78900146484375,181.6069793701172,12
Flickr8K/69710415_5c2bfb1058.jpg,/content/Image_captioning_Local/Flickr8K/Images/69710415_5c2bfb1058.jpg,person,0.9109494090080261,351.6166076660156,243.63076782226562,396.2857666015625,345.4268493652344,10
Flickr8K/69710415_5c2bfb1058.jpg,/content/Image_captioning_Local/Flickr8K/Images/69710415_5c2bfb1058.jpg,person,0.8964763283729553,184.81495666503906,209.63238525390625,214.90121459960938,303.16607666015625,10
Flickr8K/69710415_5c2bfb1058.jpg,/content/Image_captioning_Local/Flickr8K/Images/69710415_5c2bfb1058.jpg,person,0.851478099822998,376.0954895019531,233.9699249267578,405.3023681640625,286.7795715332031,10
Flickr8K/69710415_5c2bfb1058.jpg,/content/Image_captioning_Local/Flickr8K/Images/69710415_5c2bfb1058.jpg,bird,0.4457786977291107,208.3895263671875,193.37722778320312,215.042236328125,201.5652618408203,10
Flickr8K/69710415_5c2bfb1058.jpg,/content/Image_captioning_Local/Flickr8K/Images/69710415_5c2bfb1058.jpg,backpack,0.4002128839492798,179.48611450195312,221.65524291992188,209.4851531982422,249.2975616455078,10
Flickr8K/69710415_5c2bfb1058.jpg,/content/Image_captioning_Local/Flickr8K/Images/69710415_5c2bfb1058.jpg,backpack,0.36821675300598145,179.1238250732422,225.42330932617188,192.16912841796875,249.30914306640625,10
Flickr8K/69710415_5c2bfb1058.jpg,/content/Image_captioning_Local/Flickr8K/Images/69710415_5c2bfb1058.jpg,handbag,0.3519289195537567,346.47491455078125,306.1949768066406,366.4399108886719,333.01617431640625,10
Flickr8K/69710415_5c2bfb1058.jpg,/content/Image_captioning_Local/Flickr8K/Images/69710415_5c2bfb1058.jpg,bird,0.3479580283164978,484.7810363769531,208.0093536376953,499.18328857421875,214.4212646484375,10
Flickr8K/69710415_5c2bfb1058.jpg,/content/Image_captioning_Local/Flickr8K/Images/69710415_5c2bfb1058.jpg,backpack,0.321241557598114,178.9336700439453,221.88592529296875,198.4886932373047,249.38165283203125,10
Flickr8K/69710415_5c2bfb1058.jpg,/content/Image_captioning_Local/Flickr8K/Images/69710415_5c2bfb1058.jpg,tie,0.2652381658554077,362.572021484375,260.66961669921875,368.49530029296875,286.07879638671875,10
Flickr8K/697490420_67d8d2a859.jpg,/content/Image_captioning_Local/Flickr8K/Images/697490420_67d8d2a859.jpg,person,0.956576943397522,191.3657989501953,79.23806762695312,281.79217529296875,240.08590698242188,8
Flickr8K/697490420_67d8d2a859.jpg,/content/Image_captioning_Local/Flickr8K/Images/697490420_67d8d2a859.jpg,boat,0.6824122071266174,0.055483102798461914,332.4801025390625,351.0519714355469,496.1752014160156,8
Flickr8K/697490420_67d8d2a859.jpg,/content/Image_captioning_Local/Flickr8K/Images/697490420_67d8d2a859.jpg,backpack,0.4677598178386688,49.31044006347656,292.1488342285156,152.39793395996094,386.9119873046875,8
Flickr8K/697490420_67d8d2a859.jpg,/content/Image_captioning_Local/Flickr8K/Images/697490420_67d8d2a859.jpg,backpack,0.44816574454307556,12.795037269592285,219.70596313476562,350.67816162109375,387.9388732910156,8
Flickr8K/697490420_67d8d2a859.jpg,/content/Image_captioning_Local/Flickr8K/Images/697490420_67d8d2a859.jpg,boat,0.41951245069503784,13.60222339630127,304.97125244140625,84.22913360595703,339.46905517578125,8
Flickr8K/697490420_67d8d2a859.jpg,/content/Image_captioning_Local/Flickr8K/Images/697490420_67d8d2a859.jpg,backpack,0.3553367257118225,49.82902526855469,221.17823791503906,350.96563720703125,388.208740234375,8
Flickr8K/697490420_67d8d2a859.jpg,/content/Image_captioning_Local/Flickr8K/Images/697490420_67d8d2a859.jpg,surfboard,0.3526662290096283,13.60222339630127,304.97125244140625,84.22913360595703,339.46905517578125,8
Flickr8K/697490420_67d8d2a859.jpg,/content/Image_captioning_Local/Flickr8K/Images/697490420_67d8d2a859.jpg,backpack,0.27285340428352356,144.33770751953125,220.76756286621094,351.19720458984375,386.3238220214844,8
Flickr8K/697582336_601462e052.jpg,/content/Image_captioning_Local/Flickr8K/Images/697582336_601462e052.jpg,dog,0.9562686681747437,169.06478881835938,85.2695083618164,280.6200256347656,280.16253662109375,2
Flickr8K/697582336_601462e052.jpg,/content/Image_captioning_Local/Flickr8K/Images/697582336_601462e052.jpg,apple,0.27901148796081543,90.04138946533203,54.13431167602539,97.43389892578125,60.59342956542969,2
Flickr8K/697778778_b52090709d.jpg,/content/Image_captioning_Local/Flickr8K/Images/697778778_b52090709d.jpg,person,0.9403360486030579,238.4823760986328,250.0082550048828,346.09619140625,339.2287902832031,3
Flickr8K/697778778_b52090709d.jpg,/content/Image_captioning_Local/Flickr8K/Images/697778778_b52090709d.jpg,person,0.920672595500946,213.76783752441406,212.14939880371094,271.6849670410156,291.3001403808594,3
Flickr8K/697778778_b52090709d.jpg,/content/Image_captioning_Local/Flickr8K/Images/697778778_b52090709d.jpg,person,0.8908915519714355,259.07159423828125,177.4045867919922,298.8792419433594,252.74267578125,3
Flickr8K/698107542_3aa0ba78b4.jpg,/content/Image_captioning_Local/Flickr8K/Images/698107542_3aa0ba78b4.jpg,person,0.9746977090835571,159.3356170654297,11.345637321472168,499.3684997558594,313.3257141113281,14
Flickr8K/698107542_3aa0ba78b4.jpg,/content/Image_captioning_Local/Flickr8K/Images/698107542_3aa0ba78b4.jpg,person,0.6245352625846863,108.3680419921875,181.15902709960938,217.84169006347656,313.8503112792969,14
Flickr8K/698107542_3aa0ba78b4.jpg,/content/Image_captioning_Local/Flickr8K/Images/698107542_3aa0ba78b4.jpg,person,0.5845939517021179,470.9104309082031,112.82085418701172,500.0096435546875,197.38751220703125,14
Flickr8K/698107542_3aa0ba78b4.jpg,/content/Image_captioning_Local/Flickr8K/Images/698107542_3aa0ba78b4.jpg,person,0.5794258713722229,-0.11236220598220825,197.95880126953125,64.97794342041016,253.03720092773438,14
Flickr8K/698107542_3aa0ba78b4.jpg,/content/Image_captioning_Local/Flickr8K/Images/698107542_3aa0ba78b4.jpg,person,0.4007020592689514,0.20335614681243896,123.19148254394531,64.5670166015625,253.5436248779297,14
Flickr8K/698107542_3aa0ba78b4.jpg,/content/Image_captioning_Local/Flickr8K/Images/698107542_3aa0ba78b4.jpg,person,0.3828905522823334,29.871910095214844,116.90821838378906,46.28572463989258,150.50180053710938,14
Flickr8K/698107542_3aa0ba78b4.jpg,/content/Image_captioning_Local/Flickr8K/Images/698107542_3aa0ba78b4.jpg,person,0.37437179684638977,71.96090698242188,181.32669067382812,218.76734924316406,313.84881591796875,14
Flickr8K/698107542_3aa0ba78b4.jpg,/content/Image_captioning_Local/Flickr8K/Images/698107542_3aa0ba78b4.jpg,person,0.37170419096946716,-0.25351718068122864,195.6452178955078,65.66056823730469,313.8745422363281,14
Flickr8K/698107542_3aa0ba78b4.jpg,/content/Image_captioning_Local/Flickr8K/Images/698107542_3aa0ba78b4.jpg,person,0.3491012752056122,0.25823619961738586,124.73944091796875,24.097312927246094,208.57180786132812,14
Flickr8K/698107542_3aa0ba78b4.jpg,/content/Image_captioning_Local/Flickr8K/Images/698107542_3aa0ba78b4.jpg,person,0.345846563577652,-0.08293613791465759,121.37984466552734,66.6018295288086,313.7937927246094,14
Flickr8K/698107542_3aa0ba78b4.jpg,/content/Image_captioning_Local/Flickr8K/Images/698107542_3aa0ba78b4.jpg,person,0.32674187421798706,-0.1141279935836792,197.00106811523438,65.28262329101562,294.2159118652344,14
Flickr8K/698107542_3aa0ba78b4.jpg,/content/Image_captioning_Local/Flickr8K/Images/698107542_3aa0ba78b4.jpg,person,0.31104740500450134,226.92303466796875,117.03509521484375,244.49066162109375,157.5704345703125,14
Flickr8K/698107542_3aa0ba78b4.jpg,/content/Image_captioning_Local/Flickr8K/Images/698107542_3aa0ba78b4.jpg,person,0.30800119042396545,481.0791931152344,112.71633911132812,500.1981201171875,161.3760986328125,14
Flickr8K/698107542_3aa0ba78b4.jpg,/content/Image_captioning_Local/Flickr8K/Images/698107542_3aa0ba78b4.jpg,person,0.28353407979011536,-0.11894106864929199,196.51902770996094,105.36099243164062,314.0648193359375,14
Flickr8K/700884207_d3ec546494.jpg,/content/Image_captioning_Local/Flickr8K/Images/700884207_d3ec546494.jpg,person,0.9596143364906311,23.22043228149414,24.66031837463379,332.39862060546875,498.8576965332031,8
Flickr8K/700884207_d3ec546494.jpg,/content/Image_captioning_Local/Flickr8K/Images/700884207_d3ec546494.jpg,bed,0.6454124450683594,-0.05037510395050049,66.37410736083984,332.9462890625,496.7663269042969,8
Flickr8K/700884207_d3ec546494.jpg,/content/Image_captioning_Local/Flickr8K/Images/700884207_d3ec546494.jpg,person,0.5445745587348938,88.54607391357422,-0.13585761189460754,229.35328674316406,94.16678619384766,8
Flickr8K/700884207_d3ec546494.jpg,/content/Image_captioning_Local/Flickr8K/Images/700884207_d3ec546494.jpg,person,0.40278467535972595,-0.07089829444885254,145.0222625732422,142.87509155273438,497.8992919921875,8
Flickr8K/700884207_d3ec546494.jpg,/content/Image_captioning_Local/Flickr8K/Images/700884207_d3ec546494.jpg,person,0.3451457917690277,0.023421049118041992,7.022857666015625,333.02008056640625,497.71380615234375,8
Flickr8K/700884207_d3ec546494.jpg,/content/Image_captioning_Local/Flickr8K/Images/700884207_d3ec546494.jpg,person,0.33326128125190735,-0.2212098240852356,-0.34026801586151123,229.11163330078125,499.5341796875,8
Flickr8K/700884207_d3ec546494.jpg,/content/Image_captioning_Local/Flickr8K/Images/700884207_d3ec546494.jpg,bed,0.31529954075813293,255.78292846679688,73.08192443847656,332.99188232421875,283.4473876953125,8
Flickr8K/700884207_d3ec546494.jpg,/content/Image_captioning_Local/Flickr8K/Images/700884207_d3ec546494.jpg,person,0.2515617609024048,-0.26840919256210327,0.7951557636260986,332.728271484375,500.4007873535156,8
Flickr8K/701816897_221bbe761a.jpg,/content/Image_captioning_Local/Flickr8K/Images/701816897_221bbe761a.jpg,chair,0.9490041136741638,0.13357773423194885,125.08267211914062,66.36376953125,252.27914428710938,12
Flickr8K/701816897_221bbe761a.jpg,/content/Image_captioning_Local/Flickr8K/Images/701816897_221bbe761a.jpg,person,0.8986863493919373,254.9298095703125,150.0610809326172,300.3570251464844,310.4190979003906,12
Flickr8K/701816897_221bbe761a.jpg,/content/Image_captioning_Local/Flickr8K/Images/701816897_221bbe761a.jpg,dining table,0.8529456853866577,238.86351013183594,111.70482635498047,353.0462951660156,193.03060913085938,12
Flickr8K/701816897_221bbe761a.jpg,/content/Image_captioning_Local/Flickr8K/Images/701816897_221bbe761a.jpg,chair,0.8213622570037842,322.44720458984375,99.22655487060547,373.7710266113281,179.49087524414062,12
Flickr8K/701816897_221bbe761a.jpg,/content/Image_captioning_Local/Flickr8K/Images/701816897_221bbe761a.jpg,person,0.7941070199012756,-0.008182600140571594,69.41669464111328,44.22123718261719,190.28314208984375,12
Flickr8K/701816897_221bbe761a.jpg,/content/Image_captioning_Local/Flickr8K/Images/701816897_221bbe761a.jpg,person,0.7471975684165955,80.4293441772461,91.86573028564453,131.25582885742188,277.98944091796875,12
Flickr8K/701816897_221bbe761a.jpg,/content/Image_captioning_Local/Flickr8K/Images/701816897_221bbe761a.jpg,frisbee,0.503062903881073,81.75027465820312,176.61961364746094,135.7412872314453,261.4495849609375,12
Flickr8K/701816897_221bbe761a.jpg,/content/Image_captioning_Local/Flickr8K/Images/701816897_221bbe761a.jpg,tv,0.4991408586502075,257.3059387207031,0.0608665868639946,310.4547424316406,15.62710189819336,12
Flickr8K/701816897_221bbe761a.jpg,/content/Image_captioning_Local/Flickr8K/Images/701816897_221bbe761a.jpg,surfboard,0.40158042311668396,232.96034240722656,216.79412841796875,442.2497863769531,242.15057373046875,12
Flickr8K/701816897_221bbe761a.jpg,/content/Image_captioning_Local/Flickr8K/Images/701816897_221bbe761a.jpg,person,0.3834512233734131,80.75859832763672,91.80261993408203,129.44427490234375,192.3656463623047,12
Flickr8K/701816897_221bbe761a.jpg,/content/Image_captioning_Local/Flickr8K/Images/701816897_221bbe761a.jpg,surfboard,0.34815195202827454,291.26141357421875,220.2842559814453,441.6023254394531,242.11990356445312,12
Flickr8K/701816897_221bbe761a.jpg,/content/Image_captioning_Local/Flickr8K/Images/701816897_221bbe761a.jpg,surfboard,0.2517065405845642,81.75027465820312,176.61961364746094,135.7412872314453,261.4495849609375,12
Flickr8K/707941195_4386109029.jpg,/content/Image_captioning_Local/Flickr8K/Images/707941195_4386109029.jpg,dog,0.9570379257202148,80.8676986694336,166.8311309814453,277.6051025390625,347.4358215332031,1
Flickr8K/707972553_36816e53a2.jpg,/content/Image_captioning_Local/Flickr8K/Images/707972553_36816e53a2.jpg,person,0.963171660900116,161.01011657714844,11.18769359588623,342.9159240722656,281.63299560546875,1
Flickr8K/708860480_1a956ae0f7.jpg,/content/Image_captioning_Local/Flickr8K/Images/708860480_1a956ae0f7.jpg,person,0.9257309436798096,68.6622543334961,-0.08240032196044922,334.65899658203125,331.9142761230469,4
Flickr8K/708860480_1a956ae0f7.jpg,/content/Image_captioning_Local/Flickr8K/Images/708860480_1a956ae0f7.jpg,person,0.4715832769870758,279.4020080566406,-0.2592671513557434,395.75927734375,115.52645874023438,4
Flickr8K/708860480_1a956ae0f7.jpg,/content/Image_captioning_Local/Flickr8K/Images/708860480_1a956ae0f7.jpg,person,0.30694231390953064,280.30889892578125,-0.18753790855407715,390.73199462890625,89.52222442626953,4
Flickr8K/708860480_1a956ae0f7.jpg,/content/Image_captioning_Local/Flickr8K/Images/708860480_1a956ae0f7.jpg,person,0.25468483567237854,280.4207763671875,-0.3189351558685303,389.1898498535156,85.73303985595703,4
Flickr8K/708945669_08e7ffb9a7.jpg,/content/Image_captioning_Local/Flickr8K/Images/708945669_08e7ffb9a7.jpg,person,0.928635835647583,136.88343811035156,138.63943481445312,282.5291748046875,325.1629638671875,1
Flickr8K/709373049_15b8b6457a.jpg,/content/Image_captioning_Local/Flickr8K/Images/709373049_15b8b6457a.jpg,person,0.944884717464447,131.4286651611328,37.59493637084961,311.9911804199219,258.2168884277344,3
Flickr8K/709373049_15b8b6457a.jpg,/content/Image_captioning_Local/Flickr8K/Images/709373049_15b8b6457a.jpg,bench,0.5946013927459717,-0.3188028931617737,286.30560302734375,137.060791015625,347.6911926269531,3
Flickr8K/709373049_15b8b6457a.jpg,/content/Image_captioning_Local/Flickr8K/Images/709373049_15b8b6457a.jpg,bench,0.3244272470474243,-0.058084726333618164,308.2945251464844,136.50189208984375,346.6536865234375,3
Flickr8K/70995350_75d0698839.jpg,/content/Image_captioning_Local/Flickr8K/Images/70995350_75d0698839.jpg,person,0.7685120105743408,157.33261108398438,128.9834747314453,268.01318359375,211.67355346679688,3
Flickr8K/70995350_75d0698839.jpg,/content/Image_captioning_Local/Flickr8K/Images/70995350_75d0698839.jpg,kite,0.45409059524536133,188.66041564941406,134.4891815185547,429.3824768066406,259.2574462890625,3
Flickr8K/70995350_75d0698839.jpg,/content/Image_captioning_Local/Flickr8K/Images/70995350_75d0698839.jpg,surfboard,0.33175593614578247,156.79397583007812,129.1580810546875,218.9652099609375,158.6910400390625,3
Flickr8K/710878348_323082babd.jpg,/content/Image_captioning_Local/Flickr8K/Images/710878348_323082babd.jpg,person,0.9685478210449219,46.268550872802734,18.0823917388916,315.8703918457031,327.4290466308594,11
Flickr8K/710878348_323082babd.jpg,/content/Image_captioning_Local/Flickr8K/Images/710878348_323082babd.jpg,person,0.9262281060218811,284.8328552246094,182.33900451660156,317.4228515625,258.9349060058594,11
Flickr8K/710878348_323082babd.jpg,/content/Image_captioning_Local/Flickr8K/Images/710878348_323082babd.jpg,surfboard,0.9045462608337402,302.4544982910156,204.22491455078125,329.3951416015625,227.32650756835938,11
Flickr8K/710878348_323082babd.jpg,/content/Image_captioning_Local/Flickr8K/Images/710878348_323082babd.jpg,person,0.8423169851303101,48.71631622314453,194.0738067626953,62.92558288574219,219.81192016601562,11
Flickr8K/710878348_323082babd.jpg,/content/Image_captioning_Local/Flickr8K/Images/710878348_323082babd.jpg,person,0.8247358202934265,36.286380767822266,197.67636108398438,51.249351501464844,219.24794006347656,11
Flickr8K/710878348_323082babd.jpg,/content/Image_captioning_Local/Flickr8K/Images/710878348_323082babd.jpg,person,0.6277765035629272,351.4429931640625,191.75242614746094,361.6696472167969,197.73544311523438,11
Flickr8K/710878348_323082babd.jpg,/content/Image_captioning_Local/Flickr8K/Images/710878348_323082babd.jpg,person,0.5203288793563843,409.4014587402344,181.7059326171875,413.54736328125,187.28041076660156,11
Flickr8K/710878348_323082babd.jpg,/content/Image_captioning_Local/Flickr8K/Images/710878348_323082babd.jpg,person,0.43648654222488403,319.94415283203125,183.45257568359375,323.1727600097656,188.46290588378906,11
Flickr8K/710878348_323082babd.jpg,/content/Image_captioning_Local/Flickr8K/Images/710878348_323082babd.jpg,person,0.4065440893173218,395.7525939941406,183.3774871826172,398.58111572265625,186.34922790527344,11
Flickr8K/710878348_323082babd.jpg,/content/Image_captioning_Local/Flickr8K/Images/710878348_323082babd.jpg,person,0.4029892086982727,419.3336181640625,184.4523162841797,423.42022705078125,187.8372039794922,11
Flickr8K/710878348_323082babd.jpg,/content/Image_captioning_Local/Flickr8K/Images/710878348_323082babd.jpg,person,0.3404577374458313,429.9244079589844,185.0323944091797,432.9791259765625,188.10589599609375,11
Flickr8K/716597900_b72c58362c.jpg,/content/Image_captioning_Local/Flickr8K/Images/716597900_b72c58362c.jpg,person,0.9424615502357483,174.11741638183594,109.49449920654297,223.5797882080078,250.97764587402344,6
Flickr8K/716597900_b72c58362c.jpg,/content/Image_captioning_Local/Flickr8K/Images/716597900_b72c58362c.jpg,person,0.9404715299606323,336.5244445800781,138.9983673095703,382.5406799316406,253.46263122558594,6
Flickr8K/716597900_b72c58362c.jpg,/content/Image_captioning_Local/Flickr8K/Images/716597900_b72c58362c.jpg,person,0.9380645751953125,246.98692321777344,143.306640625,292.6177978515625,251.44924926757812,6
Flickr8K/716597900_b72c58362c.jpg,/content/Image_captioning_Local/Flickr8K/Images/716597900_b72c58362c.jpg,person,0.9026122093200684,392.2658996582031,159.6324005126953,421.1982116699219,255.2133026123047,6
Flickr8K/716597900_b72c58362c.jpg,/content/Image_captioning_Local/Flickr8K/Images/716597900_b72c58362c.jpg,boat,0.5280100703239441,390.031005859375,94.36836242675781,405.64794921875,99.06922149658203,6
Flickr8K/716597900_b72c58362c.jpg,/content/Image_captioning_Local/Flickr8K/Images/716597900_b72c58362c.jpg,boat,0.25560060143470764,13.367244720458984,96.20806121826172,17.479656219482422,99.12474060058594,6
Flickr8K/717673249_ac998cfbe6.jpg,/content/Image_captioning_Local/Flickr8K/Images/717673249_ac998cfbe6.jpg,dog,0.9636117219924927,227.0613250732422,63.216548919677734,369.8514099121094,242.220947265625,3
Flickr8K/717673249_ac998cfbe6.jpg,/content/Image_captioning_Local/Flickr8K/Images/717673249_ac998cfbe6.jpg,dog,0.9590194225311279,131.70274353027344,111.87802124023438,249.18199157714844,265.81048583984375,3
Flickr8K/717673249_ac998cfbe6.jpg,/content/Image_captioning_Local/Flickr8K/Images/717673249_ac998cfbe6.jpg,bench,0.3065206706523895,99.65769958496094,-0.10626060515642166,397.6373596191406,42.35846710205078,3
Flickr8K/719837187_3e7bf1d472.jpg,/content/Image_captioning_Local/Flickr8K/Images/719837187_3e7bf1d472.jpg,dog,0.9694497585296631,81.25241088867188,7.852710723876953,420.1819152832031,316.77984619140625,2
Flickr8K/719837187_3e7bf1d472.jpg,/content/Image_captioning_Local/Flickr8K/Images/719837187_3e7bf1d472.jpg,sports ball,0.9551846385002136,57.903194427490234,56.74428939819336,143.57485961914062,142.95774841308594,2
Flickr8K/720208977_f44c2bba5b.jpg,/content/Image_captioning_Local/Flickr8K/Images/720208977_f44c2bba5b.jpg,person,0.8634913563728333,389.1816101074219,75.62332916259766,468.01995849609375,268.2387390136719,52
Flickr8K/720208977_f44c2bba5b.jpg,/content/Image_captioning_Local/Flickr8K/Images/720208977_f44c2bba5b.jpg,person,0.8147718906402588,208.3316192626953,88.89444732666016,265.54144287109375,243.4742431640625,52
Flickr8K/720208977_f44c2bba5b.jpg,/content/Image_captioning_Local/Flickr8K/Images/720208977_f44c2bba5b.jpg,person,0.7820815443992615,295.37078857421875,102.2264404296875,350.7005310058594,256.9099426269531,52
Flickr8K/720208977_f44c2bba5b.jpg,/content/Image_captioning_Local/Flickr8K/Images/720208977_f44c2bba5b.jpg,person,0.7573595643043518,82.10033416748047,66.77383422851562,129.21151733398438,222.1342010498047,52
Flickr8K/720208977_f44c2bba5b.jpg,/content/Image_captioning_Local/Flickr8K/Images/720208977_f44c2bba5b.jpg,person,0.7381176948547363,143.68255615234375,65.08016967773438,195.085205078125,204.9500732421875,52
Flickr8K/720208977_f44c2bba5b.jpg,/content/Image_captioning_Local/Flickr8K/Images/720208977_f44c2bba5b.jpg,person,0.7255268096923828,312.9745788574219,49.817710876464844,345.81195068359375,135.5745086669922,52
Flickr8K/720208977_f44c2bba5b.jpg,/content/Image_captioning_Local/Flickr8K/Images/720208977_f44c2bba5b.jpg,person,0.5094426274299622,238.49960327148438,81.9170150756836,281.31396484375,240.28990173339844,52
Flickr8K/720208977_f44c2bba5b.jpg,/content/Image_captioning_Local/Flickr8K/Images/720208977_f44c2bba5b.jpg,person,0.5045223236083984,472.5184631347656,52.552833557128906,492.9383239746094,98.32118225097656,52
Flickr8K/720208977_f44c2bba5b.jpg,/content/Image_captioning_Local/Flickr8K/Images/720208977_f44c2bba5b.jpg,chair,0.49752047657966614,15.2906494140625,45.83392333984375,54.20116424560547,84.2317123413086,52
Flickr8K/720208977_f44c2bba5b.jpg,/content/Image_captioning_Local/Flickr8K/Images/720208977_f44c2bba5b.jpg,person,0.4765859842300415,99.28846740722656,198.5203857421875,212.96951293945312,326.54290771484375,52
Flickr8K/720208977_f44c2bba5b.jpg,/content/Image_captioning_Local/Flickr8K/Images/720208977_f44c2bba5b.jpg,person,0.46924832463264465,98.88397979736328,198.11631774902344,273.7267761230469,327.2335205078125,52
Flickr8K/720208977_f44c2bba5b.jpg,/content/Image_captioning_Local/Flickr8K/Images/720208977_f44c2bba5b.jpg,dining table,0.4505552053451538,101.51730346679688,37.6784782409668,150.2584686279297,72.58417510986328,52
Flickr8K/720208977_f44c2bba5b.jpg,/content/Image_captioning_Local/Flickr8K/Images/720208977_f44c2bba5b.jpg,person,0.42966166138648987,150.53271484375,0.027214407920837402,175.84063720703125,57.133262634277344,52
Flickr8K/720208977_f44c2bba5b.jpg,/content/Image_captioning_Local/Flickr8K/Images/720208977_f44c2bba5b.jpg,bench,0.4150696098804474,444.01580810546875,60.404415130615234,478.2420959472656,94.99298095703125,52
Flickr8K/720208977_f44c2bba5b.jpg,/content/Image_captioning_Local/Flickr8K/Images/720208977_f44c2bba5b.jpg,chair,0.40737399458885193,62.266780853271484,46.36661148071289,98.775390625,70.99691772460938,52
Flickr8K/720208977_f44c2bba5b.jpg,/content/Image_captioning_Local/Flickr8K/Images/720208977_f44c2bba5b.jpg,person,0.39930441975593567,11.468207359313965,66.98863220214844,45.157493591308594,111.90420532226562,52
Flickr8K/720208977_f44c2bba5b.jpg,/content/Image_captioning_Local/Flickr8K/Images/720208977_f44c2bba5b.jpg,person,0.38418877124786377,408.15576171875,32.73931121826172,446.2511291503906,79.87191009521484,52
Flickr8K/720208977_f44c2bba5b.jpg,/content/Image_captioning_Local/Flickr8K/Images/720208977_f44c2bba5b.jpg,person,0.38386479020118713,52.64582443237305,25.373977661132812,80.01663208007812,66.00521087646484,52
Flickr8K/720208977_f44c2bba5b.jpg,/content/Image_captioning_Local/Flickr8K/Images/720208977_f44c2bba5b.jpg,chair,0.37836140394210815,15.29465389251709,45.90505599975586,53.62226867675781,71.57447052001953,52
Flickr8K/720208977_f44c2bba5b.jpg,/content/Image_captioning_Local/Flickr8K/Images/720208977_f44c2bba5b.jpg,person,0.3727816641330719,352.3570556640625,0.212410569190979,378.9702453613281,72.4651870727539,52
Flickr8K/720208977_f44c2bba5b.jpg,/content/Image_captioning_Local/Flickr8K/Images/720208977_f44c2bba5b.jpg,chair,0.3685378432273865,401.2602844238281,21.29927635192871,426.4327087402344,49.981285095214844,52
Flickr8K/720208977_f44c2bba5b.jpg,/content/Image_captioning_Local/Flickr8K/Images/720208977_f44c2bba5b.jpg,bench,0.3668709099292755,443.74285888671875,61.10810089111328,499.2962951660156,96.66665649414062,52
Flickr8K/720208977_f44c2bba5b.jpg,/content/Image_captioning_Local/Flickr8K/Images/720208977_f44c2bba5b.jpg,chair,0.3563084304332733,423.7771911621094,57.540863037109375,449.8063659667969,100.16726684570312,52
Flickr8K/720208977_f44c2bba5b.jpg,/content/Image_captioning_Local/Flickr8K/Images/720208977_f44c2bba5b.jpg,dining table,0.3473903238773346,364.338134765625,50.25701141357422,422.11029052734375,60.39141845703125,52
Flickr8K/720208977_f44c2bba5b.jpg,/content/Image_captioning_Local/Flickr8K/Images/720208977_f44c2bba5b.jpg,bench,0.34587302803993225,423.7771911621094,57.540863037109375,449.8063659667969,100.16726684570312,52
Flickr8K/720208977_f44c2bba5b.jpg,/content/Image_captioning_Local/Flickr8K/Images/720208977_f44c2bba5b.jpg,bench,0.33899033069610596,443.54180908203125,60.912010192871094,478.448486328125,95.0666275024414,52
Flickr8K/720208977_f44c2bba5b.jpg,/content/Image_captioning_Local/Flickr8K/Images/720208977_f44c2bba5b.jpg,person,0.3371388614177704,384.39044189453125,27.51002311706543,411.9115295410156,53.61203384399414,52
Flickr8K/720208977_f44c2bba5b.jpg,/content/Image_captioning_Local/Flickr8K/Images/720208977_f44c2bba5b.jpg,chair,0.3342922627925873,62.31582260131836,46.167442321777344,98.45076751708984,125.8939437866211,52
Flickr8K/720208977_f44c2bba5b.jpg,/content/Image_captioning_Local/Flickr8K/Images/720208977_f44c2bba5b.jpg,chair,0.3316318392753601,375.3426818847656,18.1950626373291,395.2796936035156,51.451332092285156,52
Flickr8K/720208977_f44c2bba5b.jpg,/content/Image_captioning_Local/Flickr8K/Images/720208977_f44c2bba5b.jpg,person,0.31801024079322815,442.1522216796875,31.50421905517578,466.5498352050781,93.58928680419922,52
Flickr8K/720208977_f44c2bba5b.jpg,/content/Image_captioning_Local/Flickr8K/Images/720208977_f44c2bba5b.jpg,chair,0.31429654359817505,189.6736602783203,22.93157958984375,222.4097900390625,93.17789459228516,52
Flickr8K/720208977_f44c2bba5b.jpg,/content/Image_captioning_Local/Flickr8K/Images/720208977_f44c2bba5b.jpg,person,0.31143245100975037,383.95623779296875,27.505277633666992,412.5704345703125,57.919593811035156,52
Flickr8K/720208977_f44c2bba5b.jpg,/content/Image_captioning_Local/Flickr8K/Images/720208977_f44c2bba5b.jpg,dining table,0.31129252910614014,364.16314697265625,51.096595764160156,398.79058837890625,59.81475067138672,52
Flickr8K/720208977_f44c2bba5b.jpg,/content/Image_captioning_Local/Flickr8K/Images/720208977_f44c2bba5b.jpg,person,0.3107417821884155,10.802699089050293,66.97700500488281,66.4370346069336,162.99435424804688,52
Flickr8K/720208977_f44c2bba5b.jpg,/content/Image_captioning_Local/Flickr8K/Images/720208977_f44c2bba5b.jpg,person,0.3101847469806671,17.627058029174805,21.182161331176758,46.09043884277344,52.6574592590332,52
Flickr8K/720208977_f44c2bba5b.jpg,/content/Image_captioning_Local/Flickr8K/Images/720208977_f44c2bba5b.jpg,person,0.3016749620437622,76.77932739257812,23.160324096679688,104.44302368164062,70.22085571289062,52
Flickr8K/720208977_f44c2bba5b.jpg,/content/Image_captioning_Local/Flickr8K/Images/720208977_f44c2bba5b.jpg,person,0.29994282126426697,436.2848815917969,0.008831977844238281,455.786376953125,36.15291213989258,52
Flickr8K/720208977_f44c2bba5b.jpg,/content/Image_captioning_Local/Flickr8K/Images/720208977_f44c2bba5b.jpg,bench,0.28654417395591736,101.51730346679688,37.6784782409668,150.2584686279297,72.58417510986328,52
Flickr8K/720208977_f44c2bba5b.jpg,/content/Image_captioning_Local/Flickr8K/Images/720208977_f44c2bba5b.jpg,person,0.282909095287323,239.47323608398438,81.86197662353516,280.8714599609375,193.8988494873047,52
Flickr8K/720208977_f44c2bba5b.jpg,/content/Image_captioning_Local/Flickr8K/Images/720208977_f44c2bba5b.jpg,person,0.279582679271698,11.170614242553711,66.5280532836914,75.16806030273438,157.41639709472656,52
Flickr8K/720208977_f44c2bba5b.jpg,/content/Image_captioning_Local/Flickr8K/Images/720208977_f44c2bba5b.jpg,dining table,0.27168193459510803,364.5601806640625,51.00494384765625,418.4429016113281,90.82939910888672,52
Flickr8K/720208977_f44c2bba5b.jpg,/content/Image_captioning_Local/Flickr8K/Images/720208977_f44c2bba5b.jpg,chair,0.269315242767334,189.66758728027344,44.54356002807617,219.84835815429688,93.47088623046875,52
Flickr8K/720208977_f44c2bba5b.jpg,/content/Image_captioning_Local/Flickr8K/Images/720208977_f44c2bba5b.jpg,person,0.2663517892360687,349.2788391113281,32.65093231201172,363.33636474609375,63.1640510559082,52
Flickr8K/720208977_f44c2bba5b.jpg,/content/Image_captioning_Local/Flickr8K/Images/720208977_f44c2bba5b.jpg,person,0.26531609892845154,332.6567077636719,34.430816650390625,348.9809265136719,61.40098190307617,52
Flickr8K/720208977_f44c2bba5b.jpg,/content/Image_captioning_Local/Flickr8K/Images/720208977_f44c2bba5b.jpg,chair,0.2634378671646118,475.17108154296875,15.646915435791016,499.2314453125,62.771270751953125,52
Flickr8K/720208977_f44c2bba5b.jpg,/content/Image_captioning_Local/Flickr8K/Images/720208977_f44c2bba5b.jpg,person,0.26270198822021484,460.1233825683594,-0.06803727149963379,482.5800476074219,55.942928314208984,52
Flickr8K/720208977_f44c2bba5b.jpg,/content/Image_captioning_Local/Flickr8K/Images/720208977_f44c2bba5b.jpg,person,0.26057058572769165,444.6766357421875,31.395448684692383,466.63092041015625,73.92532348632812,52
Flickr8K/720208977_f44c2bba5b.jpg,/content/Image_captioning_Local/Flickr8K/Images/720208977_f44c2bba5b.jpg,chair,0.25542211532592773,61.918251037597656,46.12390899658203,98.36415100097656,96.2728271484375,52
Flickr8K/720208977_f44c2bba5b.jpg,/content/Image_captioning_Local/Flickr8K/Images/720208977_f44c2bba5b.jpg,dining table,0.2532637417316437,364.43951416015625,51.21023941040039,421.52740478515625,122.164306640625,52
Flickr8K/720208977_f44c2bba5b.jpg,/content/Image_captioning_Local/Flickr8K/Images/720208977_f44c2bba5b.jpg,chair,0.2530551254749298,172.5442657470703,23.995567321777344,188.04833984375,45.759033203125,52
Flickr8K/720208977_f44c2bba5b.jpg,/content/Image_captioning_Local/Flickr8K/Images/720208977_f44c2bba5b.jpg,dining table,0.2520658075809479,103.44783020019531,37.318424224853516,150.08285522460938,44.739044189453125,52
Flickr8K/720208977_f44c2bba5b.jpg,/content/Image_captioning_Local/Flickr8K/Images/720208977_f44c2bba5b.jpg,chair,0.2514612674713135,475.4241943359375,31.945261001586914,498.85406494140625,62.702606201171875,52
Flickr8K/72218201_e0e9c7d65b.jpg,/content/Image_captioning_Local/Flickr8K/Images/72218201_e0e9c7d65b.jpg,person,0.9460189342498779,175.85568237304688,130.30850219726562,284.0242614746094,375.0666198730469,21
Flickr8K/72218201_e0e9c7d65b.jpg,/content/Image_captioning_Local/Flickr8K/Images/72218201_e0e9c7d65b.jpg,person,0.9427415132522583,49.45310592651367,156.1986541748047,159.12948608398438,374.7103271484375,21
Flickr8K/72218201_e0e9c7d65b.jpg,/content/Image_captioning_Local/Flickr8K/Images/72218201_e0e9c7d65b.jpg,person,0.9201725721359253,0.027529895305633545,131.018310546875,52.1161994934082,310.7311096191406,21
Flickr8K/72218201_e0e9c7d65b.jpg,/content/Image_captioning_Local/Flickr8K/Images/72218201_e0e9c7d65b.jpg,person,0.903144359588623,127.57119750976562,134.10093688964844,192.18898010253906,321.398193359375,21
Flickr8K/72218201_e0e9c7d65b.jpg,/content/Image_captioning_Local/Flickr8K/Images/72218201_e0e9c7d65b.jpg,person,0.8513776063919067,110.61492156982422,110.90973663330078,134.16448974609375,176.7447052001953,21
Flickr8K/72218201_e0e9c7d65b.jpg,/content/Image_captioning_Local/Flickr8K/Images/72218201_e0e9c7d65b.jpg,person,0.7942282557487488,216.75498962402344,108.16215515136719,237.88816833496094,159.91001892089844,21
Flickr8K/72218201_e0e9c7d65b.jpg,/content/Image_captioning_Local/Flickr8K/Images/72218201_e0e9c7d65b.jpg,person,0.7261291742324829,164.8404083251953,116.28658294677734,183.21998596191406,169.5863037109375,21
Flickr8K/72218201_e0e9c7d65b.jpg,/content/Image_captioning_Local/Flickr8K/Images/72218201_e0e9c7d65b.jpg,person,0.7030932903289795,90.4657974243164,114.16753387451172,108.68743133544922,158.64280700683594,21
Flickr8K/72218201_e0e9c7d65b.jpg,/content/Image_captioning_Local/Flickr8K/Images/72218201_e0e9c7d65b.jpg,person,0.6504719853401184,54.748939514160156,125.70568084716797,101.345703125,299.36376953125,21
Flickr8K/72218201_e0e9c7d65b.jpg,/content/Image_captioning_Local/Flickr8K/Images/72218201_e0e9c7d65b.jpg,person,0.5269273519515991,137.2793731689453,113.91258239746094,155.53916931152344,168.8917236328125,21
Flickr8K/72218201_e0e9c7d65b.jpg,/content/Image_captioning_Local/Flickr8K/Images/72218201_e0e9c7d65b.jpg,person,0.47995641827583313,48.92985153198242,112.22992706298828,70.45471954345703,168.16062927246094,21
Flickr8K/72218201_e0e9c7d65b.jpg,/content/Image_captioning_Local/Flickr8K/Images/72218201_e0e9c7d65b.jpg,person,0.46418169140815735,136.15017700195312,113.30911254882812,155.6761932373047,169.2518768310547,21
Flickr8K/72218201_e0e9c7d65b.jpg,/content/Image_captioning_Local/Flickr8K/Images/72218201_e0e9c7d65b.jpg,person,0.38617292046546936,58.85390090942383,126.06470489501953,101.51190185546875,213.8737335205078,21
Flickr8K/72218201_e0e9c7d65b.jpg,/content/Image_captioning_Local/Flickr8K/Images/72218201_e0e9c7d65b.jpg,person,0.36145880818367004,142.2473907470703,114.16734313964844,155.5839080810547,145.81341552734375,21
Flickr8K/72218201_e0e9c7d65b.jpg,/content/Image_captioning_Local/Flickr8K/Images/72218201_e0e9c7d65b.jpg,person,0.3521661162376404,49.53327178955078,112.3156509399414,69.32758331298828,151.81478881835938,21
Flickr8K/72218201_e0e9c7d65b.jpg,/content/Image_captioning_Local/Flickr8K/Images/72218201_e0e9c7d65b.jpg,person,0.3458811342716217,133.15855407714844,108.67935180664062,147.1249237060547,143.23895263671875,21
Flickr8K/72218201_e0e9c7d65b.jpg,/content/Image_captioning_Local/Flickr8K/Images/72218201_e0e9c7d65b.jpg,person,0.30281320214271545,132.97714233398438,108.82764434814453,147.4276580810547,169.99209594726562,21
Flickr8K/72218201_e0e9c7d65b.jpg,/content/Image_captioning_Local/Flickr8K/Images/72218201_e0e9c7d65b.jpg,person,0.3017064332962036,132.9232635498047,108.86750793457031,147.42649841308594,170.0964813232422,21
Flickr8K/72218201_e0e9c7d65b.jpg,/content/Image_captioning_Local/Flickr8K/Images/72218201_e0e9c7d65b.jpg,person,0.28641626238822937,84.8989028930664,116.6983413696289,94.61593627929688,152.58145141601562,21
Flickr8K/72218201_e0e9c7d65b.jpg,/content/Image_captioning_Local/Flickr8K/Images/72218201_e0e9c7d65b.jpg,person,0.2727290689945221,1.3329740762710571,104.5254135131836,16.80548095703125,159.27516174316406,21
Flickr8K/72218201_e0e9c7d65b.jpg,/content/Image_captioning_Local/Flickr8K/Images/72218201_e0e9c7d65b.jpg,person,0.2635449171066284,1.5868669748306274,104.60877990722656,17.01531982421875,143.5496063232422,21
Flickr8K/724702877_f2a938766b.jpg,/content/Image_captioning_Local/Flickr8K/Images/724702877_f2a938766b.jpg,dog,0.9499250054359436,111.13520050048828,39.52909851074219,265.65911865234375,423.6770935058594,2
Flickr8K/724702877_f2a938766b.jpg,/content/Image_captioning_Local/Flickr8K/Images/724702877_f2a938766b.jpg,sports ball,0.9225761890411377,191.3057403564453,36.017181396484375,232.9824981689453,77.69771575927734,2
Flickr8K/72964268_d532bb8ec7.jpg,/content/Image_captioning_Local/Flickr8K/Images/72964268_d532bb8ec7.jpg,surfboard,0.9557754397392273,34.5315055847168,130.96127319335938,320.41510009765625,234.83860778808594,2
Flickr8K/72964268_d532bb8ec7.jpg,/content/Image_captioning_Local/Flickr8K/Images/72964268_d532bb8ec7.jpg,person,0.9002557396888733,37.376949310302734,45.441314697265625,198.5538330078125,327.9400329589844,2
Flickr8K/732468337_a37075225e.jpg,/content/Image_captioning_Local/Flickr8K/Images/732468337_a37075225e.jpg,person,0.9726611375808716,132.18344116210938,17.619630813598633,481.09893798828125,469.2937316894531,4
Flickr8K/732468337_a37075225e.jpg,/content/Image_captioning_Local/Flickr8K/Images/732468337_a37075225e.jpg,person,0.9289782643318176,12.020729064941406,90.08268737792969,257.906982421875,435.7765808105469,4
Flickr8K/732468337_a37075225e.jpg,/content/Image_captioning_Local/Flickr8K/Images/732468337_a37075225e.jpg,bowl,0.8071008324623108,133.2545623779297,294.6964416503906,255.8380889892578,384.4618225097656,4
Flickr8K/732468337_a37075225e.jpg,/content/Image_captioning_Local/Flickr8K/Images/732468337_a37075225e.jpg,sink,0.37836453318595886,159.17959594726562,87.03040313720703,236.45689392089844,141.4711456298828,4
Flickr8K/733172023_5810350af6.jpg,/content/Image_captioning_Local/Flickr8K/Images/733172023_5810350af6.jpg,person,0.9277872443199158,17.86652183532715,215.1179656982422,78.3895263671875,427.8361511230469,33
Flickr8K/733172023_5810350af6.jpg,/content/Image_captioning_Local/Flickr8K/Images/733172023_5810350af6.jpg,chair,0.8657365441322327,56.44387435913086,361.3473205566406,148.04025268554688,499.5885009765625,33
Flickr8K/733172023_5810350af6.jpg,/content/Image_captioning_Local/Flickr8K/Images/733172023_5810350af6.jpg,chair,0.7750769257545471,72.3201904296875,340.1683349609375,149.60232543945312,364.6541442871094,33
Flickr8K/733172023_5810350af6.jpg,/content/Image_captioning_Local/Flickr8K/Images/733172023_5810350af6.jpg,chair,0.6591713428497314,90.52111053466797,323.02032470703125,148.22865295410156,343.16571044921875,33
Flickr8K/733172023_5810350af6.jpg,/content/Image_captioning_Local/Flickr8K/Images/733172023_5810350af6.jpg,chair,0.49355679750442505,90.36581420898438,323.5776062011719,129.81289672851562,343.61376953125,33
Flickr8K/733172023_5810350af6.jpg,/content/Image_captioning_Local/Flickr8K/Images/733172023_5810350af6.jpg,chair,0.46467119455337524,157.74957275390625,339.69317626953125,173.33180236816406,368.38323974609375,33
Flickr8K/733172023_5810350af6.jpg,/content/Image_captioning_Local/Flickr8K/Images/733172023_5810350af6.jpg,chair,0.431146502494812,66.86182403564453,296.2987976074219,110.56672668457031,314.7575988769531,33
Flickr8K/733172023_5810350af6.jpg,/content/Image_captioning_Local/Flickr8K/Images/733172023_5810350af6.jpg,person,0.4303537607192993,223.5836944580078,224.97398376464844,243.33946228027344,341.2263488769531,33
Flickr8K/733172023_5810350af6.jpg,/content/Image_captioning_Local/Flickr8K/Images/733172023_5810350af6.jpg,chair,0.39974313974380493,67.03507232666016,304.9872741699219,114.09737396240234,319.8344421386719,33
Flickr8K/733172023_5810350af6.jpg,/content/Image_captioning_Local/Flickr8K/Images/733172023_5810350af6.jpg,car,0.39838093519210815,66.55294036865234,233.1069793701172,88.7870101928711,273.5524597167969,33
Flickr8K/733172023_5810350af6.jpg,/content/Image_captioning_Local/Flickr8K/Images/733172023_5810350af6.jpg,chair,0.38077324628829956,116.9117431640625,323.59320068359375,148.45606994628906,342.0702209472656,33
Flickr8K/733172023_5810350af6.jpg,/content/Image_captioning_Local/Flickr8K/Images/733172023_5810350af6.jpg,potted plant,0.3738308250904083,4.9127116203308105,-0.2542063593864441,247.59324645996094,87.94390869140625,33
Flickr8K/733172023_5810350af6.jpg,/content/Image_captioning_Local/Flickr8K/Images/733172023_5810350af6.jpg,dining table,0.36232006549835205,134.95892333984375,362.0477600097656,168.1438446044922,377.85736083984375,33
Flickr8K/733172023_5810350af6.jpg,/content/Image_captioning_Local/Flickr8K/Images/733172023_5810350af6.jpg,chair,0.3545600175857544,64.1058120727539,307.0340576171875,114.25433349609375,336.9900207519531,33
Flickr8K/733172023_5810350af6.jpg,/content/Image_captioning_Local/Flickr8K/Images/733172023_5810350af6.jpg,chair,0.3507636487483978,67.06009674072266,305.27764892578125,114.03372192382812,318.8299560546875,33
Flickr8K/733172023_5810350af6.jpg,/content/Image_captioning_Local/Flickr8K/Images/733172023_5810350af6.jpg,car,0.3245807886123657,145.206787109375,213.3741912841797,173.21649169921875,248.17820739746094,33
Flickr8K/733172023_5810350af6.jpg,/content/Image_captioning_Local/Flickr8K/Images/733172023_5810350af6.jpg,chair,0.3189481794834137,204.40426635742188,274.24566650390625,234.98605346679688,318.62908935546875,33
Flickr8K/733172023_5810350af6.jpg,/content/Image_captioning_Local/Flickr8K/Images/733172023_5810350af6.jpg,chair,0.30487963557243347,201.1958770751953,318.988525390625,240.36854553222656,400.76055908203125,33
Flickr8K/733172023_5810350af6.jpg,/content/Image_captioning_Local/Flickr8K/Images/733172023_5810350af6.jpg,chair,0.29914116859436035,202.0880584716797,318.4571838378906,240.15696716308594,364.96478271484375,33
Flickr8K/733172023_5810350af6.jpg,/content/Image_captioning_Local/Flickr8K/Images/733172023_5810350af6.jpg,chair,0.29582953453063965,157.23692321777344,339.69940185546875,173.6845245361328,392.3533020019531,33
Flickr8K/733172023_5810350af6.jpg,/content/Image_captioning_Local/Flickr8K/Images/733172023_5810350af6.jpg,dining table,0.2954431474208832,63.18656921386719,360.0233459472656,168.31045532226562,377.73284912109375,33
Flickr8K/733172023_5810350af6.jpg,/content/Image_captioning_Local/Flickr8K/Images/733172023_5810350af6.jpg,chair,0.29381391406059265,203.90106201171875,318.0958251953125,224.16134643554688,336.8760681152344,33
Flickr8K/733172023_5810350af6.jpg,/content/Image_captioning_Local/Flickr8K/Images/733172023_5810350af6.jpg,chair,0.29205816984176636,63.8603515625,316.849853515625,95.07272338867188,338.64422607421875,33
Flickr8K/733172023_5810350af6.jpg,/content/Image_captioning_Local/Flickr8K/Images/733172023_5810350af6.jpg,chair,0.2916758954524994,71.27863311767578,340.0292663574219,150.29017639160156,424.8549499511719,33
Flickr8K/733172023_5810350af6.jpg,/content/Image_captioning_Local/Flickr8K/Images/733172023_5810350af6.jpg,car,0.2903558909893036,66.67447662353516,233.13363647460938,88.53089904785156,255.64488220214844,33
Flickr8K/733172023_5810350af6.jpg,/content/Image_captioning_Local/Flickr8K/Images/733172023_5810350af6.jpg,dining table,0.2894684374332428,42.06188201904297,359.659912109375,168.91465759277344,497.7331237792969,33
Flickr8K/733172023_5810350af6.jpg,/content/Image_captioning_Local/Flickr8K/Images/733172023_5810350af6.jpg,chair,0.2881753742694855,203.0857391357422,318.10504150390625,239.7762908935547,344.2829895019531,33
Flickr8K/733172023_5810350af6.jpg,/content/Image_captioning_Local/Flickr8K/Images/733172023_5810350af6.jpg,chair,0.2828688323497772,203.31240844726562,318.38226318359375,224.04502868652344,342.2791442871094,33
Flickr8K/733172023_5810350af6.jpg,/content/Image_captioning_Local/Flickr8K/Images/733172023_5810350af6.jpg,chair,0.281620055437088,201.31884765625,337.7472229003906,240.17127990722656,399.15264892578125,33
Flickr8K/733172023_5810350af6.jpg,/content/Image_captioning_Local/Flickr8K/Images/733172023_5810350af6.jpg,chair,0.28088101744651794,71.51946258544922,339.58416748046875,167.8845977783203,389.1573486328125,33
Flickr8K/733172023_5810350af6.jpg,/content/Image_captioning_Local/Flickr8K/Images/733172023_5810350af6.jpg,chair,0.2728617787361145,202.32533264160156,336.3412170410156,240.1672821044922,365.7972717285156,33
Flickr8K/733172023_5810350af6.jpg,/content/Image_captioning_Local/Flickr8K/Images/733172023_5810350af6.jpg,dining table,0.2669545114040375,41.83622360229492,360.1902160644531,168.8677215576172,453.84259033203125,33
Flickr8K/733172023_5810350af6.jpg,/content/Image_captioning_Local/Flickr8K/Images/733172023_5810350af6.jpg,chair,0.26494982838630676,70.52037048339844,340.4299011230469,167.9261932373047,468.95361328125,33
Flickr8K/733752482_ee01a419e5.jpg,/content/Image_captioning_Local/Flickr8K/Images/733752482_ee01a419e5.jpg,dog,0.9675649404525757,169.62307739257812,-0.21757757663726807,441.47528076171875,332.7701416015625,1
Flickr8K/733964952_69f011a6c4.jpg,/content/Image_captioning_Local/Flickr8K/Images/733964952_69f011a6c4.jpg,person,0.9603419303894043,234.2906036376953,6.352834224700928,413.9391174316406,283.9760437011719,28
Flickr8K/733964952_69f011a6c4.jpg,/content/Image_captioning_Local/Flickr8K/Images/733964952_69f011a6c4.jpg,chair,0.9363338947296143,16.35297393798828,31.21484375,194.86204528808594,290.6384582519531,28
Flickr8K/733964952_69f011a6c4.jpg,/content/Image_captioning_Local/Flickr8K/Images/733964952_69f011a6c4.jpg,person,0.8799870014190674,171.65850830078125,0.1933034509420395,254.14085388183594,144.75453186035156,28
Flickr8K/733964952_69f011a6c4.jpg,/content/Image_captioning_Local/Flickr8K/Images/733964952_69f011a6c4.jpg,person,0.8646645545959473,277.3125915527344,0.0971909612417221,329.55401611328125,89.59346771240234,28
Flickr8K/733964952_69f011a6c4.jpg,/content/Image_captioning_Local/Flickr8K/Images/733964952_69f011a6c4.jpg,handbag,0.8404901623725891,194.64273071289062,30.33248519897461,236.12110900878906,80.73214721679688,28
Flickr8K/733964952_69f011a6c4.jpg,/content/Image_captioning_Local/Flickr8K/Images/733964952_69f011a6c4.jpg,potted plant,0.7092565298080444,397.7831115722656,-0.48626214265823364,499.8226623535156,225.90333557128906,28
Flickr8K/733964952_69f011a6c4.jpg,/content/Image_captioning_Local/Flickr8K/Images/733964952_69f011a6c4.jpg,person,0.6865333318710327,30.46483612060547,-0.08134357631206512,87.48737335205078,51.06632614135742,28
Flickr8K/733964952_69f011a6c4.jpg,/content/Image_captioning_Local/Flickr8K/Images/733964952_69f011a6c4.jpg,person,0.6860244274139404,116.16453552246094,-0.19892212748527527,165.68862915039062,92.52576446533203,28
Flickr8K/733964952_69f011a6c4.jpg,/content/Image_captioning_Local/Flickr8K/Images/733964952_69f011a6c4.jpg,person,0.5567222833633423,-0.08522067219018936,-0.05854479968547821,20.258054733276367,77.8574447631836,28
Flickr8K/733964952_69f011a6c4.jpg,/content/Image_captioning_Local/Flickr8K/Images/733964952_69f011a6c4.jpg,suitcase,0.5482791662216187,200.72146606445312,177.17138671875,279.7088928222656,270.4305419921875,28
Flickr8K/733964952_69f011a6c4.jpg,/content/Image_captioning_Local/Flickr8K/Images/733964952_69f011a6c4.jpg,chair,0.48739781975746155,340.76422119140625,134.5215301513672,430.39739990234375,276.1316833496094,28
Flickr8K/733964952_69f011a6c4.jpg,/content/Image_captioning_Local/Flickr8K/Images/733964952_69f011a6c4.jpg,person,0.4536229968070984,0.1845676451921463,-0.20884349942207336,45.96397399902344,77.69775390625,28
Flickr8K/733964952_69f011a6c4.jpg,/content/Image_captioning_Local/Flickr8K/Images/733964952_69f011a6c4.jpg,person,0.42845723032951355,6.783779621124268,-0.020957551896572113,46.26092529296875,46.412349700927734,28
Flickr8K/733964952_69f011a6c4.jpg,/content/Image_captioning_Local/Flickr8K/Images/733964952_69f011a6c4.jpg,chair,0.40291640162467957,116.50383758544922,46.94658279418945,177.8141632080078,94.04231262207031,28
Flickr8K/733964952_69f011a6c4.jpg,/content/Image_captioning_Local/Flickr8K/Images/733964952_69f011a6c4.jpg,person,0.385360449552536,149.61114501953125,-0.40961241722106934,184.08560180664062,94.98182678222656,28
Flickr8K/733964952_69f011a6c4.jpg,/content/Image_captioning_Local/Flickr8K/Images/733964952_69f011a6c4.jpg,handbag,0.3533111810684204,24.871679306030273,-0.1343863606452942,61.78434371948242,12.863883018493652,28
Flickr8K/733964952_69f011a6c4.jpg,/content/Image_captioning_Local/Flickr8K/Images/733964952_69f011a6c4.jpg,sandwich,0.3258799612522125,361.7562561035156,269.7477722167969,404.3670959472656,337.02996826171875,28
Flickr8K/733964952_69f011a6c4.jpg,/content/Image_captioning_Local/Flickr8K/Images/733964952_69f011a6c4.jpg,sandwich,0.31836366653442383,329.7179870605469,278.99761962890625,365.351806640625,342.53167724609375,28
Flickr8K/733964952_69f011a6c4.jpg,/content/Image_captioning_Local/Flickr8K/Images/733964952_69f011a6c4.jpg,person,0.3156264126300812,428.91168212890625,212.63900756835938,500.2118835449219,322.1296691894531,28
Flickr8K/733964952_69f011a6c4.jpg,/content/Image_captioning_Local/Flickr8K/Images/733964952_69f011a6c4.jpg,chair,0.306618869304657,104.29264831542969,46.877113342285156,177.6415252685547,94.18523406982422,28
Flickr8K/733964952_69f011a6c4.jpg,/content/Image_captioning_Local/Flickr8K/Images/733964952_69f011a6c4.jpg,bench,0.2978666126728058,340.76422119140625,134.5215301513672,430.39739990234375,276.1316833496094,28
Flickr8K/733964952_69f011a6c4.jpg,/content/Image_captioning_Local/Flickr8K/Images/733964952_69f011a6c4.jpg,person,0.2891680896282196,148.6798553466797,-0.0984538346529007,195.2649688720703,95.6014404296875,28
Flickr8K/733964952_69f011a6c4.jpg,/content/Image_captioning_Local/Flickr8K/Images/733964952_69f011a6c4.jpg,person,0.28457531332969666,479.9897155761719,232.52110290527344,499.97998046875,316.9244384765625,28
Flickr8K/733964952_69f011a6c4.jpg,/content/Image_captioning_Local/Flickr8K/Images/733964952_69f011a6c4.jpg,backpack,0.28251418471336365,383.896240234375,224.81381225585938,453.152587890625,298.6998291015625,28
Flickr8K/733964952_69f011a6c4.jpg,/content/Image_captioning_Local/Flickr8K/Images/733964952_69f011a6c4.jpg,person,0.27152156829833984,450.3388671875,220.00621032714844,499.6484069824219,321.7958068847656,28
Flickr8K/733964952_69f011a6c4.jpg,/content/Image_captioning_Local/Flickr8K/Images/733964952_69f011a6c4.jpg,person,0.2700077295303345,150.74522399902344,-0.18204934895038605,182.4543914794922,56.58961486816406,28
Flickr8K/733964952_69f011a6c4.jpg,/content/Image_captioning_Local/Flickr8K/Images/733964952_69f011a6c4.jpg,potted plant,0.26056721806526184,399.3338623046875,-0.10574609041213989,500.1473388671875,322.691650390625,28
Flickr8K/733964952_69f011a6c4.jpg,/content/Image_captioning_Local/Flickr8K/Images/733964952_69f011a6c4.jpg,handbag,0.2530655264854431,300.1155090332031,228.79090881347656,346.8468933105469,285.0732116699219,28
Flickr8K/733965014_1a0b2b5ee9.jpg,/content/Image_captioning_Local/Flickr8K/Images/733965014_1a0b2b5ee9.jpg,bench,0.9017940163612366,344.8522033691406,25.79250144958496,432.0049743652344,52.26884460449219,6
Flickr8K/733965014_1a0b2b5ee9.jpg,/content/Image_captioning_Local/Flickr8K/Images/733965014_1a0b2b5ee9.jpg,person,0.8781191110610962,100.3590087890625,148.88182067871094,261.8011169433594,259.3741149902344,6
Flickr8K/733965014_1a0b2b5ee9.jpg,/content/Image_captioning_Local/Flickr8K/Images/733965014_1a0b2b5ee9.jpg,person,0.6733137369155884,450.5599670410156,86.7460708618164,500.0679626464844,109.93993377685547,6
Flickr8K/733965014_1a0b2b5ee9.jpg,/content/Image_captioning_Local/Flickr8K/Images/733965014_1a0b2b5ee9.jpg,backpack,0.6240292191505432,283.14129638671875,202.2310333251953,393.968017578125,231.57827758789062,6
Flickr8K/733965014_1a0b2b5ee9.jpg,/content/Image_captioning_Local/Flickr8K/Images/733965014_1a0b2b5ee9.jpg,backpack,0.5084099173545837,368.23455810546875,181.70059204101562,469.49365234375,228.9617462158203,6
Flickr8K/733965014_1a0b2b5ee9.jpg,/content/Image_captioning_Local/Flickr8K/Images/733965014_1a0b2b5ee9.jpg,handbag,0.2723345160484314,368.0536193847656,181.6986083984375,469.5752868652344,229.04714965820312,6
Flickr8K/735787579_617b047319.jpg,/content/Image_captioning_Local/Flickr8K/Images/735787579_617b047319.jpg,person,0.942487895488739,0.9347833395004272,0.12709888815879822,67.92083740234375,171.35574340820312,15
Flickr8K/735787579_617b047319.jpg,/content/Image_captioning_Local/Flickr8K/Images/735787579_617b047319.jpg,person,0.9354046583175659,357.6605224609375,0.09349067509174347,430.5404357910156,129.91065979003906,15
Flickr8K/735787579_617b047319.jpg,/content/Image_captioning_Local/Flickr8K/Images/735787579_617b047319.jpg,person,0.9348183274269104,105.24942779541016,0.20588193833827972,163.33567810058594,133.06703186035156,15
Flickr8K/735787579_617b047319.jpg,/content/Image_captioning_Local/Flickr8K/Images/735787579_617b047319.jpg,chair,0.8971547484397888,200.50527954101562,37.478614807128906,251.6178741455078,119.45581817626953,15
Flickr8K/735787579_617b047319.jpg,/content/Image_captioning_Local/Flickr8K/Images/735787579_617b047319.jpg,baseball bat,0.8717741966247559,212.7838592529297,159.30337524414062,290.3493957519531,197.1919708251953,15
Flickr8K/735787579_617b047319.jpg,/content/Image_captioning_Local/Flickr8K/Images/735787579_617b047319.jpg,person,0.8507607579231262,266.3681335449219,115.9233169555664,375.7667236328125,332.08978271484375,15
Flickr8K/735787579_617b047319.jpg,/content/Image_captioning_Local/Flickr8K/Images/735787579_617b047319.jpg,person,0.8390945792198181,46.95047378540039,15.768856048583984,81.41736602783203,133.07078552246094,15
Flickr8K/735787579_617b047319.jpg,/content/Image_captioning_Local/Flickr8K/Images/735787579_617b047319.jpg,kite,0.8308789730072021,131.0084228515625,51.902854919433594,243.699462890625,188.65846252441406,15
Flickr8K/735787579_617b047319.jpg,/content/Image_captioning_Local/Flickr8K/Images/735787579_617b047319.jpg,chair,0.7808183431625366,0.16033463180065155,109.33756256103516,28.858909606933594,197.25155639648438,15
Flickr8K/735787579_617b047319.jpg,/content/Image_captioning_Local/Flickr8K/Images/735787579_617b047319.jpg,person,0.7674315571784973,262.7137451171875,75.51457977294922,388.28564453125,327.9569396972656,15
Flickr8K/735787579_617b047319.jpg,/content/Image_captioning_Local/Flickr8K/Images/735787579_617b047319.jpg,chair,0.5270650386810303,160.8370361328125,44.60194778442383,181.4819793701172,55.56497573852539,15
Flickr8K/735787579_617b047319.jpg,/content/Image_captioning_Local/Flickr8K/Images/735787579_617b047319.jpg,chair,0.45202210545539856,67.58390045166016,66.56075286865234,83.38558959960938,124.68138122558594,15
Flickr8K/735787579_617b047319.jpg,/content/Image_captioning_Local/Flickr8K/Images/735787579_617b047319.jpg,person,0.3864331543445587,265.6518249511719,75.10104370117188,401.52532958984375,299.5113220214844,15
Flickr8K/735787579_617b047319.jpg,/content/Image_captioning_Local/Flickr8K/Images/735787579_617b047319.jpg,chair,0.34143343567848206,67.37102508544922,47.94517135620117,83.98616027832031,124.3694839477539,15
Flickr8K/735787579_617b047319.jpg,/content/Image_captioning_Local/Flickr8K/Images/735787579_617b047319.jpg,sports ball,0.2793516218662262,212.84295654296875,160.1292724609375,228.55197143554688,177.6086883544922,15
Flickr8K/742073622_1206be8f7f.jpg,/content/Image_captioning_Local/Flickr8K/Images/742073622_1206be8f7f.jpg,person,0.9505906701087952,1.55940842628479,74.97493743896484,45.87038040161133,167.44154357910156,39
Flickr8K/742073622_1206be8f7f.jpg,/content/Image_captioning_Local/Flickr8K/Images/742073622_1206be8f7f.jpg,person,0.9321081638336182,207.6077117919922,126.69124603271484,290.8165588378906,321.2769775390625,39
Flickr8K/742073622_1206be8f7f.jpg,/content/Image_captioning_Local/Flickr8K/Images/742073622_1206be8f7f.jpg,person,0.8978838324546814,301.517578125,61.30034637451172,323.8529968261719,149.08441162109375,39
Flickr8K/742073622_1206be8f7f.jpg,/content/Image_captioning_Local/Flickr8K/Images/742073622_1206be8f7f.jpg,person,0.8751632571220398,392.3893737792969,57.49451446533203,417.18426513671875,136.77767944335938,39
Flickr8K/742073622_1206be8f7f.jpg,/content/Image_captioning_Local/Flickr8K/Images/742073622_1206be8f7f.jpg,person,0.8678781390190125,348.9483642578125,57.29997634887695,378.5973205566406,118.14733123779297,39
Flickr8K/742073622_1206be8f7f.jpg,/content/Image_captioning_Local/Flickr8K/Images/742073622_1206be8f7f.jpg,person,0.8553156852722168,56.675148010253906,103.49298858642578,80.44229125976562,156.88047790527344,39
Flickr8K/742073622_1206be8f7f.jpg,/content/Image_captioning_Local/Flickr8K/Images/742073622_1206be8f7f.jpg,chair,0.8443215489387512,329.1632080078125,101.25791931152344,360.7057189941406,152.7063751220703,39
Flickr8K/742073622_1206be8f7f.jpg,/content/Image_captioning_Local/Flickr8K/Images/742073622_1206be8f7f.jpg,person,0.8303611278533936,102.40396881103516,130.84303283691406,136.97268676757812,169.42303466796875,39
Flickr8K/742073622_1206be8f7f.jpg,/content/Image_captioning_Local/Flickr8K/Images/742073622_1206be8f7f.jpg,person,0.8044782280921936,192.0650634765625,96.80477142333984,218.17410278320312,138.61900329589844,39
Flickr8K/742073622_1206be8f7f.jpg,/content/Image_captioning_Local/Flickr8K/Images/742073622_1206be8f7f.jpg,chair,0.7954464554786682,83.2070541381836,116.12786102294922,115.1888198852539,154.8070831298828,39
Flickr8K/742073622_1206be8f7f.jpg,/content/Image_captioning_Local/Flickr8K/Images/742073622_1206be8f7f.jpg,person,0.789206326007843,129.31039428710938,131.34605407714844,167.6946563720703,170.22293090820312,39
Flickr8K/742073622_1206be8f7f.jpg,/content/Image_captioning_Local/Flickr8K/Images/742073622_1206be8f7f.jpg,chair,0.7817178964614868,361.625,98.43147277832031,398.4512939453125,142.6713409423828,39
Flickr8K/742073622_1206be8f7f.jpg,/content/Image_captioning_Local/Flickr8K/Images/742073622_1206be8f7f.jpg,chair,0.626423716545105,239.9781036376953,103.2426986694336,264.7412109375,132.02069091796875,39
Flickr8K/742073622_1206be8f7f.jpg,/content/Image_captioning_Local/Flickr8K/Images/742073622_1206be8f7f.jpg,chair,0.6245578527450562,152.70758056640625,105.79454803466797,187.06166076660156,148.47792053222656,39
Flickr8K/742073622_1206be8f7f.jpg,/content/Image_captioning_Local/Flickr8K/Images/742073622_1206be8f7f.jpg,person,0.5746970176696777,38.164207458496094,104.25901794433594,58.340087890625,156.68377685546875,39
Flickr8K/742073622_1206be8f7f.jpg,/content/Image_captioning_Local/Flickr8K/Images/742073622_1206be8f7f.jpg,person,0.5364459156990051,255.640380859375,92.8570785522461,268.8429260253906,104.80880737304688,39
Flickr8K/742073622_1206be8f7f.jpg,/content/Image_captioning_Local/Flickr8K/Images/742073622_1206be8f7f.jpg,person,0.49681323766708374,85.00086212158203,103.91643524169922,103.80753326416016,135.56668090820312,39
Flickr8K/742073622_1206be8f7f.jpg,/content/Image_captioning_Local/Flickr8K/Images/742073622_1206be8f7f.jpg,chair,0.4871966242790222,182.8885955810547,106.38410949707031,195.25193786621094,127.69794464111328,39
Flickr8K/742073622_1206be8f7f.jpg,/content/Image_captioning_Local/Flickr8K/Images/742073622_1206be8f7f.jpg,person,0.45498526096343994,296.12750244140625,92.78668212890625,306.6187438964844,117.18669891357422,39
Flickr8K/742073622_1206be8f7f.jpg,/content/Image_captioning_Local/Flickr8K/Images/742073622_1206be8f7f.jpg,person,0.4541369080543518,71.82294464111328,103.89205932617188,87.49761962890625,126.83674621582031,39
Flickr8K/742073622_1206be8f7f.jpg,/content/Image_captioning_Local/Flickr8K/Images/742073622_1206be8f7f.jpg,chair,0.42977526783943176,40.611392974853516,118.44315338134766,59.95547866821289,157.01193237304688,39
Flickr8K/742073622_1206be8f7f.jpg,/content/Image_captioning_Local/Flickr8K/Images/742073622_1206be8f7f.jpg,chair,0.41623619198799133,43.34254837036133,128.5160369873047,59.3856086730957,157.17355346679688,39
Flickr8K/742073622_1206be8f7f.jpg,/content/Image_captioning_Local/Flickr8K/Images/742073622_1206be8f7f.jpg,person,0.4083843529224396,31.041732788085938,109.80182647705078,47.40127944946289,157.6874542236328,39
Flickr8K/742073622_1206be8f7f.jpg,/content/Image_captioning_Local/Flickr8K/Images/742073622_1206be8f7f.jpg,chair,0.3837510049343109,239.85537719726562,103.45816802978516,283.8103332519531,163.78172302246094,39
Flickr8K/742073622_1206be8f7f.jpg,/content/Image_captioning_Local/Flickr8K/Images/742073622_1206be8f7f.jpg,chair,0.36269646883010864,262.46893310546875,104.11803436279297,299.41064453125,148.16627502441406,39
Flickr8K/742073622_1206be8f7f.jpg,/content/Image_captioning_Local/Flickr8K/Images/742073622_1206be8f7f.jpg,chair,0.3489760756492615,182.92710876464844,106.12873077392578,194.84048461914062,122.85150146484375,39
Flickr8K/742073622_1206be8f7f.jpg,/content/Image_captioning_Local/Flickr8K/Images/742073622_1206be8f7f.jpg,chair,0.3409597873687744,187.1269989013672,119.07637023925781,216.03089904785156,151.7591552734375,39
Flickr8K/742073622_1206be8f7f.jpg,/content/Image_captioning_Local/Flickr8K/Images/742073622_1206be8f7f.jpg,person,0.32978278398513794,31.191938400268555,110.01998138427734,41.692771911621094,128.44476318359375,39
Flickr8K/742073622_1206be8f7f.jpg,/content/Image_captioning_Local/Flickr8K/Images/742073622_1206be8f7f.jpg,chair,0.32605189085006714,179.23817443847656,106.63155364990234,198.3181610107422,148.4447784423828,39
Flickr8K/742073622_1206be8f7f.jpg,/content/Image_captioning_Local/Flickr8K/Images/742073622_1206be8f7f.jpg,person,0.3209453225135803,71.03551483154297,103.61614990234375,87.89446258544922,153.80032348632812,39
Flickr8K/742073622_1206be8f7f.jpg,/content/Image_captioning_Local/Flickr8K/Images/742073622_1206be8f7f.jpg,person,0.3174474239349365,40.836360931396484,104.36002349853516,56.06062316894531,130.53565979003906,39
Flickr8K/742073622_1206be8f7f.jpg,/content/Image_captioning_Local/Flickr8K/Images/742073622_1206be8f7f.jpg,chair,0.3104037642478943,283.6358337402344,106.02581024169922,314.6108093261719,144.11744689941406,39
Flickr8K/742073622_1206be8f7f.jpg,/content/Image_captioning_Local/Flickr8K/Images/742073622_1206be8f7f.jpg,chair,0.2979876399040222,209.33302307128906,102.50806427001953,224.86569213867188,129.74581909179688,39
Flickr8K/742073622_1206be8f7f.jpg,/content/Image_captioning_Local/Flickr8K/Images/742073622_1206be8f7f.jpg,person,0.2958248257637024,255.030029296875,92.8269271850586,285.3272705078125,131.86505126953125,39
Flickr8K/742073622_1206be8f7f.jpg,/content/Image_captioning_Local/Flickr8K/Images/742073622_1206be8f7f.jpg,chair,0.283820778131485,190.08450317382812,121.37372589111328,213.50027465820312,151.68447875976562,39
Flickr8K/742073622_1206be8f7f.jpg,/content/Image_captioning_Local/Flickr8K/Images/742073622_1206be8f7f.jpg,chair,0.281183660030365,240.17715454101562,103.29903411865234,297.2328796386719,148.64776611328125,39
Flickr8K/742073622_1206be8f7f.jpg,/content/Image_captioning_Local/Flickr8K/Images/742073622_1206be8f7f.jpg,person,0.2679699957370758,39.92585372924805,104.24539184570312,56.48851013183594,137.6239471435547,39
Flickr8K/742073622_1206be8f7f.jpg,/content/Image_captioning_Local/Flickr8K/Images/742073622_1206be8f7f.jpg,chair,0.25974026322364807,240.11878967285156,103.26919555664062,298.0632629394531,149.15365600585938,39
Flickr8K/742073622_1206be8f7f.jpg,/content/Image_captioning_Local/Flickr8K/Images/742073622_1206be8f7f.jpg,dog,0.25413769483566284,258.91632080078125,129.47476196289062,282.73309326171875,163.93345642089844,39
Flickr8K/743571049_68080e8751.jpg,/content/Image_captioning_Local/Flickr8K/Images/743571049_68080e8751.jpg,person,0.9640293121337891,224.74264526367188,16.53809928894043,477.3758544921875,499.3193054199219,2
Flickr8K/743571049_68080e8751.jpg,/content/Image_captioning_Local/Flickr8K/Images/743571049_68080e8751.jpg,chair,0.3151009976863861,449.8183288574219,259.0246276855469,487.9496154785156,319.7461853027344,2
Flickr8K/745563422_f4fa7d9157.jpg,/content/Image_captioning_Local/Flickr8K/Images/745563422_f4fa7d9157.jpg,person,0.9327189922332764,290.7108459472656,121.91925048828125,389.57305908203125,331.65435791015625,66
Flickr8K/745563422_f4fa7d9157.jpg,/content/Image_captioning_Local/Flickr8K/Images/745563422_f4fa7d9157.jpg,person,0.9106550216674805,370.8333740234375,116.2940902709961,426.5954895019531,186.22718811035156,66
Flickr8K/745563422_f4fa7d9157.jpg,/content/Image_captioning_Local/Flickr8K/Images/745563422_f4fa7d9157.jpg,bottle,0.8934713006019592,185.3685302734375,239.68675231933594,213.18121337890625,331.9203796386719,66
Flickr8K/745563422_f4fa7d9157.jpg,/content/Image_captioning_Local/Flickr8K/Images/745563422_f4fa7d9157.jpg,bottle,0.8697712421417236,242.03111267089844,248.08592224121094,269.5947570800781,332.0440979003906,66
Flickr8K/745563422_f4fa7d9157.jpg,/content/Image_captioning_Local/Flickr8K/Images/745563422_f4fa7d9157.jpg,bottle,0.8423873782157898,128.92306518554688,251.74578857421875,156.01036071777344,331.945556640625,66
Flickr8K/745563422_f4fa7d9157.jpg,/content/Image_captioning_Local/Flickr8K/Images/745563422_f4fa7d9157.jpg,person,0.813883364200592,434.7821044921875,94.78496551513672,500.104248046875,185.64649963378906,66
Flickr8K/745563422_f4fa7d9157.jpg,/content/Image_captioning_Local/Flickr8K/Images/745563422_f4fa7d9157.jpg,bottle,0.7813218235969543,62.71997833251953,183.0494384765625,77.96675872802734,248.40054321289062,66
Flickr8K/745563422_f4fa7d9157.jpg,/content/Image_captioning_Local/Flickr8K/Images/745563422_f4fa7d9157.jpg,person,0.780721127986908,358.8046875,103.65901184082031,388.17291259765625,175.93812561035156,66
Flickr8K/745563422_f4fa7d9157.jpg,/content/Image_captioning_Local/Flickr8K/Images/745563422_f4fa7d9157.jpg,person,0.7614224553108215,247.45571899414062,102.62882995605469,304.7281494140625,189.95187377929688,66
Flickr8K/745563422_f4fa7d9157.jpg,/content/Image_captioning_Local/Flickr8K/Images/745563422_f4fa7d9157.jpg,person,0.7556489706039429,210.22174072265625,121.87458801269531,249.52194213867188,188.80621337890625,66
Flickr8K/745563422_f4fa7d9157.jpg,/content/Image_captioning_Local/Flickr8K/Images/745563422_f4fa7d9157.jpg,bottle,0.6795732975006104,73.09733581542969,186.79124450683594,86.92056274414062,243.0816192626953,66
Flickr8K/745563422_f4fa7d9157.jpg,/content/Image_captioning_Local/Flickr8K/Images/745563422_f4fa7d9157.jpg,person,0.674381673336029,426.4133605957031,105.96499633789062,462.74822998046875,168.05723571777344,66
Flickr8K/745563422_f4fa7d9157.jpg,/content/Image_captioning_Local/Flickr8K/Images/745563422_f4fa7d9157.jpg,person,0.6705812811851501,399.6996154785156,102.56192016601562,427.8458251953125,166.79554748535156,66
Flickr8K/745563422_f4fa7d9157.jpg,/content/Image_captioning_Local/Flickr8K/Images/745563422_f4fa7d9157.jpg,person,0.6546218395233154,287.1985778808594,119.69014739990234,327.1534118652344,202.46568298339844,66
Flickr8K/745563422_f4fa7d9157.jpg,/content/Image_captioning_Local/Flickr8K/Images/745563422_f4fa7d9157.jpg,bottle,0.6132161617279053,185.3921661376953,239.79302978515625,213.24073791503906,331.7934265136719,66
Flickr8K/745563422_f4fa7d9157.jpg,/content/Image_captioning_Local/Flickr8K/Images/745563422_f4fa7d9157.jpg,bottle,0.6012508869171143,264.75994873046875,163.29380798339844,276.1121520996094,201.28475952148438,66
Flickr8K/745563422_f4fa7d9157.jpg,/content/Image_captioning_Local/Flickr8K/Images/745563422_f4fa7d9157.jpg,person,0.5041937828063965,112.58058166503906,152.50863647460938,152.0142059326172,195.4442596435547,66
Flickr8K/745563422_f4fa7d9157.jpg,/content/Image_captioning_Local/Flickr8K/Images/745563422_f4fa7d9157.jpg,bottle,0.4773012697696686,254.53201293945312,150.97047424316406,265.7289123535156,190.5287628173828,66
Flickr8K/745563422_f4fa7d9157.jpg,/content/Image_captioning_Local/Flickr8K/Images/745563422_f4fa7d9157.jpg,wine glass,0.46754947304725647,89.18962860107422,212.33628845214844,108.13582611083984,239.5684814453125,66
Flickr8K/745563422_f4fa7d9157.jpg,/content/Image_captioning_Local/Flickr8K/Images/745563422_f4fa7d9157.jpg,wine glass,0.4500206410884857,245.27218627929688,201.72650146484375,258.0262756347656,232.31114196777344,66
Flickr8K/745563422_f4fa7d9157.jpg,/content/Image_captioning_Local/Flickr8K/Images/745563422_f4fa7d9157.jpg,wine glass,0.4468238353729248,259.0975646972656,202.31101989746094,271.46673583984375,231.1660919189453,66
Flickr8K/745563422_f4fa7d9157.jpg,/content/Image_captioning_Local/Flickr8K/Images/745563422_f4fa7d9157.jpg,wine glass,0.4416043162345886,471.234375,166.8446502685547,482.1065673828125,192.62684631347656,66
Flickr8K/745563422_f4fa7d9157.jpg,/content/Image_captioning_Local/Flickr8K/Images/745563422_f4fa7d9157.jpg,wine glass,0.43873271346092224,167.8284149169922,203.4673309326172,181.64422607421875,231.17556762695312,66
Flickr8K/745563422_f4fa7d9157.jpg,/content/Image_captioning_Local/Flickr8K/Images/745563422_f4fa7d9157.jpg,wine glass,0.41827720403671265,101.25520324707031,203.34632873535156,117.9567642211914,239.25648498535156,66
Flickr8K/745563422_f4fa7d9157.jpg,/content/Image_captioning_Local/Flickr8K/Images/745563422_f4fa7d9157.jpg,cup,0.40234294533729553,412.82501220703125,202.5597381591797,426.9106140136719,232.89529418945312,66
Flickr8K/745563422_f4fa7d9157.jpg,/content/Image_captioning_Local/Flickr8K/Images/745563422_f4fa7d9157.jpg,wine glass,0.4001169800758362,136.07833862304688,203.29830932617188,150.72254943847656,236.41275024414062,66
Flickr8K/745563422_f4fa7d9157.jpg,/content/Image_captioning_Local/Flickr8K/Images/745563422_f4fa7d9157.jpg,wine glass,0.376003235578537,235.32855224609375,202.40176391601562,247.80079650878906,232.5900115966797,66
Flickr8K/745563422_f4fa7d9157.jpg,/content/Image_captioning_Local/Flickr8K/Images/745563422_f4fa7d9157.jpg,wine glass,0.36771827936172485,116.73165893554688,202.96835327148438,131.20301818847656,237.1334991455078,66
Flickr8K/745563422_f4fa7d9157.jpg,/content/Image_captioning_Local/Flickr8K/Images/745563422_f4fa7d9157.jpg,wine glass,0.36431992053985596,271.84906005859375,202.11891174316406,283.68267822265625,230.3694305419922,66
Flickr8K/745563422_f4fa7d9157.jpg,/content/Image_captioning_Local/Flickr8K/Images/745563422_f4fa7d9157.jpg,wine glass,0.3629167079925537,222.47801208496094,203.30960083007812,237.19692993164062,232.34486389160156,66
Flickr8K/745563422_f4fa7d9157.jpg,/content/Image_captioning_Local/Flickr8K/Images/745563422_f4fa7d9157.jpg,bottle,0.35952332615852356,244.86700439453125,160.58091735839844,255.14427185058594,189.44862365722656,66
Flickr8K/745563422_f4fa7d9157.jpg,/content/Image_captioning_Local/Flickr8K/Images/745563422_f4fa7d9157.jpg,wine glass,0.3591148853302002,122.69044494628906,203.1798858642578,137.35797119140625,236.83859252929688,66
Flickr8K/745563422_f4fa7d9157.jpg,/content/Image_captioning_Local/Flickr8K/Images/745563422_f4fa7d9157.jpg,wine glass,0.35756608843803406,283.1881103515625,200.8114776611328,295.2823181152344,229.19772338867188,66
Flickr8K/745563422_f4fa7d9157.jpg,/content/Image_captioning_Local/Flickr8K/Images/745563422_f4fa7d9157.jpg,wine glass,0.34707027673721313,89.30577087402344,212.6036376953125,106.04698944091797,256.13525390625,66
Flickr8K/745563422_f4fa7d9157.jpg,/content/Image_captioning_Local/Flickr8K/Images/745563422_f4fa7d9157.jpg,cup,0.3393099009990692,456.4201965332031,200.40924072265625,468.83367919921875,228.507080078125,66
Flickr8K/745563422_f4fa7d9157.jpg,/content/Image_captioning_Local/Flickr8K/Images/745563422_f4fa7d9157.jpg,wine glass,0.335053414106369,443.5306091308594,198.14649963378906,455.54150390625,227.23194885253906,66
Flickr8K/745563422_f4fa7d9157.jpg,/content/Image_captioning_Local/Flickr8K/Images/745563422_f4fa7d9157.jpg,wine glass,0.3312147259712219,155.76979064941406,203.5592498779297,169.19898986816406,233.5311279296875,66
Flickr8K/745563422_f4fa7d9157.jpg,/content/Image_captioning_Local/Flickr8K/Images/745563422_f4fa7d9157.jpg,wine glass,0.3189040720462799,159.41026306152344,204.06712341308594,171.74827575683594,232.89813232421875,66
Flickr8K/745563422_f4fa7d9157.jpg,/content/Image_captioning_Local/Flickr8K/Images/745563422_f4fa7d9157.jpg,wine glass,0.317024290561676,432.7865295410156,197.52272033691406,443.1235046386719,223.7775115966797,66
Flickr8K/745563422_f4fa7d9157.jpg,/content/Image_captioning_Local/Flickr8K/Images/745563422_f4fa7d9157.jpg,wine glass,0.3153861165046692,477.8994140625,167.50836181640625,488.7159729003906,193.5680389404297,66
Flickr8K/745563422_f4fa7d9157.jpg,/content/Image_captioning_Local/Flickr8K/Images/745563422_f4fa7d9157.jpg,wine glass,0.31526586413383484,251.91244506835938,202.430908203125,264.32684326171875,231.70480346679688,66
Flickr8K/745563422_f4fa7d9157.jpg,/content/Image_captioning_Local/Flickr8K/Images/745563422_f4fa7d9157.jpg,wine glass,0.3131659924983978,491.3246154785156,166.045654296875,500.10491943359375,199.92892456054688,66
Flickr8K/745563422_f4fa7d9157.jpg,/content/Image_captioning_Local/Flickr8K/Images/745563422_f4fa7d9157.jpg,wine glass,0.31016698479652405,6.509726047515869,204.99598693847656,24.942047119140625,252.0070037841797,66
Flickr8K/745563422_f4fa7d9157.jpg,/content/Image_captioning_Local/Flickr8K/Images/745563422_f4fa7d9157.jpg,cup,0.30888742208480835,400.3839111328125,204.06732177734375,413.3379211425781,233.2042694091797,66
Flickr8K/745563422_f4fa7d9157.jpg,/content/Image_captioning_Local/Flickr8K/Images/745563422_f4fa7d9157.jpg,wine glass,0.3049856722354889,433.1920166015625,197.66305541992188,444.0076904296875,223.8701934814453,66
Flickr8K/745563422_f4fa7d9157.jpg,/content/Image_captioning_Local/Flickr8K/Images/745563422_f4fa7d9157.jpg,wine glass,0.30314069986343384,147.44314575195312,203.03321838378906,160.6665496826172,234.54098510742188,66
Flickr8K/745563422_f4fa7d9157.jpg,/content/Image_captioning_Local/Flickr8K/Images/745563422_f4fa7d9157.jpg,cup,0.29987475275993347,472.11474609375,200.9453582763672,484.8426513671875,229.70654296875,66
Flickr8K/745563422_f4fa7d9157.jpg,/content/Image_captioning_Local/Flickr8K/Images/745563422_f4fa7d9157.jpg,person,0.29586532711982727,232.61744689941406,117.28409576416016,251.40536499023438,149.37277221679688,66
Flickr8K/745563422_f4fa7d9157.jpg,/content/Image_captioning_Local/Flickr8K/Images/745563422_f4fa7d9157.jpg,cup,0.29538026452064514,486.28314208984375,201.91761779785156,499.4881591796875,230.71189880371094,66
Flickr8K/745563422_f4fa7d9157.jpg,/content/Image_captioning_Local/Flickr8K/Images/745563422_f4fa7d9157.jpg,person,0.2929040193557739,101.61104583740234,168.29180908203125,116.29529571533203,198.5479278564453,66
Flickr8K/745563422_f4fa7d9157.jpg,/content/Image_captioning_Local/Flickr8K/Images/745563422_f4fa7d9157.jpg,dining table,0.2924215793609619,0.8607208728790283,172.4107208251953,304.9723205566406,331.2840576171875,66
Flickr8K/745563422_f4fa7d9157.jpg,/content/Image_captioning_Local/Flickr8K/Images/745563422_f4fa7d9157.jpg,wine glass,0.28413230180740356,484.9149169921875,166.5146484375,495.0924072265625,193.29000854492188,66
Flickr8K/745563422_f4fa7d9157.jpg,/content/Image_captioning_Local/Flickr8K/Images/745563422_f4fa7d9157.jpg,wine glass,0.2839204967021942,275.9416198730469,202.5493927001953,286.74310302734375,230.146728515625,66
Flickr8K/745563422_f4fa7d9157.jpg,/content/Image_captioning_Local/Flickr8K/Images/745563422_f4fa7d9157.jpg,wine glass,0.28338080644607544,98.74766540527344,213.4213104248047,113.09293365478516,239.43092346191406,66
Flickr8K/745563422_f4fa7d9157.jpg,/content/Image_captioning_Local/Flickr8K/Images/745563422_f4fa7d9157.jpg,wine glass,0.27517423033714294,456.4201965332031,200.40924072265625,468.83367919921875,228.507080078125,66
Flickr8K/745563422_f4fa7d9157.jpg,/content/Image_captioning_Local/Flickr8K/Images/745563422_f4fa7d9157.jpg,wine glass,0.2709982693195343,412.82501220703125,202.5597381591797,426.9106140136719,232.89529418945312,66
Flickr8K/745563422_f4fa7d9157.jpg,/content/Image_captioning_Local/Flickr8K/Images/745563422_f4fa7d9157.jpg,wine glass,0.26690152287483215,0.04085293039679527,204.32205200195312,9.940927505493164,258.4465637207031,66
Flickr8K/745563422_f4fa7d9157.jpg,/content/Image_captioning_Local/Flickr8K/Images/745563422_f4fa7d9157.jpg,bottle,0.2660716474056244,125.6280517578125,240.466552734375,135.59141540527344,272.3402404785156,66
Flickr8K/745563422_f4fa7d9157.jpg,/content/Image_captioning_Local/Flickr8K/Images/745563422_f4fa7d9157.jpg,person,0.2634273171424866,232.0217742919922,117.48863983154297,256.7713623046875,189.1006622314453,66
Flickr8K/745563422_f4fa7d9157.jpg,/content/Image_captioning_Local/Flickr8K/Images/745563422_f4fa7d9157.jpg,cup,0.26188036799430847,443.5306091308594,198.14649963378906,455.54150390625,227.23194885253906,66
Flickr8K/745563422_f4fa7d9157.jpg,/content/Image_captioning_Local/Flickr8K/Images/745563422_f4fa7d9157.jpg,wine glass,0.259728342294693,267.2824401855469,202.1114501953125,278.6160583496094,230.77223205566406,66
Flickr8K/745563422_f4fa7d9157.jpg,/content/Image_captioning_Local/Flickr8K/Images/745563422_f4fa7d9157.jpg,cup,0.25806304812431335,465.6687316894531,201.3047332763672,477.0479736328125,229.04000854492188,66
Flickr8K/745563422_f4fa7d9157.jpg,/content/Image_captioning_Local/Flickr8K/Images/745563422_f4fa7d9157.jpg,wine glass,0.25746697187423706,385.548095703125,193.20849609375,400.2178649902344,233.10382080078125,66
Flickr8K/745563422_f4fa7d9157.jpg,/content/Image_captioning_Local/Flickr8K/Images/745563422_f4fa7d9157.jpg,person,0.25687459111213684,232.32823181152344,117.43043518066406,252.94613647460938,162.54095458984375,66
Flickr8K/745563422_f4fa7d9157.jpg,/content/Image_captioning_Local/Flickr8K/Images/745563422_f4fa7d9157.jpg,wine glass,0.2544485032558441,115.14976501464844,202.876953125,130.05104064941406,237.27833557128906,66
Flickr8K/745563422_f4fa7d9157.jpg,/content/Image_captioning_Local/Flickr8K/Images/745563422_f4fa7d9157.jpg,wine glass,0.2528693675994873,486.28314208984375,201.91761779785156,499.4881591796875,230.71189880371094,66
Flickr8K/745880539_cd3f948837.jpg,/content/Image_captioning_Local/Flickr8K/Images/745880539_cd3f948837.jpg,dog,0.9430873394012451,141.5424346923828,111.25731658935547,294.8635559082031,260.8881530761719,2
Flickr8K/745880539_cd3f948837.jpg,/content/Image_captioning_Local/Flickr8K/Images/745880539_cd3f948837.jpg,boat,0.26448357105255127,352.6514892578125,0.03455522656440735,499.7493591308594,146.5966339111328,2
Flickr8K/745966757_6d16dfad8f.jpg,/content/Image_captioning_Local/Flickr8K/Images/745966757_6d16dfad8f.jpg,person,0.9551185965538025,145.98348999023438,65.13057708740234,280.2008361816406,480.2610168457031,2
Flickr8K/745966757_6d16dfad8f.jpg,/content/Image_captioning_Local/Flickr8K/Images/745966757_6d16dfad8f.jpg,skateboard,0.5492339730262756,136.08087158203125,467.1195373535156,260.71826171875,499.98077392578125,2
Flickr8K/746787916_ceb103069f.jpg,/content/Image_captioning_Local/Flickr8K/Images/746787916_ceb103069f.jpg,person,0.9629291296005249,0.33111870288848877,0.22172480821609497,203.0648651123047,280.6250305175781,4
Flickr8K/746787916_ceb103069f.jpg,/content/Image_captioning_Local/Flickr8K/Images/746787916_ceb103069f.jpg,dog,0.9251925349235535,171.84103393554688,138.8196258544922,298.6357116699219,264.5910949707031,4
Flickr8K/746787916_ceb103069f.jpg,/content/Image_captioning_Local/Flickr8K/Images/746787916_ceb103069f.jpg,frisbee,0.5876820087432861,106.52945709228516,54.58029556274414,274.82830810546875,256.5590515136719,4
Flickr8K/746787916_ceb103069f.jpg,/content/Image_captioning_Local/Flickr8K/Images/746787916_ceb103069f.jpg,surfboard,0.2707575857639313,106.52945709228516,54.58029556274414,274.82830810546875,256.5590515136719,4
Flickr8K/747242766_afdc9cb2ba.jpg,/content/Image_captioning_Local/Flickr8K/Images/747242766_afdc9cb2ba.jpg,dog,0.9532327055931091,117.4847183227539,36.816524505615234,423.5991516113281,391.3956298828125,1
Flickr8K/747921928_48eb02aab2.jpg,/content/Image_captioning_Local/Flickr8K/Images/747921928_48eb02aab2.jpg,person,0.9727559089660645,0.32203584909439087,22.21822738647461,389.6153259277344,498.3558654785156,1
Flickr8K/749840385_e004bf3b7c.jpg,/content/Image_captioning_Local/Flickr8K/Images/749840385_e004bf3b7c.jpg,person,0.9622669219970703,80.91411590576172,-0.05118280649185181,302.3131103515625,344.9412536621094,2
Flickr8K/749840385_e004bf3b7c.jpg,/content/Image_captioning_Local/Flickr8K/Images/749840385_e004bf3b7c.jpg,cell phone,0.7748124599456787,133.6177520751953,42.3406982421875,152.63739013671875,80.8621597290039,2
Flickr8K/750196276_c3258c6f1b.jpg,/content/Image_captioning_Local/Flickr8K/Images/750196276_c3258c6f1b.jpg,person,0.9738898277282715,53.92234802246094,71.37442016601562,350.7973327636719,499.3284912109375,1
Flickr8K/751074141_feafc7b16c.jpg,/content/Image_captioning_Local/Flickr8K/Images/751074141_feafc7b16c.jpg,person,0.9116358757019043,68.73383331298828,133.05535888671875,233.4907989501953,297.6062316894531,6
Flickr8K/751074141_feafc7b16c.jpg,/content/Image_captioning_Local/Flickr8K/Images/751074141_feafc7b16c.jpg,chair,0.9045852422714233,209.73716735839844,0.09710714221000671,408.853759765625,232.88356018066406,6
Flickr8K/751074141_feafc7b16c.jpg,/content/Image_captioning_Local/Flickr8K/Images/751074141_feafc7b16c.jpg,person,0.7358824014663696,402.3565673828125,0.3337003290653229,500.0676574707031,374.7072448730469,6
Flickr8K/751074141_feafc7b16c.jpg,/content/Image_captioning_Local/Flickr8K/Images/751074141_feafc7b16c.jpg,baseball bat,0.3617408573627472,219.83294677734375,121.59806823730469,451.34033203125,259.2999267578125,6
Flickr8K/751074141_feafc7b16c.jpg,/content/Image_captioning_Local/Flickr8K/Images/751074141_feafc7b16c.jpg,person,0.34918224811553955,401.3870544433594,0.15173479914665222,500.3182373046875,136.68304443359375,6
Flickr8K/751074141_feafc7b16c.jpg,/content/Image_captioning_Local/Flickr8K/Images/751074141_feafc7b16c.jpg,baseball bat,0.30615830421447754,163.49337768554688,121.33917999267578,452.04205322265625,290.1898193359375,6
Flickr8K/751109943_2a7f8e117f.jpg,/content/Image_captioning_Local/Flickr8K/Images/751109943_2a7f8e117f.jpg,person,0.96292644739151,116.85973358154297,47.64925003051758,288.9216613769531,475.01129150390625,3
Flickr8K/751109943_2a7f8e117f.jpg,/content/Image_captioning_Local/Flickr8K/Images/751109943_2a7f8e117f.jpg,bowl,0.2841736674308777,109.2873306274414,376.2737731933594,235.5924072265625,499.9186096191406,3
Flickr8K/751109943_2a7f8e117f.jpg,/content/Image_captioning_Local/Flickr8K/Images/751109943_2a7f8e117f.jpg,chair,0.275566041469574,0.020667091012001038,230.83836364746094,155.04345703125,349.7397155761719,3
Flickr8K/751737218_b89839a311.jpg,/content/Image_captioning_Local/Flickr8K/Images/751737218_b89839a311.jpg,person,0.9615674018859863,238.4697265625,-0.003973245620727539,499.0832824707031,403.9919738769531,5
Flickr8K/751737218_b89839a311.jpg,/content/Image_captioning_Local/Flickr8K/Images/751737218_b89839a311.jpg,person,0.9458561539649963,30.581192016601562,20.082805633544922,265.1430969238281,390.807373046875,5
Flickr8K/751737218_b89839a311.jpg,/content/Image_captioning_Local/Flickr8K/Images/751737218_b89839a311.jpg,bottle,0.9205214381217957,115.4590835571289,132.33531188964844,153.78123474121094,209.59544372558594,5
Flickr8K/751737218_b89839a311.jpg,/content/Image_captioning_Local/Flickr8K/Images/751737218_b89839a311.jpg,frisbee,0.5876249074935913,330.8883972167969,27.20170021057129,412.3019104003906,134.3583526611328,5
Flickr8K/751737218_b89839a311.jpg,/content/Image_captioning_Local/Flickr8K/Images/751737218_b89839a311.jpg,frisbee,0.45635783672332764,331.36102294921875,27.570207595825195,394.6935119628906,133.81626892089844,5
Flickr8K/752052256_243d111bf0.jpg,/content/Image_captioning_Local/Flickr8K/Images/752052256_243d111bf0.jpg,person,0.9613993167877197,-0.3141164779663086,144.78536987304688,206.44805908203125,374.43017578125,27
Flickr8K/752052256_243d111bf0.jpg,/content/Image_captioning_Local/Flickr8K/Images/752052256_243d111bf0.jpg,person,0.9331349730491638,139.1342010498047,111.27301788330078,257.8443908691406,272.230712890625,27
Flickr8K/752052256_243d111bf0.jpg,/content/Image_captioning_Local/Flickr8K/Images/752052256_243d111bf0.jpg,cup,0.9151140451431274,434.546142578125,180.10940551757812,479.09478759765625,221.12350463867188,27
Flickr8K/752052256_243d111bf0.jpg,/content/Image_captioning_Local/Flickr8K/Images/752052256_243d111bf0.jpg,bottle,0.9094161987304688,278.9108581542969,237.633544921875,348.96929931640625,351.7739562988281,27
Flickr8K/752052256_243d111bf0.jpg,/content/Image_captioning_Local/Flickr8K/Images/752052256_243d111bf0.jpg,person,0.8960534930229187,275.4780578613281,108.16632843017578,500.6499938964844,346.6026916503906,27
Flickr8K/752052256_243d111bf0.jpg,/content/Image_captioning_Local/Flickr8K/Images/752052256_243d111bf0.jpg,person,0.7930319309234619,277.5264892578125,310.8447570800781,499.6582946777344,374.8722229003906,27
Flickr8K/752052256_243d111bf0.jpg,/content/Image_captioning_Local/Flickr8K/Images/752052256_243d111bf0.jpg,person,0.7896721363067627,330.27313232421875,114.05360412597656,439.4564208984375,229.80406188964844,27
Flickr8K/752052256_243d111bf0.jpg,/content/Image_captioning_Local/Flickr8K/Images/752052256_243d111bf0.jpg,chair,0.7709925174713135,386.4063720703125,241.90036010742188,500.2119445800781,355.5607604980469,27
Flickr8K/752052256_243d111bf0.jpg,/content/Image_captioning_Local/Flickr8K/Images/752052256_243d111bf0.jpg,car,0.747687816619873,0.03124028444290161,1.7124395370483398,140.0980987548828,136.07127380371094,27
Flickr8K/752052256_243d111bf0.jpg,/content/Image_captioning_Local/Flickr8K/Images/752052256_243d111bf0.jpg,person,0.7082075476646423,0.07255002856254578,112.63394927978516,61.75443649291992,240.1907501220703,27
Flickr8K/752052256_243d111bf0.jpg,/content/Image_captioning_Local/Flickr8K/Images/752052256_243d111bf0.jpg,chair,0.6386388540267944,0.28042495250701904,179.0734405517578,52.30143737792969,282.6106262207031,27
Flickr8K/752052256_243d111bf0.jpg,/content/Image_captioning_Local/Flickr8K/Images/752052256_243d111bf0.jpg,chair,0.593798816204071,125.78399658203125,146.3865203857422,159.26690673828125,199.72987365722656,27
Flickr8K/752052256_243d111bf0.jpg,/content/Image_captioning_Local/Flickr8K/Images/752052256_243d111bf0.jpg,truck,0.5517482757568359,-0.3379210829734802,1.5303231477737427,140.2787322998047,136.096923828125,27
Flickr8K/752052256_243d111bf0.jpg,/content/Image_captioning_Local/Flickr8K/Images/752052256_243d111bf0.jpg,chair,0.5404301881790161,176.12606811523438,200.14891052246094,244.18417358398438,288.6049499511719,27
Flickr8K/752052256_243d111bf0.jpg,/content/Image_captioning_Local/Flickr8K/Images/752052256_243d111bf0.jpg,chair,0.46705755591392517,146.09469604492188,140.6775665283203,253.449462890625,288.078369140625,27
Flickr8K/752052256_243d111bf0.jpg,/content/Image_captioning_Local/Flickr8K/Images/752052256_243d111bf0.jpg,cup,0.4618386924266815,349.50726318359375,181.16525268554688,363.21197509765625,199.32688903808594,27
Flickr8K/752052256_243d111bf0.jpg,/content/Image_captioning_Local/Flickr8K/Images/752052256_243d111bf0.jpg,cup,0.39838871359825134,349.25994873046875,181.51527404785156,366.6004333496094,201.8524627685547,27
Flickr8K/752052256_243d111bf0.jpg,/content/Image_captioning_Local/Flickr8K/Images/752052256_243d111bf0.jpg,cup,0.3858549892902374,349.37060546875,182.27699279785156,358.05816650390625,199.04444885253906,27
Flickr8K/752052256_243d111bf0.jpg,/content/Image_captioning_Local/Flickr8K/Images/752052256_243d111bf0.jpg,chair,0.37891414761543274,30.517797470092773,121.28629302978516,49.6574592590332,158.8041229248047,27
Flickr8K/752052256_243d111bf0.jpg,/content/Image_captioning_Local/Flickr8K/Images/752052256_243d111bf0.jpg,chair,0.365601122379303,170.81031799316406,141.1359100341797,241.97352600097656,165.50125122070312,27
Flickr8K/752052256_243d111bf0.jpg,/content/Image_captioning_Local/Flickr8K/Images/752052256_243d111bf0.jpg,chair,0.33919069170951843,330.2928466796875,216.180419921875,359.8384704589844,232.76075744628906,27
Flickr8K/752052256_243d111bf0.jpg,/content/Image_captioning_Local/Flickr8K/Images/752052256_243d111bf0.jpg,chair,0.3316974341869354,330.3288269042969,156.39146423339844,443.13299560546875,231.7598419189453,27
Flickr8K/752052256_243d111bf0.jpg,/content/Image_captioning_Local/Flickr8K/Images/752052256_243d111bf0.jpg,person,0.33022236824035645,-0.12044422328472137,113.39820861816406,61.364891052246094,275.90850830078125,27
Flickr8K/752052256_243d111bf0.jpg,/content/Image_captioning_Local/Flickr8K/Images/752052256_243d111bf0.jpg,chair,0.3216378688812256,433.10009765625,157.32437133789062,448.68463134765625,169.75595092773438,27
Flickr8K/752052256_243d111bf0.jpg,/content/Image_captioning_Local/Flickr8K/Images/752052256_243d111bf0.jpg,cup,0.2963732182979584,353.97479248046875,182.3891143798828,366.4429931640625,205.0743408203125,27
Flickr8K/752052256_243d111bf0.jpg,/content/Image_captioning_Local/Flickr8K/Images/752052256_243d111bf0.jpg,cup,0.28393498063087463,356.22674560546875,182.783447265625,366.71136474609375,199.63397216796875,27
Flickr8K/752052256_243d111bf0.jpg,/content/Image_captioning_Local/Flickr8K/Images/752052256_243d111bf0.jpg,chair,0.25017890334129333,169.5361785888672,140.77542114257812,242.17811584472656,188.38758850097656,27
Flickr8K/753285176_f21a2b984d.jpg,/content/Image_captioning_Local/Flickr8K/Images/753285176_f21a2b984d.jpg,person,0.9428672790527344,225.48043823242188,123.81848907470703,321.81854248046875,274.3497314453125,2
Flickr8K/753285176_f21a2b984d.jpg,/content/Image_captioning_Local/Flickr8K/Images/753285176_f21a2b984d.jpg,person,0.9307916760444641,171.7310791015625,163.38641357421875,235.81317138671875,285.9879150390625,2
Flickr8K/753578547_912d2b4048.jpg,/content/Image_captioning_Local/Flickr8K/Images/753578547_912d2b4048.jpg,dog,0.9566980600357056,105.12689208984375,101.26548767089844,292.00341796875,362.64923095703125,2
Flickr8K/753578547_912d2b4048.jpg,/content/Image_captioning_Local/Flickr8K/Images/753578547_912d2b4048.jpg,sports ball,0.808822751045227,58.892433166503906,7.054088592529297,89.64708709716797,38.25977325439453,2
Flickr8K/754852108_72f80d421f.jpg,/content/Image_captioning_Local/Flickr8K/Images/754852108_72f80d421f.jpg,person,0.9768865704536438,53.08021926879883,0.4071444272994995,388.3129577636719,499.7318420410156,6
Flickr8K/754852108_72f80d421f.jpg,/content/Image_captioning_Local/Flickr8K/Images/754852108_72f80d421f.jpg,person,0.8751234412193298,102.76030731201172,316.2538146972656,267.9284362792969,499.8224182128906,6
Flickr8K/754852108_72f80d421f.jpg,/content/Image_captioning_Local/Flickr8K/Images/754852108_72f80d421f.jpg,person,0.8370955586433411,0.23650801181793213,389.34576416015625,57.66501235961914,500.1180725097656,6
Flickr8K/754852108_72f80d421f.jpg,/content/Image_captioning_Local/Flickr8K/Images/754852108_72f80d421f.jpg,person,0.627338171005249,38.68241882324219,399.5,170.17230224609375,499.9323425292969,6
Flickr8K/754852108_72f80d421f.jpg,/content/Image_captioning_Local/Flickr8K/Images/754852108_72f80d421f.jpg,person,0.5778727531433105,83.68507385253906,365.0285339355469,110.33920288085938,409.51092529296875,6
Flickr8K/754852108_72f80d421f.jpg,/content/Image_captioning_Local/Flickr8K/Images/754852108_72f80d421f.jpg,person,0.26310423016548157,216.437255859375,419.7161865234375,388.2688903808594,500.014892578125,6
Flickr8K/755326139_ee344ece7b.jpg,/content/Image_captioning_Local/Flickr8K/Images/755326139_ee344ece7b.jpg,person,0.9771072268486023,-0.005726248025894165,0.0024139881134033203,332.720703125,499.9971008300781,3
Flickr8K/755326139_ee344ece7b.jpg,/content/Image_captioning_Local/Flickr8K/Images/755326139_ee344ece7b.jpg,surfboard,0.8058188557624817,0.026239514350891113,62.43510437011719,333.0229187011719,499.3001708984375,3
Flickr8K/755326139_ee344ece7b.jpg,/content/Image_captioning_Local/Flickr8K/Images/755326139_ee344ece7b.jpg,surfboard,0.2519989311695099,86.04592895507812,72.92436218261719,332.9009704589844,499.5660095214844,3
Flickr8K/756004341_1a816df714.jpg,/content/Image_captioning_Local/Flickr8K/Images/756004341_1a816df714.jpg,person,0.9439471364021301,232.00592041015625,10.14765739440918,498.67608642578125,374.8951721191406,2
Flickr8K/756004341_1a816df714.jpg,/content/Image_captioning_Local/Flickr8K/Images/756004341_1a816df714.jpg,person,0.9363440275192261,5.121737480163574,94.65740203857422,209.12457275390625,374.66156005859375,2
Flickr8K/756521713_5d3da56a54.jpg,/content/Image_captioning_Local/Flickr8K/Images/756521713_5d3da56a54.jpg,person,0.96504807472229,220.1158447265625,95.00106811523438,428.2646179199219,271.9136047363281,3
Flickr8K/756521713_5d3da56a54.jpg,/content/Image_captioning_Local/Flickr8K/Images/756521713_5d3da56a54.jpg,dog,0.9620710015296936,60.80769348144531,136.3334197998047,183.09725952148438,265.5573425292969,3
Flickr8K/756521713_5d3da56a54.jpg,/content/Image_captioning_Local/Flickr8K/Images/756521713_5d3da56a54.jpg,frisbee,0.9231290221214294,31.81389045715332,53.19310760498047,77.01959991455078,77.73262023925781,3
Flickr8K/756909515_a416161656.jpg,/content/Image_captioning_Local/Flickr8K/Images/756909515_a416161656.jpg,dog,0.9574167728424072,6.312183856964111,108.4642333984375,174.16319274902344,254.0404052734375,3
Flickr8K/756909515_a416161656.jpg,/content/Image_captioning_Local/Flickr8K/Images/756909515_a416161656.jpg,dog,0.8915349245071411,185.52285766601562,56.76737594604492,434.5648193359375,206.83358764648438,3
Flickr8K/756909515_a416161656.jpg,/content/Image_captioning_Local/Flickr8K/Images/756909515_a416161656.jpg,dog,0.7813371419906616,377.5362243652344,105.04109191894531,499.94622802734375,251.11492919921875,3
Flickr8K/757046028_ff5999f91b.jpg,/content/Image_captioning_Local/Flickr8K/Images/757046028_ff5999f91b.jpg,person,0.9376779794692993,5.291872024536133,192.8556365966797,113.83622741699219,499.42510986328125,17
Flickr8K/757046028_ff5999f91b.jpg,/content/Image_captioning_Local/Flickr8K/Images/757046028_ff5999f91b.jpg,person,0.8886241912841797,72.7293930053711,37.185935974121094,210.07363891601562,483.4434814453125,17
Flickr8K/757046028_ff5999f91b.jpg,/content/Image_captioning_Local/Flickr8K/Images/757046028_ff5999f91b.jpg,person,0.8695972561836243,192.4153289794922,99.3522720336914,293.2281188964844,199.2641143798828,17
Flickr8K/757046028_ff5999f91b.jpg,/content/Image_captioning_Local/Flickr8K/Images/757046028_ff5999f91b.jpg,person,0.8688459992408752,40.10091781616211,125.7935791015625,82.20173645019531,198.34104919433594,17
Flickr8K/757046028_ff5999f91b.jpg,/content/Image_captioning_Local/Flickr8K/Images/757046028_ff5999f91b.jpg,person,0.7189889550209045,298.7228698730469,199.95303344726562,335.9902038574219,373.9735412597656,17
Flickr8K/757046028_ff5999f91b.jpg,/content/Image_captioning_Local/Flickr8K/Images/757046028_ff5999f91b.jpg,handbag,0.6426876783370972,87.36421966552734,235.87339782714844,131.51852416992188,300.646240234375,17
Flickr8K/757046028_ff5999f91b.jpg,/content/Image_captioning_Local/Flickr8K/Images/757046028_ff5999f91b.jpg,person,0.6035682559013367,-0.14516687393188477,121.44084930419922,43.452205657958984,273.6124572753906,17
Flickr8K/757046028_ff5999f91b.jpg,/content/Image_captioning_Local/Flickr8K/Images/757046028_ff5999f91b.jpg,person,0.6004453301429749,263.45306396484375,123.53668975830078,291.8843994140625,166.6477813720703,17
Flickr8K/757046028_ff5999f91b.jpg,/content/Image_captioning_Local/Flickr8K/Images/757046028_ff5999f91b.jpg,person,0.5388815402984619,0.005325347185134888,257.1773986816406,18.55925941467285,305.1510314941406,17
Flickr8K/757046028_ff5999f91b.jpg,/content/Image_captioning_Local/Flickr8K/Images/757046028_ff5999f91b.jpg,person,0.49978944659233093,300.0357971191406,139.0535888671875,335.8046569824219,211.05459594726562,17
Flickr8K/757046028_ff5999f91b.jpg,/content/Image_captioning_Local/Flickr8K/Images/757046028_ff5999f91b.jpg,person,0.4751754105091095,-0.09830832481384277,121.93595123291016,43.48367691040039,219.54171752929688,17
Flickr8K/757046028_ff5999f91b.jpg,/content/Image_captioning_Local/Flickr8K/Images/757046028_ff5999f91b.jpg,person,0.3889174163341522,299.7298889160156,138.599609375,335.67767333984375,236.21421813964844,17
Flickr8K/757046028_ff5999f91b.jpg,/content/Image_captioning_Local/Flickr8K/Images/757046028_ff5999f91b.jpg,person,0.36956825852394104,299.2760925292969,200.45724487304688,328.7167053222656,240.91148376464844,17
Flickr8K/757046028_ff5999f91b.jpg,/content/Image_captioning_Local/Flickr8K/Images/757046028_ff5999f91b.jpg,person,0.35560473799705505,263.3727722167969,123.19532775878906,293.8102722167969,206.7822265625,17
Flickr8K/757046028_ff5999f91b.jpg,/content/Image_captioning_Local/Flickr8K/Images/757046028_ff5999f91b.jpg,person,0.3487653434276581,229.06394958496094,328.18896484375,299.14727783203125,380.4097900390625,17
Flickr8K/757046028_ff5999f91b.jpg,/content/Image_captioning_Local/Flickr8K/Images/757046028_ff5999f91b.jpg,person,0.2871221899986267,193.35150146484375,99.86361694335938,299.0372009277344,381.32470703125,17
Flickr8K/757046028_ff5999f91b.jpg,/content/Image_captioning_Local/Flickr8K/Images/757046028_ff5999f91b.jpg,person,0.2817198932170868,0.16367697715759277,257.032470703125,23.135976791381836,400.20361328125,17
Flickr8K/757133580_ba974ef649.jpg,/content/Image_captioning_Local/Flickr8K/Images/757133580_ba974ef649.jpg,person,0.867539644241333,57.97923278808594,48.55323028564453,197.48013305664062,474.01690673828125,5
Flickr8K/757133580_ba974ef649.jpg,/content/Image_captioning_Local/Flickr8K/Images/757133580_ba974ef649.jpg,backpack,0.40255218744277954,78.17640686035156,175.94094848632812,174.5131378173828,310.023193359375,5
Flickr8K/757133580_ba974ef649.jpg,/content/Image_captioning_Local/Flickr8K/Images/757133580_ba974ef649.jpg,backpack,0.38244521617889404,60.633514404296875,177.1760711669922,171.21652221679688,356.31292724609375,5
Flickr8K/757133580_ba974ef649.jpg,/content/Image_captioning_Local/Flickr8K/Images/757133580_ba974ef649.jpg,backpack,0.375068724155426,78.22168731689453,223.73809814453125,148.1802215576172,310.1431884765625,5
Flickr8K/757133580_ba974ef649.jpg,/content/Image_captioning_Local/Flickr8K/Images/757133580_ba974ef649.jpg,backpack,0.3209852874279022,61.2659797668457,224.2522430419922,148.00665283203125,356.4164733886719,5
Flickr8K/757332692_6866ae545c.jpg,/content/Image_captioning_Local/Flickr8K/Images/757332692_6866ae545c.jpg,dog,0.9637916088104248,-0.013820827007293701,52.0257682800293,241.98135375976562,308.39129638671875,7
Flickr8K/757332692_6866ae545c.jpg,/content/Image_captioning_Local/Flickr8K/Images/757332692_6866ae545c.jpg,person,0.7445082068443298,135.3673858642578,115.58557891845703,500.1941223144531,333.6380310058594,7
Flickr8K/757332692_6866ae545c.jpg,/content/Image_captioning_Local/Flickr8K/Images/757332692_6866ae545c.jpg,bed,0.5068792700767517,-0.09920448064804077,146.54498291015625,189.2221221923828,333.8857421875,7
Flickr8K/757332692_6866ae545c.jpg,/content/Image_captioning_Local/Flickr8K/Images/757332692_6866ae545c.jpg,person,0.3118320107460022,-0.13075768947601318,57.147438049316406,499.667236328125,333.7739562988281,7
Flickr8K/757332692_6866ae545c.jpg,/content/Image_captioning_Local/Flickr8K/Images/757332692_6866ae545c.jpg,person,0.3086930513381958,23.208602905273438,118.41085052490234,499.78173828125,333.177001953125,7
Flickr8K/757332692_6866ae545c.jpg,/content/Image_captioning_Local/Flickr8K/Images/757332692_6866ae545c.jpg,bed,0.271263062953949,-0.19197165966033936,147.15672302246094,89.69583129882812,333.1855773925781,7
Flickr8K/757332692_6866ae545c.jpg,/content/Image_captioning_Local/Flickr8K/Images/757332692_6866ae545c.jpg,bed,0.26593559980392456,0.5283355712890625,143.42446899414062,283.044677734375,333.2411804199219,7
Flickr8K/758921886_55a351dd67.jpg,/content/Image_captioning_Local/Flickr8K/Images/758921886_55a351dd67.jpg,person,0.9676928520202637,150.1100616455078,41.13949966430664,395.9749450683594,374.2032165527344,1
Flickr8K/759015118_4bd3617e60.jpg,/content/Image_captioning_Local/Flickr8K/Images/759015118_4bd3617e60.jpg,person,0.9616034030914307,55.78440856933594,1.3387501239776611,288.4427185058594,500.544189453125,15
Flickr8K/759015118_4bd3617e60.jpg,/content/Image_captioning_Local/Flickr8K/Images/759015118_4bd3617e60.jpg,person,0.7547523975372314,-0.11449621617794037,-0.02664327621459961,24.324655532836914,87.27399444580078,15
Flickr8K/759015118_4bd3617e60.jpg,/content/Image_captioning_Local/Flickr8K/Images/759015118_4bd3617e60.jpg,person,0.5569168925285339,19.321271896362305,0.06550177931785583,57.727027893066406,63.18406677246094,15
Flickr8K/759015118_4bd3617e60.jpg,/content/Image_captioning_Local/Flickr8K/Images/759015118_4bd3617e60.jpg,person,0.4074150025844574,242.83078002929688,19.43236541748047,262.3365478515625,44.383846282958984,15
Flickr8K/759015118_4bd3617e60.jpg,/content/Image_captioning_Local/Flickr8K/Images/759015118_4bd3617e60.jpg,person,0.4002815783023834,26.84800910949707,46.65825271606445,61.93477249145508,87.39505767822266,15
Flickr8K/759015118_4bd3617e60.jpg,/content/Image_captioning_Local/Flickr8K/Images/759015118_4bd3617e60.jpg,person,0.37580811977386475,225.3160858154297,15.297977447509766,240.68482971191406,40.79345703125,15
Flickr8K/759015118_4bd3617e60.jpg,/content/Image_captioning_Local/Flickr8K/Images/759015118_4bd3617e60.jpg,person,0.3507451117038727,316.3006591796875,46.218082427978516,336.2430419921875,72.846923828125,15
Flickr8K/759015118_4bd3617e60.jpg,/content/Image_captioning_Local/Flickr8K/Images/759015118_4bd3617e60.jpg,person,0.32040759921073914,41.89841079711914,43.74469757080078,73.3804931640625,82.1058578491211,15
Flickr8K/759015118_4bd3617e60.jpg,/content/Image_captioning_Local/Flickr8K/Images/759015118_4bd3617e60.jpg,person,0.3028288185596466,19.20151138305664,0.15386752784252167,57.3477783203125,45.25429916381836,15
Flickr8K/759015118_4bd3617e60.jpg,/content/Image_captioning_Local/Flickr8K/Images/759015118_4bd3617e60.jpg,person,0.2926056683063507,301.66351318359375,48.510902404785156,315.7300720214844,69.71356964111328,15
Flickr8K/759015118_4bd3617e60.jpg,/content/Image_captioning_Local/Flickr8K/Images/759015118_4bd3617e60.jpg,person,0.27139076590538025,340.9123229980469,26.29635238647461,357.0768127441406,59.1317253112793,15
Flickr8K/759015118_4bd3617e60.jpg,/content/Image_captioning_Local/Flickr8K/Images/759015118_4bd3617e60.jpg,person,0.26159799098968506,338.2405090332031,26.709035873413086,357.13372802734375,76.24017333984375,15
Flickr8K/759015118_4bd3617e60.jpg,/content/Image_captioning_Local/Flickr8K/Images/759015118_4bd3617e60.jpg,handbag,0.2613557279109955,-0.028749067336320877,19.134384155273438,18.10397720336914,44.17234420776367,15
Flickr8K/759015118_4bd3617e60.jpg,/content/Image_captioning_Local/Flickr8K/Images/759015118_4bd3617e60.jpg,person,0.2542952001094818,264.2754211425781,24.5214786529541,290.0723876953125,66.8062515258789,15
Flickr8K/759015118_4bd3617e60.jpg,/content/Image_captioning_Local/Flickr8K/Images/759015118_4bd3617e60.jpg,handbag,0.25416654348373413,-0.1003391295671463,20.496089935302734,17.600671768188477,43.66315460205078,15
Flickr8K/760138567_762d9022d4.jpg,/content/Image_captioning_Local/Flickr8K/Images/760138567_762d9022d4.jpg,person,0.9547098875045776,116.42704772949219,13.349913597106934,292.33319091796875,211.85824584960938,8
Flickr8K/760138567_762d9022d4.jpg,/content/Image_captioning_Local/Flickr8K/Images/760138567_762d9022d4.jpg,person,0.8728296756744385,46.549991607666016,-0.006431952118873596,144.3262481689453,108.7188491821289,8
Flickr8K/760138567_762d9022d4.jpg,/content/Image_captioning_Local/Flickr8K/Images/760138567_762d9022d4.jpg,person,0.7906962633132935,325.126708984375,295.8773193359375,372.914794921875,345.7818298339844,8
Flickr8K/760138567_762d9022d4.jpg,/content/Image_captioning_Local/Flickr8K/Images/760138567_762d9022d4.jpg,boat,0.531120777130127,0.7440745830535889,105.32825469970703,311.4433898925781,349.1003112792969,8
Flickr8K/760138567_762d9022d4.jpg,/content/Image_captioning_Local/Flickr8K/Images/760138567_762d9022d4.jpg,boat,0.293030709028244,0.19060075283050537,106.08870697021484,313.10284423828125,381.3543701171875,8
Flickr8K/760138567_762d9022d4.jpg,/content/Image_captioning_Local/Flickr8K/Images/760138567_762d9022d4.jpg,surfboard,0.28267598152160645,0.7440745830535889,105.32825469970703,311.4433898925781,349.1003112792969,8
Flickr8K/760138567_762d9022d4.jpg,/content/Image_captioning_Local/Flickr8K/Images/760138567_762d9022d4.jpg,person,0.27912604808807373,372.15777587890625,355.96588134765625,436.9992980957031,382.9623718261719,8
Flickr8K/760138567_762d9022d4.jpg,/content/Image_captioning_Local/Flickr8K/Images/760138567_762d9022d4.jpg,person,0.2717422842979431,372.20562744140625,355.07080078125,499.3192443847656,383.2464599609375,8
Flickr8K/760180310_3c6bd4fd1f.jpg,/content/Image_captioning_Local/Flickr8K/Images/760180310_3c6bd4fd1f.jpg,dog,0.958259642124176,0.16014277935028076,0.6853021383285522,277.7976989746094,362.30010986328125,5
Flickr8K/760180310_3c6bd4fd1f.jpg,/content/Image_captioning_Local/Flickr8K/Images/760180310_3c6bd4fd1f.jpg,person,0.954481303691864,191.13787841796875,137.9541778564453,499.950927734375,394.54681396484375,5
Flickr8K/760180310_3c6bd4fd1f.jpg,/content/Image_captioning_Local/Flickr8K/Images/760180310_3c6bd4fd1f.jpg,bed,0.8546972870826721,-0.06254017353057861,0.03359705209732056,499.9322204589844,394.9960632324219,5
Flickr8K/760180310_3c6bd4fd1f.jpg,/content/Image_captioning_Local/Flickr8K/Images/760180310_3c6bd4fd1f.jpg,couch,0.4073529541492462,-0.06254017353057861,0.03359705209732056,499.9322204589844,394.9960632324219,5
Flickr8K/760180310_3c6bd4fd1f.jpg,/content/Image_captioning_Local/Flickr8K/Images/760180310_3c6bd4fd1f.jpg,dog,0.25093868374824524,0.53425133228302,-0.03390312194824219,276.2220458984375,143.8902587890625,5
Flickr8K/762947607_2001ee4c72.jpg,/content/Image_captioning_Local/Flickr8K/Images/762947607_2001ee4c72.jpg,person,0.9451230764389038,235.4331512451172,218.47401428222656,280.10101318359375,334.17181396484375,7
Flickr8K/762947607_2001ee4c72.jpg,/content/Image_captioning_Local/Flickr8K/Images/762947607_2001ee4c72.jpg,bench,0.5190008282661438,17.098602294921875,211.45419311523438,56.20396423339844,226.87075805664062,7
Flickr8K/762947607_2001ee4c72.jpg,/content/Image_captioning_Local/Flickr8K/Images/762947607_2001ee4c72.jpg,bird,0.45481112599372864,90.7092056274414,235.61911010742188,97.7718276977539,245.5172119140625,7
Flickr8K/762947607_2001ee4c72.jpg,/content/Image_captioning_Local/Flickr8K/Images/762947607_2001ee4c72.jpg,person,0.3661610186100006,90.7092056274414,235.61911010742188,97.7718276977539,245.5172119140625,7
Flickr8K/762947607_2001ee4c72.jpg,/content/Image_captioning_Local/Flickr8K/Images/762947607_2001ee4c72.jpg,bird,0.3255237340927124,229.54379272460938,235.44102478027344,239.76206970214844,245.4327392578125,7
Flickr8K/762947607_2001ee4c72.jpg,/content/Image_captioning_Local/Flickr8K/Images/762947607_2001ee4c72.jpg,bird,0.301946759223938,183.79443359375,217.6802978515625,189.67086791992188,224.08934020996094,7
Flickr8K/762947607_2001ee4c72.jpg,/content/Image_captioning_Local/Flickr8K/Images/762947607_2001ee4c72.jpg,bench,0.27391383051872253,119.41168212890625,273.0561828613281,218.2574005126953,284.2867126464844,7
Flickr8K/763577068_4b96ed768b.jpg,/content/Image_captioning_Local/Flickr8K/Images/763577068_4b96ed768b.jpg,dog,0.9223303198814392,171.2128143310547,55.444766998291016,369.2801513671875,271.54974365234375,2
Flickr8K/763577068_4b96ed768b.jpg,/content/Image_captioning_Local/Flickr8K/Images/763577068_4b96ed768b.jpg,person,0.5529826283454895,0.012975186109542847,-0.09442591667175293,51.34247589111328,223.98036193847656,2
Flickr8K/765091078_a8a11c6f9e.jpg,/content/Image_captioning_Local/Flickr8K/Images/765091078_a8a11c6f9e.jpg,person,0.9421935081481934,132.45314025878906,100.36845397949219,243.2520751953125,284.1361083984375,1
Flickr8K/765298136_7805fbb079.jpg,/content/Image_captioning_Local/Flickr8K/Images/765298136_7805fbb079.jpg,person,0.9279576539993286,222.1497802734375,77.48285675048828,316.73455810546875,206.917724609375,4
Flickr8K/765298136_7805fbb079.jpg,/content/Image_captioning_Local/Flickr8K/Images/765298136_7805fbb079.jpg,surfboard,0.2976931929588318,293.1217041015625,168.4842529296875,314.4052734375,207.6881561279297,4
Flickr8K/765298136_7805fbb079.jpg,/content/Image_captioning_Local/Flickr8K/Images/765298136_7805fbb079.jpg,surfboard,0.27878326177597046,295.21331787109375,147.46334838867188,319.1549987792969,207.97103881835938,4
Flickr8K/765298136_7805fbb079.jpg,/content/Image_captioning_Local/Flickr8K/Images/765298136_7805fbb079.jpg,surfboard,0.26752007007598877,295.1419372558594,137.19964599609375,319.4235534667969,207.72879028320312,4
Flickr8K/765929807_de381cc764.jpg,/content/Image_captioning_Local/Flickr8K/Images/765929807_de381cc764.jpg,person,0.9572078585624695,248.9313201904297,14.1559476852417,364.24383544921875,188.56417846679688,8
Flickr8K/765929807_de381cc764.jpg,/content/Image_captioning_Local/Flickr8K/Images/765929807_de381cc764.jpg,person,0.9399107694625854,182.90554809570312,185.6768341064453,292.927734375,352.08428955078125,8
Flickr8K/765929807_de381cc764.jpg,/content/Image_captioning_Local/Flickr8K/Images/765929807_de381cc764.jpg,person,0.9387361407279968,95.41558074951172,97.14859771728516,202.58792114257812,204.1912841796875,8
Flickr8K/765929807_de381cc764.jpg,/content/Image_captioning_Local/Flickr8K/Images/765929807_de381cc764.jpg,person,0.8032182455062866,446.368896484375,194.12164306640625,457.3185729980469,217.8574981689453,8
Flickr8K/765929807_de381cc764.jpg,/content/Image_captioning_Local/Flickr8K/Images/765929807_de381cc764.jpg,person,0.7739490270614624,489.902587890625,195.17225646972656,499.0459899902344,223.4888458251953,8
Flickr8K/765929807_de381cc764.jpg,/content/Image_captioning_Local/Flickr8K/Images/765929807_de381cc764.jpg,person,0.7563544511795044,470.7335205078125,191.05128479003906,481.4700622558594,219.3623046875,8
Flickr8K/765929807_de381cc764.jpg,/content/Image_captioning_Local/Flickr8K/Images/765929807_de381cc764.jpg,person,0.5444942712783813,430.0076599121094,189.03622436523438,437.39984130859375,203.60421752929688,8
Flickr8K/765929807_de381cc764.jpg,/content/Image_captioning_Local/Flickr8K/Images/765929807_de381cc764.jpg,person,0.32489117980003357,458.5895080566406,203.356689453125,469.2496643066406,218.57760620117188,8
Flickr8K/766061382_6c7ff514c4.jpg,/content/Image_captioning_Local/Flickr8K/Images/766061382_6c7ff514c4.jpg,person,0.9809704422950745,79.86007690429688,18.376405715942383,500.3697204589844,374.648193359375,1
Flickr8K/766099402_cdda6964f0.jpg,/content/Image_captioning_Local/Flickr8K/Images/766099402_cdda6964f0.jpg,person,0.8775143623352051,132.64215087890625,79.50701141357422,276.29803466796875,275.8228759765625,9
Flickr8K/766099402_cdda6964f0.jpg,/content/Image_captioning_Local/Flickr8K/Images/766099402_cdda6964f0.jpg,person,0.46893802285194397,-0.15286636352539062,89.58845520019531,30.72927474975586,176.23130798339844,9
Flickr8K/766099402_cdda6964f0.jpg,/content/Image_captioning_Local/Flickr8K/Images/766099402_cdda6964f0.jpg,person,0.28552597761154175,24.565542221069336,366.690185546875,34.14457321166992,374.9241943359375,9
Flickr8K/766099402_cdda6964f0.jpg,/content/Image_captioning_Local/Flickr8K/Images/766099402_cdda6964f0.jpg,person,0.27821871638298035,271.03143310546875,262.66717529296875,283.99920654296875,305.6248474121094,9
Flickr8K/766099402_cdda6964f0.jpg,/content/Image_captioning_Local/Flickr8K/Images/766099402_cdda6964f0.jpg,person,0.27587971091270447,169.76705932617188,297.74932861328125,176.61740112304688,307.821044921875,9
Flickr8K/766099402_cdda6964f0.jpg,/content/Image_captioning_Local/Flickr8K/Images/766099402_cdda6964f0.jpg,car,0.26833808422088623,300.37725830078125,336.92242431640625,327.130859375,355.945556640625,9
Flickr8K/766099402_cdda6964f0.jpg,/content/Image_captioning_Local/Flickr8K/Images/766099402_cdda6964f0.jpg,person,0.26307249069213867,189.45123291015625,296.7103271484375,197.13546752929688,308.3401184082031,9
Flickr8K/766099402_cdda6964f0.jpg,/content/Image_captioning_Local/Flickr8K/Images/766099402_cdda6964f0.jpg,person,0.2617097496986389,43.30537796020508,250.109130859375,52.69974899291992,271.3061828613281,9
Flickr8K/766099402_cdda6964f0.jpg,/content/Image_captioning_Local/Flickr8K/Images/766099402_cdda6964f0.jpg,kite,0.25597235560417175,443.457275390625,217.14645385742188,478.52703857421875,255.1483917236328,9
Flickr8K/766346887_a9a9d0637a.jpg,/content/Image_captioning_Local/Flickr8K/Images/766346887_a9a9d0637a.jpg,person,0.9520698189735413,-0.5293041467666626,194.48291015625,264.8300476074219,366.8503723144531,3
Flickr8K/766346887_a9a9d0637a.jpg,/content/Image_captioning_Local/Flickr8K/Images/766346887_a9a9d0637a.jpg,person,0.9183349609375,245.17340087890625,138.05418395996094,419.6881103515625,264.7614440917969,3
Flickr8K/766346887_a9a9d0637a.jpg,/content/Image_captioning_Local/Flickr8K/Images/766346887_a9a9d0637a.jpg,bed,0.25981271266937256,-0.25138258934020996,144.28790283203125,492.1387023925781,412.06793212890625,3
Flickr8K/769260947_02bc973d76.jpg,/content/Image_captioning_Local/Flickr8K/Images/769260947_02bc973d76.jpg,dog,0.9542561173439026,152.9912109375,109.5940933227539,500.158203125,298.0871887207031,1
Flickr8K/771048251_602e5e8f45.jpg,/content/Image_captioning_Local/Flickr8K/Images/771048251_602e5e8f45.jpg,person,0.9455826878547668,-0.014036893844604492,0.042822808027267456,499.98095703125,332.7262268066406,6
Flickr8K/771048251_602e5e8f45.jpg,/content/Image_captioning_Local/Flickr8K/Images/771048251_602e5e8f45.jpg,cat,0.8716382384300232,126.69086456298828,10.460832595825195,362.01837158203125,309.6707763671875,6
Flickr8K/771048251_602e5e8f45.jpg,/content/Image_captioning_Local/Flickr8K/Images/771048251_602e5e8f45.jpg,person,0.2946825921535492,0.4541128873825073,-0.3802447021007538,288.2884826660156,332.4947509765625,6
Flickr8K/771048251_602e5e8f45.jpg,/content/Image_captioning_Local/Flickr8K/Images/771048251_602e5e8f45.jpg,person,0.2780119478702545,-0.16359984874725342,-0.31245267391204834,349.2601623535156,332.54766845703125,6
Flickr8K/771048251_602e5e8f45.jpg,/content/Image_captioning_Local/Flickr8K/Images/771048251_602e5e8f45.jpg,cat,0.25996720790863037,129.43199157714844,6.7491326332092285,498.6830139160156,328.1343994140625,6
Flickr8K/771048251_602e5e8f45.jpg,/content/Image_captioning_Local/Flickr8K/Images/771048251_602e5e8f45.jpg,person,0.2527077794075012,0.33032894134521484,-0.2595667541027069,344.993896484375,332.6619567871094,6
Flickr8K/771366843_a66304161b.jpg,/content/Image_captioning_Local/Flickr8K/Images/771366843_a66304161b.jpg,person,0.9203054308891296,287.2459411621094,98.78158569335938,346.3041687011719,273.8809509277344,2
Flickr8K/771366843_a66304161b.jpg,/content/Image_captioning_Local/Flickr8K/Images/771366843_a66304161b.jpg,person,0.8843389749526978,331.21881103515625,85.53411865234375,411.6014404296875,268.4883117675781,2
Flickr8K/772212710_f5fc22ed35.jpg,/content/Image_captioning_Local/Flickr8K/Images/772212710_f5fc22ed35.jpg,teddy bear,0.9472453594207764,217.7299041748047,40.89875793457031,399.2323913574219,369.27362060546875,18
Flickr8K/772212710_f5fc22ed35.jpg,/content/Image_captioning_Local/Flickr8K/Images/772212710_f5fc22ed35.jpg,person,0.8946031928062439,315.8211975097656,2.473029136657715,440.12066650390625,465.3689270019531,18
Flickr8K/772212710_f5fc22ed35.jpg,/content/Image_captioning_Local/Flickr8K/Images/772212710_f5fc22ed35.jpg,person,0.7291657328605652,70.39981842041016,49.64033126831055,217.06008911132812,407.1302185058594,18
Flickr8K/772212710_f5fc22ed35.jpg,/content/Image_captioning_Local/Flickr8K/Images/772212710_f5fc22ed35.jpg,backpack,0.6052815914154053,401.0589904785156,89.63798522949219,486.6072692871094,278.8686218261719,18
Flickr8K/772212710_f5fc22ed35.jpg,/content/Image_captioning_Local/Flickr8K/Images/772212710_f5fc22ed35.jpg,teddy bear,0.5991541147232056,91.03207397460938,143.28445434570312,241.52903747558594,359.808349609375,18
Flickr8K/772212710_f5fc22ed35.jpg,/content/Image_captioning_Local/Flickr8K/Images/772212710_f5fc22ed35.jpg,backpack,0.5630823373794556,335.497802734375,91.0794906616211,485.4298095703125,286.4667053222656,18
Flickr8K/772212710_f5fc22ed35.jpg,/content/Image_captioning_Local/Flickr8K/Images/772212710_f5fc22ed35.jpg,person,0.38973650336265564,69.51220703125,50.17665481567383,204.38368225097656,264.6470947265625,18
Flickr8K/772212710_f5fc22ed35.jpg,/content/Image_captioning_Local/Flickr8K/Images/772212710_f5fc22ed35.jpg,teddy bear,0.36722418665885925,198.34661865234375,120.53694152832031,275.5529479980469,217.13966369628906,18
Flickr8K/772212710_f5fc22ed35.jpg,/content/Image_captioning_Local/Flickr8K/Images/772212710_f5fc22ed35.jpg,teddy bear,0.3489222824573517,90.19754791259766,180.10997009277344,183.71673583984375,290.6452941894531,18
Flickr8K/772212710_f5fc22ed35.jpg,/content/Image_captioning_Local/Flickr8K/Images/772212710_f5fc22ed35.jpg,backpack,0.326244056224823,419.41064453125,90.31964111328125,486.45831298828125,269.1581726074219,18
Flickr8K/772212710_f5fc22ed35.jpg,/content/Image_captioning_Local/Flickr8K/Images/772212710_f5fc22ed35.jpg,teddy bear,0.3254520297050476,222.11477661132812,129.93331909179688,276.1023864746094,217.23451232910156,18
Flickr8K/772212710_f5fc22ed35.jpg,/content/Image_captioning_Local/Flickr8K/Images/772212710_f5fc22ed35.jpg,backpack,0.30899184942245483,400.7843322753906,90.4263916015625,486.39508056640625,341.5067138671875,18
Flickr8K/772212710_f5fc22ed35.jpg,/content/Image_captioning_Local/Flickr8K/Images/772212710_f5fc22ed35.jpg,handbag,0.3053709864616394,102.33619689941406,152.09130859375,116.18766021728516,241.27896118164062,18
Flickr8K/772212710_f5fc22ed35.jpg,/content/Image_captioning_Local/Flickr8K/Images/772212710_f5fc22ed35.jpg,potted plant,0.300692081451416,1.933455467224121,12.11297607421875,109.09356689453125,160.12939453125,18
Flickr8K/772212710_f5fc22ed35.jpg,/content/Image_captioning_Local/Flickr8K/Images/772212710_f5fc22ed35.jpg,teddy bear,0.2991189658641815,198.2466278076172,119.97733306884766,247.57701110839844,208.6813507080078,18
Flickr8K/772212710_f5fc22ed35.jpg,/content/Image_captioning_Local/Flickr8K/Images/772212710_f5fc22ed35.jpg,teddy bear,0.29519593715667725,198.26388549804688,120.44140625,244.76817321777344,175.11643981933594,18
Flickr8K/772212710_f5fc22ed35.jpg,/content/Image_captioning_Local/Flickr8K/Images/772212710_f5fc22ed35.jpg,person,0.28218957781791687,123.37110900878906,143.31898498535156,205.42355346679688,407.2729797363281,18
Flickr8K/772212710_f5fc22ed35.jpg,/content/Image_captioning_Local/Flickr8K/Images/772212710_f5fc22ed35.jpg,potted plant,0.27309998869895935,0.24978816509246826,327.07818603515625,132.68060302734375,425.2170715332031,18
Flickr8K/772403830_08b72c7da9.jpg,/content/Image_captioning_Local/Flickr8K/Images/772403830_08b72c7da9.jpg,person,0.9538523554801941,163.38633728027344,240.9808807373047,263.8666687011719,424.94171142578125,1
Flickr8K/774009278_8e75b7d498.jpg,/content/Image_captioning_Local/Flickr8K/Images/774009278_8e75b7d498.jpg,dog,0.9641625881195068,180.660400390625,123.87431335449219,303.817626953125,322.7193298339844,1
Flickr8K/775664534_3f6de7d413.jpg,/content/Image_captioning_Local/Flickr8K/Images/775664534_3f6de7d413.jpg,person,0.9290839433670044,188.12295532226562,117.45513153076172,229.4458465576172,240.1661834716797,3
Flickr8K/775664534_3f6de7d413.jpg,/content/Image_captioning_Local/Flickr8K/Images/775664534_3f6de7d413.jpg,person,0.9179834723472595,258.9628601074219,116.97113800048828,300.7975769042969,191.6350555419922,3
Flickr8K/775664534_3f6de7d413.jpg,/content/Image_captioning_Local/Flickr8K/Images/775664534_3f6de7d413.jpg,person,0.9144771695137024,229.04071044921875,130.96214294433594,258.9297790527344,196.0992431640625,3
Flickr8K/778885185_3f6905370b.jpg,/content/Image_captioning_Local/Flickr8K/Images/778885185_3f6905370b.jpg,dog,0.9698579907417297,30.759885787963867,53.33087158203125,400.4764404296875,267.437744140625,2
Flickr8K/778885185_3f6905370b.jpg,/content/Image_captioning_Local/Flickr8K/Images/778885185_3f6905370b.jpg,sports ball,0.934982180595398,395.5381164550781,229.03314208984375,458.72076416015625,289.27545166015625,2
Flickr8K/781118358_19087c9ec0.jpg,/content/Image_captioning_Local/Flickr8K/Images/781118358_19087c9ec0.jpg,person,0.9609299302101135,38.339881896972656,19.56641387939453,415.6872253417969,293.6136779785156,3
Flickr8K/781118358_19087c9ec0.jpg,/content/Image_captioning_Local/Flickr8K/Images/781118358_19087c9ec0.jpg,bed,0.9473353624343872,0.021249055862426758,304.0738525390625,500.0162048339844,373.2502136230469,3
Flickr8K/781118358_19087c9ec0.jpg,/content/Image_captioning_Local/Flickr8K/Images/781118358_19087c9ec0.jpg,bottle,0.6179526448249817,69.90695190429688,238.52320861816406,85.66748809814453,281.2257385253906,3
Flickr8K/781387473_208ba152b3.jpg,/content/Image_captioning_Local/Flickr8K/Images/781387473_208ba152b3.jpg,person,0.9357764720916748,188.81016540527344,41.08619689941406,305.0425720214844,272.59014892578125,30
Flickr8K/781387473_208ba152b3.jpg,/content/Image_captioning_Local/Flickr8K/Images/781387473_208ba152b3.jpg,teddy bear,0.8340950608253479,100.49334716796875,21.1917667388916,207.9739532470703,185.8914031982422,30
Flickr8K/781387473_208ba152b3.jpg,/content/Image_captioning_Local/Flickr8K/Images/781387473_208ba152b3.jpg,person,0.6606091856956482,117.87088012695312,278.28887939453125,134.0546112060547,314.6529235839844,30
Flickr8K/781387473_208ba152b3.jpg,/content/Image_captioning_Local/Flickr8K/Images/781387473_208ba152b3.jpg,person,0.6024616360664368,226.9158172607422,314.1434631347656,237.2445068359375,331.2579040527344,30
Flickr8K/781387473_208ba152b3.jpg,/content/Image_captioning_Local/Flickr8K/Images/781387473_208ba152b3.jpg,umbrella,0.5853309035301208,22.760778427124023,266.18572998046875,132.2440948486328,330.54498291015625,30
Flickr8K/781387473_208ba152b3.jpg,/content/Image_captioning_Local/Flickr8K/Images/781387473_208ba152b3.jpg,umbrella,0.5207872986793518,-0.14632567763328552,278.392578125,67.23211669921875,330.71337890625,30
Flickr8K/781387473_208ba152b3.jpg,/content/Image_captioning_Local/Flickr8K/Images/781387473_208ba152b3.jpg,person,0.45372167229652405,106.00479888916016,284.0044250488281,116.57928466796875,309.327392578125,30
Flickr8K/781387473_208ba152b3.jpg,/content/Image_captioning_Local/Flickr8K/Images/781387473_208ba152b3.jpg,person,0.4297983944416046,83.09526062011719,280.8924560546875,95.94159698486328,301.7615661621094,30
Flickr8K/781387473_208ba152b3.jpg,/content/Image_captioning_Local/Flickr8K/Images/781387473_208ba152b3.jpg,umbrella,0.42872533202171326,294.37896728515625,152.48204040527344,385.0146789550781,224.27316284179688,30
Flickr8K/781387473_208ba152b3.jpg,/content/Image_captioning_Local/Flickr8K/Images/781387473_208ba152b3.jpg,person,0.4201151132583618,203.62274169921875,309.28448486328125,213.89405822753906,330.8160095214844,30
Flickr8K/781387473_208ba152b3.jpg,/content/Image_captioning_Local/Flickr8K/Images/781387473_208ba152b3.jpg,person,0.41487646102905273,71.18834686279297,264.2477111816406,83.34883880615234,295.03704833984375,30
Flickr8K/781387473_208ba152b3.jpg,/content/Image_captioning_Local/Flickr8K/Images/781387473_208ba152b3.jpg,person,0.39938607811927795,178.3719482421875,315.6388854980469,189.42543029785156,330.88897705078125,30
Flickr8K/781387473_208ba152b3.jpg,/content/Image_captioning_Local/Flickr8K/Images/781387473_208ba152b3.jpg,person,0.36304280161857605,109.2874755859375,307.6950988769531,120.40583038330078,322.30853271484375,30
Flickr8K/781387473_208ba152b3.jpg,/content/Image_captioning_Local/Flickr8K/Images/781387473_208ba152b3.jpg,person,0.35668373107910156,211.4749755859375,315.7033386230469,226.18089294433594,330.7810974121094,30
Flickr8K/781387473_208ba152b3.jpg,/content/Image_captioning_Local/Flickr8K/Images/781387473_208ba152b3.jpg,person,0.3555924594402313,83.79114532470703,280.9046325683594,95.66559600830078,295.5898742675781,30
Flickr8K/781387473_208ba152b3.jpg,/content/Image_captioning_Local/Flickr8K/Images/781387473_208ba152b3.jpg,umbrella,0.3534884750843048,49.571475982666016,248.18264770507812,78.01350402832031,266.89276123046875,30
Flickr8K/781387473_208ba152b3.jpg,/content/Image_captioning_Local/Flickr8K/Images/781387473_208ba152b3.jpg,umbrella,0.3415152132511139,-0.04357285797595978,255.7681884765625,33.943363189697266,275.72528076171875,30
Flickr8K/781387473_208ba152b3.jpg,/content/Image_captioning_Local/Flickr8K/Images/781387473_208ba152b3.jpg,umbrella,0.3220502734184265,388.225341796875,156.0526885986328,488.8267822265625,209.14659118652344,30
Flickr8K/781387473_208ba152b3.jpg,/content/Image_captioning_Local/Flickr8K/Images/781387473_208ba152b3.jpg,person,0.3179149031639099,60.535770416259766,264.57257080078125,71.7424545288086,286.6817932128906,30
Flickr8K/781387473_208ba152b3.jpg,/content/Image_captioning_Local/Flickr8K/Images/781387473_208ba152b3.jpg,person,0.2980247735977173,151.12759399414062,301.9514465332031,162.86497497558594,331.3869934082031,30
Flickr8K/781387473_208ba152b3.jpg,/content/Image_captioning_Local/Flickr8K/Images/781387473_208ba152b3.jpg,person,0.2978907525539398,92.91549682617188,268.5669250488281,103.77603149414062,295.2551574707031,30
Flickr8K/781387473_208ba152b3.jpg,/content/Image_captioning_Local/Flickr8K/Images/781387473_208ba152b3.jpg,person,0.2960105836391449,93.5414047241211,268.6332092285156,103.70014190673828,283.9408264160156,30
Flickr8K/781387473_208ba152b3.jpg,/content/Image_captioning_Local/Flickr8K/Images/781387473_208ba152b3.jpg,bench,0.29489636421203613,59.54877853393555,80.16890716552734,339.47247314453125,267.97271728515625,30
Flickr8K/781387473_208ba152b3.jpg,/content/Image_captioning_Local/Flickr8K/Images/781387473_208ba152b3.jpg,umbrella,0.2939780354499817,25.31109046936035,210.22108459472656,83.17852783203125,252.48216247558594,30
Flickr8K/781387473_208ba152b3.jpg,/content/Image_captioning_Local/Flickr8K/Images/781387473_208ba152b3.jpg,person,0.29364776611328125,134.6292266845703,310.8250732421875,142.01455688476562,328.91375732421875,30
Flickr8K/781387473_208ba152b3.jpg,/content/Image_captioning_Local/Flickr8K/Images/781387473_208ba152b3.jpg,umbrella,0.2839079797267914,475.34979248046875,292.6357727050781,499.99749755859375,331.01361083984375,30
Flickr8K/781387473_208ba152b3.jpg,/content/Image_captioning_Local/Flickr8K/Images/781387473_208ba152b3.jpg,umbrella,0.27687886357307434,155.28038024902344,198.70504760742188,212.42681884765625,229.17361450195312,30
Flickr8K/781387473_208ba152b3.jpg,/content/Image_captioning_Local/Flickr8K/Images/781387473_208ba152b3.jpg,person,0.2729954719543457,23.821510314941406,248.86813354492188,33.099037170410156,263.9463195800781,30
Flickr8K/781387473_208ba152b3.jpg,/content/Image_captioning_Local/Flickr8K/Images/781387473_208ba152b3.jpg,person,0.26469725370407104,153.4730224609375,308.564208984375,162.1451416015625,331.29052734375,30
Flickr8K/781387473_208ba152b3.jpg,/content/Image_captioning_Local/Flickr8K/Images/781387473_208ba152b3.jpg,person,0.26256105303764343,146.95053100585938,312.5140075683594,155.1498565673828,326.80743408203125,30
Flickr8K/782017931_75d92bb7a4.jpg,/content/Image_captioning_Local/Flickr8K/Images/782017931_75d92bb7a4.jpg,bicycle,0.9235775470733643,286.2882385253906,177.3561248779297,492.1062927246094,309.6980285644531,3
Flickr8K/782017931_75d92bb7a4.jpg,/content/Image_captioning_Local/Flickr8K/Images/782017931_75d92bb7a4.jpg,person,0.8964890837669373,233.6393585205078,110.7501220703125,295.39013671875,310.0452575683594,3
Flickr8K/782017931_75d92bb7a4.jpg,/content/Image_captioning_Local/Flickr8K/Images/782017931_75d92bb7a4.jpg,person,0.871284544467926,191.6817169189453,115.41027069091797,246.80715942382812,307.3465576171875,3
Flickr8K/782401952_5bc5d3413a.jpg,/content/Image_captioning_Local/Flickr8K/Images/782401952_5bc5d3413a.jpg,person,0.9169252514839172,24.184175491333008,118.38375854492188,150.38278198242188,395.6517639160156,10
Flickr8K/782401952_5bc5d3413a.jpg,/content/Image_captioning_Local/Flickr8K/Images/782401952_5bc5d3413a.jpg,person,0.9148203730583191,180.12744140625,101.80674743652344,286.0486755371094,395.7320861816406,10
Flickr8K/782401952_5bc5d3413a.jpg,/content/Image_captioning_Local/Flickr8K/Images/782401952_5bc5d3413a.jpg,person,0.9133011698722839,124.27606964111328,114.43222045898438,219.15151977539062,395.63494873046875,10
Flickr8K/782401952_5bc5d3413a.jpg,/content/Image_captioning_Local/Flickr8K/Images/782401952_5bc5d3413a.jpg,cup,0.8079586625099182,23.864089965820312,198.69189453125,54.944053649902344,260.3553161621094,10
Flickr8K/782401952_5bc5d3413a.jpg,/content/Image_captioning_Local/Flickr8K/Images/782401952_5bc5d3413a.jpg,cup,0.7806143164634705,217.8939208984375,185.3074951171875,244.1473846435547,230.7176055908203,10
Flickr8K/782401952_5bc5d3413a.jpg,/content/Image_captioning_Local/Flickr8K/Images/782401952_5bc5d3413a.jpg,cell phone,0.49666640162467957,141.17999267578125,289.32342529296875,153.68809509277344,301.8799743652344,10
Flickr8K/782401952_5bc5d3413a.jpg,/content/Image_captioning_Local/Flickr8K/Images/782401952_5bc5d3413a.jpg,person,0.47256559133529663,364.7101745605469,161.40042114257812,386.5804443359375,235.68771362304688,10
Flickr8K/782401952_5bc5d3413a.jpg,/content/Image_captioning_Local/Flickr8K/Images/782401952_5bc5d3413a.jpg,cup,0.40232375264167786,195.5638427734375,200.0487060546875,209.4712371826172,216.25982666015625,10
Flickr8K/782401952_5bc5d3413a.jpg,/content/Image_captioning_Local/Flickr8K/Images/782401952_5bc5d3413a.jpg,handbag,0.2733669877052307,170.4111785888672,172.19143676757812,210.3884735107422,216.89996337890625,10
Flickr8K/782401952_5bc5d3413a.jpg,/content/Image_captioning_Local/Flickr8K/Images/782401952_5bc5d3413a.jpg,cup,0.26409009099006653,298.6094055175781,269.0889892578125,327.7022399902344,312.1425476074219,10
Flickr8K/783353797_fdf91bdf4c.jpg,/content/Image_captioning_Local/Flickr8K/Images/783353797_fdf91bdf4c.jpg,person,0.9515582323074341,337.8946228027344,18.49452018737793,500.15478515625,321.26617431640625,5
Flickr8K/783353797_fdf91bdf4c.jpg,/content/Image_captioning_Local/Flickr8K/Images/783353797_fdf91bdf4c.jpg,car,0.8806475400924683,-0.10696053504943848,-0.18052567541599274,157.47000122070312,84.16651916503906,5
Flickr8K/783353797_fdf91bdf4c.jpg,/content/Image_captioning_Local/Flickr8K/Images/783353797_fdf91bdf4c.jpg,car,0.8138546347618103,57.933719635009766,-0.09708818793296814,375.34344482421875,126.60191345214844,5
Flickr8K/783353797_fdf91bdf4c.jpg,/content/Image_captioning_Local/Flickr8K/Images/783353797_fdf91bdf4c.jpg,truck,0.5536951422691345,57.733612060546875,-0.17786599695682526,376.2139587402344,126.87242126464844,5
Flickr8K/783353797_fdf91bdf4c.jpg,/content/Image_captioning_Local/Flickr8K/Images/783353797_fdf91bdf4c.jpg,truck,0.3836155831813812,-0.17617642879486084,-0.33968955278396606,155.55860900878906,83.93226623535156,5
Flickr8K/783994497_4f6885454d.jpg,/content/Image_captioning_Local/Flickr8K/Images/783994497_4f6885454d.jpg,person,0.9554927349090576,227.81105041503906,124.54052734375,444.1065673828125,449.4776916503906,21
Flickr8K/783994497_4f6885454d.jpg,/content/Image_captioning_Local/Flickr8K/Images/783994497_4f6885454d.jpg,person,0.9515047073364258,28.022199630737305,91.25493621826172,259.7763977050781,449.7666015625,21
Flickr8K/783994497_4f6885454d.jpg,/content/Image_captioning_Local/Flickr8K/Images/783994497_4f6885454d.jpg,person,0.8168092370033264,78.4597396850586,166.29647827148438,134.54403686523438,218.40216064453125,21
Flickr8K/783994497_4f6885454d.jpg,/content/Image_captioning_Local/Flickr8K/Images/783994497_4f6885454d.jpg,person,0.7776167988777161,311.9562683105469,200.8994903564453,395.1569519042969,305.7144470214844,21
Flickr8K/783994497_4f6885454d.jpg,/content/Image_captioning_Local/Flickr8K/Images/783994497_4f6885454d.jpg,person,0.6975921392440796,263.6741943359375,175.2084197998047,288.7908935546875,199.30606079101562,21
Flickr8K/783994497_4f6885454d.jpg,/content/Image_captioning_Local/Flickr8K/Images/783994497_4f6885454d.jpg,cup,0.5210776329040527,358.6954650878906,278.7286376953125,373.6053466796875,292.0645751953125,21
Flickr8K/783994497_4f6885454d.jpg,/content/Image_captioning_Local/Flickr8K/Images/783994497_4f6885454d.jpg,cup,0.4819968044757843,430.2650146484375,320.3521728515625,458.2328796386719,367.39697265625,21
Flickr8K/783994497_4f6885454d.jpg,/content/Image_captioning_Local/Flickr8K/Images/783994497_4f6885454d.jpg,bottle,0.40351179242134094,479.3604431152344,278.96875,499.278564453125,337.703369140625,21
Flickr8K/783994497_4f6885454d.jpg,/content/Image_captioning_Local/Flickr8K/Images/783994497_4f6885454d.jpg,cup,0.3682534694671631,358.1462097167969,278.7607727050781,373.83905029296875,308.52215576171875,21
Flickr8K/783994497_4f6885454d.jpg,/content/Image_captioning_Local/Flickr8K/Images/783994497_4f6885454d.jpg,person,0.36194729804992676,228.06643676757812,175.1261749267578,288.7645263671875,280.4929504394531,21
Flickr8K/783994497_4f6885454d.jpg,/content/Image_captioning_Local/Flickr8K/Images/783994497_4f6885454d.jpg,bottle,0.34224534034729004,440.8687438964844,268.09808349609375,455.4432678222656,290.1036071777344,21
Flickr8K/783994497_4f6885454d.jpg,/content/Image_captioning_Local/Flickr8K/Images/783994497_4f6885454d.jpg,person,0.33941370248794556,338.46307373046875,202.08868408203125,376.9039611816406,400.69677734375,21
Flickr8K/783994497_4f6885454d.jpg,/content/Image_captioning_Local/Flickr8K/Images/783994497_4f6885454d.jpg,person,0.32187747955322266,312.3593444824219,200.6260528564453,391.71881103515625,402.7908020019531,21
Flickr8K/783994497_4f6885454d.jpg,/content/Image_captioning_Local/Flickr8K/Images/783994497_4f6885454d.jpg,bottle,0.3026704490184784,479.532470703125,278.91510009765625,497.9540710449219,317.8464050292969,21
Flickr8K/783994497_4f6885454d.jpg,/content/Image_captioning_Local/Flickr8K/Images/783994497_4f6885454d.jpg,cup,0.29369500279426575,461.6070861816406,281.4770812988281,478.9796447753906,301.5354919433594,21
Flickr8K/783994497_4f6885454d.jpg,/content/Image_captioning_Local/Flickr8K/Images/783994497_4f6885454d.jpg,bottle,0.2824033200740814,430.2650146484375,320.3521728515625,458.2328796386719,367.39697265625,21
Flickr8K/783994497_4f6885454d.jpg,/content/Image_captioning_Local/Flickr8K/Images/783994497_4f6885454d.jpg,person,0.2738948166370392,337.2436828613281,201.4984893798828,348.8177185058594,220.0633087158203,21
Flickr8K/783994497_4f6885454d.jpg,/content/Image_captioning_Local/Flickr8K/Images/783994497_4f6885454d.jpg,bottle,0.26824694871902466,461.6070861816406,281.4770812988281,478.9796447753906,301.5354919433594,21
Flickr8K/783994497_4f6885454d.jpg,/content/Image_captioning_Local/Flickr8K/Images/783994497_4f6885454d.jpg,person,0.2640726566314697,28.767566680908203,165.95179748535156,134.50096130371094,358.7489013671875,21
Flickr8K/783994497_4f6885454d.jpg,/content/Image_captioning_Local/Flickr8K/Images/783994497_4f6885454d.jpg,tv,0.2587330937385559,67.89875793457031,125.07465362548828,112.99337005615234,168.6983184814453,21
Flickr8K/783994497_4f6885454d.jpg,/content/Image_captioning_Local/Flickr8K/Images/783994497_4f6885454d.jpg,person,0.2525199353694916,28.95073890686035,165.7156982421875,134.77133178710938,450.18670654296875,21
Flickr8K/788126442_086334f0cf.jpg,/content/Image_captioning_Local/Flickr8K/Images/788126442_086334f0cf.jpg,person,0.9576700925827026,-0.0035627782344818115,91.13091278076172,321.1647033691406,448.08404541015625,6
Flickr8K/788126442_086334f0cf.jpg,/content/Image_captioning_Local/Flickr8K/Images/788126442_086334f0cf.jpg,cup,0.6422222256660461,210.32147216796875,342.6286926269531,281.48638916015625,431.74853515625,6
Flickr8K/788126442_086334f0cf.jpg,/content/Image_captioning_Local/Flickr8K/Images/788126442_086334f0cf.jpg,chair,0.3413621783256531,0.29013320803642273,164.03778076171875,332.7122497558594,498.19183349609375,6
Flickr8K/788126442_086334f0cf.jpg,/content/Image_captioning_Local/Flickr8K/Images/788126442_086334f0cf.jpg,chair,0.3183826506137848,0.26564034819602966,164.47862243652344,333.1250915527344,375.83935546875,6
Flickr8K/788126442_086334f0cf.jpg,/content/Image_captioning_Local/Flickr8K/Images/788126442_086334f0cf.jpg,chair,0.3001496195793152,173.87049865722656,165.2455596923828,332.9066467285156,374.3127136230469,6
Flickr8K/788126442_086334f0cf.jpg,/content/Image_captioning_Local/Flickr8K/Images/788126442_086334f0cf.jpg,bed,0.2575052082538605,0.29013320803642273,164.03778076171875,332.7122497558594,498.19183349609375,6
Flickr8K/78984436_ad96eaa802.jpg,/content/Image_captioning_Local/Flickr8K/Images/78984436_ad96eaa802.jpg,dog,0.9623342752456665,-0.09807944297790527,45.34434127807617,279.0062255859375,260.6417236328125,2
Flickr8K/78984436_ad96eaa802.jpg,/content/Image_captioning_Local/Flickr8K/Images/78984436_ad96eaa802.jpg,dog,0.9399574398994446,255.1124725341797,89.6275863647461,480.87359619140625,343.1067810058594,2
Flickr8K/791338571_7f38510bf7.jpg,/content/Image_captioning_Local/Flickr8K/Images/791338571_7f38510bf7.jpg,car,0.9658567905426025,38.959041595458984,102.13756561279297,293.8673400878906,275.8588562011719,3
Flickr8K/791338571_7f38510bf7.jpg,/content/Image_captioning_Local/Flickr8K/Images/791338571_7f38510bf7.jpg,cow,0.964383065700531,318.7897033691406,86.38456726074219,462.9825134277344,244.20616149902344,3
Flickr8K/791338571_7f38510bf7.jpg,/content/Image_captioning_Local/Flickr8K/Images/791338571_7f38510bf7.jpg,person,0.2716298997402191,165.78302001953125,123.46900939941406,210.7303466796875,158.35806274414062,3
Flickr8K/792362827_5ab5281b99.jpg,/content/Image_captioning_Local/Flickr8K/Images/792362827_5ab5281b99.jpg,person,0.947036862373352,164.81015014648438,47.82352066040039,264.19842529296875,327.1480407714844,16
Flickr8K/792362827_5ab5281b99.jpg,/content/Image_captioning_Local/Flickr8K/Images/792362827_5ab5281b99.jpg,person,0.9333053231239319,247.68978881835938,93.22681427001953,328.8868103027344,326.98236083984375,16
Flickr8K/792362827_5ab5281b99.jpg,/content/Image_captioning_Local/Flickr8K/Images/792362827_5ab5281b99.jpg,person,0.9266133308410645,56.91215515136719,26.017253875732422,169.12362670898438,327.0359802246094,16
Flickr8K/792362827_5ab5281b99.jpg,/content/Image_captioning_Local/Flickr8K/Images/792362827_5ab5281b99.jpg,person,0.9190649390220642,124.69479370117188,134.450927734375,213.9528350830078,326.8689880371094,16
Flickr8K/792362827_5ab5281b99.jpg,/content/Image_captioning_Local/Flickr8K/Images/792362827_5ab5281b99.jpg,person,0.8982187509536743,309.0372314453125,120.42242431640625,392.52825927734375,326.95684814453125,16
Flickr8K/792362827_5ab5281b99.jpg,/content/Image_captioning_Local/Flickr8K/Images/792362827_5ab5281b99.jpg,bicycle,0.8435548543930054,446.49517822265625,69.59046173095703,492.89898681640625,138.92843627929688,16
Flickr8K/792362827_5ab5281b99.jpg,/content/Image_captioning_Local/Flickr8K/Images/792362827_5ab5281b99.jpg,person,0.8351010680198669,33.67498016357422,-0.09035897254943848,78.57768249511719,88.26099395751953,16
Flickr8K/792362827_5ab5281b99.jpg,/content/Image_captioning_Local/Flickr8K/Images/792362827_5ab5281b99.jpg,chair,0.6824500560760498,146.89215087890625,23.48128318786621,195.83372497558594,101.46942138671875,16
Flickr8K/792362827_5ab5281b99.jpg,/content/Image_captioning_Local/Flickr8K/Images/792362827_5ab5281b99.jpg,baseball bat,0.6789865493774414,301.7477722167969,168.0125732421875,345.5174865722656,300.6595764160156,16
Flickr8K/792362827_5ab5281b99.jpg,/content/Image_captioning_Local/Flickr8K/Images/792362827_5ab5281b99.jpg,baseball bat,0.5087200999259949,298.46502685546875,168.43186950683594,345.372314453125,326.9048767089844,16
Flickr8K/792362827_5ab5281b99.jpg,/content/Image_captioning_Local/Flickr8K/Images/792362827_5ab5281b99.jpg,chair,0.42281392216682434,225.17576599121094,38.59784698486328,250.97265625,112.57854461669922,16
Flickr8K/792362827_5ab5281b99.jpg,/content/Image_captioning_Local/Flickr8K/Images/792362827_5ab5281b99.jpg,chair,0.35717082023620605,232.10699462890625,38.359840393066406,250.64181518554688,86.28731536865234,16
Flickr8K/792362827_5ab5281b99.jpg,/content/Image_captioning_Local/Flickr8K/Images/792362827_5ab5281b99.jpg,bicycle,0.34152448177337646,492.33892822265625,100.89916229248047,500.3417663574219,128.0436553955078,16
Flickr8K/792362827_5ab5281b99.jpg,/content/Image_captioning_Local/Flickr8K/Images/792362827_5ab5281b99.jpg,bicycle,0.30148860812187195,483.6990661621094,91.45723724365234,500.1736145019531,128.0187225341797,16
Flickr8K/792362827_5ab5281b99.jpg,/content/Image_captioning_Local/Flickr8K/Images/792362827_5ab5281b99.jpg,baseball bat,0.27907490730285645,311.3147277832031,168.4031219482422,345.3526306152344,269.07427978515625,16
Flickr8K/792362827_5ab5281b99.jpg,/content/Image_captioning_Local/Flickr8K/Images/792362827_5ab5281b99.jpg,person,0.2555413246154785,79.11016845703125,17.756826400756836,107.29193115234375,91.47513580322266,16
Flickr8K/795081510_53fd17d101.jpg,/content/Image_captioning_Local/Flickr8K/Images/795081510_53fd17d101.jpg,boat,0.9033814668655396,86.68594360351562,156.04466247558594,220.46246337890625,194.71075439453125,10
Flickr8K/795081510_53fd17d101.jpg,/content/Image_captioning_Local/Flickr8K/Images/795081510_53fd17d101.jpg,person,0.8528575301170349,330.2286071777344,121.21088409423828,437.0298156738281,374.8753356933594,10
Flickr8K/795081510_53fd17d101.jpg,/content/Image_captioning_Local/Flickr8K/Images/795081510_53fd17d101.jpg,person,0.7426447868347168,319.8180236816406,145.05271911621094,371.061279296875,374.79571533203125,10
Flickr8K/795081510_53fd17d101.jpg,/content/Image_captioning_Local/Flickr8K/Images/795081510_53fd17d101.jpg,handbag,0.5392541885375977,328.79815673828125,191.2637481689453,369.9589538574219,246.705322265625,10
Flickr8K/795081510_53fd17d101.jpg,/content/Image_captioning_Local/Flickr8K/Images/795081510_53fd17d101.jpg,handbag,0.3960205912590027,339.3271179199219,210.8785400390625,370.00921630859375,244.74362182617188,10
Flickr8K/795081510_53fd17d101.jpg,/content/Image_captioning_Local/Flickr8K/Images/795081510_53fd17d101.jpg,person,0.37480613589286804,326.5998229980469,145.2635040283203,363.6976013183594,200.39215087890625,10
Flickr8K/795081510_53fd17d101.jpg,/content/Image_captioning_Local/Flickr8K/Images/795081510_53fd17d101.jpg,handbag,0.36804696917533875,329.79913330078125,209.37506103515625,369.8875732421875,246.5030517578125,10
Flickr8K/795081510_53fd17d101.jpg,/content/Image_captioning_Local/Flickr8K/Images/795081510_53fd17d101.jpg,bird,0.3247969150543213,442.2821350097656,231.5217742919922,452.1929016113281,239.06442260742188,10
Flickr8K/795081510_53fd17d101.jpg,/content/Image_captioning_Local/Flickr8K/Images/795081510_53fd17d101.jpg,bird,0.29463934898376465,457.5709228515625,231.0060272216797,468.7169189453125,238.37852478027344,10
Flickr8K/795081510_53fd17d101.jpg,/content/Image_captioning_Local/Flickr8K/Images/795081510_53fd17d101.jpg,bird,0.25714582204818726,441.8842468261719,230.836669921875,468.8269348144531,238.95335388183594,10
Flickr8K/798343627_7492fe0c12.jpg,/content/Image_captioning_Local/Flickr8K/Images/798343627_7492fe0c12.jpg,person,0.9165599942207336,0.73945152759552,-0.1938343048095703,334.3692321777344,499.6201477050781,2
Flickr8K/798343627_7492fe0c12.jpg,/content/Image_captioning_Local/Flickr8K/Images/798343627_7492fe0c12.jpg,wine glass,0.2537730038166046,20.562864303588867,105.70185089111328,374.86273193359375,398.4300537109375,2
Flickr8K/799199774_142b1c3bb2.jpg,/content/Image_captioning_Local/Flickr8K/Images/799199774_142b1c3bb2.jpg,person,0.8794373273849487,106.48825073242188,56.188053131103516,299.64642333984375,237.85438537597656,5
Flickr8K/799199774_142b1c3bb2.jpg,/content/Image_captioning_Local/Flickr8K/Images/799199774_142b1c3bb2.jpg,surfboard,0.848676860332489,282.5499572753906,45.61708450317383,499.6950988769531,103.39073181152344,5
Flickr8K/799199774_142b1c3bb2.jpg,/content/Image_captioning_Local/Flickr8K/Images/799199774_142b1c3bb2.jpg,surfboard,0.47727829217910767,231.2413787841797,113.08644104003906,499.6491394042969,250.1053009033203,5
Flickr8K/799199774_142b1c3bb2.jpg,/content/Image_captioning_Local/Flickr8K/Images/799199774_142b1c3bb2.jpg,surfboard,0.2846626043319702,221.14817810058594,133.48680114746094,306.10614013671875,177.4138641357422,5
Flickr8K/799199774_142b1c3bb2.jpg,/content/Image_captioning_Local/Flickr8K/Images/799199774_142b1c3bb2.jpg,person,0.2509537637233734,106.91510009765625,55.0355224609375,499.70782470703125,250.2167510986328,5
Flickr8K/799431781_65dc312afc.jpg,/content/Image_captioning_Local/Flickr8K/Images/799431781_65dc312afc.jpg,person,0.9398148655891418,311.8211669921875,65.14201354980469,499.04864501953125,332.7677001953125,5
Flickr8K/799431781_65dc312afc.jpg,/content/Image_captioning_Local/Flickr8K/Images/799431781_65dc312afc.jpg,person,0.9313647747039795,135.08006286621094,43.32143783569336,303.2171630859375,332.90753173828125,5
Flickr8K/799431781_65dc312afc.jpg,/content/Image_captioning_Local/Flickr8K/Images/799431781_65dc312afc.jpg,person,0.9165285229682922,-0.6498470902442932,78.22954559326172,188.00416564941406,332.8703918457031,5
Flickr8K/799431781_65dc312afc.jpg,/content/Image_captioning_Local/Flickr8K/Images/799431781_65dc312afc.jpg,bench,0.42034584283828735,0.26904046535491943,266.2608337402344,318.150634765625,332.9298400878906,5
Flickr8K/799431781_65dc312afc.jpg,/content/Image_captioning_Local/Flickr8K/Images/799431781_65dc312afc.jpg,bench,0.3417404294013977,280.8712463378906,266.8201904296875,317.4476318359375,319.2175598144531,5
Flickr8K/799486353_f665d7b0f0.jpg,/content/Image_captioning_Local/Flickr8K/Images/799486353_f665d7b0f0.jpg,person,0.9478968977928162,18.248628616333008,80.536376953125,299.8804016113281,496.970947265625,2
Flickr8K/799486353_f665d7b0f0.jpg,/content/Image_captioning_Local/Flickr8K/Images/799486353_f665d7b0f0.jpg,surfboard,0.8400073051452637,46.54681396484375,335.25616455078125,299.1366271972656,499.8507385253906,2
Flickr8K/801607443_f15956d1ce.jpg,/content/Image_captioning_Local/Flickr8K/Images/801607443_f15956d1ce.jpg,person,0.9373576045036316,159.8172607421875,52.840938568115234,231.51234436035156,163.71554565429688,2
Flickr8K/801607443_f15956d1ce.jpg,/content/Image_captioning_Local/Flickr8K/Images/801607443_f15956d1ce.jpg,person,0.8064737319946289,140.35067749023438,178.12171936035156,177.5092315673828,286.823486328125,2
Flickr8K/802594049_289e3c8420.jpg,/content/Image_captioning_Local/Flickr8K/Images/802594049_289e3c8420.jpg,person,0.9411512613296509,-0.29668211936950684,41.27089309692383,253.43167114257812,316.17962646484375,1
Flickr8K/804087017_330bcc8c56.jpg,/content/Image_captioning_Local/Flickr8K/Images/804087017_330bcc8c56.jpg,person,0.9432539343833923,116.37728118896484,210.6847381591797,185.69732666015625,328.0434265136719,30
Flickr8K/804087017_330bcc8c56.jpg,/content/Image_captioning_Local/Flickr8K/Images/804087017_330bcc8c56.jpg,person,0.9284394383430481,153.56832885742188,216.822509765625,229.26902770996094,317.5231018066406,30
Flickr8K/804087017_330bcc8c56.jpg,/content/Image_captioning_Local/Flickr8K/Images/804087017_330bcc8c56.jpg,person,0.8868955969810486,348.141357421875,197.8698272705078,368.2187194824219,256.3524169921875,30
Flickr8K/804087017_330bcc8c56.jpg,/content/Image_captioning_Local/Flickr8K/Images/804087017_330bcc8c56.jpg,bench,0.882934033870697,0.24533644318580627,285.2021789550781,121.0527572631836,333.6763916015625,30
Flickr8K/804087017_330bcc8c56.jpg,/content/Image_captioning_Local/Flickr8K/Images/804087017_330bcc8c56.jpg,person,0.8566384315490723,271.7732238769531,215.68777465820312,319.271728515625,275.95965576171875,30
Flickr8K/804087017_330bcc8c56.jpg,/content/Image_captioning_Local/Flickr8K/Images/804087017_330bcc8c56.jpg,person,0.8463360071182251,371.2763366699219,203.021484375,392.4682922363281,248.52325439453125,30
Flickr8K/804087017_330bcc8c56.jpg,/content/Image_captioning_Local/Flickr8K/Images/804087017_330bcc8c56.jpg,person,0.7814905047416687,487.2082824707031,204.40994262695312,498.984375,229.69662475585938,30
Flickr8K/804087017_330bcc8c56.jpg,/content/Image_captioning_Local/Flickr8K/Images/804087017_330bcc8c56.jpg,person,0.6172000765800476,417.5906677246094,201.03001403808594,431.6844482421875,226.3522491455078,30
Flickr8K/804087017_330bcc8c56.jpg,/content/Image_captioning_Local/Flickr8K/Images/804087017_330bcc8c56.jpg,umbrella,0.5277599096298218,420.9079284667969,186.52337646484375,475.631591796875,201.1459197998047,30
Flickr8K/804087017_330bcc8c56.jpg,/content/Image_captioning_Local/Flickr8K/Images/804087017_330bcc8c56.jpg,bench,0.49540138244628906,389.8011779785156,219.29470825195312,410.3777770996094,243.62022399902344,30
Flickr8K/804087017_330bcc8c56.jpg,/content/Image_captioning_Local/Flickr8K/Images/804087017_330bcc8c56.jpg,person,0.4648744761943817,288.5036315917969,214.26416015625,308.94793701171875,241.35279846191406,30
Flickr8K/804087017_330bcc8c56.jpg,/content/Image_captioning_Local/Flickr8K/Images/804087017_330bcc8c56.jpg,person,0.46314671635627747,473.4010009765625,207.5565948486328,481.0119934082031,222.3291778564453,30
Flickr8K/804087017_330bcc8c56.jpg,/content/Image_captioning_Local/Flickr8K/Images/804087017_330bcc8c56.jpg,bench,0.4608905017375946,271.6943054199219,250.69273376464844,300.26275634765625,272.7785949707031,30
Flickr8K/804087017_330bcc8c56.jpg,/content/Image_captioning_Local/Flickr8K/Images/804087017_330bcc8c56.jpg,person,0.4361477792263031,288.01312255859375,213.9909210205078,319.9154968261719,269.82147216796875,30
Flickr8K/804087017_330bcc8c56.jpg,/content/Image_captioning_Local/Flickr8K/Images/804087017_330bcc8c56.jpg,umbrella,0.39969906210899353,374.7697448730469,184.4070281982422,422.1812438964844,203.89576721191406,30
Flickr8K/804087017_330bcc8c56.jpg,/content/Image_captioning_Local/Flickr8K/Images/804087017_330bcc8c56.jpg,bench,0.39157384634017944,270.5613098144531,233.7412872314453,300.4478454589844,272.85357666015625,30
Flickr8K/804087017_330bcc8c56.jpg,/content/Image_captioning_Local/Flickr8K/Images/804087017_330bcc8c56.jpg,person,0.39047524333000183,270.703125,216.0923309326172,291.8055114746094,252.22689819335938,30
Flickr8K/804087017_330bcc8c56.jpg,/content/Image_captioning_Local/Flickr8K/Images/804087017_330bcc8c56.jpg,bench,0.3824276924133301,362.60113525390625,222.92762756347656,382.4046630859375,250.54115295410156,30
Flickr8K/804087017_330bcc8c56.jpg,/content/Image_captioning_Local/Flickr8K/Images/804087017_330bcc8c56.jpg,umbrella,0.3623013198375702,488.1851501464844,196.28759765625,500.3453369140625,205.07565307617188,30
Flickr8K/804087017_330bcc8c56.jpg,/content/Image_captioning_Local/Flickr8K/Images/804087017_330bcc8c56.jpg,umbrella,0.3548440933227539,395.2523193359375,185.45094299316406,422.2086486816406,201.52590942382812,30
Flickr8K/804087017_330bcc8c56.jpg,/content/Image_captioning_Local/Flickr8K/Images/804087017_330bcc8c56.jpg,handbag,0.3265819847583771,121.47382354736328,266.4262390136719,158.16000366210938,290.05340576171875,30
Flickr8K/804087017_330bcc8c56.jpg,/content/Image_captioning_Local/Flickr8K/Images/804087017_330bcc8c56.jpg,person,0.29209354519844055,417.99078369140625,201.39971923828125,429.040771484375,215.85365295410156,30
Flickr8K/804087017_330bcc8c56.jpg,/content/Image_captioning_Local/Flickr8K/Images/804087017_330bcc8c56.jpg,umbrella,0.29044848680496216,421.83404541015625,186.54859924316406,451.9363098144531,200.5761260986328,30
Flickr8K/804087017_330bcc8c56.jpg,/content/Image_captioning_Local/Flickr8K/Images/804087017_330bcc8c56.jpg,person,0.28289854526519775,270.7866516113281,215.854736328125,300.6944580078125,271.9040832519531,30
Flickr8K/804087017_330bcc8c56.jpg,/content/Image_captioning_Local/Flickr8K/Images/804087017_330bcc8c56.jpg,person,0.27607065439224243,446.4876403808594,202.42974853515625,454.7611083984375,217.92648315429688,30
Flickr8K/804087017_330bcc8c56.jpg,/content/Image_captioning_Local/Flickr8K/Images/804087017_330bcc8c56.jpg,umbrella,0.26937705278396606,420.9225158691406,186.21051025390625,475.8131408691406,217.47320556640625,30
Flickr8K/804087017_330bcc8c56.jpg,/content/Image_captioning_Local/Flickr8K/Images/804087017_330bcc8c56.jpg,person,0.2593606412410736,414.9396057128906,200.78102111816406,431.3251647949219,244.5682830810547,30
Flickr8K/804087017_330bcc8c56.jpg,/content/Image_captioning_Local/Flickr8K/Images/804087017_330bcc8c56.jpg,bench,0.25778642296791077,363.64739990234375,219.5738983154297,410.3736267089844,246.0693817138672,30
Flickr8K/804087017_330bcc8c56.jpg,/content/Image_captioning_Local/Flickr8K/Images/804087017_330bcc8c56.jpg,bench,0.2563392221927643,186.85504150390625,254.0763397216797,209.65164184570312,278.9033508300781,30
Flickr8K/804087017_330bcc8c56.jpg,/content/Image_captioning_Local/Flickr8K/Images/804087017_330bcc8c56.jpg,person,0.2510748505592346,270.9758605957031,216.5296630859375,319.0766906738281,274.92822265625,30
Flickr8K/805682444_90ed9e1ef3.jpg,/content/Image_captioning_Local/Flickr8K/Images/805682444_90ed9e1ef3.jpg,dog,0.9564380049705505,24.495243072509766,81.00467681884766,297.6405334472656,364.0912780761719,3
Flickr8K/805682444_90ed9e1ef3.jpg,/content/Image_captioning_Local/Flickr8K/Images/805682444_90ed9e1ef3.jpg,dog,0.9455808401107788,282.8634338378906,48.90953063964844,471.0428771972656,356.0012512207031,3
Flickr8K/805682444_90ed9e1ef3.jpg,/content/Image_captioning_Local/Flickr8K/Images/805682444_90ed9e1ef3.jpg,sports ball,0.4812075197696686,277.5229797363281,329.4884948730469,329.2380065917969,359.0638427734375,3
Flickr8K/808245064_8a7971fc5b.jpg,/content/Image_captioning_Local/Flickr8K/Images/808245064_8a7971fc5b.jpg,person,0.9579029679298401,224.26161193847656,103.888427734375,397.93560791015625,385.87274169921875,3
Flickr8K/808245064_8a7971fc5b.jpg,/content/Image_captioning_Local/Flickr8K/Images/808245064_8a7971fc5b.jpg,toothbrush,0.355796217918396,225.98556518554688,152.4410400390625,254.5488739013672,159.1175994873047,3
Flickr8K/808245064_8a7971fc5b.jpg,/content/Image_captioning_Local/Flickr8K/Images/808245064_8a7971fc5b.jpg,bottle,0.2870925962924957,0.6954782009124756,203.67872619628906,118.05030822753906,386.0793151855469,3
Flickr8K/811662356_f9a632b63c.jpg,/content/Image_captioning_Local/Flickr8K/Images/811662356_f9a632b63c.jpg,person,0.9676772356033325,62.37363052368164,31.861528396606445,305.58465576171875,499.433349609375,8
Flickr8K/811662356_f9a632b63c.jpg,/content/Image_captioning_Local/Flickr8K/Images/811662356_f9a632b63c.jpg,car,0.6282138824462891,267.9583435058594,171.23960876464844,299.04547119140625,204.24554443359375,8
Flickr8K/811662356_f9a632b63c.jpg,/content/Image_captioning_Local/Flickr8K/Images/811662356_f9a632b63c.jpg,truck,0.40521302819252014,265.53564453125,154.79214477539062,331.6383361816406,197.13162231445312,8
Flickr8K/811662356_f9a632b63c.jpg,/content/Image_captioning_Local/Flickr8K/Images/811662356_f9a632b63c.jpg,car,0.36318886280059814,295.7808532714844,172.13755798339844,322.1152648925781,196.62413024902344,8
Flickr8K/811662356_f9a632b63c.jpg,/content/Image_captioning_Local/Flickr8K/Images/811662356_f9a632b63c.jpg,car,0.28645238280296326,317.9600524902344,166.1521759033203,332.12945556640625,197.49929809570312,8
Flickr8K/811662356_f9a632b63c.jpg,/content/Image_captioning_Local/Flickr8K/Images/811662356_f9a632b63c.jpg,truck,0.2796849012374878,268.153564453125,170.97532653808594,298.84332275390625,204.37962341308594,8
Flickr8K/811662356_f9a632b63c.jpg,/content/Image_captioning_Local/Flickr8K/Images/811662356_f9a632b63c.jpg,truck,0.27591025829315186,267.6660461425781,155.84347534179688,322.4421081542969,196.42431640625,8
Flickr8K/811662356_f9a632b63c.jpg,/content/Image_captioning_Local/Flickr8K/Images/811662356_f9a632b63c.jpg,car,0.2704117000102997,267.6660461425781,155.84347534179688,322.4421081542969,196.42431640625,8
Flickr8K/811663364_4b350a62ce.jpg,/content/Image_captioning_Local/Flickr8K/Images/811663364_4b350a62ce.jpg,person,0.9635102152824402,87.57991790771484,24.401947021484375,314.41314697265625,432.2038269042969,3
Flickr8K/811663364_4b350a62ce.jpg,/content/Image_captioning_Local/Flickr8K/Images/811663364_4b350a62ce.jpg,baseball bat,0.4313085973262787,100.83345794677734,445.7803039550781,311.4952697753906,487.4139099121094,3
Flickr8K/811663364_4b350a62ce.jpg,/content/Image_captioning_Local/Flickr8K/Images/811663364_4b350a62ce.jpg,baseball bat,0.31223157048225403,100.43941497802734,445.6266784667969,334.30029296875,487.6543273925781,3
Flickr8K/812196663_0c969970b5.jpg,/content/Image_captioning_Local/Flickr8K/Images/812196663_0c969970b5.jpg,person,0.9320677518844604,221.24331665039062,99.93632507324219,304.6934509277344,370.96746826171875,2
Flickr8K/812196663_0c969970b5.jpg,/content/Image_captioning_Local/Flickr8K/Images/812196663_0c969970b5.jpg,person,0.9274874329566956,179.9138946533203,142.53099060058594,255.45977783203125,363.7905578613281,2
Flickr8K/816084977_21c1811c9a.jpg,/content/Image_captioning_Local/Flickr8K/Images/816084977_21c1811c9a.jpg,person,0.9417065382003784,135.82553100585938,88.18074035644531,239.19760131835938,333.2731018066406,2
Flickr8K/816084977_21c1811c9a.jpg,/content/Image_captioning_Local/Flickr8K/Images/816084977_21c1811c9a.jpg,dog,0.8591858744621277,371.0639953613281,108.78987884521484,499.9253234863281,294.8972473144531,2
Flickr8K/818340833_7b963c0ee3.jpg,/content/Image_captioning_Local/Flickr8K/Images/818340833_7b963c0ee3.jpg,dog,0.9113529920578003,168.1339111328125,72.99291229248047,306.6409912109375,309.79754638671875,1
Flickr8K/820169182_f5e78d7d19.jpg,/content/Image_captioning_Local/Flickr8K/Images/820169182_f5e78d7d19.jpg,person,0.9632401466369629,217.22653198242188,135.07498168945312,499.32708740234375,334.28338623046875,28
Flickr8K/820169182_f5e78d7d19.jpg,/content/Image_captioning_Local/Flickr8K/Images/820169182_f5e78d7d19.jpg,person,0.9512661099433899,0.14190375804901123,0.2652589976787567,167.61419677734375,241.2249298095703,28
Flickr8K/820169182_f5e78d7d19.jpg,/content/Image_captioning_Local/Flickr8K/Images/820169182_f5e78d7d19.jpg,sports ball,0.8593927025794983,285.4095153808594,69.047607421875,317.08221435546875,100.7498779296875,28
Flickr8K/820169182_f5e78d7d19.jpg,/content/Image_captioning_Local/Flickr8K/Images/820169182_f5e78d7d19.jpg,sports ball,0.8286705017089844,240.5490264892578,73.9486083984375,272.1471252441406,104.87847137451172,28
Flickr8K/820169182_f5e78d7d19.jpg,/content/Image_captioning_Local/Flickr8K/Images/820169182_f5e78d7d19.jpg,sports ball,0.827204167842865,211.20069885253906,163.05824279785156,244.89892578125,194.46636962890625,28
Flickr8K/820169182_f5e78d7d19.jpg,/content/Image_captioning_Local/Flickr8K/Images/820169182_f5e78d7d19.jpg,sports ball,0.8079819679260254,301.159423828125,148.00978088378906,334.50433349609375,181.3332061767578,28
Flickr8K/820169182_f5e78d7d19.jpg,/content/Image_captioning_Local/Flickr8K/Images/820169182_f5e78d7d19.jpg,sports ball,0.7987000942230225,125.26746368408203,32.195098876953125,156.92074584960938,62.858863830566406,28
Flickr8K/820169182_f5e78d7d19.jpg,/content/Image_captioning_Local/Flickr8K/Images/820169182_f5e78d7d19.jpg,sports ball,0.7532817125320435,158.35337829589844,71.54585266113281,188.79164123535156,102.34965515136719,28
Flickr8K/820169182_f5e78d7d19.jpg,/content/Image_captioning_Local/Flickr8K/Images/820169182_f5e78d7d19.jpg,sports ball,0.7351128458976746,423.08587646484375,147.56663513183594,455.9334411621094,180.25172424316406,28
Flickr8K/820169182_f5e78d7d19.jpg,/content/Image_captioning_Local/Flickr8K/Images/820169182_f5e78d7d19.jpg,sports ball,0.7235256433486938,384.7741394042969,148.85658264160156,417.5049743652344,181.94505310058594,28
Flickr8K/820169182_f5e78d7d19.jpg,/content/Image_captioning_Local/Flickr8K/Images/820169182_f5e78d7d19.jpg,sports ball,0.7185937762260437,330.635986328125,160.044677734375,363.7795715332031,191.69029235839844,28
Flickr8K/820169182_f5e78d7d19.jpg,/content/Image_captioning_Local/Flickr8K/Images/820169182_f5e78d7d19.jpg,sports ball,0.6168619990348816,186.94053649902344,182.8881378173828,221.0123748779297,216.31666564941406,28
Flickr8K/820169182_f5e78d7d19.jpg,/content/Image_captioning_Local/Flickr8K/Images/820169182_f5e78d7d19.jpg,sports ball,0.6064292788505554,99.50049591064453,156.25949096679688,130.6289825439453,180.16249084472656,28
Flickr8K/820169182_f5e78d7d19.jpg,/content/Image_captioning_Local/Flickr8K/Images/820169182_f5e78d7d19.jpg,sports ball,0.5770195722579956,88.63148498535156,177.3297119140625,122.36929321289062,210.34898376464844,28
Flickr8K/820169182_f5e78d7d19.jpg,/content/Image_captioning_Local/Flickr8K/Images/820169182_f5e78d7d19.jpg,sports ball,0.5619688034057617,175.99765014648438,212.40635681152344,209.01649475097656,245.58384704589844,28
Flickr8K/820169182_f5e78d7d19.jpg,/content/Image_captioning_Local/Flickr8K/Images/820169182_f5e78d7d19.jpg,sports ball,0.5535664558410645,327.556640625,35.2718505859375,359.9059143066406,58.78896713256836,28
Flickr8K/820169182_f5e78d7d19.jpg,/content/Image_captioning_Local/Flickr8K/Images/820169182_f5e78d7d19.jpg,sports ball,0.5513078570365906,221.1869659423828,192.2064208984375,255.1458740234375,225.92034912109375,28
Flickr8K/820169182_f5e78d7d19.jpg,/content/Image_captioning_Local/Flickr8K/Images/820169182_f5e78d7d19.jpg,sports ball,0.5499270558357239,121.85699462890625,173.1819610595703,155.72007751464844,206.63421630859375,28
Flickr8K/820169182_f5e78d7d19.jpg,/content/Image_captioning_Local/Flickr8K/Images/820169182_f5e78d7d19.jpg,sports ball,0.5079635977745056,272.15545654296875,42.15151596069336,300.7543640136719,67.445556640625,28
Flickr8K/820169182_f5e78d7d19.jpg,/content/Image_captioning_Local/Flickr8K/Images/820169182_f5e78d7d19.jpg,sports ball,0.507797360420227,408.3231201171875,174.48834228515625,441.12884521484375,207.62286376953125,28
Flickr8K/820169182_f5e78d7d19.jpg,/content/Image_captioning_Local/Flickr8K/Images/820169182_f5e78d7d19.jpg,bed,0.4736798107624054,0.4342496395111084,1.917104959487915,500.41912841796875,333.9695739746094,28
Flickr8K/820169182_f5e78d7d19.jpg,/content/Image_captioning_Local/Flickr8K/Images/820169182_f5e78d7d19.jpg,sports ball,0.47042107582092285,439.88568115234375,175.09014892578125,470.7998046875,206.02261352539062,28
Flickr8K/820169182_f5e78d7d19.jpg,/content/Image_captioning_Local/Flickr8K/Images/820169182_f5e78d7d19.jpg,sports ball,0.4567330777645111,114.9478759765625,204.74827575683594,148.6060028076172,238.92518615722656,28
Flickr8K/820169182_f5e78d7d19.jpg,/content/Image_captioning_Local/Flickr8K/Images/820169182_f5e78d7d19.jpg,sports ball,0.3483958840370178,299.3896484375,36.15605545043945,328.07171630859375,56.97200393676758,28
Flickr8K/820169182_f5e78d7d19.jpg,/content/Image_captioning_Local/Flickr8K/Images/820169182_f5e78d7d19.jpg,sports ball,0.3180639445781708,77.79785919189453,221.63465881347656,110.83465576171875,255.43905639648438,28
Flickr8K/820169182_f5e78d7d19.jpg,/content/Image_captioning_Local/Flickr8K/Images/820169182_f5e78d7d19.jpg,sports ball,0.2904444634914398,127.13219451904297,240.57994079589844,158.94650268554688,273.56536865234375,28
Flickr8K/820169182_f5e78d7d19.jpg,/content/Image_captioning_Local/Flickr8K/Images/820169182_f5e78d7d19.jpg,umbrella,0.2716703712940216,0.4342496395111084,1.917104959487915,500.41912841796875,333.9695739746094,28
Flickr8K/820169182_f5e78d7d19.jpg,/content/Image_captioning_Local/Flickr8K/Images/820169182_f5e78d7d19.jpg,sports ball,0.26995569467544556,199.54432678222656,241.34503173828125,232.17234802246094,274.2766418457031,28
Flickr8K/822836318_21544f0f78.jpg,/content/Image_captioning_Local/Flickr8K/Images/822836318_21544f0f78.jpg,person,0.8450331687927246,139.34585571289062,81.4570083618164,394.80169677734375,326.2535705566406,1
Flickr8K/823675317_b5fbdb17b3.jpg,/content/Image_captioning_Local/Flickr8K/Images/823675317_b5fbdb17b3.jpg,person,0.9583009481430054,194.97076416015625,35.84065628051758,328.1954345703125,320.082275390625,19
Flickr8K/823675317_b5fbdb17b3.jpg,/content/Image_captioning_Local/Flickr8K/Images/823675317_b5fbdb17b3.jpg,person,0.8238441944122314,221.26754760742188,188.07777404785156,244.02565002441406,247.4945526123047,19
Flickr8K/823675317_b5fbdb17b3.jpg,/content/Image_captioning_Local/Flickr8K/Images/823675317_b5fbdb17b3.jpg,person,0.746092677116394,337.539306640625,96.19956970214844,390.8489990234375,220.2028350830078,19
Flickr8K/823675317_b5fbdb17b3.jpg,/content/Image_captioning_Local/Flickr8K/Images/823675317_b5fbdb17b3.jpg,cup,0.7061201333999634,76.18358612060547,289.7141418457031,96.55205535888672,309.0404357910156,19
Flickr8K/823675317_b5fbdb17b3.jpg,/content/Image_captioning_Local/Flickr8K/Images/823675317_b5fbdb17b3.jpg,person,0.6992451548576355,127.82318878173828,201.89309692382812,144.59896850585938,250.18685913085938,19
Flickr8K/823675317_b5fbdb17b3.jpg,/content/Image_captioning_Local/Flickr8K/Images/823675317_b5fbdb17b3.jpg,person,0.6975739002227783,335.6837158203125,129.60374450683594,365.114501953125,235.470458984375,19
Flickr8K/823675317_b5fbdb17b3.jpg,/content/Image_captioning_Local/Flickr8K/Images/823675317_b5fbdb17b3.jpg,person,0.6935782432556152,0.08657574653625488,248.54750061035156,112.326416015625,300.9935607910156,19
Flickr8K/823675317_b5fbdb17b3.jpg,/content/Image_captioning_Local/Flickr8K/Images/823675317_b5fbdb17b3.jpg,person,0.6734910011291504,161.22119140625,214.33834838867188,179.18057250976562,250.36964416503906,19
Flickr8K/823675317_b5fbdb17b3.jpg,/content/Image_captioning_Local/Flickr8K/Images/823675317_b5fbdb17b3.jpg,person,0.6555488109588623,69.58238983154297,216.101318359375,88.29246520996094,254.63648986816406,19
Flickr8K/823675317_b5fbdb17b3.jpg,/content/Image_captioning_Local/Flickr8K/Images/823675317_b5fbdb17b3.jpg,person,0.5954421162605286,53.86845397949219,227.89291381835938,70.05824279785156,250.82470703125,19
Flickr8K/823675317_b5fbdb17b3.jpg,/content/Image_captioning_Local/Flickr8K/Images/823675317_b5fbdb17b3.jpg,person,0.5576815605163574,20.952007293701172,224.13693237304688,37.971920013427734,252.15748596191406,19
Flickr8K/823675317_b5fbdb17b3.jpg,/content/Image_captioning_Local/Flickr8K/Images/823675317_b5fbdb17b3.jpg,person,0.5414431691169739,137.55215454101562,226.8742218017578,162.75563049316406,251.33255004882812,19
Flickr8K/823675317_b5fbdb17b3.jpg,/content/Image_captioning_Local/Flickr8K/Images/823675317_b5fbdb17b3.jpg,person,0.5253629684448242,105.58305358886719,217.79673767089844,126.65315246582031,243.49658203125,19
Flickr8K/823675317_b5fbdb17b3.jpg,/content/Image_captioning_Local/Flickr8K/Images/823675317_b5fbdb17b3.jpg,person,0.4928320646286011,140.33944702148438,198.21873474121094,154.46560668945312,228.47305297851562,19
Flickr8K/823675317_b5fbdb17b3.jpg,/content/Image_captioning_Local/Flickr8K/Images/823675317_b5fbdb17b3.jpg,person,0.48735344409942627,88.7236099243164,218.92156982421875,102.62005615234375,239.9508056640625,19
Flickr8K/823675317_b5fbdb17b3.jpg,/content/Image_captioning_Local/Flickr8K/Images/823675317_b5fbdb17b3.jpg,person,0.44426795840263367,441.2353515625,165.74388122558594,468.2446594238281,215.55274963378906,19
Flickr8K/823675317_b5fbdb17b3.jpg,/content/Image_captioning_Local/Flickr8K/Images/823675317_b5fbdb17b3.jpg,person,0.3654260039329529,106.75341796875,236.69659423828125,131.32998657226562,254.89657592773438,19
Flickr8K/823675317_b5fbdb17b3.jpg,/content/Image_captioning_Local/Flickr8K/Images/823675317_b5fbdb17b3.jpg,person,0.26225316524505615,84.49828338623047,243.63792419433594,98.3604507446289,255.4821014404297,19
Flickr8K/823675317_b5fbdb17b3.jpg,/content/Image_captioning_Local/Flickr8K/Images/823675317_b5fbdb17b3.jpg,person,0.26012057065963745,136.71429443359375,198.35035705566406,156.81105041503906,249.2148895263672,19
Flickr8K/823697339_aadbeef495.jpg,/content/Image_captioning_Local/Flickr8K/Images/823697339_aadbeef495.jpg,person,0.9285237789154053,245.70977783203125,91.39447784423828,396.5970764160156,333.2923583984375,22
Flickr8K/823697339_aadbeef495.jpg,/content/Image_captioning_Local/Flickr8K/Images/823697339_aadbeef495.jpg,person,0.9074411988258362,48.204227447509766,72.5830307006836,174.611083984375,333.48687744140625,22
Flickr8K/823697339_aadbeef495.jpg,/content/Image_captioning_Local/Flickr8K/Images/823697339_aadbeef495.jpg,handbag,0.8920204639434814,448.2747497558594,210.6613006591797,500.2135009765625,291.49884033203125,22
Flickr8K/823697339_aadbeef495.jpg,/content/Image_captioning_Local/Flickr8K/Images/823697339_aadbeef495.jpg,person,0.8832606077194214,382.5181579589844,101.2461929321289,494.0635070800781,333.6031188964844,22
Flickr8K/823697339_aadbeef495.jpg,/content/Image_captioning_Local/Flickr8K/Images/823697339_aadbeef495.jpg,person,0.7846207022666931,188.32000732421875,103.15779876708984,229.77056884765625,323.5910949707031,22
Flickr8K/823697339_aadbeef495.jpg,/content/Image_captioning_Local/Flickr8K/Images/823697339_aadbeef495.jpg,handbag,0.7001768946647644,150.33958435058594,229.65406799316406,190.8819580078125,334.060791015625,22
Flickr8K/823697339_aadbeef495.jpg,/content/Image_captioning_Local/Flickr8K/Images/823697339_aadbeef495.jpg,person,0.6221606135368347,137.04737854003906,98.239013671875,200.0654296875,209.08091735839844,22
Flickr8K/823697339_aadbeef495.jpg,/content/Image_captioning_Local/Flickr8K/Images/823697339_aadbeef495.jpg,donut,0.46599575877189636,285.1487121582031,151.30711364746094,306.5936279296875,162.35919189453125,22
Flickr8K/823697339_aadbeef495.jpg,/content/Image_captioning_Local/Flickr8K/Images/823697339_aadbeef495.jpg,donut,0.46391016244888306,243.5167999267578,192.36663818359375,263.7620544433594,226.56980895996094,22
Flickr8K/823697339_aadbeef495.jpg,/content/Image_captioning_Local/Flickr8K/Images/823697339_aadbeef495.jpg,cup,0.4059321880340576,308.7189025878906,182.0308837890625,338.2012634277344,209.45985412597656,22
Flickr8K/823697339_aadbeef495.jpg,/content/Image_captioning_Local/Flickr8K/Images/823697339_aadbeef495.jpg,handbag,0.3571983575820923,445.6822204589844,281.9449157714844,492.21307373046875,333.9183349609375,22
Flickr8K/823697339_aadbeef495.jpg,/content/Image_captioning_Local/Flickr8K/Images/823697339_aadbeef495.jpg,person,0.34056729078292847,134.9544219970703,97.57620239257812,200.05902099609375,288.6113586425781,22
Flickr8K/823697339_aadbeef495.jpg,/content/Image_captioning_Local/Flickr8K/Images/823697339_aadbeef495.jpg,pizza,0.33455750346183777,285.1487121582031,151.30711364746094,306.5936279296875,162.35919189453125,22
Flickr8K/823697339_aadbeef495.jpg,/content/Image_captioning_Local/Flickr8K/Images/823697339_aadbeef495.jpg,donut,0.32581809163093567,243.20687866210938,192.30699157714844,264.11492919921875,237.66366577148438,22
Flickr8K/823697339_aadbeef495.jpg,/content/Image_captioning_Local/Flickr8K/Images/823697339_aadbeef495.jpg,person,0.3174394369125366,374.4527282714844,109.84830474853516,406.56683349609375,161.63980102539062,22
Flickr8K/823697339_aadbeef495.jpg,/content/Image_captioning_Local/Flickr8K/Images/823697339_aadbeef495.jpg,person,0.2940685749053955,482.3895263671875,196.19113159179688,499.8892822265625,219.23629760742188,22
Flickr8K/823697339_aadbeef495.jpg,/content/Image_captioning_Local/Flickr8K/Images/823697339_aadbeef495.jpg,person,0.28118371963500977,188.46983337402344,103.15660095214844,229.0093231201172,222.09548950195312,22
Flickr8K/823697339_aadbeef495.jpg,/content/Image_captioning_Local/Flickr8K/Images/823697339_aadbeef495.jpg,pizza,0.2783257067203522,465.1314392089844,190.47999572753906,487.7140808105469,217.09556579589844,22
Flickr8K/823697339_aadbeef495.jpg,/content/Image_captioning_Local/Flickr8K/Images/823697339_aadbeef495.jpg,pizza,0.2737821638584137,243.5167999267578,192.36663818359375,263.7620544433594,226.56980895996094,22
Flickr8K/823697339_aadbeef495.jpg,/content/Image_captioning_Local/Flickr8K/Images/823697339_aadbeef495.jpg,sandwich,0.26391899585723877,243.78538513183594,192.32595825195312,263.7339172363281,226.28526306152344,22
Flickr8K/823697339_aadbeef495.jpg,/content/Image_captioning_Local/Flickr8K/Images/823697339_aadbeef495.jpg,handbag,0.25553351640701294,268.45111083984375,280.25823974609375,404.4546813964844,333.7623291015625,22
Flickr8K/823697339_aadbeef495.jpg,/content/Image_captioning_Local/Flickr8K/Images/823697339_aadbeef495.jpg,handbag,0.2539173662662506,254.45794677734375,296.3613586425781,292.7200927734375,334.0852966308594,22
Flickr8K/824123145_59243e504e.jpg,/content/Image_captioning_Local/Flickr8K/Images/824123145_59243e504e.jpg,person,0.9537556171417236,46.10033416748047,142.5289764404297,165.04354858398438,330.5099792480469,22
Flickr8K/824123145_59243e504e.jpg,/content/Image_captioning_Local/Flickr8K/Images/824123145_59243e504e.jpg,person,0.937308132648468,165.21409606933594,157.44325256347656,242.16961669921875,299.4656677246094,22
Flickr8K/824123145_59243e504e.jpg,/content/Image_captioning_Local/Flickr8K/Images/824123145_59243e504e.jpg,person,0.8803847432136536,24.018178939819336,160.0999298095703,94.9183578491211,297.5684814453125,22
Flickr8K/824123145_59243e504e.jpg,/content/Image_captioning_Local/Flickr8K/Images/824123145_59243e504e.jpg,person,0.8615227937698364,146.56802368164062,196.2798614501953,160.68360900878906,244.85748291015625,22
Flickr8K/824123145_59243e504e.jpg,/content/Image_captioning_Local/Flickr8K/Images/824123145_59243e504e.jpg,car,0.71999591588974,403.38385009765625,209.1181182861328,434.7388000488281,228.836181640625,22
Flickr8K/824123145_59243e504e.jpg,/content/Image_captioning_Local/Flickr8K/Images/824123145_59243e504e.jpg,person,0.6900202035903931,166.95668029785156,199.71546936035156,186.83157348632812,236.83815002441406,22
Flickr8K/824123145_59243e504e.jpg,/content/Image_captioning_Local/Flickr8K/Images/824123145_59243e504e.jpg,stop sign,0.6711095571517944,14.556100845336914,206.74476623535156,24.022823333740234,217.12008666992188,22
Flickr8K/824123145_59243e504e.jpg,/content/Image_captioning_Local/Flickr8K/Images/824123145_59243e504e.jpg,car,0.6557856202125549,435.79412841796875,211.57119750976562,447.8620300292969,228.48666381835938,22
Flickr8K/824123145_59243e504e.jpg,/content/Image_captioning_Local/Flickr8K/Images/824123145_59243e504e.jpg,person,0.5547361969947815,244.29026794433594,217.55911254882812,251.8772430419922,236.730712890625,22
Flickr8K/824123145_59243e504e.jpg,/content/Image_captioning_Local/Flickr8K/Images/824123145_59243e504e.jpg,person,0.4688863158226013,269.0768737792969,220.55044555664062,276.2923889160156,234.75169372558594,22
Flickr8K/824123145_59243e504e.jpg,/content/Image_captioning_Local/Flickr8K/Images/824123145_59243e504e.jpg,umbrella,0.4243158996105194,290.87506103515625,189.98719787597656,306.07427978515625,195.13917541503906,22
Flickr8K/824123145_59243e504e.jpg,/content/Image_captioning_Local/Flickr8K/Images/824123145_59243e504e.jpg,person,0.41946446895599365,302.0894470214844,222.82608032226562,309.34857177734375,236.6953887939453,22
Flickr8K/824123145_59243e504e.jpg,/content/Image_captioning_Local/Flickr8K/Images/824123145_59243e504e.jpg,car,0.3884228467941284,436.723876953125,206.36936950683594,492.7381896972656,229.00442504882812,22
Flickr8K/824123145_59243e504e.jpg,/content/Image_captioning_Local/Flickr8K/Images/824123145_59243e504e.jpg,handbag,0.3782709836959839,54.35635757446289,176.5488739013672,85.79486083984375,204.64166259765625,22
Flickr8K/824123145_59243e504e.jpg,/content/Image_captioning_Local/Flickr8K/Images/824123145_59243e504e.jpg,car,0.34696078300476074,468.5078125,206.6829833984375,492.0501708984375,223.34600830078125,22
Flickr8K/824123145_59243e504e.jpg,/content/Image_captioning_Local/Flickr8K/Images/824123145_59243e504e.jpg,car,0.3284990191459656,435.81170654296875,206.65965270996094,473.0595397949219,228.97872924804688,22
Flickr8K/824123145_59243e504e.jpg,/content/Image_captioning_Local/Flickr8K/Images/824123145_59243e504e.jpg,truck,0.30357399582862854,404.5156555175781,208.82298278808594,434.7275085449219,229.10357666015625,22
Flickr8K/824123145_59243e504e.jpg,/content/Image_captioning_Local/Flickr8K/Images/824123145_59243e504e.jpg,person,0.2976415753364563,263.0764465332031,220.56504821777344,269.2940979003906,234.90802001953125,22
Flickr8K/824123145_59243e504e.jpg,/content/Image_captioning_Local/Flickr8K/Images/824123145_59243e504e.jpg,person,0.28859156370162964,280.8061828613281,217.60623168945312,286.8157653808594,235.36691284179688,22
Flickr8K/824123145_59243e504e.jpg,/content/Image_captioning_Local/Flickr8K/Images/824123145_59243e504e.jpg,cell phone,0.27787071466445923,15.550216674804688,169.46656799316406,26.198877334594727,179.55015563964844,22
Flickr8K/824123145_59243e504e.jpg,/content/Image_captioning_Local/Flickr8K/Images/824123145_59243e504e.jpg,person,0.26094505190849304,280.5452880859375,217.40753173828125,286.236572265625,235.3329620361328,22
Flickr8K/824123145_59243e504e.jpg,/content/Image_captioning_Local/Flickr8K/Images/824123145_59243e504e.jpg,truck,0.25320354104042053,436.723876953125,206.36936950683594,492.7381896972656,229.00442504882812,22
Flickr8K/824782868_a8f532f3a6.jpg,/content/Image_captioning_Local/Flickr8K/Images/824782868_a8f532f3a6.jpg,person,0.9564445614814758,70.31573486328125,24.123239517211914,335.0859375,374.45135498046875,1
Flickr8K/824923476_d85edce294.jpg,/content/Image_captioning_Local/Flickr8K/Images/824923476_d85edce294.jpg,bird,0.8969040513038635,292.672607421875,36.9648551940918,386.19061279296875,311.8475341796875,12
Flickr8K/824923476_d85edce294.jpg,/content/Image_captioning_Local/Flickr8K/Images/824923476_d85edce294.jpg,bird,0.8825804591178894,372.4275817871094,37.01142501831055,461.1346740722656,276.8486633300781,12
Flickr8K/824923476_d85edce294.jpg,/content/Image_captioning_Local/Flickr8K/Images/824923476_d85edce294.jpg,bird,0.8705890774726868,236.6040802001953,26.523723602294922,316.07086181640625,270.84246826171875,12
Flickr8K/824923476_d85edce294.jpg,/content/Image_captioning_Local/Flickr8K/Images/824923476_d85edce294.jpg,bird,0.8597847819328308,118.78379821777344,24.76418685913086,240.46090698242188,253.93431091308594,12
Flickr8K/824923476_d85edce294.jpg,/content/Image_captioning_Local/Flickr8K/Images/824923476_d85edce294.jpg,bird,0.6650654077529907,277.0452880859375,36.649539947509766,389.8616027832031,161.97061157226562,12
Flickr8K/824923476_d85edce294.jpg,/content/Image_captioning_Local/Flickr8K/Images/824923476_d85edce294.jpg,bird,0.5634756684303284,87.25563049316406,48.97121810913086,235.45681762695312,253.49166870117188,12
Flickr8K/824923476_d85edce294.jpg,/content/Image_captioning_Local/Flickr8K/Images/824923476_d85edce294.jpg,bird,0.4260811507701874,87.6364517211914,48.80814743041992,154.5616912841797,245.7008056640625,12
Flickr8K/824923476_d85edce294.jpg,/content/Image_captioning_Local/Flickr8K/Images/824923476_d85edce294.jpg,bird,0.384303480386734,87.43411254882812,48.728458404541016,198.16749572753906,252.407470703125,12
Flickr8K/824923476_d85edce294.jpg,/content/Image_captioning_Local/Flickr8K/Images/824923476_d85edce294.jpg,bird,0.3229125440120697,345.79791259765625,58.15472412109375,390.13995361328125,162.5547637939453,12
Flickr8K/824923476_d85edce294.jpg,/content/Image_captioning_Local/Flickr8K/Images/824923476_d85edce294.jpg,bird,0.2948213219642639,87.53412628173828,49.06130599975586,150.22952270507812,215.69232177734375,12
Flickr8K/824923476_d85edce294.jpg,/content/Image_captioning_Local/Flickr8K/Images/824923476_d85edce294.jpg,bird,0.27894139289855957,87.57952880859375,48.929908752441406,149.93289184570312,179.9210662841797,12
Flickr8K/824923476_d85edce294.jpg,/content/Image_captioning_Local/Flickr8K/Images/824923476_d85edce294.jpg,bird,0.2678593099117279,87.6098403930664,48.96833038330078,149.4522247314453,164.08409118652344,12
Flickr8K/825918657_d92f1761f4.jpg,/content/Image_captioning_Local/Flickr8K/Images/825918657_d92f1761f4.jpg,person,0.9444311857223511,241.07667541503906,107.09041595458984,430.31378173828125,325.6053466796875,9
Flickr8K/825918657_d92f1761f4.jpg,/content/Image_captioning_Local/Flickr8K/Images/825918657_d92f1761f4.jpg,frisbee,0.9386066198348999,135.40184020996094,117.11576843261719,191.9292755126953,176.1211700439453,9
Flickr8K/825918657_d92f1761f4.jpg,/content/Image_captioning_Local/Flickr8K/Images/825918657_d92f1761f4.jpg,dog,0.9317257404327393,116.5617446899414,6.818789958953857,301.5654296875,160.3779754638672,9
Flickr8K/825918657_d92f1761f4.jpg,/content/Image_captioning_Local/Flickr8K/Images/825918657_d92f1761f4.jpg,car,0.9122958779335022,418.4118347167969,35.97213363647461,486.76953125,58.46077346801758,9
Flickr8K/825918657_d92f1761f4.jpg,/content/Image_captioning_Local/Flickr8K/Images/825918657_d92f1761f4.jpg,frisbee,0.8786957859992981,8.470598220825195,297.94024658203125,56.652767181396484,310.8605041503906,9
Flickr8K/825918657_d92f1761f4.jpg,/content/Image_captioning_Local/Flickr8K/Images/825918657_d92f1761f4.jpg,frisbee,0.7897008657455444,166.93923950195312,191.33885192871094,197.49795532226562,200.57769775390625,9
Flickr8K/825918657_d92f1761f4.jpg,/content/Image_captioning_Local/Flickr8K/Images/825918657_d92f1761f4.jpg,frisbee,0.737123966217041,33.807125091552734,168.1320037841797,62.33556365966797,177.2858428955078,9
Flickr8K/825918657_d92f1761f4.jpg,/content/Image_captioning_Local/Flickr8K/Images/825918657_d92f1761f4.jpg,stop sign,0.26689550280570984,380.5496826171875,5.054720401763916,389.7403564453125,21.426536560058594,9
Flickr8K/825918657_d92f1761f4.jpg,/content/Image_captioning_Local/Flickr8K/Images/825918657_d92f1761f4.jpg,truck,0.2510450482368469,418.5399475097656,35.77262496948242,486.5755920410156,58.51374816894531,9
Flickr8K/827941668_2e4ac6cb39.jpg,/content/Image_captioning_Local/Flickr8K/Images/827941668_2e4ac6cb39.jpg,person,0.9364072680473328,314.455810546875,70.16764068603516,437.7568359375,282.6590576171875,5
Flickr8K/827941668_2e4ac6cb39.jpg,/content/Image_captioning_Local/Flickr8K/Images/827941668_2e4ac6cb39.jpg,person,0.8754463195800781,113.27191925048828,92.66439819335938,140.68203735351562,120.08538055419922,5
Flickr8K/827941668_2e4ac6cb39.jpg,/content/Image_captioning_Local/Flickr8K/Images/827941668_2e4ac6cb39.jpg,surfboard,0.4261617958545685,253.34933471679688,173.56607055664062,341.7845764160156,200.23178100585938,5
Flickr8K/827941668_2e4ac6cb39.jpg,/content/Image_captioning_Local/Flickr8K/Images/827941668_2e4ac6cb39.jpg,surfboard,0.33531296253204346,315.7347412109375,266.4307556152344,409.95770263671875,299.68939208984375,5
Flickr8K/827941668_2e4ac6cb39.jpg,/content/Image_captioning_Local/Flickr8K/Images/827941668_2e4ac6cb39.jpg,surfboard,0.274112731218338,315.908447265625,265.4816589355469,438.1695251464844,300.37078857421875,5
Flickr8K/832128857_1390386ea6.jpg,/content/Image_captioning_Local/Flickr8K/Images/832128857_1390386ea6.jpg,person,0.9581424593925476,60.202537536621094,46.05674743652344,319.9218444824219,268.00384521484375,3
Flickr8K/832128857_1390386ea6.jpg,/content/Image_captioning_Local/Flickr8K/Images/832128857_1390386ea6.jpg,bench,0.26950302720069885,396.7068786621094,29.480552673339844,426.0198974609375,55.532875061035156,3
Flickr8K/832128857_1390386ea6.jpg,/content/Image_captioning_Local/Flickr8K/Images/832128857_1390386ea6.jpg,cell phone,0.2606422007083893,264.541015625,154.66473388671875,290.32666015625,193.9297637939453,3
Flickr8K/835415474_7b7f2a9768.jpg,/content/Image_captioning_Local/Flickr8K/Images/835415474_7b7f2a9768.jpg,person,0.963590681552887,18.18748664855957,0.6774961948394775,333.0984191894531,499.32220458984375,5
Flickr8K/835415474_7b7f2a9768.jpg,/content/Image_captioning_Local/Flickr8K/Images/835415474_7b7f2a9768.jpg,person,0.5141353011131287,111.7868423461914,228.04872131347656,233.3275909423828,423.9344482421875,5
Flickr8K/835415474_7b7f2a9768.jpg,/content/Image_captioning_Local/Flickr8K/Images/835415474_7b7f2a9768.jpg,person,0.2706016004085541,18.224811553955078,227.38980102539062,232.94760131835938,423.3542785644531,5
Flickr8K/835415474_7b7f2a9768.jpg,/content/Image_captioning_Local/Flickr8K/Images/835415474_7b7f2a9768.jpg,person,0.26323702931404114,18.171478271484375,229.2089080810547,230.2384033203125,314.0310363769531,5
Flickr8K/835415474_7b7f2a9768.jpg,/content/Image_captioning_Local/Flickr8K/Images/835415474_7b7f2a9768.jpg,tennis racket,0.25868353247642517,150.66232299804688,227.07652282714844,174.53421020507812,253.21450805664062,5
Flickr8K/836768303_d748df5546.jpg,/content/Image_captioning_Local/Flickr8K/Images/836768303_d748df5546.jpg,person,0.9254307746887207,52.62131118774414,53.494571685791016,275.0008850097656,363.4342041015625,7
Flickr8K/836768303_d748df5546.jpg,/content/Image_captioning_Local/Flickr8K/Images/836768303_d748df5546.jpg,dog,0.9127398133277893,212.6876220703125,158.3373565673828,410.850341796875,360.9364318847656,7
Flickr8K/836768303_d748df5546.jpg,/content/Image_captioning_Local/Flickr8K/Images/836768303_d748df5546.jpg,person,0.5325927734375,264.6188659667969,76.3294448852539,374.44866943359375,196.59161376953125,7
Flickr8K/836768303_d748df5546.jpg,/content/Image_captioning_Local/Flickr8K/Images/836768303_d748df5546.jpg,backpack,0.4118604063987732,26.713132858276367,-0.29764115810394287,499.33563232421875,363.83441162109375,7
Flickr8K/836768303_d748df5546.jpg,/content/Image_captioning_Local/Flickr8K/Images/836768303_d748df5546.jpg,person,0.31623125076293945,175.00526428222656,77.66931915283203,374.4365539550781,365.6738586425781,7
Flickr8K/836768303_d748df5546.jpg,/content/Image_captioning_Local/Flickr8K/Images/836768303_d748df5546.jpg,cup,0.2912752628326416,135.19834899902344,287.02325439453125,188.135986328125,363.8351745605469,7
Flickr8K/836768303_d748df5546.jpg,/content/Image_captioning_Local/Flickr8K/Images/836768303_d748df5546.jpg,person,0.2633863687515259,215.85643005371094,77.16384887695312,376.8911437988281,358.8901672363281,7
Flickr8K/836828001_af98d16256.jpg,/content/Image_captioning_Local/Flickr8K/Images/836828001_af98d16256.jpg,person,0.9724819660186768,5.770593643188477,-0.12466344237327576,478.60760498046875,468.8706359863281,1
Flickr8K/837893113_81854e94e3.jpg,/content/Image_captioning_Local/Flickr8K/Images/837893113_81854e94e3.jpg,person,0.9515429735183716,194.39891052246094,113.84068298339844,348.173583984375,272.6270446777344,2
Flickr8K/837893113_81854e94e3.jpg,/content/Image_captioning_Local/Flickr8K/Images/837893113_81854e94e3.jpg,frisbee,0.9435268044471741,354.7070007324219,124.35452270507812,426.36602783203125,168.83267211914062,2
Flickr8K/837919879_94e3dacd83.jpg,/content/Image_captioning_Local/Flickr8K/Images/837919879_94e3dacd83.jpg,person,0.9479077458381653,53.866981506347656,87.17305755615234,102.78923034667969,207.3315887451172,2
Flickr8K/837919879_94e3dacd83.jpg,/content/Image_captioning_Local/Flickr8K/Images/837919879_94e3dacd83.jpg,person,0.9423307776451111,182.3669891357422,60.033321380615234,245.07774353027344,210.96836853027344,2
Flickr8K/838074897_9d6270b3cd.jpg,/content/Image_captioning_Local/Flickr8K/Images/838074897_9d6270b3cd.jpg,person,0.9648122191429138,16.620441436767578,2.804532527923584,343.57806396484375,458.1238098144531,4
Flickr8K/838074897_9d6270b3cd.jpg,/content/Image_captioning_Local/Flickr8K/Images/838074897_9d6270b3cd.jpg,frisbee,0.8225381970405579,87.2239761352539,420.93463134765625,132.16757202148438,431.1123352050781,4
Flickr8K/838074897_9d6270b3cd.jpg,/content/Image_captioning_Local/Flickr8K/Images/838074897_9d6270b3cd.jpg,frisbee,0.7537996768951416,312.49981689453125,429.33563232421875,360.0020751953125,439.4477233886719,4
Flickr8K/838074897_9d6270b3cd.jpg,/content/Image_captioning_Local/Flickr8K/Images/838074897_9d6270b3cd.jpg,truck,0.39936456084251404,6.86899995803833,56.97426223754883,167.43685913085938,125.74752807617188,4
Flickr8K/839295615_bb9baf2f95.jpg,/content/Image_captioning_Local/Flickr8K/Images/839295615_bb9baf2f95.jpg,car,0.9437187314033508,72.34418487548828,221.04202270507812,330.03021240234375,312.4617614746094,7
Flickr8K/839295615_bb9baf2f95.jpg,/content/Image_captioning_Local/Flickr8K/Images/839295615_bb9baf2f95.jpg,car,0.9428084492683411,295.79638671875,206.90586853027344,482.91796875,280.5308532714844,7
Flickr8K/839295615_bb9baf2f95.jpg,/content/Image_captioning_Local/Flickr8K/Images/839295615_bb9baf2f95.jpg,person,0.9232593774795532,-0.10533630847930908,245.0317840576172,106.3951644897461,347.377197265625,7
Flickr8K/839295615_bb9baf2f95.jpg,/content/Image_captioning_Local/Flickr8K/Images/839295615_bb9baf2f95.jpg,person,0.6074965596199036,180.41966247558594,233.79721069335938,198.84718322753906,251.0980987548828,7
Flickr8K/839295615_bb9baf2f95.jpg,/content/Image_captioning_Local/Flickr8K/Images/839295615_bb9baf2f95.jpg,person,0.33296728134155273,385.7655334472656,217.4081268310547,399.7832336425781,229.5256805419922,7
Flickr8K/839295615_bb9baf2f95.jpg,/content/Image_captioning_Local/Flickr8K/Images/839295615_bb9baf2f95.jpg,skateboard,0.2966262400150299,54.475948333740234,331.4071350097656,112.17929077148438,347.34918212890625,7
Flickr8K/839295615_bb9baf2f95.jpg,/content/Image_captioning_Local/Flickr8K/Images/839295615_bb9baf2f95.jpg,skateboard,0.2682669758796692,91.08123016357422,267.0553283691406,112.18890380859375,345.7820129394531,7
Flickr8K/842960985_91daf0d6ec.jpg,/content/Image_captioning_Local/Flickr8K/Images/842960985_91daf0d6ec.jpg,person,0.9254389405250549,65.86407470703125,41.2181396484375,118.99137878417969,181.16665649414062,3
Flickr8K/842960985_91daf0d6ec.jpg,/content/Image_captioning_Local/Flickr8K/Images/842960985_91daf0d6ec.jpg,parking meter,0.8472219705581665,379.0534973144531,44.43277359008789,395.0380859375,92.48672485351562,3
Flickr8K/842960985_91daf0d6ec.jpg,/content/Image_captioning_Local/Flickr8K/Images/842960985_91daf0d6ec.jpg,umbrella,0.48783138394355774,50.1334114074707,34.330623626708984,124.85138702392578,59.736576080322266,3
Flickr8K/842961005_692737888e.jpg,/content/Image_captioning_Local/Flickr8K/Images/842961005_692737888e.jpg,umbrella,0.9319148063659668,114.48846435546875,7.695340156555176,191.06687927246094,40.870853424072266,6
Flickr8K/842961005_692737888e.jpg,/content/Image_captioning_Local/Flickr8K/Images/842961005_692737888e.jpg,person,0.8918713331222534,137.1490020751953,31.844594955444336,181.51742553710938,179.84408569335938,6
Flickr8K/842961005_692737888e.jpg,/content/Image_captioning_Local/Flickr8K/Images/842961005_692737888e.jpg,parking meter,0.8238611817359924,367.04803466796875,25.39226531982422,383.12255859375,77.0358657836914,6
Flickr8K/842961005_692737888e.jpg,/content/Image_captioning_Local/Flickr8K/Images/842961005_692737888e.jpg,handbag,0.5489361882209778,135.41787719726562,62.84415054321289,179.21304321289062,97.24726104736328,6
Flickr8K/842961005_692737888e.jpg,/content/Image_captioning_Local/Flickr8K/Images/842961005_692737888e.jpg,handbag,0.5084282755851746,135.59930419921875,38.590030670166016,179.408203125,97.38529968261719,6
Flickr8K/842961005_692737888e.jpg,/content/Image_captioning_Local/Flickr8K/Images/842961005_692737888e.jpg,parking meter,0.2842039465904236,366.6067199707031,25.515552520751953,383.6144104003906,187.5853729248047,6
Flickr8K/843616798_5ab0ecb525.jpg,/content/Image_captioning_Local/Flickr8K/Images/843616798_5ab0ecb525.jpg,sheep,0.9488781690597534,41.7900390625,55.234169006347656,300.14581298828125,289.24200439453125,10
Flickr8K/843616798_5ab0ecb525.jpg,/content/Image_captioning_Local/Flickr8K/Images/843616798_5ab0ecb525.jpg,dog,0.9463406801223755,269.2356872558594,211.68768310546875,444.5170593261719,387.47149658203125,10
Flickr8K/843616798_5ab0ecb525.jpg,/content/Image_captioning_Local/Flickr8K/Images/843616798_5ab0ecb525.jpg,sheep,0.9310463070869446,248.5635223388672,43.873382568359375,493.39739990234375,282.64398193359375,10
Flickr8K/843616798_5ab0ecb525.jpg,/content/Image_captioning_Local/Flickr8K/Images/843616798_5ab0ecb525.jpg,sheep,0.8941106796264648,0.0909268856048584,102.07954406738281,167.16603088378906,293.9227600097656,10
Flickr8K/843616798_5ab0ecb525.jpg,/content/Image_captioning_Local/Flickr8K/Images/843616798_5ab0ecb525.jpg,sheep,0.6812859773635864,324.9522705078125,21.440528869628906,500.05877685546875,268.5633544921875,10
Flickr8K/843616798_5ab0ecb525.jpg,/content/Image_captioning_Local/Flickr8K/Images/843616798_5ab0ecb525.jpg,sheep,0.6518808603286743,212.8962860107422,50.097129821777344,286.27825927734375,97.8682632446289,10
Flickr8K/843616798_5ab0ecb525.jpg,/content/Image_captioning_Local/Flickr8K/Images/843616798_5ab0ecb525.jpg,sheep,0.48982107639312744,324.7393493652344,21.54265594482422,499.9252624511719,213.1092529296875,10
Flickr8K/843616798_5ab0ecb525.jpg,/content/Image_captioning_Local/Flickr8K/Images/843616798_5ab0ecb525.jpg,sheep,0.3106868267059326,212.93289184570312,42.1524543762207,327.6333923339844,97.61888885498047,10
Flickr8K/843616798_5ab0ecb525.jpg,/content/Image_captioning_Local/Flickr8K/Images/843616798_5ab0ecb525.jpg,sheep,0.2717621326446533,324.894775390625,22.58286476135254,500.3471374511719,276.52081298828125,10
Flickr8K/843616798_5ab0ecb525.jpg,/content/Image_captioning_Local/Flickr8K/Images/843616798_5ab0ecb525.jpg,sheep,0.26743319630622864,324.45306396484375,21.963796615600586,499.2652587890625,108.95677947998047,10
Flickr8K/846085364_fc9d23df46.jpg,/content/Image_captioning_Local/Flickr8K/Images/846085364_fc9d23df46.jpg,person,0.9551218748092651,125.51947784423828,160.6098175048828,290.1838073730469,427.3216552734375,1
Flickr8K/84713990_d3f3cef78b.jpg,/content/Image_captioning_Local/Flickr8K/Images/84713990_d3f3cef78b.jpg,person,0.9163957834243774,113.9277572631836,236.72238159179688,240.4145050048828,370.3604431152344,20
Flickr8K/84713990_d3f3cef78b.jpg,/content/Image_captioning_Local/Flickr8K/Images/84713990_d3f3cef78b.jpg,person,0.8289947509765625,269.17047119140625,235.93772888183594,469.1156005859375,374.8204345703125,20
Flickr8K/84713990_d3f3cef78b.jpg,/content/Image_captioning_Local/Flickr8K/Images/84713990_d3f3cef78b.jpg,person,0.753965437412262,258.46612548828125,212.5660858154297,363.63775634765625,349.7926025390625,20
Flickr8K/84713990_d3f3cef78b.jpg,/content/Image_captioning_Local/Flickr8K/Images/84713990_d3f3cef78b.jpg,boat,0.4264947772026062,109.22300720214844,282.62054443359375,468.0869445800781,374.2564392089844,20
Flickr8K/84713990_d3f3cef78b.jpg,/content/Image_captioning_Local/Flickr8K/Images/84713990_d3f3cef78b.jpg,person,0.4001171886920929,280.8966064453125,228.12123107910156,322.44342041015625,272.2061462402344,20
Flickr8K/84713990_d3f3cef78b.jpg,/content/Image_captioning_Local/Flickr8K/Images/84713990_d3f3cef78b.jpg,boat,0.37740474939346313,109.92747497558594,341.0957336425781,439.9405212402344,374.88232421875,20
Flickr8K/84713990_d3f3cef78b.jpg,/content/Image_captioning_Local/Flickr8K/Images/84713990_d3f3cef78b.jpg,boat,0.34428998827934265,109.85970306396484,280.1282653808594,282.16619873046875,374.2236328125,20
Flickr8K/84713990_d3f3cef78b.jpg,/content/Image_captioning_Local/Flickr8K/Images/84713990_d3f3cef78b.jpg,boat,0.3391072750091553,107.80631256103516,237.5928497314453,471.9486083984375,373.9688720703125,20
Flickr8K/84713990_d3f3cef78b.jpg,/content/Image_captioning_Local/Flickr8K/Images/84713990_d3f3cef78b.jpg,boat,0.3278866410255432,108.0936050415039,340.1094970703125,362.9993896484375,374.9046630859375,20
Flickr8K/84713990_d3f3cef78b.jpg,/content/Image_captioning_Local/Flickr8K/Images/84713990_d3f3cef78b.jpg,person,0.30897367000579834,258.52398681640625,228.63131713867188,323.9107666015625,347.2441101074219,20
Flickr8K/84713990_d3f3cef78b.jpg,/content/Image_captioning_Local/Flickr8K/Images/84713990_d3f3cef78b.jpg,person,0.2948335111141205,321.068115234375,208.7081298828125,431.683349609375,372.96630859375,20
Flickr8K/84713990_d3f3cef78b.jpg,/content/Image_captioning_Local/Flickr8K/Images/84713990_d3f3cef78b.jpg,boat,0.28694579005241394,222.6289825439453,279.8734130859375,308.1593933105469,354.3017578125,20
Flickr8K/84713990_d3f3cef78b.jpg,/content/Image_captioning_Local/Flickr8K/Images/84713990_d3f3cef78b.jpg,boat,0.28289052844047546,110.62043762207031,345.01727294921875,296.53277587890625,374.7173156738281,20
Flickr8K/84713990_d3f3cef78b.jpg,/content/Image_captioning_Local/Flickr8K/Images/84713990_d3f3cef78b.jpg,person,0.27385151386260986,257.46063232421875,232.4139862060547,322.59771728515625,318.3406982421875,20
Flickr8K/84713990_d3f3cef78b.jpg,/content/Image_captioning_Local/Flickr8K/Images/84713990_d3f3cef78b.jpg,person,0.2679930627346039,303.26904296875,233.2020721435547,322.7733459472656,261.05206298828125,20
Flickr8K/84713990_d3f3cef78b.jpg,/content/Image_captioning_Local/Flickr8K/Images/84713990_d3f3cef78b.jpg,boat,0.2640864849090576,217.85446166992188,279.0577087402344,466.4474792480469,373.8932800292969,20
Flickr8K/84713990_d3f3cef78b.jpg,/content/Image_captioning_Local/Flickr8K/Images/84713990_d3f3cef78b.jpg,boat,0.26407691836357117,223.47601318359375,279.8324890136719,278.9833068847656,353.6467590332031,20
Flickr8K/84713990_d3f3cef78b.jpg,/content/Image_captioning_Local/Flickr8K/Images/84713990_d3f3cef78b.jpg,boat,0.26243242621421814,110.22844696044922,279.98370361328125,361.5206298828125,374.5370178222656,20
Flickr8K/84713990_d3f3cef78b.jpg,/content/Image_captioning_Local/Flickr8K/Images/84713990_d3f3cef78b.jpg,person,0.2617168724536896,265.49102783203125,229.15463256835938,322.53857421875,306.63543701171875,20
Flickr8K/84713990_d3f3cef78b.jpg,/content/Image_captioning_Local/Flickr8K/Images/84713990_d3f3cef78b.jpg,person,0.25673195719718933,328.5475158691406,209.89425659179688,468.62158203125,374.199462890625,20
Flickr8K/847782643_57248bbdab.jpg,/content/Image_captioning_Local/Flickr8K/Images/847782643_57248bbdab.jpg,person,0.9301536083221436,280.45123291015625,259.9687194824219,458.03887939453125,499.6791076660156,2
Flickr8K/847782643_57248bbdab.jpg,/content/Image_captioning_Local/Flickr8K/Images/847782643_57248bbdab.jpg,person,0.8109849691390991,-0.1791287362575531,318.0384826660156,172.18658447265625,499.6360778808594,2
Flickr8K/848180689_d67a1361ce.jpg,/content/Image_captioning_Local/Flickr8K/Images/848180689_d67a1361ce.jpg,sports ball,0.9301601052284241,203.73486328125,95.42079162597656,246.37686157226562,138.8736572265625,21
Flickr8K/848180689_d67a1361ce.jpg,/content/Image_captioning_Local/Flickr8K/Images/848180689_d67a1361ce.jpg,person,0.9297657608985901,70.03887176513672,163.24203491210938,181.8366241455078,338.95574951171875,21
Flickr8K/848180689_d67a1361ce.jpg,/content/Image_captioning_Local/Flickr8K/Images/848180689_d67a1361ce.jpg,person,0.9116122722625732,348.67071533203125,231.1194305419922,445.9726867675781,313.0073547363281,21
Flickr8K/848180689_d67a1361ce.jpg,/content/Image_captioning_Local/Flickr8K/Images/848180689_d67a1361ce.jpg,chair,0.7763679623603821,274.4383239746094,243.94700622558594,296.0373840332031,267.90423583984375,21
Flickr8K/848180689_d67a1361ce.jpg,/content/Image_captioning_Local/Flickr8K/Images/848180689_d67a1361ce.jpg,chair,0.6669126749038696,374.42669677734375,236.2195281982422,404.1651916503906,266.3897399902344,21
Flickr8K/848180689_d67a1361ce.jpg,/content/Image_captioning_Local/Flickr8K/Images/848180689_d67a1361ce.jpg,chair,0.48661622405052185,261.1360168457031,250.26280212402344,274.7679138183594,267.79327392578125,21
Flickr8K/848180689_d67a1361ce.jpg,/content/Image_captioning_Local/Flickr8K/Images/848180689_d67a1361ce.jpg,chair,0.4742376208305359,290.97503662109375,245.11370849609375,302.84613037109375,267.6968078613281,21
Flickr8K/848180689_d67a1361ce.jpg,/content/Image_captioning_Local/Flickr8K/Images/848180689_d67a1361ce.jpg,chair,0.45921847224235535,26.98125648498535,248.04356384277344,48.881263732910156,271.59027099609375,21
Flickr8K/848180689_d67a1361ce.jpg,/content/Image_captioning_Local/Flickr8K/Images/848180689_d67a1361ce.jpg,chair,0.44825729727745056,411.06146240234375,228.2926025390625,438.37518310546875,259.6047058105469,21
Flickr8K/848180689_d67a1361ce.jpg,/content/Image_captioning_Local/Flickr8K/Images/848180689_d67a1361ce.jpg,chair,0.3791719675064087,425.2254943847656,226.3937530517578,450.7639465332031,261.2374267578125,21
Flickr8K/848180689_d67a1361ce.jpg,/content/Image_captioning_Local/Flickr8K/Images/848180689_d67a1361ce.jpg,chair,0.35880497097969055,368.5382385253906,215.1666259765625,396.851806640625,242.17579650878906,21
Flickr8K/848180689_d67a1361ce.jpg,/content/Image_captioning_Local/Flickr8K/Images/848180689_d67a1361ce.jpg,chair,0.3579842150211334,228.30738830566406,248.678955078125,245.49136352539062,268.4995422363281,21
Flickr8K/848180689_d67a1361ce.jpg,/content/Image_captioning_Local/Flickr8K/Images/848180689_d67a1361ce.jpg,chair,0.35531333088874817,2.2680294513702393,248.33026123046875,22.19426727294922,268.2071838378906,21
Flickr8K/848180689_d67a1361ce.jpg,/content/Image_captioning_Local/Flickr8K/Images/848180689_d67a1361ce.jpg,chair,0.3453789949417114,181.26441955566406,249.05645751953125,202.74447631835938,269.6403503417969,21
Flickr8K/848180689_d67a1361ce.jpg,/content/Image_captioning_Local/Flickr8K/Images/848180689_d67a1361ce.jpg,chair,0.3191446363925934,181.7699737548828,249.0221405029297,197.03805541992188,262.7167053222656,21
Flickr8K/848180689_d67a1361ce.jpg,/content/Image_captioning_Local/Flickr8K/Images/848180689_d67a1361ce.jpg,chair,0.3157130479812622,207.98960876464844,250.11524963378906,224.962890625,264.7292175292969,21
Flickr8K/848180689_d67a1361ce.jpg,/content/Image_captioning_Local/Flickr8K/Images/848180689_d67a1361ce.jpg,chair,0.30446961522102356,156.0069580078125,250.5234832763672,173.75927734375,269.72174072265625,21
Flickr8K/848180689_d67a1361ce.jpg,/content/Image_captioning_Local/Flickr8K/Images/848180689_d67a1361ce.jpg,chair,0.28374069929122925,368.1215515136719,214.96029663085938,401.8729248046875,265.54193115234375,21
Flickr8K/848180689_d67a1361ce.jpg,/content/Image_captioning_Local/Flickr8K/Images/848180689_d67a1361ce.jpg,chair,0.2634364366531372,411.295654296875,226.2982177734375,450.51544189453125,260.87091064453125,21
Flickr8K/848180689_d67a1361ce.jpg,/content/Image_captioning_Local/Flickr8K/Images/848180689_d67a1361ce.jpg,chair,0.2618526220321655,229.37974548339844,248.7977752685547,245.17250061035156,262.9068603515625,21
Flickr8K/848180689_d67a1361ce.jpg,/content/Image_captioning_Local/Flickr8K/Images/848180689_d67a1361ce.jpg,chair,0.254485547542572,244.00218200683594,253.17562866210938,252.44432067871094,268.2011413574219,21
Flickr8K/848293676_98e73c52c1.jpg,/content/Image_captioning_Local/Flickr8K/Images/848293676_98e73c52c1.jpg,person,0.9673598408699036,81.55731201171875,82.53923034667969,282.4691162109375,269.15167236328125,4
Flickr8K/848293676_98e73c52c1.jpg,/content/Image_captioning_Local/Flickr8K/Images/848293676_98e73c52c1.jpg,chair,0.9498917460441589,238.63699340820312,18.508455276489258,302.84185791015625,98.0953369140625,4
Flickr8K/848293676_98e73c52c1.jpg,/content/Image_captioning_Local/Flickr8K/Images/848293676_98e73c52c1.jpg,sports ball,0.5978356599807739,191.4372100830078,84.29174041748047,203.8800048828125,96.82156372070312,4
Flickr8K/848293676_98e73c52c1.jpg,/content/Image_captioning_Local/Flickr8K/Images/848293676_98e73c52c1.jpg,frisbee,0.32227593660354614,0.093899667263031,91.18374633789062,15.734657287597656,98.14118957519531,4
Flickr8K/852469220_bc0fee3623.jpg,/content/Image_captioning_Local/Flickr8K/Images/852469220_bc0fee3623.jpg,dog,0.8612233400344849,205.5760955810547,25.330078125,369.8302307128906,179.28675842285156,1
Flickr8K/854333409_38bc1da9dc.jpg,/content/Image_captioning_Local/Flickr8K/Images/854333409_38bc1da9dc.jpg,dog,0.9514606595039368,250.82135009765625,31.00967025756836,430.72064208984375,271.1647644042969,3
Flickr8K/854333409_38bc1da9dc.jpg,/content/Image_captioning_Local/Flickr8K/Images/854333409_38bc1da9dc.jpg,dog,0.9454018473625183,17.202795028686523,105.65301513671875,310.8509826660156,318.3952331542969,3
Flickr8K/854333409_38bc1da9dc.jpg,/content/Image_captioning_Local/Flickr8K/Images/854333409_38bc1da9dc.jpg,frisbee,0.9134728908538818,311.0965270996094,85.7732162475586,391.8171691894531,117.65839385986328,3
Flickr8K/856985136_649c0a3881.jpg,/content/Image_captioning_Local/Flickr8K/Images/856985136_649c0a3881.jpg,person,0.9585734009742737,109.87110137939453,129.44593811035156,341.633544921875,329.9338684082031,1
Flickr8K/857914283_270d7d1c87.jpg,/content/Image_captioning_Local/Flickr8K/Images/857914283_270d7d1c87.jpg,person,0.9515302777290344,81.55555725097656,17.74342918395996,494.8569641113281,272.9614562988281,3
Flickr8K/857914283_270d7d1c87.jpg,/content/Image_captioning_Local/Flickr8K/Images/857914283_270d7d1c87.jpg,person,0.9144080281257629,-0.29487162828445435,6.946846961975098,182.57162475585938,251.19873046875,3
Flickr8K/857914283_270d7d1c87.jpg,/content/Image_captioning_Local/Flickr8K/Images/857914283_270d7d1c87.jpg,bed,0.8058056831359863,-0.01379847526550293,176.597900390625,499.7561340332031,284.7195129394531,3
Flickr8K/859620561_de417cac1e.jpg,/content/Image_captioning_Local/Flickr8K/Images/859620561_de417cac1e.jpg,dog,0.9713249206542969,79.68685913085938,64.20756530761719,323.96905517578125,290.33819580078125,2
Flickr8K/859620561_de417cac1e.jpg,/content/Image_captioning_Local/Flickr8K/Images/859620561_de417cac1e.jpg,frisbee,0.7765120267868042,297.100341796875,101.02222442626953,334.7011413574219,115.38410186767578,2
Flickr8K/860928274_744d14f198.jpg,/content/Image_captioning_Local/Flickr8K/Images/860928274_744d14f198.jpg,person,0.9616458415985107,35.84268569946289,109.97481536865234,442.769775390625,332.30999755859375,7
Flickr8K/860928274_744d14f198.jpg,/content/Image_captioning_Local/Flickr8K/Images/860928274_744d14f198.jpg,chair,0.5715847015380859,0.02804398536682129,20.846580505371094,499.9569396972656,332.9536437988281,7
Flickr8K/860928274_744d14f198.jpg,/content/Image_captioning_Local/Flickr8K/Images/860928274_744d14f198.jpg,bed,0.45786187052726746,0.02804398536682129,20.846580505371094,499.9569396972656,332.9536437988281,7
Flickr8K/860928274_744d14f198.jpg,/content/Image_captioning_Local/Flickr8K/Images/860928274_744d14f198.jpg,bed,0.4314776062965393,-0.03930926322937012,0.5155806541442871,499.955322265625,333.5115966796875,7
Flickr8K/860928274_744d14f198.jpg,/content/Image_captioning_Local/Flickr8K/Images/860928274_744d14f198.jpg,horse,0.3867228627204895,-0.377848744392395,-0.12159593403339386,499.55755615234375,133.111083984375,7
Flickr8K/860928274_744d14f198.jpg,/content/Image_captioning_Local/Flickr8K/Images/860928274_744d14f198.jpg,chair,0.31021779775619507,-0.03930926322937012,0.5155806541442871,499.955322265625,333.5115966796875,7
Flickr8K/860928274_744d14f198.jpg,/content/Image_captioning_Local/Flickr8K/Images/860928274_744d14f198.jpg,couch,0.26611971855163574,0.02804398536682129,20.846580505371094,499.9569396972656,332.9536437988281,7
Flickr8K/861608773_bdafd5c996.jpg,/content/Image_captioning_Local/Flickr8K/Images/861608773_bdafd5c996.jpg,dog,0.9443549513816833,24.05304527282715,123.38597869873047,149.7605438232422,205.3895721435547,3
Flickr8K/861608773_bdafd5c996.jpg,/content/Image_captioning_Local/Flickr8K/Images/861608773_bdafd5c996.jpg,bench,0.8945239186286926,161.5264129638672,135.1111602783203,290.43328857421875,157.94972229003906,3
Flickr8K/861608773_bdafd5c996.jpg,/content/Image_captioning_Local/Flickr8K/Images/861608773_bdafd5c996.jpg,sports ball,0.6105487942695618,192.83811950683594,33.34608840942383,202.30572509765625,42.194271087646484,3
Flickr8K/861661418_8a37024ace.jpg,/content/Image_captioning_Local/Flickr8K/Images/861661418_8a37024ace.jpg,dog,0.9686338305473328,63.235931396484375,98.01000213623047,403.13104248046875,373.1259765625,6
Flickr8K/861661418_8a37024ace.jpg,/content/Image_captioning_Local/Flickr8K/Images/861661418_8a37024ace.jpg,potted plant,0.425757497549057,402.6494445800781,100.78636932373047,441.8690490722656,254.50807189941406,6
Flickr8K/861661418_8a37024ace.jpg,/content/Image_captioning_Local/Flickr8K/Images/861661418_8a37024ace.jpg,carrot,0.3475742042064667,389.6409606933594,470.2382507324219,414.9536437988281,486.7297058105469,6
Flickr8K/861661418_8a37024ace.jpg,/content/Image_captioning_Local/Flickr8K/Images/861661418_8a37024ace.jpg,carrot,0.34208187460899353,269.78497314453125,316.2049560546875,294.9908142089844,332.1424255371094,6
Flickr8K/861661418_8a37024ace.jpg,/content/Image_captioning_Local/Flickr8K/Images/861661418_8a37024ace.jpg,potted plant,0.29602348804473877,406.1075744628906,157.84503173828125,442.0956726074219,254.46519470214844,6
Flickr8K/861661418_8a37024ace.jpg,/content/Image_captioning_Local/Flickr8K/Images/861661418_8a37024ace.jpg,carrot,0.28892600536346436,366.8817443847656,301.8543395996094,411.7023010253906,328.8626403808594,6
Flickr8K/861795382_5145ad433d.jpg,/content/Image_captioning_Local/Flickr8K/Images/861795382_5145ad433d.jpg,bicycle,0.9632383584976196,152.07485961914062,153.31002807617188,448.2845764160156,391.6112365722656,3
Flickr8K/861795382_5145ad433d.jpg,/content/Image_captioning_Local/Flickr8K/Images/861795382_5145ad433d.jpg,person,0.9438257217407227,154.7209014892578,46.85191345214844,340.0772399902344,318.98895263671875,3
Flickr8K/861795382_5145ad433d.jpg,/content/Image_captioning_Local/Flickr8K/Images/861795382_5145ad433d.jpg,bench,0.5177345871925354,46.2736701965332,375.57305908203125,280.3631896972656,437.53082275390625,3
Flickr8K/862054277_34b5a6f401.jpg,/content/Image_captioning_Local/Flickr8K/Images/862054277_34b5a6f401.jpg,person,0.9368427395820618,72.39012908935547,48.52191925048828,250.92514038085938,366.11181640625,1
Flickr8K/862156271_3eacea90a8.jpg,/content/Image_captioning_Local/Flickr8K/Images/862156271_3eacea90a8.jpg,person,0.9322271943092346,38.72552490234375,32.95388412475586,205.35635375976562,332.1141357421875,5
Flickr8K/862156271_3eacea90a8.jpg,/content/Image_captioning_Local/Flickr8K/Images/862156271_3eacea90a8.jpg,person,0.930125892162323,143.37098693847656,10.281671524047852,299.6615295410156,331.9607849121094,5
Flickr8K/862156271_3eacea90a8.jpg,/content/Image_captioning_Local/Flickr8K/Images/862156271_3eacea90a8.jpg,bottle,0.88709956407547,99.93476867675781,183.1913604736328,120.15367889404297,249.13880920410156,5
Flickr8K/862156271_3eacea90a8.jpg,/content/Image_captioning_Local/Flickr8K/Images/862156271_3eacea90a8.jpg,parking meter,0.29016393423080444,324.2666015625,-0.36845478415489197,499.9803771972656,332.628173828125,5
Flickr8K/862156271_3eacea90a8.jpg,/content/Image_captioning_Local/Flickr8K/Images/862156271_3eacea90a8.jpg,clock,0.2681543529033661,74.46422576904297,269.1189270019531,92.37303924560547,291.6498107910156,5
Flickr8K/862177617_c2c0581075.jpg,/content/Image_captioning_Local/Flickr8K/Images/862177617_c2c0581075.jpg,person,0.8829836845397949,14.6732177734375,109.43145751953125,153.75111389160156,286.6878662109375,19
Flickr8K/862177617_c2c0581075.jpg,/content/Image_captioning_Local/Flickr8K/Images/862177617_c2c0581075.jpg,person,0.8784528374671936,122.69833374023438,-0.1180281937122345,430.54058837890625,332.87860107421875,19
Flickr8K/862177617_c2c0581075.jpg,/content/Image_captioning_Local/Flickr8K/Images/862177617_c2c0581075.jpg,person,0.8706169724464417,420.160888671875,135.0042724609375,499.0419006347656,306.5564270019531,19
Flickr8K/862177617_c2c0581075.jpg,/content/Image_captioning_Local/Flickr8K/Images/862177617_c2c0581075.jpg,person,0.858426570892334,37.88697814941406,166.2093048095703,175.23667907714844,333.0682373046875,19
Flickr8K/862177617_c2c0581075.jpg,/content/Image_captioning_Local/Flickr8K/Images/862177617_c2c0581075.jpg,person,0.7276827096939087,401.0682373046875,145.15126037597656,442.9045104980469,314.3656921386719,19
Flickr8K/862177617_c2c0581075.jpg,/content/Image_captioning_Local/Flickr8K/Images/862177617_c2c0581075.jpg,person,0.6881080865859985,430.3572082519531,201.2569580078125,500.08917236328125,333.04693603515625,19
Flickr8K/862177617_c2c0581075.jpg,/content/Image_captioning_Local/Flickr8K/Images/862177617_c2c0581075.jpg,person,0.3750557601451874,0.04948582500219345,148.66726684570312,26.27770233154297,203.98846435546875,19
Flickr8K/862177617_c2c0581075.jpg,/content/Image_captioning_Local/Flickr8K/Images/862177617_c2c0581075.jpg,person,0.35998591780662537,478.8926086425781,135.8235321044922,500.0242004394531,203.5955047607422,19
Flickr8K/862177617_c2c0581075.jpg,/content/Image_captioning_Local/Flickr8K/Images/862177617_c2c0581075.jpg,person,0.3277980089187622,0.12683868408203125,214.72988891601562,108.28797912597656,333.33636474609375,19
Flickr8K/862177617_c2c0581075.jpg,/content/Image_captioning_Local/Flickr8K/Images/862177617_c2c0581075.jpg,person,0.3127720057964325,0.04245806485414505,215.6720428466797,23.520219802856445,279.8843688964844,19
Flickr8K/862177617_c2c0581075.jpg,/content/Image_captioning_Local/Flickr8K/Images/862177617_c2c0581075.jpg,person,0.3067333698272705,17.89586639404297,176.83767700195312,44.77534103393555,210.21929931640625,19
Flickr8K/862177617_c2c0581075.jpg,/content/Image_captioning_Local/Flickr8K/Images/862177617_c2c0581075.jpg,person,0.30645751953125,141.27871704101562,123.76436614990234,181.15234375,291.0448913574219,19
Flickr8K/862177617_c2c0581075.jpg,/content/Image_captioning_Local/Flickr8K/Images/862177617_c2c0581075.jpg,handbag,0.30495259165763855,440.53704833984375,188.1490020751953,455.7640075683594,247.1768341064453,19
Flickr8K/862177617_c2c0581075.jpg,/content/Image_captioning_Local/Flickr8K/Images/862177617_c2c0581075.jpg,person,0.30115190148353577,388.70806884765625,175.5571746826172,411.09912109375,312.8689270019531,19
Flickr8K/862177617_c2c0581075.jpg,/content/Image_captioning_Local/Flickr8K/Images/862177617_c2c0581075.jpg,person,0.28958016633987427,141.7544708251953,124.17705535888672,177.59100341796875,232.91368103027344,19
Flickr8K/862177617_c2c0581075.jpg,/content/Image_captioning_Local/Flickr8K/Images/862177617_c2c0581075.jpg,person,0.2779483199119568,-0.09816791862249374,193.6862030029297,30.10816192626953,250.30821228027344,19
Flickr8K/862177617_c2c0581075.jpg,/content/Image_captioning_Local/Flickr8K/Images/862177617_c2c0581075.jpg,person,0.2679120600223541,-0.025406479835510254,214.3770751953125,125.3016128540039,333.3178405761719,19
Flickr8K/862177617_c2c0581075.jpg,/content/Image_captioning_Local/Flickr8K/Images/862177617_c2c0581075.jpg,person,0.2565634548664093,-0.010738149285316467,148.628662109375,29.380643844604492,247.92022705078125,19
Flickr8K/862177617_c2c0581075.jpg,/content/Image_captioning_Local/Flickr8K/Images/862177617_c2c0581075.jpg,person,0.25386425852775574,18.078197479248047,177.04246520996094,44.679256439208984,202.26467895507812,19
Flickr8K/862187579_9faf4a51e0.jpg,/content/Image_captioning_Local/Flickr8K/Images/862187579_9faf4a51e0.jpg,person,0.9607308506965637,270.0625915527344,65.98898315429688,499.8810729980469,332.6507263183594,2
Flickr8K/862187579_9faf4a51e0.jpg,/content/Image_captioning_Local/Flickr8K/Images/862187579_9faf4a51e0.jpg,kite,0.3102457523345947,61.86418151855469,129.63482666015625,295.4118957519531,237.6544952392578,2
Flickr8K/86412576_c53392ef80.jpg,/content/Image_captioning_Local/Flickr8K/Images/86412576_c53392ef80.jpg,handbag,0.8461896777153015,143.70616149902344,152.88082885742188,200.9459228515625,241.36050415039062,24
Flickr8K/86412576_c53392ef80.jpg,/content/Image_captioning_Local/Flickr8K/Images/86412576_c53392ef80.jpg,person,0.8304035663604736,113.23542022705078,96.69873809814453,198.6410675048828,384.4903564453125,24
Flickr8K/86412576_c53392ef80.jpg,/content/Image_captioning_Local/Flickr8K/Images/86412576_c53392ef80.jpg,person,0.6685720086097717,200.0731964111328,69.23849487304688,392.32342529296875,386.5574951171875,24
Flickr8K/86412576_c53392ef80.jpg,/content/Image_captioning_Local/Flickr8K/Images/86412576_c53392ef80.jpg,handbag,0.6602530479431152,82.02477264404297,173.2992401123047,137.0884552001953,264.06390380859375,24
Flickr8K/86412576_c53392ef80.jpg,/content/Image_captioning_Local/Flickr8K/Images/86412576_c53392ef80.jpg,handbag,0.5160097479820251,42.116973876953125,140.34359741210938,115.72212219238281,196.4405059814453,24
Flickr8K/86412576_c53392ef80.jpg,/content/Image_captioning_Local/Flickr8K/Images/86412576_c53392ef80.jpg,handbag,0.5121488571166992,137.4052276611328,226.9613800048828,252.22109985351562,342.28118896484375,24
Flickr8K/86412576_c53392ef80.jpg,/content/Image_captioning_Local/Flickr8K/Images/86412576_c53392ef80.jpg,handbag,0.4927632212638855,81.77881622314453,173.0385284423828,140.1642608642578,298.89215087890625,24
Flickr8K/86412576_c53392ef80.jpg,/content/Image_captioning_Local/Flickr8K/Images/86412576_c53392ef80.jpg,handbag,0.3833310306072235,138.5191650390625,149.97860717773438,252.831787109375,342.67486572265625,24
Flickr8K/86412576_c53392ef80.jpg,/content/Image_captioning_Local/Flickr8K/Images/86412576_c53392ef80.jpg,handbag,0.3712235391139984,42.1934928894043,140.54429626464844,115.94291687011719,240.63876342773438,24
Flickr8K/86412576_c53392ef80.jpg,/content/Image_captioning_Local/Flickr8K/Images/86412576_c53392ef80.jpg,person,0.3696333169937134,237.46372985839844,153.0575714111328,324.09722900390625,386.6911926269531,24
Flickr8K/86412576_c53392ef80.jpg,/content/Image_captioning_Local/Flickr8K/Images/86412576_c53392ef80.jpg,handbag,0.3678946793079376,74.67562103271484,278.93682861328125,142.2833709716797,350.716796875,24
Flickr8K/86412576_c53392ef80.jpg,/content/Image_captioning_Local/Flickr8K/Images/86412576_c53392ef80.jpg,handbag,0.36750656366348267,63.402400970458984,172.70556640625,132.76100158691406,218.14813232421875,24
Flickr8K/86412576_c53392ef80.jpg,/content/Image_captioning_Local/Flickr8K/Images/86412576_c53392ef80.jpg,person,0.3489204943180084,113.78565216064453,97.0682601928711,196.41741943359375,221.46563720703125,24
Flickr8K/86412576_c53392ef80.jpg,/content/Image_captioning_Local/Flickr8K/Images/86412576_c53392ef80.jpg,handbag,0.32991769909858704,87.42241668701172,267.54296875,117.26116943359375,297.1301574707031,24
Flickr8K/86412576_c53392ef80.jpg,/content/Image_captioning_Local/Flickr8K/Images/86412576_c53392ef80.jpg,person,0.3116254210472107,238.15553283691406,116.73096466064453,324.8586730957031,386.9627380371094,24
Flickr8K/86412576_c53392ef80.jpg,/content/Image_captioning_Local/Flickr8K/Images/86412576_c53392ef80.jpg,umbrella,0.31074753403663635,203.72193908691406,69.49861145019531,392.05133056640625,189.9789581298828,24
Flickr8K/86412576_c53392ef80.jpg,/content/Image_captioning_Local/Flickr8K/Images/86412576_c53392ef80.jpg,handbag,0.30210959911346436,38.688419342041016,253.25320434570312,62.37689208984375,276.4179992675781,24
Flickr8K/86412576_c53392ef80.jpg,/content/Image_captioning_Local/Flickr8K/Images/86412576_c53392ef80.jpg,sports ball,0.28733792901039124,76.89030456542969,261.7889404296875,88.88059997558594,276.09149169921875,24
Flickr8K/86412576_c53392ef80.jpg,/content/Image_captioning_Local/Flickr8K/Images/86412576_c53392ef80.jpg,handbag,0.2869638204574585,83.21138763427734,206.7017364501953,136.00897216796875,264.0362854003906,24
Flickr8K/86412576_c53392ef80.jpg,/content/Image_captioning_Local/Flickr8K/Images/86412576_c53392ef80.jpg,handbag,0.27953648567199707,185.4433135986328,141.56103515625,210.9754638671875,236.9314422607422,24
Flickr8K/86412576_c53392ef80.jpg,/content/Image_captioning_Local/Flickr8K/Images/86412576_c53392ef80.jpg,umbrella,0.2750352621078491,231.3211212158203,69.45174407958984,392.16680908203125,187.07850646972656,24
Flickr8K/86412576_c53392ef80.jpg,/content/Image_captioning_Local/Flickr8K/Images/86412576_c53392ef80.jpg,sports ball,0.2611902356147766,57.84845733642578,259.4287109375,74.88866424560547,279.0392761230469,24
Flickr8K/86412576_c53392ef80.jpg,/content/Image_captioning_Local/Flickr8K/Images/86412576_c53392ef80.jpg,umbrella,0.2574705183506012,202.90478515625,69.1984634399414,392.1826171875,283.1200866699219,24
Flickr8K/86412576_c53392ef80.jpg,/content/Image_captioning_Local/Flickr8K/Images/86412576_c53392ef80.jpg,handbag,0.2520451843738556,227.65443420410156,286.41766357421875,253.4981689453125,330.18743896484375,24
Flickr8K/864290968_eccb46d5ab.jpg,/content/Image_captioning_Local/Flickr8K/Images/864290968_eccb46d5ab.jpg,bus,0.9298385381698608,-0.07227063179016113,0.09668505191802979,499.9227294921875,306.09332275390625,5
Flickr8K/864290968_eccb46d5ab.jpg,/content/Image_captioning_Local/Flickr8K/Images/864290968_eccb46d5ab.jpg,person,0.8305769562721252,250.73638916015625,104.9976577758789,340.6196594238281,184.21710205078125,5
Flickr8K/864290968_eccb46d5ab.jpg,/content/Image_captioning_Local/Flickr8K/Images/864290968_eccb46d5ab.jpg,person,0.4160842001438141,314.6241455078125,250.97418212890625,386.8428955078125,306.0520324707031,5
Flickr8K/864290968_eccb46d5ab.jpg,/content/Image_captioning_Local/Flickr8K/Images/864290968_eccb46d5ab.jpg,train,0.34386610984802246,0.09873509407043457,0.16812729835510254,500.09368896484375,306.1650695800781,5
Flickr8K/864290968_eccb46d5ab.jpg,/content/Image_captioning_Local/Flickr8K/Images/864290968_eccb46d5ab.jpg,chair,0.25177744030952454,426.9617614746094,271.2742614746094,499.8723449707031,306.1363220214844,5
Flickr8K/86542183_5e312ae4d4.jpg,/content/Image_captioning_Local/Flickr8K/Images/86542183_5e312ae4d4.jpg,person,0.9552593231201172,72.0835952758789,100.59820556640625,151.12368774414062,289.4132080078125,4
Flickr8K/86542183_5e312ae4d4.jpg,/content/Image_captioning_Local/Flickr8K/Images/86542183_5e312ae4d4.jpg,person,0.9344300031661987,333.4559326171875,110.54060363769531,400.965576171875,276.163330078125,4
Flickr8K/86542183_5e312ae4d4.jpg,/content/Image_captioning_Local/Flickr8K/Images/86542183_5e312ae4d4.jpg,skis,0.3840554356575012,336.82659912109375,250.34495544433594,400.1642150878906,284.8011474609375,4
Flickr8K/86542183_5e312ae4d4.jpg,/content/Image_captioning_Local/Flickr8K/Images/86542183_5e312ae4d4.jpg,skis,0.26794058084487915,336.8029479980469,267.2187805175781,399.3257141113281,284.5322265625,4
Flickr8K/866841633_05d273b96d.jpg,/content/Image_captioning_Local/Flickr8K/Images/866841633_05d273b96d.jpg,person,0.858834981918335,370.300048828125,176.75450134277344,409.62200927734375,205.35232543945312,9
Flickr8K/866841633_05d273b96d.jpg,/content/Image_captioning_Local/Flickr8K/Images/866841633_05d273b96d.jpg,surfboard,0.6899372935295105,347.3314208984375,200.87734985351562,421.8364562988281,210.1683349609375,9
Flickr8K/866841633_05d273b96d.jpg,/content/Image_captioning_Local/Flickr8K/Images/866841633_05d273b96d.jpg,boat,0.5284284949302673,347.3314208984375,200.87734985351562,421.8364562988281,210.1683349609375,9
Flickr8K/866841633_05d273b96d.jpg,/content/Image_captioning_Local/Flickr8K/Images/866841633_05d273b96d.jpg,surfboard,0.3342593312263489,102.91909790039062,195.6190948486328,156.7711181640625,204.15626525878906,9
Flickr8K/866841633_05d273b96d.jpg,/content/Image_captioning_Local/Flickr8K/Images/866841633_05d273b96d.jpg,boat,0.32826709747314453,102.95611572265625,187.7847137451172,178.02584838867188,204.1940460205078,9
Flickr8K/866841633_05d273b96d.jpg,/content/Image_captioning_Local/Flickr8K/Images/866841633_05d273b96d.jpg,skis,0.3105660080909729,102.95611572265625,187.7847137451172,178.02584838867188,204.1940460205078,9
Flickr8K/866841633_05d273b96d.jpg,/content/Image_captioning_Local/Flickr8K/Images/866841633_05d273b96d.jpg,surfboard,0.2989689111709595,102.95611572265625,187.7847137451172,178.02584838867188,204.1940460205078,9
Flickr8K/866841633_05d273b96d.jpg,/content/Image_captioning_Local/Flickr8K/Images/866841633_05d273b96d.jpg,person,0.2926485538482666,114.07950592041016,187.6458282470703,178.02572631835938,200.1134490966797,9
Flickr8K/866841633_05d273b96d.jpg,/content/Image_captioning_Local/Flickr8K/Images/866841633_05d273b96d.jpg,person,0.27263158559799194,114.23719024658203,187.65452575683594,178.41893005371094,201.1372528076172,9
Flickr8K/870710405_51e507b31a.jpg,/content/Image_captioning_Local/Flickr8K/Images/870710405_51e507b31a.jpg,person,0.9694989323616028,15.600512504577637,12.548104286193848,269.43365478515625,499.5024108886719,5
Flickr8K/870710405_51e507b31a.jpg,/content/Image_captioning_Local/Flickr8K/Images/870710405_51e507b31a.jpg,boat,0.4139493703842163,-0.021636486053466797,337.4833679199219,274.9756164550781,499.48797607421875,5
Flickr8K/870710405_51e507b31a.jpg,/content/Image_captioning_Local/Flickr8K/Images/870710405_51e507b31a.jpg,boat,0.3603227734565735,-0.27929097414016724,241.0670166015625,274.71795654296875,499.40582275390625,5
Flickr8K/870710405_51e507b31a.jpg,/content/Image_captioning_Local/Flickr8K/Images/870710405_51e507b31a.jpg,person,0.3009028732776642,0.0029278919100761414,174.8897247314453,37.77724838256836,266.7586669921875,5
Flickr8K/870710405_51e507b31a.jpg,/content/Image_captioning_Local/Flickr8K/Images/870710405_51e507b31a.jpg,boat,0.26455506682395935,-0.17486214637756348,239.4508514404297,274.8223876953125,499.30560302734375,5
Flickr8K/871290646_307cddd4e7.jpg,/content/Image_captioning_Local/Flickr8K/Images/871290646_307cddd4e7.jpg,person,0.9144918322563171,41.45342254638672,2.4974257946014404,442.4129333496094,343.22064208984375,17
Flickr8K/871290646_307cddd4e7.jpg,/content/Image_captioning_Local/Flickr8K/Images/871290646_307cddd4e7.jpg,person,0.8898007273674011,0.48119574785232544,0.11695215106010437,152.9304962158203,203.83132934570312,17
Flickr8K/871290646_307cddd4e7.jpg,/content/Image_captioning_Local/Flickr8K/Images/871290646_307cddd4e7.jpg,person,0.8470615148544312,394.81549072265625,-0.10564640164375305,499.9374694824219,342.890869140625,17
Flickr8K/871290646_307cddd4e7.jpg,/content/Image_captioning_Local/Flickr8K/Images/871290646_307cddd4e7.jpg,person,0.8248386979103088,96.12065124511719,-0.058670297265052795,289.8426208496094,137.08924865722656,17
Flickr8K/871290646_307cddd4e7.jpg,/content/Image_captioning_Local/Flickr8K/Images/871290646_307cddd4e7.jpg,donut,0.46043720841407776,238.14398193359375,249.81077575683594,378.881103515625,343.0511474609375,17
Flickr8K/871290646_307cddd4e7.jpg,/content/Image_captioning_Local/Flickr8K/Images/871290646_307cddd4e7.jpg,orange,0.3948698043823242,289.81842041015625,218.27392578125,336.5067138671875,252.06454467773438,17
Flickr8K/871290646_307cddd4e7.jpg,/content/Image_captioning_Local/Flickr8K/Images/871290646_307cddd4e7.jpg,person,0.3893541097640991,-0.04811771214008331,110.95822143554688,59.383480072021484,342.8070373535156,17
Flickr8K/871290646_307cddd4e7.jpg,/content/Image_captioning_Local/Flickr8K/Images/871290646_307cddd4e7.jpg,person,0.36669278144836426,94.81751251220703,-0.10104130208492279,162.3155517578125,53.28627014160156,17
Flickr8K/871290646_307cddd4e7.jpg,/content/Image_captioning_Local/Flickr8K/Images/871290646_307cddd4e7.jpg,person,0.35293129086494446,350.5967102050781,-0.13386477530002594,427.7987060546875,68.9923324584961,17
Flickr8K/871290646_307cddd4e7.jpg,/content/Image_captioning_Local/Flickr8K/Images/871290646_307cddd4e7.jpg,teddy bear,0.3469279408454895,238.14398193359375,249.81077575683594,378.881103515625,343.0511474609375,17
Flickr8K/871290646_307cddd4e7.jpg,/content/Image_captioning_Local/Flickr8K/Images/871290646_307cddd4e7.jpg,hot dog,0.32531729340553284,238.14398193359375,249.81077575683594,378.881103515625,343.0511474609375,17
Flickr8K/871290646_307cddd4e7.jpg,/content/Image_captioning_Local/Flickr8K/Images/871290646_307cddd4e7.jpg,person,0.3209066689014435,13.034682273864746,195.16436767578125,108.77421569824219,342.8678283691406,17
Flickr8K/871290646_307cddd4e7.jpg,/content/Image_captioning_Local/Flickr8K/Images/871290646_307cddd4e7.jpg,donut,0.31357601284980774,289.81842041015625,218.27392578125,336.5067138671875,252.06454467773438,17
Flickr8K/871290646_307cddd4e7.jpg,/content/Image_captioning_Local/Flickr8K/Images/871290646_307cddd4e7.jpg,person,0.276307076215744,0.06158091127872467,111.21611022949219,59.21085739135742,250.6165313720703,17
Flickr8K/871290646_307cddd4e7.jpg,/content/Image_captioning_Local/Flickr8K/Images/871290646_307cddd4e7.jpg,person,0.26953408122062683,349.2680969238281,0.058695852756500244,447.57757568359375,69.35549926757812,17
Flickr8K/871290646_307cddd4e7.jpg,/content/Image_captioning_Local/Flickr8K/Images/871290646_307cddd4e7.jpg,person,0.2601606249809265,88.26495361328125,-0.0673898309469223,162.05908203125,114.07744598388672,17
Flickr8K/871290646_307cddd4e7.jpg,/content/Image_captioning_Local/Flickr8K/Images/871290646_307cddd4e7.jpg,carrot,0.25595319271087646,289.81842041015625,218.27392578125,336.5067138671875,252.06454467773438,17
Flickr8K/871290666_4877e128c0.jpg,/content/Image_captioning_Local/Flickr8K/Images/871290666_4877e128c0.jpg,person,0.9552313685417175,180.34375,64.33285522460938,427.027099609375,365.6136169433594,4
Flickr8K/871290666_4877e128c0.jpg,/content/Image_captioning_Local/Flickr8K/Images/871290666_4877e128c0.jpg,backpack,0.5207563638687134,378.9482116699219,225.29574584960938,439.956298828125,280.86138916015625,4
Flickr8K/871290666_4877e128c0.jpg,/content/Image_captioning_Local/Flickr8K/Images/871290666_4877e128c0.jpg,cell phone,0.31085652112960815,290.85107421875,180.72010803222656,299.6724548339844,187.7953643798828,4
Flickr8K/871290666_4877e128c0.jpg,/content/Image_captioning_Local/Flickr8K/Images/871290666_4877e128c0.jpg,backpack,0.27336275577545166,365.31134033203125,216.50099182128906,440.1194763183594,280.86334228515625,4
Flickr8K/872135364_8c1e47d163.jpg,/content/Image_captioning_Local/Flickr8K/Images/872135364_8c1e47d163.jpg,dog,0.7318587303161621,13.932913780212402,73.0665512084961,396.83160400390625,390.29180908203125,4
Flickr8K/872135364_8c1e47d163.jpg,/content/Image_captioning_Local/Flickr8K/Images/872135364_8c1e47d163.jpg,dog,0.6680251359939575,13.750329971313477,73.48388671875,469.12945556640625,421.2507019042969,4
Flickr8K/872135364_8c1e47d163.jpg,/content/Image_captioning_Local/Flickr8K/Images/872135364_8c1e47d163.jpg,dog,0.35844528675079346,158.98556518554688,203.25173950195312,468.19549560546875,423.6219482421875,4
Flickr8K/872135364_8c1e47d163.jpg,/content/Image_captioning_Local/Flickr8K/Images/872135364_8c1e47d163.jpg,dog,0.33222419023513794,158.86550903320312,255.46849060058594,468.0418395996094,423.05499267578125,4
Flickr8K/872512911_ca383b40e4.jpg,/content/Image_captioning_Local/Flickr8K/Images/872512911_ca383b40e4.jpg,person,0.9395930767059326,305.94903564453125,142.2460174560547,393.81097412109375,315.9278564453125,23
Flickr8K/872512911_ca383b40e4.jpg,/content/Image_captioning_Local/Flickr8K/Images/872512911_ca383b40e4.jpg,person,0.9231138825416565,405.46978759765625,148.76353454589844,485.359619140625,315.71820068359375,23
Flickr8K/872512911_ca383b40e4.jpg,/content/Image_captioning_Local/Flickr8K/Images/872512911_ca383b40e4.jpg,person,0.8201053142547607,139.3113250732422,219.7044677734375,188.29957580566406,280.2333984375,23
Flickr8K/872512911_ca383b40e4.jpg,/content/Image_captioning_Local/Flickr8K/Images/872512911_ca383b40e4.jpg,person,0.773678183555603,59.63410186767578,219.825439453125,89.65673828125,264.55584716796875,23
Flickr8K/872512911_ca383b40e4.jpg,/content/Image_captioning_Local/Flickr8K/Images/872512911_ca383b40e4.jpg,person,0.7700347900390625,189.65902709960938,220.55130004882812,229.1640625,289.6666259765625,23
Flickr8K/872512911_ca383b40e4.jpg,/content/Image_captioning_Local/Flickr8K/Images/872512911_ca383b40e4.jpg,person,0.7610529661178589,232.13282775878906,219.1703643798828,269.779052734375,290.4343566894531,23
Flickr8K/872512911_ca383b40e4.jpg,/content/Image_captioning_Local/Flickr8K/Images/872512911_ca383b40e4.jpg,person,0.7421503663063049,89.35176849365234,222.1259307861328,114.23966979980469,270.7214660644531,23
Flickr8K/872512911_ca383b40e4.jpg,/content/Image_captioning_Local/Flickr8K/Images/872512911_ca383b40e4.jpg,person,0.6603335738182068,392.54498291015625,228.1736297607422,432.4278259277344,306.7259521484375,23
Flickr8K/872512911_ca383b40e4.jpg,/content/Image_captioning_Local/Flickr8K/Images/872512911_ca383b40e4.jpg,person,0.632270097732544,108.14306640625,219.90634155273438,142.98875427246094,273.9073181152344,23
Flickr8K/872512911_ca383b40e4.jpg,/content/Image_captioning_Local/Flickr8K/Images/872512911_ca383b40e4.jpg,frisbee,0.6159358024597168,395.57159423828125,198.17576599121094,419.7759094238281,203.78334045410156,23
Flickr8K/872512911_ca383b40e4.jpg,/content/Image_captioning_Local/Flickr8K/Images/872512911_ca383b40e4.jpg,person,0.5783423781394958,25.532297134399414,216.9259796142578,52.066856384277344,258.0719909667969,23
Flickr8K/872512911_ca383b40e4.jpg,/content/Image_captioning_Local/Flickr8K/Images/872512911_ca383b40e4.jpg,person,0.5070679187774658,46.48381805419922,217.88182067871094,67.934326171875,261.4561767578125,23
Flickr8K/872512911_ca383b40e4.jpg,/content/Image_captioning_Local/Flickr8K/Images/872512911_ca383b40e4.jpg,person,0.4355279803276062,474.48828125,222.54080200195312,500.0420227050781,309.7720031738281,23
Flickr8K/872512911_ca383b40e4.jpg,/content/Image_captioning_Local/Flickr8K/Images/872512911_ca383b40e4.jpg,person,0.41361281275749207,8.381781578063965,217.7943115234375,37.92890167236328,257.0162658691406,23
Flickr8K/872512911_ca383b40e4.jpg,/content/Image_captioning_Local/Flickr8K/Images/872512911_ca383b40e4.jpg,backpack,0.39360281825065613,216.41070556640625,266.4656982421875,239.0468292236328,292.9761962890625,23
Flickr8K/872512911_ca383b40e4.jpg,/content/Image_captioning_Local/Flickr8K/Images/872512911_ca383b40e4.jpg,person,0.3698855936527252,184.23863220214844,223.17172241210938,197.31973266601562,262.21551513671875,23
Flickr8K/872512911_ca383b40e4.jpg,/content/Image_captioning_Local/Flickr8K/Images/872512911_ca383b40e4.jpg,person,0.3551994562149048,-0.3427527844905853,212.55625915527344,19.606359481811523,246.6561737060547,23
Flickr8K/872512911_ca383b40e4.jpg,/content/Image_captioning_Local/Flickr8K/Images/872512911_ca383b40e4.jpg,skateboard,0.32846948504447937,0.2667503356933594,246.97889709472656,22.7673282623291,265.74359130859375,23
Flickr8K/872512911_ca383b40e4.jpg,/content/Image_captioning_Local/Flickr8K/Images/872512911_ca383b40e4.jpg,person,0.305627703666687,260.39501953125,247.17250061035156,272.5747985839844,288.76971435546875,23
Flickr8K/872512911_ca383b40e4.jpg,/content/Image_captioning_Local/Flickr8K/Images/872512911_ca383b40e4.jpg,umbrella,0.2934233248233795,366.5623779296875,183.00953674316406,401.72845458984375,204.7314910888672,23
Flickr8K/872512911_ca383b40e4.jpg,/content/Image_captioning_Local/Flickr8K/Images/872512911_ca383b40e4.jpg,person,0.2900907099246979,415.2166442871094,218.69773864746094,432.1463317871094,242.9222412109375,23
Flickr8K/872512911_ca383b40e4.jpg,/content/Image_captioning_Local/Flickr8K/Images/872512911_ca383b40e4.jpg,handbag,0.2886325418949127,216.41070556640625,266.4656982421875,239.0468292236328,292.9761962890625,23
Flickr8K/872512911_ca383b40e4.jpg,/content/Image_captioning_Local/Flickr8K/Images/872512911_ca383b40e4.jpg,person,0.25229600071907043,211.83660888671875,213.26254272460938,223.5091552734375,241.9466552734375,23
Flickr8K/872622575_ba1d3632cc.jpg,/content/Image_captioning_Local/Flickr8K/Images/872622575_ba1d3632cc.jpg,person,0.8043181300163269,119.25387573242188,179.1288299560547,205.2434844970703,231.04429626464844,4
Flickr8K/872622575_ba1d3632cc.jpg,/content/Image_captioning_Local/Flickr8K/Images/872622575_ba1d3632cc.jpg,boat,0.5509628653526306,117.53053283691406,201.63987731933594,375.1671142578125,363.0709533691406,4
Flickr8K/872622575_ba1d3632cc.jpg,/content/Image_captioning_Local/Flickr8K/Images/872622575_ba1d3632cc.jpg,surfboard,0.36094287037849426,117.53053283691406,201.63987731933594,375.1671142578125,363.0709533691406,4
Flickr8K/872622575_ba1d3632cc.jpg,/content/Image_captioning_Local/Flickr8K/Images/872622575_ba1d3632cc.jpg,person,0.26037970185279846,144.54461669921875,179.55335998535156,204.7379913330078,215.6466522216797,4
Flickr8K/873633312_a756d8b381.jpg,/content/Image_captioning_Local/Flickr8K/Images/873633312_a756d8b381.jpg,person,0.9661639928817749,61.64455032348633,112.88771057128906,387.8831481933594,436.5842590332031,2
Flickr8K/873633312_a756d8b381.jpg,/content/Image_captioning_Local/Flickr8K/Images/873633312_a756d8b381.jpg,surfboard,0.3946523070335388,-0.11710256338119507,472.2985534667969,365.3736572265625,500.44525146484375,2
Flickr8K/874665322_9ad05c4065.jpg,/content/Image_captioning_Local/Flickr8K/Images/874665322_9ad05c4065.jpg,dog,0.9702152609825134,72.55774688720703,17.213899612426758,481.10174560546875,245.15518188476562,1
Flickr8K/875731481_a5a0a09934.jpg,/content/Image_captioning_Local/Flickr8K/Images/875731481_a5a0a09934.jpg,person,0.9415538311004639,-0.14312008023262024,247.922119140625,72.017333984375,381.01641845703125,10
Flickr8K/875731481_a5a0a09934.jpg,/content/Image_captioning_Local/Flickr8K/Images/875731481_a5a0a09934.jpg,person,0.9140714406967163,121.13938903808594,96.02032470703125,271.34716796875,498.62939453125,10
Flickr8K/875731481_a5a0a09934.jpg,/content/Image_captioning_Local/Flickr8K/Images/875731481_a5a0a09934.jpg,person,0.8778511881828308,79.0853500366211,220.2851104736328,154.1717987060547,424.0375061035156,10
Flickr8K/875731481_a5a0a09934.jpg,/content/Image_captioning_Local/Flickr8K/Images/875731481_a5a0a09934.jpg,person,0.4385438859462738,224.9168243408203,142.8680419921875,330.6812744140625,492.02447509765625,10
Flickr8K/875731481_a5a0a09934.jpg,/content/Image_captioning_Local/Flickr8K/Images/875731481_a5a0a09934.jpg,handbag,0.4119095206260681,0.1619272530078888,287.3759765625,28.267362594604492,363.8011779785156,10
Flickr8K/875731481_a5a0a09934.jpg,/content/Image_captioning_Local/Flickr8K/Images/875731481_a5a0a09934.jpg,person,0.40452203154563904,145.78329467773438,382.64910888671875,182.37509155273438,494.6195373535156,10
Flickr8K/875731481_a5a0a09934.jpg,/content/Image_captioning_Local/Flickr8K/Images/875731481_a5a0a09934.jpg,person,0.37578144669532776,247.1574249267578,351.00006103515625,299.7297668457031,493.6083068847656,10
Flickr8K/875731481_a5a0a09934.jpg,/content/Image_captioning_Local/Flickr8K/Images/875731481_a5a0a09934.jpg,person,0.30157649517059326,223.19644165039062,259.00543212890625,299.389892578125,491.59014892578125,10
Flickr8K/875731481_a5a0a09934.jpg,/content/Image_captioning_Local/Flickr8K/Images/875731481_a5a0a09934.jpg,person,0.27276313304901123,221.75047302246094,255.89329528808594,264.7341003417969,486.2359313964844,10
Flickr8K/875731481_a5a0a09934.jpg,/content/Image_captioning_Local/Flickr8K/Images/875731481_a5a0a09934.jpg,person,0.25212106108665466,222.8671112060547,143.13160705566406,302.01806640625,492.1122741699219,10
Flickr8K/878758390_dd2cdc42f6.jpg,/content/Image_captioning_Local/Flickr8K/Images/878758390_dd2cdc42f6.jpg,dog,0.9660888314247131,190.6006622314453,100.48696899414062,331.5486145019531,341.4339294433594,1
Flickr8K/880220939_0ef1c37f1f.jpg,/content/Image_captioning_Local/Flickr8K/Images/880220939_0ef1c37f1f.jpg,person,0.936087965965271,288.2076416015625,167.52655029296875,371.8352966308594,353.1841735839844,42
Flickr8K/880220939_0ef1c37f1f.jpg,/content/Image_captioning_Local/Flickr8K/Images/880220939_0ef1c37f1f.jpg,person,0.932754397392273,398.1197204589844,132.0655975341797,499.98345947265625,374.55706787109375,42
Flickr8K/880220939_0ef1c37f1f.jpg,/content/Image_captioning_Local/Flickr8K/Images/880220939_0ef1c37f1f.jpg,person,0.9212793707847595,190.85720825195312,154.14170837402344,312.157958984375,374.7899475097656,42
Flickr8K/880220939_0ef1c37f1f.jpg,/content/Image_captioning_Local/Flickr8K/Images/880220939_0ef1c37f1f.jpg,person,0.9159253835678101,131.62281799316406,158.68069458007812,187.8971710205078,288.2299499511719,42
Flickr8K/880220939_0ef1c37f1f.jpg,/content/Image_captioning_Local/Flickr8K/Images/880220939_0ef1c37f1f.jpg,person,0.8778632879257202,77.99795532226562,163.89707946777344,132.76507568359375,261.3919677734375,42
Flickr8K/880220939_0ef1c37f1f.jpg,/content/Image_captioning_Local/Flickr8K/Images/880220939_0ef1c37f1f.jpg,person,0.8667992949485779,153.00901794433594,160.26797485351562,216.8944854736328,350.4058837890625,42
Flickr8K/880220939_0ef1c37f1f.jpg,/content/Image_captioning_Local/Flickr8K/Images/880220939_0ef1c37f1f.jpg,person,0.7501410245895386,285.0559387207031,157.61598205566406,326.6743469238281,231.54803466796875,42
Flickr8K/880220939_0ef1c37f1f.jpg,/content/Image_captioning_Local/Flickr8K/Images/880220939_0ef1c37f1f.jpg,chair,0.7482602596282959,51.174957275390625,176.83746337890625,75.87215423583984,208.28128051757812,42
Flickr8K/880220939_0ef1c37f1f.jpg,/content/Image_captioning_Local/Flickr8K/Images/880220939_0ef1c37f1f.jpg,person,0.7098106145858765,277.8725891113281,153.6427459716797,299.696533203125,197.80093383789062,42
Flickr8K/880220939_0ef1c37f1f.jpg,/content/Image_captioning_Local/Flickr8K/Images/880220939_0ef1c37f1f.jpg,person,0.6209166049957275,410.75811767578125,164.67567443847656,429.4225158691406,201.58132934570312,42
Flickr8K/880220939_0ef1c37f1f.jpg,/content/Image_captioning_Local/Flickr8K/Images/880220939_0ef1c37f1f.jpg,person,0.6122641563415527,374.217041015625,163.28207397460938,397.8985595703125,213.99159240722656,42
Flickr8K/880220939_0ef1c37f1f.jpg,/content/Image_captioning_Local/Flickr8K/Images/880220939_0ef1c37f1f.jpg,person,0.5806739330291748,123.18518829345703,170.3529510498047,144.0472869873047,213.76593017578125,42
Flickr8K/880220939_0ef1c37f1f.jpg,/content/Image_captioning_Local/Flickr8K/Images/880220939_0ef1c37f1f.jpg,umbrella,0.5755065083503723,49.62268829345703,127.51158905029297,121.85343933105469,154.66830444335938,42
Flickr8K/880220939_0ef1c37f1f.jpg,/content/Image_captioning_Local/Flickr8K/Images/880220939_0ef1c37f1f.jpg,potted plant,0.562675952911377,0.0874735414981842,151.94544982910156,31.621370315551758,212.6124725341797,42
Flickr8K/880220939_0ef1c37f1f.jpg,/content/Image_captioning_Local/Flickr8K/Images/880220939_0ef1c37f1f.jpg,person,0.5298400521278381,244.92889404296875,159.07090759277344,265.11328125,192.7502899169922,42
Flickr8K/880220939_0ef1c37f1f.jpg,/content/Image_captioning_Local/Flickr8K/Images/880220939_0ef1c37f1f.jpg,person,0.5146816372871399,74.15888214111328,169.81895446777344,94.19690704345703,213.53050231933594,42
Flickr8K/880220939_0ef1c37f1f.jpg,/content/Image_captioning_Local/Flickr8K/Images/880220939_0ef1c37f1f.jpg,potted plant,0.4718201756477356,277.2442626953125,129.25152587890625,310.15252685546875,154.34498596191406,42
Flickr8K/880220939_0ef1c37f1f.jpg,/content/Image_captioning_Local/Flickr8K/Images/880220939_0ef1c37f1f.jpg,potted plant,0.45805060863494873,174.38729858398438,124.41031646728516,226.669677734375,150.91659545898438,42
Flickr8K/880220939_0ef1c37f1f.jpg,/content/Image_captioning_Local/Flickr8K/Images/880220939_0ef1c37f1f.jpg,umbrella,0.4532316029071808,118.39946746826172,136.101806640625,169.32421875,155.35411071777344,42
Flickr8K/880220939_0ef1c37f1f.jpg,/content/Image_captioning_Local/Flickr8K/Images/880220939_0ef1c37f1f.jpg,person,0.4454437792301178,133.6666717529297,168.6143035888672,147.12681579589844,213.4049530029297,42
Flickr8K/880220939_0ef1c37f1f.jpg,/content/Image_captioning_Local/Flickr8K/Images/880220939_0ef1c37f1f.jpg,boat,0.4417314827442169,0.2084001898765564,12.467013359069824,164.7775115966797,162.5822296142578,42
Flickr8K/880220939_0ef1c37f1f.jpg,/content/Image_captioning_Local/Flickr8K/Images/880220939_0ef1c37f1f.jpg,stop sign,0.43091392517089844,142.40487670898438,83.26571655273438,164.90538024902344,128.55543518066406,42
Flickr8K/880220939_0ef1c37f1f.jpg,/content/Image_captioning_Local/Flickr8K/Images/880220939_0ef1c37f1f.jpg,umbrella,0.39774855971336365,118.38833618164062,135.85765075683594,148.6570281982422,149.97311401367188,42
Flickr8K/880220939_0ef1c37f1f.jpg,/content/Image_captioning_Local/Flickr8K/Images/880220939_0ef1c37f1f.jpg,umbrella,0.36557334661483765,48.71612548828125,127.1947250366211,123.08430480957031,180.85806274414062,42
Flickr8K/880220939_0ef1c37f1f.jpg,/content/Image_captioning_Local/Flickr8K/Images/880220939_0ef1c37f1f.jpg,handbag,0.36465999484062195,289.3232421875,258.30120849609375,315.326904296875,299.7112121582031,42
Flickr8K/880220939_0ef1c37f1f.jpg,/content/Image_captioning_Local/Flickr8K/Images/880220939_0ef1c37f1f.jpg,person,0.34816625714302063,386.03125,157.2236785888672,402.5113830566406,209.62747192382812,42
Flickr8K/880220939_0ef1c37f1f.jpg,/content/Image_captioning_Local/Flickr8K/Images/880220939_0ef1c37f1f.jpg,handbag,0.34621042013168335,285.6960144042969,216.4774932861328,315.35784912109375,300.5162353515625,42
Flickr8K/880220939_0ef1c37f1f.jpg,/content/Image_captioning_Local/Flickr8K/Images/880220939_0ef1c37f1f.jpg,chair,0.3376384377479553,78.66849517822266,192.0975799560547,92.00298309326172,212.09129333496094,42
Flickr8K/880220939_0ef1c37f1f.jpg,/content/Image_captioning_Local/Flickr8K/Images/880220939_0ef1c37f1f.jpg,car,0.3362204134464264,89.277587890625,154.03436279296875,125.50188446044922,162.5258026123047,42
Flickr8K/880220939_0ef1c37f1f.jpg,/content/Image_captioning_Local/Flickr8K/Images/880220939_0ef1c37f1f.jpg,potted plant,0.32162001729011536,413.0838623046875,141.6881561279297,443.5826416015625,170.25950622558594,42
Flickr8K/880220939_0ef1c37f1f.jpg,/content/Image_captioning_Local/Flickr8K/Images/880220939_0ef1c37f1f.jpg,person,0.313319593667984,384.8330078125,156.92649841308594,402.2825622558594,188.65985107421875,42
Flickr8K/880220939_0ef1c37f1f.jpg,/content/Image_captioning_Local/Flickr8K/Images/880220939_0ef1c37f1f.jpg,umbrella,0.3130142092704773,49.484580993652344,127.33121490478516,122.27100372314453,161.1565704345703,42
Flickr8K/880220939_0ef1c37f1f.jpg,/content/Image_captioning_Local/Flickr8K/Images/880220939_0ef1c37f1f.jpg,boat,0.29391589760780334,0.49930065870285034,10.855670928955078,182.65626525878906,212.1638946533203,42
Flickr8K/880220939_0ef1c37f1f.jpg,/content/Image_captioning_Local/Flickr8K/Images/880220939_0ef1c37f1f.jpg,chair,0.29385584592819214,128.4116668701172,193.8525390625,143.71316528320312,212.74844360351562,42
Flickr8K/880220939_0ef1c37f1f.jpg,/content/Image_captioning_Local/Flickr8K/Images/880220939_0ef1c37f1f.jpg,chair,0.2911943197250366,75.7525405883789,190.2646942138672,95.60061645507812,213.93218994140625,42
Flickr8K/880220939_0ef1c37f1f.jpg,/content/Image_captioning_Local/Flickr8K/Images/880220939_0ef1c37f1f.jpg,umbrella,0.28382137417793274,118.59923553466797,136.00900268554688,181.85118103027344,150.79470825195312,42
Flickr8K/880220939_0ef1c37f1f.jpg,/content/Image_captioning_Local/Flickr8K/Images/880220939_0ef1c37f1f.jpg,umbrella,0.2786044478416443,118.29804229736328,135.80722045898438,168.28988647460938,169.8911895751953,42
Flickr8K/880220939_0ef1c37f1f.jpg,/content/Image_captioning_Local/Flickr8K/Images/880220939_0ef1c37f1f.jpg,person,0.275504469871521,244.95103454589844,158.79481506347656,284.14013671875,228.08102416992188,42
Flickr8K/880220939_0ef1c37f1f.jpg,/content/Image_captioning_Local/Flickr8K/Images/880220939_0ef1c37f1f.jpg,chair,0.26582613587379456,77.56525421142578,181.39352416992188,98.5873794555664,214.12228393554688,42
Flickr8K/880220939_0ef1c37f1f.jpg,/content/Image_captioning_Local/Flickr8K/Images/880220939_0ef1c37f1f.jpg,person,0.26493746042251587,284.6690368652344,157.55563354492188,326.61456298828125,263.76641845703125,42
Flickr8K/880220939_0ef1c37f1f.jpg,/content/Image_captioning_Local/Flickr8K/Images/880220939_0ef1c37f1f.jpg,potted plant,0.26344355940818787,174.46417236328125,125.72786712646484,205.82408142089844,149.63426208496094,42
Flickr8K/880220939_0ef1c37f1f.jpg,/content/Image_captioning_Local/Flickr8K/Images/880220939_0ef1c37f1f.jpg,potted plant,0.2522013485431671,236.25157165527344,138.96604919433594,255.238525390625,157.27967834472656,42
Flickr8K/881725588_efabbcd96a.jpg,/content/Image_captioning_Local/Flickr8K/Images/881725588_efabbcd96a.jpg,person,0.7616322636604309,182.07325744628906,7.48126220703125,356.891357421875,500.3228759765625,18
Flickr8K/881725588_efabbcd96a.jpg,/content/Image_captioning_Local/Flickr8K/Images/881725588_efabbcd96a.jpg,person,0.6643572449684143,119.41663360595703,-0.5363672971725464,310.1678466796875,416.7444763183594,18
Flickr8K/881725588_efabbcd96a.jpg,/content/Image_captioning_Local/Flickr8K/Images/881725588_efabbcd96a.jpg,person,0.5563286542892456,12.794312477111816,0.20038336515426636,157.0350341796875,200.77249145507812,18
Flickr8K/881725588_efabbcd96a.jpg,/content/Image_captioning_Local/Flickr8K/Images/881725588_efabbcd96a.jpg,person,0.4421657621860504,211.78192138671875,9.859368324279785,357.2011413574219,387.6295166015625,18
Flickr8K/881725588_efabbcd96a.jpg,/content/Image_captioning_Local/Flickr8K/Images/881725588_efabbcd96a.jpg,person,0.4301875829696655,0.23985528945922852,-0.6115883588790894,205.8981475830078,498.5214538574219,18
Flickr8K/881725588_efabbcd96a.jpg,/content/Image_captioning_Local/Flickr8K/Images/881725588_efabbcd96a.jpg,person,0.40361183881759644,0.3496648371219635,31.994224548339844,189.67970275878906,497.21240234375,18
Flickr8K/881725588_efabbcd96a.jpg,/content/Image_captioning_Local/Flickr8K/Images/881725588_efabbcd96a.jpg,person,0.3851433992385864,119.68660736083984,-0.15842914581298828,264.1016540527344,412.2313537597656,18
Flickr8K/881725588_efabbcd96a.jpg,/content/Image_captioning_Local/Flickr8K/Images/881725588_efabbcd96a.jpg,person,0.38500258326530457,182.70516967773438,290.94451904296875,356.9944152832031,499.9478454589844,18
Flickr8K/881725588_efabbcd96a.jpg,/content/Image_captioning_Local/Flickr8K/Images/881725588_efabbcd96a.jpg,person,0.3738780617713928,0.18827001750469208,1.0967254638671875,122.89053344726562,500.0317077636719,18
Flickr8K/881725588_efabbcd96a.jpg,/content/Image_captioning_Local/Flickr8K/Images/881725588_efabbcd96a.jpg,handbag,0.3645573556423187,15.638455390930176,79.18672180175781,69.59857940673828,186.98020935058594,18
Flickr8K/881725588_efabbcd96a.jpg,/content/Image_captioning_Local/Flickr8K/Images/881725588_efabbcd96a.jpg,scissors,0.3612401783466339,214.5508270263672,403.2248840332031,241.63865661621094,420.302734375,18
Flickr8K/881725588_efabbcd96a.jpg,/content/Image_captioning_Local/Flickr8K/Images/881725588_efabbcd96a.jpg,handbag,0.3323412835597992,148.1267852783203,158.44635009765625,182.57498168945312,271.4132080078125,18
Flickr8K/881725588_efabbcd96a.jpg,/content/Image_captioning_Local/Flickr8K/Images/881725588_efabbcd96a.jpg,person,0.30726101994514465,184.449462890625,5.372598648071289,357.39801025390625,403.89013671875,18
Flickr8K/881725588_efabbcd96a.jpg,/content/Image_captioning_Local/Flickr8K/Images/881725588_efabbcd96a.jpg,person,0.30039361119270325,0.20072878897190094,17.439067840576172,122.44776153564453,498.6054382324219,18
Flickr8K/881725588_efabbcd96a.jpg,/content/Image_captioning_Local/Flickr8K/Images/881725588_efabbcd96a.jpg,scissors,0.29861363768577576,224.691162109375,403.48638916015625,241.04379272460938,417.3630065917969,18
Flickr8K/881725588_efabbcd96a.jpg,/content/Image_captioning_Local/Flickr8K/Images/881725588_efabbcd96a.jpg,person,0.2670574188232422,158.2168426513672,8.65064525604248,357.330322265625,403.7698974609375,18
Flickr8K/881725588_efabbcd96a.jpg,/content/Image_captioning_Local/Flickr8K/Images/881725588_efabbcd96a.jpg,person,0.25773337483406067,119.51903533935547,0.13005733489990234,313.3283386230469,499.3550109863281,18
Flickr8K/881725588_efabbcd96a.jpg,/content/Image_captioning_Local/Flickr8K/Images/881725588_efabbcd96a.jpg,handbag,0.2526029944419861,16.38673210144043,79.42152404785156,123.96363067626953,222.8665313720703,18
Flickr8K/883040210_3c4a10f030.jpg,/content/Image_captioning_Local/Flickr8K/Images/883040210_3c4a10f030.jpg,person,0.8706256747245789,155.10784912109375,116.48920440673828,225.88795471191406,179.86117553710938,3
Flickr8K/883040210_3c4a10f030.jpg,/content/Image_captioning_Local/Flickr8K/Images/883040210_3c4a10f030.jpg,surfboard,0.3752162754535675,153.3998260498047,155.4785614013672,170.8808135986328,169.8297576904297,3
Flickr8K/883040210_3c4a10f030.jpg,/content/Image_captioning_Local/Flickr8K/Images/883040210_3c4a10f030.jpg,bird,0.257845401763916,179.57073974609375,106.77464294433594,187.32815551757812,125.33078002929688,3
Flickr8K/887108308_2da97f15ef.jpg,/content/Image_captioning_Local/Flickr8K/Images/887108308_2da97f15ef.jpg,person,0.9340093731880188,136.36891174316406,68.49308013916016,243.66696166992188,329.4627380371094,15
Flickr8K/887108308_2da97f15ef.jpg,/content/Image_captioning_Local/Flickr8K/Images/887108308_2da97f15ef.jpg,person,0.9338396787643433,269.7200012207031,74.7183609008789,334.7891845703125,235.4376983642578,15
Flickr8K/887108308_2da97f15ef.jpg,/content/Image_captioning_Local/Flickr8K/Images/887108308_2da97f15ef.jpg,person,0.9274665713310242,412.8824462890625,96.58404541015625,465.268798828125,217.04542541503906,15
Flickr8K/887108308_2da97f15ef.jpg,/content/Image_captioning_Local/Flickr8K/Images/887108308_2da97f15ef.jpg,person,0.9152984619140625,300.746826171875,79.01651763916016,367.5450439453125,232.54518127441406,15
Flickr8K/887108308_2da97f15ef.jpg,/content/Image_captioning_Local/Flickr8K/Images/887108308_2da97f15ef.jpg,person,0.8964258432388306,14.845453262329102,0.6406568288803101,168.60464477539062,330.615478515625,15
Flickr8K/887108308_2da97f15ef.jpg,/content/Image_captioning_Local/Flickr8K/Images/887108308_2da97f15ef.jpg,handbag,0.8251912593841553,0.024143606424331665,0.5201250314712524,48.446800231933594,162.8093719482422,15
Flickr8K/887108308_2da97f15ef.jpg,/content/Image_captioning_Local/Flickr8K/Images/887108308_2da97f15ef.jpg,backpack,0.6039756536483765,49.524784088134766,-0.18382631242275238,155.15492248535156,78.8650131225586,15
Flickr8K/887108308_2da97f15ef.jpg,/content/Image_captioning_Local/Flickr8K/Images/887108308_2da97f15ef.jpg,handbag,0.5803093314170837,286.35894775390625,99.99082946777344,322.57281494140625,165.03419494628906,15
Flickr8K/887108308_2da97f15ef.jpg,/content/Image_captioning_Local/Flickr8K/Images/887108308_2da97f15ef.jpg,backpack,0.43339449167251587,286.35894775390625,99.99082946777344,322.57281494140625,165.03419494628906,15
Flickr8K/887108308_2da97f15ef.jpg,/content/Image_captioning_Local/Flickr8K/Images/887108308_2da97f15ef.jpg,handbag,0.365673303604126,321.01922607421875,133.7634735107422,339.20745849609375,159.9697723388672,15
Flickr8K/887108308_2da97f15ef.jpg,/content/Image_captioning_Local/Flickr8K/Images/887108308_2da97f15ef.jpg,backpack,0.33977609872817993,286.8639221191406,100.31568145751953,322.2980041503906,165.1199493408203,15
Flickr8K/887108308_2da97f15ef.jpg,/content/Image_captioning_Local/Flickr8K/Images/887108308_2da97f15ef.jpg,handbag,0.3395291566848755,50.34901809692383,-0.15732553601264954,153.49363708496094,78.44063568115234,15
Flickr8K/887108308_2da97f15ef.jpg,/content/Image_captioning_Local/Flickr8K/Images/887108308_2da97f15ef.jpg,handbag,0.3139539659023285,320.9349670410156,104.91118621826172,339.2271728515625,159.9578857421875,15
Flickr8K/887108308_2da97f15ef.jpg,/content/Image_captioning_Local/Flickr8K/Images/887108308_2da97f15ef.jpg,backpack,0.2740717828273773,421.35101318359375,116.69036102294922,456.9056701660156,162.51376342773438,15
Flickr8K/887108308_2da97f15ef.jpg,/content/Image_captioning_Local/Flickr8K/Images/887108308_2da97f15ef.jpg,handbag,0.2564649283885956,286.8639221191406,100.31568145751953,322.2980041503906,165.1199493408203,15
Flickr8K/888425986_e4b6c12324.jpg,/content/Image_captioning_Local/Flickr8K/Images/888425986_e4b6c12324.jpg,person,0.9510456919670105,203.77590942382812,28.081029891967773,294.2940673828125,220.78878784179688,8
Flickr8K/888425986_e4b6c12324.jpg,/content/Image_captioning_Local/Flickr8K/Images/888425986_e4b6c12324.jpg,boat,0.5251532793045044,154.76499938964844,306.6142578125,181.01881408691406,312.5179748535156,8
Flickr8K/888425986_e4b6c12324.jpg,/content/Image_captioning_Local/Flickr8K/Images/888425986_e4b6c12324.jpg,boat,0.49038591980934143,338.655517578125,133.01730346679688,413.88433837890625,335.716552734375,8
Flickr8K/888425986_e4b6c12324.jpg,/content/Image_captioning_Local/Flickr8K/Images/888425986_e4b6c12324.jpg,boat,0.4595242738723755,1.012369990348816,130.43214416503906,500.1111755371094,373.0141906738281,8
Flickr8K/888425986_e4b6c12324.jpg,/content/Image_captioning_Local/Flickr8K/Images/888425986_e4b6c12324.jpg,boat,0.4328427314758301,430.46063232421875,133.55560302734375,500.2201843261719,335.6029052734375,8
Flickr8K/888425986_e4b6c12324.jpg,/content/Image_captioning_Local/Flickr8K/Images/888425986_e4b6c12324.jpg,boat,0.4185575544834137,430.3616027832031,132.94175720214844,500.0749206542969,373.197021484375,8
Flickr8K/888425986_e4b6c12324.jpg,/content/Image_captioning_Local/Flickr8K/Images/888425986_e4b6c12324.jpg,boat,0.3031153678894043,273.5403137207031,131.8994903564453,413.50042724609375,335.9468994140625,8
Flickr8K/888425986_e4b6c12324.jpg,/content/Image_captioning_Local/Flickr8K/Images/888425986_e4b6c12324.jpg,boat,0.30272093415260315,0.5722790956497192,322.7216796875,498.98291015625,373.7052001953125,8
Flickr8K/888517718_3d5b4b7b43.jpg,/content/Image_captioning_Local/Flickr8K/Images/888517718_3d5b4b7b43.jpg,dog,0.9739684462547302,33.46228790283203,49.07184982299805,329.0057678222656,420.26611328125,1
Flickr8K/890734502_a5ae67beac.jpg,/content/Image_captioning_Local/Flickr8K/Images/890734502_a5ae67beac.jpg,person,0.9080780744552612,82.54672241210938,45.82378005981445,488.6871643066406,350.5384826660156,3
Flickr8K/890734502_a5ae67beac.jpg,/content/Image_captioning_Local/Flickr8K/Images/890734502_a5ae67beac.jpg,person,0.8887888789176941,35.881614685058594,0.22425466775894165,226.19528198242188,220.86233520507812,3
Flickr8K/890734502_a5ae67beac.jpg,/content/Image_captioning_Local/Flickr8K/Images/890734502_a5ae67beac.jpg,person,0.8843492269515991,384.79901123046875,0.1676941215991974,499.9808044433594,347.3230895996094,3
Flickr8K/892340814_bdd61e10a4.jpg,/content/Image_captioning_Local/Flickr8K/Images/892340814_bdd61e10a4.jpg,person,0.9173822999000549,130.5951385498047,36.101295471191406,249.23902893066406,387.8064270019531,5
Flickr8K/892340814_bdd61e10a4.jpg,/content/Image_captioning_Local/Flickr8K/Images/892340814_bdd61e10a4.jpg,backpack,0.49554550647735596,124.5636215209961,174.38235473632812,155.71456909179688,252.87705993652344,5
Flickr8K/892340814_bdd61e10a4.jpg,/content/Image_captioning_Local/Flickr8K/Images/892340814_bdd61e10a4.jpg,backpack,0.29484450817108154,125.07427978515625,174.83518981933594,186.67076110839844,266.6186218261719,5
Flickr8K/892340814_bdd61e10a4.jpg,/content/Image_captioning_Local/Flickr8K/Images/892340814_bdd61e10a4.jpg,person,0.2833462357521057,124.82435607910156,173.95303344726562,156.00656127929688,347.21307373046875,5
Flickr8K/892340814_bdd61e10a4.jpg,/content/Image_captioning_Local/Flickr8K/Images/892340814_bdd61e10a4.jpg,person,0.2609105408191681,127.60623168945312,37.081302642822266,245.0618438720703,346.0514221191406,5
Flickr8K/894928353_002a3d5f06.jpg,/content/Image_captioning_Local/Flickr8K/Images/894928353_002a3d5f06.jpg,person,0.9356760382652283,270.2330017089844,124.37616729736328,423.0115051269531,374.4411315917969,6
Flickr8K/894928353_002a3d5f06.jpg,/content/Image_captioning_Local/Flickr8K/Images/894928353_002a3d5f06.jpg,person,0.6877357959747314,167.56472778320312,153.47076416015625,315.02789306640625,369.8177795410156,6
Flickr8K/894928353_002a3d5f06.jpg,/content/Image_captioning_Local/Flickr8K/Images/894928353_002a3d5f06.jpg,person,0.559036374092102,85.40731811523438,71.98918151855469,223.90077209472656,261.3619689941406,6
Flickr8K/894928353_002a3d5f06.jpg,/content/Image_captioning_Local/Flickr8K/Images/894928353_002a3d5f06.jpg,person,0.4501115381717682,85.7800521850586,72.06221771240234,230.1492462158203,365.5363464355469,6
Flickr8K/894928353_002a3d5f06.jpg,/content/Image_captioning_Local/Flickr8K/Images/894928353_002a3d5f06.jpg,person,0.43861350417137146,85.35496520996094,71.58309936523438,315.1837158203125,371.2091979980469,6
Flickr8K/894928353_002a3d5f06.jpg,/content/Image_captioning_Local/Flickr8K/Images/894928353_002a3d5f06.jpg,person,0.27765369415283203,85.46508026123047,71.95804595947266,286.70343017578125,373.9117431640625,6
Flickr8K/895502702_5170ada2ee.jpg,/content/Image_captioning_Local/Flickr8K/Images/895502702_5170ada2ee.jpg,dog,0.9522348046302795,19.82094383239746,114.05622100830078,203.39926147460938,240.03335571289062,3
Flickr8K/895502702_5170ada2ee.jpg,/content/Image_captioning_Local/Flickr8K/Images/895502702_5170ada2ee.jpg,sports ball,0.8751665353775024,450.4136047363281,57.83015441894531,467.6443786621094,73.79920959472656,3
Flickr8K/895502702_5170ada2ee.jpg,/content/Image_captioning_Local/Flickr8K/Images/895502702_5170ada2ee.jpg,sports ball,0.3074873089790344,325.2124328613281,113.45218658447266,335.00970458984375,122.51031494140625,3
Flickr8K/897406883_f09f673d94.jpg,/content/Image_captioning_Local/Flickr8K/Images/897406883_f09f673d94.jpg,person,0.9532701969146729,287.5852355957031,66.66058349609375,448.67822265625,280.3028259277344,2
Flickr8K/897406883_f09f673d94.jpg,/content/Image_captioning_Local/Flickr8K/Images/897406883_f09f673d94.jpg,person,0.8261470794677734,46.840415954589844,81.84996032714844,188.29684448242188,212.82467651367188,2
Flickr8K/897621891_efb1e00d1d.jpg,/content/Image_captioning_Local/Flickr8K/Images/897621891_efb1e00d1d.jpg,person,0.904708743095398,108.3418960571289,83.4117202758789,338.0919494628906,238.55642700195312,2
Flickr8K/897621891_efb1e00d1d.jpg,/content/Image_captioning_Local/Flickr8K/Images/897621891_efb1e00d1d.jpg,surfboard,0.31347861886024475,80.43927001953125,118.74393463134766,343.3177795410156,201.06175231933594,2
Flickr8K/899810584_61e1578d3f.jpg,/content/Image_captioning_Local/Flickr8K/Images/899810584_61e1578d3f.jpg,person,0.8926728963851929,50.233829498291016,254.31600952148438,99.54474639892578,332.81640625,1
Flickr8K/90011335_cfdf9674c2.jpg,/content/Image_captioning_Local/Flickr8K/Images/90011335_cfdf9674c2.jpg,boat,0.8717396855354309,40.771366119384766,94.0056381225586,172.90538024902344,160.15802001953125,5
Flickr8K/90011335_cfdf9674c2.jpg,/content/Image_captioning_Local/Flickr8K/Images/90011335_cfdf9674c2.jpg,person,0.6528918743133545,63.40866470336914,116.59612274169922,75.30949401855469,132.09613037109375,5
Flickr8K/90011335_cfdf9674c2.jpg,/content/Image_captioning_Local/Flickr8K/Images/90011335_cfdf9674c2.jpg,person,0.3449496328830719,146.3730926513672,129.447021484375,153.0843048095703,140.90853881835938,5
Flickr8K/90011335_cfdf9674c2.jpg,/content/Image_captioning_Local/Flickr8K/Images/90011335_cfdf9674c2.jpg,person,0.2717033326625824,58.29167175292969,124.27447509765625,66.26923370361328,132.0618438720703,5
Flickr8K/90011335_cfdf9674c2.jpg,/content/Image_captioning_Local/Flickr8K/Images/90011335_cfdf9674c2.jpg,person,0.26484254002571106,151.92576599121094,130.67062377929688,160.91966247558594,141.01087951660156,5
Flickr8K/900144365_03cd1899e3.jpg,/content/Image_captioning_Local/Flickr8K/Images/900144365_03cd1899e3.jpg,person,0.953332245349884,0.1634061336517334,35.84278106689453,102.79908752441406,286.4223937988281,20
Flickr8K/900144365_03cd1899e3.jpg,/content/Image_captioning_Local/Flickr8K/Images/900144365_03cd1899e3.jpg,person,0.9508901238441467,217.57044982910156,39.91532516479492,288.4630126953125,253.3271484375,20
Flickr8K/900144365_03cd1899e3.jpg,/content/Image_captioning_Local/Flickr8K/Images/900144365_03cd1899e3.jpg,person,0.9416306614875793,340.5905456542969,45.58032989501953,412.103759765625,256.45855712890625,20
Flickr8K/900144365_03cd1899e3.jpg,/content/Image_captioning_Local/Flickr8K/Images/900144365_03cd1899e3.jpg,person,0.9255961179733276,462.345458984375,68.36571502685547,498.42730712890625,164.90914916992188,20
Flickr8K/900144365_03cd1899e3.jpg,/content/Image_captioning_Local/Flickr8K/Images/900144365_03cd1899e3.jpg,person,0.9232587218284607,290.78173828125,55.99504852294922,341.3670654296875,200.88424682617188,20
Flickr8K/900144365_03cd1899e3.jpg,/content/Image_captioning_Local/Flickr8K/Images/900144365_03cd1899e3.jpg,person,0.9203128814697266,132.7394561767578,31.34149169921875,215.3018341064453,319.2590637207031,20
Flickr8K/900144365_03cd1899e3.jpg,/content/Image_captioning_Local/Flickr8K/Images/900144365_03cd1899e3.jpg,person,0.8297604918479919,441.71051025390625,68.90428161621094,467.5010681152344,154.8787841796875,20
Flickr8K/900144365_03cd1899e3.jpg,/content/Image_captioning_Local/Flickr8K/Images/900144365_03cd1899e3.jpg,person,0.7904936075210571,66.8539047241211,64.7380142211914,109.56787109375,199.514404296875,20
Flickr8K/900144365_03cd1899e3.jpg,/content/Image_captioning_Local/Flickr8K/Images/900144365_03cd1899e3.jpg,person,0.7854934334754944,119.99251556396484,93.07670593261719,147.6550750732422,192.41236877441406,20
Flickr8K/900144365_03cd1899e3.jpg,/content/Image_captioning_Local/Flickr8K/Images/900144365_03cd1899e3.jpg,person,0.6904303431510925,281.6371765136719,62.82469940185547,306.0740051269531,166.1150360107422,20
Flickr8K/900144365_03cd1899e3.jpg,/content/Image_captioning_Local/Flickr8K/Images/900144365_03cd1899e3.jpg,cell phone,0.39711421728134155,379.7242431640625,74.79168701171875,385.34661865234375,85.155029296875,20
Flickr8K/900144365_03cd1899e3.jpg,/content/Image_captioning_Local/Flickr8K/Images/900144365_03cd1899e3.jpg,person,0.3873295485973358,291.4391174316406,62.97526550292969,306.2019958496094,80.00434875488281,20
Flickr8K/900144365_03cd1899e3.jpg,/content/Image_captioning_Local/Flickr8K/Images/900144365_03cd1899e3.jpg,person,0.3592628240585327,397.6571960449219,52.452518463134766,415.71893310546875,97.72615051269531,20
Flickr8K/900144365_03cd1899e3.jpg,/content/Image_captioning_Local/Flickr8K/Images/900144365_03cd1899e3.jpg,cell phone,0.31280624866485596,369.8686828613281,75.96414947509766,377.3984375,84.26250457763672,20
Flickr8K/900144365_03cd1899e3.jpg,/content/Image_captioning_Local/Flickr8K/Images/900144365_03cd1899e3.jpg,person,0.3009822964668274,395.5679626464844,52.04484939575195,418.28350830078125,156.1675262451172,20
Flickr8K/900144365_03cd1899e3.jpg,/content/Image_captioning_Local/Flickr8K/Images/900144365_03cd1899e3.jpg,tennis racket,0.29672670364379883,207.85516357421875,88.95964050292969,219.24560546875,116.9052734375,20
Flickr8K/900144365_03cd1899e3.jpg,/content/Image_captioning_Local/Flickr8K/Images/900144365_03cd1899e3.jpg,handbag,0.27852892875671387,306.5989685058594,100.64356231689453,322.4486083984375,117.35689544677734,20
Flickr8K/900144365_03cd1899e3.jpg,/content/Image_captioning_Local/Flickr8K/Images/900144365_03cd1899e3.jpg,handbag,0.26856255531311035,394.71881103515625,114.57765197753906,419.7220458984375,158.89984130859375,20
Flickr8K/900144365_03cd1899e3.jpg,/content/Image_captioning_Local/Flickr8K/Images/900144365_03cd1899e3.jpg,stop sign,0.25961440801620483,440.7979431152344,24.256454467773438,467.18017578125,53.52981948852539,20
Flickr8K/900144365_03cd1899e3.jpg,/content/Image_captioning_Local/Flickr8K/Images/900144365_03cd1899e3.jpg,person,0.25032079219818115,282.91748046875,62.894683837890625,324.161376953125,194.3546905517578,20
Flickr8K/905355838_3a43fdfd4e.jpg,/content/Image_captioning_Local/Flickr8K/Images/905355838_3a43fdfd4e.jpg,person,0.942484974861145,35.894657135009766,219.88040161132812,123.42388916015625,458.0941162109375,24
Flickr8K/905355838_3a43fdfd4e.jpg,/content/Image_captioning_Local/Flickr8K/Images/905355838_3a43fdfd4e.jpg,baseball glove,0.8868445158004761,34.41206741333008,350.1832580566406,58.847618103027344,382.5817565917969,24
Flickr8K/905355838_3a43fdfd4e.jpg,/content/Image_captioning_Local/Flickr8K/Images/905355838_3a43fdfd4e.jpg,person,0.5016223192214966,254.57394409179688,285.01446533203125,266.4171142578125,307.9771728515625,24
Flickr8K/905355838_3a43fdfd4e.jpg,/content/Image_captioning_Local/Flickr8K/Images/905355838_3a43fdfd4e.jpg,person,0.42563098669052124,265.8954772949219,283.33843994140625,277.0263366699219,303.4069519042969,24
Flickr8K/905355838_3a43fdfd4e.jpg,/content/Image_captioning_Local/Flickr8K/Images/905355838_3a43fdfd4e.jpg,person,0.4200357496738434,263.5821838378906,306.5883483886719,273.6461181640625,318.5340881347656,24
Flickr8K/905355838_3a43fdfd4e.jpg,/content/Image_captioning_Local/Flickr8K/Images/905355838_3a43fdfd4e.jpg,person,0.39311182498931885,233.13516235351562,285.71026611328125,245.06103515625,302.4096984863281,24
Flickr8K/905355838_3a43fdfd4e.jpg,/content/Image_captioning_Local/Flickr8K/Images/905355838_3a43fdfd4e.jpg,person,0.38505470752716064,143.33917236328125,267.5238342285156,155.01858520507812,287.26397705078125,24
Flickr8K/905355838_3a43fdfd4e.jpg,/content/Image_captioning_Local/Flickr8K/Images/905355838_3a43fdfd4e.jpg,person,0.3785645365715027,292.55218505859375,312.2591857910156,303.7720031738281,322.6986083984375,24
Flickr8K/905355838_3a43fdfd4e.jpg,/content/Image_captioning_Local/Flickr8K/Images/905355838_3a43fdfd4e.jpg,person,0.3604639172554016,289.9916076660156,300.23199462890625,300.8072814941406,315.38177490234375,24
Flickr8K/905355838_3a43fdfd4e.jpg,/content/Image_captioning_Local/Flickr8K/Images/905355838_3a43fdfd4e.jpg,person,0.3565548360347748,58.03433609008789,228.53369140625,69.74291229248047,245.51805114746094,24
Flickr8K/905355838_3a43fdfd4e.jpg,/content/Image_captioning_Local/Flickr8K/Images/905355838_3a43fdfd4e.jpg,person,0.3527314364910126,273.3168029785156,306.7058410644531,281.849365234375,319.4444885253906,24
Flickr8K/905355838_3a43fdfd4e.jpg,/content/Image_captioning_Local/Flickr8K/Images/905355838_3a43fdfd4e.jpg,person,0.33817386627197266,10.640204429626465,231.97958374023438,21.711301803588867,258.3986511230469,24
Flickr8K/905355838_3a43fdfd4e.jpg,/content/Image_captioning_Local/Flickr8K/Images/905355838_3a43fdfd4e.jpg,sports ball,0.31178128719329834,95.4324951171875,237.49075317382812,100.94503021240234,244.0681610107422,24
Flickr8K/905355838_3a43fdfd4e.jpg,/content/Image_captioning_Local/Flickr8K/Images/905355838_3a43fdfd4e.jpg,person,0.30493828654289246,234.4168701171875,255.8881378173828,244.57740783691406,270.462890625,24
Flickr8K/905355838_3a43fdfd4e.jpg,/content/Image_captioning_Local/Flickr8K/Images/905355838_3a43fdfd4e.jpg,person,0.2958712577819824,23.144977569580078,229.08157348632812,32.793235778808594,257.4643249511719,24
Flickr8K/905355838_3a43fdfd4e.jpg,/content/Image_captioning_Local/Flickr8K/Images/905355838_3a43fdfd4e.jpg,person,0.2854832112789154,253.6522979736328,306.24835205078125,264.8121643066406,317.2783203125,24
Flickr8K/905355838_3a43fdfd4e.jpg,/content/Image_captioning_Local/Flickr8K/Images/905355838_3a43fdfd4e.jpg,person,0.27611908316612244,31.58860206604004,230.3767852783203,42.28235626220703,257.8484802246094,24
Flickr8K/905355838_3a43fdfd4e.jpg,/content/Image_captioning_Local/Flickr8K/Images/905355838_3a43fdfd4e.jpg,person,0.27147001028060913,233.26173400878906,302.2275390625,243.32481384277344,313.5233154296875,24
Flickr8K/905355838_3a43fdfd4e.jpg,/content/Image_captioning_Local/Flickr8K/Images/905355838_3a43fdfd4e.jpg,person,0.2697383165359497,244.5174102783203,304.8253173828125,254.2676239013672,315.46075439453125,24
Flickr8K/905355838_3a43fdfd4e.jpg,/content/Image_captioning_Local/Flickr8K/Images/905355838_3a43fdfd4e.jpg,person,0.2658196985721588,57.7818603515625,228.22348022460938,70.15608978271484,256.57366943359375,24
Flickr8K/905355838_3a43fdfd4e.jpg,/content/Image_captioning_Local/Flickr8K/Images/905355838_3a43fdfd4e.jpg,person,0.25797370076179504,254.3135223388672,237.28378295898438,262.669677734375,258.22894287109375,24
Flickr8K/905355838_3a43fdfd4e.jpg,/content/Image_captioning_Local/Flickr8K/Images/905355838_3a43fdfd4e.jpg,person,0.25795218348503113,245.13876342773438,233.4717559814453,253.5841827392578,253.3002471923828,24
Flickr8K/905355838_3a43fdfd4e.jpg,/content/Image_captioning_Local/Flickr8K/Images/905355838_3a43fdfd4e.jpg,person,0.25750651955604553,304.1231689453125,308.23016357421875,316.9587707519531,323.3416748046875,24
Flickr8K/905355838_3a43fdfd4e.jpg,/content/Image_captioning_Local/Flickr8K/Images/905355838_3a43fdfd4e.jpg,person,0.25250503420829773,4.340905666351318,286.8612365722656,15.825557708740234,299.4069519042969,24
Flickr8K/909191414_1cf5d85821.jpg,/content/Image_captioning_Local/Flickr8K/Images/909191414_1cf5d85821.jpg,person,0.9616568684577942,-0.455707311630249,115.5507583618164,263.105224609375,423.253173828125,15
Flickr8K/909191414_1cf5d85821.jpg,/content/Image_captioning_Local/Flickr8K/Images/909191414_1cf5d85821.jpg,potted plant,0.6945527791976929,271.9143371582031,38.43840026855469,342.3481750488281,132.06869506835938,15
Flickr8K/909191414_1cf5d85821.jpg,/content/Image_captioning_Local/Flickr8K/Images/909191414_1cf5d85821.jpg,person,0.47493457794189453,124.95460510253906,152.91458129882812,241.72076416015625,344.5595397949219,15
Flickr8K/909191414_1cf5d85821.jpg,/content/Image_captioning_Local/Flickr8K/Images/909191414_1cf5d85821.jpg,person,0.46536338329315186,125.65882110595703,152.454345703125,242.2408447265625,229.72723388671875,15
Flickr8K/909191414_1cf5d85821.jpg,/content/Image_captioning_Local/Flickr8K/Images/909191414_1cf5d85821.jpg,frisbee,0.38903379440307617,220.5100555419922,316.88433837890625,321.42138671875,362.0824890136719,15
Flickr8K/909191414_1cf5d85821.jpg,/content/Image_captioning_Local/Flickr8K/Images/909191414_1cf5d85821.jpg,person,0.3808582127094269,124.8844985961914,152.4282684326172,262.6643981933594,423.22991943359375,15
Flickr8K/909191414_1cf5d85821.jpg,/content/Image_captioning_Local/Flickr8K/Images/909191414_1cf5d85821.jpg,person,0.305714875459671,57.621498107910156,152.37530517578125,242.5896453857422,370.9620056152344,15
Flickr8K/909191414_1cf5d85821.jpg,/content/Image_captioning_Local/Flickr8K/Images/909191414_1cf5d85821.jpg,potted plant,0.3020153045654297,223.8457489013672,38.92695999145508,342.3748474121094,132.39236450195312,15
Flickr8K/909191414_1cf5d85821.jpg,/content/Image_captioning_Local/Flickr8K/Images/909191414_1cf5d85821.jpg,potted plant,0.29922741651535034,228.6900177001953,172.31504821777344,341.1824035644531,286.9239501953125,15
Flickr8K/909191414_1cf5d85821.jpg,/content/Image_captioning_Local/Flickr8K/Images/909191414_1cf5d85821.jpg,person,0.29322993755340576,93.06785583496094,152.6259307861328,263.1015625,423.63275146484375,15
Flickr8K/909191414_1cf5d85821.jpg,/content/Image_captioning_Local/Flickr8K/Images/909191414_1cf5d85821.jpg,potted plant,0.2689026892185211,242.6237030029297,87.61172485351562,289.968505859375,130.59840393066406,15
Flickr8K/909191414_1cf5d85821.jpg,/content/Image_captioning_Local/Flickr8K/Images/909191414_1cf5d85821.jpg,frisbee,0.26610156893730164,200.82583618164062,317.066650390625,321.3042297363281,362.93414306640625,15
Flickr8K/909191414_1cf5d85821.jpg,/content/Image_captioning_Local/Flickr8K/Images/909191414_1cf5d85821.jpg,potted plant,0.2569258511066437,222.9076690673828,85.70201110839844,289.64678955078125,130.79531860351562,15
Flickr8K/909191414_1cf5d85821.jpg,/content/Image_captioning_Local/Flickr8K/Images/909191414_1cf5d85821.jpg,person,0.2509843409061432,64.21654510498047,151.66319274902344,259.83355712890625,419.0581359863281,15
Flickr8K/909191414_1cf5d85821.jpg,/content/Image_captioning_Local/Flickr8K/Images/909191414_1cf5d85821.jpg,frisbee,0.250384122133255,61.365455627441406,316.012451171875,125.1618881225586,361.6363525390625,15
Flickr8K/909808296_23c427022d.jpg,/content/Image_captioning_Local/Flickr8K/Images/909808296_23c427022d.jpg,dog,0.9049139022827148,243.04847717285156,80.16543579101562,325.9029846191406,275.8885803222656,3
Flickr8K/909808296_23c427022d.jpg,/content/Image_captioning_Local/Flickr8K/Images/909808296_23c427022d.jpg,dog,0.7766568064689636,129.24525451660156,159.49380493164062,287.489501953125,278.2469177246094,3
Flickr8K/909808296_23c427022d.jpg,/content/Image_captioning_Local/Flickr8K/Images/909808296_23c427022d.jpg,dog,0.2747926414012909,131.92117309570312,80.69911193847656,326.3392333984375,279.470458984375,3
Flickr8K/911527312_f81ee36b97.jpg,/content/Image_captioning_Local/Flickr8K/Images/911527312_f81ee36b97.jpg,person,0.8640850782394409,27.9588680267334,38.048728942871094,211.81063842773438,499.8360900878906,3
Flickr8K/911527312_f81ee36b97.jpg,/content/Image_captioning_Local/Flickr8K/Images/911527312_f81ee36b97.jpg,skateboard,0.324339896440506,0.6687206029891968,397.09954833984375,164.38079833984375,499.79461669921875,3
Flickr8K/911527312_f81ee36b97.jpg,/content/Image_captioning_Local/Flickr8K/Images/911527312_f81ee36b97.jpg,person,0.2938770353794098,124.92682647705078,38.304290771484375,210.22640991210938,256.5487365722656,3
Flickr8K/911795495_342bb15b97.jpg,/content/Image_captioning_Local/Flickr8K/Images/911795495_342bb15b97.jpg,person,0.9086458086967468,49.808815002441406,-0.14728975296020508,467.39990234375,335.8473815917969,1
Flickr8K/917574521_74fab68514.jpg,/content/Image_captioning_Local/Flickr8K/Images/917574521_74fab68514.jpg,person,0.9592062830924988,113.17204284667969,57.05977249145508,231.2394256591797,346.830078125,4
Flickr8K/917574521_74fab68514.jpg,/content/Image_captioning_Local/Flickr8K/Images/917574521_74fab68514.jpg,person,0.9318510293960571,357.2342529296875,23.655895233154297,443.7208251953125,269.242919921875,4
Flickr8K/917574521_74fab68514.jpg,/content/Image_captioning_Local/Flickr8K/Images/917574521_74fab68514.jpg,suitcase,0.5903197526931763,327.14019775390625,148.66477966308594,472.95843505859375,336.3250732421875,4
Flickr8K/917574521_74fab68514.jpg,/content/Image_captioning_Local/Flickr8K/Images/917574521_74fab68514.jpg,skateboard,0.254128098487854,327.14019775390625,148.66477966308594,472.95843505859375,336.3250732421875,4
Flickr8K/918886676_3323fb2a01.jpg,/content/Image_captioning_Local/Flickr8K/Images/918886676_3323fb2a01.jpg,dog,0.9777209162712097,0.06414949893951416,-0.19561126828193665,443.9602355957031,374.7749938964844,1
Flickr8K/923550133_ac9d7a2932.jpg,/content/Image_captioning_Local/Flickr8K/Images/923550133_ac9d7a2932.jpg,person,0.9420480132102966,257.96258544921875,259.8220520019531,338.2076721191406,380.0409851074219,4
Flickr8K/923550133_ac9d7a2932.jpg,/content/Image_captioning_Local/Flickr8K/Images/923550133_ac9d7a2932.jpg,person,0.9369556307792664,166.18438720703125,253.91256713867188,230.8695831298828,380.0399169921875,4
Flickr8K/923550133_ac9d7a2932.jpg,/content/Image_captioning_Local/Flickr8K/Images/923550133_ac9d7a2932.jpg,bird,0.38552126288414,115.89910888671875,232.8338623046875,128.02464294433594,247.48304748535156,4
Flickr8K/923550133_ac9d7a2932.jpg,/content/Image_captioning_Local/Flickr8K/Images/923550133_ac9d7a2932.jpg,bird,0.2640756666660309,108.42279052734375,363.280517578125,151.1412811279297,387.5044250488281,4
Flickr8K/925491651_57df3a5b36.jpg,/content/Image_captioning_Local/Flickr8K/Images/925491651_57df3a5b36.jpg,dog,0.9454652070999146,179.02713012695312,120.9515380859375,444.3901062011719,224.82122802734375,1
Flickr8K/927420680_6cba7c040a.jpg,/content/Image_captioning_Local/Flickr8K/Images/927420680_6cba7c040a.jpg,person,0.9362860321998596,264.9079284667969,163.74224853515625,324.7726745605469,287.5329895019531,3
Flickr8K/927420680_6cba7c040a.jpg,/content/Image_captioning_Local/Flickr8K/Images/927420680_6cba7c040a.jpg,bench,0.45280149579048157,354.654052734375,259.34869384765625,500.10382080078125,289.88720703125,3
Flickr8K/927420680_6cba7c040a.jpg,/content/Image_captioning_Local/Flickr8K/Images/927420680_6cba7c040a.jpg,bench,0.33766207098960876,261.1678466796875,258.0540771484375,339.2185974121094,287.8067626953125,3
Flickr8K/929679367_ff8c7df2ee.jpg,/content/Image_captioning_Local/Flickr8K/Images/929679367_ff8c7df2ee.jpg,dog,0.9578884840011597,17.308195114135742,52.55818176269531,347.89593505859375,396.2510681152344,2
Flickr8K/929679367_ff8c7df2ee.jpg,/content/Image_captioning_Local/Flickr8K/Images/929679367_ff8c7df2ee.jpg,sports ball,0.916251003742218,113.88568878173828,384.354736328125,166.63609313964844,437.5416259765625,2
Flickr8K/930126921_1b94605bdc.jpg,/content/Image_captioning_Local/Flickr8K/Images/930126921_1b94605bdc.jpg,person,0.9741941094398499,0.3845517933368683,19.52815055847168,250.20167541503906,499.323974609375,6
Flickr8K/930126921_1b94605bdc.jpg,/content/Image_captioning_Local/Flickr8K/Images/930126921_1b94605bdc.jpg,person,0.955994188785553,165.34255981445312,8.114084243774414,329.5343933105469,500.3033752441406,6
Flickr8K/930126921_1b94605bdc.jpg,/content/Image_captioning_Local/Flickr8K/Images/930126921_1b94605bdc.jpg,toothbrush,0.6854925155639648,133.4903564453125,134.23440551757812,172.60671997070312,157.24891662597656,6
Flickr8K/930126921_1b94605bdc.jpg,/content/Image_captioning_Local/Flickr8K/Images/930126921_1b94605bdc.jpg,handbag,0.5802711248397827,240.94915771484375,110.78739929199219,292.330810546875,197.156005859375,6
Flickr8K/930126921_1b94605bdc.jpg,/content/Image_captioning_Local/Flickr8K/Images/930126921_1b94605bdc.jpg,clock,0.43220198154449463,191.10159301757812,200.43650817871094,206.90499877929688,221.43373107910156,6
Flickr8K/930126921_1b94605bdc.jpg,/content/Image_captioning_Local/Flickr8K/Images/930126921_1b94605bdc.jpg,toothbrush,0.2609918415546417,133.90528869628906,134.73391723632812,207.5868377685547,221.4373016357422,6
Flickr8K/930748509_8ca5cf5c24.jpg,/content/Image_captioning_Local/Flickr8K/Images/930748509_8ca5cf5c24.jpg,person,0.9420567154884338,40.61090850830078,11.547223091125488,429.52606201171875,374.216064453125,17
Flickr8K/930748509_8ca5cf5c24.jpg,/content/Image_captioning_Local/Flickr8K/Images/930748509_8ca5cf5c24.jpg,dog,0.9356296062469482,220.60511779785156,108.71441650390625,408.05035400390625,375.1212463378906,17
Flickr8K/930748509_8ca5cf5c24.jpg,/content/Image_captioning_Local/Flickr8K/Images/930748509_8ca5cf5c24.jpg,suitcase,0.8544329404830933,293.6183166503906,6.781652450561523,386.5614013671875,136.72547912597656,17
Flickr8K/930748509_8ca5cf5c24.jpg,/content/Image_captioning_Local/Flickr8K/Images/930748509_8ca5cf5c24.jpg,suitcase,0.6670292615890503,241.7344207763672,70.9500503540039,292.7867431640625,134.04884338378906,17
Flickr8K/930748509_8ca5cf5c24.jpg,/content/Image_captioning_Local/Flickr8K/Images/930748509_8ca5cf5c24.jpg,person,0.5409479141235352,0.09217113256454468,172.30865478515625,19.415769577026367,374.9990234375,17
Flickr8K/930748509_8ca5cf5c24.jpg,/content/Image_captioning_Local/Flickr8K/Images/930748509_8ca5cf5c24.jpg,person,0.3510311543941498,280.27783203125,-0.2485094666481018,332.9698791503906,38.28046798706055,17
Flickr8K/930748509_8ca5cf5c24.jpg,/content/Image_captioning_Local/Flickr8K/Images/930748509_8ca5cf5c24.jpg,person,0.34949231147766113,-0.040615908801555634,172.52008056640625,19.293170928955078,233.0044403076172,17
Flickr8K/930748509_8ca5cf5c24.jpg,/content/Image_captioning_Local/Flickr8K/Images/930748509_8ca5cf5c24.jpg,suitcase,0.3454030454158783,377.83734130859375,72.5284423828125,439.858642578125,137.55503845214844,17
Flickr8K/930748509_8ca5cf5c24.jpg,/content/Image_captioning_Local/Flickr8K/Images/930748509_8ca5cf5c24.jpg,suitcase,0.34052789211273193,271.4724426269531,31.37215232849121,307.3935546875,83.35397338867188,17
Flickr8K/930748509_8ca5cf5c24.jpg,/content/Image_captioning_Local/Flickr8K/Images/930748509_8ca5cf5c24.jpg,person,0.31383267045021057,271.6253356933594,-0.3194650709629059,332.89556884765625,83.0782470703125,17
Flickr8K/930748509_8ca5cf5c24.jpg,/content/Image_captioning_Local/Flickr8K/Images/930748509_8ca5cf5c24.jpg,suitcase,0.31105008721351624,377.0337219238281,39.572265625,434.18621826171875,136.98135375976562,17
Flickr8K/930748509_8ca5cf5c24.jpg,/content/Image_captioning_Local/Flickr8K/Images/930748509_8ca5cf5c24.jpg,handbag,0.3080972135066986,271.4724426269531,31.37215232849121,307.3935546875,83.35397338867188,17
Flickr8K/930748509_8ca5cf5c24.jpg,/content/Image_captioning_Local/Flickr8K/Images/930748509_8ca5cf5c24.jpg,sports ball,0.2982828617095947,191.70953369140625,198.7011260986328,224.49461364746094,224.63258361816406,17
Flickr8K/930748509_8ca5cf5c24.jpg,/content/Image_captioning_Local/Flickr8K/Images/930748509_8ca5cf5c24.jpg,suitcase,0.29684072732925415,377.1966857910156,0.26232004165649414,444.0487365722656,137.6495819091797,17
Flickr8K/930748509_8ca5cf5c24.jpg,/content/Image_captioning_Local/Flickr8K/Images/930748509_8ca5cf5c24.jpg,backpack,0.29042893648147583,271.4724426269531,31.37215232849121,307.3935546875,83.35397338867188,17
Flickr8K/930748509_8ca5cf5c24.jpg,/content/Image_captioning_Local/Flickr8K/Images/930748509_8ca5cf5c24.jpg,suitcase,0.270745187997818,376.9841003417969,0.25032833218574524,444.8179931640625,137.543212890625,17
Flickr8K/930748509_8ca5cf5c24.jpg,/content/Image_captioning_Local/Flickr8K/Images/930748509_8ca5cf5c24.jpg,suitcase,0.25915998220443726,241.88034057617188,31.623937606811523,307.2418518066406,133.754638671875,17
Flickr8K/933118213_b35b0b62a7.jpg,/content/Image_captioning_Local/Flickr8K/Images/933118213_b35b0b62a7.jpg,person,0.9433161616325378,25.287158966064453,41.544525146484375,255.80397033691406,306.7163391113281,2
Flickr8K/933118213_b35b0b62a7.jpg,/content/Image_captioning_Local/Flickr8K/Images/933118213_b35b0b62a7.jpg,baseball bat,0.35885581374168396,149.4881134033203,41.05486297607422,500.1064453125,305.9648742675781,2
Flickr8K/934375844_dd149fed18.jpg,/content/Image_captioning_Local/Flickr8K/Images/934375844_dd149fed18.jpg,person,0.9686633348464966,85.2848129272461,11.385161399841309,415.4639892578125,373.6583251953125,2
Flickr8K/934375844_dd149fed18.jpg,/content/Image_captioning_Local/Flickr8K/Images/934375844_dd149fed18.jpg,bed,0.9516852498054504,-0.042065978050231934,118.93162536621094,499.9529113769531,374.354248046875,2
Flickr8K/937559727_ae2613cee5.jpg,/content/Image_captioning_Local/Flickr8K/Images/937559727_ae2613cee5.jpg,person,0.9642870426177979,18.40911293029785,-0.461772084236145,304.1436462402344,499.028076171875,5
Flickr8K/937559727_ae2613cee5.jpg,/content/Image_captioning_Local/Flickr8K/Images/937559727_ae2613cee5.jpg,backpack,0.661905825138092,77.31436920166016,111.91449737548828,234.0609130859375,244.33763122558594,5
Flickr8K/937559727_ae2613cee5.jpg,/content/Image_captioning_Local/Flickr8K/Images/937559727_ae2613cee5.jpg,backpack,0.32883086800575256,165.76058959960938,110.57907104492188,234.2186279296875,242.1505126953125,5
Flickr8K/937559727_ae2613cee5.jpg,/content/Image_captioning_Local/Flickr8K/Images/937559727_ae2613cee5.jpg,backpack,0.2619509994983673,52.548484802246094,111.81488037109375,233.7303009033203,344.0472412109375,5
Flickr8K/937559727_ae2613cee5.jpg,/content/Image_captioning_Local/Flickr8K/Images/937559727_ae2613cee5.jpg,suitcase,0.25308936834335327,50.139522552490234,238.4703826904297,277.73284912109375,494.75628662109375,5
Flickr8K/938162709_21443d352f.jpg,/content/Image_captioning_Local/Flickr8K/Images/938162709_21443d352f.jpg,person,0.9054925441741943,196.8841094970703,346.0085754394531,241.1123046875,463.9865417480469,5
Flickr8K/938162709_21443d352f.jpg,/content/Image_captioning_Local/Flickr8K/Images/938162709_21443d352f.jpg,backpack,0.6830533146858215,209.76446533203125,356.7080993652344,238.17266845703125,403.70172119140625,5
Flickr8K/938162709_21443d352f.jpg,/content/Image_captioning_Local/Flickr8K/Images/938162709_21443d352f.jpg,skis,0.3817110061645508,212.44546508789062,459.527099609375,230.24562072753906,465.831787109375,5
Flickr8K/938162709_21443d352f.jpg,/content/Image_captioning_Local/Flickr8K/Images/938162709_21443d352f.jpg,skis,0.3710480332374573,211.78941345214844,454.9296875,230.65504455566406,465.7214050292969,5
Flickr8K/938162709_21443d352f.jpg,/content/Image_captioning_Local/Flickr8K/Images/938162709_21443d352f.jpg,skis,0.3306003212928772,212.08636474609375,455.8271179199219,242.79978942871094,465.8117980957031,5
Flickr8K/93922153_8d831f7f01.jpg,/content/Image_captioning_Local/Flickr8K/Images/93922153_8d831f7f01.jpg,person,0.8779183626174927,282.4964599609375,27.039203643798828,429.8287658691406,332.3238830566406,4
Flickr8K/93922153_8d831f7f01.jpg,/content/Image_captioning_Local/Flickr8K/Images/93922153_8d831f7f01.jpg,backpack,0.7406908869743347,326.28228759765625,139.56814575195312,366.29107666015625,204.1071319580078,4
Flickr8K/93922153_8d831f7f01.jpg,/content/Image_captioning_Local/Flickr8K/Images/93922153_8d831f7f01.jpg,person,0.4630560576915741,329.4189758300781,27.608970642089844,429.6413269042969,214.67918395996094,4
Flickr8K/93922153_8d831f7f01.jpg,/content/Image_captioning_Local/Flickr8K/Images/93922153_8d831f7f01.jpg,backpack,0.26836904883384705,325.4981689453125,145.51419067382812,339.39312744140625,190.48379516601562,4
Flickr8K/940973925_a2e6d7951c.jpg,/content/Image_captioning_Local/Flickr8K/Images/940973925_a2e6d7951c.jpg,person,0.9432946443557739,357.58966064453125,72.36014556884766,475.74090576171875,245.66021728515625,6
Flickr8K/940973925_a2e6d7951c.jpg,/content/Image_captioning_Local/Flickr8K/Images/940973925_a2e6d7951c.jpg,person,0.9306566715240479,132.44288635253906,222.81922912597656,202.2101287841797,374.0986328125,6
Flickr8K/940973925_a2e6d7951c.jpg,/content/Image_captioning_Local/Flickr8K/Images/940973925_a2e6d7951c.jpg,sports ball,0.9287395477294922,14.74862003326416,97.09095001220703,52.664608001708984,135.72032165527344,6
Flickr8K/940973925_a2e6d7951c.jpg,/content/Image_captioning_Local/Flickr8K/Images/940973925_a2e6d7951c.jpg,person,0.9260212779045105,109.9031982421875,146.09320068359375,185.0960693359375,305.5130920410156,6
Flickr8K/940973925_a2e6d7951c.jpg,/content/Image_captioning_Local/Flickr8K/Images/940973925_a2e6d7951c.jpg,baseball glove,0.29797711968421936,131.90240478515625,282.41082763671875,153.11761474609375,305.6086120605469,6
Flickr8K/940973925_a2e6d7951c.jpg,/content/Image_captioning_Local/Flickr8K/Images/940973925_a2e6d7951c.jpg,baseball glove,0.25250566005706787,133.2276611328125,282.4616394042969,159.66329956054688,295.73565673828125,6
Flickr8K/94232465_a135df2711.jpg,/content/Image_captioning_Local/Flickr8K/Images/94232465_a135df2711.jpg,person,0.9508575797080994,97.96403503417969,197.5422821044922,228.84060668945312,378.2203369140625,3
Flickr8K/94232465_a135df2711.jpg,/content/Image_captioning_Local/Flickr8K/Images/94232465_a135df2711.jpg,person,0.8794182538986206,273.5972900390625,285.966796875,305.7070617675781,317.4768371582031,3
Flickr8K/94232465_a135df2711.jpg,/content/Image_captioning_Local/Flickr8K/Images/94232465_a135df2711.jpg,backpack,0.3265289068222046,142.823486328125,204.30825805664062,167.35748291015625,237.64227294921875,3
Flickr8K/942399470_6132d3e5d2.jpg,/content/Image_captioning_Local/Flickr8K/Images/942399470_6132d3e5d2.jpg,person,0.9723696708679199,49.78311538696289,82.0635986328125,334.0511169433594,499.1694030761719,19
Flickr8K/942399470_6132d3e5d2.jpg,/content/Image_captioning_Local/Flickr8K/Images/942399470_6132d3e5d2.jpg,person,0.8211522698402405,16.894100189208984,160.00625610351562,36.44416809082031,238.1381378173828,19
Flickr8K/942399470_6132d3e5d2.jpg,/content/Image_captioning_Local/Flickr8K/Images/942399470_6132d3e5d2.jpg,person,0.7955821752548218,29.998920440673828,165.2803955078125,68.33002471923828,236.70703125,19
Flickr8K/942399470_6132d3e5d2.jpg,/content/Image_captioning_Local/Flickr8K/Images/942399470_6132d3e5d2.jpg,bench,0.6149125099182129,0.022976264357566833,293.4738464355469,78.8064193725586,499.6074523925781,19
Flickr8K/942399470_6132d3e5d2.jpg,/content/Image_captioning_Local/Flickr8K/Images/942399470_6132d3e5d2.jpg,bench,0.571211576461792,88.31809997558594,186.07969665527344,125.61915588378906,220.3125762939453,19
Flickr8K/942399470_6132d3e5d2.jpg,/content/Image_captioning_Local/Flickr8K/Images/942399470_6132d3e5d2.jpg,person,0.5544210076332092,10.640640258789062,160.94744873046875,23.776716232299805,194.82025146484375,19
Flickr8K/942399470_6132d3e5d2.jpg,/content/Image_captioning_Local/Flickr8K/Images/942399470_6132d3e5d2.jpg,person,0.4663521349430084,94.8658676147461,170.87667846679688,112.61187744140625,200.0753936767578,19
Flickr8K/942399470_6132d3e5d2.jpg,/content/Image_captioning_Local/Flickr8K/Images/942399470_6132d3e5d2.jpg,person,0.46127718687057495,95.29547119140625,171.43190002441406,123.39698028564453,208.26620483398438,19
Flickr8K/942399470_6132d3e5d2.jpg,/content/Image_captioning_Local/Flickr8K/Images/942399470_6132d3e5d2.jpg,person,0.44700077176094055,228.95033264160156,136.86148071289062,245.5252227783203,168.20040893554688,19
Flickr8K/942399470_6132d3e5d2.jpg,/content/Image_captioning_Local/Flickr8K/Images/942399470_6132d3e5d2.jpg,person,0.40901029109954834,67.32530975341797,173.67408752441406,81.58292388916016,196.9374542236328,19
Flickr8K/942399470_6132d3e5d2.jpg,/content/Image_captioning_Local/Flickr8K/Images/942399470_6132d3e5d2.jpg,person,0.3704834580421448,94.74655151367188,171.12289428710938,115.27278137207031,207.48374938964844,19
Flickr8K/942399470_6132d3e5d2.jpg,/content/Image_captioning_Local/Flickr8K/Images/942399470_6132d3e5d2.jpg,umbrella,0.3699086010456085,81.08382415771484,143.7554931640625,105.63838958740234,161.23193359375,19
Flickr8K/942399470_6132d3e5d2.jpg,/content/Image_captioning_Local/Flickr8K/Images/942399470_6132d3e5d2.jpg,handbag,0.3385394513607025,45.399356842041016,193.06845092773438,58.193328857421875,209.41383361816406,19
Flickr8K/942399470_6132d3e5d2.jpg,/content/Image_captioning_Local/Flickr8K/Images/942399470_6132d3e5d2.jpg,bench,0.3289892375469208,0.08576345443725586,289.78656005859375,334.0752258300781,500.2074890136719,19
Flickr8K/942399470_6132d3e5d2.jpg,/content/Image_captioning_Local/Flickr8K/Images/942399470_6132d3e5d2.jpg,person,0.3146583139896393,319.1926574707031,132.37411499023438,326.04901123046875,158.0054473876953,19
Flickr8K/942399470_6132d3e5d2.jpg,/content/Image_captioning_Local/Flickr8K/Images/942399470_6132d3e5d2.jpg,person,0.2957984507083893,243.16346740722656,127.52816009521484,261.6164245605469,159.78341674804688,19
Flickr8K/942399470_6132d3e5d2.jpg,/content/Image_captioning_Local/Flickr8K/Images/942399470_6132d3e5d2.jpg,person,0.2769629657268524,45.58851623535156,166.72947692871094,58.90068435668945,186.76084899902344,19
Flickr8K/942399470_6132d3e5d2.jpg,/content/Image_captioning_Local/Flickr8K/Images/942399470_6132d3e5d2.jpg,bench,0.26305320858955383,-0.36125466227531433,294.0791931152344,161.0830535888672,499.59613037109375,19
Flickr8K/942399470_6132d3e5d2.jpg,/content/Image_captioning_Local/Flickr8K/Images/942399470_6132d3e5d2.jpg,person,0.25358322262763977,313.72430419921875,136.72479248046875,320.94158935546875,159.70132446289062,19
Flickr8K/944374205_fd3e69bfca.jpg,/content/Image_captioning_Local/Flickr8K/Images/944374205_fd3e69bfca.jpg,person,0.9411757588386536,277.39617919921875,133.27557373046875,354.0163879394531,276.467529296875,14
Flickr8K/944374205_fd3e69bfca.jpg,/content/Image_captioning_Local/Flickr8K/Images/944374205_fd3e69bfca.jpg,person,0.9352424144744873,52.826805114746094,152.1697235107422,103.26782989501953,258.2665100097656,14
Flickr8K/944374205_fd3e69bfca.jpg,/content/Image_captioning_Local/Flickr8K/Images/944374205_fd3e69bfca.jpg,person,0.9348862171173096,373.27227783203125,146.04534912109375,417.8514099121094,252.09197998046875,14
Flickr8K/944374205_fd3e69bfca.jpg,/content/Image_captioning_Local/Flickr8K/Images/944374205_fd3e69bfca.jpg,person,0.9248456358909607,155.9839630126953,150.432861328125,225.5627899169922,286.1138610839844,14
Flickr8K/944374205_fd3e69bfca.jpg,/content/Image_captioning_Local/Flickr8K/Images/944374205_fd3e69bfca.jpg,person,0.9229517579078674,424.2776184082031,145.00852966308594,462.119384765625,233.92845153808594,14
Flickr8K/944374205_fd3e69bfca.jpg,/content/Image_captioning_Local/Flickr8K/Images/944374205_fd3e69bfca.jpg,sports ball,0.9176812767982483,249.51425170898438,253.39163208007812,277.0967102050781,277.3196105957031,14
Flickr8K/944374205_fd3e69bfca.jpg,/content/Image_captioning_Local/Flickr8K/Images/944374205_fd3e69bfca.jpg,person,0.9132391810417175,87.98497772216797,171.4884033203125,164.85482788085938,252.75906372070312,14
Flickr8K/944374205_fd3e69bfca.jpg,/content/Image_captioning_Local/Flickr8K/Images/944374205_fd3e69bfca.jpg,person,0.9044255018234253,236.446533203125,139.95806884765625,298.4970397949219,263.8412170410156,14
Flickr8K/944374205_fd3e69bfca.jpg,/content/Image_captioning_Local/Flickr8K/Images/944374205_fd3e69bfca.jpg,person,0.872283935546875,227.2799530029297,151.9840850830078,255.70660400390625,243.52113342285156,14
Flickr8K/944374205_fd3e69bfca.jpg,/content/Image_captioning_Local/Flickr8K/Images/944374205_fd3e69bfca.jpg,person,0.8475836515426636,139.31857299804688,135.86087036132812,164.91688537597656,171.605712890625,14
Flickr8K/944374205_fd3e69bfca.jpg,/content/Image_captioning_Local/Flickr8K/Images/944374205_fd3e69bfca.jpg,person,0.81893390417099,338.9953308105469,80.26973724365234,361.0484619140625,123.92896270751953,14
Flickr8K/944374205_fd3e69bfca.jpg,/content/Image_captioning_Local/Flickr8K/Images/944374205_fd3e69bfca.jpg,backpack,0.31031909584999084,293.00946044921875,158.09487915039062,335.289306640625,189.3243865966797,14
Flickr8K/944374205_fd3e69bfca.jpg,/content/Image_captioning_Local/Flickr8K/Images/944374205_fd3e69bfca.jpg,backpack,0.26225313544273376,376.9718017578125,162.8944091796875,406.1666564941406,188.11029052734375,14
Flickr8K/944374205_fd3e69bfca.jpg,/content/Image_captioning_Local/Flickr8K/Images/944374205_fd3e69bfca.jpg,handbag,0.2607622742652893,126.76326751708984,187.56321716308594,149.83938598632812,211.07943725585938,14
Flickr8K/944788251_a0bcd4b960.jpg,/content/Image_captioning_Local/Flickr8K/Images/944788251_a0bcd4b960.jpg,dog,0.9549186825752258,291.9960632324219,197.7955322265625,428.762451171875,287.4848327636719,2
Flickr8K/944788251_a0bcd4b960.jpg,/content/Image_captioning_Local/Flickr8K/Images/944788251_a0bcd4b960.jpg,person,0.9386913776397705,421.5450134277344,119.98236083984375,473.5660705566406,290.3628845214844,2
Flickr8K/945509052_740bb19bc3.jpg,/content/Image_captioning_Local/Flickr8K/Images/945509052_740bb19bc3.jpg,umbrella,0.9042632579803467,87.56007385253906,85.7764892578125,456.10540771484375,388.5840148925781,4
Flickr8K/945509052_740bb19bc3.jpg,/content/Image_captioning_Local/Flickr8K/Images/945509052_740bb19bc3.jpg,person,0.8212050795555115,85.2015609741211,280.83563232421875,192.0418701171875,446.9643249511719,4
Flickr8K/945509052_740bb19bc3.jpg,/content/Image_captioning_Local/Flickr8K/Images/945509052_740bb19bc3.jpg,handbag,0.5865508317947388,346.4342041015625,363.6539001464844,432.31378173828125,437.7908630371094,4
Flickr8K/945509052_740bb19bc3.jpg,/content/Image_captioning_Local/Flickr8K/Images/945509052_740bb19bc3.jpg,chair,0.33691418170928955,181.14981079101562,338.298583984375,307.2540588378906,427.36480712890625,4
Flickr8K/946051430_8db7e4ce09.jpg,/content/Image_captioning_Local/Flickr8K/Images/946051430_8db7e4ce09.jpg,person,0.9587298035621643,374.0836486816406,34.14202117919922,483.6178283691406,252.642578125,5
Flickr8K/946051430_8db7e4ce09.jpg,/content/Image_captioning_Local/Flickr8K/Images/946051430_8db7e4ce09.jpg,person,0.9489803910255432,277.7821044921875,33.24710464477539,369.45721435546875,216.20962524414062,5
Flickr8K/946051430_8db7e4ce09.jpg,/content/Image_captioning_Local/Flickr8K/Images/946051430_8db7e4ce09.jpg,person,0.9466224908828735,202.50645446777344,61.65217971801758,293.76080322265625,277.6791076660156,5
Flickr8K/946051430_8db7e4ce09.jpg,/content/Image_captioning_Local/Flickr8K/Images/946051430_8db7e4ce09.jpg,person,0.9349306225776672,107.96644592285156,46.090606689453125,213.1832275390625,266.8024597167969,5
Flickr8K/946051430_8db7e4ce09.jpg,/content/Image_captioning_Local/Flickr8K/Images/946051430_8db7e4ce09.jpg,person,0.9250640869140625,12.11041259765625,87.37456512451172,121.70122528076172,259.67523193359375,5
Flickr8K/947664583_7c63172366.jpg,/content/Image_captioning_Local/Flickr8K/Images/947664583_7c63172366.jpg,person,0.9372458457946777,0.06365403532981873,71.3908920288086,52.47541427612305,242.6215362548828,19
Flickr8K/947664583_7c63172366.jpg,/content/Image_captioning_Local/Flickr8K/Images/947664583_7c63172366.jpg,person,0.9371809363365173,379.715087890625,95.19849395751953,432.73870849609375,225.5563507080078,19
Flickr8K/947664583_7c63172366.jpg,/content/Image_captioning_Local/Flickr8K/Images/947664583_7c63172366.jpg,person,0.9141173362731934,172.48928833007812,62.19399642944336,304.8420715332031,242.75616455078125,19
Flickr8K/947664583_7c63172366.jpg,/content/Image_captioning_Local/Flickr8K/Images/947664583_7c63172366.jpg,person,0.828395664691925,335.8128967285156,229.37908935546875,443.54107666015625,363.2110290527344,19
Flickr8K/947664583_7c63172366.jpg,/content/Image_captioning_Local/Flickr8K/Images/947664583_7c63172366.jpg,person,0.7682777643203735,449.9804382324219,111.87974548339844,486.95159912109375,221.0042724609375,19
Flickr8K/947664583_7c63172366.jpg,/content/Image_captioning_Local/Flickr8K/Images/947664583_7c63172366.jpg,person,0.6988869905471802,75.72957611083984,208.7205047607422,109.635009765625,237.3782958984375,19
Flickr8K/947664583_7c63172366.jpg,/content/Image_captioning_Local/Flickr8K/Images/947664583_7c63172366.jpg,person,0.6889196634292603,424.190185546875,149.42465209960938,447.132080078125,213.9534149169922,19
Flickr8K/947664583_7c63172366.jpg,/content/Image_captioning_Local/Flickr8K/Images/947664583_7c63172366.jpg,person,0.5839098691940308,313.76287841796875,206.0332794189453,348.79705810546875,232.28683471679688,19
Flickr8K/947664583_7c63172366.jpg,/content/Image_captioning_Local/Flickr8K/Images/947664583_7c63172366.jpg,person,0.5513409376144409,139.2307586669922,194.8551483154297,180.41363525390625,264.44110107421875,19
Flickr8K/947664583_7c63172366.jpg,/content/Image_captioning_Local/Flickr8K/Images/947664583_7c63172366.jpg,person,0.5434508323669434,68.01528930664062,162.1136474609375,88.96227264404297,213.95523071289062,19
Flickr8K/947664583_7c63172366.jpg,/content/Image_captioning_Local/Flickr8K/Images/947664583_7c63172366.jpg,person,0.46188750863075256,483.3913879394531,114.81417846679688,499.8675842285156,216.6540069580078,19
Flickr8K/947664583_7c63172366.jpg,/content/Image_captioning_Local/Flickr8K/Images/947664583_7c63172366.jpg,person,0.3855312168598175,48.838340759277344,168.1882781982422,65.84652709960938,217.48709106445312,19
Flickr8K/947664583_7c63172366.jpg,/content/Image_captioning_Local/Flickr8K/Images/947664583_7c63172366.jpg,person,0.384949266910553,362.56329345703125,186.01902770996094,392.1781005859375,226.75730895996094,19
Flickr8K/947664583_7c63172366.jpg,/content/Image_captioning_Local/Flickr8K/Images/947664583_7c63172366.jpg,person,0.3849426209926605,445.96087646484375,128.64944458007812,468.5552062988281,213.1038818359375,19
Flickr8K/947664583_7c63172366.jpg,/content/Image_captioning_Local/Flickr8K/Images/947664583_7c63172366.jpg,person,0.35526564717292786,34.992000579833984,167.29054260253906,51.26594924926758,214.77284240722656,19
Flickr8K/947664583_7c63172366.jpg,/content/Image_captioning_Local/Flickr8K/Images/947664583_7c63172366.jpg,person,0.34798458218574524,313.389892578125,205.98277282714844,348.06591796875,263.2522277832031,19
Flickr8K/947664583_7c63172366.jpg,/content/Image_captioning_Local/Flickr8K/Images/947664583_7c63172366.jpg,person,0.32297345995903015,185.145263671875,204.7515869140625,233.87417602539062,236.6119842529297,19
Flickr8K/947664583_7c63172366.jpg,/content/Image_captioning_Local/Flickr8K/Images/947664583_7c63172366.jpg,person,0.3048642575740814,197.63345336914062,205.03778076171875,215.69981384277344,224.74021911621094,19
Flickr8K/947664583_7c63172366.jpg,/content/Image_captioning_Local/Flickr8K/Images/947664583_7c63172366.jpg,person,0.2990308701992035,350.3411865234375,200.29493713378906,369.9958801269531,232.50863647460938,19
Flickr8K/947969010_f1ea572e89.jpg,/content/Image_captioning_Local/Flickr8K/Images/947969010_f1ea572e89.jpg,dog,0.9349408149719238,105.02918243408203,42.272464752197266,425.78338623046875,326.5948791503906,2
Flickr8K/947969010_f1ea572e89.jpg,/content/Image_captioning_Local/Flickr8K/Images/947969010_f1ea572e89.jpg,surfboard,0.34798502922058105,0.6582587957382202,137.33074951171875,500.56005859375,374.630126953125,2
Flickr8K/948196883_e190a483b1.jpg,/content/Image_captioning_Local/Flickr8K/Images/948196883_e190a483b1.jpg,person,0.9504768252372742,193.5835418701172,231.9558868408203,342.4489440917969,370.3291931152344,10
Flickr8K/948196883_e190a483b1.jpg,/content/Image_captioning_Local/Flickr8K/Images/948196883_e190a483b1.jpg,person,0.9183321595191956,388.812255859375,52.80596923828125,495.9803161621094,323.7026062011719,10
Flickr8K/948196883_e190a483b1.jpg,/content/Image_captioning_Local/Flickr8K/Images/948196883_e190a483b1.jpg,backpack,0.7539318203926086,386.28179931640625,86.62960052490234,434.2201232910156,194.39573669433594,10
Flickr8K/948196883_e190a483b1.jpg,/content/Image_captioning_Local/Flickr8K/Images/948196883_e190a483b1.jpg,handbag,0.5138524174690247,141.72340393066406,243.54974365234375,203.1495361328125,320.26171875,10
Flickr8K/948196883_e190a483b1.jpg,/content/Image_captioning_Local/Flickr8K/Images/948196883_e190a483b1.jpg,handbag,0.5088162422180176,386.3452453613281,87.05171203613281,433.89288330078125,194.52830505371094,10
Flickr8K/948196883_e190a483b1.jpg,/content/Image_captioning_Local/Flickr8K/Images/948196883_e190a483b1.jpg,tv,0.3680349886417389,1.3912283182144165,66.35742950439453,86.65819549560547,178.15065002441406,10
Flickr8K/948196883_e190a483b1.jpg,/content/Image_captioning_Local/Flickr8K/Images/948196883_e190a483b1.jpg,tv,0.3475915789604187,14.166524887084961,106.63977813720703,75.80095672607422,165.7969512939453,10
Flickr8K/948196883_e190a483b1.jpg,/content/Image_captioning_Local/Flickr8K/Images/948196883_e190a483b1.jpg,tv,0.32218557596206665,24.939098358154297,120.31524658203125,61.322757720947266,143.84397888183594,10
Flickr8K/948196883_e190a483b1.jpg,/content/Image_captioning_Local/Flickr8K/Images/948196883_e190a483b1.jpg,backpack,0.31200405955314636,240.2037811279297,231.75978088378906,298.4478759765625,259.7525939941406,10
Flickr8K/948196883_e190a483b1.jpg,/content/Image_captioning_Local/Flickr8K/Images/948196883_e190a483b1.jpg,backpack,0.2590496242046356,386.4342346191406,121.94426727294922,433.77325439453125,194.22518920898438,10
Flickr8K/950273886_88c324e663.jpg,/content/Image_captioning_Local/Flickr8K/Images/950273886_88c324e663.jpg,person,0.9680010676383972,79.10867309570312,94.31725311279297,404.3580322265625,332.5187683105469,1
Flickr8K/950411653_20d0335946.jpg,/content/Image_captioning_Local/Flickr8K/Images/950411653_20d0335946.jpg,person,0.9660053849220276,203.2661895751953,0.31334906816482544,405.00689697265625,373.89093017578125,7
Flickr8K/950411653_20d0335946.jpg,/content/Image_captioning_Local/Flickr8K/Images/950411653_20d0335946.jpg,person,0.9293662905693054,32.6110954284668,40.68028259277344,163.29971313476562,226.27171325683594,7
Flickr8K/950411653_20d0335946.jpg,/content/Image_captioning_Local/Flickr8K/Images/950411653_20d0335946.jpg,person,0.8969671130180359,406.47991943359375,139.99559020996094,447.9829406738281,259.2542419433594,7
Flickr8K/950411653_20d0335946.jpg,/content/Image_captioning_Local/Flickr8K/Images/950411653_20d0335946.jpg,frisbee,0.7303141951560974,3.4835915565490723,204.0263671875,43.88705825805664,219.67262268066406,7
Flickr8K/950411653_20d0335946.jpg,/content/Image_captioning_Local/Flickr8K/Images/950411653_20d0335946.jpg,frisbee,0.5193525552749634,461.7765197753906,278.09405517578125,500.0803527832031,305.43023681640625,7
Flickr8K/950411653_20d0335946.jpg,/content/Image_captioning_Local/Flickr8K/Images/950411653_20d0335946.jpg,pizza,0.3973718285560608,461.7765197753906,278.09405517578125,500.0803527832031,305.43023681640625,7
Flickr8K/950411653_20d0335946.jpg,/content/Image_captioning_Local/Flickr8K/Images/950411653_20d0335946.jpg,dining table,0.343782901763916,404.0627136230469,234.96292114257812,499.9039611816406,374.8153991699219,7
Flickr8K/95151149_5ca6747df6.jpg,/content/Image_captioning_Local/Flickr8K/Images/95151149_5ca6747df6.jpg,train,0.2812361717224121,0.6651878356933594,0.1946725845336914,500.47247314453125,333.1833190917969,1
Flickr8K/952171414_2db16f846f.jpg,/content/Image_captioning_Local/Flickr8K/Images/952171414_2db16f846f.jpg,bus,0.9614559412002563,0.3134012222290039,-0.2384381890296936,500.3063049316406,332.7543640136719,16
Flickr8K/952171414_2db16f846f.jpg,/content/Image_captioning_Local/Flickr8K/Images/952171414_2db16f846f.jpg,person,0.9566365480422974,40.913448333740234,29.04888916015625,270.4372863769531,332.2566833496094,16
Flickr8K/952171414_2db16f846f.jpg,/content/Image_captioning_Local/Flickr8K/Images/952171414_2db16f846f.jpg,person,0.9503412246704102,260.0769348144531,1.3536274433135986,462.1720886230469,333.33087158203125,16
Flickr8K/952171414_2db16f846f.jpg,/content/Image_captioning_Local/Flickr8K/Images/952171414_2db16f846f.jpg,person,0.9207890033721924,24.854406356811523,-0.05256834626197815,154.22178649902344,332.6268615722656,16
Flickr8K/952171414_2db16f846f.jpg,/content/Image_captioning_Local/Flickr8K/Images/952171414_2db16f846f.jpg,person,0.8849376440048218,240.88040161132812,36.42005920410156,329.9158020019531,332.45263671875,16
Flickr8K/952171414_2db16f846f.jpg,/content/Image_captioning_Local/Flickr8K/Images/952171414_2db16f846f.jpg,backpack,0.45375949144363403,51.10637283325195,90.55029296875,87.81861114501953,166.15248107910156,16
Flickr8K/952171414_2db16f846f.jpg,/content/Image_captioning_Local/Flickr8K/Images/952171414_2db16f846f.jpg,backpack,0.4285506308078766,18.66045570373535,90.5616455078125,87.33255767822266,232.78684997558594,16
Flickr8K/952171414_2db16f846f.jpg,/content/Image_captioning_Local/Flickr8K/Images/952171414_2db16f846f.jpg,backpack,0.39934879541397095,22.14835548400879,92.01756286621094,89.46855926513672,332.3088684082031,16
Flickr8K/952171414_2db16f846f.jpg,/content/Image_captioning_Local/Flickr8K/Images/952171414_2db16f846f.jpg,handbag,0.30811676383018494,265.7236633300781,273.4874572753906,298.2147521972656,332.9624328613281,16
Flickr8K/952171414_2db16f846f.jpg,/content/Image_captioning_Local/Flickr8K/Images/952171414_2db16f846f.jpg,handbag,0.2947065234184265,263.7315979003906,220.20069885253906,296.246826171875,251.4528350830078,16
Flickr8K/952171414_2db16f846f.jpg,/content/Image_captioning_Local/Flickr8K/Images/952171414_2db16f846f.jpg,backpack,0.2911359667778015,17.923694610595703,175.08079528808594,36.50582504272461,226.0966033935547,16
Flickr8K/952171414_2db16f846f.jpg,/content/Image_captioning_Local/Flickr8K/Images/952171414_2db16f846f.jpg,handbag,0.289765864610672,22.14835548400879,92.01756286621094,89.46855926513672,332.3088684082031,16
Flickr8K/952171414_2db16f846f.jpg,/content/Image_captioning_Local/Flickr8K/Images/952171414_2db16f846f.jpg,handbag,0.2591570019721985,41.55908203125,258.4006652832031,72.95626068115234,317.5095520019531,16
Flickr8K/952171414_2db16f846f.jpg,/content/Image_captioning_Local/Flickr8K/Images/952171414_2db16f846f.jpg,handbag,0.2514946758747101,18.66045570373535,90.5616455078125,87.33255767822266,232.78684997558594,16
Flickr8K/952171414_2db16f846f.jpg,/content/Image_captioning_Local/Flickr8K/Images/952171414_2db16f846f.jpg,backpack,0.2509939670562744,19.085683822631836,176.035400390625,75.61920928955078,325.2617492675781,16
Flickr8K/952171414_2db16f846f.jpg,/content/Image_captioning_Local/Flickr8K/Images/952171414_2db16f846f.jpg,handbag,0.2503591775894165,36.79547882080078,91.23031616210938,107.57879638671875,331.5434875488281,16
Flickr8K/953941506_5082c9160c.jpg,/content/Image_captioning_Local/Flickr8K/Images/953941506_5082c9160c.jpg,dog,0.9633533954620361,221.3511199951172,118.037353515625,326.061279296875,221.32066345214844,1
Flickr8K/954987350_a0c608b467.jpg,/content/Image_captioning_Local/Flickr8K/Images/954987350_a0c608b467.jpg,cup,0.9552782773971558,90.32269287109375,306.2431945800781,156.86102294921875,390.2315979003906,10
Flickr8K/954987350_a0c608b467.jpg,/content/Image_captioning_Local/Flickr8K/Images/954987350_a0c608b467.jpg,person,0.9238823652267456,79.11012268066406,128.05337524414062,332.7494812011719,499.4877624511719,10
Flickr8K/954987350_a0c608b467.jpg,/content/Image_captioning_Local/Flickr8K/Images/954987350_a0c608b467.jpg,person,0.8102606534957886,-0.06440788507461548,204.84828186035156,94.91612243652344,499.6475524902344,10
Flickr8K/954987350_a0c608b467.jpg,/content/Image_captioning_Local/Flickr8K/Images/954987350_a0c608b467.jpg,person,0.67205411195755,-0.020414024591445923,0.18830597400665283,120.32857513427734,258.1474914550781,10
Flickr8K/954987350_a0c608b467.jpg,/content/Image_captioning_Local/Flickr8K/Images/954987350_a0c608b467.jpg,handbag,0.6669991612434387,59.271690368652344,387.8370666503906,141.98779296875,499.9348449707031,10
Flickr8K/954987350_a0c608b467.jpg,/content/Image_captioning_Local/Flickr8K/Images/954987350_a0c608b467.jpg,cup,0.6296018958091736,17.563655853271484,107.439697265625,95.09619903564453,197.9441680908203,10
Flickr8K/954987350_a0c608b467.jpg,/content/Image_captioning_Local/Flickr8K/Images/954987350_a0c608b467.jpg,handbag,0.6018786430358887,59.867408752441406,267.9659729003906,293.6727600097656,499.50653076171875,10
Flickr8K/954987350_a0c608b467.jpg,/content/Image_captioning_Local/Flickr8K/Images/954987350_a0c608b467.jpg,handbag,0.6016308069229126,161.56053161621094,268.3326110839844,291.95892333984375,365.93072509765625,10
Flickr8K/954987350_a0c608b467.jpg,/content/Image_captioning_Local/Flickr8K/Images/954987350_a0c608b467.jpg,bottle,0.341178834438324,17.563655853271484,107.439697265625,95.09619903564453,197.9441680908203,10
Flickr8K/954987350_a0c608b467.jpg,/content/Image_captioning_Local/Flickr8K/Images/954987350_a0c608b467.jpg,person,0.31875959038734436,-0.06944936513900757,0.7491409778594971,118.75125885009766,498.77984619140625,10
Flickr8K/956164675_9ee084364e.jpg,/content/Image_captioning_Local/Flickr8K/Images/956164675_9ee084364e.jpg,person,0.9546775221824646,226.9158477783203,120.26737976074219,326.6191101074219,408.3756103515625,4
Flickr8K/956164675_9ee084364e.jpg,/content/Image_captioning_Local/Flickr8K/Images/956164675_9ee084364e.jpg,person,0.7831621766090393,0.09220019727945328,183.97781372070312,27.609905242919922,419.8428649902344,4
Flickr8K/956164675_9ee084364e.jpg,/content/Image_captioning_Local/Flickr8K/Images/956164675_9ee084364e.jpg,person,0.6994426846504211,0.8856505751609802,224.8533935546875,41.090171813964844,419.6173400878906,4
Flickr8K/956164675_9ee084364e.jpg,/content/Image_captioning_Local/Flickr8K/Images/956164675_9ee084364e.jpg,person,0.2757960855960846,15.982515335083008,225.2270050048828,40.83246612548828,262.1605529785156,4
Flickr8K/957230475_48f4285ffe.jpg,/content/Image_captioning_Local/Flickr8K/Images/957230475_48f4285ffe.jpg,person,0.9726800918579102,-0.07787346839904785,9.008988380432129,293.90545654296875,373.5917053222656,3
Flickr8K/957230475_48f4285ffe.jpg,/content/Image_captioning_Local/Flickr8K/Images/957230475_48f4285ffe.jpg,person,0.9564629793167114,202.9757537841797,-0.14929044246673584,499.2957763671875,373.72265625,3
Flickr8K/957230475_48f4285ffe.jpg,/content/Image_captioning_Local/Flickr8K/Images/957230475_48f4285ffe.jpg,person,0.4070100784301758,-0.23697316646575928,187.85443115234375,175.54141235351562,313.1794128417969,3
Flickr8K/95728660_d47de66544.jpg,/content/Image_captioning_Local/Flickr8K/Images/95728660_d47de66544.jpg,person,0.9042387008666992,87.56656646728516,75.59080505371094,179.85801696777344,280.1471862792969,2
Flickr8K/95728660_d47de66544.jpg,/content/Image_captioning_Local/Flickr8K/Images/95728660_d47de66544.jpg,bicycle,0.8752701282501221,94.180419921875,177.54898071289062,170.93450927734375,341.0886535644531,2
Flickr8K/95728664_06c43b90f1.jpg,/content/Image_captioning_Local/Flickr8K/Images/95728664_06c43b90f1.jpg,person,0.9524377584457397,321.0810546875,200.92947387695312,405.8415222167969,321.00372314453125,4
Flickr8K/95728664_06c43b90f1.jpg,/content/Image_captioning_Local/Flickr8K/Images/95728664_06c43b90f1.jpg,person,0.950247585773468,203.52342224121094,188.2081756591797,307.92364501953125,332.2413024902344,4
Flickr8K/95728664_06c43b90f1.jpg,/content/Image_captioning_Local/Flickr8K/Images/95728664_06c43b90f1.jpg,bench,0.33000078797340393,270.12200927734375,261.387451171875,337.9389343261719,312.1203918457031,4
Flickr8K/95728664_06c43b90f1.jpg,/content/Image_captioning_Local/Flickr8K/Images/95728664_06c43b90f1.jpg,bench,0.2802599370479584,101.91871643066406,260.7152099609375,337.96337890625,324.0534362792969,4
Flickr8K/95734035_84732a92c1.jpg,/content/Image_captioning_Local/Flickr8K/Images/95734035_84732a92c1.jpg,person,0.9126428365707397,216.89430236816406,82.3181381225586,285.1415710449219,240.2773895263672,23
Flickr8K/95734035_84732a92c1.jpg,/content/Image_captioning_Local/Flickr8K/Images/95734035_84732a92c1.jpg,person,0.6656547784805298,135.2513427734375,8.710592269897461,225.20590209960938,150.8694610595703,23
Flickr8K/95734035_84732a92c1.jpg,/content/Image_captioning_Local/Flickr8K/Images/95734035_84732a92c1.jpg,motorcycle,0.6359589695930481,224.57949829101562,143.47900390625,279.4395751953125,246.1226043701172,23
Flickr8K/95734035_84732a92c1.jpg,/content/Image_captioning_Local/Flickr8K/Images/95734035_84732a92c1.jpg,bicycle,0.486838161945343,41.548675537109375,112.90973663330078,204.5613250732422,353.9135437011719,23
Flickr8K/95734035_84732a92c1.jpg,/content/Image_captioning_Local/Flickr8K/Images/95734035_84732a92c1.jpg,person,0.48363426327705383,135.3045196533203,8.51056957244873,251.37078857421875,280.9291687011719,23
Flickr8K/95734035_84732a92c1.jpg,/content/Image_captioning_Local/Flickr8K/Images/95734035_84732a92c1.jpg,backpack,0.4616745412349701,5.737550735473633,204.1573486328125,74.72100067138672,320.26324462890625,23
Flickr8K/95734035_84732a92c1.jpg,/content/Image_captioning_Local/Flickr8K/Images/95734035_84732a92c1.jpg,bicycle,0.3869480490684509,42.52168655395508,115.05747985839844,161.5737762451172,353.0815124511719,23
Flickr8K/95734035_84732a92c1.jpg,/content/Image_captioning_Local/Flickr8K/Images/95734035_84732a92c1.jpg,bicycle,0.35031697154045105,224.57949829101562,143.47900390625,279.4395751953125,246.1226043701172,23
Flickr8K/95734035_84732a92c1.jpg,/content/Image_captioning_Local/Flickr8K/Images/95734035_84732a92c1.jpg,backpack,0.3377643823623657,175.8489227294922,167.67037963867188,227.49693298339844,238.38922119140625,23
Flickr8K/95734035_84732a92c1.jpg,/content/Image_captioning_Local/Flickr8K/Images/95734035_84732a92c1.jpg,bicycle,0.33402150869369507,43.90837860107422,224.22958374023438,119.66304016113281,352.9813232421875,23
Flickr8K/95734035_84732a92c1.jpg,/content/Image_captioning_Local/Flickr8K/Images/95734035_84732a92c1.jpg,backpack,0.3286793828010559,8.163487434387207,205.73004150390625,70.52787017822266,281.9330139160156,23
Flickr8K/95734035_84732a92c1.jpg,/content/Image_captioning_Local/Flickr8K/Images/95734035_84732a92c1.jpg,bicycle,0.3202129602432251,43.56459426879883,187.22564697265625,140.45718383789062,353.3929748535156,23
Flickr8K/95734035_84732a92c1.jpg,/content/Image_captioning_Local/Flickr8K/Images/95734035_84732a92c1.jpg,person,0.31935402750968933,135.9575653076172,8.425567626953125,238.97386169433594,280.443359375,23
Flickr8K/95734035_84732a92c1.jpg,/content/Image_captioning_Local/Flickr8K/Images/95734035_84732a92c1.jpg,backpack,0.3130660653114319,175.165283203125,139.4799041748047,229.25291442871094,238.5146484375,23
Flickr8K/95734035_84732a92c1.jpg,/content/Image_captioning_Local/Flickr8K/Images/95734035_84732a92c1.jpg,bicycle,0.3096897006034851,43.93805694580078,225.58815002441406,136.91184997558594,353.3035583496094,23
Flickr8K/95734035_84732a92c1.jpg,/content/Image_captioning_Local/Flickr8K/Images/95734035_84732a92c1.jpg,bicycle,0.3085289001464844,44.36098098754883,228.42205810546875,145.53880310058594,353.4281005859375,23
Flickr8K/95734035_84732a92c1.jpg,/content/Image_captioning_Local/Flickr8K/Images/95734035_84732a92c1.jpg,bicycle,0.30312380194664,124.01820373535156,141.0230255126953,202.44630432128906,307.50860595703125,23
Flickr8K/95734035_84732a92c1.jpg,/content/Image_captioning_Local/Flickr8K/Images/95734035_84732a92c1.jpg,backpack,0.3008124828338623,174.9523162841797,139.44691467285156,229.84375,238.56454467773438,23
Flickr8K/95734035_84732a92c1.jpg,/content/Image_captioning_Local/Flickr8K/Images/95734035_84732a92c1.jpg,motorcycle,0.2886973023414612,42.52168655395508,115.05747985839844,161.5737762451172,353.0815124511719,23
Flickr8K/95734035_84732a92c1.jpg,/content/Image_captioning_Local/Flickr8K/Images/95734035_84732a92c1.jpg,motorcycle,0.2883685529232025,41.548675537109375,112.90973663330078,204.5613250732422,353.9135437011719,23
Flickr8K/95734035_84732a92c1.jpg,/content/Image_captioning_Local/Flickr8K/Images/95734035_84732a92c1.jpg,motorcycle,0.27813491225242615,5.245636940002441,140.46441650390625,95.1985855102539,320.8755798339844,23
Flickr8K/95734035_84732a92c1.jpg,/content/Image_captioning_Local/Flickr8K/Images/95734035_84732a92c1.jpg,bicycle,0.27531468868255615,131.9485321044922,142.3249969482422,209.5585174560547,306.4240417480469,23
Flickr8K/95734035_84732a92c1.jpg,/content/Image_captioning_Local/Flickr8K/Images/95734035_84732a92c1.jpg,bicycle,0.27347540855407715,43.26179122924805,148.11886596679688,134.29644775390625,353.54962158203125,23
Flickr8K/95734036_bef6d1a871.jpg,/content/Image_captioning_Local/Flickr8K/Images/95734036_bef6d1a871.jpg,person,0.9112770557403564,78.49475860595703,133.63314819335938,172.6396942138672,324.88238525390625,10
Flickr8K/95734036_bef6d1a871.jpg,/content/Image_captioning_Local/Flickr8K/Images/95734036_bef6d1a871.jpg,bicycle,0.8645539879798889,67.76529693603516,217.16526794433594,185.1849822998047,335.08740234375,10
Flickr8K/95734036_bef6d1a871.jpg,/content/Image_captioning_Local/Flickr8K/Images/95734036_bef6d1a871.jpg,backpack,0.5971738696098328,151.2828369140625,249.54798889160156,186.5768280029297,288.983154296875,10
Flickr8K/95734036_bef6d1a871.jpg,/content/Image_captioning_Local/Flickr8K/Images/95734036_bef6d1a871.jpg,backpack,0.566503643989563,57.80154800415039,225.8934783935547,125.42382049560547,307.3327941894531,10
Flickr8K/95734036_bef6d1a871.jpg,/content/Image_captioning_Local/Flickr8K/Images/95734036_bef6d1a871.jpg,backpack,0.49542462825775146,57.94206237792969,237.5535125732422,89.63314056396484,296.9948425292969,10
Flickr8K/95734036_bef6d1a871.jpg,/content/Image_captioning_Local/Flickr8K/Images/95734036_bef6d1a871.jpg,backpack,0.47362107038497925,81.88197326660156,242.96981811523438,126.81402587890625,309.07159423828125,10
Flickr8K/95734036_bef6d1a871.jpg,/content/Image_captioning_Local/Flickr8K/Images/95734036_bef6d1a871.jpg,handbag,0.33779391646385193,151.3104705810547,249.89585876464844,186.53207397460938,288.8741455078125,10
Flickr8K/95734036_bef6d1a871.jpg,/content/Image_captioning_Local/Flickr8K/Images/95734036_bef6d1a871.jpg,handbag,0.33534368872642517,151.2828369140625,249.54798889160156,186.5768280029297,288.983154296875,10
Flickr8K/95734036_bef6d1a871.jpg,/content/Image_captioning_Local/Flickr8K/Images/95734036_bef6d1a871.jpg,backpack,0.29681864380836487,144.26187133789062,218.50735473632812,178.70962524414062,245.41635131835938,10
Flickr8K/95734036_bef6d1a871.jpg,/content/Image_captioning_Local/Flickr8K/Images/95734036_bef6d1a871.jpg,handbag,0.28633913397789,144.26187133789062,218.50735473632812,178.70962524414062,245.41635131835938,10
Flickr8K/95734038_2ab5783da7.jpg,/content/Image_captioning_Local/Flickr8K/Images/95734038_2ab5783da7.jpg,person,0.9207907319068909,322.9295654296875,47.202850341796875,430.6556701660156,305.5804748535156,7
Flickr8K/95734038_2ab5783da7.jpg,/content/Image_captioning_Local/Flickr8K/Images/95734038_2ab5783da7.jpg,bicycle,0.8587487936019897,335.08331298828125,171.33351135253906,403.0350341796875,322.1705017089844,7
Flickr8K/95734038_2ab5783da7.jpg,/content/Image_captioning_Local/Flickr8K/Images/95734038_2ab5783da7.jpg,backpack,0.6657496690750122,361.5799560546875,243.71531677246094,402.37939453125,313.1399841308594,7
Flickr8K/95734038_2ab5783da7.jpg,/content/Image_captioning_Local/Flickr8K/Images/95734038_2ab5783da7.jpg,backpack,0.6617652773857117,315.3743896484375,238.5634765625,344.5386657714844,297.467529296875,7
Flickr8K/95734038_2ab5783da7.jpg,/content/Image_captioning_Local/Flickr8K/Images/95734038_2ab5783da7.jpg,backpack,0.3475964665412903,412.1446228027344,172.70484924316406,430.9041748046875,229.14122009277344,7
Flickr8K/95734038_2ab5783da7.jpg,/content/Image_captioning_Local/Flickr8K/Images/95734038_2ab5783da7.jpg,suitcase,0.3245604634284973,412.1446228027344,172.70484924316406,430.9041748046875,229.14122009277344,7
Flickr8K/95734038_2ab5783da7.jpg,/content/Image_captioning_Local/Flickr8K/Images/95734038_2ab5783da7.jpg,handbag,0.28092893958091736,315.5064697265625,238.8079376220703,344.467529296875,297.314697265625,7
Flickr8K/957682378_46c3b07bcd.jpg,/content/Image_captioning_Local/Flickr8K/Images/957682378_46c3b07bcd.jpg,dog,0.9448268413543701,117.9378890991211,143.0745391845703,265.1901550292969,358.15869140625,5
Flickr8K/957682378_46c3b07bcd.jpg,/content/Image_captioning_Local/Flickr8K/Images/957682378_46c3b07bcd.jpg,dog,0.9418705701828003,63.28714370727539,99.28992462158203,224.1096954345703,350.6274108886719,5
Flickr8K/957682378_46c3b07bcd.jpg,/content/Image_captioning_Local/Flickr8K/Images/957682378_46c3b07bcd.jpg,bench,0.4745429754257202,205.5190887451172,0.12686848640441895,357.1839294433594,91.75711822509766,5
Flickr8K/957682378_46c3b07bcd.jpg,/content/Image_captioning_Local/Flickr8K/Images/957682378_46c3b07bcd.jpg,bench,0.4171404540538788,295.6507263183594,0.5592070817947388,356.86700439453125,85.93446350097656,5
Flickr8K/957682378_46c3b07bcd.jpg,/content/Image_captioning_Local/Flickr8K/Images/957682378_46c3b07bcd.jpg,bench,0.31945523619651794,206.2283935546875,-0.21653994917869568,315.0351257324219,94.1297836303711,5
Flickr8K/95783195_e1ba3f57ca.jpg,/content/Image_captioning_Local/Flickr8K/Images/95783195_e1ba3f57ca.jpg,person,0.9610128402709961,151.9820556640625,104.4599380493164,334.9991455078125,334.7547912597656,3
Flickr8K/95783195_e1ba3f57ca.jpg,/content/Image_captioning_Local/Flickr8K/Images/95783195_e1ba3f57ca.jpg,handbag,0.8530174493789673,240.9410858154297,141.7897491455078,299.9495544433594,224.9488525390625,3
Flickr8K/95783195_e1ba3f57ca.jpg,/content/Image_captioning_Local/Flickr8K/Images/95783195_e1ba3f57ca.jpg,backpack,0.26063504815101624,242.2685089111328,147.14505004882812,299.9698486328125,225.28988647460938,3
Flickr8K/958326692_6210150354.jpg,/content/Image_captioning_Local/Flickr8K/Images/958326692_6210150354.jpg,person,0.8984085917472839,29.702289581298828,340.937255859375,57.11996841430664,409.3432312011719,2
Flickr8K/958326692_6210150354.jpg,/content/Image_captioning_Local/Flickr8K/Images/958326692_6210150354.jpg,car,0.4174770712852478,23.748790740966797,311.7720031738281,41.90854263305664,327.76593017578125,2
Flickr8K/961189263_0990f3bcb5.jpg,/content/Image_captioning_Local/Flickr8K/Images/961189263_0990f3bcb5.jpg,person,0.9718695878982544,207.89785766601562,21.322437286376953,500.32232666015625,388.9594421386719,1
Flickr8K/961611340_251081fcb8.jpg,/content/Image_captioning_Local/Flickr8K/Images/961611340_251081fcb8.jpg,person,0.9551782011985779,216.98316955566406,129.71214294433594,347.7435607910156,383.1549987792969,2
Flickr8K/961611340_251081fcb8.jpg,/content/Image_captioning_Local/Flickr8K/Images/961611340_251081fcb8.jpg,person,0.9509555697441101,123.45489501953125,79.70531463623047,241.5330047607422,446.1695556640625,2
Flickr8K/963730324_0638534227.jpg,/content/Image_captioning_Local/Flickr8K/Images/963730324_0638534227.jpg,person,0.93475341796875,224.09539794921875,107.5617904663086,337.872802734375,374.5365905761719,36
Flickr8K/963730324_0638534227.jpg,/content/Image_captioning_Local/Flickr8K/Images/963730324_0638534227.jpg,person,0.839827835559845,128.5214080810547,-0.12168847024440765,243.97024536132812,140.04434204101562,36
Flickr8K/963730324_0638534227.jpg,/content/Image_captioning_Local/Flickr8K/Images/963730324_0638534227.jpg,backpack,0.6687161326408386,1.3439096212387085,-0.03759842365980148,96.32609558105469,71.33460235595703,36
Flickr8K/963730324_0638534227.jpg,/content/Image_captioning_Local/Flickr8K/Images/963730324_0638534227.jpg,person,0.4311061203479767,127.49565887451172,-0.16254186630249023,247.43316650390625,304.3968505859375,36
Flickr8K/963730324_0638534227.jpg,/content/Image_captioning_Local/Flickr8K/Images/963730324_0638534227.jpg,backpack,0.4282439053058624,28.051837921142578,186.15283203125,113.24544525146484,302.765380859375,36
Flickr8K/963730324_0638534227.jpg,/content/Image_captioning_Local/Flickr8K/Images/963730324_0638534227.jpg,bottle,0.4182063043117523,422.7664489746094,162.3789520263672,432.2851867675781,196.9637451171875,36
Flickr8K/963730324_0638534227.jpg,/content/Image_captioning_Local/Flickr8K/Images/963730324_0638534227.jpg,backpack,0.40691524744033813,1.8780529499053955,155.5255584716797,115.73667907714844,303.8480529785156,36
Flickr8K/963730324_0638534227.jpg,/content/Image_captioning_Local/Flickr8K/Images/963730324_0638534227.jpg,bottle,0.3541461229324341,434.0796813964844,206.11732482910156,442.8610534667969,240.01954650878906,36
Flickr8K/963730324_0638534227.jpg,/content/Image_captioning_Local/Flickr8K/Images/963730324_0638534227.jpg,bottle,0.3443995714187622,418.8156433105469,117.5839614868164,429.4044189453125,152.16221618652344,36
Flickr8K/963730324_0638534227.jpg,/content/Image_captioning_Local/Flickr8K/Images/963730324_0638534227.jpg,bottle,0.3352663516998291,362.5332336425781,80.15821838378906,377.95355224609375,122.42283630371094,36
Flickr8K/963730324_0638534227.jpg,/content/Image_captioning_Local/Flickr8K/Images/963730324_0638534227.jpg,bottle,0.3308577239513397,414.79888916015625,209.87391662597656,425.4475402832031,242.87742614746094,36
Flickr8K/963730324_0638534227.jpg,/content/Image_captioning_Local/Flickr8K/Images/963730324_0638534227.jpg,bottle,0.32947593927383423,410.3843688964844,119.93949127197266,420.48126220703125,152.90440368652344,36
Flickr8K/963730324_0638534227.jpg,/content/Image_captioning_Local/Flickr8K/Images/963730324_0638534227.jpg,backpack,0.3293754458427429,0.695239782333374,155.4482879638672,96.4190673828125,286.0581970214844,36
Flickr8K/963730324_0638534227.jpg,/content/Image_captioning_Local/Flickr8K/Images/963730324_0638534227.jpg,backpack,0.3108319938182831,4.70758581161499,155.68234252929688,87.91557312011719,235.6713104248047,36
Flickr8K/963730324_0638534227.jpg,/content/Image_captioning_Local/Flickr8K/Images/963730324_0638534227.jpg,bottle,0.31079646944999695,262.6308898925781,25.632038116455078,279.1477355957031,68.23411560058594,36
Flickr8K/963730324_0638534227.jpg,/content/Image_captioning_Local/Flickr8K/Images/963730324_0638534227.jpg,bottle,0.3097864091396332,377.9326477050781,79.56002807617188,394.3335266113281,121.60289764404297,36
Flickr8K/963730324_0638534227.jpg,/content/Image_captioning_Local/Flickr8K/Images/963730324_0638534227.jpg,bottle,0.30933231115341187,319.9769287109375,81.93242645263672,334.29754638671875,125.30634307861328,36
Flickr8K/963730324_0638534227.jpg,/content/Image_captioning_Local/Flickr8K/Images/963730324_0638534227.jpg,backpack,0.3059728145599365,25.353368759155273,164.2841339111328,115.27267456054688,303.0773620605469,36
Flickr8K/963730324_0638534227.jpg,/content/Image_captioning_Local/Flickr8K/Images/963730324_0638534227.jpg,bottle,0.30391138792037964,348.34307861328125,80.74617767333984,361.78326416015625,123.76932525634766,36
Flickr8K/963730324_0638534227.jpg,/content/Image_captioning_Local/Flickr8K/Images/963730324_0638534227.jpg,bottle,0.29980599880218506,307.1652526855469,24.262067794799805,323.4788818359375,67.29019165039062,36
Flickr8K/963730324_0638534227.jpg,/content/Image_captioning_Local/Flickr8K/Images/963730324_0638534227.jpg,bottle,0.2960284650325775,333.7240295410156,141.7666778564453,346.69000244140625,187.00112915039062,36
Flickr8K/963730324_0638534227.jpg,/content/Image_captioning_Local/Flickr8K/Images/963730324_0638534227.jpg,bottle,0.2950473427772522,413.48028564453125,163.91165161132812,423.14447021484375,197.9784698486328,36
Flickr8K/963730324_0638534227.jpg,/content/Image_captioning_Local/Flickr8K/Images/963730324_0638534227.jpg,bottle,0.2798301577568054,334.1029052734375,81.38346099853516,348.7481689453125,124.69251251220703,36
Flickr8K/963730324_0638534227.jpg,/content/Image_captioning_Local/Flickr8K/Images/963730324_0638534227.jpg,bottle,0.2782086730003357,405.4681701660156,167.7383270263672,413.4817810058594,198.99400329589844,36
Flickr8K/963730324_0638534227.jpg,/content/Image_captioning_Local/Flickr8K/Images/963730324_0638534227.jpg,bottle,0.27585992217063904,411.2594299316406,211.0391082763672,420.0993957519531,243.70851135253906,36
Flickr8K/963730324_0638534227.jpg,/content/Image_captioning_Local/Flickr8K/Images/963730324_0638534227.jpg,bottle,0.27220872044563293,287.2660217285156,83.1880111694336,299.20458984375,126.80012512207031,36
Flickr8K/963730324_0638534227.jpg,/content/Image_captioning_Local/Flickr8K/Images/963730324_0638534227.jpg,bottle,0.2714315354824066,328.70166015625,204.90512084960938,344.08416748046875,252.17623901367188,36
Flickr8K/963730324_0638534227.jpg,/content/Image_captioning_Local/Flickr8K/Images/963730324_0638534227.jpg,bottle,0.2701404094696045,279.5067138671875,24.486461639404297,293.1099853515625,68.24310302734375,36
Flickr8K/963730324_0638534227.jpg,/content/Image_captioning_Local/Flickr8K/Images/963730324_0638534227.jpg,bottle,0.2693295180797577,405.4724426269531,213.04696655273438,414.55035400390625,244.833251953125,36
Flickr8K/963730324_0638534227.jpg,/content/Image_captioning_Local/Flickr8K/Images/963730324_0638534227.jpg,bottle,0.26779529452323914,336.55450439453125,23.917606353759766,351.0201721191406,65.83738708496094,36
Flickr8K/963730324_0638534227.jpg,/content/Image_captioning_Local/Flickr8K/Images/963730324_0638534227.jpg,bottle,0.2673918306827545,422.90374755859375,206.59091186523438,434.1668701171875,241.2606964111328,36
Flickr8K/963730324_0638534227.jpg,/content/Image_captioning_Local/Flickr8K/Images/963730324_0638534227.jpg,backpack,0.2638322114944458,1.0754988193511963,155.23785400390625,119.5226821899414,330.2433776855469,36
Flickr8K/963730324_0638534227.jpg,/content/Image_captioning_Local/Flickr8K/Images/963730324_0638534227.jpg,bottle,0.25997376441955566,272.900146484375,83.11697387695312,287.2825012207031,124.69541931152344,36
Flickr8K/963730324_0638534227.jpg,/content/Image_captioning_Local/Flickr8K/Images/963730324_0638534227.jpg,bottle,0.25973567366600037,343.2548522949219,204.99807739257812,358.5279541015625,250.3678741455078,36
Flickr8K/963730324_0638534227.jpg,/content/Image_captioning_Local/Flickr8K/Images/963730324_0638534227.jpg,bottle,0.25189584493637085,298.5331115722656,82.09172058105469,311.2884521484375,113.64348602294922,36
Flickr8K/963730324_0638534227.jpg,/content/Image_captioning_Local/Flickr8K/Images/963730324_0638534227.jpg,bottle,0.2515394687652588,416.4692077636719,163.31564331054688,425.5048522949219,197.46231079101562,36
Flickr8K/96399948_b86c61bfe6.jpg,/content/Image_captioning_Local/Flickr8K/Images/96399948_b86c61bfe6.jpg,person,0.9533103704452515,151.8175506591797,185.95913696289062,217.60000610351562,332.05517578125,5
Flickr8K/96399948_b86c61bfe6.jpg,/content/Image_captioning_Local/Flickr8K/Images/96399948_b86c61bfe6.jpg,person,0.9338377714157104,242.60861206054688,139.10365295410156,316.6008605957031,306.9231262207031,5
Flickr8K/96399948_b86c61bfe6.jpg,/content/Image_captioning_Local/Flickr8K/Images/96399948_b86c61bfe6.jpg,sports ball,0.6040501594543457,74.28302001953125,-0.46776628494262695,370.7591247558594,270.7341003417969,5
Flickr8K/96399948_b86c61bfe6.jpg,/content/Image_captioning_Local/Flickr8K/Images/96399948_b86c61bfe6.jpg,bench,0.2649945020675659,0.27311965823173523,162.15773010253906,78.47412109375,199.41734313964844,5
Flickr8K/96399948_b86c61bfe6.jpg,/content/Image_captioning_Local/Flickr8K/Images/96399948_b86c61bfe6.jpg,frisbee,0.2515811622142792,216.40821838378906,121.32857513427734,291.9610900878906,181.86920166015625,5
Flickr8K/964197865_0133acaeb4.jpg,/content/Image_captioning_Local/Flickr8K/Images/964197865_0133acaeb4.jpg,person,0.9780383110046387,1.556844711303711,84.70040893554688,334.17987060546875,499.2293701171875,2
Flickr8K/964197865_0133acaeb4.jpg,/content/Image_captioning_Local/Flickr8K/Images/964197865_0133acaeb4.jpg,baseball bat,0.5915228724479675,-0.2908279001712799,265.1614990234375,220.36817932128906,500.0260009765625,2
Flickr8K/96420612_feb18fc6c6.jpg,/content/Image_captioning_Local/Flickr8K/Images/96420612_feb18fc6c6.jpg,person,0.9557498693466187,212.16290283203125,39.021095275878906,470.1522521972656,206.57591247558594,2
Flickr8K/96420612_feb18fc6c6.jpg,/content/Image_captioning_Local/Flickr8K/Images/96420612_feb18fc6c6.jpg,surfboard,0.9529971480369568,158.1962890625,151.47450256347656,364.8316955566406,260.5375061035156,2
Flickr8K/965444691_fe7e85bf0e.jpg,/content/Image_captioning_Local/Flickr8K/Images/965444691_fe7e85bf0e.jpg,person,0.8959035277366638,55.89461898803711,99.00959777832031,259.1643371582031,333.02313232421875,3
Flickr8K/965444691_fe7e85bf0e.jpg,/content/Image_captioning_Local/Flickr8K/Images/965444691_fe7e85bf0e.jpg,person,0.8724372386932373,153.2281494140625,-0.09642326831817627,495.6398620605469,332.9002380371094,3
Flickr8K/965444691_fe7e85bf0e.jpg,/content/Image_captioning_Local/Flickr8K/Images/965444691_fe7e85bf0e.jpg,refrigerator,0.34593480825424194,3.7961153984069824,43.63825607299805,289.07806396484375,332.31781005859375,3
Flickr8K/967719295_3257695095.jpg,/content/Image_captioning_Local/Flickr8K/Images/967719295_3257695095.jpg,dog,0.9589635133743286,256.3897705078125,61.67544937133789,460.72454833984375,170.18568420410156,5
Flickr8K/967719295_3257695095.jpg,/content/Image_captioning_Local/Flickr8K/Images/967719295_3257695095.jpg,boat,0.5197138786315918,298.68524169921875,160.05596923828125,500.0736083984375,328.1763000488281,5
Flickr8K/967719295_3257695095.jpg,/content/Image_captioning_Local/Flickr8K/Images/967719295_3257695095.jpg,boat,0.45294320583343506,298.3004455566406,106.49589538574219,499.9742431640625,328.65472412109375,5
Flickr8K/967719295_3257695095.jpg,/content/Image_captioning_Local/Flickr8K/Images/967719295_3257695095.jpg,boat,0.3391493856906891,298.0786437988281,84.80399322509766,500.2002258300781,328.85772705078125,5
Flickr8K/967719295_3257695095.jpg,/content/Image_captioning_Local/Flickr8K/Images/967719295_3257695095.jpg,boat,0.25847694277763367,299.74676513671875,230.0926513671875,499.9809875488281,329.17401123046875,5
Flickr8K/968081289_cdba83ce2e.jpg,/content/Image_captioning_Local/Flickr8K/Images/968081289_cdba83ce2e.jpg,person,0.9529272317886353,129.798828125,15.842042922973633,221.5298309326172,217.05783081054688,3
Flickr8K/968081289_cdba83ce2e.jpg,/content/Image_captioning_Local/Flickr8K/Images/968081289_cdba83ce2e.jpg,person,0.9256133437156677,36.988006591796875,61.72374725341797,107.8988265991211,229.6898956298828,3
Flickr8K/968081289_cdba83ce2e.jpg,/content/Image_captioning_Local/Flickr8K/Images/968081289_cdba83ce2e.jpg,boat,0.303695946931839,0.042674869298934937,301.86151123046875,315.8127746582031,499.0317077636719,3
Flickr8K/96973080_783e375945.jpg,/content/Image_captioning_Local/Flickr8K/Images/96973080_783e375945.jpg,dog,0.9336578845977783,210.2133026123047,212.41380310058594,294.11834716796875,254.5915069580078,2
Flickr8K/96973080_783e375945.jpg,/content/Image_captioning_Local/Flickr8K/Images/96973080_783e375945.jpg,bench,0.3392165005207062,12.027493476867676,126.28292083740234,36.02987289428711,134.2214813232422,2
Flickr8K/96978713_775d66a18d.jpg,/content/Image_captioning_Local/Flickr8K/Images/96978713_775d66a18d.jpg,person,0.8274897933006287,195.13357543945312,192.78822326660156,205.71351623535156,221.0004425048828,10
Flickr8K/96978713_775d66a18d.jpg,/content/Image_captioning_Local/Flickr8K/Images/96978713_775d66a18d.jpg,person,0.8124741315841675,117.3756103515625,216.79315185546875,147.0238800048828,285.0235900878906,10
Flickr8K/96978713_775d66a18d.jpg,/content/Image_captioning_Local/Flickr8K/Images/96978713_775d66a18d.jpg,person,0.4297623932361603,264.3363342285156,141.3814697265625,274.5762023925781,161.67649841308594,10
Flickr8K/96978713_775d66a18d.jpg,/content/Image_captioning_Local/Flickr8K/Images/96978713_775d66a18d.jpg,person,0.42645445466041565,160.27725219726562,240.68507385253906,170.05752563476562,258.44287109375,10
Flickr8K/96978713_775d66a18d.jpg,/content/Image_captioning_Local/Flickr8K/Images/96978713_775d66a18d.jpg,person,0.42440417408943176,202.23374938964844,171.3896942138672,213.37847900390625,199.00875854492188,10
Flickr8K/96978713_775d66a18d.jpg,/content/Image_captioning_Local/Flickr8K/Images/96978713_775d66a18d.jpg,backpack,0.4111665189266205,124.43717956542969,222.06756591796875,141.05938720703125,246.47300720214844,10
Flickr8K/96978713_775d66a18d.jpg,/content/Image_captioning_Local/Flickr8K/Images/96978713_775d66a18d.jpg,backpack,0.34684446454048157,117.17823028564453,220.75469970703125,128.62879943847656,235.78219604492188,10
Flickr8K/96978713_775d66a18d.jpg,/content/Image_captioning_Local/Flickr8K/Images/96978713_775d66a18d.jpg,person,0.27781933546066284,133.66868591308594,216.26327514648438,146.82012939453125,233.05516052246094,10
Flickr8K/96978713_775d66a18d.jpg,/content/Image_captioning_Local/Flickr8K/Images/96978713_775d66a18d.jpg,person,0.2725372910499573,133.57858276367188,216.1134796142578,146.9960479736328,243.34310913085938,10
Flickr8K/96978713_775d66a18d.jpg,/content/Image_captioning_Local/Flickr8K/Images/96978713_775d66a18d.jpg,person,0.26702773571014404,160.22006225585938,240.51466369628906,166.88426208496094,258.525390625,10
Flickr8K/96985174_31d4c6f06d.jpg,/content/Image_captioning_Local/Flickr8K/Images/96985174_31d4c6f06d.jpg,person,0.928629457950592,302.453369140625,232.56214904785156,358.4956970214844,349.84442138671875,3
Flickr8K/96985174_31d4c6f06d.jpg,/content/Image_captioning_Local/Flickr8K/Images/96985174_31d4c6f06d.jpg,backpack,0.4760262966156006,316.59259033203125,238.4884796142578,346.81549072265625,287.0049133300781,3
Flickr8K/96985174_31d4c6f06d.jpg,/content/Image_captioning_Local/Flickr8K/Images/96985174_31d4c6f06d.jpg,backpack,0.442531555891037,316.01287841796875,248.28663635253906,345.3573303222656,287.3564147949219,3
Flickr8K/970641406_9a20ee636a.jpg,/content/Image_captioning_Local/Flickr8K/Images/970641406_9a20ee636a.jpg,person,0.9129455089569092,181.9851531982422,86.62303924560547,228.78192138671875,136.2721405029297,11
Flickr8K/970641406_9a20ee636a.jpg,/content/Image_captioning_Local/Flickr8K/Images/970641406_9a20ee636a.jpg,person,0.8445557951927185,250.0941162109375,84.99728393554688,298.5806579589844,253.96078491210938,11
Flickr8K/970641406_9a20ee636a.jpg,/content/Image_captioning_Local/Flickr8K/Images/970641406_9a20ee636a.jpg,person,0.7583653926849365,216.7811737060547,108.2164306640625,253.31106567382812,249.005859375,11
Flickr8K/970641406_9a20ee636a.jpg,/content/Image_captioning_Local/Flickr8K/Images/970641406_9a20ee636a.jpg,person,0.7465989589691162,303.5260925292969,98.04750061035156,330.7608947753906,136.2996368408203,11
Flickr8K/970641406_9a20ee636a.jpg,/content/Image_captioning_Local/Flickr8K/Images/970641406_9a20ee636a.jpg,bench,0.5172209739685059,0.136643648147583,423.2106628417969,261.7021484375,497.9659729003906,11
Flickr8K/970641406_9a20ee636a.jpg,/content/Image_captioning_Local/Flickr8K/Images/970641406_9a20ee636a.jpg,person,0.351384699344635,300.0992736816406,98.03119659423828,330.5581359863281,205.01905822753906,11
Flickr8K/970641406_9a20ee636a.jpg,/content/Image_captioning_Local/Flickr8K/Images/970641406_9a20ee636a.jpg,handbag,0.32288438081741333,252.56072998046875,120.74413299560547,290.66754150390625,161.92201232910156,11
Flickr8K/970641406_9a20ee636a.jpg,/content/Image_captioning_Local/Flickr8K/Images/970641406_9a20ee636a.jpg,person,0.32018181681632996,299.7259521484375,97.91021728515625,332.10552978515625,250.33837890625,11
Flickr8K/970641406_9a20ee636a.jpg,/content/Image_captioning_Local/Flickr8K/Images/970641406_9a20ee636a.jpg,person,0.30283042788505554,217.00064086914062,108.44607543945312,252.5348358154297,189.8661346435547,11
Flickr8K/970641406_9a20ee636a.jpg,/content/Image_captioning_Local/Flickr8K/Images/970641406_9a20ee636a.jpg,person,0.2917789816856384,252.46307373046875,85.30644989013672,297.70977783203125,138.96484375,11
Flickr8K/970641406_9a20ee636a.jpg,/content/Image_captioning_Local/Flickr8K/Images/970641406_9a20ee636a.jpg,person,0.2610185444355011,304.3066711425781,97.56690216064453,332.1501770019531,215.37974548339844,11
Flickr8K/97105139_fae46fe8ef.jpg,/content/Image_captioning_Local/Flickr8K/Images/97105139_fae46fe8ef.jpg,person,0.9488841891288757,37.60507583618164,98.75719451904297,189.78773498535156,374.0847473144531,10
Flickr8K/97105139_fae46fe8ef.jpg,/content/Image_captioning_Local/Flickr8K/Images/97105139_fae46fe8ef.jpg,person,0.9261897206306458,117.07079315185547,78.33555603027344,241.74984741210938,363.3838806152344,10
Flickr8K/97105139_fae46fe8ef.jpg,/content/Image_captioning_Local/Flickr8K/Images/97105139_fae46fe8ef.jpg,car,0.7808791399002075,323.5204162597656,160.2607879638672,456.36004638671875,238.7110137939453,10
Flickr8K/97105139_fae46fe8ef.jpg,/content/Image_captioning_Local/Flickr8K/Images/97105139_fae46fe8ef.jpg,truck,0.5200186967849731,323.6512756347656,159.81289672851562,456.6195983886719,238.8375244140625,10
Flickr8K/97105139_fae46fe8ef.jpg,/content/Image_captioning_Local/Flickr8K/Images/97105139_fae46fe8ef.jpg,car,0.43115562200546265,-0.08944794535636902,159.97926330566406,84.44051361083984,320.4598388671875,10
Flickr8K/97105139_fae46fe8ef.jpg,/content/Image_captioning_Local/Flickr8K/Images/97105139_fae46fe8ef.jpg,car,0.42747724056243896,-0.1581050455570221,125.21624755859375,85.95381927490234,321.4989013671875,10
Flickr8K/97105139_fae46fe8ef.jpg,/content/Image_captioning_Local/Flickr8K/Images/97105139_fae46fe8ef.jpg,truck,0.4028898775577545,-0.2361796796321869,160.22425842285156,83.53370666503906,320.8751220703125,10
Flickr8K/97105139_fae46fe8ef.jpg,/content/Image_captioning_Local/Flickr8K/Images/97105139_fae46fe8ef.jpg,truck,0.30921414494514465,-0.1581050455570221,125.21624755859375,85.95381927490234,321.4989013671875,10
Flickr8K/97105139_fae46fe8ef.jpg,/content/Image_captioning_Local/Flickr8K/Images/97105139_fae46fe8ef.jpg,truck,0.28255927562713623,-0.46878308057785034,116.39035034179688,128.27391052246094,320.4070739746094,10
Flickr8K/97105139_fae46fe8ef.jpg,/content/Image_captioning_Local/Flickr8K/Images/97105139_fae46fe8ef.jpg,truck,0.26716259121894836,-0.08944794535636902,159.97926330566406,84.44051361083984,320.4598388671875,10
Flickr8K/972381743_5677b420ab.jpg,/content/Image_captioning_Local/Flickr8K/Images/972381743_5677b420ab.jpg,person,0.9407768249511719,77.21009063720703,67.06586456298828,252.112060546875,493.4383239746094,20
Flickr8K/972381743_5677b420ab.jpg,/content/Image_captioning_Local/Flickr8K/Images/972381743_5677b420ab.jpg,umbrella,0.9333502054214478,41.531375885009766,19.909420013427734,278.6586608886719,220.0576629638672,20
Flickr8K/972381743_5677b420ab.jpg,/content/Image_captioning_Local/Flickr8K/Images/972381743_5677b420ab.jpg,person,0.863351583480835,321.72265625,131.38934326171875,353.0290832519531,270.98388671875,20
Flickr8K/972381743_5677b420ab.jpg,/content/Image_captioning_Local/Flickr8K/Images/972381743_5677b420ab.jpg,person,0.7733245491981506,243.81057739257812,145.5647430419922,280.549072265625,253.79396057128906,20
Flickr8K/972381743_5677b420ab.jpg,/content/Image_captioning_Local/Flickr8K/Images/972381743_5677b420ab.jpg,person,0.7305378317832947,273.98150634765625,146.19210815429688,313.1465148925781,246.34158325195312,20
Flickr8K/972381743_5677b420ab.jpg,/content/Image_captioning_Local/Flickr8K/Images/972381743_5677b420ab.jpg,person,0.5776652097702026,290.4737548828125,38.785701751708984,331.85498046875,119.09038543701172,20
Flickr8K/972381743_5677b420ab.jpg,/content/Image_captioning_Local/Flickr8K/Images/972381743_5677b420ab.jpg,person,0.5712708234786987,5.8997721672058105,140.71551513671875,44.29526901245117,199.82809448242188,20
Flickr8K/972381743_5677b420ab.jpg,/content/Image_captioning_Local/Flickr8K/Images/972381743_5677b420ab.jpg,person,0.5086472630500793,-0.035647764801979065,83.06159210205078,40.48970413208008,177.3619842529297,20
Flickr8K/972381743_5677b420ab.jpg,/content/Image_captioning_Local/Flickr8K/Images/972381743_5677b420ab.jpg,person,0.36163824796676636,25.395063400268555,75.4852294921875,57.99985885620117,136.6705322265625,20
Flickr8K/972381743_5677b420ab.jpg,/content/Image_captioning_Local/Flickr8K/Images/972381743_5677b420ab.jpg,person,0.3540063202381134,50.99034881591797,63.09790802001953,76.82669067382812,123.09144592285156,20
Flickr8K/972381743_5677b420ab.jpg,/content/Image_captioning_Local/Flickr8K/Images/972381743_5677b420ab.jpg,person,0.32700315117836,167.9139404296875,-0.08211750537157059,192.37745666503906,28.880752563476562,20
Flickr8K/972381743_5677b420ab.jpg,/content/Image_captioning_Local/Flickr8K/Images/972381743_5677b420ab.jpg,person,0.32009443640708923,15.565535545349121,193.4224853515625,83.47859954833984,235.5537567138672,20
Flickr8K/972381743_5677b420ab.jpg,/content/Image_captioning_Local/Flickr8K/Images/972381743_5677b420ab.jpg,person,0.31164950132369995,307.9555969238281,80.03401184082031,352.4458923339844,141.90740966796875,20
Flickr8K/972381743_5677b420ab.jpg,/content/Image_captioning_Local/Flickr8K/Images/972381743_5677b420ab.jpg,person,0.3032924234867096,33.98939514160156,194.29478454589844,83.86225128173828,235.7869415283203,20
Flickr8K/972381743_5677b420ab.jpg,/content/Image_captioning_Local/Flickr8K/Images/972381743_5677b420ab.jpg,person,0.301485538482666,14.458514213562012,172.40139770507812,70.22283172607422,234.1237030029297,20
Flickr8K/972381743_5677b420ab.jpg,/content/Image_captioning_Local/Flickr8K/Images/972381743_5677b420ab.jpg,person,0.2973152995109558,307.548095703125,83.11131286621094,337.0405578613281,142.11068725585938,20
Flickr8K/972381743_5677b420ab.jpg,/content/Image_captioning_Local/Flickr8K/Images/972381743_5677b420ab.jpg,person,0.2882898449897766,13.62065315246582,168.1702117919922,57.597755432128906,233.3087615966797,20
Flickr8K/972381743_5677b420ab.jpg,/content/Image_captioning_Local/Flickr8K/Images/972381743_5677b420ab.jpg,person,0.2688945233821869,10.672870635986328,35.145198822021484,57.230438232421875,73.3862533569336,20
Flickr8K/972381743_5677b420ab.jpg,/content/Image_captioning_Local/Flickr8K/Images/972381743_5677b420ab.jpg,person,0.2613629102706909,305.2517395019531,125.43487548828125,329.0534973144531,198.34056091308594,20
Flickr8K/972381743_5677b420ab.jpg,/content/Image_captioning_Local/Flickr8K/Images/972381743_5677b420ab.jpg,person,0.2598617672920227,1.4765864610671997,141.02146911621094,53.58210372924805,229.0508270263672,20
Flickr8K/973827791_467d83986e.jpg,/content/Image_captioning_Local/Flickr8K/Images/973827791_467d83986e.jpg,person,0.9304649829864502,90.70293426513672,152.90313720703125,158.42318725585938,308.4841613769531,18
Flickr8K/973827791_467d83986e.jpg,/content/Image_captioning_Local/Flickr8K/Images/973827791_467d83986e.jpg,person,0.8632206916809082,85.4254150390625,299.1650085449219,171.42840576171875,360.4122314453125,18
Flickr8K/973827791_467d83986e.jpg,/content/Image_captioning_Local/Flickr8K/Images/973827791_467d83986e.jpg,boat,0.7739436030387878,0.19868195056915283,338.1943664550781,198.6256561279297,410.9012451171875,18
Flickr8K/973827791_467d83986e.jpg,/content/Image_captioning_Local/Flickr8K/Images/973827791_467d83986e.jpg,truck,0.738602340221405,147.14419555664062,175.512939453125,329.9868469238281,259.8072509765625,18
Flickr8K/973827791_467d83986e.jpg,/content/Image_captioning_Local/Flickr8K/Images/973827791_467d83986e.jpg,car,0.4544057250022888,212.318359375,165.81129455566406,313.75634765625,203.94277954101562,18
Flickr8K/973827791_467d83986e.jpg,/content/Image_captioning_Local/Flickr8K/Images/973827791_467d83986e.jpg,frisbee,0.44716349244117737,83.17813110351562,237.4725799560547,117.89743041992188,277.2652893066406,18
Flickr8K/973827791_467d83986e.jpg,/content/Image_captioning_Local/Flickr8K/Images/973827791_467d83986e.jpg,car,0.41242706775665283,147.14598083496094,176.13619995117188,328.6818542480469,259.6200256347656,18
Flickr8K/973827791_467d83986e.jpg,/content/Image_captioning_Local/Flickr8K/Images/973827791_467d83986e.jpg,car,0.4026407301425934,276.96612548828125,200.40965270996094,330.7463684082031,236.7440185546875,18
Flickr8K/973827791_467d83986e.jpg,/content/Image_captioning_Local/Flickr8K/Images/973827791_467d83986e.jpg,boat,0.37286415696144104,0.03597760945558548,309.9889221191406,62.68800735473633,370.54998779296875,18
Flickr8K/973827791_467d83986e.jpg,/content/Image_captioning_Local/Flickr8K/Images/973827791_467d83986e.jpg,sports ball,0.3567487299442291,83.17813110351562,237.4725799560547,117.89743041992188,277.2652893066406,18
Flickr8K/973827791_467d83986e.jpg,/content/Image_captioning_Local/Flickr8K/Images/973827791_467d83986e.jpg,boat,0.35576900839805603,0.04041123390197754,226.3340301513672,200.4073486328125,412.0041809082031,18
Flickr8K/973827791_467d83986e.jpg,/content/Image_captioning_Local/Flickr8K/Images/973827791_467d83986e.jpg,truck,0.3291892409324646,212.318359375,165.81129455566406,313.75634765625,203.94277954101562,18
Flickr8K/973827791_467d83986e.jpg,/content/Image_captioning_Local/Flickr8K/Images/973827791_467d83986e.jpg,truck,0.31788164377212524,147.3334503173828,178.27955627441406,272.4617919921875,257.88348388671875,18
Flickr8K/973827791_467d83986e.jpg,/content/Image_captioning_Local/Flickr8K/Images/973827791_467d83986e.jpg,boat,0.30403903126716614,-0.16058304905891418,306.81024169921875,198.40582275390625,411.0769348144531,18
Flickr8K/973827791_467d83986e.jpg,/content/Image_captioning_Local/Flickr8K/Images/973827791_467d83986e.jpg,car,0.28629758954048157,277.6376953125,200.6090087890625,329.2623596191406,225.1942901611328,18
Flickr8K/973827791_467d83986e.jpg,/content/Image_captioning_Local/Flickr8K/Images/973827791_467d83986e.jpg,bench,0.2810375988483429,37.04623031616211,234.0096893310547,119.87504577636719,311.717041015625,18
Flickr8K/973827791_467d83986e.jpg,/content/Image_captioning_Local/Flickr8K/Images/973827791_467d83986e.jpg,car,0.2567196190357208,147.3334503173828,178.27955627441406,272.4617919921875,257.88348388671875,18
Flickr8K/973827791_467d83986e.jpg,/content/Image_captioning_Local/Flickr8K/Images/973827791_467d83986e.jpg,boat,0.25452473759651184,150.5453338623047,255.60992431640625,202.79318237304688,324.2720947265625,18
Flickr8K/97406261_5eea044056.jpg,/content/Image_captioning_Local/Flickr8K/Images/97406261_5eea044056.jpg,dog,0.9665471911430359,0.3864765167236328,-0.24728849530220032,274.0033264160156,209.3316650390625,6
Flickr8K/97406261_5eea044056.jpg,/content/Image_captioning_Local/Flickr8K/Images/97406261_5eea044056.jpg,cat,0.939108669757843,203.58396911621094,49.188819885253906,433.33941650390625,351.52740478515625,6
Flickr8K/97406261_5eea044056.jpg,/content/Image_captioning_Local/Flickr8K/Images/97406261_5eea044056.jpg,couch,0.8373638391494751,62.27292251586914,56.57598114013672,499.9349670410156,373.07086181640625,6
Flickr8K/97406261_5eea044056.jpg,/content/Image_captioning_Local/Flickr8K/Images/97406261_5eea044056.jpg,chair,0.42412805557250977,61.4104118347168,57.099884033203125,500.4970397949219,374.5885925292969,6
Flickr8K/97406261_5eea044056.jpg,/content/Image_captioning_Local/Flickr8K/Images/97406261_5eea044056.jpg,couch,0.3782042860984802,321.0674133300781,-0.0627860426902771,447.69921875,75.61661529541016,6
Flickr8K/97406261_5eea044056.jpg,/content/Image_captioning_Local/Flickr8K/Images/97406261_5eea044056.jpg,chair,0.27824530005455017,61.570213317871094,57.87818145751953,500.4570007324219,373.5627746582031,6
Flickr8K/974924582_10bed89b8d.jpg,/content/Image_captioning_Local/Flickr8K/Images/974924582_10bed89b8d.jpg,person,0.9335306286811829,42.89196014404297,154.35581970214844,111.08585357666016,321.0673828125,10
Flickr8K/974924582_10bed89b8d.jpg,/content/Image_captioning_Local/Flickr8K/Images/974924582_10bed89b8d.jpg,person,0.9254788756370544,242.3081817626953,228.9513702392578,279.04595947265625,294.3634033203125,10
Flickr8K/974924582_10bed89b8d.jpg,/content/Image_captioning_Local/Flickr8K/Images/974924582_10bed89b8d.jpg,truck,0.6252537369728088,89.31851196289062,183.33267211914062,225.7532958984375,235.75453186035156,10
Flickr8K/974924582_10bed89b8d.jpg,/content/Image_captioning_Local/Flickr8K/Images/974924582_10bed89b8d.jpg,truck,0.5086449384689331,35.713558197021484,180.66796875,225.55455017089844,239.6956024169922,10
Flickr8K/974924582_10bed89b8d.jpg,/content/Image_captioning_Local/Flickr8K/Images/974924582_10bed89b8d.jpg,car,0.44437307119369507,89.79119873046875,181.37557983398438,225.67877197265625,235.82522583007812,10
Flickr8K/974924582_10bed89b8d.jpg,/content/Image_captioning_Local/Flickr8K/Images/974924582_10bed89b8d.jpg,car,0.3642042875289917,35.713558197021484,180.66796875,225.55455017089844,239.6956024169922,10
Flickr8K/974924582_10bed89b8d.jpg,/content/Image_captioning_Local/Flickr8K/Images/974924582_10bed89b8d.jpg,car,0.31564584374427795,37.1635627746582,212.1989288330078,55.442867279052734,237.33543395996094,10
Flickr8K/974924582_10bed89b8d.jpg,/content/Image_captioning_Local/Flickr8K/Images/974924582_10bed89b8d.jpg,car,0.31113776564598083,129.19100952148438,181.0732421875,211.44305419921875,213.01278686523438,10
Flickr8K/974924582_10bed89b8d.jpg,/content/Image_captioning_Local/Flickr8K/Images/974924582_10bed89b8d.jpg,car,0.30990225076675415,91.88472747802734,180.99351501464844,211.78091430664062,214.32371520996094,10
Flickr8K/974924582_10bed89b8d.jpg,/content/Image_captioning_Local/Flickr8K/Images/974924582_10bed89b8d.jpg,bench,0.27954164147377014,-0.10634992271661758,237.63206481933594,53.76544952392578,302.21368408203125,10
Flickr8K/975131015_9acd25db9c.jpg,/content/Image_captioning_Local/Flickr8K/Images/975131015_9acd25db9c.jpg,person,0.9462102651596069,164.4341278076172,19.998092651367188,301.81732177734375,259.1346130371094,3
Flickr8K/975131015_9acd25db9c.jpg,/content/Image_captioning_Local/Flickr8K/Images/975131015_9acd25db9c.jpg,person,0.9162105917930603,0.20288676023483276,-0.21201011538505554,84.22455596923828,332.7626953125,3
Flickr8K/975131015_9acd25db9c.jpg,/content/Image_captioning_Local/Flickr8K/Images/975131015_9acd25db9c.jpg,zebra,0.9047746062278748,100.3794937133789,220.9111785888672,499.49969482421875,332.7852478027344,3
Flickr8K/97577988_65e2eae14a.jpg,/content/Image_captioning_Local/Flickr8K/Images/97577988_65e2eae14a.jpg,person,0.8634529709815979,108.08818054199219,316.2785339355469,160.44125366210938,415.43914794921875,3
Flickr8K/97577988_65e2eae14a.jpg,/content/Image_captioning_Local/Flickr8K/Images/97577988_65e2eae14a.jpg,skis,0.3947790265083313,103.07328796386719,387.89007568359375,161.64268493652344,422.5819396972656,3
Flickr8K/97577988_65e2eae14a.jpg,/content/Image_captioning_Local/Flickr8K/Images/97577988_65e2eae14a.jpg,skis,0.36306190490722656,118.20062255859375,411.0415344238281,161.74253845214844,424.00457763671875,3
Flickr8K/976392326_082dafc3c5.jpg,/content/Image_captioning_Local/Flickr8K/Images/976392326_082dafc3c5.jpg,person,0.9241642355918884,201.00189208984375,226.71429443359375,242.95556640625,290.46099853515625,2
Flickr8K/976392326_082dafc3c5.jpg,/content/Image_captioning_Local/Flickr8K/Images/976392326_082dafc3c5.jpg,person,0.8913777470588684,232.96250915527344,236.0023956298828,260.6748046875,288.5350341796875,2
Flickr8K/97731718_eb7ba71fd3.jpg,/content/Image_captioning_Local/Flickr8K/Images/97731718_eb7ba71fd3.jpg,horse,0.9001437425613403,39.35155487060547,91.58363342285156,194.40505981445312,469.7966003417969,11
Flickr8K/97731718_eb7ba71fd3.jpg,/content/Image_captioning_Local/Flickr8K/Images/97731718_eb7ba71fd3.jpg,person,0.8838917016983032,141.95521545410156,46.569210052490234,209.85858154296875,149.9946746826172,11
Flickr8K/97731718_eb7ba71fd3.jpg,/content/Image_captioning_Local/Flickr8K/Images/97731718_eb7ba71fd3.jpg,horse,0.8730536103248596,279.3970031738281,77.1201171875,410.1462097167969,442.5155944824219,11
Flickr8K/97731718_eb7ba71fd3.jpg,/content/Image_captioning_Local/Flickr8K/Images/97731718_eb7ba71fd3.jpg,car,0.7403789758682251,-0.0803145170211792,189.81793212890625,47.30219650268555,268.84375,11
Flickr8K/97731718_eb7ba71fd3.jpg,/content/Image_captioning_Local/Flickr8K/Images/97731718_eb7ba71fd3.jpg,person,0.6301986575126648,192.27232360839844,87.40431213378906,228.16351318359375,150.13467407226562,11
Flickr8K/97731718_eb7ba71fd3.jpg,/content/Image_captioning_Local/Flickr8K/Images/97731718_eb7ba71fd3.jpg,person,0.5891609787940979,227.6103515625,48.71450424194336,320.3215026855469,175.66819763183594,11
Flickr8K/97731718_eb7ba71fd3.jpg,/content/Image_captioning_Local/Flickr8K/Images/97731718_eb7ba71fd3.jpg,person,0.466108500957489,101.36602020263672,92.30762481689453,137.17233276367188,138.906982421875,11
Flickr8K/97731718_eb7ba71fd3.jpg,/content/Image_captioning_Local/Flickr8K/Images/97731718_eb7ba71fd3.jpg,person,0.44345730543136597,226.65870666503906,48.117515563964844,319.84307861328125,241.364501953125,11
Flickr8K/97731718_eb7ba71fd3.jpg,/content/Image_captioning_Local/Flickr8K/Images/97731718_eb7ba71fd3.jpg,person,0.3666800856590271,226.81578063964844,48.24283981323242,320.2144775390625,365.15411376953125,11
Flickr8K/97731718_eb7ba71fd3.jpg,/content/Image_captioning_Local/Flickr8K/Images/97731718_eb7ba71fd3.jpg,person,0.29513269662857056,191.84999084472656,87.3185806274414,229.90219116210938,171.33921813964844,11
Flickr8K/97731718_eb7ba71fd3.jpg,/content/Image_captioning_Local/Flickr8K/Images/97731718_eb7ba71fd3.jpg,person,0.2794688642024994,101.3401107788086,92.1982192993164,165.55906677246094,189.1234130859375,11
Flickr8K/977856234_0d9caee7b2.jpg,/content/Image_captioning_Local/Flickr8K/Images/977856234_0d9caee7b2.jpg,dog,0.9639413356781006,33.446075439453125,33.617652893066406,439.13226318359375,225.45838928222656,1
Flickr8K/978580450_e862715aba.jpg,/content/Image_captioning_Local/Flickr8K/Images/978580450_e862715aba.jpg,person,0.9255681037902832,-0.05034533143043518,99.14433288574219,293.8302917480469,327.8809509277344,3
Flickr8K/978580450_e862715aba.jpg,/content/Image_captioning_Local/Flickr8K/Images/978580450_e862715aba.jpg,surfboard,0.3548605442047119,-0.3044339418411255,285.37066650390625,332.6852722167969,338.5232238769531,3
Flickr8K/978580450_e862715aba.jpg,/content/Image_captioning_Local/Flickr8K/Images/978580450_e862715aba.jpg,surfboard,0.3160778880119324,0.04011350870132446,274.32421875,332.366455078125,338.8793029785156,3
Flickr8K/979201222_75b6456d34.jpg,/content/Image_captioning_Local/Flickr8K/Images/979201222_75b6456d34.jpg,person,0.9422388076782227,112.47696685791016,189.3838653564453,184.26077270507812,476.6883239746094,24
Flickr8K/979201222_75b6456d34.jpg,/content/Image_captioning_Local/Flickr8K/Images/979201222_75b6456d34.jpg,person,0.9357534646987915,15.642805099487305,206.42306518554688,120.44542694091797,478.2037048339844,24
Flickr8K/979201222_75b6456d34.jpg,/content/Image_captioning_Local/Flickr8K/Images/979201222_75b6456d34.jpg,person,0.9209413528442383,18.989063262939453,184.85484313964844,72.82414245605469,333.77618408203125,24
Flickr8K/979201222_75b6456d34.jpg,/content/Image_captioning_Local/Flickr8K/Images/979201222_75b6456d34.jpg,person,0.821364164352417,210.90628051757812,183.22518920898438,278.7936096191406,237.57386779785156,24
Flickr8K/979201222_75b6456d34.jpg,/content/Image_captioning_Local/Flickr8K/Images/979201222_75b6456d34.jpg,car,0.8136407136917114,196.49383544921875,212.6171875,296.93975830078125,314.7732238769531,24
Flickr8K/979201222_75b6456d34.jpg,/content/Image_captioning_Local/Flickr8K/Images/979201222_75b6456d34.jpg,car,0.7827121615409851,1.9092751741409302,192.08291625976562,22.51344108581543,212.8596954345703,24
Flickr8K/979201222_75b6456d34.jpg,/content/Image_captioning_Local/Flickr8K/Images/979201222_75b6456d34.jpg,person,0.7671272158622742,184.24093627929688,189.42579650878906,197.87705993652344,221.46743774414062,24
Flickr8K/979201222_75b6456d34.jpg,/content/Image_captioning_Local/Flickr8K/Images/979201222_75b6456d34.jpg,person,0.6668767333030701,194.9678955078125,192.45924377441406,205.57406616210938,239.97463989257812,24
Flickr8K/979201222_75b6456d34.jpg,/content/Image_captioning_Local/Flickr8K/Images/979201222_75b6456d34.jpg,person,0.6462942361831665,107.36760711669922,185.90003967285156,128.51708984375,243.383056640625,24
Flickr8K/979201222_75b6456d34.jpg,/content/Image_captioning_Local/Flickr8K/Images/979201222_75b6456d34.jpg,person,0.5423330068588257,99.30464935302734,194.96060180664062,114.69098663330078,222.7042694091797,24
Flickr8K/979201222_75b6456d34.jpg,/content/Image_captioning_Local/Flickr8K/Images/979201222_75b6456d34.jpg,car,0.519818127155304,27.709056854248047,199.50308227539062,39.534908294677734,211.73931884765625,24
Flickr8K/979201222_75b6456d34.jpg,/content/Image_captioning_Local/Flickr8K/Images/979201222_75b6456d34.jpg,handbag,0.4490487575531006,163.58680725097656,207.73399353027344,172.9387664794922,236.7713165283203,24
Flickr8K/979201222_75b6456d34.jpg,/content/Image_captioning_Local/Flickr8K/Images/979201222_75b6456d34.jpg,person,0.4175008237361908,0.20649118721485138,198.51101684570312,7.630823612213135,219.67344665527344,24
Flickr8K/979201222_75b6456d34.jpg,/content/Image_captioning_Local/Flickr8K/Images/979201222_75b6456d34.jpg,handbag,0.40499788522720337,163.8841552734375,206.70216369628906,186.10093688964844,267.4897766113281,24
Flickr8K/979201222_75b6456d34.jpg,/content/Image_captioning_Local/Flickr8K/Images/979201222_75b6456d34.jpg,person,0.3702956438064575,152.24404907226562,191.4433135986328,180.054931640625,245.7250213623047,24
Flickr8K/979201222_75b6456d34.jpg,/content/Image_captioning_Local/Flickr8K/Images/979201222_75b6456d34.jpg,person,0.35715818405151367,112.30294036865234,186.0146484375,127.92359161376953,213.87806701660156,24
Flickr8K/979201222_75b6456d34.jpg,/content/Image_captioning_Local/Flickr8K/Images/979201222_75b6456d34.jpg,truck,0.3545910716056824,196.52691650390625,211.95626831054688,297.1127624511719,315.2453918457031,24
Flickr8K/979201222_75b6456d34.jpg,/content/Image_captioning_Local/Flickr8K/Images/979201222_75b6456d34.jpg,handbag,0.3502848446369171,60.10309982299805,252.0391387939453,116.85176086425781,332.5619812011719,24
Flickr8K/979201222_75b6456d34.jpg,/content/Image_captioning_Local/Flickr8K/Images/979201222_75b6456d34.jpg,person,0.33681997656822205,164.0363006591797,191.76956176757812,177.65542602539062,216.96005249023438,24
Flickr8K/979201222_75b6456d34.jpg,/content/Image_captioning_Local/Flickr8K/Images/979201222_75b6456d34.jpg,person,0.3313116431236267,151.27639770507812,190.64181518554688,177.48443603515625,241.1227264404297,24
Flickr8K/979201222_75b6456d34.jpg,/content/Image_captioning_Local/Flickr8K/Images/979201222_75b6456d34.jpg,person,0.3301747143268585,149.54656982421875,190.00392150878906,173.90365600585938,237.72470092773438,24
Flickr8K/979201222_75b6456d34.jpg,/content/Image_captioning_Local/Flickr8K/Images/979201222_75b6456d34.jpg,person,0.31983354687690735,162.85142517089844,192.07363891601562,185.08392333984375,256.73956298828125,24
Flickr8K/979201222_75b6456d34.jpg,/content/Image_captioning_Local/Flickr8K/Images/979201222_75b6456d34.jpg,person,0.30810117721557617,173.11338806152344,207.87045288085938,198.78799438476562,292.78228759765625,24
Flickr8K/979201222_75b6456d34.jpg,/content/Image_captioning_Local/Flickr8K/Images/979201222_75b6456d34.jpg,person,0.267219215631485,173.07383728027344,206.96109008789062,195.52740478515625,253.58316040039062,24
Flickr8K/979383193_0a542a059d.jpg,/content/Image_captioning_Local/Flickr8K/Images/979383193_0a542a059d.jpg,bench,0.9240509867668152,-0.4369020462036133,176.2975616455078,499.5566711425781,344.63433837890625,18
Flickr8K/979383193_0a542a059d.jpg,/content/Image_captioning_Local/Flickr8K/Images/979383193_0a542a059d.jpg,person,0.9170778393745422,305.78167724609375,60.800689697265625,395.43109130859375,191.296875,18
Flickr8K/979383193_0a542a059d.jpg,/content/Image_captioning_Local/Flickr8K/Images/979383193_0a542a059d.jpg,person,0.8831162452697754,394.4703369140625,39.58897018432617,482.1308898925781,189.2621307373047,18
Flickr8K/979383193_0a542a059d.jpg,/content/Image_captioning_Local/Flickr8K/Images/979383193_0a542a059d.jpg,person,0.7328569293022156,159.38430786132812,57.20029067993164,238.03707885742188,193.39381408691406,18
Flickr8K/979383193_0a542a059d.jpg,/content/Image_captioning_Local/Flickr8K/Images/979383193_0a542a059d.jpg,person,0.7203394770622253,226.5553741455078,63.45758056640625,320.1248474121094,185.82772827148438,18
Flickr8K/979383193_0a542a059d.jpg,/content/Image_captioning_Local/Flickr8K/Images/979383193_0a542a059d.jpg,person,0.6468162536621094,0.5053132772445679,60.18201446533203,109.42729187011719,195.9895782470703,18
Flickr8K/979383193_0a542a059d.jpg,/content/Image_captioning_Local/Flickr8K/Images/979383193_0a542a059d.jpg,person,0.5740704536437988,95.75465393066406,72.64739227294922,171.6098175048828,344.4153747558594,18
Flickr8K/979383193_0a542a059d.jpg,/content/Image_captioning_Local/Flickr8K/Images/979383193_0a542a059d.jpg,person,0.5507570505142212,95.93820190429688,72.62017059326172,164.62060546875,203.9303741455078,18
Flickr8K/979383193_0a542a059d.jpg,/content/Image_captioning_Local/Flickr8K/Images/979383193_0a542a059d.jpg,person,0.5192567110061646,312.2998962402344,244.84393310546875,394.91986083984375,344.99188232421875,18
Flickr8K/979383193_0a542a059d.jpg,/content/Image_captioning_Local/Flickr8K/Images/979383193_0a542a059d.jpg,person,0.4996008574962616,2.2144391536712646,59.64906692504883,116.84437561035156,333.87847900390625,18
Flickr8K/979383193_0a542a059d.jpg,/content/Image_captioning_Local/Flickr8K/Images/979383193_0a542a059d.jpg,person,0.47300684452056885,159.74969482421875,57.15369415283203,244.8373260498047,344.23614501953125,18
Flickr8K/979383193_0a542a059d.jpg,/content/Image_captioning_Local/Flickr8K/Images/979383193_0a542a059d.jpg,person,0.4683433473110199,228.2704315185547,63.391334533691406,321.50714111328125,344.6277160644531,18
Flickr8K/979383193_0a542a059d.jpg,/content/Image_captioning_Local/Flickr8K/Images/979383193_0a542a059d.jpg,person,0.3901529014110565,392.0683288574219,39.03050994873047,485.6119079589844,344.5369567871094,18
Flickr8K/979383193_0a542a059d.jpg,/content/Image_captioning_Local/Flickr8K/Images/979383193_0a542a059d.jpg,person,0.3242168128490448,386.2779235839844,244.38052368164062,484.5036315917969,344.9097595214844,18
Flickr8K/979383193_0a542a059d.jpg,/content/Image_captioning_Local/Flickr8K/Images/979383193_0a542a059d.jpg,person,0.2909960448741913,15.006877899169922,73.02696990966797,169.1532440185547,341.5175476074219,18
Flickr8K/979383193_0a542a059d.jpg,/content/Image_captioning_Local/Flickr8K/Images/979383193_0a542a059d.jpg,person,0.28498026728630066,165.17605590820312,242.9884033203125,246.62535095214844,344.61773681640625,18
Flickr8K/979383193_0a542a059d.jpg,/content/Image_captioning_Local/Flickr8K/Images/979383193_0a542a059d.jpg,person,0.26931264996528625,165.19549560546875,243.5791473388672,318.978515625,344.492431640625,18
Flickr8K/979383193_0a542a059d.jpg,/content/Image_captioning_Local/Flickr8K/Images/979383193_0a542a059d.jpg,person,0.25791817903518677,312.3335876464844,244.42469787597656,484.0249328613281,344.81036376953125,18
Flickr8K/98377566_e4674d1ebd.jpg,/content/Image_captioning_Local/Flickr8K/Images/98377566_e4674d1ebd.jpg,dog,0.9398986101150513,252.11080932617188,122.41348266601562,408.8518371582031,432.1520080566406,2
Flickr8K/98377566_e4674d1ebd.jpg,/content/Image_captioning_Local/Flickr8K/Images/98377566_e4674d1ebd.jpg,dog,0.9317284822463989,80.91464233398438,145.30250549316406,220.50112915039062,483.0044860839844,2
Flickr8K/985067019_705fe4a4cc.jpg,/content/Image_captioning_Local/Flickr8K/Images/985067019_705fe4a4cc.jpg,person,0.9555518627166748,-0.27926623821258545,128.1078643798828,288.787109375,500.0038146972656,5
Flickr8K/985067019_705fe4a4cc.jpg,/content/Image_captioning_Local/Flickr8K/Images/985067019_705fe4a4cc.jpg,surfboard,0.5731140971183777,57.42376708984375,-0.08051097393035889,332.8460998535156,499.8724365234375,5
Flickr8K/985067019_705fe4a4cc.jpg,/content/Image_captioning_Local/Flickr8K/Images/985067019_705fe4a4cc.jpg,surfboard,0.46620818972587585,-0.058026641607284546,-0.16792118549346924,332.7425537109375,499.7976989746094,5
Flickr8K/985067019_705fe4a4cc.jpg,/content/Image_captioning_Local/Flickr8K/Images/985067019_705fe4a4cc.jpg,surfboard,0.33907705545425415,182.0344696044922,-0.19773095846176147,332.7483215332031,230.23077392578125,5
Flickr8K/985067019_705fe4a4cc.jpg,/content/Image_captioning_Local/Flickr8K/Images/985067019_705fe4a4cc.jpg,surfboard,0.2685929238796234,60.07212448120117,0.5708485841751099,332.8258056640625,224.6061553955078,5
Flickr8K/987907964_5a06a63609.jpg,/content/Image_captioning_Local/Flickr8K/Images/987907964_5a06a63609.jpg,dog,0.946632981300354,226.12330627441406,151.3370819091797,337.4551696777344,245.6844482421875,5
Flickr8K/987907964_5a06a63609.jpg,/content/Image_captioning_Local/Flickr8K/Images/987907964_5a06a63609.jpg,dog,0.9216225147247314,162.73928833007812,128.38156127929688,202.91639709472656,177.54449462890625,5
Flickr8K/987907964_5a06a63609.jpg,/content/Image_captioning_Local/Flickr8K/Images/987907964_5a06a63609.jpg,bench,0.48784613609313965,263.3660888671875,106.70448303222656,302.6815185546875,128.91302490234375,5
Flickr8K/987907964_5a06a63609.jpg,/content/Image_captioning_Local/Flickr8K/Images/987907964_5a06a63609.jpg,bench,0.42673274874687195,228.25633239746094,112.60863494873047,276.8197021484375,128.51889038085938,5
Flickr8K/987907964_5a06a63609.jpg,/content/Image_captioning_Local/Flickr8K/Images/987907964_5a06a63609.jpg,bench,0.3250969648361206,228.2223663330078,106.87384033203125,302.7449951171875,128.8914794921875,5
Flickr8K/989754491_7e53fb4586.jpg,/content/Image_captioning_Local/Flickr8K/Images/989754491_7e53fb4586.jpg,person,0.9032400250434875,355.60345458984375,12.508855819702148,500.00555419921875,147.07318115234375,10
Flickr8K/989754491_7e53fb4586.jpg,/content/Image_captioning_Local/Flickr8K/Images/989754491_7e53fb4586.jpg,person,0.8504448533058167,3.2206625938415527,29.393199920654297,75.8603515625,136.25523376464844,10
Flickr8K/989754491_7e53fb4586.jpg,/content/Image_captioning_Local/Flickr8K/Images/989754491_7e53fb4586.jpg,person,0.7907431125640869,244.752685546875,-0.2649463713169098,327.90948486328125,124.12081146240234,10
Flickr8K/989754491_7e53fb4586.jpg,/content/Image_captioning_Local/Flickr8K/Images/989754491_7e53fb4586.jpg,person,0.7333073616027832,121.38333892822266,94.10924530029297,376.38433837890625,218.29917907714844,10
Flickr8K/989754491_7e53fb4586.jpg,/content/Image_captioning_Local/Flickr8K/Images/989754491_7e53fb4586.jpg,surfboard,0.42760807275772095,0.011563301086425781,62.154212951660156,500.0065612792969,214.11663818359375,10
Flickr8K/989754491_7e53fb4586.jpg,/content/Image_captioning_Local/Flickr8K/Images/989754491_7e53fb4586.jpg,person,0.37809038162231445,121.97566986083984,94.0594711303711,305.59381103515625,214.05029296875,10
Flickr8K/989754491_7e53fb4586.jpg,/content/Image_captioning_Local/Flickr8K/Images/989754491_7e53fb4586.jpg,surfboard,0.32947099208831787,285.9024963378906,107.40575408935547,499.76080322265625,215.76341247558594,10
Flickr8K/989754491_7e53fb4586.jpg,/content/Image_captioning_Local/Flickr8K/Images/989754491_7e53fb4586.jpg,surfboard,0.2970418334007263,0.4286468029022217,58.50238800048828,500.4236755371094,373.99188232421875,10
Flickr8K/989754491_7e53fb4586.jpg,/content/Image_captioning_Local/Flickr8K/Images/989754491_7e53fb4586.jpg,surfboard,0.2650640904903412,0.04032254219055176,59.63292694091797,380.6960144042969,217.4956817626953,10
Flickr8K/989754491_7e53fb4586.jpg,/content/Image_captioning_Local/Flickr8K/Images/989754491_7e53fb4586.jpg,surfboard,0.25999128818511963,-0.593043863773346,61.390628814697266,196.92054748535156,210.9698944091797,10
Flickr8K/989851184_9ef368e520.jpg,/content/Image_captioning_Local/Flickr8K/Images/989851184_9ef368e520.jpg,person,0.9679228663444519,323.98712158203125,-0.26749616861343384,499.9921875,332.6015930175781,3
Flickr8K/989851184_9ef368e520.jpg,/content/Image_captioning_Local/Flickr8K/Images/989851184_9ef368e520.jpg,dog,0.9411876797676086,57.0264892578125,55.337013244628906,316.6166687011719,332.8543701171875,3
Flickr8K/989851184_9ef368e520.jpg,/content/Image_captioning_Local/Flickr8K/Images/989851184_9ef368e520.jpg,bottle,0.743545413017273,172.54129028320312,104.77310180664062,321.95538330078125,174.46109008789062,3
Flickr8K/990890291_afc72be141.jpg,/content/Image_captioning_Local/Flickr8K/Images/990890291_afc72be141.jpg,bicycle,0.9627909660339355,86.50971984863281,154.03570556640625,379.09979248046875,367.9593811035156,7
Flickr8K/990890291_afc72be141.jpg,/content/Image_captioning_Local/Flickr8K/Images/990890291_afc72be141.jpg,person,0.955028235912323,169.6116943359375,27.045551300048828,337.3175964355469,266.4973449707031,7
Flickr8K/990890291_afc72be141.jpg,/content/Image_captioning_Local/Flickr8K/Images/990890291_afc72be141.jpg,person,0.8584493398666382,76.47132110595703,32.764617919921875,99.74604034423828,92.83027648925781,7
Flickr8K/990890291_afc72be141.jpg,/content/Image_captioning_Local/Flickr8K/Images/990890291_afc72be141.jpg,person,0.8554564118385315,102.36564636230469,44.567256927490234,122.23686218261719,86.96862030029297,7
Flickr8K/990890291_afc72be141.jpg,/content/Image_captioning_Local/Flickr8K/Images/990890291_afc72be141.jpg,bench,0.578181266784668,69.79206085205078,60.56016540527344,131.75387573242188,84.99678802490234,7
Flickr8K/990890291_afc72be141.jpg,/content/Image_captioning_Local/Flickr8K/Images/990890291_afc72be141.jpg,bench,0.368512898683548,69.40209197998047,61.77635192871094,105.5382080078125,87.81129455566406,7
Flickr8K/990890291_afc72be141.jpg,/content/Image_captioning_Local/Flickr8K/Images/990890291_afc72be141.jpg,person,0.2980920374393463,-0.011336058378219604,43.11140060424805,5.874352931976318,105.35858154296875,7
Flickr8K/99171998_7cc800ceef.jpg,/content/Image_captioning_Local/Flickr8K/Images/99171998_7cc800ceef.jpg,person,0.8960936069488525,373.23101806640625,200.6545867919922,439.1490478515625,298.66802978515625,16
Flickr8K/99171998_7cc800ceef.jpg,/content/Image_captioning_Local/Flickr8K/Images/99171998_7cc800ceef.jpg,person,0.8890325427055359,80.17945098876953,200.4531707763672,152.8621368408203,302.35919189453125,16
Flickr8K/99171998_7cc800ceef.jpg,/content/Image_captioning_Local/Flickr8K/Images/99171998_7cc800ceef.jpg,person,0.8799504637718201,280.65057373046875,216.2232666015625,378.1250915527344,305.6124267578125,16
Flickr8K/99171998_7cc800ceef.jpg,/content/Image_captioning_Local/Flickr8K/Images/99171998_7cc800ceef.jpg,backpack,0.870140790939331,310.2523193359375,242.35269165039062,360.6654968261719,302.97869873046875,16
Flickr8K/99171998_7cc800ceef.jpg,/content/Image_captioning_Local/Flickr8K/Images/99171998_7cc800ceef.jpg,person,0.8562654256820679,204.11988830566406,228.16224670410156,282.55096435546875,327.523681640625,16
Flickr8K/99171998_7cc800ceef.jpg,/content/Image_captioning_Local/Flickr8K/Images/99171998_7cc800ceef.jpg,person,0.8083073496818542,147.06024169921875,236.04534912109375,211.6691131591797,307.7973327636719,16
Flickr8K/99171998_7cc800ceef.jpg,/content/Image_captioning_Local/Flickr8K/Images/99171998_7cc800ceef.jpg,backpack,0.5819686651229858,255.06362915039062,252.62693786621094,283.8153991699219,310.41839599609375,16
Flickr8K/99171998_7cc800ceef.jpg,/content/Image_captioning_Local/Flickr8K/Images/99171998_7cc800ceef.jpg,backpack,0.5104320645332336,151.8189239501953,260.790771484375,204.98684692382812,306.00677490234375,16
Flickr8K/99171998_7cc800ceef.jpg,/content/Image_captioning_Local/Flickr8K/Images/99171998_7cc800ceef.jpg,bench,0.455400675535202,83.18596649169922,261.94598388671875,131.65237426757812,307.88812255859375,16
Flickr8K/99171998_7cc800ceef.jpg,/content/Image_captioning_Local/Flickr8K/Images/99171998_7cc800ceef.jpg,chair,0.34116119146347046,83.18596649169922,261.94598388671875,131.65237426757812,307.88812255859375,16
Flickr8K/99171998_7cc800ceef.jpg,/content/Image_captioning_Local/Flickr8K/Images/99171998_7cc800ceef.jpg,snowboard,0.33624979853630066,321.905517578125,290.59893798828125,372.88330078125,312.6165771484375,16
Flickr8K/99171998_7cc800ceef.jpg,/content/Image_captioning_Local/Flickr8K/Images/99171998_7cc800ceef.jpg,bench,0.33167707920074463,141.90524291992188,294.53936767578125,206.08551025390625,319.3356628417969,16
Flickr8K/99171998_7cc800ceef.jpg,/content/Image_captioning_Local/Flickr8K/Images/99171998_7cc800ceef.jpg,backpack,0.3048250079154968,255.11447143554688,252.482421875,283.3603210449219,324.0242614746094,16
Flickr8K/99171998_7cc800ceef.jpg,/content/Image_captioning_Local/Flickr8K/Images/99171998_7cc800ceef.jpg,skis,0.26630035042762756,182.3501739501953,145.42506408691406,213.7274627685547,254.6901397705078,16
Flickr8K/99171998_7cc800ceef.jpg,/content/Image_captioning_Local/Flickr8K/Images/99171998_7cc800ceef.jpg,snowboard,0.2613650858402252,141.90524291992188,294.53936767578125,206.08551025390625,319.3356628417969,16
Flickr8K/99171998_7cc800ceef.jpg,/content/Image_captioning_Local/Flickr8K/Images/99171998_7cc800ceef.jpg,snowboard,0.25586292147636414,293.7945251464844,288.0312194824219,374.310791015625,312.6942443847656,16
Flickr8K/99679241_adc853a5c0.jpg,/content/Image_captioning_Local/Flickr8K/Images/99679241_adc853a5c0.jpg,bird,0.9664014577865601,97.11615753173828,57.731754302978516,253.2098846435547,302.640625,1
Flickr8K/997338199_7343367d7f.jpg,/content/Image_captioning_Local/Flickr8K/Images/997338199_7343367d7f.jpg,person,0.87350994348526,62.399078369140625,194.6176300048828,143.48544311523438,398.9092102050781,7
Flickr8K/997338199_7343367d7f.jpg,/content/Image_captioning_Local/Flickr8K/Images/997338199_7343367d7f.jpg,cell phone,0.5558860301971436,126.67271423339844,271.7982482910156,137.75978088378906,285.2308654785156,7
Flickr8K/997338199_7343367d7f.jpg,/content/Image_captioning_Local/Flickr8K/Images/997338199_7343367d7f.jpg,handbag,0.5007518529891968,102.11922454833984,353.4819641113281,173.25250244140625,400.02447509765625,7
Flickr8K/997338199_7343367d7f.jpg,/content/Image_captioning_Local/Flickr8K/Images/997338199_7343367d7f.jpg,cell phone,0.48431169986724854,126.71996307373047,271.8587951660156,141.57785034179688,297.11846923828125,7
Flickr8K/997338199_7343367d7f.jpg,/content/Image_captioning_Local/Flickr8K/Images/997338199_7343367d7f.jpg,handbag,0.4033564031124115,47.604427337646484,295.50579833984375,113.41132354736328,400.21728515625,7
Flickr8K/997338199_7343367d7f.jpg,/content/Image_captioning_Local/Flickr8K/Images/997338199_7343367d7f.jpg,handbag,0.31105875968933105,47.48733139038086,347.0878601074219,114.61991119384766,400.2080993652344,7
Flickr8K/997338199_7343367d7f.jpg,/content/Image_captioning_Local/Flickr8K/Images/997338199_7343367d7f.jpg,backpack,0.2715665400028229,102.11922454833984,353.4819641113281,173.25250244140625,400.02447509765625,7
Flickr8K/997722733_0cb5439472.jpg,/content/Image_captioning_Local/Flickr8K/Images/997722733_0cb5439472.jpg,person,0.9370291233062744,166.59930419921875,127.77192687988281,289.82440185546875,268.6065368652344,1
Flickr30K/1000092795.jpg,/content/Image_captioning_Local/Flickr30K/flickr30k_images/flickr30k_images/1000092795.jpg,person,0.9369816184043884,158.8543701171875,111.32701110839844,258.739990234375,368.6028137207031,3
Flickr30K/1000092795.jpg,/content/Image_captioning_Local/Flickr30K/flickr30k_images/flickr30k_images/1000092795.jpg,person,0.8494327664375305,159.39508056640625,124.6521224975586,214.00924682617188,331.089111328125,3
Flickr30K/1000092795.jpg,/content/Image_captioning_Local/Flickr30K/flickr30k_images/flickr30k_images/1000092795.jpg,person,0.34163543581962585,172.1623992919922,125.1408462524414,222.4779510498047,332.6508483886719,3
Flickr30K/10002456.jpg,/content/Image_captioning_Local/Flickr30K/flickr30k_images/flickr30k_images/10002456.jpg,person,0.893060564994812,187.9457550048828,142.20802307128906,254.38258361816406,285.277099609375,7
Flickr30K/10002456.jpg,/content/Image_captioning_Local/Flickr30K/flickr30k_images/flickr30k_images/10002456.jpg,person,0.7554378509521484,252.32984924316406,179.28195190429688,338.0532531738281,309.7931823730469,7
Flickr30K/10002456.jpg,/content/Image_captioning_Local/Flickr30K/flickr30k_images/flickr30k_images/10002456.jpg,person,0.6268272399902344,333.06170654296875,158.46937561035156,418.2418518066406,324.06622314453125,7
Flickr30K/10002456.jpg,/content/Image_captioning_Local/Flickr30K/flickr30k_images/flickr30k_images/10002456.jpg,person,0.4267118573188782,333.22784423828125,158.7263641357422,401.41436767578125,260.6924743652344,7
Flickr30K/10002456.jpg,/content/Image_captioning_Local/Flickr30K/flickr30k_images/flickr30k_images/10002456.jpg,person,0.3909463584423065,386.5336608886719,221.44761657714844,419.0109558105469,324.57421875,7
Flickr30K/10002456.jpg,/content/Image_captioning_Local/Flickr30K/flickr30k_images/flickr30k_images/10002456.jpg,person,0.2961796820163727,252.97984313964844,179.40325927734375,335.4514465332031,254.4962921142578,7
Flickr30K/10002456.jpg,/content/Image_captioning_Local/Flickr30K/flickr30k_images/flickr30k_images/10002456.jpg,person,0.25244149565696716,332.71978759765625,158.65525817871094,396.7947692871094,306.947021484375,7
Flickr30K/1000268201.jpg,/content/Image_captioning_Local/Flickr30K/flickr30k_images/flickr30k_images/1000268201.jpg,person,0.952037513256073,5.092531204223633,149.97869873046875,106.76502990722656,338.89892578125,7
Flickr30K/1000268201.jpg,/content/Image_captioning_Local/Flickr30K/flickr30k_images/flickr30k_images/1000268201.jpg,bench,0.49927839636802673,-0.13311859965324402,359.3526611328125,85.08562469482422,427.59246826171875,7
Flickr30K/1000268201.jpg,/content/Image_captioning_Local/Flickr30K/flickr30k_images/flickr30k_images/1000268201.jpg,bench,0.46314698457717896,0.10227039456367493,407.1075439453125,112.72648620605469,498.7777404785156,7
Flickr30K/1000268201.jpg,/content/Image_captioning_Local/Flickr30K/flickr30k_images/flickr30k_images/1000268201.jpg,bench,0.3170863091945648,-0.02944841980934143,356.72991943359375,113.30631256103516,499.1547546386719,7
Flickr30K/1000268201.jpg,/content/Image_captioning_Local/Flickr30K/flickr30k_images/flickr30k_images/1000268201.jpg,potted plant,0.310648649930954,263.12042236328125,115.24153137207031,374.95843505859375,255.570556640625,7
Flickr30K/1000268201.jpg,/content/Image_captioning_Local/Flickr30K/flickr30k_images/flickr30k_images/1000268201.jpg,bench,0.2860923111438751,-0.03231223672628403,359.0199890136719,84.92442321777344,438.96759033203125,7
Flickr30K/1000268201.jpg,/content/Image_captioning_Local/Flickr30K/flickr30k_images/flickr30k_images/1000268201.jpg,bottle,0.2637592852115631,196.70098876953125,229.94956970214844,205.76283264160156,251.78721618652344,7
Flickr30K/1000344755.jpg,/content/Image_captioning_Local/Flickr30K/flickr30k_images/flickr30k_images/1000344755.jpg,person,0.9511808156967163,220.24459838867188,87.48252868652344,298.6899719238281,332.88421630859375,2
Flickr30K/1000344755.jpg,/content/Image_captioning_Local/Flickr30K/flickr30k_images/flickr30k_images/1000344755.jpg,skateboard,0.7278146743774414,243.62538146972656,190.8005828857422,298.2113952636719,333.3161926269531,2
Flickr30K/1000366164.jpg,/content/Image_captioning_Local/Flickr30K/flickr30k_images/flickr30k_images/1000366164.jpg,person,0.9554281830787659,0.09481608867645264,30.49699592590332,266.1551818847656,374.8175354003906,20
Flickr30K/1000366164.jpg,/content/Image_captioning_Local/Flickr30K/flickr30k_images/flickr30k_images/1000366164.jpg,person,0.8794571757316589,336.5985107421875,46.0935173034668,499.7354736328125,374.992919921875,20
Flickr30K/1000366164.jpg,/content/Image_captioning_Local/Flickr30K/flickr30k_images/flickr30k_images/1000366164.jpg,cup,0.7798855900764465,121.85558319091797,288.4619140625,147.1625213623047,336.6133117675781,20
Flickr30K/1000366164.jpg,/content/Image_captioning_Local/Flickr30K/flickr30k_images/flickr30k_images/1000366164.jpg,bowl,0.6892669796943665,271.47430419921875,235.15927124023438,351.2659606933594,267.1082458496094,20
Flickr30K/1000366164.jpg,/content/Image_captioning_Local/Flickr30K/flickr30k_images/flickr30k_images/1000366164.jpg,bottle,0.6798675656318665,99.83604431152344,275.60345458984375,112.47774505615234,319.87060546875,20
Flickr30K/1000366164.jpg,/content/Image_captioning_Local/Flickr30K/flickr30k_images/flickr30k_images/1000366164.jpg,bottle,0.6300156116485596,175.4297637939453,249.36373901367188,198.41751098632812,299.2062072753906,20
Flickr30K/1000366164.jpg,/content/Image_captioning_Local/Flickr30K/flickr30k_images/flickr30k_images/1000366164.jpg,oven,0.5440172553062439,230.48760986328125,268.79632568359375,394.3476867675781,373.86895751953125,20
Flickr30K/1000366164.jpg,/content/Image_captioning_Local/Flickr30K/flickr30k_images/flickr30k_images/1000366164.jpg,bowl,0.458655446767807,149.2300567626953,297.02569580078125,231.55215454101562,333.3010559082031,20
Flickr30K/1000366164.jpg,/content/Image_captioning_Local/Flickr30K/flickr30k_images/flickr30k_images/1000366164.jpg,bottle,0.45368847250938416,205.7854461669922,257.8301086425781,227.34361267089844,294.0579833984375,20
Flickr30K/1000366164.jpg,/content/Image_captioning_Local/Flickr30K/flickr30k_images/flickr30k_images/1000366164.jpg,bottle,0.45282042026519775,152.9346160888672,266.1018981933594,170.23301696777344,305.4778137207031,20
Flickr30K/1000366164.jpg,/content/Image_captioning_Local/Flickr30K/flickr30k_images/flickr30k_images/1000366164.jpg,bottle,0.3830925524234772,214.96568298339844,234.34457397460938,226.93601989746094,258.84844970703125,20
Flickr30K/1000366164.jpg,/content/Image_captioning_Local/Flickr30K/flickr30k_images/flickr30k_images/1000366164.jpg,bottle,0.35262373089790344,227.6426544189453,250.22511291503906,250.85693359375,308.33502197265625,20
Flickr30K/1000366164.jpg,/content/Image_captioning_Local/Flickr30K/flickr30k_images/flickr30k_images/1000366164.jpg,bottle,0.3266025185585022,201.8869171142578,232.13706970214844,215.81309509277344,291.4390563964844,20
Flickr30K/1000366164.jpg,/content/Image_captioning_Local/Flickr30K/flickr30k_images/flickr30k_images/1000366164.jpg,bowl,0.3113902509212494,239.0778045654297,263.3387756347656,328.8486022949219,335.8747253417969,20
Flickr30K/1000366164.jpg,/content/Image_captioning_Local/Flickr30K/flickr30k_images/flickr30k_images/1000366164.jpg,spoon,0.27862462401390076,254.48464965820312,202.44593811035156,318.4499206542969,229.30929565429688,20
Flickr30K/1000366164.jpg,/content/Image_captioning_Local/Flickr30K/flickr30k_images/flickr30k_images/1000366164.jpg,spoon,0.27300721406936646,175.10276794433594,298.44854736328125,189.9951171875,318.15240478515625,20
Flickr30K/1000366164.jpg,/content/Image_captioning_Local/Flickr30K/flickr30k_images/flickr30k_images/1000366164.jpg,bowl,0.2712055444717407,324.31219482421875,273.9493103027344,390.2103576660156,310.0439147949219,20
Flickr30K/1000366164.jpg,/content/Image_captioning_Local/Flickr30K/flickr30k_images/flickr30k_images/1000366164.jpg,bottle,0.25640687346458435,202.7203369140625,231.4892578125,215.6689453125,261.5744323730469,20
Flickr30K/1000366164.jpg,/content/Image_captioning_Local/Flickr30K/flickr30k_images/flickr30k_images/1000366164.jpg,bottle,0.2559967041015625,161.04656982421875,262.5694580078125,174.7572784423828,301.2241516113281,20
Flickr30K/1000366164.jpg,/content/Image_captioning_Local/Flickr30K/flickr30k_images/flickr30k_images/1000366164.jpg,bottle,0.255834698677063,122.33848571777344,275.95135498046875,147.92124938964844,335.6939392089844,20
Flickr30K/1000523639.jpg,/content/Image_captioning_Local/Flickr30K/flickr30k_images/flickr30k_images/1000523639.jpg,person,0.9395339488983154,59.20661926269531,60.720062255859375,261.7678527832031,332.478515625,3
Flickr30K/1000523639.jpg,/content/Image_captioning_Local/Flickr30K/flickr30k_images/flickr30k_images/1000523639.jpg,person,0.8773490786552429,194.43621826171875,70.95507049560547,409.6358642578125,332.7872619628906,3
Flickr30K/1000523639.jpg,/content/Image_captioning_Local/Flickr30K/flickr30k_images/flickr30k_images/1000523639.jpg,traffic light,0.3399176001548767,367.2297668457031,0.1034049242734909,499.1084899902344,119.38207244873047,3
Flickr30K/1000919630.jpg,/content/Image_captioning_Local/Flickr30K/flickr30k_images/flickr30k_images/1000919630.jpg,person,0.9410765767097473,18.931928634643555,108.58551025390625,305.07275390625,499.164306640625,5
Flickr30K/1000919630.jpg,/content/Image_captioning_Local/Flickr30K/flickr30k_images/flickr30k_images/1000919630.jpg,teddy bear,0.8993900418281555,106.5517807006836,125.4861068725586,308.1833801269531,352.8695373535156,5
Flickr30K/1000919630.jpg,/content/Image_captioning_Local/Flickr30K/flickr30k_images/flickr30k_images/1000919630.jpg,chair,0.396381139755249,126.08554077148438,348.3932189941406,249.18019104003906,499.95745849609375,5
Flickr30K/1000919630.jpg,/content/Image_captioning_Local/Flickr30K/flickr30k_images/flickr30k_images/1000919630.jpg,chair,0.27979761362075806,109.99602508544922,129.2107391357422,285.1564025878906,499.5139465332031,5
Flickr30K/1000919630.jpg,/content/Image_captioning_Local/Flickr30K/flickr30k_images/flickr30k_images/1000919630.jpg,chair,0.2519136965274811,126.57975769042969,376.2193908691406,186.40707397460938,499.7943115234375,5
Flickr30K/10010052.jpg,/content/Image_captioning_Local/Flickr30K/flickr30k_images/flickr30k_images/10010052.jpg,person,0.9486631751060486,164.97764587402344,42.17027282714844,307.6802978515625,459.3774108886719,7
Flickr30K/10010052.jpg,/content/Image_captioning_Local/Flickr30K/flickr30k_images/flickr30k_images/10010052.jpg,car,0.6523141860961914,144.5065460205078,0.19772350788116455,335.05120849609375,168.4638214111328,7
Flickr30K/10010052.jpg,/content/Image_captioning_Local/Flickr30K/flickr30k_images/flickr30k_images/10010052.jpg,cell phone,0.6079747080802917,247.55923461914062,85.17253112792969,263.7467346191406,109.59017181396484,7
Flickr30K/10010052.jpg,/content/Image_captioning_Local/Flickr30K/flickr30k_images/flickr30k_images/10010052.jpg,skateboard,0.5622114539146423,159.2093048095703,416.4644470214844,281.4814453125,478.0272216796875,7
Flickr30K/10010052.jpg,/content/Image_captioning_Local/Flickr30K/flickr30k_images/flickr30k_images/10010052.jpg,truck,0.4644114375114441,144.6976776123047,-0.7755085825920105,335.5586242675781,167.31324768066406,7
Flickr30K/10010052.jpg,/content/Image_captioning_Local/Flickr30K/flickr30k_images/flickr30k_images/10010052.jpg,skateboard,0.45888546109199524,210.63946533203125,415.1764831542969,282.3011779785156,452.4625244140625,7
Flickr30K/10010052.jpg,/content/Image_captioning_Local/Flickr30K/flickr30k_images/flickr30k_images/10010052.jpg,skateboard,0.3085263967514038,159.39529418945312,438.78607177734375,216.22402954101562,477.6486511230469,7
Flickr30K/1001465944.jpg,/content/Image_captioning_Local/Flickr30K/flickr30k_images/flickr30k_images/1001465944.jpg,person,0.9113549590110779,19.163381576538086,221.81185913085938,97.15274047851562,500.11669921875,11
Flickr30K/1001465944.jpg,/content/Image_captioning_Local/Flickr30K/flickr30k_images/flickr30k_images/1001465944.jpg,person,0.9058476686477661,204.03204345703125,198.48944091796875,282.1833801269531,499.7415466308594,11
Flickr30K/1001465944.jpg,/content/Image_captioning_Local/Flickr30K/flickr30k_images/flickr30k_images/1001465944.jpg,person,0.8428378701210022,76.48097229003906,202.60076904296875,178.80870056152344,499.8626708984375,11
Flickr30K/1001465944.jpg,/content/Image_captioning_Local/Flickr30K/flickr30k_images/flickr30k_images/1001465944.jpg,backpack,0.5829712748527527,61.54179382324219,268.1618347167969,143.43109130859375,430.0318908691406,11
Flickr30K/1001465944.jpg,/content/Image_captioning_Local/Flickr30K/flickr30k_images/flickr30k_images/1001465944.jpg,handbag,0.4741666913032532,7.754857540130615,388.5822448730469,28.006155014038086,439.49212646484375,11
Flickr30K/1001465944.jpg,/content/Image_captioning_Local/Flickr30K/flickr30k_images/flickr30k_images/1001465944.jpg,backpack,0.44065701961517334,61.9410400390625,269.43133544921875,141.3307342529297,430.5596008300781,11
Flickr30K/1001465944.jpg,/content/Image_captioning_Local/Flickr30K/flickr30k_images/flickr30k_images/1001465944.jpg,person,0.38687947392463684,281.8120422363281,306.91864013671875,330.02301025390625,348.56988525390625,11
Flickr30K/1001465944.jpg,/content/Image_captioning_Local/Flickr30K/flickr30k_images/flickr30k_images/1001465944.jpg,handbag,0.380489706993103,61.54179382324219,268.1618347167969,143.43109130859375,430.0318908691406,11
Flickr30K/1001465944.jpg,/content/Image_captioning_Local/Flickr30K/flickr30k_images/flickr30k_images/1001465944.jpg,person,0.2667900025844574,281.7383117675781,304.5493469238281,330.1217956542969,500.2526550292969,11
Flickr30K/1001465944.jpg,/content/Image_captioning_Local/Flickr30K/flickr30k_images/flickr30k_images/1001465944.jpg,handbag,0.2664686441421509,61.9410400390625,269.43133544921875,141.3307342529297,430.5596008300781,11
Flickr30K/1001465944.jpg,/content/Image_captioning_Local/Flickr30K/flickr30k_images/flickr30k_images/1001465944.jpg,fire hydrant,0.254564106464386,155.67434692382812,230.1287078857422,215.68287658691406,494.3719482421875,11
Flickr30K/1001545525.jpg,/content/Image_captioning_Local/Flickr30K/flickr30k_images/flickr30k_images/1001545525.jpg,person,0.875095546245575,317.7831726074219,69.23944854736328,440.3416442871094,182.51023864746094,5
Flickr30K/1001545525.jpg,/content/Image_captioning_Local/Flickr30K/flickr30k_images/flickr30k_images/1001545525.jpg,person,0.741459310054779,100.11519622802734,13.756597518920898,235.4645233154297,193.01083374023438,5
Flickr30K/1001545525.jpg,/content/Image_captioning_Local/Flickr30K/flickr30k_images/flickr30k_images/1001545525.jpg,person,0.46925851702690125,14.306291580200195,1.2098047733306885,236.60643005371094,192.183349609375,5
Flickr30K/1001545525.jpg,/content/Image_captioning_Local/Flickr30K/flickr30k_images/flickr30k_images/1001545525.jpg,person,0.3183472156524658,14.331520080566406,0.9318978786468506,153.27471923828125,101.84982299804688,5
Flickr30K/1001545525.jpg,/content/Image_captioning_Local/Flickr30K/flickr30k_images/flickr30k_images/1001545525.jpg,skateboard,0.28535231947898865,14.49435043334961,1.481449842453003,52.5937385559082,77.2426986694336,5
Flickr30K/1001573224.jpg,/content/Image_captioning_Local/Flickr30K/flickr30k_images/flickr30k_images/1001573224.jpg,person,0.939524233341217,328.7741394042969,98.61264038085938,408.2233581542969,225.80894470214844,5
Flickr30K/1001573224.jpg,/content/Image_captioning_Local/Flickr30K/flickr30k_images/flickr30k_images/1001573224.jpg,person,0.8951733112335205,237.4378204345703,67.90375518798828,348.4833679199219,243.08963012695312,5
Flickr30K/1001573224.jpg,/content/Image_captioning_Local/Flickr30K/flickr30k_images/flickr30k_images/1001573224.jpg,person,0.8830028176307678,214.30032348632812,102.83361053466797,273.2223815917969,226.0015411376953,5
Flickr30K/1001573224.jpg,/content/Image_captioning_Local/Flickr30K/flickr30k_images/flickr30k_images/1001573224.jpg,person,0.8769550919532776,67.09015655517578,81.4566421508789,154.55361938476562,242.2213592529297,5
Flickr30K/1001573224.jpg,/content/Image_captioning_Local/Flickr30K/flickr30k_images/flickr30k_images/1001573224.jpg,person,0.8571803569793701,127.90303039550781,107.80741119384766,167.89903259277344,220.57456970214844,5
Flickr30K/1001633352.jpg,/content/Image_captioning_Local/Flickr30K/flickr30k_images/flickr30k_images/1001633352.jpg,person,0.9618952870368958,66.6698989868164,16.78281021118164,180.24594116210938,263.2047424316406,6
Flickr30K/1001633352.jpg,/content/Image_captioning_Local/Flickr30K/flickr30k_images/flickr30k_images/1001633352.jpg,person,0.958507239818573,359.9087829589844,-0.12276053428649902,472.6424560546875,190.36680603027344,6
Flickr30K/1001633352.jpg,/content/Image_captioning_Local/Flickr30K/flickr30k_images/flickr30k_images/1001633352.jpg,person,0.9536760449409485,233.1629180908203,92.08354187011719,371.3238830566406,276.4554748535156,6
Flickr30K/1001633352.jpg,/content/Image_captioning_Local/Flickr30K/flickr30k_images/flickr30k_images/1001633352.jpg,person,0.9251425266265869,185.6608123779297,58.655723571777344,250.33497619628906,266.5311584472656,6
Flickr30K/1001633352.jpg,/content/Image_captioning_Local/Flickr30K/flickr30k_images/flickr30k_images/1001633352.jpg,skateboard,0.33337774872779846,129.5235137939453,135.0473175048828,148.32717895507812,167.76284790039062,6
Flickr30K/1001633352.jpg,/content/Image_captioning_Local/Flickr30K/flickr30k_images/flickr30k_images/1001633352.jpg,skateboard,0.31865614652633667,366.14947509765625,68.75914001464844,386.9340515136719,129.6822509765625,6
Flickr30K/1001773457.jpg,/content/Image_captioning_Local/Flickr30K/flickr30k_images/flickr30k_images/1001773457.jpg,dog,0.9676920771598816,-0.11215358972549438,-0.11112727224826813,186.90997314453125,151.7649688720703,2
Flickr30K/1001773457.jpg,/content/Image_captioning_Local/Flickr30K/flickr30k_images/flickr30k_images/1001773457.jpg,dog,0.9657716751098633,236.67462158203125,97.46578979492188,419.6305847167969,374.8771667480469,2
Flickr30K/1001896054.jpg,/content/Image_captioning_Local/Flickr30K/flickr30k_images/flickr30k_images/1001896054.jpg,truck,0.9630751609802246,2.630293369293213,4.977735996246338,499.6579284667969,324.4912109375,2
Flickr30K/1001896054.jpg,/content/Image_captioning_Local/Flickr30K/flickr30k_images/flickr30k_images/1001896054.jpg,person,0.8989652395248413,184.54017639160156,53.38467025756836,285.0045166015625,225.202392578125,2
Flickr30K/100197432.jpg,/content/Image_captioning_Local/Flickr30K/flickr30k_images/flickr30k_images/100197432.jpg,person,0.8769719004631042,-0.04957616329193115,112.17627716064453,166.33843994140625,331.8505859375,11
Flickr30K/100197432.jpg,/content/Image_captioning_Local/Flickr30K/flickr30k_images/flickr30k_images/100197432.jpg,person,0.7835596799850464,137.19956970214844,166.79893493652344,345.8804016113281,331.7447509765625,11
Flickr30K/100197432.jpg,/content/Image_captioning_Local/Flickr30K/flickr30k_images/flickr30k_images/100197432.jpg,person,0.7209281921386719,380.0188293457031,196.35086059570312,500.1570129394531,331.9940185546875,11
Flickr30K/100197432.jpg,/content/Image_captioning_Local/Flickr30K/flickr30k_images/flickr30k_images/100197432.jpg,person,0.6570849418640137,333.2541809082031,227.0441131591797,406.42449951171875,331.9605407714844,11
Flickr30K/100197432.jpg,/content/Image_captioning_Local/Flickr30K/flickr30k_images/flickr30k_images/100197432.jpg,bus,0.5435917377471924,275.2904968261719,201.15798950195312,396.3016357421875,297.07379150390625,11
Flickr30K/100197432.jpg,/content/Image_captioning_Local/Flickr30K/flickr30k_images/flickr30k_images/100197432.jpg,handbag,0.4070758819580078,295.10211181640625,290.31292724609375,341.0729675292969,332.2498779296875,11
Flickr30K/100197432.jpg,/content/Image_captioning_Local/Flickr30K/flickr30k_images/flickr30k_images/100197432.jpg,handbag,0.38826438784599304,334.0434875488281,291.7658996582031,385.9132080078125,332.07275390625,11
Flickr30K/100197432.jpg,/content/Image_captioning_Local/Flickr30K/flickr30k_images/flickr30k_images/100197432.jpg,bus,0.3548354506492615,143.6572723388672,202.04788208007812,396.7347717285156,297.8257141113281,11
Flickr30K/100197432.jpg,/content/Image_captioning_Local/Flickr30K/flickr30k_images/flickr30k_images/100197432.jpg,truck,0.30518150329589844,275.2904968261719,201.15798950195312,396.3016357421875,297.07379150390625,11
Flickr30K/100197432.jpg,/content/Image_captioning_Local/Flickr30K/flickr30k_images/flickr30k_images/100197432.jpg,backpack,0.2712569534778595,334.0434875488281,291.7658996582031,385.9132080078125,332.07275390625,11
Flickr30K/100197432.jpg,/content/Image_captioning_Local/Flickr30K/flickr30k_images/flickr30k_images/100197432.jpg,truck,0.2588807940483093,274.9261169433594,201.61239624023438,396.1217956542969,296.4219665527344,11
Flickr30K/100207720.jpg,/content/Image_captioning_Local/Flickr30K/flickr30k_images/flickr30k_images/100207720.jpg,person,0.9578185081481934,102.85143280029297,0.11544674634933472,385.4901123046875,355.87786865234375,18
Flickr30K/100207720.jpg,/content/Image_captioning_Local/Flickr30K/flickr30k_images/flickr30k_images/100207720.jpg,dining table,0.8234043717384338,110.35743713378906,286.9451904296875,499.03997802734375,374.20013427734375,18
Flickr30K/100207720.jpg,/content/Image_captioning_Local/Flickr30K/flickr30k_images/flickr30k_images/100207720.jpg,chair,0.7684872150421143,322.2260437011719,241.0482940673828,393.2920227050781,308.5384521484375,18
Flickr30K/100207720.jpg,/content/Image_captioning_Local/Flickr30K/flickr30k_images/flickr30k_images/100207720.jpg,potted plant,0.6781674027442932,385.0445861816406,188.1643829345703,463.2399597167969,304.97235107421875,18
Flickr30K/100207720.jpg,/content/Image_captioning_Local/Flickr30K/flickr30k_images/flickr30k_images/100207720.jpg,chair,0.673732340335846,133.23068237304688,237.12802124023438,155.47386169433594,357.68701171875,18
Flickr30K/100207720.jpg,/content/Image_captioning_Local/Flickr30K/flickr30k_images/flickr30k_images/100207720.jpg,bowl,0.6490802764892578,236.31866455078125,177.48133850097656,366.07330322265625,226.48776245117188,18
Flickr30K/100207720.jpg,/content/Image_captioning_Local/Flickr30K/flickr30k_images/flickr30k_images/100207720.jpg,donut,0.5737045407295227,259.1612854003906,315.3013916015625,386.0335998535156,374.9177551269531,18
Flickr30K/100207720.jpg,/content/Image_captioning_Local/Flickr30K/flickr30k_images/flickr30k_images/100207720.jpg,cake,0.5720252990722656,259.1612854003906,315.3013916015625,386.0335998535156,374.9177551269531,18
Flickr30K/100207720.jpg,/content/Image_captioning_Local/Flickr30K/flickr30k_images/flickr30k_images/100207720.jpg,cake,0.4029822051525116,259.3045654296875,315.32769775390625,386.2076721191406,375.03741455078125,18
Flickr30K/100207720.jpg,/content/Image_captioning_Local/Flickr30K/flickr30k_images/flickr30k_images/100207720.jpg,spoon,0.3652748763561249,142.77854919433594,182.11610412597656,304.5242614746094,198.88394165039062,18
Flickr30K/100207720.jpg,/content/Image_captioning_Local/Flickr30K/flickr30k_images/flickr30k_images/100207720.jpg,vase,0.3541657030582428,431.7373046875,262.7694396972656,445.12677001953125,305.4347229003906,18
Flickr30K/100207720.jpg,/content/Image_captioning_Local/Flickr30K/flickr30k_images/flickr30k_images/100207720.jpg,donut,0.3271492123603821,259.3045654296875,315.32769775390625,386.2076721191406,375.03741455078125,18
Flickr30K/100207720.jpg,/content/Image_captioning_Local/Flickr30K/flickr30k_images/flickr30k_images/100207720.jpg,vase,0.3252909481525421,431.6719665527344,276.3564147949219,442.23291015625,305.7229919433594,18
Flickr30K/100207720.jpg,/content/Image_captioning_Local/Flickr30K/flickr30k_images/flickr30k_images/100207720.jpg,spoon,0.3094034790992737,142.19915771484375,187.77052307128906,248.0820770263672,198.6425018310547,18
Flickr30K/100207720.jpg,/content/Image_captioning_Local/Flickr30K/flickr30k_images/flickr30k_images/100207720.jpg,vase,0.28885987401008606,430.2027893066406,250.3340606689453,445.1283264160156,305.57061767578125,18
Flickr30K/100207720.jpg,/content/Image_captioning_Local/Flickr30K/flickr30k_images/flickr30k_images/100207720.jpg,spoon,0.28802138566970825,219.89942932128906,181.60031127929688,304.7386474609375,196.28578186035156,18
Flickr30K/100207720.jpg,/content/Image_captioning_Local/Flickr30K/flickr30k_images/flickr30k_images/100207720.jpg,vase,0.2818792164325714,392.83905029296875,244.83529663085938,443.2577819824219,305.39556884765625,18
Flickr30K/100207720.jpg,/content/Image_captioning_Local/Flickr30K/flickr30k_images/flickr30k_images/100207720.jpg,chair,0.25833502411842346,133.28993225097656,235.10934448242188,392.75653076171875,356.3365783691406,18
Flickr30K/1002674143.jpg,/content/Image_captioning_Local/Flickr30K/flickr30k_images/flickr30k_images/1002674143.jpg,kite,0.916984498500824,25.002033233642578,4.257404804229736,472.2987060546875,346.0888366699219,7
Flickr30K/1002674143.jpg,/content/Image_captioning_Local/Flickr30K/flickr30k_images/flickr30k_images/1002674143.jpg,person,0.8729153275489807,109.4476318359375,235.98031616210938,193.25196838378906,364.0762939453125,7
Flickr30K/1002674143.jpg,/content/Image_captioning_Local/Flickr30K/flickr30k_images/flickr30k_images/1002674143.jpg,bowl,0.5790295600891113,224.3157501220703,343.02593994140625,260.88275146484375,359.4935607910156,7
Flickr30K/1002674143.jpg,/content/Image_captioning_Local/Flickr30K/flickr30k_images/flickr30k_images/1002674143.jpg,bowl,0.5733715295791626,264.42645263671875,337.79766845703125,300.6966857910156,355.75286865234375,7
Flickr30K/1002674143.jpg,/content/Image_captioning_Local/Flickr30K/flickr30k_images/flickr30k_images/1002674143.jpg,bowl,0.5587040781974792,120.43096923828125,351.8022155761719,166.9127197265625,375.6085510253906,7
Flickr30K/1002674143.jpg,/content/Image_captioning_Local/Flickr30K/flickr30k_images/flickr30k_images/1002674143.jpg,bowl,0.28938233852386475,242.6998748779297,355.1871643066406,276.9328308105469,369.56793212890625,7
Flickr30K/1002674143.jpg,/content/Image_captioning_Local/Flickr30K/flickr30k_images/flickr30k_images/1002674143.jpg,bowl,0.2633574306964874,265.0854187011719,345.9656677246094,289.5894470214844,357.98883056640625,7
Flickr30K/1003163366.jpg,/content/Image_captioning_Local/Flickr30K/flickr30k_images/flickr30k_images/1003163366.jpg,person,0.9608708620071411,112.14822387695312,81.36516571044922,379.1797790527344,250.85159301757812,3
Flickr30K/1003163366.jpg,/content/Image_captioning_Local/Flickr30K/flickr30k_images/flickr30k_images/1003163366.jpg,dog,0.955832302570343,98.19327545166016,260.22125244140625,198.46783447265625,388.126708984375,3
Flickr30K/1003163366.jpg,/content/Image_captioning_Local/Flickr30K/flickr30k_images/flickr30k_images/1003163366.jpg,bench,0.8780696988105774,64.72721862792969,175.4245147705078,368.31341552734375,370.2250061035156,3
Flickr30K/1003420127.jpg,/content/Image_captioning_Local/Flickr30K/flickr30k_images/flickr30k_images/1003420127.jpg,chair,0.9605908989906311,189.86648559570312,139.12326049804688,341.8263244628906,332.45770263671875,55
Flickr30K/1003420127.jpg,/content/Image_captioning_Local/Flickr30K/flickr30k_images/flickr30k_images/1003420127.jpg,person,0.956917941570282,7.944740295410156,58.49482345581055,182.0413818359375,303.45562744140625,55
Flickr30K/1003420127.jpg,/content/Image_captioning_Local/Flickr30K/flickr30k_images/flickr30k_images/1003420127.jpg,chair,0.9417564272880554,363.5983581542969,125.53206634521484,488.7789611816406,331.0375671386719,55
Flickr30K/1003420127.jpg,/content/Image_captioning_Local/Flickr30K/flickr30k_images/flickr30k_images/1003420127.jpg,chair,0.9397295117378235,1.8001645803451538,134.5909881591797,145.1237030029297,332.334228515625,55
Flickr30K/1003420127.jpg,/content/Image_captioning_Local/Flickr30K/flickr30k_images/flickr30k_images/1003420127.jpg,person,0.9159414768218994,339.20428466796875,40.74204635620117,469.6207275390625,255.72955322265625,55
Flickr30K/1003420127.jpg,/content/Image_captioning_Local/Flickr30K/flickr30k_images/flickr30k_images/1003420127.jpg,person,0.8915870189666748,337.34613037109375,80.78060913085938,402.9884338378906,211.46226501464844,55
Flickr30K/1003420127.jpg,/content/Image_captioning_Local/Flickr30K/flickr30k_images/flickr30k_images/1003420127.jpg,person,0.8845014572143555,89.25493621826172,91.19672393798828,170.67784118652344,200.36041259765625,55
Flickr30K/1003420127.jpg,/content/Image_captioning_Local/Flickr30K/flickr30k_images/flickr30k_images/1003420127.jpg,bottle,0.8457950353622437,389.1675109863281,271.76312255859375,408.35711669921875,317.1230163574219,55
Flickr30K/1003420127.jpg,/content/Image_captioning_Local/Flickr30K/flickr30k_images/flickr30k_images/1003420127.jpg,person,0.8264825940132141,174.3371124267578,28.324254989624023,326.68963623046875,276.4143371582031,55
Flickr30K/1003420127.jpg,/content/Image_captioning_Local/Flickr30K/flickr30k_images/flickr30k_images/1003420127.jpg,couch,0.5932297706604004,466.4171447753906,144.54798889160156,499.9532775878906,244.25738525390625,55
Flickr30K/1003420127.jpg,/content/Image_captioning_Local/Flickr30K/flickr30k_images/flickr30k_images/1003420127.jpg,book,0.48000335693359375,182.14776611328125,80.16523742675781,192.2310028076172,93.30590057373047,55
Flickr30K/1003420127.jpg,/content/Image_captioning_Local/Flickr30K/flickr30k_images/flickr30k_images/1003420127.jpg,book,0.4430570900440216,153.2384033203125,50.83211898803711,192.90499877929688,71.63153839111328,55
Flickr30K/1003420127.jpg,/content/Image_captioning_Local/Flickr30K/flickr30k_images/flickr30k_images/1003420127.jpg,book,0.4357818067073822,154.3458251953125,96.59050750732422,193.82406616210938,117.16796875,55
Flickr30K/1003420127.jpg,/content/Image_captioning_Local/Flickr30K/flickr30k_images/flickr30k_images/1003420127.jpg,book,0.4008803963661194,166.80364990234375,76.62577056884766,175.4988250732422,92.52397918701172,55
Flickr30K/1003420127.jpg,/content/Image_captioning_Local/Flickr30K/flickr30k_images/flickr30k_images/1003420127.jpg,book,0.3819192051887512,153.7025146484375,52.95370864868164,162.45590209960938,67.72368621826172,55
Flickr30K/1003420127.jpg,/content/Image_captioning_Local/Flickr30K/flickr30k_images/flickr30k_images/1003420127.jpg,book,0.3694620132446289,153.21861267089844,72.8449478149414,192.49044799804688,93.22276306152344,55
Flickr30K/1003420127.jpg,/content/Image_captioning_Local/Flickr30K/flickr30k_images/flickr30k_images/1003420127.jpg,book,0.337970495223999,167.83016967773438,52.028621673583984,174.2767333984375,69.28946685791016,55
Flickr30K/1003420127.jpg,/content/Image_captioning_Local/Flickr30K/flickr30k_images/flickr30k_images/1003420127.jpg,book,0.3371902108192444,161.49163818359375,51.75897979736328,167.6908721923828,68.82878875732422,55
Flickr30K/1003420127.jpg,/content/Image_captioning_Local/Flickr30K/flickr30k_images/flickr30k_images/1003420127.jpg,handbag,0.33522963523864746,321.6833190917969,267.8928527832031,416.59930419921875,333.0055236816406,55
Flickr30K/1003420127.jpg,/content/Image_captioning_Local/Flickr30K/flickr30k_images/flickr30k_images/1003420127.jpg,book,0.3337610363960266,136.59963989257812,114.62002563476562,195.6752166748047,159.38792419433594,55
Flickr30K/1003420127.jpg,/content/Image_captioning_Local/Flickr30K/flickr30k_images/flickr30k_images/1003420127.jpg,handbag,0.32153254747390747,321.4395446777344,267.5435791015625,392.4288330078125,333.02484130859375,55
Flickr30K/1003420127.jpg,/content/Image_captioning_Local/Flickr30K/flickr30k_images/flickr30k_images/1003420127.jpg,umbrella,0.319857656955719,395.17529296875,76.22042846679688,407.7663879394531,152.64930725097656,55
Flickr30K/1003420127.jpg,/content/Image_captioning_Local/Flickr30K/flickr30k_images/flickr30k_images/1003420127.jpg,book,0.3166195750236511,160.87754821777344,97.06704711914062,172.20860290527344,115.88322448730469,55
Flickr30K/1003420127.jpg,/content/Image_captioning_Local/Flickr30K/flickr30k_images/flickr30k_images/1003420127.jpg,book,0.3105720579624176,172.9447021484375,52.96546173095703,178.7726593017578,70.04581451416016,55
Flickr30K/1003420127.jpg,/content/Image_captioning_Local/Flickr30K/flickr30k_images/flickr30k_images/1003420127.jpg,book,0.307353138923645,165.3038330078125,51.96473693847656,170.98001098632812,69.06826782226562,55
Flickr30K/1003420127.jpg,/content/Image_captioning_Local/Flickr30K/flickr30k_images/flickr30k_images/1003420127.jpg,book,0.30711427330970764,160.200927734375,76.09779357910156,165.49807739257812,91.83309173583984,55
Flickr30K/1003420127.jpg,/content/Image_captioning_Local/Flickr30K/flickr30k_images/flickr30k_images/1003420127.jpg,book,0.30494189262390137,176.5455322265625,99.09851837158203,182.1425018310547,115.47937774658203,55
Flickr30K/1003420127.jpg,/content/Image_captioning_Local/Flickr30K/flickr30k_images/flickr30k_images/1003420127.jpg,book,0.2954472303390503,178.6341094970703,54.864898681640625,184.2201385498047,70.78458404541016,55
Flickr30K/1003420127.jpg,/content/Image_captioning_Local/Flickr30K/flickr30k_images/flickr30k_images/1003420127.jpg,book,0.29249098896980286,185.28005981445312,100.44193267822266,191.95712280273438,115.34310150146484,55
Flickr30K/1003420127.jpg,/content/Image_captioning_Local/Flickr30K/flickr30k_images/flickr30k_images/1003420127.jpg,book,0.2923296391963959,158.2638397216797,75.43011474609375,163.8550262451172,91.60879516601562,55
Flickr30K/1003420127.jpg,/content/Image_captioning_Local/Flickr30K/flickr30k_images/flickr30k_images/1003420127.jpg,book,0.2905367910861969,167.81448364257812,100.93827056884766,172.98043823242188,115.79525756835938,55
Flickr30K/1003420127.jpg,/content/Image_captioning_Local/Flickr30K/flickr30k_images/flickr30k_images/1003420127.jpg,handbag,0.28564953804016113,321.3302001953125,274.96221923828125,374.82489013671875,333.1665344238281,55
Flickr30K/1003420127.jpg,/content/Image_captioning_Local/Flickr30K/flickr30k_images/flickr30k_images/1003420127.jpg,book,0.2854117155075073,169.89971923828125,76.7992172241211,175.52796936035156,92.57488250732422,55
Flickr30K/1003420127.jpg,/content/Image_captioning_Local/Flickr30K/flickr30k_images/flickr30k_images/1003420127.jpg,book,0.28521180152893066,166.3147735595703,77.34123229980469,171.11090087890625,92.30696105957031,55
Flickr30K/1003420127.jpg,/content/Image_captioning_Local/Flickr30K/flickr30k_images/flickr30k_images/1003420127.jpg,book,0.283633828163147,170.90518188476562,100.9155044555664,175.37228393554688,115.75206756591797,55
Flickr30K/1003420127.jpg,/content/Image_captioning_Local/Flickr30K/flickr30k_images/flickr30k_images/1003420127.jpg,book,0.2770856022834778,188.17552185058594,56.852874755859375,193.1296844482422,71.56285858154297,55
Flickr30K/1003420127.jpg,/content/Image_captioning_Local/Flickr30K/flickr30k_images/flickr30k_images/1003420127.jpg,book,0.27689364552497864,162.66619873046875,77.63706970214844,167.480712890625,91.99990844726562,55
Flickr30K/1003420127.jpg,/content/Image_captioning_Local/Flickr30K/flickr30k_images/flickr30k_images/1003420127.jpg,book,0.27662065625190735,176.18600463867188,76.04190063476562,182.51808166503906,92.61738586425781,55
Flickr30K/1003420127.jpg,/content/Image_captioning_Local/Flickr30K/flickr30k_images/flickr30k_images/1003420127.jpg,book,0.27602419257164,155.10897827148438,98.91252899169922,161.91818237304688,116.71661376953125,55
Flickr30K/1003420127.jpg,/content/Image_captioning_Local/Flickr30K/flickr30k_images/flickr30k_images/1003420127.jpg,book,0.2752685844898224,174.0635223388672,99.7021255493164,178.8433074951172,115.57514953613281,55
Flickr30K/1003420127.jpg,/content/Image_captioning_Local/Flickr30K/flickr30k_images/flickr30k_images/1003420127.jpg,book,0.2742415964603424,155.1330108642578,74.64311981201172,160.22003173828125,91.51252746582031,55
Flickr30K/1003420127.jpg,/content/Image_captioning_Local/Flickr30K/flickr30k_images/flickr30k_images/1003420127.jpg,book,0.2737778425216675,154.4622802734375,54.365718841552734,161.15338134765625,67.51021575927734,55
Flickr30K/1003420127.jpg,/content/Image_captioning_Local/Flickr30K/flickr30k_images/flickr30k_images/1003420127.jpg,book,0.27090051770210266,179.75408935546875,99.10136413574219,185.1405029296875,115.50455474853516,55
Flickr30K/1003420127.jpg,/content/Image_captioning_Local/Flickr30K/flickr30k_images/flickr30k_images/1003420127.jpg,book,0.26539885997772217,152.94329833984375,72.62092590332031,157.00851440429688,91.54232788085938,55
Flickr30K/1003420127.jpg,/content/Image_captioning_Local/Flickr30K/flickr30k_images/flickr30k_images/1003420127.jpg,book,0.2653519809246063,182.08203125,55.37025833129883,187.5295867919922,71.01007080078125,55
Flickr30K/1003420127.jpg,/content/Image_captioning_Local/Flickr30K/flickr30k_images/flickr30k_images/1003420127.jpg,book,0.2648772895336151,155.1739501953125,97.05204772949219,172.214599609375,116.39100646972656,55
Flickr30K/1003420127.jpg,/content/Image_captioning_Local/Flickr30K/flickr30k_images/flickr30k_images/1003420127.jpg,book,0.2647879123687744,159.82127380371094,52.09526062011719,165.0902099609375,68.4346694946289,55
Flickr30K/1003420127.jpg,/content/Image_captioning_Local/Flickr30K/flickr30k_images/flickr30k_images/1003420127.jpg,chair,0.2644702196121216,466.5862731933594,145.66897583007812,499.8832092285156,244.38294982910156,55
Flickr30K/1003420127.jpg,/content/Image_captioning_Local/Flickr30K/flickr30k_images/flickr30k_images/1003420127.jpg,book,0.2631422281265259,153.48606872558594,73.22966766357422,166.70330810546875,91.75609588623047,55
Flickr30K/1003420127.jpg,/content/Image_captioning_Local/Flickr30K/flickr30k_images/flickr30k_images/1003420127.jpg,couch,0.26059964299201965,466.6479187011719,181.47674560546875,499.9383544921875,244.33657836914062,55
Flickr30K/1003420127.jpg,/content/Image_captioning_Local/Flickr30K/flickr30k_images/flickr30k_images/1003420127.jpg,book,0.2588399648666382,151.64816284179688,27.691539764404297,159.91893005371094,45.681095123291016,55
Flickr30K/1003420127.jpg,/content/Image_captioning_Local/Flickr30K/flickr30k_images/flickr30k_images/1003420127.jpg,book,0.25834667682647705,172.738037109375,76.43463134765625,178.12887573242188,92.6694107055664,55
Flickr30K/1003420127.jpg,/content/Image_captioning_Local/Flickr30K/flickr30k_images/flickr30k_images/1003420127.jpg,book,0.25472626090049744,181.90586853027344,37.50525665283203,192.3602752685547,51.11626052856445,55
Flickr30K/1003420127.jpg,/content/Image_captioning_Local/Flickr30K/flickr30k_images/flickr30k_images/1003420127.jpg,chair,0.253833144903183,81.38090515136719,134.03524780273438,151.00714111328125,198.37258911132812,55
Flickr30K/1003420127.jpg,/content/Image_captioning_Local/Flickr30K/flickr30k_images/flickr30k_images/1003420127.jpg,book,0.2517542541027069,167.21026611328125,52.06289291381836,171.92982482910156,68.95563507080078,55
Flickr30K/1003428081.jpg,/content/Image_captioning_Local/Flickr30K/flickr30k_images/flickr30k_images/1003428081.jpg,person,0.9643722176551819,239.6516571044922,13.715237617492676,500.0364685058594,332.2151184082031,17
Flickr30K/1003428081.jpg,/content/Image_captioning_Local/Flickr30K/flickr30k_images/flickr30k_images/1003428081.jpg,book,0.8722081780433655,51.03937530517578,156.42185974121094,216.3535614013672,291.346435546875,17
Flickr30K/1003428081.jpg,/content/Image_captioning_Local/Flickr30K/flickr30k_images/flickr30k_images/1003428081.jpg,person,0.6961093544960022,0.619642436504364,36.03150939941406,236.7962646484375,331.92498779296875,17
Flickr30K/1003428081.jpg,/content/Image_captioning_Local/Flickr30K/flickr30k_images/flickr30k_images/1003428081.jpg,person,0.572572648525238,237.96099853515625,65.7425308227539,382.97796630859375,332.73065185546875,17
Flickr30K/1003428081.jpg,/content/Image_captioning_Local/Flickr30K/flickr30k_images/flickr30k_images/1003428081.jpg,chair,0.5533795952796936,449.1940612792969,249.81732177734375,500.1615905761719,332.7846984863281,17
Flickr30K/1003428081.jpg,/content/Image_captioning_Local/Flickr30K/flickr30k_images/flickr30k_images/1003428081.jpg,couch,0.4305715560913086,220.9515838623047,173.52503967285156,330.52459716796875,254.74559020996094,17
Flickr30K/1003428081.jpg,/content/Image_captioning_Local/Flickr30K/flickr30k_images/flickr30k_images/1003428081.jpg,chair,0.3948602080345154,220.9515838623047,173.52503967285156,330.52459716796875,254.74559020996094,17
Flickr30K/1003428081.jpg,/content/Image_captioning_Local/Flickr30K/flickr30k_images/flickr30k_images/1003428081.jpg,person,0.38817039132118225,0.3205910325050354,35.77550506591797,133.1447296142578,331.0733947753906,17
Flickr30K/1003428081.jpg,/content/Image_captioning_Local/Flickr30K/flickr30k_images/flickr30k_images/1003428081.jpg,person,0.38036370277404785,107.07054901123047,104.79029083251953,237.0324249267578,332.09710693359375,17
Flickr30K/1003428081.jpg,/content/Image_captioning_Local/Flickr30K/flickr30k_images/flickr30k_images/1003428081.jpg,person,0.3475162386894226,320.68408203125,65.99018859863281,382.9599609375,234.0220184326172,17
Flickr30K/1003428081.jpg,/content/Image_captioning_Local/Flickr30K/flickr30k_images/flickr30k_images/1003428081.jpg,person,0.3409753143787384,109.02635955810547,104.77294921875,170.42820739746094,167.4990234375,17
Flickr30K/1003428081.jpg,/content/Image_captioning_Local/Flickr30K/flickr30k_images/flickr30k_images/1003428081.jpg,couch,0.3347822427749634,204.0805206298828,173.9810333251953,329.3564453125,308.85528564453125,17
Flickr30K/1003428081.jpg,/content/Image_captioning_Local/Flickr30K/flickr30k_images/flickr30k_images/1003428081.jpg,person,0.3263157308101654,320.5746765136719,65.94316101074219,382.2651062011719,218.41200256347656,17
Flickr30K/1003428081.jpg,/content/Image_captioning_Local/Flickr30K/flickr30k_images/flickr30k_images/1003428081.jpg,person,0.2996278703212738,109.82859802246094,104.6031494140625,193.18186950683594,173.20742797851562,17
Flickr30K/1003428081.jpg,/content/Image_captioning_Local/Flickr30K/flickr30k_images/flickr30k_images/1003428081.jpg,person,0.29406142234802246,325.0257568359375,65.9927978515625,381.7387390136719,205.11825561523438,17
Flickr30K/1003428081.jpg,/content/Image_captioning_Local/Flickr30K/flickr30k_images/flickr30k_images/1003428081.jpg,chair,0.2744861841201782,0.17827749252319336,324.8291931152344,109.68589782714844,332.88543701171875,17
Flickr30K/1003428081.jpg,/content/Image_captioning_Local/Flickr30K/flickr30k_images/flickr30k_images/1003428081.jpg,person,0.27437567710876465,108.97913360595703,104.92679595947266,205.12171936035156,232.07264709472656,17
Flickr30K/100444898.jpg,/content/Image_captioning_Local/Flickr30K/flickr30k_images/flickr30k_images/100444898.jpg,person,0.9077683091163635,267.6826477050781,155.62210083007812,289.8534240722656,233.05194091796875,1
Flickr30K/1005216151.jpg,/content/Image_captioning_Local/Flickr30K/flickr30k_images/flickr30k_images/1005216151.jpg,person,0.9542270302772522,226.33795166015625,63.03274154663086,437.626708984375,332.4123840332031,42
Flickr30K/1005216151.jpg,/content/Image_captioning_Local/Flickr30K/flickr30k_images/flickr30k_images/1005216151.jpg,person,0.9067222476005554,98.80736541748047,96.41925811767578,174.781494140625,332.7067565917969,42
Flickr30K/1005216151.jpg,/content/Image_captioning_Local/Flickr30K/flickr30k_images/flickr30k_images/1005216151.jpg,person,0.9051331281661987,428.4407653808594,149.31576538085938,499.9427490234375,332.6229553222656,42
Flickr30K/1005216151.jpg,/content/Image_captioning_Local/Flickr30K/flickr30k_images/flickr30k_images/1005216151.jpg,handbag,0.886579155921936,7.785499095916748,179.0682373046875,60.421348571777344,290.64227294921875,42
Flickr30K/1005216151.jpg,/content/Image_captioning_Local/Flickr30K/flickr30k_images/flickr30k_images/1005216151.jpg,person,0.8278777003288269,-0.040728598833084106,139.81118774414062,88.94702911376953,332.4136657714844,42
Flickr30K/1005216151.jpg,/content/Image_captioning_Local/Flickr30K/flickr30k_images/flickr30k_images/1005216151.jpg,person,0.8175732493400574,195.75604248046875,128.95587158203125,249.78224182128906,332.96624755859375,42
Flickr30K/1005216151.jpg,/content/Image_captioning_Local/Flickr30K/flickr30k_images/flickr30k_images/1005216151.jpg,traffic light,0.8073698282241821,209.54701232910156,109.64387512207031,216.4845428466797,127.73252868652344,42
Flickr30K/1005216151.jpg,/content/Image_captioning_Local/Flickr30K/flickr30k_images/flickr30k_images/1005216151.jpg,traffic light,0.7932795882225037,99.281005859375,40.631534576416016,108.39109802246094,60.2721061706543,42
Flickr30K/1005216151.jpg,/content/Image_captioning_Local/Flickr30K/flickr30k_images/flickr30k_images/1005216151.jpg,traffic light,0.7517306208610535,229.0227508544922,110.38336181640625,234.505615234375,121.31476593017578,42
Flickr30K/1005216151.jpg,/content/Image_captioning_Local/Flickr30K/flickr30k_images/flickr30k_images/1005216151.jpg,person,0.6504549980163574,137.88339233398438,89.80150604248047,187.4119110107422,332.8017272949219,42
Flickr30K/1005216151.jpg,/content/Image_captioning_Local/Flickr30K/flickr30k_images/flickr30k_images/1005216151.jpg,person,0.6168184876441956,368.1214904785156,109.05779266357422,431.3697204589844,331.3441467285156,42
Flickr30K/1005216151.jpg,/content/Image_captioning_Local/Flickr30K/flickr30k_images/flickr30k_images/1005216151.jpg,person,0.5526026487350464,0.2709161639213562,92.27025604248047,60.8585090637207,195.6669464111328,42
Flickr30K/1005216151.jpg,/content/Image_captioning_Local/Flickr30K/flickr30k_images/flickr30k_images/1005216151.jpg,person,0.5196537971496582,226.28749084472656,112.29853057861328,287.1004943847656,229.70555114746094,42
Flickr30K/1005216151.jpg,/content/Image_captioning_Local/Flickr30K/flickr30k_images/flickr30k_images/1005216151.jpg,person,0.5158565044403076,226.225341796875,112.17485046386719,287.2203369140625,332.7169494628906,42
Flickr30K/1005216151.jpg,/content/Image_captioning_Local/Flickr30K/flickr30k_images/flickr30k_images/1005216151.jpg,handbag,0.48860153555870056,61.17613220214844,276.13494873046875,98.45463562011719,333.17132568359375,42
Flickr30K/1005216151.jpg,/content/Image_captioning_Local/Flickr30K/flickr30k_images/flickr30k_images/1005216151.jpg,person,0.4356801509857178,173.92929077148438,115.70206451416016,209.6496124267578,296.4793395996094,42
Flickr30K/1005216151.jpg,/content/Image_captioning_Local/Flickr30K/flickr30k_images/flickr30k_images/1005216151.jpg,traffic light,0.43040239810943604,107.41863250732422,31.25242042541504,113.93510437011719,43.68059539794922,42
Flickr30K/1005216151.jpg,/content/Image_captioning_Local/Flickr30K/flickr30k_images/flickr30k_images/1005216151.jpg,person,0.417500376701355,0.578368067741394,92.05511474609375,63.04395294189453,332.027587890625,42
Flickr30K/1005216151.jpg,/content/Image_captioning_Local/Flickr30K/flickr30k_images/flickr30k_images/1005216151.jpg,handbag,0.3928895592689514,156.0819091796875,129.37696838378906,188.6024169921875,216.0079345703125,42
Flickr30K/1005216151.jpg,/content/Image_captioning_Local/Flickr30K/flickr30k_images/flickr30k_images/1005216151.jpg,person,0.375718891620636,420.5679626464844,125.08309936523438,454.3919372558594,221.6221160888672,42
Flickr30K/1005216151.jpg,/content/Image_captioning_Local/Flickr30K/flickr30k_images/flickr30k_images/1005216151.jpg,person,0.36797240376472473,420.69683837890625,125.2649917602539,454.38983154296875,208.30508422851562,42
Flickr30K/1005216151.jpg,/content/Image_captioning_Local/Flickr30K/flickr30k_images/flickr30k_images/1005216151.jpg,person,0.364745169878006,138.22674560546875,89.98273468017578,186.15087890625,190.79220581054688,42
Flickr30K/1005216151.jpg,/content/Image_captioning_Local/Flickr30K/flickr30k_images/flickr30k_images/1005216151.jpg,tie,0.3623078167438507,298.19464111328125,142.1165771484375,320.462158203125,199.9872589111328,42
Flickr30K/1005216151.jpg,/content/Image_captioning_Local/Flickr30K/flickr30k_images/flickr30k_images/1005216151.jpg,person,0.3621843457221985,371.84698486328125,124.30989074707031,389.8757019042969,148.8137969970703,42
Flickr30K/1005216151.jpg,/content/Image_captioning_Local/Flickr30K/flickr30k_images/flickr30k_images/1005216151.jpg,person,0.358151912689209,467.1523742675781,113.54529571533203,495.37591552734375,152.37435913085938,42
Flickr30K/1005216151.jpg,/content/Image_captioning_Local/Flickr30K/flickr30k_images/flickr30k_images/1005216151.jpg,handbag,0.3506769835948944,482.0755310058594,210.86277770996094,499.8515625,262.86029052734375,42
Flickr30K/1005216151.jpg,/content/Image_captioning_Local/Flickr30K/flickr30k_images/flickr30k_images/1005216151.jpg,person,0.3399837613105774,138.47593688964844,90.20011901855469,187.8320770263672,215.0655059814453,42
Flickr30K/1005216151.jpg,/content/Image_captioning_Local/Flickr30K/flickr30k_images/flickr30k_images/1005216151.jpg,person,0.3292308747768402,56.37596130371094,113.04592895507812,110.40972137451172,333.00396728515625,42
Flickr30K/1005216151.jpg,/content/Image_captioning_Local/Flickr30K/flickr30k_images/flickr30k_images/1005216151.jpg,person,0.31404855847358704,173.92823791503906,115.0681381225586,205.7947540283203,211.9410400390625,42
Flickr30K/1005216151.jpg,/content/Image_captioning_Local/Flickr30K/flickr30k_images/flickr30k_images/1005216151.jpg,handbag,0.30700811743736267,169.37875366210938,185.1021270751953,187.76821899414062,216.12303161621094,42
Flickr30K/1005216151.jpg,/content/Image_captioning_Local/Flickr30K/flickr30k_images/flickr30k_images/1005216151.jpg,person,0.28876957297325134,366.4869079589844,124.29261779785156,389.82135009765625,156.37451171875,42
Flickr30K/1005216151.jpg,/content/Image_captioning_Local/Flickr30K/flickr30k_images/flickr30k_images/1005216151.jpg,handbag,0.2883058786392212,204.02281188964844,184.0823211669922,230.33724975585938,247.15853881835938,42
Flickr30K/1005216151.jpg,/content/Image_captioning_Local/Flickr30K/flickr30k_images/flickr30k_images/1005216151.jpg,stop sign,0.28747060894966125,89.81450653076172,53.35984802246094,137.51795959472656,84.32101440429688,42
Flickr30K/1005216151.jpg,/content/Image_captioning_Local/Flickr30K/flickr30k_images/flickr30k_images/1005216151.jpg,person,0.2858905792236328,417.2562255859375,125.10543823242188,454.4820861816406,313.4524230957031,42
Flickr30K/1005216151.jpg,/content/Image_captioning_Local/Flickr30K/flickr30k_images/flickr30k_images/1005216151.jpg,traffic light,0.27657774090766907,115.27493286132812,36.0560188293457,122.16407012939453,47.202701568603516,42
Flickr30K/1005216151.jpg,/content/Image_captioning_Local/Flickr30K/flickr30k_images/flickr30k_images/1005216151.jpg,person,0.2697538435459137,0.3346540033817291,92.23480987548828,63.21726608276367,255.6350555419922,42
Flickr30K/1005216151.jpg,/content/Image_captioning_Local/Flickr30K/flickr30k_images/flickr30k_images/1005216151.jpg,person,0.2625768184661865,57.36014938354492,115.37976837158203,81.65895080566406,154.3909149169922,42
Flickr30K/1005216151.jpg,/content/Image_captioning_Local/Flickr30K/flickr30k_images/flickr30k_images/1005216151.jpg,person,0.2598952054977417,56.09303665161133,115.12123107910156,82.34280395507812,199.08340454101562,42
Flickr30K/1005216151.jpg,/content/Image_captioning_Local/Flickr30K/flickr30k_images/flickr30k_images/1005216151.jpg,handbag,0.2538647949695587,78.32849884033203,153.43653869628906,106.3583984375,262.1296081542969,42
Flickr30K/1005216151.jpg,/content/Image_captioning_Local/Flickr30K/flickr30k_images/flickr30k_images/1005216151.jpg,person,0.2535766065120697,368.7991638183594,109.31877899169922,429.5511169433594,221.21327209472656,42
Flickr30K/1005216151.jpg,/content/Image_captioning_Local/Flickr30K/flickr30k_images/flickr30k_images/1005216151.jpg,person,0.25244268774986267,76.55345153808594,153.20347595214844,108.87552642822266,333.0755310058594,42
Flickr30K/1005216151.jpg,/content/Image_captioning_Local/Flickr30K/flickr30k_images/flickr30k_images/1005216151.jpg,person,0.2512800693511963,448.72760009765625,128.22238159179688,491.668212890625,202.2899627685547,42
Flickr30K/100577935.jpg,/content/Image_captioning_Local/Flickr30K/flickr30k_images/flickr30k_images/100577935.jpg,person,0.9732287526130676,69.22881317138672,47.11712646484375,499.7468566894531,353.45135498046875,26
Flickr30K/100577935.jpg,/content/Image_captioning_Local/Flickr30K/flickr30k_images/flickr30k_images/100577935.jpg,person,0.904202938079834,0.05319714546203613,44.457435607910156,159.18988037109375,354.1725158691406,26
Flickr30K/100577935.jpg,/content/Image_captioning_Local/Flickr30K/flickr30k_images/flickr30k_images/100577935.jpg,bottle,0.7354744672775269,467.2715759277344,58.63144302368164,483.98138427734375,104.48255920410156,26
Flickr30K/100577935.jpg,/content/Image_captioning_Local/Flickr30K/flickr30k_images/flickr30k_images/100577935.jpg,bottle,0.663562536239624,366.61541748046875,65.33526611328125,380.2105712890625,107.77301025390625,26
Flickr30K/100577935.jpg,/content/Image_captioning_Local/Flickr30K/flickr30k_images/flickr30k_images/100577935.jpg,bottle,0.6365417838096619,454.3591003417969,60.86116409301758,468.098388671875,104.5754165649414,26
Flickr30K/100577935.jpg,/content/Image_captioning_Local/Flickr30K/flickr30k_images/flickr30k_images/100577935.jpg,bottle,0.587439775466919,488.4803771972656,55.64337158203125,499.94378662109375,104.46981048583984,26
Flickr30K/100577935.jpg,/content/Image_captioning_Local/Flickr30K/flickr30k_images/flickr30k_images/100577935.jpg,bottle,0.554283857345581,389.2211608886719,64.64955139160156,407.1890563964844,105.09587097167969,26
Flickr30K/100577935.jpg,/content/Image_captioning_Local/Flickr30K/flickr30k_images/flickr30k_images/100577935.jpg,bottle,0.5532112717628479,425.2391357421875,62.160919189453125,441.21240234375,94.26365661621094,26
Flickr30K/100577935.jpg,/content/Image_captioning_Local/Flickr30K/flickr30k_images/flickr30k_images/100577935.jpg,bottle,0.5416198372840881,378.5917663574219,69.75447082519531,390.9115905761719,107.2793960571289,26
Flickr30K/100577935.jpg,/content/Image_captioning_Local/Flickr30K/flickr30k_images/flickr30k_images/100577935.jpg,cup,0.5362047553062439,399.7828063964844,123.66088104248047,426.2192077636719,165.81875610351562,26
Flickr30K/100577935.jpg,/content/Image_captioning_Local/Flickr30K/flickr30k_images/flickr30k_images/100577935.jpg,refrigerator,0.44136810302734375,64.60684204101562,106.64900207519531,179.94775390625,207.60067749023438,26
Flickr30K/100577935.jpg,/content/Image_captioning_Local/Flickr30K/flickr30k_images/flickr30k_images/100577935.jpg,bottle,0.43086937069892883,396.0712890625,48.75407791137695,404.0752868652344,73.98958587646484,26
Flickr30K/100577935.jpg,/content/Image_captioning_Local/Flickr30K/flickr30k_images/flickr30k_images/100577935.jpg,cup,0.4288161098957062,400.274658203125,123.54647827148438,426.1953430175781,155.10240173339844,26
Flickr30K/100577935.jpg,/content/Image_captioning_Local/Flickr30K/flickr30k_images/flickr30k_images/100577935.jpg,bottle,0.4234611690044403,407.26434326171875,67.2969741821289,422.3953552246094,93.5248031616211,26
Flickr30K/100577935.jpg,/content/Image_captioning_Local/Flickr30K/flickr30k_images/flickr30k_images/100577935.jpg,bottle,0.4122422933578491,438.5010070800781,55.38109588623047,447.7227783203125,78.01006317138672,26
Flickr30K/100577935.jpg,/content/Image_captioning_Local/Flickr30K/flickr30k_images/flickr30k_images/100577935.jpg,bottle,0.354964941740036,386.7354431152344,62.95794677734375,394.4515075683594,78.96086883544922,26
Flickr30K/100577935.jpg,/content/Image_captioning_Local/Flickr30K/flickr30k_images/flickr30k_images/100577935.jpg,bottle,0.34627866744995117,407.17755126953125,55.115135192871094,420.7022399902344,81.15170288085938,26
Flickr30K/100577935.jpg,/content/Image_captioning_Local/Flickr30K/flickr30k_images/flickr30k_images/100577935.jpg,bottle,0.3268596827983856,438.9976806640625,62.96953582763672,456.0589904785156,104.1718978881836,26
Flickr30K/100577935.jpg,/content/Image_captioning_Local/Flickr30K/flickr30k_images/flickr30k_images/100577935.jpg,bottle,0.29206034541130066,386.1255187988281,63.00016403198242,394.7533264160156,83.54269409179688,26
Flickr30K/100577935.jpg,/content/Image_captioning_Local/Flickr30K/flickr30k_images/flickr30k_images/100577935.jpg,bottle,0.285461962223053,358.21124267578125,63.67673873901367,368.4745788574219,105.43243408203125,26
Flickr30K/100577935.jpg,/content/Image_captioning_Local/Flickr30K/flickr30k_images/flickr30k_images/100577935.jpg,refrigerator,0.270831823348999,60.99974822998047,106.54987335205078,182.49758911132812,353.9596252441406,26
Flickr30K/100577935.jpg,/content/Image_captioning_Local/Flickr30K/flickr30k_images/flickr30k_images/100577935.jpg,refrigerator,0.26808178424835205,66.36062622070312,99.9651107788086,361.33233642578125,208.3044891357422,26
Flickr30K/100577935.jpg,/content/Image_captioning_Local/Flickr30K/flickr30k_images/flickr30k_images/100577935.jpg,bottle,0.2670764923095703,357.56878662109375,55.87772750854492,370.0094909667969,105.01201629638672,26
Flickr30K/100577935.jpg,/content/Image_captioning_Local/Flickr30K/flickr30k_images/flickr30k_images/100577935.jpg,bottle,0.2604193687438965,352.5754089355469,56.948665618896484,368.3149108886719,101.0760726928711,26
Flickr30K/100577935.jpg,/content/Image_captioning_Local/Flickr30K/flickr30k_images/flickr30k_images/100577935.jpg,bottle,0.25873228907585144,353.0018615722656,63.727333068847656,366.94940185546875,101.62921905517578,26
Flickr30K/100577935.jpg,/content/Image_captioning_Local/Flickr30K/flickr30k_images/flickr30k_images/100577935.jpg,refrigerator,0.25229552388191223,62.84511184692383,106.74812316894531,180.76109313964844,244.39288330078125,26
Flickr30K/1006452823.jpg,/content/Image_captioning_Local/Flickr30K/flickr30k_images/flickr30k_images/1006452823.jpg,person,0.9485981464385986,46.03661346435547,223.2123565673828,112.17132568359375,343.8360900878906,6
Flickr30K/1006452823.jpg,/content/Image_captioning_Local/Flickr30K/flickr30k_images/flickr30k_images/1006452823.jpg,person,0.930425226688385,169.82254028320312,232.02857971191406,241.02088928222656,346.37298583984375,6
Flickr30K/1006452823.jpg,/content/Image_captioning_Local/Flickr30K/flickr30k_images/flickr30k_images/1006452823.jpg,bench,0.6418582201004028,22.70197868347168,317.13494873046875,285.39825439453125,339.3103332519531,6
Flickr30K/1006452823.jpg,/content/Image_captioning_Local/Flickr30K/flickr30k_images/flickr30k_images/1006452823.jpg,cell phone,0.31676098704338074,90.5967788696289,262.4515686035156,99.65385437011719,269.6302490234375,6
Flickr30K/1006452823.jpg,/content/Image_captioning_Local/Flickr30K/flickr30k_images/flickr30k_images/1006452823.jpg,baseball glove,0.2794944643974304,171.8368682861328,281.61834716796875,198.3140869140625,295.88360595703125,6
Flickr30K/1006452823.jpg,/content/Image_captioning_Local/Flickr30K/flickr30k_images/flickr30k_images/1006452823.jpg,baseball glove,0.27350685000419617,114.7722396850586,328.8686218261719,157.7320556640625,343.176025390625,6
Flickr30K/100652400.jpg,/content/Image_captioning_Local/Flickr30K/flickr30k_images/flickr30k_images/100652400.jpg,person,0.9342045783996582,53.07426834106445,45.14604187011719,107.69688415527344,198.3260498046875,10
Flickr30K/100652400.jpg,/content/Image_captioning_Local/Flickr30K/flickr30k_images/flickr30k_images/100652400.jpg,car,0.8988184332847595,40.346580505371094,57.54411315917969,106.16925048828125,100.94651794433594,10
Flickr30K/100652400.jpg,/content/Image_captioning_Local/Flickr30K/flickr30k_images/flickr30k_images/100652400.jpg,person,0.8651190400123596,114.30888366699219,45.31884765625,130.67041015625,94.99647521972656,10
Flickr30K/100652400.jpg,/content/Image_captioning_Local/Flickr30K/flickr30k_images/flickr30k_images/100652400.jpg,person,0.755710244178772,146.4753875732422,44.47600173950195,161.81259155273438,82.48277282714844,10
Flickr30K/100652400.jpg,/content/Image_captioning_Local/Flickr30K/flickr30k_images/flickr30k_images/100652400.jpg,person,0.5249476432800293,12.496623992919922,54.792293548583984,26.075199127197266,87.68443298339844,10
Flickr30K/100652400.jpg,/content/Image_captioning_Local/Flickr30K/flickr30k_images/flickr30k_images/100652400.jpg,fire hydrant,0.4797157645225525,326.0666198730469,78.75262451171875,346.28790283203125,128.52810668945312,10
Flickr30K/100652400.jpg,/content/Image_captioning_Local/Flickr30K/flickr30k_images/flickr30k_images/100652400.jpg,person,0.3608662486076355,130.72267150878906,53.099849700927734,136.58236694335938,63.14448928833008,10
Flickr30K/100652400.jpg,/content/Image_captioning_Local/Flickr30K/flickr30k_images/flickr30k_images/100652400.jpg,kite,0.28715795278549194,48.67189407348633,56.573570251464844,156.2149200439453,181.80015563964844,10
Flickr30K/100652400.jpg,/content/Image_captioning_Local/Flickr30K/flickr30k_images/flickr30k_images/100652400.jpg,kite,0.28615686297416687,88.25263977050781,135.68338012695312,155.36154174804688,178.3258056640625,10
Flickr30K/100652400.jpg,/content/Image_captioning_Local/Flickr30K/flickr30k_images/flickr30k_images/100652400.jpg,car,0.2692263722419739,193.79742431640625,55.27659606933594,222.494384765625,82.29566192626953,10
Flickr30K/1007129816.jpg,/content/Image_captioning_Local/Flickr30K/flickr30k_images/flickr30k_images/1007129816.jpg,person,0.9509574770927429,48.09457015991211,41.57286071777344,396.8272705078125,456.7178955078125,7
Flickr30K/1007129816.jpg,/content/Image_captioning_Local/Flickr30K/flickr30k_images/flickr30k_images/1007129816.jpg,person,0.8508232235908508,25.956064224243164,261.76580810546875,143.25787353515625,396.9285888671875,7
Flickr30K/1007129816.jpg,/content/Image_captioning_Local/Flickr30K/flickr30k_images/flickr30k_images/1007129816.jpg,person,0.723943829536438,303.7200622558594,302.4180908203125,469.79815673828125,459.12261962890625,7
Flickr30K/1007129816.jpg,/content/Image_captioning_Local/Flickr30K/flickr30k_images/flickr30k_images/1007129816.jpg,person,0.6151642799377441,-0.05542859435081482,156.19004821777344,73.37434387207031,459.14215087890625,7
Flickr30K/1007129816.jpg,/content/Image_captioning_Local/Flickr30K/flickr30k_images/flickr30k_images/1007129816.jpg,person,0.5941097736358643,396.3191223144531,300.0677185058594,499.8953552246094,458.79248046875,7
Flickr30K/1007129816.jpg,/content/Image_captioning_Local/Flickr30K/flickr30k_images/flickr30k_images/1007129816.jpg,person,0.5025877952575684,-0.07226690649986267,296.6961364746094,73.28404235839844,459.6354675292969,7
Flickr30K/1007129816.jpg,/content/Image_captioning_Local/Flickr30K/flickr30k_images/flickr30k_images/1007129816.jpg,person,0.3127519190311432,426.28289794921875,300.62725830078125,500.2577209472656,441.5049133300781,7
Flickr30K/100716317.jpg,/content/Image_captioning_Local/Flickr30K/flickr30k_images/flickr30k_images/100716317.jpg,person,0.9392462968826294,1.853060007095337,112.43360900878906,94.31570434570312,330.9150390625,21
Flickr30K/100716317.jpg,/content/Image_captioning_Local/Flickr30K/flickr30k_images/flickr30k_images/100716317.jpg,person,0.9354768395423889,216.23080444335938,82.03631591796875,446.7713317871094,330.80682373046875,21
Flickr30K/100716317.jpg,/content/Image_captioning_Local/Flickr30K/flickr30k_images/flickr30k_images/100716317.jpg,person,0.8771796226501465,22.90721893310547,79.55958557128906,73.01189422607422,158.56753540039062,21
Flickr30K/100716317.jpg,/content/Image_captioning_Local/Flickr30K/flickr30k_images/flickr30k_images/100716317.jpg,person,0.851343035697937,460.38433837890625,134.3972930908203,495.1120910644531,248.0349884033203,21
Flickr30K/100716317.jpg,/content/Image_captioning_Local/Flickr30K/flickr30k_images/flickr30k_images/100716317.jpg,umbrella,0.8031983971595764,416.6817321777344,82.9383316040039,482.1316833496094,119.43404388427734,21
Flickr30K/100716317.jpg,/content/Image_captioning_Local/Flickr30K/flickr30k_images/flickr30k_images/100716317.jpg,umbrella,0.6982771158218384,-0.22510625422000885,78.61983489990234,41.8646125793457,110.31287384033203,21
Flickr30K/100716317.jpg,/content/Image_captioning_Local/Flickr30K/flickr30k_images/flickr30k_images/100716317.jpg,person,0.5079013705253601,188.7462615966797,228.15504455566406,199.6510467529297,265.3477478027344,21
Flickr30K/100716317.jpg,/content/Image_captioning_Local/Flickr30K/flickr30k_images/flickr30k_images/100716317.jpg,refrigerator,0.49855709075927734,118.03670501708984,38.356895446777344,322.7073669433594,329.71966552734375,21
Flickr30K/100716317.jpg,/content/Image_captioning_Local/Flickr30K/flickr30k_images/flickr30k_images/100716317.jpg,person,0.42590320110321045,483.8644104003906,139.73431396484375,499.0230407714844,238.9557342529297,21
Flickr30K/100716317.jpg,/content/Image_captioning_Local/Flickr30K/flickr30k_images/flickr30k_images/100716317.jpg,refrigerator,0.40034621953964233,117.47351837158203,38.880104064941406,322.49468994140625,328.88671875,21
Flickr30K/100716317.jpg,/content/Image_captioning_Local/Flickr30K/flickr30k_images/flickr30k_images/100716317.jpg,umbrella,0.3559441864490509,248.14883422851562,169.22410583496094,304.7850341796875,208.10569763183594,21
Flickr30K/100716317.jpg,/content/Image_captioning_Local/Flickr30K/flickr30k_images/flickr30k_images/100716317.jpg,person,0.3232066035270691,485.0261535644531,139.83200073242188,498.1894836425781,166.23818969726562,21
Flickr30K/100716317.jpg,/content/Image_captioning_Local/Flickr30K/flickr30k_images/flickr30k_images/100716317.jpg,person,0.32096752524375916,257.962890625,202.0242919921875,289.39337158203125,249.79287719726562,21
Flickr30K/100716317.jpg,/content/Image_captioning_Local/Flickr30K/flickr30k_images/flickr30k_images/100716317.jpg,umbrella,0.28149378299713135,0.03627687692642212,78.22975158691406,73.14525604248047,110.60567474365234,21
Flickr30K/100716317.jpg,/content/Image_captioning_Local/Flickr30K/flickr30k_images/flickr30k_images/100716317.jpg,person,0.2720448076725006,250.4148712158203,169.4142608642578,304.1591796875,248.76524353027344,21
Flickr30K/100716317.jpg,/content/Image_captioning_Local/Flickr30K/flickr30k_images/flickr30k_images/100716317.jpg,person,0.26990532875061035,259.62591552734375,169.33956909179688,303.9071044921875,246.6962890625,21
Flickr30K/100716317.jpg,/content/Image_captioning_Local/Flickr30K/flickr30k_images/flickr30k_images/100716317.jpg,person,0.26763203740119934,181.06809997558594,227.69534301757812,189.8629150390625,255.6066131591797,21
Flickr30K/100716317.jpg,/content/Image_captioning_Local/Flickr30K/flickr30k_images/flickr30k_images/100716317.jpg,person,0.2601802349090576,202.30767822265625,225.91700744628906,210.73812866210938,252.93270874023438,21
Flickr30K/100716317.jpg,/content/Image_captioning_Local/Flickr30K/flickr30k_images/flickr30k_images/100716317.jpg,refrigerator,0.25999510288238525,399.39080810546875,134.73382568359375,467.0061340332031,272.31298828125,21
Flickr30K/100716317.jpg,/content/Image_captioning_Local/Flickr30K/flickr30k_images/flickr30k_images/100716317.jpg,person,0.25682389736175537,259.223876953125,202.15792846679688,290.17364501953125,247.99900817871094,21
Flickr30K/100716317.jpg,/content/Image_captioning_Local/Flickr30K/flickr30k_images/flickr30k_images/100716317.jpg,person,0.2540450394153595,248.14883422851562,169.22410583496094,304.7850341796875,208.10569763183594,21
Flickr30K/1007205537.jpg,/content/Image_captioning_Local/Flickr30K/flickr30k_images/flickr30k_images/1007205537.jpg,person,0.9328510761260986,137.62481689453125,256.6058044433594,277.4287109375,415.4530029296875,14
Flickr30K/1007205537.jpg,/content/Image_captioning_Local/Flickr30K/flickr30k_images/flickr30k_images/1007205537.jpg,chair,0.5429966449737549,335.7519836425781,330.0868835449219,354.6251525878906,374.0043640136719,14
Flickr30K/1007205537.jpg,/content/Image_captioning_Local/Flickr30K/flickr30k_images/flickr30k_images/1007205537.jpg,suitcase,0.5344953536987305,275.516845703125,319.6356506347656,324.9490966796875,397.37548828125,14
Flickr30K/1007205537.jpg,/content/Image_captioning_Local/Flickr30K/flickr30k_images/flickr30k_images/1007205537.jpg,chair,0.47712600231170654,337.0326232910156,312.2574157714844,353.17462158203125,332.2946472167969,14
Flickr30K/1007205537.jpg,/content/Image_captioning_Local/Flickr30K/flickr30k_images/flickr30k_images/1007205537.jpg,chair,0.4423229992389679,319.38970947265625,327.4745788574219,335.3180236816406,362.4759521484375,14
Flickr30K/1007205537.jpg,/content/Image_captioning_Local/Flickr30K/flickr30k_images/flickr30k_images/1007205537.jpg,chair,0.44041383266448975,319.3948059082031,328.0912170410156,336.24615478515625,374.52447509765625,14
Flickr30K/1007205537.jpg,/content/Image_captioning_Local/Flickr30K/flickr30k_images/flickr30k_images/1007205537.jpg,chair,0.4101983606815338,336.9593811035156,312.29791259765625,354.6945495605469,347.4758605957031,14
Flickr30K/1007205537.jpg,/content/Image_captioning_Local/Flickr30K/flickr30k_images/flickr30k_images/1007205537.jpg,chair,0.36540383100509644,337.41021728515625,312.2522888183594,351.0646667480469,321.1708679199219,14
Flickr30K/1007205537.jpg,/content/Image_captioning_Local/Flickr30K/flickr30k_images/flickr30k_images/1007205537.jpg,chair,0.33360937237739563,317.99652099609375,312.2264404296875,333.2473449707031,330.153564453125,14
Flickr30K/1007205537.jpg,/content/Image_captioning_Local/Flickr30K/flickr30k_images/flickr30k_images/1007205537.jpg,chair,0.32062822580337524,318.245361328125,312.2574157714844,334.9770812988281,361.7798156738281,14
Flickr30K/1007205537.jpg,/content/Image_captioning_Local/Flickr30K/flickr30k_images/flickr30k_images/1007205537.jpg,chair,0.29853492975234985,355.9043884277344,311.17266845703125,374.3054504394531,330.99322509765625,14
Flickr30K/1007205537.jpg,/content/Image_captioning_Local/Flickr30K/flickr30k_images/flickr30k_images/1007205537.jpg,chair,0.2814159691333771,364.9945068359375,311.04559326171875,374.24237060546875,328.2117919921875,14
Flickr30K/1007205537.jpg,/content/Image_captioning_Local/Flickr30K/flickr30k_images/flickr30k_images/1007205537.jpg,chair,0.2686186730861664,336.2626953125,312.34222412109375,354.80816650390625,368.2240905761719,14
Flickr30K/1007205537.jpg,/content/Image_captioning_Local/Flickr30K/flickr30k_images/flickr30k_images/1007205537.jpg,person,0.2507527470588684,304.85272216796875,317.1000061035156,318.2486572265625,329.5747375488281,14
Flickr30K/1007320043.jpg,/content/Image_captioning_Local/Flickr30K/flickr30k_images/flickr30k_images/1007320043.jpg,person,0.9665287137031555,180.2510986328125,0.2345479130744934,398.28656005859375,332.7308349609375,1
Flickr30K/100759042.jpg,/content/Image_captioning_Local/Flickr30K/flickr30k_images/flickr30k_images/100759042.jpg,person,0.9795076251029968,0.21127909421920776,38.93159484863281,316.4226379394531,498.69073486328125,2
Flickr30K/100759042.jpg,/content/Image_captioning_Local/Flickr30K/flickr30k_images/flickr30k_images/100759042.jpg,scissors,0.7175799012184143,203.57232666015625,413.1860656738281,242.0160675048828,454.6569519042969,2
Flickr30K/10082347.jpg,/content/Image_captioning_Local/Flickr30K/flickr30k_images/flickr30k_images/10082347.jpg,person,0.8840310573577881,-0.5926072597503662,0.9776731133460999,351.3116149902344,338.1411437988281,3
Flickr30K/10082347.jpg,/content/Image_captioning_Local/Flickr30K/flickr30k_images/flickr30k_images/10082347.jpg,baseball bat,0.6631174683570862,18.075037002563477,143.5136260986328,99.04177856445312,337.99481201171875,3
Flickr30K/10082347.jpg,/content/Image_captioning_Local/Flickr30K/flickr30k_images/flickr30k_images/10082347.jpg,baseball bat,0.3032069802284241,24.861169815063477,193.56637573242188,96.94852447509766,337.7912902832031,3
Flickr30K/10082348.jpg,/content/Image_captioning_Local/Flickr30K/flickr30k_images/flickr30k_images/10082348.jpg,person,0.9739117622375488,75.92329406738281,18.490129470825195,402.3390197753906,450.18328857421875,5
Flickr30K/10082348.jpg,/content/Image_captioning_Local/Flickr30K/flickr30k_images/flickr30k_images/10082348.jpg,cup,0.9074624180793762,257.45977783203125,146.14962768554688,290.6655578613281,188.3713836669922,5
Flickr30K/10082348.jpg,/content/Image_captioning_Local/Flickr30K/flickr30k_images/flickr30k_images/10082348.jpg,toilet,0.9007015228271484,47.82028579711914,342.85797119140625,179.431640625,450.00048828125,5
Flickr30K/10082348.jpg,/content/Image_captioning_Local/Flickr30K/flickr30k_images/flickr30k_images/10082348.jpg,toilet,0.7259650826454163,336.3906555175781,338.60552978515625,417.39825439453125,450.180419921875,5
Flickr30K/10082348.jpg,/content/Image_captioning_Local/Flickr30K/flickr30k_images/flickr30k_images/10082348.jpg,toilet,0.3796441853046417,254.2353515625,338.4400634765625,417.22100830078125,450.1052551269531,5
Flickr30K/100845130.jpg,/content/Image_captioning_Local/Flickr30K/flickr30k_images/flickr30k_images/100845130.jpg,person,0.9293306469917297,224.48666381835938,288.1539306640625,251.77902221679688,356.2382507324219,11
Flickr30K/100845130.jpg,/content/Image_captioning_Local/Flickr30K/flickr30k_images/flickr30k_images/100845130.jpg,person,0.9193740487098694,137.0528106689453,286.2455749511719,163.73146057128906,358.0720520019531,11
Flickr30K/100845130.jpg,/content/Image_captioning_Local/Flickr30K/flickr30k_images/flickr30k_images/100845130.jpg,person,0.8857801556587219,253.93429565429688,297.3756103515625,280.9581604003906,357.1933288574219,11
Flickr30K/100845130.jpg,/content/Image_captioning_Local/Flickr30K/flickr30k_images/flickr30k_images/100845130.jpg,person,0.7751454710960388,168.31410217285156,267.30987548828125,199.5884246826172,357.4701843261719,11
Flickr30K/100845130.jpg,/content/Image_captioning_Local/Flickr30K/flickr30k_images/flickr30k_images/100845130.jpg,person,0.39760419726371765,168.13360595703125,265.090087890625,188.7230987548828,357.3324279785156,11
Flickr30K/100845130.jpg,/content/Image_captioning_Local/Flickr30K/flickr30k_images/flickr30k_images/100845130.jpg,person,0.35899895429611206,182.2360382080078,276.91357421875,202.52723693847656,357.14849853515625,11
Flickr30K/100845130.jpg,/content/Image_captioning_Local/Flickr30K/flickr30k_images/flickr30k_images/100845130.jpg,person,0.35323965549468994,175.65216064453125,265.7170715332031,198.60763549804688,307.1590576171875,11
Flickr30K/100845130.jpg,/content/Image_captioning_Local/Flickr30K/flickr30k_images/flickr30k_images/100845130.jpg,person,0.34541770815849304,185.09132385253906,276.6335754394531,198.75576782226562,306.9947509765625,11
Flickr30K/100845130.jpg,/content/Image_captioning_Local/Flickr30K/flickr30k_images/flickr30k_images/100845130.jpg,handbag,0.33220621943473816,196.27151489257812,316.9349670410156,203.99868774414062,331.229736328125,11
Flickr30K/100845130.jpg,/content/Image_captioning_Local/Flickr30K/flickr30k_images/flickr30k_images/100845130.jpg,person,0.2937772274017334,168.2051239013672,265.7853088378906,188.29454040527344,356.8168640136719,11
Flickr30K/100845130.jpg,/content/Image_captioning_Local/Flickr30K/flickr30k_images/flickr30k_images/100845130.jpg,person,0.2669069766998291,193.05035400390625,307.88958740234375,204.0832977294922,356.8011474609375,11
Flickr30K/10090841.jpg,/content/Image_captioning_Local/Flickr30K/flickr30k_images/flickr30k_images/10090841.jpg,person,0.9355108737945557,240.01736450195312,106.25830841064453,432.89715576171875,324.28839111328125,21
Flickr30K/10090841.jpg,/content/Image_captioning_Local/Flickr30K/flickr30k_images/flickr30k_images/10090841.jpg,cup,0.9304301142692566,317.36480712890625,222.17901611328125,345.522705078125,279.4017639160156,21
Flickr30K/10090841.jpg,/content/Image_captioning_Local/Flickr30K/flickr30k_images/flickr30k_images/10090841.jpg,chair,0.6575594544410706,-0.20844116806983948,287.70941162109375,119.99642181396484,325.6526794433594,21
Flickr30K/10090841.jpg,/content/Image_captioning_Local/Flickr30K/flickr30k_images/flickr30k_images/10090841.jpg,chair,0.5791929364204407,0.03844946622848511,294.9508056640625,205.9751434326172,337.87066650390625,21
Flickr30K/10090841.jpg,/content/Image_captioning_Local/Flickr30K/flickr30k_images/flickr30k_images/10090841.jpg,chair,0.4564211368560791,0.2160804271697998,235.9489288330078,44.64914321899414,314.7858581542969,21
Flickr30K/10090841.jpg,/content/Image_captioning_Local/Flickr30K/flickr30k_images/flickr30k_images/10090841.jpg,dining table,0.43666768074035645,201.63406372070312,311.259765625,322.9516296386719,338.02630615234375,21
Flickr30K/10090841.jpg,/content/Image_captioning_Local/Flickr30K/flickr30k_images/flickr30k_images/10090841.jpg,chair,0.4343400299549103,35.43387222290039,223.47283935546875,247.36033630371094,319.4088439941406,21
Flickr30K/10090841.jpg,/content/Image_captioning_Local/Flickr30K/flickr30k_images/flickr30k_images/10090841.jpg,chair,0.40632331371307373,400.0689392089844,213.19065856933594,450.1348571777344,267.2104187011719,21
Flickr30K/10090841.jpg,/content/Image_captioning_Local/Flickr30K/flickr30k_images/flickr30k_images/10090841.jpg,chair,0.38250255584716797,405.00726318359375,266.09832763671875,450.16400146484375,338.3528747558594,21
Flickr30K/10090841.jpg,/content/Image_captioning_Local/Flickr30K/flickr30k_images/flickr30k_images/10090841.jpg,chair,0.37993955612182617,0.10473355650901794,281.63726806640625,45.23492431640625,315.4312744140625,21
Flickr30K/10090841.jpg,/content/Image_captioning_Local/Flickr30K/flickr30k_images/flickr30k_images/10090841.jpg,chair,0.37336796522140503,0.018007680773735046,236.04705810546875,38.75953674316406,296.7713317871094,21
Flickr30K/10090841.jpg,/content/Image_captioning_Local/Flickr30K/flickr30k_images/flickr30k_images/10090841.jpg,dining table,0.3575478196144104,249.16986083984375,271.41510009765625,388.908447265625,291.92974853515625,21
Flickr30K/10090841.jpg,/content/Image_captioning_Local/Flickr30K/flickr30k_images/flickr30k_images/10090841.jpg,bench,0.3525690734386444,35.43387222290039,223.47283935546875,247.36033630371094,319.4088439941406,21
Flickr30K/10090841.jpg,/content/Image_captioning_Local/Flickr30K/flickr30k_images/flickr30k_images/10090841.jpg,bench,0.321128249168396,35.2514762878418,223.76162719726562,247.68995666503906,319.6616516113281,21
Flickr30K/10090841.jpg,/content/Image_captioning_Local/Flickr30K/flickr30k_images/flickr30k_images/10090841.jpg,dining table,0.30477505922317505,249.7649688720703,261.70770263671875,450.0230712890625,337.5289001464844,21
Flickr30K/10090841.jpg,/content/Image_captioning_Local/Flickr30K/flickr30k_images/flickr30k_images/10090841.jpg,dining table,0.29216820001602173,249.31044006347656,258.8595275878906,449.3559875488281,293.33837890625,21
Flickr30K/10090841.jpg,/content/Image_captioning_Local/Flickr30K/flickr30k_images/flickr30k_images/10090841.jpg,couch,0.2789129912853241,35.43387222290039,223.47283935546875,247.36033630371094,319.4088439941406,21
Flickr30K/10090841.jpg,/content/Image_captioning_Local/Flickr30K/flickr30k_images/flickr30k_images/10090841.jpg,chair,0.27405300736427307,385.3388366699219,262.3228759765625,450.0494689941406,338.2200927734375,21
Flickr30K/10090841.jpg,/content/Image_captioning_Local/Flickr30K/flickr30k_images/flickr30k_images/10090841.jpg,couch,0.2697191536426544,35.2514762878418,223.76162719726562,247.68995666503906,319.6616516113281,21
Flickr30K/10090841.jpg,/content/Image_captioning_Local/Flickr30K/flickr30k_images/flickr30k_images/10090841.jpg,book,0.26642319560050964,399.68060302734375,258.6184387207031,445.33587646484375,268.45721435546875,21
Flickr30K/10090841.jpg,/content/Image_captioning_Local/Flickr30K/flickr30k_images/flickr30k_images/10090841.jpg,dining table,0.26067447662353516,249.42483520507812,271.2665710449219,389.09796142578125,324.19110107421875,21
Flickr30K/1009434119.jpg,/content/Image_captioning_Local/Flickr30K/flickr30k_images/flickr30k_images/1009434119.jpg,dog,0.9518945813179016,236.94387817382812,67.3594741821289,391.3014831542969,167.63430786132812,1
Flickr30K/1009692167.jpg,/content/Image_captioning_Local/Flickr30K/flickr30k_images/flickr30k_images/1009692167.jpg,dog,0.9582698345184326,110.53273010253906,196.71585083007812,212.5538330078125,316.4310302734375,6
Flickr30K/1009692167.jpg,/content/Image_captioning_Local/Flickr30K/flickr30k_images/flickr30k_images/1009692167.jpg,person,0.9340264201164246,132.2667236328125,102.61732482910156,192.93069458007812,298.2698974609375,6
Flickr30K/1009692167.jpg,/content/Image_captioning_Local/Flickr30K/flickr30k_images/flickr30k_images/1009692167.jpg,car,0.9230695962905884,200.61712646484375,7.5843706130981445,499.87017822265625,333.1170654296875,6
Flickr30K/1009692167.jpg,/content/Image_captioning_Local/Flickr30K/flickr30k_images/flickr30k_images/1009692167.jpg,truck,0.4728349447250366,200.1094207763672,8.306999206542969,500.95916748046875,332.9657287597656,6
Flickr30K/1009692167.jpg,/content/Image_captioning_Local/Flickr30K/flickr30k_images/flickr30k_images/1009692167.jpg,person,0.26341959834098816,267.5279846191406,147.26800537109375,292.8219299316406,168.35391235351562,6
Flickr30K/1009692167.jpg,/content/Image_captioning_Local/Flickr30K/flickr30k_images/flickr30k_images/1009692167.jpg,stop sign,0.25388363003730774,59.102237701416016,150.43826293945312,71.48809814453125,162.0902557373047,6
Flickr30K/101001624.jpg,/content/Image_captioning_Local/Flickr30K/flickr30k_images/flickr30k_images/101001624.jpg,bicycle,0.9395251870155334,197.03492736816406,89.86553192138672,305.2776794433594,189.85755920410156,2
Flickr30K/101001624.jpg,/content/Image_captioning_Local/Flickr30K/flickr30k_images/flickr30k_images/101001624.jpg,person,0.933332622051239,216.41661071777344,29.515239715576172,282.4313049316406,169.7735595703125,2
Flickr30K/1010031975.jpg,/content/Image_captioning_Local/Flickr30K/flickr30k_images/flickr30k_images/1010031975.jpg,person,0.9551712274551392,308.67999267578125,39.85390853881836,415.20208740234375,347.4908752441406,21
Flickr30K/1010031975.jpg,/content/Image_captioning_Local/Flickr30K/flickr30k_images/flickr30k_images/1010031975.jpg,person,0.9492263793945312,178.64569091796875,66.29400634765625,251.8468780517578,278.3012390136719,21
Flickr30K/1010031975.jpg,/content/Image_captioning_Local/Flickr30K/flickr30k_images/flickr30k_images/1010031975.jpg,person,0.947414755821228,385.7585144042969,52.236629486083984,488.9280090332031,327.2785949707031,21
Flickr30K/1010031975.jpg,/content/Image_captioning_Local/Flickr30K/flickr30k_images/flickr30k_images/1010031975.jpg,person,0.9338124394416809,115.25121307373047,61.67520523071289,176.14114379882812,304.6104431152344,21
Flickr30K/1010031975.jpg,/content/Image_captioning_Local/Flickr30K/flickr30k_images/flickr30k_images/1010031975.jpg,car,0.9224671125411987,227.46771240234375,78.85840606689453,318.76617431640625,131.75714111328125,21
Flickr30K/1010031975.jpg,/content/Image_captioning_Local/Flickr30K/flickr30k_images/flickr30k_images/1010031975.jpg,tie,0.9044086337089539,214.97743225097656,100.30987548828125,251.22189331054688,149.78466796875,21
Flickr30K/1010031975.jpg,/content/Image_captioning_Local/Flickr30K/flickr30k_images/flickr30k_images/1010031975.jpg,person,0.8667178153991699,295.83837890625,58.975440979003906,347.7890319824219,264.8910217285156,21
Flickr30K/1010031975.jpg,/content/Image_captioning_Local/Flickr30K/flickr30k_images/flickr30k_images/1010031975.jpg,tie,0.8623571991920471,149.84375,103.69053649902344,172.17835998535156,164.5203399658203,21
Flickr30K/1010031975.jpg,/content/Image_captioning_Local/Flickr30K/flickr30k_images/flickr30k_images/1010031975.jpg,car,0.8535566329956055,0.18614530563354492,17.62518310546875,265.25628662109375,273.10528564453125,21
Flickr30K/1010031975.jpg,/content/Image_captioning_Local/Flickr30K/flickr30k_images/flickr30k_images/1010031975.jpg,tie,0.5378174781799316,426.8733825683594,97.04405212402344,452.8113098144531,131.4608612060547,21
Flickr30K/1010031975.jpg,/content/Image_captioning_Local/Flickr30K/flickr30k_images/flickr30k_images/1010031975.jpg,truck,0.5089385509490967,0.15394389629364014,16.724098205566406,262.3389892578125,271.43902587890625,21
Flickr30K/1010031975.jpg,/content/Image_captioning_Local/Flickr30K/flickr30k_images/flickr30k_images/1010031975.jpg,truck,0.4738388657569885,0.6878674030303955,17.319704055786133,252.13873291015625,272.0626220703125,21
Flickr30K/1010031975.jpg,/content/Image_captioning_Local/Flickr30K/flickr30k_images/flickr30k_images/1010031975.jpg,person,0.46015679836273193,195.7242889404297,64.84838104248047,204.3866729736328,78.01756286621094,21
Flickr30K/1010031975.jpg,/content/Image_captioning_Local/Flickr30K/flickr30k_images/flickr30k_images/1010031975.jpg,tie,0.44063591957092285,414.2738342285156,96.7553482055664,452.6084289550781,150.58511352539062,21
Flickr30K/1010031975.jpg,/content/Image_captioning_Local/Flickr30K/flickr30k_images/flickr30k_images/1010031975.jpg,car,0.379757285118103,228.52659606933594,77.30023193359375,247.324951171875,87.1651382446289,21
Flickr30K/1010031975.jpg,/content/Image_captioning_Local/Flickr30K/flickr30k_images/flickr30k_images/1010031975.jpg,person,0.3594171404838562,60.80997085571289,78.90558624267578,83.17081451416016,96.95724487304688,21
Flickr30K/1010031975.jpg,/content/Image_captioning_Local/Flickr30K/flickr30k_images/flickr30k_images/1010031975.jpg,car,0.32902243733406067,197.2266845703125,75.55874633789062,247.07473754882812,92.06226348876953,21
Flickr30K/1010031975.jpg,/content/Image_captioning_Local/Flickr30K/flickr30k_images/flickr30k_images/1010031975.jpg,person,0.2819520831108093,267.6850891113281,84.55656433105469,280.5630187988281,97.06251525878906,21
Flickr30K/1010031975.jpg,/content/Image_captioning_Local/Flickr30K/flickr30k_images/flickr30k_images/1010031975.jpg,person,0.27824652194976807,195.54119873046875,64.75415802001953,204.54319763183594,91.04582214355469,21
Flickr30K/1010031975.jpg,/content/Image_captioning_Local/Flickr30K/flickr30k_images/flickr30k_images/1010031975.jpg,car,0.27462998032569885,228.71290588378906,77.28510284423828,247.01710510253906,83.06024932861328,21
Flickr30K/1010031975.jpg,/content/Image_captioning_Local/Flickr30K/flickr30k_images/flickr30k_images/1010031975.jpg,car,0.2580026090145111,196.7582550048828,76.2445297241211,204.06918334960938,90.28136444091797,21
Flickr30K/1010087179.jpg,/content/Image_captioning_Local/Flickr30K/flickr30k_images/flickr30k_images/1010087179.jpg,person,0.9227344989776611,46.52394104003906,91.72120666503906,168.2755889892578,388.7996520996094,2
Flickr30K/1010087179.jpg,/content/Image_captioning_Local/Flickr30K/flickr30k_images/flickr30k_images/1010087179.jpg,pizza,0.2616446614265442,173.652099609375,181.96145629882812,332.8868408203125,202.1912841796875,2
Flickr30K/1010087623.jpg,/content/Image_captioning_Local/Flickr30K/flickr30k_images/flickr30k_images/1010087623.jpg,person,0.826667308807373,176.44146728515625,33.3905029296875,373.0414123535156,332.789306640625,35
Flickr30K/1010087623.jpg,/content/Image_captioning_Local/Flickr30K/flickr30k_images/flickr30k_images/1010087623.jpg,person,0.7496832609176636,94.06185150146484,24.209880828857422,212.54327392578125,333.1063232421875,35
Flickr30K/1010087623.jpg,/content/Image_captioning_Local/Flickr30K/flickr30k_images/flickr30k_images/1010087623.jpg,bottle,0.5524343252182007,180.7000274658203,157.14601135253906,203.9650421142578,227.85250854492188,35
Flickr30K/1010087623.jpg,/content/Image_captioning_Local/Flickr30K/flickr30k_images/flickr30k_images/1010087623.jpg,bottle,0.5432338714599609,282.7651062011719,141.8295135498047,306.5260314941406,201.33932495117188,35
Flickr30K/1010087623.jpg,/content/Image_captioning_Local/Flickr30K/flickr30k_images/flickr30k_images/1010087623.jpg,bottle,0.5427173972129822,349.704345703125,146.01246643066406,369.4791564941406,205.9200897216797,35
Flickr30K/1010087623.jpg,/content/Image_captioning_Local/Flickr30K/flickr30k_images/flickr30k_images/1010087623.jpg,bottle,0.5135130286216736,478.5582275390625,136.59764099121094,498.0939025878906,183.78970336914062,35
Flickr30K/1010087623.jpg,/content/Image_captioning_Local/Flickr30K/flickr30k_images/flickr30k_images/1010087623.jpg,bottle,0.5105915665626526,238.23118591308594,144.41656494140625,258.9029541015625,198.08692932128906,35
Flickr30K/1010087623.jpg,/content/Image_captioning_Local/Flickr30K/flickr30k_images/flickr30k_images/1010087623.jpg,bottle,0.5093850493431091,157.45257568359375,150.09910583496094,179.69398498535156,229.90228271484375,35
Flickr30K/1010087623.jpg,/content/Image_captioning_Local/Flickr30K/flickr30k_images/flickr30k_images/1010087623.jpg,person,0.5081478357315063,97.94317626953125,24.051054000854492,211.5767822265625,151.84230041503906,35
Flickr30K/1010087623.jpg,/content/Image_captioning_Local/Flickr30K/flickr30k_images/flickr30k_images/1010087623.jpg,person,0.49031245708465576,185.86753845214844,33.48744201660156,373.93988037109375,147.0885772705078,35
Flickr30K/1010087623.jpg,/content/Image_captioning_Local/Flickr30K/flickr30k_images/flickr30k_images/1010087623.jpg,bottle,0.4875867962837219,326.1648864746094,140.7265167236328,343.96343994140625,204.056640625,35
Flickr30K/1010087623.jpg,/content/Image_captioning_Local/Flickr30K/flickr30k_images/flickr30k_images/1010087623.jpg,bottle,0.4842470586299896,304.86578369140625,138.04782104492188,328.2020568847656,202.9270782470703,35
Flickr30K/1010087623.jpg,/content/Image_captioning_Local/Flickr30K/flickr30k_images/flickr30k_images/1010087623.jpg,bottle,0.4832167625427246,40.92878723144531,152.76068115234375,53.65932083129883,214.64259338378906,35
Flickr30K/1010087623.jpg,/content/Image_captioning_Local/Flickr30K/flickr30k_images/flickr30k_images/1010087623.jpg,bottle,0.47478967905044556,378.9340515136719,141.4210968017578,402.1430358886719,203.16098022460938,35
Flickr30K/1010087623.jpg,/content/Image_captioning_Local/Flickr30K/flickr30k_images/flickr30k_images/1010087623.jpg,bottle,0.4726896584033966,452.63818359375,136.9634246826172,472.660400390625,184.6477813720703,35
Flickr30K/1010087623.jpg,/content/Image_captioning_Local/Flickr30K/flickr30k_images/flickr30k_images/1010087623.jpg,bottle,0.46118202805519104,430.6377868652344,139.4468231201172,449.9651794433594,203.66580200195312,35
Flickr30K/1010087623.jpg,/content/Image_captioning_Local/Flickr30K/flickr30k_images/flickr30k_images/1010087623.jpg,bottle,0.4588986039161682,259.9934997558594,144.44607543945312,277.7249755859375,199.11167907714844,35
Flickr30K/1010087623.jpg,/content/Image_captioning_Local/Flickr30K/flickr30k_images/flickr30k_images/1010087623.jpg,bottle,0.4375939667224884,67.88705444335938,157.51260375976562,89.60741424560547,232.78878784179688,35
Flickr30K/1010087623.jpg,/content/Image_captioning_Local/Flickr30K/flickr30k_images/flickr30k_images/1010087623.jpg,bottle,0.36164265871047974,144.2039337158203,153.19357299804688,159.3800506591797,220.3245849609375,35
Flickr30K/1010087623.jpg,/content/Image_captioning_Local/Flickr30K/flickr30k_images/flickr30k_images/1010087623.jpg,bottle,0.3601112961769104,25.719322204589844,155.20095825195312,40.160850524902344,208.75637817382812,35
Flickr30K/1010087623.jpg,/content/Image_captioning_Local/Flickr30K/flickr30k_images/flickr30k_images/1010087623.jpg,bottle,0.34994426369667053,121.42085266113281,149.18499755859375,144.6112823486328,230.8619842529297,35
Flickr30K/1010087623.jpg,/content/Image_captioning_Local/Flickr30K/flickr30k_images/flickr30k_images/1010087623.jpg,bottle,0.3465811312198639,402.26495361328125,148.1791229248047,417.7850036621094,199.1490478515625,35
Flickr30K/1010087623.jpg,/content/Image_captioning_Local/Flickr30K/flickr30k_images/flickr30k_images/1010087623.jpg,bottle,0.34133511781692505,206.6940460205078,161.7406005859375,229.12533569335938,226.35464477539062,35
Flickr30K/1010087623.jpg,/content/Image_captioning_Local/Flickr30K/flickr30k_images/flickr30k_images/1010087623.jpg,bottle,0.3391788601875305,420.6328125,137.47669982910156,435.93170166015625,205.54132080078125,35
Flickr30K/1010087623.jpg,/content/Image_captioning_Local/Flickr30K/flickr30k_images/flickr30k_images/1010087623.jpg,bottle,0.33236467838287354,121.53679656982422,173.59170532226562,145.4294891357422,230.74874877929688,35
Flickr30K/1010087623.jpg,/content/Image_captioning_Local/Flickr30K/flickr30k_images/flickr30k_images/1010087623.jpg,bottle,0.3301571309566498,469.86126708984375,135.98001098632812,481.2760314941406,183.3085174560547,35
Flickr30K/1010087623.jpg,/content/Image_captioning_Local/Flickr30K/flickr30k_images/flickr30k_images/1010087623.jpg,bottle,0.3265541195869446,56.878971099853516,163.28744506835938,70.71581268310547,222.1412811279297,35
Flickr30K/1010087623.jpg,/content/Image_captioning_Local/Flickr30K/flickr30k_images/flickr30k_images/1010087623.jpg,bottle,0.32293441891670227,368.1845703125,149.1473388671875,385.20367431640625,204.1280975341797,35
Flickr30K/1010087623.jpg,/content/Image_captioning_Local/Flickr30K/flickr30k_images/flickr30k_images/1010087623.jpg,bottle,0.3080118000507355,50.5169677734375,159.07933044433594,61.93008804321289,218.1884002685547,35
Flickr30K/1010087623.jpg,/content/Image_captioning_Local/Flickr30K/flickr30k_images/flickr30k_images/1010087623.jpg,bottle,0.30395257472991943,9.244823455810547,150.4935760498047,20.50276756286621,200.2928009033203,35
Flickr30K/1010087623.jpg,/content/Image_captioning_Local/Flickr30K/flickr30k_images/flickr30k_images/1010087623.jpg,bottle,0.28896021842956543,219.56494140625,141.8206787109375,238.58248901367188,196.52410888671875,35
Flickr30K/1010087623.jpg,/content/Image_captioning_Local/Flickr30K/flickr30k_images/flickr30k_images/1010087623.jpg,bottle,0.28436392545700073,17.741918563842773,153.18531799316406,28.63616180419922,203.8323211669922,35
Flickr30K/1010087623.jpg,/content/Image_captioning_Local/Flickr30K/flickr30k_images/flickr30k_images/1010087623.jpg,bottle,0.27465420961380005,339.9007873535156,142.40269470214844,353.21044921875,204.69635009765625,35
Flickr30K/1010087623.jpg,/content/Image_captioning_Local/Flickr30K/flickr30k_images/flickr30k_images/1010087623.jpg,bottle,0.2690034806728363,68.09109497070312,173.96356201171875,88.94257354736328,223.48272705078125,35
Flickr30K/1010087623.jpg,/content/Image_captioning_Local/Flickr30K/flickr30k_images/flickr30k_images/1010087623.jpg,bottle,0.2609494626522064,420.2958679199219,147.26028442382812,434.80841064453125,205.30572509765625,35
Flickr30K/10101477.jpg,/content/Image_captioning_Local/Flickr30K/flickr30k_images/flickr30k_images/10101477.jpg,person,0.9453997015953064,58.909454345703125,135.82196044921875,152.44525146484375,329.2709655761719,19
Flickr30K/10101477.jpg,/content/Image_captioning_Local/Flickr30K/flickr30k_images/flickr30k_images/10101477.jpg,person,0.9205251932144165,246.10877990722656,129.787109375,305.60162353515625,257.43487548828125,19
Flickr30K/10101477.jpg,/content/Image_captioning_Local/Flickr30K/flickr30k_images/flickr30k_images/10101477.jpg,person,0.908462643623352,457.3974304199219,113.52669525146484,483.88250732421875,176.9144744873047,19
Flickr30K/10101477.jpg,/content/Image_captioning_Local/Flickr30K/flickr30k_images/flickr30k_images/10101477.jpg,person,0.8400418162345886,442.1411437988281,118.98355102539062,458.1147766113281,177.7860565185547,19
Flickr30K/10101477.jpg,/content/Image_captioning_Local/Flickr30K/flickr30k_images/flickr30k_images/10101477.jpg,person,0.8253600001335144,210.38864135742188,128.64425659179688,259.2121887207031,263.53472900390625,19
Flickr30K/10101477.jpg,/content/Image_captioning_Local/Flickr30K/flickr30k_images/flickr30k_images/10101477.jpg,person,0.8031600117683411,327.7247009277344,128.74761962890625,345.1149597167969,178.72036743164062,19
Flickr30K/10101477.jpg,/content/Image_captioning_Local/Flickr30K/flickr30k_images/flickr30k_images/10101477.jpg,person,0.7508283257484436,173.8056182861328,144.48367309570312,187.52122497558594,183.35850524902344,19
Flickr30K/10101477.jpg,/content/Image_captioning_Local/Flickr30K/flickr30k_images/flickr30k_images/10101477.jpg,suitcase,0.6965519189834595,285.99554443359375,255.94735717773438,333.95098876953125,309.4522399902344,19
Flickr30K/10101477.jpg,/content/Image_captioning_Local/Flickr30K/flickr30k_images/flickr30k_images/10101477.jpg,person,0.6370159387588501,203.08201599121094,149.0298614501953,225.88072204589844,262.45404052734375,19
Flickr30K/10101477.jpg,/content/Image_captioning_Local/Flickr30K/flickr30k_images/flickr30k_images/10101477.jpg,baseball bat,0.4075956642627716,37.89316177368164,110.54080200195312,86.29683685302734,164.5102996826172,19
Flickr30K/10101477.jpg,/content/Image_captioning_Local/Flickr30K/flickr30k_images/flickr30k_images/10101477.jpg,person,0.3578419089317322,-0.05180481821298599,171.53762817382812,11.6373929977417,236.619384765625,19
Flickr30K/10101477.jpg,/content/Image_captioning_Local/Flickr30K/flickr30k_images/flickr30k_images/10101477.jpg,baseball bat,0.3335539996623993,71.40837097167969,150.42977905273438,150.642578125,236.1526336669922,19
Flickr30K/10101477.jpg,/content/Image_captioning_Local/Flickr30K/flickr30k_images/flickr30k_images/10101477.jpg,baseball bat,0.3328295648097992,68.2281723022461,144.6569366455078,114.4463119506836,195.74853515625,19
Flickr30K/10101477.jpg,/content/Image_captioning_Local/Flickr30K/flickr30k_images/flickr30k_images/10101477.jpg,handbag,0.33063265681266785,285.99554443359375,255.94735717773438,333.95098876953125,309.4522399902344,19
Flickr30K/10101477.jpg,/content/Image_captioning_Local/Flickr30K/flickr30k_images/flickr30k_images/10101477.jpg,baseball bat,0.3254408836364746,38.026493072509766,110.27294158935547,65.0218734741211,138.65768432617188,19
Flickr30K/10101477.jpg,/content/Image_captioning_Local/Flickr30K/flickr30k_images/flickr30k_images/10101477.jpg,handbag,0.3101719617843628,144.13368225097656,210.7464599609375,178.0018768310547,232.0696258544922,19
Flickr30K/10101477.jpg,/content/Image_captioning_Local/Flickr30K/flickr30k_images/flickr30k_images/10101477.jpg,baseball bat,0.2624755799770355,73.3893814086914,150.4983367919922,150.99734497070312,232.72879028320312,19
Flickr30K/10101477.jpg,/content/Image_captioning_Local/Flickr30K/flickr30k_images/flickr30k_images/10101477.jpg,person,0.2624344527721405,0.18840888142585754,173.13916015625,11.613994598388672,213.65036010742188,19
Flickr30K/10101477.jpg,/content/Image_captioning_Local/Flickr30K/flickr30k_images/flickr30k_images/10101477.jpg,suitcase,0.2540632486343384,144.13368225097656,210.7464599609375,178.0018768310547,232.0696258544922,19
Flickr30K/1010470346.jpg,/content/Image_captioning_Local/Flickr30K/flickr30k_images/flickr30k_images/1010470346.jpg,car,0.9564597010612488,152.22500610351562,218.04074096679688,366.8052062988281,309.0453186035156,13
Flickr30K/1010470346.jpg,/content/Image_captioning_Local/Flickr30K/flickr30k_images/flickr30k_images/1010470346.jpg,person,0.9324114322662354,359.4346923828125,203.7971649169922,394.03863525390625,313.165771484375,13
Flickr30K/1010470346.jpg,/content/Image_captioning_Local/Flickr30K/flickr30k_images/flickr30k_images/1010470346.jpg,car,0.9311221837997437,410.1977233886719,212.44773864746094,499.8909912109375,292.6434326171875,13
Flickr30K/1010470346.jpg,/content/Image_captioning_Local/Flickr30K/flickr30k_images/flickr30k_images/1010470346.jpg,person,0.874394416809082,266.53692626953125,222.2952880859375,301.69561767578125,313.33404541015625,13
Flickr30K/1010470346.jpg,/content/Image_captioning_Local/Flickr30K/flickr30k_images/flickr30k_images/1010470346.jpg,person,0.8556357026100159,85.54315185546875,195.5316619873047,124.59012603759766,265.3608093261719,13
Flickr30K/1010470346.jpg,/content/Image_captioning_Local/Flickr30K/flickr30k_images/flickr30k_images/1010470346.jpg,bicycle,0.8192896246910095,95.80564880371094,227.0318145751953,123.18585968017578,278.14794921875,13
Flickr30K/1010470346.jpg,/content/Image_captioning_Local/Flickr30K/flickr30k_images/flickr30k_images/1010470346.jpg,stop sign,0.6069872379302979,89.49365234375,173.6232147216797,105.77509307861328,190.55532836914062,13
Flickr30K/1010470346.jpg,/content/Image_captioning_Local/Flickr30K/flickr30k_images/flickr30k_images/1010470346.jpg,person,0.4787721037864685,180.49954223632812,202.177001953125,193.8550567626953,213.70492553710938,13
Flickr30K/1010470346.jpg,/content/Image_captioning_Local/Flickr30K/flickr30k_images/flickr30k_images/1010470346.jpg,person,0.2903030216693878,266.7026672363281,220.8361358642578,279.5289001464844,259.6311950683594,13
Flickr30K/1010470346.jpg,/content/Image_captioning_Local/Flickr30K/flickr30k_images/flickr30k_images/1010470346.jpg,handbag,0.28127148747444153,386.06365966796875,251.3754425048828,394.83306884765625,265.4746398925781,13
Flickr30K/1010470346.jpg,/content/Image_captioning_Local/Flickr30K/flickr30k_images/flickr30k_images/1010470346.jpg,backpack,0.27314645051956177,115.26117706298828,211.51568603515625,124.64899444580078,226.4447784423828,13
Flickr30K/1010470346.jpg,/content/Image_captioning_Local/Flickr30K/flickr30k_images/flickr30k_images/1010470346.jpg,backpack,0.25922152400016785,84.33416748046875,210.43309020996094,97.9255599975586,222.67677307128906,13
Flickr30K/1010470346.jpg,/content/Image_captioning_Local/Flickr30K/flickr30k_images/flickr30k_images/1010470346.jpg,person,0.2549276351928711,173.70054626464844,202.2328643798828,194.5768280029297,227.8775177001953,13
Flickr30K/1010673430.jpg,/content/Image_captioning_Local/Flickr30K/flickr30k_images/flickr30k_images/1010673430.jpg,person,0.9792386889457703,-0.3176778554916382,-0.07557058334350586,312.72625732421875,333.92108154296875,3
Flickr30K/1010673430.jpg,/content/Image_captioning_Local/Flickr30K/flickr30k_images/flickr30k_images/1010673430.jpg,person,0.9380932450294495,325.7350769042969,54.28999710083008,500.36419677734375,310.3338928222656,3
Flickr30K/1010673430.jpg,/content/Image_captioning_Local/Flickr30K/flickr30k_images/flickr30k_images/1010673430.jpg,bottle,0.2997557520866394,488.1395263671875,264.0491943359375,500.01239013671875,316.2442932128906,3
Flickr30K/101093029.jpg,/content/Image_captioning_Local/Flickr30K/flickr30k_images/flickr30k_images/101093029.jpg,person,0.9453258514404297,346.9162292480469,183.576904296875,421.9625244140625,341.52679443359375,36
Flickr30K/101093029.jpg,/content/Image_captioning_Local/Flickr30K/flickr30k_images/flickr30k_images/101093029.jpg,person,0.9306049346923828,65.13336181640625,201.81805419921875,178.743408203125,374.4354553222656,36
Flickr30K/101093029.jpg,/content/Image_captioning_Local/Flickr30K/flickr30k_images/flickr30k_images/101093029.jpg,bicycle,0.8884380459785461,0.360243022441864,210.4127655029297,41.402103424072266,245.99473571777344,36
Flickr30K/101093029.jpg,/content/Image_captioning_Local/Flickr30K/flickr30k_images/flickr30k_images/101093029.jpg,motorcycle,0.8077439069747925,177.38389587402344,174.98973083496094,274.07928466796875,303.7389221191406,36
Flickr30K/101093029.jpg,/content/Image_captioning_Local/Flickr30K/flickr30k_images/flickr30k_images/101093029.jpg,person,0.7395363450050354,445.583740234375,184.39479064941406,469.9693603515625,246.5147247314453,36
Flickr30K/101093029.jpg,/content/Image_captioning_Local/Flickr30K/flickr30k_images/flickr30k_images/101093029.jpg,handbag,0.7124578952789307,395.3623046875,246.18112182617188,414.7388916015625,275.75140380859375,36
Flickr30K/101093029.jpg,/content/Image_captioning_Local/Flickr30K/flickr30k_images/flickr30k_images/101093029.jpg,person,0.6458774209022522,260.7385559082031,182.60675048828125,280.2489929199219,240.1142578125,36
Flickr30K/101093029.jpg,/content/Image_captioning_Local/Flickr30K/flickr30k_images/flickr30k_images/101093029.jpg,person,0.6352326273918152,149.18360900878906,183.31703186035156,170.2591552734375,241.17657470703125,36
Flickr30K/101093029.jpg,/content/Image_captioning_Local/Flickr30K/flickr30k_images/flickr30k_images/101093029.jpg,person,0.634389340877533,469.6059265136719,189.27032470703125,500.0373840332031,314.43511962890625,36
Flickr30K/101093029.jpg,/content/Image_captioning_Local/Flickr30K/flickr30k_images/flickr30k_images/101093029.jpg,person,0.53444904088974,337.7082214355469,180.87986755371094,356.14508056640625,242.7936553955078,36
Flickr30K/101093029.jpg,/content/Image_captioning_Local/Flickr30K/flickr30k_images/flickr30k_images/101093029.jpg,person,0.5324006676673889,282.8941650390625,187.87110900878906,300.6416320800781,242.6040802001953,36
Flickr30K/101093029.jpg,/content/Image_captioning_Local/Flickr30K/flickr30k_images/flickr30k_images/101093029.jpg,person,0.5163464546203613,85.08818817138672,184.8814239501953,103.9370346069336,243.1156768798828,36
Flickr30K/101093029.jpg,/content/Image_captioning_Local/Flickr30K/flickr30k_images/flickr30k_images/101093029.jpg,person,0.508110761642456,207.5052490234375,183.96926879882812,255.826171875,283.90301513671875,36
Flickr30K/101093029.jpg,/content/Image_captioning_Local/Flickr30K/flickr30k_images/flickr30k_images/101093029.jpg,person,0.5057555437088013,125.90414428710938,181.7762451171875,150.13348388671875,218.84136962890625,36
Flickr30K/101093029.jpg,/content/Image_captioning_Local/Flickr30K/flickr30k_images/flickr30k_images/101093029.jpg,handbag,0.48547208309173584,312.32135009765625,212.55966186523438,325.9819641113281,228.15603637695312,36
Flickr30K/101093029.jpg,/content/Image_captioning_Local/Flickr30K/flickr30k_images/flickr30k_images/101093029.jpg,person,0.47388002276420593,412.4945373535156,184.2935028076172,430.7001953125,236.92117309570312,36
Flickr30K/101093029.jpg,/content/Image_captioning_Local/Flickr30K/flickr30k_images/flickr30k_images/101093029.jpg,person,0.46513643860816956,324.12225341796875,176.52725219726562,342.376220703125,240.43357849121094,36
Flickr30K/101093029.jpg,/content/Image_captioning_Local/Flickr30K/flickr30k_images/flickr30k_images/101093029.jpg,handbag,0.4478427469730377,427.3466796875,205.7794952392578,439.07769775390625,219.48057556152344,36
Flickr30K/101093029.jpg,/content/Image_captioning_Local/Flickr30K/flickr30k_images/flickr30k_images/101093029.jpg,person,0.43395981192588806,308.1829833984375,187.85418701171875,324.9383850097656,242.34201049804688,36
Flickr30K/101093029.jpg,/content/Image_captioning_Local/Flickr30K/flickr30k_images/flickr30k_images/101093029.jpg,person,0.4310968220233917,45.11689376831055,184.92413330078125,62.92745590209961,239.79002380371094,36
Flickr30K/101093029.jpg,/content/Image_captioning_Local/Flickr30K/flickr30k_images/flickr30k_images/101093029.jpg,person,0.4268608093261719,358.7008056640625,176.0130615234375,372.5755920410156,209.89035034179688,36
Flickr30K/101093029.jpg,/content/Image_captioning_Local/Flickr30K/flickr30k_images/flickr30k_images/101093029.jpg,person,0.424594521522522,429.4914245605469,180.3732147216797,448.9286804199219,240.4518280029297,36
Flickr30K/101093029.jpg,/content/Image_captioning_Local/Flickr30K/flickr30k_images/flickr30k_images/101093029.jpg,person,0.4208715558052063,245.921875,182.578857421875,262.6086730957031,237.74398803710938,36
Flickr30K/101093029.jpg,/content/Image_captioning_Local/Flickr30K/flickr30k_images/flickr30k_images/101093029.jpg,person,0.40550896525382996,385.8577575683594,180.3354034423828,401.8561096191406,217.4517364501953,36
Flickr30K/101093029.jpg,/content/Image_captioning_Local/Flickr30K/flickr30k_images/flickr30k_images/101093029.jpg,person,0.3734016716480255,298.146484375,182.91087341308594,313.82440185546875,245.9673309326172,36
Flickr30K/101093029.jpg,/content/Image_captioning_Local/Flickr30K/flickr30k_images/flickr30k_images/101093029.jpg,handbag,0.318075954914093,85.28366088867188,266.9397277832031,115.39161682128906,374.5710144042969,36
Flickr30K/101093029.jpg,/content/Image_captioning_Local/Flickr30K/flickr30k_images/flickr30k_images/101093029.jpg,person,0.3175836205482483,174.02938842773438,181.26327514648438,187.82688903808594,236.4276885986328,36
Flickr30K/101093029.jpg,/content/Image_captioning_Local/Flickr30K/flickr30k_images/flickr30k_images/101093029.jpg,person,0.3161699175834656,61.28463363647461,187.46649169921875,76.78125,248.6424560546875,36
Flickr30K/101093029.jpg,/content/Image_captioning_Local/Flickr30K/flickr30k_images/flickr30k_images/101093029.jpg,person,0.3032907247543335,184.512451171875,185.70896911621094,199.42344665527344,245.9591064453125,36
Flickr30K/101093029.jpg,/content/Image_captioning_Local/Flickr30K/flickr30k_images/flickr30k_images/101093029.jpg,handbag,0.2966808080673218,470.3023681640625,205.64183044433594,492.1139221191406,230.15963745117188,36
Flickr30K/101093029.jpg,/content/Image_captioning_Local/Flickr30K/flickr30k_images/flickr30k_images/101093029.jpg,person,0.29640039801597595,298.8583679199219,182.98558044433594,310.0301208496094,232.40646362304688,36
Flickr30K/101093029.jpg,/content/Image_captioning_Local/Flickr30K/flickr30k_images/flickr30k_images/101093029.jpg,person,0.2881903052330017,125.94588470458984,181.69134521484375,150.22035217285156,243.4339599609375,36
Flickr30K/101093029.jpg,/content/Image_captioning_Local/Flickr30K/flickr30k_images/flickr30k_images/101093029.jpg,person,0.2829374670982361,189.78256225585938,182.96656799316406,204.45529174804688,245.60348510742188,36
Flickr30K/101093029.jpg,/content/Image_captioning_Local/Flickr30K/flickr30k_images/flickr30k_images/101093029.jpg,person,0.27919575572013855,14.541415214538574,195.68667602539062,34.33340072631836,245.0644989013672,36
Flickr30K/101093029.jpg,/content/Image_captioning_Local/Flickr30K/flickr30k_images/flickr30k_images/101093029.jpg,handbag,0.2633430063724518,65.35531616210938,266.67254638671875,97.74388122558594,348.2200622558594,36
Flickr30K/101093029.jpg,/content/Image_captioning_Local/Flickr30K/flickr30k_images/flickr30k_images/101093029.jpg,sports ball,0.25352248549461365,200.9056854248047,270.4017639160156,233.79051208496094,303.8946533203125,36
Flickr30K/101093045.jpg,/content/Image_captioning_Local/Flickr30K/flickr30k_images/flickr30k_images/101093045.jpg,person,0.9374570250511169,-0.06323494017124176,121.9113540649414,58.44749450683594,302.6785583496094,28
Flickr30K/101093045.jpg,/content/Image_captioning_Local/Flickr30K/flickr30k_images/flickr30k_images/101093045.jpg,person,0.9273406863212585,108.56739807128906,128.03591918945312,201.56793212890625,321.5281066894531,28
Flickr30K/101093045.jpg,/content/Image_captioning_Local/Flickr30K/flickr30k_images/flickr30k_images/101093045.jpg,person,0.8236374258995056,71.65216827392578,129.75872802734375,98.03367614746094,203.6159210205078,28
Flickr30K/101093045.jpg,/content/Image_captioning_Local/Flickr30K/flickr30k_images/flickr30k_images/101093045.jpg,person,0.7556164860725403,45.29452896118164,128.7947998046875,70.94001007080078,205.79054260253906,28
Flickr30K/101093045.jpg,/content/Image_captioning_Local/Flickr30K/flickr30k_images/flickr30k_images/101093045.jpg,person,0.7103402018547058,105.01019287109375,123.86129760742188,135.5316925048828,188.52317810058594,28
Flickr30K/101093045.jpg,/content/Image_captioning_Local/Flickr30K/flickr30k_images/flickr30k_images/101093045.jpg,person,0.6928313374519348,377.61907958984375,120.97402954101562,396.5433349609375,180.004638671875,28
Flickr30K/101093045.jpg,/content/Image_captioning_Local/Flickr30K/flickr30k_images/flickr30k_images/101093045.jpg,person,0.6876856684684753,355.1500549316406,119.80252075195312,373.28338623046875,180.4070587158203,28
Flickr30K/101093045.jpg,/content/Image_captioning_Local/Flickr30K/flickr30k_images/flickr30k_images/101093045.jpg,bicycle,0.6516138315200806,168.5307159423828,94.44189453125,326.78753662109375,363.66925048828125,28
Flickr30K/101093045.jpg,/content/Image_captioning_Local/Flickr30K/flickr30k_images/flickr30k_images/101093045.jpg,person,0.6361050009727478,311.42437744140625,120.71295928955078,336.18707275390625,186.92739868164062,28
Flickr30K/101093045.jpg,/content/Image_captioning_Local/Flickr30K/flickr30k_images/flickr30k_images/101093045.jpg,person,0.6241210699081421,435.41839599609375,121.68344116210938,454.4494323730469,183.79481506347656,28
Flickr30K/101093045.jpg,/content/Image_captioning_Local/Flickr30K/flickr30k_images/flickr30k_images/101093045.jpg,person,0.5881199836730957,421.1906433105469,117.54844665527344,440.42572021484375,181.0997314453125,28
Flickr30K/101093045.jpg,/content/Image_captioning_Local/Flickr30K/flickr30k_images/flickr30k_images/101093045.jpg,person,0.5250797271728516,341.12469482421875,122.4988021850586,356.9375,178.61056518554688,28
Flickr30K/101093045.jpg,/content/Image_captioning_Local/Flickr30K/flickr30k_images/flickr30k_images/101093045.jpg,person,0.5172823667526245,473.1430358886719,118.94288635253906,492.0975646972656,186.1593475341797,28
Flickr30K/101093045.jpg,/content/Image_captioning_Local/Flickr30K/flickr30k_images/flickr30k_images/101093045.jpg,handbag,0.4683186411857605,448.1224060058594,133.5054473876953,465.55963134765625,161.2771759033203,28
Flickr30K/101093045.jpg,/content/Image_captioning_Local/Flickr30K/flickr30k_images/flickr30k_images/101093045.jpg,motorcycle,0.4052032232284546,168.5307159423828,94.44189453125,326.78753662109375,363.66925048828125,28
Flickr30K/101093045.jpg,/content/Image_captioning_Local/Flickr30K/flickr30k_images/flickr30k_images/101093045.jpg,backpack,0.39846470952033997,448.1224060058594,133.5054473876953,465.55963134765625,161.2771759033203,28
Flickr30K/101093045.jpg,/content/Image_captioning_Local/Flickr30K/flickr30k_images/flickr30k_images/101093045.jpg,person,0.3963529169559479,455.880126953125,122.0293197631836,475.95635986328125,185.35862731933594,28
Flickr30K/101093045.jpg,/content/Image_captioning_Local/Flickr30K/flickr30k_images/flickr30k_images/101093045.jpg,person,0.34353670477867126,63.941165924072266,126.60338592529297,78.69395446777344,199.33738708496094,28
Flickr30K/101093045.jpg,/content/Image_captioning_Local/Flickr30K/flickr30k_images/flickr30k_images/101093045.jpg,backpack,0.33741071820259094,311.8573303222656,133.53350830078125,326.11578369140625,160.1156768798828,28
Flickr30K/101093045.jpg,/content/Image_captioning_Local/Flickr30K/flickr30k_images/flickr30k_images/101093045.jpg,person,0.3046838343143463,166.63951110839844,125.29109954833984,179.67254638671875,182.90548706054688,28
Flickr30K/101093045.jpg,/content/Image_captioning_Local/Flickr30K/flickr30k_images/flickr30k_images/101093045.jpg,person,0.2965141832828522,317.51800537109375,121.78105926513672,341.7323913574219,187.0473175048828,28
Flickr30K/101093045.jpg,/content/Image_captioning_Local/Flickr30K/flickr30k_images/flickr30k_images/101093045.jpg,handbag,0.2932746410369873,311.8573303222656,133.53350830078125,326.11578369140625,160.1156768798828,28
Flickr30K/101093045.jpg,/content/Image_captioning_Local/Flickr30K/flickr30k_images/flickr30k_images/101093045.jpg,person,0.2904454469680786,448.7132263183594,121.98248291015625,470.6958312988281,183.63760375976562,28
Flickr30K/101093045.jpg,/content/Image_captioning_Local/Flickr30K/flickr30k_images/flickr30k_images/101093045.jpg,person,0.27278777956962585,175.95904541015625,124.92526245117188,195.8080596923828,193.75704956054688,28
Flickr30K/101093045.jpg,/content/Image_captioning_Local/Flickr30K/flickr30k_images/flickr30k_images/101093045.jpg,person,0.26494646072387695,178.1568145751953,125.08875274658203,189.47409057617188,147.27565002441406,28
Flickr30K/101093045.jpg,/content/Image_captioning_Local/Flickr30K/flickr30k_images/flickr30k_images/101093045.jpg,person,0.26181432604789734,32.33102798461914,127.03054809570312,47.973602294921875,149.3805389404297,28
Flickr30K/101093045.jpg,/content/Image_captioning_Local/Flickr30K/flickr30k_images/flickr30k_images/101093045.jpg,person,0.2605210244655609,64.51334381103516,126.46981811523438,75.97632598876953,147.0477294921875,28
Flickr30K/101093045.jpg,/content/Image_captioning_Local/Flickr30K/flickr30k_images/flickr30k_images/101093045.jpg,person,0.25289201736450195,342.8214416503906,122.5271987915039,355.90972900390625,148.5194549560547,28
Flickr30K/1011572216.jpg,/content/Image_captioning_Local/Flickr30K/flickr30k_images/flickr30k_images/1011572216.jpg,person,0.9460468888282776,57.35795211791992,104.65534210205078,180.9626007080078,499.7925720214844,7
Flickr30K/1011572216.jpg,/content/Image_captioning_Local/Flickr30K/flickr30k_images/flickr30k_images/1011572216.jpg,person,0.8994660377502441,151.8917694091797,142.9700164794922,316.093017578125,499.7677307128906,7
Flickr30K/1011572216.jpg,/content/Image_captioning_Local/Flickr30K/flickr30k_images/flickr30k_images/1011572216.jpg,tie,0.7165066599845886,110.53377532958984,175.90634155273438,132.11329650878906,194.86566162109375,7
Flickr30K/1011572216.jpg,/content/Image_captioning_Local/Flickr30K/flickr30k_images/flickr30k_images/1011572216.jpg,car,0.4991248548030853,4.243438720703125,220.38287353515625,44.9757194519043,265.75274658203125,7
Flickr30K/1011572216.jpg,/content/Image_captioning_Local/Flickr30K/flickr30k_images/flickr30k_images/1011572216.jpg,person,0.4239638149738312,0.036351919174194336,211.9429931640625,11.067402839660645,238.52230834960938,7
Flickr30K/1011572216.jpg,/content/Image_captioning_Local/Flickr30K/flickr30k_images/flickr30k_images/1011572216.jpg,car,0.34448006749153137,0.11661814898252487,234.18850708007812,13.265328407287598,271.9911193847656,7
Flickr30K/1011572216.jpg,/content/Image_captioning_Local/Flickr30K/flickr30k_images/flickr30k_images/1011572216.jpg,person,0.25423774123191833,0.1330162137746811,211.92196655273438,13.222846984863281,270.9400939941406,7
Flickr30K/1012150929.jpg,/content/Image_captioning_Local/Flickr30K/flickr30k_images/flickr30k_images/1012150929.jpg,person,0.9612725377082825,263.386962890625,123.10082244873047,431.45953369140625,332.21697998046875,5
Flickr30K/1012150929.jpg,/content/Image_captioning_Local/Flickr30K/flickr30k_images/flickr30k_images/1012150929.jpg,tv,0.817727267742157,65.90120697021484,17.19074249267578,305.12969970703125,287.8575439453125,5
Flickr30K/1012150929.jpg,/content/Image_captioning_Local/Flickr30K/flickr30k_images/flickr30k_images/1012150929.jpg,tv,0.3081264793872833,-0.5561709403991699,17.094844818115234,300.4266052246094,331.5629577636719,5
Flickr30K/1012150929.jpg,/content/Image_captioning_Local/Flickr30K/flickr30k_images/flickr30k_images/1012150929.jpg,tv,0.28485050797462463,110.05496978759766,48.80725860595703,231.016845703125,147.9703369140625,5
Flickr30K/1012150929.jpg,/content/Image_captioning_Local/Flickr30K/flickr30k_images/flickr30k_images/1012150929.jpg,airplane,0.27331429719924927,0.003904104232788086,-0.312710702419281,499.9696350097656,332.3144836425781,5
Flickr30K/1012212859.jpg,/content/Image_captioning_Local/Flickr30K/flickr30k_images/flickr30k_images/1012212859.jpg,dog,0.9665403962135315,145.39239501953125,13.521281242370605,367.7003173828125,290.217529296875,2
Flickr30K/1012212859.jpg,/content/Image_captioning_Local/Flickr30K/flickr30k_images/flickr30k_images/1012212859.jpg,sports ball,0.9329060316085815,245.02394104003906,238.349365234375,289.70745849609375,283.2554626464844,2
Flickr30K/1012328893.jpg,/content/Image_captioning_Local/Flickr30K/flickr30k_images/flickr30k_images/1012328893.jpg,person,0.9179124236106873,57.57903289794922,178.31439208984375,113.0294418334961,301.4443664550781,62
Flickr30K/1012328893.jpg,/content/Image_captioning_Local/Flickr30K/flickr30k_images/flickr30k_images/1012328893.jpg,person,0.8360055088996887,0.0479966402053833,169.29849243164062,43.994659423828125,333.14251708984375,62
Flickr30K/1012328893.jpg,/content/Image_captioning_Local/Flickr30K/flickr30k_images/flickr30k_images/1012328893.jpg,person,0.8339885473251343,249.0186767578125,194.2008819580078,280.9282531738281,236.5137481689453,62
Flickr30K/1012328893.jpg,/content/Image_captioning_Local/Flickr30K/flickr30k_images/flickr30k_images/1012328893.jpg,person,0.749140202999115,278.0444030761719,185.38961791992188,313.1147155761719,235.98797607421875,62
Flickr30K/1012328893.jpg,/content/Image_captioning_Local/Flickr30K/flickr30k_images/flickr30k_images/1012328893.jpg,person,0.721836268901825,218.89913940429688,192.65301513671875,243.94143676757812,235.06829833984375,62
Flickr30K/1012328893.jpg,/content/Image_captioning_Local/Flickr30K/flickr30k_images/flickr30k_images/1012328893.jpg,bottle,0.698110044002533,395.3452453613281,300.83575439453125,405.6619567871094,325.6386413574219,62
Flickr30K/1012328893.jpg,/content/Image_captioning_Local/Flickr30K/flickr30k_images/flickr30k_images/1012328893.jpg,bottle,0.6846372485160828,383.7508239746094,299.14111328125,395.24468994140625,324.79339599609375,62
Flickr30K/1012328893.jpg,/content/Image_captioning_Local/Flickr30K/flickr30k_images/flickr30k_images/1012328893.jpg,bottle,0.6762591004371643,353.31304931640625,297.7102355957031,363.86224365234375,323.2088928222656,62
Flickr30K/1012328893.jpg,/content/Image_captioning_Local/Flickr30K/flickr30k_images/flickr30k_images/1012328893.jpg,bottle,0.6727970242500305,413.8410949707031,299.80938720703125,423.1019287109375,325.1515808105469,62
Flickr30K/1012328893.jpg,/content/Image_captioning_Local/Flickr30K/flickr30k_images/flickr30k_images/1012328893.jpg,person,0.6405194401741028,464.3548583984375,149.00912475585938,499.3368835449219,212.55050659179688,62
Flickr30K/1012328893.jpg,/content/Image_captioning_Local/Flickr30K/flickr30k_images/flickr30k_images/1012328893.jpg,bottle,0.6388990879058838,339.4864196777344,296.01708984375,349.9510803222656,322.1932067871094,62
Flickr30K/1012328893.jpg,/content/Image_captioning_Local/Flickr30K/flickr30k_images/flickr30k_images/1012328893.jpg,person,0.6105135679244995,369.7652893066406,186.92349243164062,394.9249267578125,214.98202514648438,62
Flickr30K/1012328893.jpg,/content/Image_captioning_Local/Flickr30K/flickr30k_images/flickr30k_images/1012328893.jpg,bottle,0.586635172367096,467.19305419921875,290.3562316894531,481.8986511230469,327.1121520996094,62
Flickr30K/1012328893.jpg,/content/Image_captioning_Local/Flickr30K/flickr30k_images/flickr30k_images/1012328893.jpg,bottle,0.5816778540611267,322.53387451171875,296.1450500488281,332.864013671875,321.0381774902344,62
Flickr30K/1012328893.jpg,/content/Image_captioning_Local/Flickr30K/flickr30k_images/flickr30k_images/1012328893.jpg,bottle,0.5720964074134827,447.9252624511719,303.0724792480469,467.9505310058594,328.74517822265625,62
Flickr30K/1012328893.jpg,/content/Image_captioning_Local/Flickr30K/flickr30k_images/flickr30k_images/1012328893.jpg,person,0.551781415939331,185.74868774414062,191.6421356201172,219.5037384033203,235.96739196777344,62
Flickr30K/1012328893.jpg,/content/Image_captioning_Local/Flickr30K/flickr30k_images/flickr30k_images/1012328893.jpg,person,0.540246844291687,399.21893310546875,190.5425567626953,419.9982604980469,224.12124633789062,62
Flickr30K/1012328893.jpg,/content/Image_captioning_Local/Flickr30K/flickr30k_images/flickr30k_images/1012328893.jpg,umbrella,0.535854697227478,229.16253662109375,164.90988159179688,286.817138671875,176.9527130126953,62
Flickr30K/1012328893.jpg,/content/Image_captioning_Local/Flickr30K/flickr30k_images/flickr30k_images/1012328893.jpg,bottle,0.526606559753418,403.81585693359375,298.6868591308594,413.7333068847656,323.8009948730469,62
Flickr30K/1012328893.jpg,/content/Image_captioning_Local/Flickr30K/flickr30k_images/flickr30k_images/1012328893.jpg,bottle,0.5260792374610901,432.6764221191406,285.1170654296875,455.9041748046875,324.360595703125,62
Flickr30K/1012328893.jpg,/content/Image_captioning_Local/Flickr30K/flickr30k_images/flickr30k_images/1012328893.jpg,bottle,0.5253517031669617,376.8898620605469,299.45208740234375,384.73583984375,322.88043212890625,62
Flickr30K/1012328893.jpg,/content/Image_captioning_Local/Flickr30K/flickr30k_images/flickr30k_images/1012328893.jpg,dining table,0.5095369219779968,30.5245361328125,283.4156799316406,499.0093688964844,332.9803771972656,62
Flickr30K/1012328893.jpg,/content/Image_captioning_Local/Flickr30K/flickr30k_images/flickr30k_images/1012328893.jpg,person,0.4966384470462799,96.45429992675781,190.46534729003906,120.19918060302734,231.62875366210938,62
Flickr30K/1012328893.jpg,/content/Image_captioning_Local/Flickr30K/flickr30k_images/flickr30k_images/1012328893.jpg,bottle,0.48132017254829407,283.375,219.5076141357422,291.7805480957031,238.40724182128906,62
Flickr30K/1012328893.jpg,/content/Image_captioning_Local/Flickr30K/flickr30k_images/flickr30k_images/1012328893.jpg,bottle,0.4729219377040863,422.0992431640625,300.569580078125,433.8533935546875,326.68035888671875,62
Flickr30K/1012328893.jpg,/content/Image_captioning_Local/Flickr30K/flickr30k_images/flickr30k_images/1012328893.jpg,person,0.456073522567749,185.20489501953125,192.15635681152344,219.4871826171875,259.2377624511719,62
Flickr30K/1012328893.jpg,/content/Image_captioning_Local/Flickr30K/flickr30k_images/flickr30k_images/1012328893.jpg,person,0.43074557185173035,43.989112854003906,190.78155517578125,63.10393524169922,219.95008850097656,62
Flickr30K/1012328893.jpg,/content/Image_captioning_Local/Flickr30K/flickr30k_images/flickr30k_images/1012328893.jpg,person,0.4124278724193573,233.67019653320312,186.9493408203125,254.22608947753906,208.75119018554688,62
Flickr30K/1012328893.jpg,/content/Image_captioning_Local/Flickr30K/flickr30k_images/flickr30k_images/1012328893.jpg,bottle,0.3974202275276184,474.95440673828125,209.72314453125,489.42669677734375,239.47987365722656,62
Flickr30K/1012328893.jpg,/content/Image_captioning_Local/Flickr30K/flickr30k_images/flickr30k_images/1012328893.jpg,handbag,0.39070069789886475,372.39495849609375,197.3653106689453,381.9297790527344,212.1678466796875,62
Flickr30K/1012328893.jpg,/content/Image_captioning_Local/Flickr30K/flickr30k_images/flickr30k_images/1012328893.jpg,person,0.3730568587779999,97.06005859375,190.402099609375,120.1532974243164,217.14031982421875,62
Flickr30K/1012328893.jpg,/content/Image_captioning_Local/Flickr30K/flickr30k_images/flickr30k_images/1012328893.jpg,bottle,0.3682868778705597,456.32769775390625,283.66571044921875,481.5048828125,326.96710205078125,62
Flickr30K/1012328893.jpg,/content/Image_captioning_Local/Flickr30K/flickr30k_images/flickr30k_images/1012328893.jpg,umbrella,0.34833624958992004,480.84320068359375,145.68809509277344,500.00787353515625,162.48548889160156,62
Flickr30K/1012328893.jpg,/content/Image_captioning_Local/Flickr30K/flickr30k_images/flickr30k_images/1012328893.jpg,bottle,0.34404584765434265,444.1241760253906,215.658935546875,453.2483825683594,238.42848205566406,62
Flickr30K/1012328893.jpg,/content/Image_captioning_Local/Flickr30K/flickr30k_images/flickr30k_images/1012328893.jpg,bench,0.33074942231178284,311.0092468261719,272.7544250488281,470.185791015625,296.3048400878906,62
Flickr30K/1012328893.jpg,/content/Image_captioning_Local/Flickr30K/flickr30k_images/flickr30k_images/1012328893.jpg,bench,0.3262702226638794,94.96867370605469,215.72793579101562,189.35325622558594,232.80592346191406,62
Flickr30K/1012328893.jpg,/content/Image_captioning_Local/Flickr30K/flickr30k_images/flickr30k_images/1012328893.jpg,cup,0.31503230333328247,474.95440673828125,209.72314453125,489.42669677734375,239.47987365722656,62
Flickr30K/1012328893.jpg,/content/Image_captioning_Local/Flickr30K/flickr30k_images/flickr30k_images/1012328893.jpg,person,0.3144153654575348,369.8833923339844,186.94989013671875,394.9889831542969,224.99913024902344,62
Flickr30K/1012328893.jpg,/content/Image_captioning_Local/Flickr30K/flickr30k_images/flickr30k_images/1012328893.jpg,bench,0.31424954533576965,108.02448272705078,253.56312561035156,241.021484375,269.8301696777344,62
Flickr30K/1012328893.jpg,/content/Image_captioning_Local/Flickr30K/flickr30k_images/flickr30k_images/1012328893.jpg,person,0.3109714984893799,208.43865966796875,188.1901397705078,225.11541748046875,212.55874633789062,62
Flickr30K/1012328893.jpg,/content/Image_captioning_Local/Flickr30K/flickr30k_images/flickr30k_images/1012328893.jpg,dining table,0.29505765438079834,272.3212890625,233.2332763671875,499.7674255371094,253.58462524414062,62
Flickr30K/1012328893.jpg,/content/Image_captioning_Local/Flickr30K/flickr30k_images/flickr30k_images/1012328893.jpg,bottle,0.2932477295398712,488.2964782714844,291.37371826171875,500.0464172363281,325.0726623535156,62
Flickr30K/1012328893.jpg,/content/Image_captioning_Local/Flickr30K/flickr30k_images/flickr30k_images/1012328893.jpg,umbrella,0.2889452278614044,70.96186828613281,176.69354248046875,86.74616241455078,182.9818878173828,62
Flickr30K/1012328893.jpg,/content/Image_captioning_Local/Flickr30K/flickr30k_images/flickr30k_images/1012328893.jpg,bottle,0.28889402747154236,401.573486328125,297.7940673828125,413.7760314941406,323.7074890136719,62
Flickr30K/1012328893.jpg,/content/Image_captioning_Local/Flickr30K/flickr30k_images/flickr30k_images/1012328893.jpg,bench,0.2834521532058716,100.54967498779297,232.95481872558594,248.048095703125,270.3314208984375,62
Flickr30K/1012328893.jpg,/content/Image_captioning_Local/Flickr30K/flickr30k_images/flickr30k_images/1012328893.jpg,cup,0.2763562798500061,422.0992431640625,300.569580078125,433.8533935546875,326.68035888671875,62
Flickr30K/1012328893.jpg,/content/Image_captioning_Local/Flickr30K/flickr30k_images/flickr30k_images/1012328893.jpg,person,0.2726611793041229,310.1066589355469,195.29864501953125,324.3603515625,215.43406677246094,62
Flickr30K/1012328893.jpg,/content/Image_captioning_Local/Flickr30K/flickr30k_images/flickr30k_images/1012328893.jpg,bench,0.2722988426685333,90.83253479003906,265.33441162109375,240.0111541748047,275.9768371582031,62
Flickr30K/1012328893.jpg,/content/Image_captioning_Local/Flickr30K/flickr30k_images/flickr30k_images/1012328893.jpg,bench,0.27044421434402466,27.403663635253906,239.6859588623047,68.1849136352539,302.8374938964844,62
Flickr30K/1012328893.jpg,/content/Image_captioning_Local/Flickr30K/flickr30k_images/flickr30k_images/1012328893.jpg,cup,0.2692405879497528,455.1871032714844,283.3570861816406,478.8641662597656,304.0624694824219,62
Flickr30K/1012328893.jpg,/content/Image_captioning_Local/Flickr30K/flickr30k_images/flickr30k_images/1012328893.jpg,bench,0.2683738172054291,310.95611572265625,273.0360412597656,483.4019470214844,282.83770751953125,62
Flickr30K/1012328893.jpg,/content/Image_captioning_Local/Flickr30K/flickr30k_images/flickr30k_images/1012328893.jpg,cup,0.2683078348636627,444.1241760253906,215.658935546875,453.2483825683594,238.42848205566406,62
Flickr30K/1012328893.jpg,/content/Image_captioning_Local/Flickr30K/flickr30k_images/flickr30k_images/1012328893.jpg,bench,0.26732105016708374,276.5700988769531,253.64132690429688,500.35357666015625,296.04608154296875,62
Flickr30K/1012328893.jpg,/content/Image_captioning_Local/Flickr30K/flickr30k_images/flickr30k_images/1012328893.jpg,bench,0.26481208205223083,90.68911743164062,265.5289306640625,239.92181396484375,292.6820983886719,62
Flickr30K/1012328893.jpg,/content/Image_captioning_Local/Flickr30K/flickr30k_images/flickr30k_images/1012328893.jpg,person,0.2631757855415344,233.29116821289062,187.15582275390625,254.49008178710938,232.61170959472656,62
Flickr30K/1012328893.jpg,/content/Image_captioning_Local/Flickr30K/flickr30k_images/flickr30k_images/1012328893.jpg,dining table,0.2580365240573883,374.4682922363281,225.32664489746094,413.3314208984375,236.07400512695312,62
Flickr30K/1012328893.jpg,/content/Image_captioning_Local/Flickr30K/flickr30k_images/flickr30k_images/1012328893.jpg,person,0.2541603446006775,184.34458923339844,187.69644165039062,199.0566864013672,209.91302490234375,62
Flickr30K/1012328893.jpg,/content/Image_captioning_Local/Flickr30K/flickr30k_images/flickr30k_images/1012328893.jpg,umbrella,0.2539777457714081,229.00975036621094,164.64218139648438,286.9785461425781,200.51539611816406,62
Flickr30K/1012328893.jpg,/content/Image_captioning_Local/Flickr30K/flickr30k_images/flickr30k_images/1012328893.jpg,bottle,0.25317153334617615,488.4616394042969,301.1085205078125,499.680419921875,324.8926696777344,62
Flickr30K/1012328893.jpg,/content/Image_captioning_Local/Flickr30K/flickr30k_images/flickr30k_images/1012328893.jpg,bench,0.251540869474411,27.388967514038086,263.0997619628906,68.1845703125,302.4933776855469,62
Flickr30K/1012328893.jpg,/content/Image_captioning_Local/Flickr30K/flickr30k_images/flickr30k_images/1012328893.jpg,bench,0.2512127459049225,300.474609375,257.1011962890625,377.6780090332031,265.4091491699219,62
Flickr30K/1012328893.jpg,/content/Image_captioning_Local/Flickr30K/flickr30k_images/flickr30k_images/1012328893.jpg,cup,0.250498503446579,176.02833557128906,291.6802062988281,194.05455017089844,309.8011169433594,62
Flickr30K/101262930.jpg,/content/Image_captioning_Local/Flickr30K/flickr30k_images/flickr30k_images/101262930.jpg,person,0.9467189908027649,217.2549285888672,119.30572509765625,475.93951416015625,435.41107177734375,19
Flickr30K/101262930.jpg,/content/Image_captioning_Local/Flickr30K/flickr30k_images/flickr30k_images/101262930.jpg,person,0.9450738430023193,96.9150390625,128.68951416015625,241.12078857421875,435.7100524902344,19
Flickr30K/101262930.jpg,/content/Image_captioning_Local/Flickr30K/flickr30k_images/flickr30k_images/101262930.jpg,car,0.7549194097518921,96.4338607788086,109.8952407836914,385.96051025390625,198.2868194580078,19
Flickr30K/101262930.jpg,/content/Image_captioning_Local/Flickr30K/flickr30k_images/flickr30k_images/101262930.jpg,bench,0.6369380354881287,-0.17939507961273193,297.2727355957031,499.8131408691406,435.53759765625,19
Flickr30K/101262930.jpg,/content/Image_captioning_Local/Flickr30K/flickr30k_images/flickr30k_images/101262930.jpg,car,0.6038530468940735,438.9225158691406,72.35797882080078,499.84259033203125,162.29652404785156,19
Flickr30K/101262930.jpg,/content/Image_captioning_Local/Flickr30K/flickr30k_images/flickr30k_images/101262930.jpg,truck,0.45741352438926697,439.0929870605469,71.8497314453125,499.7748718261719,162.74728393554688,19
Flickr30K/101262930.jpg,/content/Image_captioning_Local/Flickr30K/flickr30k_images/flickr30k_images/101262930.jpg,car,0.4320440888404846,96.4755630493164,137.22225952148438,125.32970428466797,181.08181762695312,19
Flickr30K/101262930.jpg,/content/Image_captioning_Local/Flickr30K/flickr30k_images/flickr30k_images/101262930.jpg,bench,0.4185299277305603,-0.08288770914077759,298.4519958496094,116.7886962890625,434.90008544921875,19
Flickr30K/101262930.jpg,/content/Image_captioning_Local/Flickr30K/flickr30k_images/flickr30k_images/101262930.jpg,car,0.4044343829154968,-0.002034008502960205,87.45052337646484,125.8921890258789,181.89791870117188,19
Flickr30K/101262930.jpg,/content/Image_captioning_Local/Flickr30K/flickr30k_images/flickr30k_images/101262930.jpg,car,0.3980461657047272,0.029832124710083008,87.2910385131836,163.8095245361328,182.36480712890625,19
Flickr30K/101262930.jpg,/content/Image_captioning_Local/Flickr30K/flickr30k_images/flickr30k_images/101262930.jpg,truck,0.32886239886283875,0.029832124710083008,87.2910385131836,163.8095245361328,182.36480712890625,19
Flickr30K/101262930.jpg,/content/Image_captioning_Local/Flickr30K/flickr30k_images/flickr30k_images/101262930.jpg,truck,0.32414597272872925,97.06800842285156,109.53802490234375,385.8212890625,198.41616821289062,19
Flickr30K/101262930.jpg,/content/Image_captioning_Local/Flickr30K/flickr30k_images/flickr30k_images/101262930.jpg,truck,0.29600125551223755,439.0252685546875,71.64701080322266,499.8949279785156,182.00155639648438,19
Flickr30K/101262930.jpg,/content/Image_captioning_Local/Flickr30K/flickr30k_images/flickr30k_images/101262930.jpg,truck,0.2947407066822052,-0.17457455396652222,87.09947967529297,126.23831939697266,181.94937133789062,19
Flickr30K/101262930.jpg,/content/Image_captioning_Local/Flickr30K/flickr30k_images/flickr30k_images/101262930.jpg,bus,0.2781156301498413,0.029832124710083008,87.2910385131836,163.8095245361328,182.36480712890625,19
Flickr30K/101262930.jpg,/content/Image_captioning_Local/Flickr30K/flickr30k_images/flickr30k_images/101262930.jpg,bus,0.2665795683860779,-0.002034008502960205,87.45052337646484,125.8921890258789,181.89791870117188,19
Flickr30K/101262930.jpg,/content/Image_captioning_Local/Flickr30K/flickr30k_images/flickr30k_images/101262930.jpg,car,0.26324549317359924,96.09400177001953,115.3474349975586,167.59628295898438,180.9001922607422,19
Flickr30K/101262930.jpg,/content/Image_captioning_Local/Flickr30K/flickr30k_images/flickr30k_images/101262930.jpg,person,0.2575182020664215,46.62024688720703,100.9317855834961,59.64228057861328,117.63677215576172,19
Flickr30K/101262930.jpg,/content/Image_captioning_Local/Flickr30K/flickr30k_images/flickr30k_images/101262930.jpg,car,0.25305795669555664,319.2339782714844,133.9928741455078,386.6202087402344,197.15011596679688,19
Flickr30K/1013536888.jpg,/content/Image_captioning_Local/Flickr30K/flickr30k_images/flickr30k_images/1013536888.jpg,person,0.9497105479240417,380.223388671875,136.42066955566406,469.59454345703125,234.64755249023438,52
Flickr30K/1013536888.jpg,/content/Image_captioning_Local/Flickr30K/flickr30k_images/flickr30k_images/1013536888.jpg,person,0.9013631343841553,200.18673706054688,93.21012878417969,258.849365234375,190.72410583496094,52
Flickr30K/1013536888.jpg,/content/Image_captioning_Local/Flickr30K/flickr30k_images/flickr30k_images/1013536888.jpg,person,0.8825925588607788,158.71170043945312,146.546875,268.1349792480469,235.42796325683594,52
Flickr30K/1013536888.jpg,/content/Image_captioning_Local/Flickr30K/flickr30k_images/flickr30k_images/1013536888.jpg,bottle,0.8819801211357117,159.4556884765625,196.99754333496094,174.31312561035156,241.37936401367188,52
Flickr30K/1013536888.jpg,/content/Image_captioning_Local/Flickr30K/flickr30k_images/flickr30k_images/1013536888.jpg,person,0.7854528427124023,365.1726379394531,153.9377899169922,380.2810974121094,190.9971923828125,52
Flickr30K/1013536888.jpg,/content/Image_captioning_Local/Flickr30K/flickr30k_images/flickr30k_images/1013536888.jpg,cup,0.7668397426605225,198.39178466796875,221.3582763671875,214.13441467285156,230.92477416992188,52
Flickr30K/1013536888.jpg,/content/Image_captioning_Local/Flickr30K/flickr30k_images/flickr30k_images/1013536888.jpg,person,0.6802937984466553,359.2696838378906,158.53289794921875,367.8763427734375,190.93734741210938,52
Flickr30K/1013536888.jpg,/content/Image_captioning_Local/Flickr30K/flickr30k_images/flickr30k_images/1013536888.jpg,frisbee,0.6649913787841797,220.2294464111328,73.98828125,259.4369812011719,116.67979431152344,52
Flickr30K/1013536888.jpg,/content/Image_captioning_Local/Flickr30K/flickr30k_images/flickr30k_images/1013536888.jpg,person,0.6551104187965393,329.8482360839844,151.590576171875,342.73333740234375,175.28684997558594,52
Flickr30K/1013536888.jpg,/content/Image_captioning_Local/Flickr30K/flickr30k_images/flickr30k_images/1013536888.jpg,person,0.5651363134384155,33.289424896240234,166.0961151123047,55.59699249267578,205.800048828125,52
Flickr30K/1013536888.jpg,/content/Image_captioning_Local/Flickr30K/flickr30k_images/flickr30k_images/1013536888.jpg,bottle,0.5480915904045105,136.44387817382812,216.58273315429688,152.1961669921875,245.0101776123047,52
Flickr30K/1013536888.jpg,/content/Image_captioning_Local/Flickr30K/flickr30k_images/flickr30k_images/1013536888.jpg,person,0.5125656723976135,63.25393295288086,161.0673828125,74.79512023925781,181.25961303710938,52
Flickr30K/1013536888.jpg,/content/Image_captioning_Local/Flickr30K/flickr30k_images/flickr30k_images/1013536888.jpg,person,0.5088715553283691,0.07357262074947357,139.95082092285156,59.869529724121094,332.8564453125,52
Flickr30K/1013536888.jpg,/content/Image_captioning_Local/Flickr30K/flickr30k_images/flickr30k_images/1013536888.jpg,umbrella,0.5061585307121277,241.75482177734375,138.78237915039062,300.59136962890625,160.03257751464844,52
Flickr30K/1013536888.jpg,/content/Image_captioning_Local/Flickr30K/flickr30k_images/flickr30k_images/1013536888.jpg,donut,0.47374841570854187,174.87594604492188,200.16773986816406,198.703857421875,221.90548706054688,52
Flickr30K/1013536888.jpg,/content/Image_captioning_Local/Flickr30K/flickr30k_images/flickr30k_images/1013536888.jpg,sandwich,0.44841131567955017,174.95111083984375,200.19195556640625,198.4612274169922,221.77194213867188,52
Flickr30K/1013536888.jpg,/content/Image_captioning_Local/Flickr30K/flickr30k_images/flickr30k_images/1013536888.jpg,person,0.44631490111351013,281.1495361328125,168.6210174560547,295.3233947753906,203.48558044433594,52
Flickr30K/1013536888.jpg,/content/Image_captioning_Local/Flickr30K/flickr30k_images/flickr30k_images/1013536888.jpg,umbrella,0.42222484946250916,142.5459442138672,107.74729919433594,204.79115295410156,136.5054473876953,52
Flickr30K/1013536888.jpg,/content/Image_captioning_Local/Flickr30K/flickr30k_images/flickr30k_images/1013536888.jpg,person,0.4130733609199524,159.61268615722656,158.3359832763672,174.97056579589844,178.07467651367188,52
Flickr30K/1013536888.jpg,/content/Image_captioning_Local/Flickr30K/flickr30k_images/flickr30k_images/1013536888.jpg,cup,0.4101002812385559,429.2566833496094,211.57432556152344,444.8619384765625,234.98147583007812,52
Flickr30K/1013536888.jpg,/content/Image_captioning_Local/Flickr30K/flickr30k_images/flickr30k_images/1013536888.jpg,person,0.40509510040283203,322.2851867675781,159.23709106445312,329.6628112792969,175.0692901611328,52
Flickr30K/1013536888.jpg,/content/Image_captioning_Local/Flickr30K/flickr30k_images/flickr30k_images/1013536888.jpg,dining table,0.4000365138053894,365.28533935546875,231.04705810546875,499.7833251953125,257.3692626953125,52
Flickr30K/1013536888.jpg,/content/Image_captioning_Local/Flickr30K/flickr30k_images/flickr30k_images/1013536888.jpg,person,0.39656442403793335,156.04452514648438,158.56619262695312,176.18270874023438,196.56927490234375,52
Flickr30K/1013536888.jpg,/content/Image_captioning_Local/Flickr30K/flickr30k_images/flickr30k_images/1013536888.jpg,chair,0.39155393838882446,59.44068145751953,179.46780395507812,82.55892181396484,206.98939514160156,52
Flickr30K/1013536888.jpg,/content/Image_captioning_Local/Flickr30K/flickr30k_images/flickr30k_images/1013536888.jpg,dining table,0.38146156072616577,49.332515716552734,234.69749450683594,170.8223419189453,266.0325927734375,52
Flickr30K/1013536888.jpg,/content/Image_captioning_Local/Flickr30K/flickr30k_images/flickr30k_images/1013536888.jpg,stop sign,0.37247321009635925,303.10546875,140.45790100097656,311.3725280761719,152.3381805419922,52
Flickr30K/1013536888.jpg,/content/Image_captioning_Local/Flickr30K/flickr30k_images/flickr30k_images/1013536888.jpg,dining table,0.3722516596317291,102.73954010009766,180.0277862548828,160.59512329101562,205.99009704589844,52
Flickr30K/1013536888.jpg,/content/Image_captioning_Local/Flickr30K/flickr30k_images/flickr30k_images/1013536888.jpg,person,0.3700524568557739,54.240901947021484,169.4527587890625,65.33592987060547,183.6132049560547,52
Flickr30K/1013536888.jpg,/content/Image_captioning_Local/Flickr30K/flickr30k_images/flickr30k_images/1013536888.jpg,bench,0.35598647594451904,0.2651214599609375,183.87599182128906,35.20618438720703,206.97251892089844,52
Flickr30K/1013536888.jpg,/content/Image_captioning_Local/Flickr30K/flickr30k_images/flickr30k_images/1013536888.jpg,hot dog,0.3534561097621918,174.87594604492188,200.16773986816406,198.703857421875,221.90548706054688,52
Flickr30K/1013536888.jpg,/content/Image_captioning_Local/Flickr30K/flickr30k_images/flickr30k_images/1013536888.jpg,person,0.34462133049964905,381.6540832519531,154.72402954101562,392.22259521484375,187.35098266601562,52
Flickr30K/1013536888.jpg,/content/Image_captioning_Local/Flickr30K/flickr30k_images/flickr30k_images/1013536888.jpg,chair,0.341126024723053,279.1137390136719,222.76486206054688,371.3757629394531,246.4298553466797,52
Flickr30K/1013536888.jpg,/content/Image_captioning_Local/Flickr30K/flickr30k_images/flickr30k_images/1013536888.jpg,person,0.3386942446231842,96.98230743408203,164.9541473388672,109.83464813232422,205.418701171875,52
Flickr30K/1013536888.jpg,/content/Image_captioning_Local/Flickr30K/flickr30k_images/flickr30k_images/1013536888.jpg,bottle,0.33346760272979736,429.2566833496094,211.57432556152344,444.8619384765625,234.98147583007812,52
Flickr30K/1013536888.jpg,/content/Image_captioning_Local/Flickr30K/flickr30k_images/flickr30k_images/1013536888.jpg,cup,0.3230836093425751,481.0340576171875,199.32180786132812,498.16473388671875,234.69297790527344,52
Flickr30K/1013536888.jpg,/content/Image_captioning_Local/Flickr30K/flickr30k_images/flickr30k_images/1013536888.jpg,person,0.3228892683982849,321.3026428222656,159.24920654296875,329.976806640625,192.85916137695312,52
Flickr30K/1013536888.jpg,/content/Image_captioning_Local/Flickr30K/flickr30k_images/flickr30k_images/1013536888.jpg,bench,0.3121336102485657,234.6538848876953,177.01992797851562,286.78155517578125,201.15780639648438,52
Flickr30K/1013536888.jpg,/content/Image_captioning_Local/Flickr30K/flickr30k_images/flickr30k_images/1013536888.jpg,dining table,0.30552276968955994,234.6538848876953,177.01992797851562,286.78155517578125,201.15780639648438,52
Flickr30K/1013536888.jpg,/content/Image_captioning_Local/Flickr30K/flickr30k_images/flickr30k_images/1013536888.jpg,umbrella,0.28637492656707764,242.10411071777344,138.53550720214844,300.9425964355469,175.4637451171875,52
Flickr30K/1013536888.jpg,/content/Image_captioning_Local/Flickr30K/flickr30k_images/flickr30k_images/1013536888.jpg,dining table,0.281292200088501,39.475372314453125,222.2477264404297,173.76837158203125,266.0769348144531,52
Flickr30K/1013536888.jpg,/content/Image_captioning_Local/Flickr30K/flickr30k_images/flickr30k_images/1013536888.jpg,dining table,0.279816597700119,103.52338409423828,179.641845703125,160.55003356933594,193.3553924560547,52
Flickr30K/1013536888.jpg,/content/Image_captioning_Local/Flickr30K/flickr30k_images/flickr30k_images/1013536888.jpg,bench,0.27951595187187195,102.73954010009766,180.0277862548828,160.59512329101562,205.99009704589844,52
Flickr30K/1013536888.jpg,/content/Image_captioning_Local/Flickr30K/flickr30k_images/flickr30k_images/1013536888.jpg,person,0.2777349054813385,264.9010009765625,159.3634796142578,273.0992126464844,175.568359375,52
Flickr30K/1013536888.jpg,/content/Image_captioning_Local/Flickr30K/flickr30k_images/flickr30k_images/1013536888.jpg,dining table,0.2698167562484741,44.109092712402344,231.5509490966797,367.64306640625,268.435302734375,52
Flickr30K/1013536888.jpg,/content/Image_captioning_Local/Flickr30K/flickr30k_images/flickr30k_images/1013536888.jpg,person,0.2634010910987854,53.47702407836914,169.34828186035156,65.25863647460938,204.7964324951172,52
Flickr30K/1013536888.jpg,/content/Image_captioning_Local/Flickr30K/flickr30k_images/flickr30k_images/1013536888.jpg,chair,0.26279646158218384,89.34302520751953,180.8685302734375,100.83628845214844,205.1547393798828,52
Flickr30K/1013536888.jpg,/content/Image_captioning_Local/Flickr30K/flickr30k_images/flickr30k_images/1013536888.jpg,bench,0.2595196068286896,101.74996185302734,192.6316375732422,128.2401123046875,206.12986755371094,52
Flickr30K/1013536888.jpg,/content/Image_captioning_Local/Flickr30K/flickr30k_images/flickr30k_images/1013536888.jpg,bench,0.2584073841571808,129.93017578125,182.1361083984375,160.88067626953125,205.9111328125,52
Flickr30K/1013536888.jpg,/content/Image_captioning_Local/Flickr30K/flickr30k_images/flickr30k_images/1013536888.jpg,sandwich,0.25683215260505676,174.42649841308594,199.87184143066406,198.66783142089844,231.54209899902344,52
Flickr30K/1013536888.jpg,/content/Image_captioning_Local/Flickr30K/flickr30k_images/flickr30k_images/1013536888.jpg,cup,0.25611165165901184,136.146484375,216.81964111328125,151.45835876464844,236.9226837158203,52
Flickr30K/1013536888.jpg,/content/Image_captioning_Local/Flickr30K/flickr30k_images/flickr30k_images/1013536888.jpg,umbrella,0.25231999158859253,142.39251708984375,106.81233978271484,245.79248046875,138.47979736328125,52
Flickr30K/1013536888.jpg,/content/Image_captioning_Local/Flickr30K/flickr30k_images/flickr30k_images/1013536888.jpg,dining table,0.2519264221191406,235.06712341308594,175.95321655273438,285.8355712890625,185.2196044921875,52
Flickr30K/101362133.jpg,/content/Image_captioning_Local/Flickr30K/flickr30k_images/flickr30k_images/101362133.jpg,person,0.9591277241706848,59.83350372314453,168.3978729248047,280.47930908203125,470.1692810058594,5
Flickr30K/101362133.jpg,/content/Image_captioning_Local/Flickr30K/flickr30k_images/flickr30k_images/101362133.jpg,person,0.6690067648887634,63.06830978393555,44.313682556152344,218.21578979492188,189.44522094726562,5
Flickr30K/101362133.jpg,/content/Image_captioning_Local/Flickr30K/flickr30k_images/flickr30k_images/101362133.jpg,person,0.33309364318847656,60.404136657714844,43.219329833984375,217.94007873535156,361.6473693847656,5
Flickr30K/101362133.jpg,/content/Image_captioning_Local/Flickr30K/flickr30k_images/flickr30k_images/101362133.jpg,baseball bat,0.33270329236984253,156.75965881347656,176.96319580078125,210.6385498046875,188.82928466796875,5
Flickr30K/101362133.jpg,/content/Image_captioning_Local/Flickr30K/flickr30k_images/flickr30k_images/101362133.jpg,frisbee,0.26095086336135864,156.75965881347656,176.96319580078125,210.6385498046875,188.82928466796875,5
Flickr30K/101362650.jpg,/content/Image_captioning_Local/Flickr30K/flickr30k_images/flickr30k_images/101362650.jpg,person,0.8892389535903931,146.37118530273438,36.27330017089844,314.25048828125,172.7192840576172,35
Flickr30K/101362650.jpg,/content/Image_captioning_Local/Flickr30K/flickr30k_images/flickr30k_images/101362650.jpg,person,0.8870376944541931,278.93341064453125,58.56196212768555,399.8555603027344,292.903564453125,35
Flickr30K/101362650.jpg,/content/Image_captioning_Local/Flickr30K/flickr30k_images/flickr30k_images/101362650.jpg,person,0.8127166628837585,378.3869934082031,131.0058135986328,499.73681640625,332.2245178222656,35
Flickr30K/101362650.jpg,/content/Image_captioning_Local/Flickr30K/flickr30k_images/flickr30k_images/101362650.jpg,person,0.6339305639266968,141.0238037109375,224.67437744140625,213.06980895996094,294.73297119140625,35
Flickr30K/101362650.jpg,/content/Image_captioning_Local/Flickr30K/flickr30k_images/flickr30k_images/101362650.jpg,person,0.5528298616409302,222.1281280517578,214.24658203125,289.53973388671875,286.3263244628906,35
Flickr30K/101362650.jpg,/content/Image_captioning_Local/Flickr30K/flickr30k_images/flickr30k_images/101362650.jpg,person,0.5189107060432434,335.4176025390625,140.52609252929688,434.89990234375,309.87823486328125,35
Flickr30K/101362650.jpg,/content/Image_captioning_Local/Flickr30K/flickr30k_images/flickr30k_images/101362650.jpg,person,0.48466426134109497,380.4603576660156,35.4622688293457,427.7264099121094,103.44869232177734,35
Flickr30K/101362650.jpg,/content/Image_captioning_Local/Flickr30K/flickr30k_images/flickr30k_images/101362650.jpg,person,0.47520050406455994,251.98033142089844,41.262969970703125,294.7941589355469,122.77379608154297,35
Flickr30K/101362650.jpg,/content/Image_captioning_Local/Flickr30K/flickr30k_images/flickr30k_images/101362650.jpg,person,0.47483059763908386,0.11926889419555664,141.3457794189453,71.98760986328125,332.5390319824219,35
Flickr30K/101362650.jpg,/content/Image_captioning_Local/Flickr30K/flickr30k_images/flickr30k_images/101362650.jpg,person,0.44615301489830017,158.08401489257812,33.14750289916992,195.84422302246094,76.7380142211914,35
Flickr30K/101362650.jpg,/content/Image_captioning_Local/Flickr30K/flickr30k_images/flickr30k_images/101362650.jpg,person,0.42943477630615234,349.5637512207031,140.95350646972656,434.69134521484375,267.18402099609375,35
Flickr30K/101362650.jpg,/content/Image_captioning_Local/Flickr30K/flickr30k_images/flickr30k_images/101362650.jpg,person,0.4234069585800171,462.7897644042969,73.1726303100586,499.9584655761719,116.46321868896484,35
Flickr30K/101362650.jpg,/content/Image_captioning_Local/Flickr30K/flickr30k_images/flickr30k_images/101362650.jpg,chair,0.42227718234062195,420.0051574707031,111.78067016601562,459.7684326171875,140.2711639404297,35
Flickr30K/101362650.jpg,/content/Image_captioning_Local/Flickr30K/flickr30k_images/flickr30k_images/101362650.jpg,person,0.41398417949676514,325.3039245605469,40.474266052246094,354.3623046875,97.22466278076172,35
Flickr30K/101362650.jpg,/content/Image_captioning_Local/Flickr30K/flickr30k_images/flickr30k_images/101362650.jpg,person,0.39530494809150696,112.93900299072266,109.71983337402344,143.18350219726562,177.19760131835938,35
Flickr30K/101362650.jpg,/content/Image_captioning_Local/Flickr30K/flickr30k_images/flickr30k_images/101362650.jpg,baseball bat,0.3939644694328308,139.10031127929688,99.67375946044922,228.64151000976562,139.0437469482422,35
Flickr30K/101362650.jpg,/content/Image_captioning_Local/Flickr30K/flickr30k_images/flickr30k_images/101362650.jpg,person,0.38979572057724,58.086341857910156,17.632423400878906,98.54749298095703,171.84629821777344,35
Flickr30K/101362650.jpg,/content/Image_captioning_Local/Flickr30K/flickr30k_images/flickr30k_images/101362650.jpg,person,0.38272008299827576,19.262306213378906,29.247699737548828,76.70525360107422,146.36209106445312,35
Flickr30K/101362650.jpg,/content/Image_captioning_Local/Flickr30K/flickr30k_images/flickr30k_images/101362650.jpg,person,0.37213343381881714,160.20018005371094,118.76182556152344,202.7470703125,174.31097412109375,35
Flickr30K/101362650.jpg,/content/Image_captioning_Local/Flickr30K/flickr30k_images/flickr30k_images/101362650.jpg,person,0.36734384298324585,19.225643157958984,29.031681060791016,76.823486328125,177.6224365234375,35
Flickr30K/101362650.jpg,/content/Image_captioning_Local/Flickr30K/flickr30k_images/flickr30k_images/101362650.jpg,person,0.35214340686798096,167.80670166015625,278.0179748535156,227.08981323242188,332.94915771484375,35
Flickr30K/101362650.jpg,/content/Image_captioning_Local/Flickr30K/flickr30k_images/flickr30k_images/101362650.jpg,person,0.345014750957489,35.258277893066406,275.3382568359375,74.79993438720703,332.9476013183594,35
Flickr30K/101362650.jpg,/content/Image_captioning_Local/Flickr30K/flickr30k_images/flickr30k_images/101362650.jpg,person,0.33866268396377563,417.8096923828125,67.24623107910156,465.388916015625,139.61648559570312,35
Flickr30K/101362650.jpg,/content/Image_captioning_Local/Flickr30K/flickr30k_images/flickr30k_images/101362650.jpg,chair,0.3367738723754883,454.76422119140625,111.65533447265625,500.3244323730469,179.96142578125,35
Flickr30K/101362650.jpg,/content/Image_captioning_Local/Flickr30K/flickr30k_images/flickr30k_images/101362650.jpg,person,0.3334321081638336,300.207763671875,30.95598602294922,337.4862365722656,107.49763488769531,35
Flickr30K/101362650.jpg,/content/Image_captioning_Local/Flickr30K/flickr30k_images/flickr30k_images/101362650.jpg,chair,0.2928083837032318,422.0704650878906,112.0035629272461,459.8464660644531,128.10597229003906,35
Flickr30K/101362650.jpg,/content/Image_captioning_Local/Flickr30K/flickr30k_images/flickr30k_images/101362650.jpg,person,0.2836661636829376,121.33893585205078,24.918611526489258,152.14488220214844,76.12848663330078,35
Flickr30K/101362650.jpg,/content/Image_captioning_Local/Flickr30K/flickr30k_images/flickr30k_images/101362650.jpg,person,0.28329911828041077,455.0259704589844,53.174346923828125,482.52398681640625,95.35725402832031,35
Flickr30K/101362650.jpg,/content/Image_captioning_Local/Flickr30K/flickr30k_images/flickr30k_images/101362650.jpg,person,0.27366968989372253,250.2821044921875,41.185462951660156,295.47344970703125,171.8546600341797,35
Flickr30K/101362650.jpg,/content/Image_captioning_Local/Flickr30K/flickr30k_images/flickr30k_images/101362650.jpg,person,0.2722398042678833,418.63470458984375,67.44876098632812,465.514892578125,129.38006591796875,35
Flickr30K/101362650.jpg,/content/Image_captioning_Local/Flickr30K/flickr30k_images/flickr30k_images/101362650.jpg,chair,0.2672746479511261,466.6742248535156,111.87931823730469,500.4180603027344,179.7294158935547,35
Flickr30K/101362650.jpg,/content/Image_captioning_Local/Flickr30K/flickr30k_images/flickr30k_images/101362650.jpg,person,0.2670894265174866,360.9404602050781,276.974853515625,402.4719543457031,332.91107177734375,35
Flickr30K/101362650.jpg,/content/Image_captioning_Local/Flickr30K/flickr30k_images/flickr30k_images/101362650.jpg,baseball bat,0.25620532035827637,139.14710998535156,116.92167663574219,195.85296630859375,138.50743103027344,35
Flickr30K/101362650.jpg,/content/Image_captioning_Local/Flickr30K/flickr30k_images/flickr30k_images/101362650.jpg,person,0.2523655593395233,199.138671875,227.2490234375,239.85377502441406,285.6761474609375,35
Flickr30K/101362650.jpg,/content/Image_captioning_Local/Flickr30K/flickr30k_images/flickr30k_images/101362650.jpg,person,0.25006091594696045,136.1411590576172,57.75175094604492,159.1490020751953,92.4096908569336,35
Flickr30K/1014609273.jpg,/content/Image_captioning_Local/Flickr30K/flickr30k_images/flickr30k_images/1014609273.jpg,person,0.9498762488365173,223.71629333496094,276.447021484375,335.0019836425781,499.5450134277344,16
Flickr30K/1014609273.jpg,/content/Image_captioning_Local/Flickr30K/flickr30k_images/flickr30k_images/1014609273.jpg,person,0.8766841888427734,28.33151626586914,59.68701171875,199.71669006347656,265.6953430175781,16
Flickr30K/1014609273.jpg,/content/Image_captioning_Local/Flickr30K/flickr30k_images/flickr30k_images/1014609273.jpg,person,0.7674070596694946,279.26580810546875,5.6365838050842285,334.8424072265625,80.07003021240234,16
Flickr30K/1014609273.jpg,/content/Image_captioning_Local/Flickr30K/flickr30k_images/flickr30k_images/1014609273.jpg,person,0.7460960149765015,110.62039947509766,0.5293935537338257,192.70101928710938,66.60846710205078,16
Flickr30K/1014609273.jpg,/content/Image_captioning_Local/Flickr30K/flickr30k_images/flickr30k_images/1014609273.jpg,person,0.731579601764679,0.047862231731414795,0.21203607320785522,58.99529266357422,121.34003448486328,16
Flickr30K/1014609273.jpg,/content/Image_captioning_Local/Flickr30K/flickr30k_images/flickr30k_images/1014609273.jpg,person,0.6838939785957336,215.51190185546875,6.219062805175781,251.89926147460938,47.2779655456543,16
Flickr30K/1014609273.jpg,/content/Image_captioning_Local/Flickr30K/flickr30k_images/flickr30k_images/1014609273.jpg,person,0.5683783888816833,255.67015075683594,27.135427474975586,280.2436218261719,56.144771575927734,16
Flickr30K/1014609273.jpg,/content/Image_captioning_Local/Flickr30K/flickr30k_images/flickr30k_images/1014609273.jpg,person,0.5386098623275757,180.4410400390625,-0.2326909452676773,219.65032958984375,37.35448455810547,16
Flickr30K/1014609273.jpg,/content/Image_captioning_Local/Flickr30K/flickr30k_images/flickr30k_images/1014609273.jpg,person,0.4637964367866516,284.3337097167969,5.493811130523682,304.5203857421875,34.423622131347656,16
Flickr30K/1014609273.jpg,/content/Image_captioning_Local/Flickr30K/flickr30k_images/flickr30k_images/1014609273.jpg,person,0.4599728584289551,182.2464141845703,-0.10981317609548569,203.51893615722656,27.4030818939209,16
Flickr30K/1014609273.jpg,/content/Image_captioning_Local/Flickr30K/flickr30k_images/flickr30k_images/1014609273.jpg,person,0.43846651911735535,3.055697441101074,141.85682678222656,83.60761260986328,249.0156707763672,16
Flickr30K/1014609273.jpg,/content/Image_captioning_Local/Flickr30K/flickr30k_images/flickr30k_images/1014609273.jpg,person,0.34959399700164795,255.96473693847656,25.95621109008789,304.0838317871094,59.785186767578125,16
Flickr30K/1014609273.jpg,/content/Image_captioning_Local/Flickr30K/flickr30k_images/flickr30k_images/1014609273.jpg,person,0.32784703373908997,255.92025756835938,5.2617621421813965,306.60662841796875,58.21395492553711,16
Flickr30K/1014609273.jpg,/content/Image_captioning_Local/Flickr30K/flickr30k_images/flickr30k_images/1014609273.jpg,person,0.31275278329849243,0.17241236567497253,0.675201416015625,58.624935150146484,170.4409942626953,16
Flickr30K/1014609273.jpg,/content/Image_captioning_Local/Flickr30K/flickr30k_images/flickr30k_images/1014609273.jpg,person,0.2862321734428406,0.0351928174495697,0.6178468465805054,58.6533088684082,233.50619506835938,16
Flickr30K/1014609273.jpg,/content/Image_captioning_Local/Flickr30K/flickr30k_images/flickr30k_images/1014609273.jpg,person,0.26011034846305847,277.7130126953125,5.346987247467041,308.65728759765625,58.44859313964844,16
Flickr30K/101471792.jpg,/content/Image_captioning_Local/Flickr30K/flickr30k_images/flickr30k_images/101471792.jpg,person,0.9180431962013245,67.74136352539062,225.26776123046875,137.0923614501953,336.7472229003906,27
Flickr30K/101471792.jpg,/content/Image_captioning_Local/Flickr30K/flickr30k_images/flickr30k_images/101471792.jpg,person,0.907447874546051,162.6199493408203,117.42522430419922,427.34814453125,335.2460021972656,27
Flickr30K/101471792.jpg,/content/Image_captioning_Local/Flickr30K/flickr30k_images/flickr30k_images/101471792.jpg,person,0.8931220769882202,1.9178614616394043,233.9623260498047,73.06844329833984,336.9448547363281,27
Flickr30K/101471792.jpg,/content/Image_captioning_Local/Flickr30K/flickr30k_images/flickr30k_images/101471792.jpg,person,0.8488227725028992,52.780399322509766,203.9522247314453,98.2767333984375,274.7627868652344,27
Flickr30K/101471792.jpg,/content/Image_captioning_Local/Flickr30K/flickr30k_images/flickr30k_images/101471792.jpg,car,0.7588987350463867,324.3757629394531,190.6216278076172,466.48089599609375,306.5264892578125,27
Flickr30K/101471792.jpg,/content/Image_captioning_Local/Flickr30K/flickr30k_images/flickr30k_images/101471792.jpg,car,0.7532173991203308,444.5429992675781,230.50930786132812,500.0951843261719,335.7537536621094,27
Flickr30K/101471792.jpg,/content/Image_captioning_Local/Flickr30K/flickr30k_images/flickr30k_images/101471792.jpg,person,0.6997042298316956,42.76177215576172,215.29373168945312,63.21036148071289,242.60479736328125,27
Flickr30K/101471792.jpg,/content/Image_captioning_Local/Flickr30K/flickr30k_images/flickr30k_images/101471792.jpg,handbag,0.6664396524429321,81.76277923583984,282.4112243652344,122.5652084350586,335.9247131347656,27
Flickr30K/101471792.jpg,/content/Image_captioning_Local/Flickr30K/flickr30k_images/flickr30k_images/101471792.jpg,traffic light,0.6057660579681396,438.6039123535156,116.47272491455078,458.01397705078125,143.39886474609375,27
Flickr30K/101471792.jpg,/content/Image_captioning_Local/Flickr30K/flickr30k_images/flickr30k_images/101471792.jpg,person,0.5436074137687683,7.488442420959473,220.59237670898438,27.61379051208496,269.7513427734375,27
Flickr30K/101471792.jpg,/content/Image_captioning_Local/Flickr30K/flickr30k_images/flickr30k_images/101471792.jpg,person,0.5375684499740601,61.68299102783203,218.534423828125,77.76648712158203,234.88497924804688,27
Flickr30K/101471792.jpg,/content/Image_captioning_Local/Flickr30K/flickr30k_images/flickr30k_images/101471792.jpg,car,0.5330340266227722,460.4191589355469,203.51246643066406,500.0433349609375,235.64093017578125,27
Flickr30K/101471792.jpg,/content/Image_captioning_Local/Flickr30K/flickr30k_images/flickr30k_images/101471792.jpg,person,0.5176481604576111,119.38790893554688,213.02291870117188,162.56837463378906,335.91162109375,27
Flickr30K/101471792.jpg,/content/Image_captioning_Local/Flickr30K/flickr30k_images/flickr30k_images/101471792.jpg,person,0.5110390186309814,151.2413330078125,224.72518920898438,180.62191772460938,320.0384521484375,27
Flickr30K/101471792.jpg,/content/Image_captioning_Local/Flickr30K/flickr30k_images/flickr30k_images/101471792.jpg,truck,0.4567227363586426,322.7303771972656,190.44723510742188,466.77081298828125,306.6471862792969,27
Flickr30K/101471792.jpg,/content/Image_captioning_Local/Flickr30K/flickr30k_images/flickr30k_images/101471792.jpg,person,0.4516354501247406,119.36585998535156,213.29505920410156,158.4057159423828,292.221923828125,27
Flickr30K/101471792.jpg,/content/Image_captioning_Local/Flickr30K/flickr30k_images/flickr30k_images/101471792.jpg,person,0.4090076684951782,419.2507629394531,208.84580993652344,431.6690979003906,219.87127685546875,27
Flickr30K/101471792.jpg,/content/Image_captioning_Local/Flickr30K/flickr30k_images/flickr30k_images/101471792.jpg,person,0.34363386034965515,119.69342803955078,213.23507690429688,179.39218139648438,320.7838439941406,27
Flickr30K/101471792.jpg,/content/Image_captioning_Local/Flickr30K/flickr30k_images/flickr30k_images/101471792.jpg,backpack,0.32018595933914185,82.11275482177734,283.4592590332031,122.37493133544922,335.805908203125,27
Flickr30K/101471792.jpg,/content/Image_captioning_Local/Flickr30K/flickr30k_images/flickr30k_images/101471792.jpg,car,0.30494824051856995,442.84686279296875,202.48040771484375,467.44171142578125,216.33163452148438,27
Flickr30K/101471792.jpg,/content/Image_captioning_Local/Flickr30K/flickr30k_images/flickr30k_images/101471792.jpg,bird,0.2970713973045349,390.05859375,234.87648010253906,464.72613525390625,336.72613525390625,27
Flickr30K/101471792.jpg,/content/Image_captioning_Local/Flickr30K/flickr30k_images/flickr30k_images/101471792.jpg,person,0.28581181168556213,127.24798583984375,288.6824035644531,162.18426513671875,336.77398681640625,27
Flickr30K/101471792.jpg,/content/Image_captioning_Local/Flickr30K/flickr30k_images/flickr30k_images/101471792.jpg,car,0.2778005003929138,442.7408447265625,202.59750366210938,467.8287353515625,226.6238555908203,27
Flickr30K/101471792.jpg,/content/Image_captioning_Local/Flickr30K/flickr30k_images/flickr30k_images/101471792.jpg,person,0.2688134014606476,127.2350845336914,270.8683776855469,162.23553466796875,336.6724853515625,27
Flickr30K/101471792.jpg,/content/Image_captioning_Local/Flickr30K/flickr30k_images/flickr30k_images/101471792.jpg,person,0.26461678743362427,117.23200225830078,223.034423828125,129.88121032714844,245.14663696289062,27
Flickr30K/101471792.jpg,/content/Image_captioning_Local/Flickr30K/flickr30k_images/flickr30k_images/101471792.jpg,handbag,0.25977566838264465,199.8188934326172,250.61459350585938,248.00027465820312,336.951171875,27
Flickr30K/101471792.jpg,/content/Image_captioning_Local/Flickr30K/flickr30k_images/flickr30k_images/101471792.jpg,traffic light,0.25661712884902954,107.0811538696289,186.74746704101562,121.584228515625,205.23558044433594,27
Flickr30K/1014785440.jpg,/content/Image_captioning_Local/Flickr30K/flickr30k_images/flickr30k_images/1014785440.jpg,person,0.9368943572044373,261.6246643066406,82.70413970947266,362.2339782714844,332.8412780761719,13
Flickr30K/1014785440.jpg,/content/Image_captioning_Local/Flickr30K/flickr30k_images/flickr30k_images/1014785440.jpg,person,0.9310177564620972,158.85443115234375,102.00792694091797,244.70278930664062,332.82977294921875,13
Flickr30K/1014785440.jpg,/content/Image_captioning_Local/Flickr30K/flickr30k_images/flickr30k_images/1014785440.jpg,car,0.852506160736084,0.05390867590904236,166.02978515625,77.97405242919922,211.15802001953125,13
Flickr30K/1014785440.jpg,/content/Image_captioning_Local/Flickr30K/flickr30k_images/flickr30k_images/1014785440.jpg,car,0.8355268239974976,368.9437561035156,152.72036743164062,387.4778137207031,164.5565643310547,13
Flickr30K/1014785440.jpg,/content/Image_captioning_Local/Flickr30K/flickr30k_images/flickr30k_images/1014785440.jpg,person,0.5534728765487671,292.9416198730469,43.38200378417969,353.43157958984375,126.05587005615234,13
Flickr30K/1014785440.jpg,/content/Image_captioning_Local/Flickr30K/flickr30k_images/flickr30k_images/1014785440.jpg,person,0.5347541570663452,204.65054321289062,110.56291961669922,246.036865234375,170.88671875,13
Flickr30K/1014785440.jpg,/content/Image_captioning_Local/Flickr30K/flickr30k_images/flickr30k_images/1014785440.jpg,person,0.4537869393825531,294.2456970214844,43.29621505737305,361.58135986328125,205.2412872314453,13
Flickr30K/1014785440.jpg,/content/Image_captioning_Local/Flickr30K/flickr30k_images/flickr30k_images/1014785440.jpg,backpack,0.4525850713253021,172.20806884765625,142.3768310546875,241.00526428222656,257.5943908691406,13
Flickr30K/1014785440.jpg,/content/Image_captioning_Local/Flickr30K/flickr30k_images/flickr30k_images/1014785440.jpg,backpack,0.4173465073108673,172.74905395507812,140.63119506835938,216.9827423095703,175.8795928955078,13
Flickr30K/1014785440.jpg,/content/Image_captioning_Local/Flickr30K/flickr30k_images/flickr30k_images/1014785440.jpg,backpack,0.32686781883239746,229.54212951660156,120.47015380859375,246.24789428710938,167.47872924804688,13
Flickr30K/1014785440.jpg,/content/Image_captioning_Local/Flickr30K/flickr30k_images/flickr30k_images/1014785440.jpg,backpack,0.27561885118484497,173.7723846435547,142.18695068359375,241.59629821777344,233.14199829101562,13
Flickr30K/1014785440.jpg,/content/Image_captioning_Local/Flickr30K/flickr30k_images/flickr30k_images/1014785440.jpg,backpack,0.2717202305793762,204.9337158203125,122.9083251953125,246.47579956054688,171.55538940429688,13
Flickr30K/1014785440.jpg,/content/Image_captioning_Local/Flickr30K/flickr30k_images/flickr30k_images/1014785440.jpg,backpack,0.256844699382782,207.05841064453125,139.218505859375,241.9230499267578,232.51466369628906,13
Flickr30K/1015118661.jpg,/content/Image_captioning_Local/Flickr30K/flickr30k_images/flickr30k_images/1015118661.jpg,person,0.9211205244064331,169.64871215820312,-0.28863921761512756,334.49517822265625,262.2700500488281,7
Flickr30K/1015118661.jpg,/content/Image_captioning_Local/Flickr30K/flickr30k_images/flickr30k_images/1015118661.jpg,person,0.8977978825569153,169.20697021484375,57.36345291137695,281.2249450683594,374.7341613769531,7
Flickr30K/1015118661.jpg,/content/Image_captioning_Local/Flickr30K/flickr30k_images/flickr30k_images/1015118661.jpg,potted plant,0.38975000381469727,330.52435302734375,-0.10900385677814484,388.4652099609375,33.497406005859375,7
Flickr30K/1015118661.jpg,/content/Image_captioning_Local/Flickr30K/flickr30k_images/flickr30k_images/1015118661.jpg,potted plant,0.3724898397922516,83.57984161376953,0.040655024349689484,175.07186889648438,34.7843017578125,7
Flickr30K/1015118661.jpg,/content/Image_captioning_Local/Flickr30K/flickr30k_images/flickr30k_images/1015118661.jpg,potted plant,0.36547690629959106,0.6820634007453918,0.0036209821701049805,87.19876861572266,35.4483528137207,7
Flickr30K/1015118661.jpg,/content/Image_captioning_Local/Flickr30K/flickr30k_images/flickr30k_images/1015118661.jpg,backpack,0.29481714963912964,204.42691040039062,-0.14895200729370117,284.8499755859375,62.38836669921875,7
Flickr30K/1015118661.jpg,/content/Image_captioning_Local/Flickr30K/flickr30k_images/flickr30k_images/1015118661.jpg,potted plant,0.2654136121273041,0.7002502679824829,-0.07408344745635986,177.28619384765625,35.72392654418945,7
Flickr30K/1015584366.jpg,/content/Image_captioning_Local/Flickr30K/flickr30k_images/flickr30k_images/1015584366.jpg,dog,0.9589152932167053,231.86715698242188,25.42042350769043,354.83880615234375,237.50885009765625,1
Flickr30K/101559400.jpg,/content/Image_captioning_Local/Flickr30K/flickr30k_images/flickr30k_images/101559400.jpg,person,0.9398479461669922,245.3030548095703,225.3042449951172,325.722412109375,350.16424560546875,52
Flickr30K/101559400.jpg,/content/Image_captioning_Local/Flickr30K/flickr30k_images/flickr30k_images/101559400.jpg,person,0.9244032502174377,330.5111083984375,241.7503662109375,431.0808410644531,374.631103515625,52
Flickr30K/101559400.jpg,/content/Image_captioning_Local/Flickr30K/flickr30k_images/flickr30k_images/101559400.jpg,person,0.8784440159797668,69.27179718017578,247.71881103515625,148.81524658203125,375.0506896972656,52
Flickr30K/101559400.jpg,/content/Image_captioning_Local/Flickr30K/flickr30k_images/flickr30k_images/101559400.jpg,traffic light,0.8537117838859558,431.87945556640625,127.8341064453125,442.2823791503906,149.60476684570312,52
Flickr30K/101559400.jpg,/content/Image_captioning_Local/Flickr30K/flickr30k_images/flickr30k_images/101559400.jpg,person,0.8455356359481812,53.69255065917969,208.5072784423828,71.82514953613281,277.0476989746094,52
Flickr30K/101559400.jpg,/content/Image_captioning_Local/Flickr30K/flickr30k_images/flickr30k_images/101559400.jpg,bicycle,0.7995795607566833,0.17509981989860535,244.19007873535156,28.540315628051758,286.1716613769531,52
Flickr30K/101559400.jpg,/content/Image_captioning_Local/Flickr30K/flickr30k_images/flickr30k_images/101559400.jpg,traffic light,0.7577545642852783,294.8525695800781,166.13980102539062,300.8610534667969,177.36862182617188,52
Flickr30K/101559400.jpg,/content/Image_captioning_Local/Flickr30K/flickr30k_images/flickr30k_images/101559400.jpg,car,0.7333508133888245,403.163330078125,205.45120239257812,415.12677001953125,216.12692260742188,52
Flickr30K/101559400.jpg,/content/Image_captioning_Local/Flickr30K/flickr30k_images/flickr30k_images/101559400.jpg,traffic light,0.6907132267951965,347.9710693359375,176.71372985839844,353.3003234863281,189.23915100097656,52
Flickr30K/101559400.jpg,/content/Image_captioning_Local/Flickr30K/flickr30k_images/flickr30k_images/101559400.jpg,traffic light,0.6563548445701599,379.0813293457031,172.5103302001953,383.0242919921875,180.0441131591797,52
Flickr30K/101559400.jpg,/content/Image_captioning_Local/Flickr30K/flickr30k_images/flickr30k_images/101559400.jpg,traffic light,0.6088475584983826,156.78082275390625,168.1024169921875,162.1388702392578,177.68374633789062,52
Flickr30K/101559400.jpg,/content/Image_captioning_Local/Flickr30K/flickr30k_images/flickr30k_images/101559400.jpg,tie,0.5880683660507202,315.92608642578125,249.21458435058594,322.6417236328125,273.65399169921875,52
Flickr30K/101559400.jpg,/content/Image_captioning_Local/Flickr30K/flickr30k_images/flickr30k_images/101559400.jpg,truck,0.5474158525466919,385.6271057128906,198.61817932128906,404.2767333984375,218.3386688232422,52
Flickr30K/101559400.jpg,/content/Image_captioning_Local/Flickr30K/flickr30k_images/flickr30k_images/101559400.jpg,person,0.4934602975845337,455.0125732421875,203.2897186279297,467.61126708984375,233.7458038330078,52
Flickr30K/101559400.jpg,/content/Image_captioning_Local/Flickr30K/flickr30k_images/flickr30k_images/101559400.jpg,car,0.4931465983390808,378.428955078125,205.42843627929688,387.0063171386719,216.26318359375,52
Flickr30K/101559400.jpg,/content/Image_captioning_Local/Flickr30K/flickr30k_images/flickr30k_images/101559400.jpg,person,0.4757751226425171,155.24549865722656,204.31503295898438,168.8449249267578,232.77171325683594,52
Flickr30K/101559400.jpg,/content/Image_captioning_Local/Flickr30K/flickr30k_images/flickr30k_images/101559400.jpg,person,0.47492560744285583,444.93902587890625,202.57786560058594,456.279052734375,233.6121826171875,52
Flickr30K/101559400.jpg,/content/Image_captioning_Local/Flickr30K/flickr30k_images/flickr30k_images/101559400.jpg,person,0.4674181640148163,347.7298889160156,202.8312225341797,354.8377990722656,225.05340576171875,52
Flickr30K/101559400.jpg,/content/Image_captioning_Local/Flickr30K/flickr30k_images/flickr30k_images/101559400.jpg,person,0.45074373483657837,248.6956329345703,204.60679626464844,256.6688537597656,226.54592895507812,52
Flickr30K/101559400.jpg,/content/Image_captioning_Local/Flickr30K/flickr30k_images/flickr30k_images/101559400.jpg,person,0.4483667314052582,234.94642639160156,203.419921875,244.55467224121094,226.81517028808594,52
Flickr30K/101559400.jpg,/content/Image_captioning_Local/Flickr30K/flickr30k_images/flickr30k_images/101559400.jpg,person,0.4182911515235901,118.3238296508789,207.06369018554688,134.91806030273438,235.1897430419922,52
Flickr30K/101559400.jpg,/content/Image_captioning_Local/Flickr30K/flickr30k_images/flickr30k_images/101559400.jpg,bus,0.3970901072025299,469.2579040527344,194.07005310058594,499.89764404296875,205.32772827148438,52
Flickr30K/101559400.jpg,/content/Image_captioning_Local/Flickr30K/flickr30k_images/flickr30k_images/101559400.jpg,person,0.3878405690193176,98.16316986083984,202.99327087402344,111.3652114868164,235.38111877441406,52
Flickr30K/101559400.jpg,/content/Image_captioning_Local/Flickr30K/flickr30k_images/flickr30k_images/101559400.jpg,person,0.3741439878940582,212.49977111816406,204.8447723388672,220.7550048828125,227.10598754882812,52
Flickr30K/101559400.jpg,/content/Image_captioning_Local/Flickr30K/flickr30k_images/flickr30k_images/101559400.jpg,person,0.37367936968803406,178.49603271484375,202.66482543945312,188.0703887939453,228.7991943359375,52
Flickr30K/101559400.jpg,/content/Image_captioning_Local/Flickr30K/flickr30k_images/flickr30k_images/101559400.jpg,car,0.3709963262081146,358.7270812988281,202.02362060546875,370.6231384277344,208.71734619140625,52
Flickr30K/101559400.jpg,/content/Image_captioning_Local/Flickr30K/flickr30k_images/flickr30k_images/101559400.jpg,person,0.36783862113952637,259.83148193359375,204.25843811035156,268.0615234375,223.68067932128906,52
Flickr30K/101559400.jpg,/content/Image_captioning_Local/Flickr30K/flickr30k_images/flickr30k_images/101559400.jpg,traffic light,0.36515796184539795,487.1496276855469,171.65316772460938,493.30224609375,180.70469665527344,52
Flickr30K/101559400.jpg,/content/Image_captioning_Local/Flickr30K/flickr30k_images/flickr30k_images/101559400.jpg,traffic light,0.35935625433921814,348.21142578125,190.07977294921875,354.257568359375,198.50369262695312,52
Flickr30K/101559400.jpg,/content/Image_captioning_Local/Flickr30K/flickr30k_images/flickr30k_images/101559400.jpg,person,0.3560153841972351,431.5065002441406,202.13363647460938,446.1067810058594,228.82846069335938,52
Flickr30K/101559400.jpg,/content/Image_captioning_Local/Flickr30K/flickr30k_images/flickr30k_images/101559400.jpg,person,0.35253801941871643,36.73891067504883,204.4568328857422,48.92020034790039,233.84414672851562,52
Flickr30K/101559400.jpg,/content/Image_captioning_Local/Flickr30K/flickr30k_images/flickr30k_images/101559400.jpg,person,0.34593498706817627,225.70687866210938,205.49684143066406,233.28128051757812,224.9344482421875,52
Flickr30K/101559400.jpg,/content/Image_captioning_Local/Flickr30K/flickr30k_images/flickr30k_images/101559400.jpg,car,0.33114728331565857,371.58770751953125,202.18699645996094,380.5972900390625,208.45143127441406,52
Flickr30K/101559400.jpg,/content/Image_captioning_Local/Flickr30K/flickr30k_images/flickr30k_images/101559400.jpg,car,0.32954588532447815,411.1478271484375,199.20806884765625,422.1989440917969,206.24676513671875,52
Flickr30K/101559400.jpg,/content/Image_captioning_Local/Flickr30K/flickr30k_images/flickr30k_images/101559400.jpg,person,0.32556435465812683,276.22515869140625,203.91351318359375,282.9037170410156,223.4303741455078,52
Flickr30K/101559400.jpg,/content/Image_captioning_Local/Flickr30K/flickr30k_images/flickr30k_images/101559400.jpg,person,0.32502368092536926,85.18468475341797,203.80787658691406,95.07353210449219,230.8809356689453,52
Flickr30K/101559400.jpg,/content/Image_captioning_Local/Flickr30K/flickr30k_images/flickr30k_images/101559400.jpg,bus,0.31596246361732483,385.6271057128906,198.61817932128906,404.2767333984375,218.3386688232422,52
Flickr30K/101559400.jpg,/content/Image_captioning_Local/Flickr30K/flickr30k_images/flickr30k_images/101559400.jpg,bus,0.31227198243141174,385.78875732421875,198.4196014404297,404.3248596191406,218.40081787109375,52
Flickr30K/101559400.jpg,/content/Image_captioning_Local/Flickr30K/flickr30k_images/flickr30k_images/101559400.jpg,truck,0.3118602931499481,385.78875732421875,198.4196014404297,404.3248596191406,218.40081787109375,52
Flickr30K/101559400.jpg,/content/Image_captioning_Local/Flickr30K/flickr30k_images/flickr30k_images/101559400.jpg,person,0.3105567991733551,18.031261444091797,203.23117065429688,27.26070213317871,227.4284210205078,52
Flickr30K/101559400.jpg,/content/Image_captioning_Local/Flickr30K/flickr30k_images/flickr30k_images/101559400.jpg,person,0.30503353476524353,285.7921142578125,203.22972106933594,293.2544860839844,222.99290466308594,52
Flickr30K/101559400.jpg,/content/Image_captioning_Local/Flickr30K/flickr30k_images/flickr30k_images/101559400.jpg,person,0.2837446331977844,424.9584655761719,203.42465209960938,436.4283752441406,228.87220764160156,52
Flickr30K/101559400.jpg,/content/Image_captioning_Local/Flickr30K/flickr30k_images/flickr30k_images/101559400.jpg,person,0.2836698889732361,48.74291229248047,203.48095703125,59.33646011352539,234.315673828125,52
Flickr30K/101559400.jpg,/content/Image_captioning_Local/Flickr30K/flickr30k_images/flickr30k_images/101559400.jpg,person,0.283569872379303,318.34857177734375,202.3890838623047,326.94708251953125,221.63352966308594,52
Flickr30K/101559400.jpg,/content/Image_captioning_Local/Flickr30K/flickr30k_images/flickr30k_images/101559400.jpg,person,0.27930915355682373,64.21649932861328,202.84786987304688,75.66659545898438,227.76675415039062,52
Flickr30K/101559400.jpg,/content/Image_captioning_Local/Flickr30K/flickr30k_images/flickr30k_images/101559400.jpg,person,0.27926337718963623,128.49949645996094,202.53721618652344,137.54852294921875,227.60211181640625,52
Flickr30K/101559400.jpg,/content/Image_captioning_Local/Flickr30K/flickr30k_images/flickr30k_images/101559400.jpg,person,0.2790779173374176,-0.06878329813480377,226.06297302246094,14.064865112304688,269.80462646484375,52
Flickr30K/101559400.jpg,/content/Image_captioning_Local/Flickr30K/flickr30k_images/flickr30k_images/101559400.jpg,person,0.27606889605522156,113.599853515625,206.32313537597656,122.21431732177734,233.64295959472656,52
Flickr30K/101559400.jpg,/content/Image_captioning_Local/Flickr30K/flickr30k_images/flickr30k_images/101559400.jpg,person,0.26515087485313416,0.19433395564556122,226.45729064941406,14.190070152282715,251.1002655029297,52
Flickr30K/101559400.jpg,/content/Image_captioning_Local/Flickr30K/flickr30k_images/flickr30k_images/101559400.jpg,person,0.26049119234085083,202.21240234375,205.87469482421875,209.199951171875,226.53248596191406,52
Flickr30K/101559400.jpg,/content/Image_captioning_Local/Flickr30K/flickr30k_images/flickr30k_images/101559400.jpg,person,0.2561584711074829,137.22450256347656,205.6502685546875,147.57785034179688,233.30978393554688,52
Flickr30K/101559400.jpg,/content/Image_captioning_Local/Flickr30K/flickr30k_images/flickr30k_images/101559400.jpg,person,0.25085657835006714,77.20500183105469,205.95716857910156,87.69088745117188,231.89341735839844,52
Flickr30K/1015712668.jpg,/content/Image_captioning_Local/Flickr30K/flickr30k_images/flickr30k_images/1015712668.jpg,bicycle,0.9141106605529785,145.0891571044922,255.8509979248047,244.3946533203125,323.8485107421875,2
Flickr30K/1015712668.jpg,/content/Image_captioning_Local/Flickr30K/flickr30k_images/flickr30k_images/1015712668.jpg,person,0.8780972361564636,167.98028564453125,205.8965606689453,227.99046325683594,301.7341003417969,2
Flickr30K/10160966.jpg,/content/Image_captioning_Local/Flickr30K/flickr30k_images/flickr30k_images/10160966.jpg,person,0.9737223982810974,-0.12670084834098816,-0.15629827976226807,283.3092956542969,480.3603210449219,18
Flickr30K/10160966.jpg,/content/Image_captioning_Local/Flickr30K/flickr30k_images/flickr30k_images/10160966.jpg,cup,0.9438022971153259,171.11204528808594,74.25334167480469,234.59817504882812,161.829345703125,18
Flickr30K/10160966.jpg,/content/Image_captioning_Local/Flickr30K/flickr30k_images/flickr30k_images/10160966.jpg,hot dog,0.9199453592300415,257.472412109375,432.91949462890625,293.94866943359375,491.6055908203125,18
Flickr30K/10160966.jpg,/content/Image_captioning_Local/Flickr30K/flickr30k_images/flickr30k_images/10160966.jpg,hot dog,0.9178147315979004,274.99462890625,426.321044921875,310.5132141113281,483.39825439453125,18
Flickr30K/10160966.jpg,/content/Image_captioning_Local/Flickr30K/flickr30k_images/flickr30k_images/10160966.jpg,hot dog,0.9145317077636719,290.199951171875,417.0065612792969,325.6672058105469,472.6162109375,18
Flickr30K/10160966.jpg,/content/Image_captioning_Local/Flickr30K/flickr30k_images/flickr30k_images/10160966.jpg,hot dog,0.9086328744888306,310.882568359375,405.3365173339844,349.1886901855469,461.075927734375,18
Flickr30K/10160966.jpg,/content/Image_captioning_Local/Flickr30K/flickr30k_images/flickr30k_images/10160966.jpg,knife,0.9069752097129822,62.14483642578125,317.455322265625,110.52066040039062,366.40570068359375,18
Flickr30K/10160966.jpg,/content/Image_captioning_Local/Flickr30K/flickr30k_images/flickr30k_images/10160966.jpg,hot dog,0.9030219316482544,234.650634765625,448.5256042480469,270.8066101074219,499.92108154296875,18
Flickr30K/10160966.jpg,/content/Image_captioning_Local/Flickr30K/flickr30k_images/flickr30k_images/10160966.jpg,person,0.9028528332710266,265.96929931640625,0.03454834222793579,374.9608154296875,135.22386169433594,18
Flickr30K/10160966.jpg,/content/Image_captioning_Local/Flickr30K/flickr30k_images/flickr30k_images/10160966.jpg,hot dog,0.804664671421051,190.5021514892578,463.37310791015625,218.6795196533203,499.8787841796875,18
Flickr30K/10160966.jpg,/content/Image_captioning_Local/Flickr30K/flickr30k_images/flickr30k_images/10160966.jpg,fork,0.8011344075202942,67.91383361816406,293.7528381347656,129.6150360107422,336.1935119628906,18
Flickr30K/10160966.jpg,/content/Image_captioning_Local/Flickr30K/flickr30k_images/flickr30k_images/10160966.jpg,hot dog,0.7933269739151001,211.1258087158203,462.25677490234375,243.03860473632812,499.8794250488281,18
Flickr30K/10160966.jpg,/content/Image_captioning_Local/Flickr30K/flickr30k_images/flickr30k_images/10160966.jpg,cup,0.7117175459861755,85.52149200439453,443.7398681640625,150.010498046875,500.2518310546875,18
Flickr30K/10160966.jpg,/content/Image_captioning_Local/Flickr30K/flickr30k_images/flickr30k_images/10160966.jpg,person,0.42546895146369934,257.77838134765625,0.1773647964000702,307.6861572265625,22.110857009887695,18
Flickr30K/10160966.jpg,/content/Image_captioning_Local/Flickr30K/flickr30k_images/flickr30k_images/10160966.jpg,hot dog,0.3815278112888336,121.79158782958984,404.08770751953125,149.47756958007812,450.673095703125,18
Flickr30K/10160966.jpg,/content/Image_captioning_Local/Flickr30K/flickr30k_images/flickr30k_images/10160966.jpg,person,0.36920371651649475,150.3437042236328,0.06926152855157852,182.75765991210938,24.128507614135742,18
Flickr30K/10160966.jpg,/content/Image_captioning_Local/Flickr30K/flickr30k_images/flickr30k_images/10160966.jpg,person,0.26232630014419556,353.5744323730469,28.453752517700195,375.0455017089844,134.56312561035156,18
Flickr30K/10160966.jpg,/content/Image_captioning_Local/Flickr30K/flickr30k_images/flickr30k_images/10160966.jpg,bottle,0.2549460530281067,85.52149200439453,443.7398681640625,150.010498046875,500.2518310546875,18
Flickr30K/101654506.jpg,/content/Image_captioning_Local/Flickr30K/flickr30k_images/flickr30k_images/101654506.jpg,dog,0.9678062796592712,182.21875,133.91995239257812,436.955810546875,386.697265625,1
Flickr30K/1016626169.jpg,/content/Image_captioning_Local/Flickr30K/flickr30k_images/flickr30k_images/1016626169.jpg,person,0.9551078081130981,-0.31795066595077515,156.2069854736328,123.82096862792969,499.3836364746094,19
Flickr30K/1016626169.jpg,/content/Image_captioning_Local/Flickr30K/flickr30k_images/flickr30k_images/1016626169.jpg,person,0.9370907545089722,138.0561065673828,117.80463409423828,289.589111328125,410.1804504394531,19
Flickr30K/1016626169.jpg,/content/Image_captioning_Local/Flickr30K/flickr30k_images/flickr30k_images/1016626169.jpg,person,0.8889648914337158,100.42276000976562,134.80540466308594,174.862548828125,464.46368408203125,19
Flickr30K/1016626169.jpg,/content/Image_captioning_Local/Flickr30K/flickr30k_images/flickr30k_images/1016626169.jpg,handbag,0.8724485635757446,71.31961822509766,225.92198181152344,123.21159362792969,360.28814697265625,19
Flickr30K/1016626169.jpg,/content/Image_captioning_Local/Flickr30K/flickr30k_images/flickr30k_images/1016626169.jpg,traffic light,0.86065673828125,67.89031982421875,16.375654220581055,85.69817352294922,52.42481994628906,19
Flickr30K/1016626169.jpg,/content/Image_captioning_Local/Flickr30K/flickr30k_images/flickr30k_images/1016626169.jpg,person,0.8421221971511841,56.047882080078125,114.44178771972656,104.04576110839844,240.1512908935547,19
Flickr30K/1016626169.jpg,/content/Image_captioning_Local/Flickr30K/flickr30k_images/flickr30k_images/1016626169.jpg,person,0.7008589506149292,0.03682561218738556,135.02146911621094,33.475921630859375,236.34471130371094,19
Flickr30K/1016626169.jpg,/content/Image_captioning_Local/Flickr30K/flickr30k_images/flickr30k_images/1016626169.jpg,motorcycle,0.6744151711463928,89.87298583984375,313.6556091308594,331.7876281738281,499.1153564453125,19
Flickr30K/1016626169.jpg,/content/Image_captioning_Local/Flickr30K/flickr30k_images/flickr30k_images/1016626169.jpg,person,0.6331742405891418,95.05670928955078,144.3078155517578,119.6496810913086,197.06710815429688,19
Flickr30K/1016626169.jpg,/content/Image_captioning_Local/Flickr30K/flickr30k_images/flickr30k_images/1016626169.jpg,person,0.6272332668304443,229.0202178955078,113.40646362304688,294.50030517578125,241.353759765625,19
Flickr30K/1016626169.jpg,/content/Image_captioning_Local/Flickr30K/flickr30k_images/flickr30k_images/1016626169.jpg,person,0.5376587510108948,269.4975280761719,152.27117919921875,331.9393005371094,375.28411865234375,19
Flickr30K/1016626169.jpg,/content/Image_captioning_Local/Flickr30K/flickr30k_images/flickr30k_images/1016626169.jpg,person,0.477186918258667,269.06298828125,151.13729858398438,332.0434265136719,499.34600830078125,19
Flickr30K/1016626169.jpg,/content/Image_captioning_Local/Flickr30K/flickr30k_images/flickr30k_images/1016626169.jpg,person,0.46717390418052673,98.36665344238281,161.81983947753906,122.07096862792969,228.3229522705078,19
Flickr30K/1016626169.jpg,/content/Image_captioning_Local/Flickr30K/flickr30k_images/flickr30k_images/1016626169.jpg,person,0.4351462423801422,227.3642120361328,113.1292724609375,292.8232116699219,409.847900390625,19
Flickr30K/1016626169.jpg,/content/Image_captioning_Local/Flickr30K/flickr30k_images/flickr30k_images/1016626169.jpg,person,0.43309640884399414,220.8431854248047,134.24632263183594,244.20391845703125,176.78091430664062,19
Flickr30K/1016626169.jpg,/content/Image_captioning_Local/Flickr30K/flickr30k_images/flickr30k_images/1016626169.jpg,person,0.31413447856903076,41.81625747680664,143.09027099609375,58.10386657714844,156.69032287597656,19
Flickr30K/1016626169.jpg,/content/Image_captioning_Local/Flickr30K/flickr30k_images/flickr30k_images/1016626169.jpg,handbag,0.2954159379005432,0.09184697270393372,434.0235900878906,23.94368553161621,500.0366516113281,19
Flickr30K/1016626169.jpg,/content/Image_captioning_Local/Flickr30K/flickr30k_images/flickr30k_images/1016626169.jpg,person,0.2924495041370392,0.007221654057502747,135.49368286132812,33.12393569946289,439.97491455078125,19
Flickr30K/1016626169.jpg,/content/Image_captioning_Local/Flickr30K/flickr30k_images/flickr30k_images/1016626169.jpg,motorcycle,0.2872507870197296,2.0289297103881836,313.3130798339844,332.1382141113281,499.6531677246094,19
Flickr30K/101669240.jpg,/content/Image_captioning_Local/Flickr30K/flickr30k_images/flickr30k_images/101669240.jpg,person,0.9455634951591492,364.6304016113281,96.01756286621094,461.3180236816406,314.89215087890625,4
Flickr30K/101669240.jpg,/content/Image_captioning_Local/Flickr30K/flickr30k_images/flickr30k_images/101669240.jpg,skis,0.8117710947990417,329.701171875,307.2858581542969,492.8445739746094,324.235107421875,4
Flickr30K/101669240.jpg,/content/Image_captioning_Local/Flickr30K/flickr30k_images/flickr30k_images/101669240.jpg,person,0.5873056054115295,14.734879493713379,90.25863647460938,90.3772964477539,229.86891174316406,4
Flickr30K/101669240.jpg,/content/Image_captioning_Local/Flickr30K/flickr30k_images/flickr30k_images/101669240.jpg,person,0.574518620967865,14.775335311889648,90.29300689697266,90.68568420410156,289.49334716796875,4
Flickr30K/1016887272.jpg,/content/Image_captioning_Local/Flickr30K/flickr30k_images/flickr30k_images/1016887272.jpg,person,0.9310427904129028,74.46067810058594,303.98046875,167.7431640625,499.9502868652344,13
Flickr30K/1016887272.jpg,/content/Image_captioning_Local/Flickr30K/flickr30k_images/flickr30k_images/1016887272.jpg,person,0.8926531672477722,189.1723175048828,238.3260955810547,224.9332275390625,304.50286865234375,13
Flickr30K/1016887272.jpg,/content/Image_captioning_Local/Flickr30K/flickr30k_images/flickr30k_images/1016887272.jpg,person,0.8903836607933044,163.29811096191406,201.4275360107422,200.05323791503906,262.991943359375,13
Flickr30K/1016887272.jpg,/content/Image_captioning_Local/Flickr30K/flickr30k_images/flickr30k_images/1016887272.jpg,person,0.8726722002029419,192.45518493652344,371.0933532714844,224.49954223632812,451.45233154296875,13
Flickr30K/1016887272.jpg,/content/Image_captioning_Local/Flickr30K/flickr30k_images/flickr30k_images/1016887272.jpg,person,0.8515576124191284,211.0456085205078,309.67822265625,256.9936218261719,382.38922119140625,13
Flickr30K/1016887272.jpg,/content/Image_captioning_Local/Flickr30K/flickr30k_images/flickr30k_images/1016887272.jpg,person,0.8247365951538086,177.13970947265625,168.1594696044922,227.28671264648438,211.02816772460938,13
Flickr30K/1016887272.jpg,/content/Image_captioning_Local/Flickr30K/flickr30k_images/flickr30k_images/1016887272.jpg,person,0.6676632761955261,167.61032104492188,139.49632263183594,206.8128204345703,180.3328094482422,13
Flickr30K/1016887272.jpg,/content/Image_captioning_Local/Flickr30K/flickr30k_images/flickr30k_images/1016887272.jpg,person,0.5954572558403015,163.39305114746094,107.79388427734375,197.40016174316406,143.25772094726562,13
Flickr30K/1016887272.jpg,/content/Image_captioning_Local/Flickr30K/flickr30k_images/flickr30k_images/1016887272.jpg,person,0.44421154260635376,171.03225708007812,109.70670318603516,197.3743438720703,143.1776885986328,13
Flickr30K/1016887272.jpg,/content/Image_captioning_Local/Flickr30K/flickr30k_images/flickr30k_images/1016887272.jpg,person,0.38853806257247925,167.59396362304688,137.76055908203125,196.9662628173828,155.8062286376953,13
Flickr30K/1016887272.jpg,/content/Image_captioning_Local/Flickr30K/flickr30k_images/flickr30k_images/1016887272.jpg,person,0.37131935358047485,174.88075256347656,153.6693878173828,206.8673553466797,180.42864990234375,13
Flickr30K/1016887272.jpg,/content/Image_captioning_Local/Flickr30K/flickr30k_images/flickr30k_images/1016887272.jpg,person,0.32637542486190796,178.3423614501953,167.6168975830078,202.88821411132812,192.02626037597656,13
Flickr30K/1016887272.jpg,/content/Image_captioning_Local/Flickr30K/flickr30k_images/flickr30k_images/1016887272.jpg,backpack,0.3182918429374695,237.64149475097656,432.150634765625,269.8607177734375,447.2707824707031,13
Flickr30K/1017675163.jpg,/content/Image_captioning_Local/Flickr30K/flickr30k_images/flickr30k_images/1017675163.jpg,person,0.9593309164047241,61.46730041503906,10.959207534790039,329.51727294921875,287.1751403808594,37
Flickr30K/1017675163.jpg,/content/Image_captioning_Local/Flickr30K/flickr30k_images/flickr30k_images/1017675163.jpg,person,0.7105358242988586,42.49018096923828,227.04225158691406,74.208984375,265.1666259765625,37
Flickr30K/1017675163.jpg,/content/Image_captioning_Local/Flickr30K/flickr30k_images/flickr30k_images/1017675163.jpg,person,0.7100151777267456,255.74453735351562,414.0699768066406,305.2708435058594,446.2406921386719,37
Flickr30K/1017675163.jpg,/content/Image_captioning_Local/Flickr30K/flickr30k_images/flickr30k_images/1017675163.jpg,person,0.6557716727256775,9.838704109191895,218.20668029785156,42.933982849121094,289.2297058105469,37
Flickr30K/1017675163.jpg,/content/Image_captioning_Local/Flickr30K/flickr30k_images/flickr30k_images/1017675163.jpg,person,0.6430819630622864,309.22100830078125,415.941650390625,347.7290954589844,446.9692687988281,37
Flickr30K/1017675163.jpg,/content/Image_captioning_Local/Flickr30K/flickr30k_images/flickr30k_images/1017675163.jpg,person,0.5829432606697083,303.283203125,186.3519287109375,335.72662353515625,222.44906616210938,37
Flickr30K/1017675163.jpg,/content/Image_captioning_Local/Flickr30K/flickr30k_images/flickr30k_images/1017675163.jpg,person,0.5280640721321106,21.51544952392578,448.0002136230469,51.170406341552734,466.1580505371094,37
Flickr30K/1017675163.jpg,/content/Image_captioning_Local/Flickr30K/flickr30k_images/flickr30k_images/1017675163.jpg,person,0.4237554967403412,308.722900390625,217.03860473632812,339.96087646484375,254.15390014648438,37
Flickr30K/1017675163.jpg,/content/Image_captioning_Local/Flickr30K/flickr30k_images/flickr30k_images/1017675163.jpg,person,0.40774405002593994,212.4366455078125,230.3336639404297,236.06271362304688,261.8613586425781,37
Flickr30K/1017675163.jpg,/content/Image_captioning_Local/Flickr30K/flickr30k_images/flickr30k_images/1017675163.jpg,person,0.4075036644935608,133.72654724121094,252.1315155029297,153.58494567871094,286.5379943847656,37
Flickr30K/1017675163.jpg,/content/Image_captioning_Local/Flickr30K/flickr30k_images/flickr30k_images/1017675163.jpg,person,0.39734357595443726,193.79737854003906,236.79319763183594,221.3499755859375,265.6529541015625,37
Flickr30K/1017675163.jpg,/content/Image_captioning_Local/Flickr30K/flickr30k_images/flickr30k_images/1017675163.jpg,person,0.3805190622806549,231.5650177001953,188.67919921875,257.97271728515625,225.0333251953125,37
Flickr30K/1017675163.jpg,/content/Image_captioning_Local/Flickr30K/flickr30k_images/flickr30k_images/1017675163.jpg,person,0.3565731942653656,213.92706298828125,136.31668090820312,243.81883239746094,168.9293670654297,37
Flickr30K/1017675163.jpg,/content/Image_captioning_Local/Flickr30K/flickr30k_images/flickr30k_images/1017675163.jpg,person,0.3555929958820343,252.82159423828125,222.2307586669922,285.6767883300781,259.93280029296875,37
Flickr30K/1017675163.jpg,/content/Image_captioning_Local/Flickr30K/flickr30k_images/flickr30k_images/1017675163.jpg,person,0.3388826251029968,154.5425262451172,255.0345916748047,173.42337036132812,285.8630065917969,37
Flickr30K/1017675163.jpg,/content/Image_captioning_Local/Flickr30K/flickr30k_images/flickr30k_images/1017675163.jpg,person,0.3307202458381653,285.0674133300781,221.26925659179688,310.02105712890625,259.83551025390625,37
Flickr30K/1017675163.jpg,/content/Image_captioning_Local/Flickr30K/flickr30k_images/flickr30k_images/1017675163.jpg,person,0.32841405272483826,302.6478271484375,249.3347625732422,337.908447265625,281.7168273925781,37
Flickr30K/1017675163.jpg,/content/Image_captioning_Local/Flickr30K/flickr30k_images/flickr30k_images/1017675163.jpg,person,0.3215896487236023,224.2802734375,239.55377197265625,252.40371704101562,265.0379638671875,37
Flickr30K/1017675163.jpg,/content/Image_captioning_Local/Flickr30K/flickr30k_images/flickr30k_images/1017675163.jpg,person,0.32110270857810974,9.965534210205078,218.278076171875,42.62574005126953,270.83453369140625,37
Flickr30K/1017675163.jpg,/content/Image_captioning_Local/Flickr30K/flickr30k_images/flickr30k_images/1017675163.jpg,person,0.3207067549228668,217.98155212402344,203.74742126464844,244.35861206054688,238.74557495117188,37
Flickr30K/1017675163.jpg,/content/Image_captioning_Local/Flickr30K/flickr30k_images/flickr30k_images/1017675163.jpg,person,0.319021075963974,326.220458984375,232.0921173095703,348.13671875,259.8617248535156,37
Flickr30K/1017675163.jpg,/content/Image_captioning_Local/Flickr30K/flickr30k_images/flickr30k_images/1017675163.jpg,person,0.31779494881629944,93.74630737304688,202.38961791992188,119.60147857666016,236.93548583984375,37
Flickr30K/1017675163.jpg,/content/Image_captioning_Local/Flickr30K/flickr30k_images/flickr30k_images/1017675163.jpg,person,0.31253713369369507,205.20997619628906,416.0946960449219,239.7312469482422,444.06195068359375,37
Flickr30K/1017675163.jpg,/content/Image_captioning_Local/Flickr30K/flickr30k_images/flickr30k_images/1017675163.jpg,person,0.3063949942588806,224.07241821289062,244.8374481201172,252.96934509277344,283.589111328125,37
Flickr30K/1017675163.jpg,/content/Image_captioning_Local/Flickr30K/flickr30k_images/flickr30k_images/1017675163.jpg,person,0.29972219467163086,277.5101013183594,208.11041259765625,297.91943359375,237.3278350830078,37
Flickr30K/1017675163.jpg,/content/Image_captioning_Local/Flickr30K/flickr30k_images/flickr30k_images/1017675163.jpg,person,0.2939204275608063,329.0454406738281,194.31497192382812,348.054443359375,233.8839569091797,37
Flickr30K/1017675163.jpg,/content/Image_captioning_Local/Flickr30K/flickr30k_images/flickr30k_images/1017675163.jpg,person,0.2900315821170807,297.7422790527344,445.8769226074219,329.6707458496094,467.5846252441406,37
Flickr30K/1017675163.jpg,/content/Image_captioning_Local/Flickr30K/flickr30k_images/flickr30k_images/1017675163.jpg,chair,0.2894383370876312,50.75425720214844,151.03521728515625,66.76807403564453,169.7568359375,37
Flickr30K/1017675163.jpg,/content/Image_captioning_Local/Flickr30K/flickr30k_images/flickr30k_images/1017675163.jpg,person,0.28857290744781494,251.81924438476562,150.0768585205078,272.3026123046875,167.3506622314453,37
Flickr30K/1017675163.jpg,/content/Image_captioning_Local/Flickr30K/flickr30k_images/flickr30k_images/1017675163.jpg,person,0.2691810131072998,183.42398071289062,224.73226928710938,206.37110900878906,254.3704833984375,37
Flickr30K/1017675163.jpg,/content/Image_captioning_Local/Flickr30K/flickr30k_images/flickr30k_images/1017675163.jpg,person,0.2663113474845886,42.33539962768555,226.95819091796875,74.5277328491211,288.0782775878906,37
Flickr30K/1017675163.jpg,/content/Image_captioning_Local/Flickr30K/flickr30k_images/flickr30k_images/1017675163.jpg,person,0.2648790776729584,103.68901824951172,253.01116943359375,128.22793579101562,287.3423156738281,37
Flickr30K/1017675163.jpg,/content/Image_captioning_Local/Flickr30K/flickr30k_images/flickr30k_images/1017675163.jpg,person,0.26394081115722656,193.01629638671875,236.99737548828125,222.44471740722656,283.27752685546875,37
Flickr30K/1017675163.jpg,/content/Image_captioning_Local/Flickr30K/flickr30k_images/flickr30k_images/1017675163.jpg,person,0.26268813014030457,181.00875854492188,251.17001342773438,200.84909057617188,284.6455383300781,37
Flickr30K/1017675163.jpg,/content/Image_captioning_Local/Flickr30K/flickr30k_images/flickr30k_images/1017675163.jpg,person,0.25851431488990784,203.5171661376953,209.4094696044922,220.5283966064453,236.14918518066406,37
Flickr30K/1017675163.jpg,/content/Image_captioning_Local/Flickr30K/flickr30k_images/flickr30k_images/1017675163.jpg,person,0.25709789991378784,329.94183349609375,195.33859252929688,348.08135986328125,233.7021942138672,37
Flickr30K/1017675163.jpg,/content/Image_captioning_Local/Flickr30K/flickr30k_images/flickr30k_images/1017675163.jpg,person,0.25207483768463135,66.5651626586914,243.6811981201172,84.25066375732422,268.2233581542969,37
Flickr30K/1018057225.jpg,/content/Image_captioning_Local/Flickr30K/flickr30k_images/flickr30k_images/1018057225.jpg,person,0.9587178826332092,271.82281494140625,161.48788452148438,422.3462829589844,300.3211669921875,2
Flickr30K/1018057225.jpg,/content/Image_captioning_Local/Flickr30K/flickr30k_images/flickr30k_images/1018057225.jpg,frisbee,0.5915066599845886,4.485726356506348,356.9151611328125,194.2049102783203,494.9945068359375,2
Flickr30K/1018148011.jpg,/content/Image_captioning_Local/Flickr30K/flickr30k_images/flickr30k_images/1018148011.jpg,person,0.8977226614952087,383.1388244628906,196.1679229736328,427.7712097167969,332.9754638671875,28
Flickr30K/1018148011.jpg,/content/Image_captioning_Local/Flickr30K/flickr30k_images/flickr30k_images/1018148011.jpg,person,0.8632258772850037,121.50994110107422,39.96834945678711,142.52940368652344,94.85264587402344,28
Flickr30K/1018148011.jpg,/content/Image_captioning_Local/Flickr30K/flickr30k_images/flickr30k_images/1018148011.jpg,person,0.8144200444221497,90.91879272460938,41.86487579345703,115.1258773803711,94.66907501220703,28
Flickr30K/1018148011.jpg,/content/Image_captioning_Local/Flickr30K/flickr30k_images/flickr30k_images/1018148011.jpg,person,0.810196042060852,0.1467326581478119,213.6240234375,20.446706771850586,290.3744201660156,28
Flickr30K/1018148011.jpg,/content/Image_captioning_Local/Flickr30K/flickr30k_images/flickr30k_images/1018148011.jpg,truck,0.7979732751846313,0.30350685119628906,88.65202331542969,375.5898742675781,290.9940490722656,28
Flickr30K/1018148011.jpg,/content/Image_captioning_Local/Flickr30K/flickr30k_images/flickr30k_images/1018148011.jpg,person,0.7833088636398315,148.5221710205078,46.741180419921875,184.90428161621094,97.91236114501953,28
Flickr30K/1018148011.jpg,/content/Image_captioning_Local/Flickr30K/flickr30k_images/flickr30k_images/1018148011.jpg,person,0.7627853155136108,180.26197814941406,58.633453369140625,203.19818115234375,102.74921417236328,28
Flickr30K/1018148011.jpg,/content/Image_captioning_Local/Flickr30K/flickr30k_images/flickr30k_images/1018148011.jpg,person,0.7513827681541443,101.89564514160156,41.18624496459961,119.11505126953125,94.21129608154297,28
Flickr30K/1018148011.jpg,/content/Image_captioning_Local/Flickr30K/flickr30k_images/flickr30k_images/1018148011.jpg,person,0.7302190065383911,60.704856872558594,206.25921630859375,93.3707504272461,292.7560119628906,28
Flickr30K/1018148011.jpg,/content/Image_captioning_Local/Flickr30K/flickr30k_images/flickr30k_images/1018148011.jpg,person,0.6265411972999573,249.4215850830078,116.5923843383789,271.486572265625,153.989013671875,28
Flickr30K/1018148011.jpg,/content/Image_captioning_Local/Flickr30K/flickr30k_images/flickr30k_images/1018148011.jpg,person,0.6017677187919617,307.3739013671875,138.855224609375,323.82049560546875,154.20584106445312,28
Flickr30K/1018148011.jpg,/content/Image_captioning_Local/Flickr30K/flickr30k_images/flickr30k_images/1018148011.jpg,person,0.5324514508247375,280.13671875,130.47862243652344,301.0196228027344,155.4696044921875,28
Flickr30K/1018148011.jpg,/content/Image_captioning_Local/Flickr30K/flickr30k_images/flickr30k_images/1018148011.jpg,person,0.46378207206726074,243.6406707763672,119.56916809082031,251.73980712890625,136.19766235351562,28
Flickr30K/1018148011.jpg,/content/Image_captioning_Local/Flickr30K/flickr30k_images/flickr30k_images/1018148011.jpg,person,0.4622073173522949,281.2397766113281,130.16847229003906,292.3538513183594,142.71434020996094,28
Flickr30K/1018148011.jpg,/content/Image_captioning_Local/Flickr30K/flickr30k_images/flickr30k_images/1018148011.jpg,cow,0.41939643025398254,195.09506225585938,175.53102111816406,213.0246124267578,191.70066833496094,28
Flickr30K/1018148011.jpg,/content/Image_captioning_Local/Flickr30K/flickr30k_images/flickr30k_images/1018148011.jpg,person,0.40961867570877075,289.4944152832031,131.09429931640625,299.53668212890625,142.5391082763672,28
Flickr30K/1018148011.jpg,/content/Image_captioning_Local/Flickr30K/flickr30k_images/flickr30k_images/1018148011.jpg,cow,0.4002908170223236,104.41534423828125,178.63812255859375,119.1128158569336,189.030517578125,28
Flickr30K/1018148011.jpg,/content/Image_captioning_Local/Flickr30K/flickr30k_images/flickr30k_images/1018148011.jpg,person,0.39081045985221863,279.7652282714844,130.1122589111328,292.1846923828125,155.17404174804688,28
Flickr30K/1018148011.jpg,/content/Image_captioning_Local/Flickr30K/flickr30k_images/flickr30k_images/1018148011.jpg,person,0.36286798119544983,333.9045715332031,139.4274444580078,342.42767333984375,150.88836669921875,28
Flickr30K/1018148011.jpg,/content/Image_captioning_Local/Flickr30K/flickr30k_images/flickr30k_images/1018148011.jpg,truck,0.3386620581150055,0.8833147287368774,164.25611877441406,74.84613037109375,283.7039794921875,28
Flickr30K/1018148011.jpg,/content/Image_captioning_Local/Flickr30K/flickr30k_images/flickr30k_images/1018148011.jpg,sheep,0.3288528621196747,195.09506225585938,175.53102111816406,213.0246124267578,191.70066833496094,28
Flickr30K/1018148011.jpg,/content/Image_captioning_Local/Flickr30K/flickr30k_images/flickr30k_images/1018148011.jpg,truck,0.3197356164455414,0.7736794948577881,134.8872528076172,73.55572509765625,283.9507141113281,28
Flickr30K/1018148011.jpg,/content/Image_captioning_Local/Flickr30K/flickr30k_images/flickr30k_images/1018148011.jpg,person,0.2991009056568146,139.4521026611328,66.67493438720703,151.80772399902344,91.18370056152344,28
Flickr30K/1018148011.jpg,/content/Image_captioning_Local/Flickr30K/flickr30k_images/flickr30k_images/1018148011.jpg,sheep,0.2846108078956604,104.41534423828125,178.63812255859375,119.1128158569336,189.030517578125,28
Flickr30K/1018148011.jpg,/content/Image_captioning_Local/Flickr30K/flickr30k_images/flickr30k_images/1018148011.jpg,sheep,0.2810186743736267,136.96255493164062,176.90382385253906,146.62672424316406,188.38653564453125,28
Flickr30K/1018148011.jpg,/content/Image_captioning_Local/Flickr30K/flickr30k_images/flickr30k_images/1018148011.jpg,cow,0.26263871788978577,136.96255493164062,176.90382385253906,146.62672424316406,188.38653564453125,28
Flickr30K/1018148011.jpg,/content/Image_captioning_Local/Flickr30K/flickr30k_images/flickr30k_images/1018148011.jpg,cow,0.2529557943344116,195.078125,176.09486389160156,204.00389099121094,191.94802856445312,28
Flickr30K/1018148011.jpg,/content/Image_captioning_Local/Flickr30K/flickr30k_images/flickr30k_images/1018148011.jpg,sheep,0.251065731048584,195.078125,176.09486389160156,204.00389099121094,191.94802856445312,28
Flickr30K/101859883.jpg,/content/Image_captioning_Local/Flickr30K/flickr30k_images/flickr30k_images/101859883.jpg,person,0.954322874546051,250.721923828125,91.10352325439453,471.32159423828125,332.8406677246094,12
Flickr30K/101859883.jpg,/content/Image_captioning_Local/Flickr30K/flickr30k_images/flickr30k_images/101859883.jpg,boat,0.8031351566314697,155.30348205566406,107.4705581665039,217.48492431640625,145.95938110351562,12
Flickr30K/101859883.jpg,/content/Image_captioning_Local/Flickr30K/flickr30k_images/flickr30k_images/101859883.jpg,boat,0.5693913102149963,88.22809600830078,71.62782287597656,128.36265563964844,77.4997787475586,12
Flickr30K/101859883.jpg,/content/Image_captioning_Local/Flickr30K/flickr30k_images/flickr30k_images/101859883.jpg,handbag,0.5165778398513794,340.5694885253906,183.87710571289062,360.153564453125,332.7470397949219,12
Flickr30K/101859883.jpg,/content/Image_captioning_Local/Flickr30K/flickr30k_images/flickr30k_images/101859883.jpg,boat,0.49954771995544434,112.04607391357422,169.5104217529297,153.74395751953125,185.6075439453125,12
Flickr30K/101859883.jpg,/content/Image_captioning_Local/Flickr30K/flickr30k_images/flickr30k_images/101859883.jpg,boat,0.484291136264801,196.2893829345703,81.42477416992188,233.79190063476562,92.1794204711914,12
Flickr30K/101859883.jpg,/content/Image_captioning_Local/Flickr30K/flickr30k_images/flickr30k_images/101859883.jpg,cell phone,0.3951173424720764,307.6440734863281,133.1774139404297,318.7873229980469,155.9102783203125,12
Flickr30K/101859883.jpg,/content/Image_captioning_Local/Flickr30K/flickr30k_images/flickr30k_images/101859883.jpg,boat,0.39320024847984314,125.25569152832031,91.09404754638672,134.275146484375,97.95409393310547,12
Flickr30K/101859883.jpg,/content/Image_captioning_Local/Flickr30K/flickr30k_images/flickr30k_images/101859883.jpg,boat,0.2997381091117859,215.0661163330078,95.14704132080078,235.70034790039062,101.3958511352539,12
Flickr30K/101859883.jpg,/content/Image_captioning_Local/Flickr30K/flickr30k_images/flickr30k_images/101859883.jpg,cell phone,0.28783726692199707,292.32403564453125,123.2948226928711,318.3058166503906,162.42388916015625,12
Flickr30K/101859883.jpg,/content/Image_captioning_Local/Flickr30K/flickr30k_images/flickr30k_images/101859883.jpg,cell phone,0.2596687376499176,290.0614318847656,131.86416625976562,318.5882263183594,162.76707458496094,12
Flickr30K/101859883.jpg,/content/Image_captioning_Local/Flickr30K/flickr30k_images/flickr30k_images/101859883.jpg,boat,0.2537018358707428,88.21566009521484,71.86795043945312,93.51325988769531,77.25322723388672,12
Flickr30K/10188041.jpg,/content/Image_captioning_Local/Flickr30K/flickr30k_images/flickr30k_images/10188041.jpg,person,0.8574331402778625,188.68743896484375,183.31069946289062,289.2776794433594,375.1614990234375,3
Flickr30K/10188041.jpg,/content/Image_captioning_Local/Flickr30K/flickr30k_images/flickr30k_images/10188041.jpg,car,0.7470373511314392,-0.10091438889503479,189.7790985107422,121.58462524414062,287.7347412109375,3
Flickr30K/10188041.jpg,/content/Image_captioning_Local/Flickr30K/flickr30k_images/flickr30k_images/10188041.jpg,airplane,0.6135939955711365,116.2266616821289,83.31558227539062,447.48394775390625,332.313232421875,3
Flickr30K/1019077836.jpg,/content/Image_captioning_Local/Flickr30K/flickr30k_images/flickr30k_images/1019077836.jpg,dog,0.9531530737876892,96.86498260498047,228.80154418945312,211.9726104736328,345.52850341796875,4
Flickr30K/1019077836.jpg,/content/Image_captioning_Local/Flickr30K/flickr30k_images/flickr30k_images/1019077836.jpg,car,0.8662262558937073,247.69003295898438,110.01276397705078,322.96978759765625,138.7571258544922,4
Flickr30K/1019077836.jpg,/content/Image_captioning_Local/Flickr30K/flickr30k_images/flickr30k_images/1019077836.jpg,stop sign,0.8038549423217773,450.07220458984375,80.9415512084961,471.4356994628906,107.42871856689453,4
Flickr30K/1019077836.jpg,/content/Image_captioning_Local/Flickr30K/flickr30k_images/flickr30k_images/1019077836.jpg,truck,0.4293646514415741,247.65179443359375,109.6086654663086,322.9994812011719,138.75025939941406,4
Flickr30K/101958970.jpg,/content/Image_captioning_Local/Flickr30K/flickr30k_images/flickr30k_images/101958970.jpg,person,0.9763161540031433,68.30298614501953,26.394020080566406,402.2524108886719,374.6614685058594,21
Flickr30K/101958970.jpg,/content/Image_captioning_Local/Flickr30K/flickr30k_images/flickr30k_images/101958970.jpg,person,0.8750249743461609,247.56040954589844,196.27137756347656,337.98834228515625,361.5840148925781,21
Flickr30K/101958970.jpg,/content/Image_captioning_Local/Flickr30K/flickr30k_images/flickr30k_images/101958970.jpg,person,0.6094493865966797,325.1091613769531,0.19706273078918457,361.88671875,36.83137893676758,21
Flickr30K/101958970.jpg,/content/Image_captioning_Local/Flickr30K/flickr30k_images/flickr30k_images/101958970.jpg,banana,0.5282534956932068,90.06611633300781,3.7400856018066406,113.88168334960938,20.788753509521484,21
Flickr30K/101958970.jpg,/content/Image_captioning_Local/Flickr30K/flickr30k_images/flickr30k_images/101958970.jpg,banana,0.4864996373653412,85.43984985351562,79.08432006835938,106.20807647705078,98.86103057861328,21
Flickr30K/101958970.jpg,/content/Image_captioning_Local/Flickr30K/flickr30k_images/flickr30k_images/101958970.jpg,banana,0.45198410749435425,65.90646362304688,0.5863951444625854,90.84923553466797,20.558242797851562,21
Flickr30K/101958970.jpg,/content/Image_captioning_Local/Flickr30K/flickr30k_images/flickr30k_images/101958970.jpg,person,0.421852171421051,323.8863525390625,0.4910426139831543,362.2275390625,69.99153137207031,21
Flickr30K/101958970.jpg,/content/Image_captioning_Local/Flickr30K/flickr30k_images/flickr30k_images/101958970.jpg,banana,0.4171851873397827,65.52339935302734,1.9177095890045166,78.01261901855469,20.356660842895508,21
Flickr30K/101958970.jpg,/content/Image_captioning_Local/Flickr30K/flickr30k_images/flickr30k_images/101958970.jpg,banana,0.40705278515815735,75.57322692871094,0.9521660208702087,89.85121154785156,20.02350425720215,21
Flickr30K/101958970.jpg,/content/Image_captioning_Local/Flickr30K/flickr30k_images/flickr30k_images/101958970.jpg,banana,0.40593528747558594,69.02458190917969,81.99626159667969,88.71745300292969,97.38260650634766,21
Flickr30K/101958970.jpg,/content/Image_captioning_Local/Flickr30K/flickr30k_images/flickr30k_images/101958970.jpg,banana,0.34609127044677734,65.632080078125,0.04244246333837509,114.10173034667969,21.07333755493164,21
Flickr30K/101958970.jpg,/content/Image_captioning_Local/Flickr30K/flickr30k_images/flickr30k_images/101958970.jpg,banana,0.317825585603714,86.24266815185547,85.42433166503906,106.14147186279297,98.86604309082031,21
Flickr30K/101958970.jpg,/content/Image_captioning_Local/Flickr30K/flickr30k_images/flickr30k_images/101958970.jpg,banana,0.31508031487464905,86.68266296386719,122.79113006591797,105.2982177734375,136.31076049804688,21
Flickr30K/101958970.jpg,/content/Image_captioning_Local/Flickr30K/flickr30k_images/flickr30k_images/101958970.jpg,chair,0.3100329339504242,238.12631225585938,90.26152801513672,393.1523742675781,373.5037841796875,21
Flickr30K/101958970.jpg,/content/Image_captioning_Local/Flickr30K/flickr30k_images/flickr30k_images/101958970.jpg,banana,0.2940932512283325,89.21320343017578,14.85409164428711,102.61888122558594,21.016189575195312,21
Flickr30K/101958970.jpg,/content/Image_captioning_Local/Flickr30K/flickr30k_images/flickr30k_images/101958970.jpg,banana,0.2837103605270386,106.03072357177734,-0.024353619664907455,121.09965515136719,6.867691993713379,21
Flickr30K/101958970.jpg,/content/Image_captioning_Local/Flickr30K/flickr30k_images/flickr30k_images/101958970.jpg,banana,0.27864906191825867,72.78792572021484,2.3303136825561523,83.4545669555664,19.891130447387695,21
Flickr30K/101958970.jpg,/content/Image_captioning_Local/Flickr30K/flickr30k_images/flickr30k_images/101958970.jpg,banana,0.27401211857795715,70.0301284790039,82.92460632324219,83.71636962890625,93.2677001953125,21
Flickr30K/101958970.jpg,/content/Image_captioning_Local/Flickr30K/flickr30k_images/flickr30k_images/101958970.jpg,banana,0.27261728048324585,84.88917541503906,79.6735610961914,97.94859313964844,98.07290649414062,21
Flickr30K/101958970.jpg,/content/Image_captioning_Local/Flickr30K/flickr30k_images/flickr30k_images/101958970.jpg,banana,0.2684444189071655,84.6185073852539,-0.08691684156656265,95.16073608398438,17.98711395263672,21
Flickr30K/101958970.jpg,/content/Image_captioning_Local/Flickr30K/flickr30k_images/flickr30k_images/101958970.jpg,banana,0.2660990059375763,82.92391967773438,117.82161712646484,106.0421142578125,136.09251403808594,21
Flickr30K/1019604187.jpg,/content/Image_captioning_Local/Flickr30K/flickr30k_images/flickr30k_images/1019604187.jpg,dog,0.9523729681968689,110.9169921875,119.19153594970703,341.3718566894531,333.6961669921875,2
Flickr30K/1019604187.jpg,/content/Image_captioning_Local/Flickr30K/flickr30k_images/flickr30k_images/1019604187.jpg,car,0.9216651320457458,0.1055598258972168,25.921232223510742,198.508056640625,158.6990966796875,2
Flickr30K/102030371.jpg,/content/Image_captioning_Local/Flickr30K/flickr30k_images/flickr30k_images/102030371.jpg,person,0.9563273787498474,15.105337142944336,-0.20628422498703003,308.3009948730469,322.880859375,17
Flickr30K/102030371.jpg,/content/Image_captioning_Local/Flickr30K/flickr30k_images/flickr30k_images/102030371.jpg,cup,0.946491003036499,149.85614013671875,250.3398895263672,218.1358184814453,375.047119140625,17
Flickr30K/102030371.jpg,/content/Image_captioning_Local/Flickr30K/flickr30k_images/flickr30k_images/102030371.jpg,dining table,0.61762535572052,0.21317601203918457,302.58612060546875,500.1951599121094,375.1751403808594,17
Flickr30K/102030371.jpg,/content/Image_captioning_Local/Flickr30K/flickr30k_images/flickr30k_images/102030371.jpg,person,0.5967444777488708,368.5201416015625,60.6937141418457,392.8658447265625,100.17708587646484,17
Flickr30K/102030371.jpg,/content/Image_captioning_Local/Flickr30K/flickr30k_images/flickr30k_images/102030371.jpg,person,0.5335339307785034,369.599609375,14.862086296081543,500.04779052734375,348.4019775390625,17
Flickr30K/102030371.jpg,/content/Image_captioning_Local/Flickr30K/flickr30k_images/flickr30k_images/102030371.jpg,person,0.5285369753837585,409.9791259765625,46.99692916870117,454.5846862792969,99.86988830566406,17
Flickr30K/102030371.jpg,/content/Image_captioning_Local/Flickr30K/flickr30k_images/flickr30k_images/102030371.jpg,bench,0.5143412351608276,228.70616149902344,121.10084533691406,452.45635986328125,313.5785827636719,17
Flickr30K/102030371.jpg,/content/Image_captioning_Local/Flickr30K/flickr30k_images/flickr30k_images/102030371.jpg,person,0.4524838328361511,368.6534118652344,46.82052993774414,454.8343505859375,100.34477233886719,17
Flickr30K/102030371.jpg,/content/Image_captioning_Local/Flickr30K/flickr30k_images/flickr30k_images/102030371.jpg,bottle,0.3619960844516754,0.06325729191303253,291.82720947265625,31.718843460083008,338.1322021484375,17
Flickr30K/102030371.jpg,/content/Image_captioning_Local/Flickr30K/flickr30k_images/flickr30k_images/102030371.jpg,apple,0.35006919503211975,0.4085088074207306,329.63433837890625,30.508577346801758,354.7781677246094,17
Flickr30K/102030371.jpg,/content/Image_captioning_Local/Flickr30K/flickr30k_images/flickr30k_images/102030371.jpg,dining table,0.30856040120124817,0.40872395038604736,244.25840759277344,500.2906799316406,375.121826171875,17
Flickr30K/102030371.jpg,/content/Image_captioning_Local/Flickr30K/flickr30k_images/flickr30k_images/102030371.jpg,apple,0.29918068647384644,-0.1140916720032692,335.43756103515625,11.02905559539795,358.5948181152344,17
Flickr30K/102030371.jpg,/content/Image_captioning_Local/Flickr30K/flickr30k_images/flickr30k_images/102030371.jpg,person,0.29571378231048584,215.64187622070312,56.2434196472168,255.38075256347656,102.71468353271484,17
Flickr30K/102030371.jpg,/content/Image_captioning_Local/Flickr30K/flickr30k_images/flickr30k_images/102030371.jpg,couch,0.2857408821582794,228.70616149902344,121.10084533691406,452.45635986328125,313.5785827636719,17
Flickr30K/102030371.jpg,/content/Image_captioning_Local/Flickr30K/flickr30k_images/flickr30k_images/102030371.jpg,bowl,0.2815109193325043,0.0857282429933548,336.6985778808594,39.60285949707031,375.1571350097656,17
Flickr30K/102030371.jpg,/content/Image_captioning_Local/Flickr30K/flickr30k_images/flickr30k_images/102030371.jpg,couch,0.267026424407959,-0.6519109010696411,113.52667236328125,499.3198547363281,320.1384582519531,17
Flickr30K/102030371.jpg,/content/Image_captioning_Local/Flickr30K/flickr30k_images/flickr30k_images/102030371.jpg,bowl,0.25483566522598267,-0.025700777769088745,330.80120849609375,39.510498046875,375.1734924316406,17
Flickr30K/1020651753.jpg,/content/Image_captioning_Local/Flickr30K/flickr30k_images/flickr30k_images/1020651753.jpg,dog,0.9649767875671387,197.44729614257812,93.28059387207031,279.7976989746094,265.3811340332031,3
Flickr30K/1020651753.jpg,/content/Image_captioning_Local/Flickr30K/flickr30k_images/flickr30k_images/1020651753.jpg,apple,0.5051512122154236,254.90447998046875,77.6025161743164,267.5419616699219,90.53960418701172,3
Flickr30K/1020651753.jpg,/content/Image_captioning_Local/Flickr30K/flickr30k_images/flickr30k_images/1020651753.jpg,sports ball,0.34622111916542053,254.90447998046875,77.6025161743164,267.5419616699219,90.53960418701172,3
Flickr30K/1021293940.jpg,/content/Image_captioning_Local/Flickr30K/flickr30k_images/flickr30k_images/1021293940.jpg,person,0.8965168595314026,158.8985595703125,131.6687469482422,217.39280700683594,293.0190124511719,4
Flickr30K/1021293940.jpg,/content/Image_captioning_Local/Flickr30K/flickr30k_images/flickr30k_images/1021293940.jpg,person,0.8900918960571289,60.310604095458984,195.85324096679688,144.8310546875,377.6329650878906,4
Flickr30K/1021293940.jpg,/content/Image_captioning_Local/Flickr30K/flickr30k_images/flickr30k_images/1021293940.jpg,backpack,0.866413414478302,55.48467254638672,186.8201141357422,109.36097717285156,289.33905029296875,4
Flickr30K/1021293940.jpg,/content/Image_captioning_Local/Flickr30K/flickr30k_images/flickr30k_images/1021293940.jpg,backpack,0.6715835332870483,167.46018981933594,143.5850067138672,206.49986267089844,212.32325744628906,4
Flickr30K/1021332107.jpg,/content/Image_captioning_Local/Flickr30K/flickr30k_images/flickr30k_images/1021332107.jpg,person,0.9569153785705566,66.19770050048828,23.114770889282227,374.38946533203125,498.59478759765625,7
Flickr30K/1021332107.jpg,/content/Image_captioning_Local/Flickr30K/flickr30k_images/flickr30k_images/1021332107.jpg,chair,0.35365453362464905,72.42167663574219,322.9568786621094,102.27938079833984,447.5213623046875,7
Flickr30K/1021332107.jpg,/content/Image_captioning_Local/Flickr30K/flickr30k_images/flickr30k_images/1021332107.jpg,bowl,0.33726540207862854,124.09954071044922,388.95062255859375,162.79666137695312,425.68634033203125,7
Flickr30K/1021332107.jpg,/content/Image_captioning_Local/Flickr30K/flickr30k_images/flickr30k_images/1021332107.jpg,cup,0.33187052607536316,33.85536193847656,238.4723358154297,59.22089385986328,264.11639404296875,7
Flickr30K/1021332107.jpg,/content/Image_captioning_Local/Flickr30K/flickr30k_images/flickr30k_images/1021332107.jpg,dining table,0.3229218125343323,69.8589859008789,270.46453857421875,371.79058837890625,498.11834716796875,7
Flickr30K/1021332107.jpg,/content/Image_captioning_Local/Flickr30K/flickr30k_images/flickr30k_images/1021332107.jpg,bowl,0.2787216305732727,124.63175964355469,397.9573974609375,161.27984619140625,425.39501953125,7
Flickr30K/1021332107.jpg,/content/Image_captioning_Local/Flickr30K/flickr30k_images/flickr30k_images/1021332107.jpg,bowl,0.26434752345085144,33.85536193847656,238.4723358154297,59.22089385986328,264.11639404296875,7
Flickr30K/1021439420.jpg,/content/Image_captioning_Local/Flickr30K/flickr30k_images/flickr30k_images/1021439420.jpg,person,0.9541592001914978,11.763945579528809,7.80659294128418,155.40487670898438,214.06394958496094,18
Flickr30K/1021439420.jpg,/content/Image_captioning_Local/Flickr30K/flickr30k_images/flickr30k_images/1021439420.jpg,person,0.9165183305740356,186.91688537597656,44.40839385986328,483.7936706542969,329.7142028808594,18
Flickr30K/1021439420.jpg,/content/Image_captioning_Local/Flickr30K/flickr30k_images/flickr30k_images/1021439420.jpg,dog,0.8354024291038513,220.12161254882812,153.81117248535156,293.5578918457031,210.10736083984375,18
Flickr30K/1021439420.jpg,/content/Image_captioning_Local/Flickr30K/flickr30k_images/flickr30k_images/1021439420.jpg,tv,0.7994713187217712,-0.2256575971841812,0.04322969913482666,60.634361267089844,74.90229034423828,18
Flickr30K/1021439420.jpg,/content/Image_captioning_Local/Flickr30K/flickr30k_images/flickr30k_images/1021439420.jpg,chair,0.7342754602432251,410.21734619140625,4.561100482940674,500.1515808105469,104.63031005859375,18
Flickr30K/1021439420.jpg,/content/Image_captioning_Local/Flickr30K/flickr30k_images/flickr30k_images/1021439420.jpg,vase,0.6011764407157898,349.782958984375,33.4802360534668,367.50909423828125,50.591880798339844,18
Flickr30K/1021439420.jpg,/content/Image_captioning_Local/Flickr30K/flickr30k_images/flickr30k_images/1021439420.jpg,bottle,0.5541612505912781,168.58241271972656,76.62117004394531,189.07769775390625,124.99658966064453,18
Flickr30K/1021439420.jpg,/content/Image_captioning_Local/Flickr30K/flickr30k_images/flickr30k_images/1021439420.jpg,potted plant,0.5328819751739502,334.2157897949219,3.6970770359039307,383.70074462890625,50.406463623046875,18
Flickr30K/1021439420.jpg,/content/Image_captioning_Local/Flickr30K/flickr30k_images/flickr30k_images/1021439420.jpg,backpack,0.4779236614704132,147.1038360595703,224.1978302001953,240.33261108398438,288.1759948730469,18
Flickr30K/1021439420.jpg,/content/Image_captioning_Local/Flickr30K/flickr30k_images/flickr30k_images/1021439420.jpg,couch,0.3970635235309601,410.2411804199219,4.5432024002075195,500.2288818359375,104.14594268798828,18
Flickr30K/1021439420.jpg,/content/Image_captioning_Local/Flickr30K/flickr30k_images/flickr30k_images/1021439420.jpg,cell phone,0.3468313217163086,102.97930908203125,257.7710266113281,127.80425262451172,272.2750549316406,18
Flickr30K/1021439420.jpg,/content/Image_captioning_Local/Flickr30K/flickr30k_images/flickr30k_images/1021439420.jpg,backpack,0.33774638175964355,416.723388671875,95.19412231445312,499.4074401855469,236.06268310546875,18
Flickr30K/1021439420.jpg,/content/Image_captioning_Local/Flickr30K/flickr30k_images/flickr30k_images/1021439420.jpg,backpack,0.33486875891685486,417.05755615234375,95.38256072998047,498.0900573730469,209.29348754882812,18
Flickr30K/1021439420.jpg,/content/Image_captioning_Local/Flickr30K/flickr30k_images/flickr30k_images/1021439420.jpg,cell phone,0.30986183881759644,238.09457397460938,235.59193420410156,268.93310546875,247.61526489257812,18
Flickr30K/1021439420.jpg,/content/Image_captioning_Local/Flickr30K/flickr30k_images/flickr30k_images/1021439420.jpg,chair,0.27590683102607727,429.28057861328125,4.708826541900635,500.08447265625,75.95964050292969,18
Flickr30K/1021439420.jpg,/content/Image_captioning_Local/Flickr30K/flickr30k_images/flickr30k_images/1021439420.jpg,remote,0.27539679408073425,208.15817260742188,122.77466583251953,218.734130859375,137.6795654296875,18
Flickr30K/1021439420.jpg,/content/Image_captioning_Local/Flickr30K/flickr30k_images/flickr30k_images/1021439420.jpg,dining table,0.2750702500343323,311.8883056640625,281.0601501464844,499.0282897949219,332.8614501953125,18
Flickr30K/1021439420.jpg,/content/Image_captioning_Local/Flickr30K/flickr30k_images/flickr30k_images/1021439420.jpg,chair,0.25557270646095276,430.3738708496094,4.6934814453125,500.16473388671875,76.00707244873047,18
Flickr30K/1021442086.jpg,/content/Image_captioning_Local/Flickr30K/flickr30k_images/flickr30k_images/1021442086.jpg,person,0.9797253012657166,-0.12201070785522461,0.34968316555023193,353.73565673828125,333.1847229003906,5
Flickr30K/1021442086.jpg,/content/Image_captioning_Local/Flickr30K/flickr30k_images/flickr30k_images/1021442086.jpg,car,0.640949547290802,0.3810971975326538,-0.2554389238357544,499.9712829589844,333.7411804199219,5
Flickr30K/1021442086.jpg,/content/Image_captioning_Local/Flickr30K/flickr30k_images/flickr30k_images/1021442086.jpg,car,0.3365595042705536,119.18470001220703,-0.0966331958770752,500.24652099609375,333.8243408203125,5
Flickr30K/1021442086.jpg,/content/Image_captioning_Local/Flickr30K/flickr30k_images/flickr30k_images/1021442086.jpg,car,0.308622807264328,254.29806518554688,-0.14915037155151367,500.09686279296875,333.82696533203125,5
Flickr30K/1021442086.jpg,/content/Image_captioning_Local/Flickr30K/flickr30k_images/flickr30k_images/1021442086.jpg,car,0.3009044826030731,262.41510009765625,56.35604476928711,499.705322265625,333.81768798828125,5
Flickr30K/1022454332.jpg,/content/Image_captioning_Local/Flickr30K/flickr30k_images/flickr30k_images/1022454332.jpg,person,0.9541485905647278,271.6644287109375,214.68145751953125,380.7151184082031,373.52728271484375,5
Flickr30K/1022454332.jpg,/content/Image_captioning_Local/Flickr30K/flickr30k_images/flickr30k_images/1022454332.jpg,person,0.849730908870697,355.6040954589844,292.9288635253906,445.0263671875,374.79034423828125,5
Flickr30K/1022454332.jpg,/content/Image_captioning_Local/Flickr30K/flickr30k_images/flickr30k_images/1022454332.jpg,bird,0.6206952333450317,368.2382507324219,241.0736846923828,388.22784423828125,251.46295166015625,5
Flickr30K/1022454332.jpg,/content/Image_captioning_Local/Flickr30K/flickr30k_images/flickr30k_images/1022454332.jpg,person,0.34200742840766907,252.9449462890625,87.68057250976562,257.22442626953125,98.57758331298828,5
Flickr30K/1022454332.jpg,/content/Image_captioning_Local/Flickr30K/flickr30k_images/flickr30k_images/1022454332.jpg,bird,0.2571781277656555,380.6881103515625,241.22869873046875,388.1710510253906,250.2210693359375,5
Flickr30K/1022454428.jpg,/content/Image_captioning_Local/Flickr30K/flickr30k_images/flickr30k_images/1022454428.jpg,person,0.9501768946647644,150.2822265625,104.37235260009766,338.6647644042969,373.7214660644531,6
Flickr30K/1022454428.jpg,/content/Image_captioning_Local/Flickr30K/flickr30k_images/flickr30k_images/1022454428.jpg,person,0.8403615355491638,335.916259765625,79.97607421875,401.79364013671875,315.8663024902344,6
Flickr30K/1022454428.jpg,/content/Image_captioning_Local/Flickr30K/flickr30k_images/flickr30k_images/1022454428.jpg,person,0.835887610912323,316.514892578125,149.1644744873047,372.8440246582031,233.033203125,6
Flickr30K/1022454428.jpg,/content/Image_captioning_Local/Flickr30K/flickr30k_images/flickr30k_images/1022454428.jpg,backpack,0.5783442258834839,331.7982177734375,284.9141540527344,398.795166015625,363.1899108886719,6
Flickr30K/1022454428.jpg,/content/Image_captioning_Local/Flickr30K/flickr30k_images/flickr30k_images/1022454428.jpg,person,0.2950238287448883,183.38648986816406,104.84810638427734,194.07598876953125,134.23208618164062,6
Flickr30K/1022454428.jpg,/content/Image_captioning_Local/Flickr30K/flickr30k_images/flickr30k_images/1022454428.jpg,suitcase,0.2674938142299652,331.7982177734375,284.9141540527344,398.795166015625,363.1899108886719,6
Flickr30K/102268204.jpg,/content/Image_captioning_Local/Flickr30K/flickr30k_images/flickr30k_images/102268204.jpg,car,0.9569342136383057,164.88441467285156,165.093017578125,475.1982421875,276.263671875,14
Flickr30K/102268204.jpg,/content/Image_captioning_Local/Flickr30K/flickr30k_images/flickr30k_images/102268204.jpg,person,0.9043761491775513,131.0615997314453,140.55133056640625,166.2136993408203,263.0966796875,14
Flickr30K/102268204.jpg,/content/Image_captioning_Local/Flickr30K/flickr30k_images/flickr30k_images/102268204.jpg,person,0.8813835978507996,175.45494079589844,143.0170135498047,212.88421630859375,188.5011444091797,14
Flickr30K/102268204.jpg,/content/Image_captioning_Local/Flickr30K/flickr30k_images/flickr30k_images/102268204.jpg,bicycle,0.8769177198410034,18.275390625,177.84149169921875,121.63679504394531,249.6875,14
Flickr30K/102268204.jpg,/content/Image_captioning_Local/Flickr30K/flickr30k_images/flickr30k_images/102268204.jpg,person,0.8254507780075073,235.4488525390625,138.74813842773438,264.2294921875,168.43727111816406,14
Flickr30K/102268204.jpg,/content/Image_captioning_Local/Flickr30K/flickr30k_images/flickr30k_images/102268204.jpg,bicycle,0.4282020032405853,159.30197143554688,184.0044403076172,179.9442138671875,218.89056396484375,14
Flickr30K/102268204.jpg,/content/Image_captioning_Local/Flickr30K/flickr30k_images/flickr30k_images/102268204.jpg,bicycle,0.2694876492023468,64.9443130493164,186.3599395751953,121.3838882446289,248.8182373046875,14
Flickr30K/102268204.jpg,/content/Image_captioning_Local/Flickr30K/flickr30k_images/flickr30k_images/102268204.jpg,bicycle,0.2684761583805084,84.01242065429688,186.2962646484375,121.31497192382812,248.84689331054688,14
Flickr30K/102268204.jpg,/content/Image_captioning_Local/Flickr30K/flickr30k_images/flickr30k_images/102268204.jpg,person,0.26607948541641235,320.5381774902344,147.90867614746094,338.5145568847656,164.15333557128906,14
Flickr30K/102268204.jpg,/content/Image_captioning_Local/Flickr30K/flickr30k_images/flickr30k_images/102268204.jpg,bicycle,0.2648068368434906,14.809457778930664,174.71829223632812,57.54074478149414,212.37330627441406,14
Flickr30K/102268204.jpg,/content/Image_captioning_Local/Flickr30K/flickr30k_images/flickr30k_images/102268204.jpg,person,0.2631518840789795,345.4878234863281,178.2761993408203,364.16119384765625,201.69915771484375,14
Flickr30K/102268204.jpg,/content/Image_captioning_Local/Flickr30K/flickr30k_images/flickr30k_images/102268204.jpg,person,0.2625180780887604,312.7822265625,185.13986206054688,331.60162353515625,200.60052490234375,14
Flickr30K/102268204.jpg,/content/Image_captioning_Local/Flickr30K/flickr30k_images/flickr30k_images/102268204.jpg,bicycle,0.2612531781196594,48.289188385009766,179.66250610351562,121.46118927001953,248.6835479736328,14
Flickr30K/102268204.jpg,/content/Image_captioning_Local/Flickr30K/flickr30k_images/flickr30k_images/102268204.jpg,bicycle,0.2530505061149597,91.74683380126953,210.011962890625,121.25970458984375,249.0469970703125,14
Flickr30K/1022975728.jpg,/content/Image_captioning_Local/Flickr30K/flickr30k_images/flickr30k_images/1022975728.jpg,dog,0.9464155435562134,277.7955017089844,-0.15810129046440125,471.689453125,217.72048950195312,1
Flickr30K/102351840.jpg,/content/Image_captioning_Local/Flickr30K/flickr30k_images/flickr30k_images/102351840.jpg,person,0.9412990808486938,197.09649658203125,10.55457878112793,248.0894317626953,147.5647430419922,10
Flickr30K/102351840.jpg,/content/Image_captioning_Local/Flickr30K/flickr30k_images/flickr30k_images/102351840.jpg,person,0.9242781400680542,95.24857330322266,7.566949844360352,131.04400634765625,93.4727554321289,10
Flickr30K/102351840.jpg,/content/Image_captioning_Local/Flickr30K/flickr30k_images/flickr30k_images/102351840.jpg,boat,0.43737566471099854,288.9059143066406,83.23739624023438,419.5058288574219,147.3845672607422,10
Flickr30K/102351840.jpg,/content/Image_captioning_Local/Flickr30K/flickr30k_images/flickr30k_images/102351840.jpg,boat,0.4329352080821991,260.9878234863281,0.4217588007450104,282.927978515625,14.067814826965332,10
Flickr30K/102351840.jpg,/content/Image_captioning_Local/Flickr30K/flickr30k_images/flickr30k_images/102351840.jpg,boat,0.38788652420043945,261.0616149902344,3.517942190170288,282.6781311035156,13.9187650680542,10
Flickr30K/102351840.jpg,/content/Image_captioning_Local/Flickr30K/flickr30k_images/flickr30k_images/102351840.jpg,bird,0.3809860944747925,386.09698486328125,82.88333892822266,401.10369873046875,98.97111511230469,10
Flickr30K/102351840.jpg,/content/Image_captioning_Local/Flickr30K/flickr30k_images/flickr30k_images/102351840.jpg,boat,0.28873661160469055,260.0136413574219,0.5429772138595581,454.75543212890625,14.821490287780762,10
Flickr30K/102351840.jpg,/content/Image_captioning_Local/Flickr30K/flickr30k_images/flickr30k_images/102351840.jpg,skis,0.2861155569553375,57.207000732421875,88.39823913574219,95.72174835205078,93.84458923339844,10
Flickr30K/102351840.jpg,/content/Image_captioning_Local/Flickr30K/flickr30k_images/flickr30k_images/102351840.jpg,boat,0.27334877848625183,290.3263854980469,114.33737182617188,419.2652893066406,147.27406311035156,10
Flickr30K/102351840.jpg,/content/Image_captioning_Local/Flickr30K/flickr30k_images/flickr30k_images/102351840.jpg,skis,0.26026371121406555,288.22271728515625,136.9142608642578,355.7629699707031,146.77687072753906,10
Flickr30K/1024138940.jpg,/content/Image_captioning_Local/Flickr30K/flickr30k_images/flickr30k_images/1024138940.jpg,dog,0.9613775014877319,-0.0629425048828125,158.25210571289062,284.0865783691406,321.62652587890625,2
Flickr30K/1024138940.jpg,/content/Image_captioning_Local/Flickr30K/flickr30k_images/flickr30k_images/1024138940.jpg,dog,0.9608457684516907,177.01992797851562,41.63798904418945,404.34649658203125,279.8949890136719,2
Flickr30K/102455176.jpg,/content/Image_captioning_Local/Flickr30K/flickr30k_images/flickr30k_images/102455176.jpg,person,0.9550533294677734,104.9981918334961,61.38072967529297,243.95777893066406,396.9718933105469,4
Flickr30K/102455176.jpg,/content/Image_captioning_Local/Flickr30K/flickr30k_images/flickr30k_images/102455176.jpg,snowboard,0.36490142345428467,173.3717498779297,366.1248779296875,203.0089569091797,398.5942687988281,4
Flickr30K/102455176.jpg,/content/Image_captioning_Local/Flickr30K/flickr30k_images/flickr30k_images/102455176.jpg,snowboard,0.3598242402076721,173.240478515625,360.4049987792969,203.56280517578125,398.7801818847656,4
Flickr30K/102455176.jpg,/content/Image_captioning_Local/Flickr30K/flickr30k_images/flickr30k_images/102455176.jpg,snowboard,0.3094942271709442,173.54649353027344,331.6314697265625,204.40115356445312,398.6113586425781,4
Flickr30K/1024613706.jpg,/content/Image_captioning_Local/Flickr30K/flickr30k_images/flickr30k_images/1024613706.jpg,person,0.9319320917129517,212.60276794433594,256.0055236816406,258.9535217285156,391.9654541015625,3
Flickr30K/1024613706.jpg,/content/Image_captioning_Local/Flickr30K/flickr30k_images/flickr30k_images/1024613706.jpg,person,0.9103575348854065,162.15000915527344,271.2431640625,194.25538635253906,361.22607421875,3
Flickr30K/1024613706.jpg,/content/Image_captioning_Local/Flickr30K/flickr30k_images/flickr30k_images/1024613706.jpg,person,0.881675660610199,189.69125366210938,263.08721923828125,220.13101196289062,371.3599548339844,3
Flickr30K/102520526.jpg,/content/Image_captioning_Local/Flickr30K/flickr30k_images/flickr30k_images/102520526.jpg,car,0.9408791065216064,221.5554656982422,147.53195190429688,291.78143310546875,183.51345825195312,18
Flickr30K/102520526.jpg,/content/Image_captioning_Local/Flickr30K/flickr30k_images/flickr30k_images/102520526.jpg,person,0.9399951696395874,113.1608657836914,139.60691833496094,205.4416046142578,326.03778076171875,18
Flickr30K/102520526.jpg,/content/Image_captioning_Local/Flickr30K/flickr30k_images/flickr30k_images/102520526.jpg,car,0.9239101409912109,32.292457580566406,149.96624755859375,97.56502532958984,196.42578125,18
Flickr30K/102520526.jpg,/content/Image_captioning_Local/Flickr30K/flickr30k_images/flickr30k_images/102520526.jpg,car,0.896791934967041,10.664019584655762,142.6608123779297,55.66802215576172,183.31060791015625,18
Flickr30K/102520526.jpg,/content/Image_captioning_Local/Flickr30K/flickr30k_images/flickr30k_images/102520526.jpg,car,0.866867184638977,114.1455307006836,150.13902282714844,151.73081970214844,185.99095153808594,18
Flickr30K/102520526.jpg,/content/Image_captioning_Local/Flickr30K/flickr30k_images/flickr30k_images/102520526.jpg,person,0.8549729585647583,477.8968505859375,132.33331298828125,491.12884521484375,156.93313598632812,18
Flickr30K/102520526.jpg,/content/Image_captioning_Local/Flickr30K/flickr30k_images/flickr30k_images/102520526.jpg,car,0.7666832208633423,448.9792785644531,146.9225311279297,500.1014404296875,206.6300048828125,18
Flickr30K/102520526.jpg,/content/Image_captioning_Local/Flickr30K/flickr30k_images/flickr30k_images/102520526.jpg,car,0.5873252749443054,41.18663024902344,139.2672576904297,68.3469467163086,150.85862731933594,18
Flickr30K/102520526.jpg,/content/Image_captioning_Local/Flickr30K/flickr30k_images/flickr30k_images/102520526.jpg,car,0.5172187685966492,0.004883389919996262,144.8813934326172,10.551405906677246,168.9834747314453,18
Flickr30K/102520526.jpg,/content/Image_captioning_Local/Flickr30K/flickr30k_images/flickr30k_images/102520526.jpg,car,0.4968443214893341,129.9326171875,148.6764373779297,154.99365234375,160.56100463867188,18
Flickr30K/102520526.jpg,/content/Image_captioning_Local/Flickr30K/flickr30k_images/flickr30k_images/102520526.jpg,car,0.45037272572517395,150.142333984375,150.5480194091797,172.4977569580078,159.61744689941406,18
Flickr30K/102520526.jpg,/content/Image_captioning_Local/Flickr30K/flickr30k_images/flickr30k_images/102520526.jpg,person,0.42669934034347534,492.9578857421875,138.38302612304688,499.890625,149.07749938964844,18
Flickr30K/102520526.jpg,/content/Image_captioning_Local/Flickr30K/flickr30k_images/flickr30k_images/102520526.jpg,car,0.4200531840324402,65.97216033935547,147.25462341308594,86.68950653076172,155.36627197265625,18
Flickr30K/102520526.jpg,/content/Image_captioning_Local/Flickr30K/flickr30k_images/flickr30k_images/102520526.jpg,car,0.38330355286598206,65.01099395751953,147.18658447265625,96.44688415527344,164.46295166015625,18
Flickr30K/102520526.jpg,/content/Image_captioning_Local/Flickr30K/flickr30k_images/flickr30k_images/102520526.jpg,car,0.3684922456741333,196.756103515625,161.55953979492188,221.9276580810547,177.99266052246094,18
Flickr30K/102520526.jpg,/content/Image_captioning_Local/Flickr30K/flickr30k_images/flickr30k_images/102520526.jpg,car,0.34158968925476074,145.24073791503906,150.16111755371094,172.35597229003906,159.99322509765625,18
Flickr30K/102520526.jpg,/content/Image_captioning_Local/Flickr30K/flickr30k_images/flickr30k_images/102520526.jpg,car,0.34077751636505127,204.1830596923828,164.28038024902344,222.63853454589844,177.97683715820312,18
Flickr30K/102520526.jpg,/content/Image_captioning_Local/Flickr30K/flickr30k_images/flickr30k_images/102520526.jpg,car,0.32453712821006775,4.484529495239258,147.56350708007812,17.895835876464844,168.5160675048828,18
Flickr30K/102575576.jpg,/content/Image_captioning_Local/Flickr30K/flickr30k_images/flickr30k_images/102575576.jpg,person,0.8251283764839172,63.58113479614258,35.21150588989258,207.4157257080078,287.8714599609375,32
Flickr30K/102575576.jpg,/content/Image_captioning_Local/Flickr30K/flickr30k_images/flickr30k_images/102575576.jpg,vase,0.7701348662376404,384.5650939941406,250.2498016357422,408.9468078613281,290.0368347167969,32
Flickr30K/102575576.jpg,/content/Image_captioning_Local/Flickr30K/flickr30k_images/flickr30k_images/102575576.jpg,bowl,0.723787248134613,375.895751953125,300.6878662109375,412.7591552734375,328.0781555175781,32
Flickr30K/102575576.jpg,/content/Image_captioning_Local/Flickr30K/flickr30k_images/flickr30k_images/102575576.jpg,vase,0.7105401158332825,110.53475952148438,270.45281982421875,129.44000244140625,303.61981201171875,32
Flickr30K/102575576.jpg,/content/Image_captioning_Local/Flickr30K/flickr30k_images/flickr30k_images/102575576.jpg,potted plant,0.7008876800537109,324.5673828125,180.1333770751953,419.921630859375,291.405029296875,32
Flickr30K/102575576.jpg,/content/Image_captioning_Local/Flickr30K/flickr30k_images/flickr30k_images/102575576.jpg,person,0.6901610493659973,202.2902069091797,57.75502014160156,332.16162109375,260.7225646972656,32
Flickr30K/102575576.jpg,/content/Image_captioning_Local/Flickr30K/flickr30k_images/flickr30k_images/102575576.jpg,vase,0.6589558124542236,286.99896240234375,266.49053955078125,305.3057861328125,298.2662658691406,32
Flickr30K/102575576.jpg,/content/Image_captioning_Local/Flickr30K/flickr30k_images/flickr30k_images/102575576.jpg,potted plant,0.6291385889053345,0.047539472579956055,245.40977478027344,76.30742645263672,313.0055847167969,32
Flickr30K/102575576.jpg,/content/Image_captioning_Local/Flickr30K/flickr30k_images/flickr30k_images/102575576.jpg,bowl,0.5988752245903015,329.8121643066406,302.1833801269531,364.53204345703125,325.35076904296875,32
Flickr30K/102575576.jpg,/content/Image_captioning_Local/Flickr30K/flickr30k_images/flickr30k_images/102575576.jpg,spoon,0.5823445320129395,318.9486083984375,287.7430725097656,335.44732666015625,305.3187561035156,32
Flickr30K/102575576.jpg,/content/Image_captioning_Local/Flickr30K/flickr30k_images/flickr30k_images/102575576.jpg,cake,0.5465138554573059,172.84268188476562,125.14350128173828,246.6752166748047,264.8614196777344,32
Flickr30K/102575576.jpg,/content/Image_captioning_Local/Flickr30K/flickr30k_images/flickr30k_images/102575576.jpg,potted plant,0.5310908555984497,87.72377014160156,228.59786987304688,153.4910430908203,303.47216796875,32
Flickr30K/102575576.jpg,/content/Image_captioning_Local/Flickr30K/flickr30k_images/flickr30k_images/102575576.jpg,potted plant,0.4730369448661804,257.37408447265625,231.86050415039062,328.785888671875,298.76611328125,32
Flickr30K/102575576.jpg,/content/Image_captioning_Local/Flickr30K/flickr30k_images/flickr30k_images/102575576.jpg,dining table,0.4305044412612915,90.37895965576172,255.05503845214844,332.83038330078125,394.9564514160156,32
Flickr30K/102575576.jpg,/content/Image_captioning_Local/Flickr30K/flickr30k_images/flickr30k_images/102575576.jpg,vase,0.3691980242729187,0.20496390759944916,284.02862548828125,34.361427307128906,313.55419921875,32
Flickr30K/102575576.jpg,/content/Image_captioning_Local/Flickr30K/flickr30k_images/flickr30k_images/102575576.jpg,dining table,0.3591875433921814,300.95709228515625,252.95626831054688,420.0337829589844,395.7034606933594,32
Flickr30K/102575576.jpg,/content/Image_captioning_Local/Flickr30K/flickr30k_images/flickr30k_images/102575576.jpg,potted plant,0.35268649458885193,-0.19908562302589417,246.3862762451172,37.72687911987305,313.5970153808594,32
Flickr30K/102575576.jpg,/content/Image_captioning_Local/Flickr30K/flickr30k_images/flickr30k_images/102575576.jpg,spoon,0.3401166796684265,369.5372009277344,288.11114501953125,388.8865966796875,303.9842224121094,32
Flickr30K/102575576.jpg,/content/Image_captioning_Local/Flickr30K/flickr30k_images/flickr30k_images/102575576.jpg,spoon,0.337265282869339,318.614501953125,297.84686279296875,331.2094421386719,311.9872131347656,32
Flickr30K/102575576.jpg,/content/Image_captioning_Local/Flickr30K/flickr30k_images/flickr30k_images/102575576.jpg,dining table,0.3299182057380676,300.7149963378906,274.0025939941406,420.0524597167969,396.03668212890625,32
Flickr30K/102575576.jpg,/content/Image_captioning_Local/Flickr30K/flickr30k_images/flickr30k_images/102575576.jpg,dining table,0.3234718441963196,89.49645233154297,253.79638671875,419.4954833984375,395.67193603515625,32
Flickr30K/102575576.jpg,/content/Image_captioning_Local/Flickr30K/flickr30k_images/flickr30k_images/102575576.jpg,cake,0.32280591130256653,146.48294067382812,125.08763885498047,278.27581787109375,328.7241516113281,32
Flickr30K/102575576.jpg,/content/Image_captioning_Local/Flickr30K/flickr30k_images/flickr30k_images/102575576.jpg,cake,0.3078984320163727,183.96432495117188,129.9247283935547,231.641357421875,212.8146209716797,32
Flickr30K/102575576.jpg,/content/Image_captioning_Local/Flickr30K/flickr30k_images/flickr30k_images/102575576.jpg,vase,0.29882311820983887,0.05906134843826294,284.79046630859375,45.54566955566406,313.6593933105469,32
Flickr30K/102575576.jpg,/content/Image_captioning_Local/Flickr30K/flickr30k_images/flickr30k_images/102575576.jpg,knife,0.29615095257759094,318.9486083984375,287.7430725097656,335.44732666015625,305.3187561035156,32
Flickr30K/102575576.jpg,/content/Image_captioning_Local/Flickr30K/flickr30k_images/flickr30k_images/102575576.jpg,knife,0.29413315653800964,318.614501953125,297.84686279296875,331.2094421386719,311.9872131347656,32
Flickr30K/102575576.jpg,/content/Image_captioning_Local/Flickr30K/flickr30k_images/flickr30k_images/102575576.jpg,dining table,0.2892811596393585,0.6616973876953125,248.4407196044922,419.5042419433594,395.7718811035156,32
Flickr30K/102575576.jpg,/content/Image_captioning_Local/Flickr30K/flickr30k_images/flickr30k_images/102575576.jpg,knife,0.27396106719970703,369.5372009277344,288.11114501953125,388.8865966796875,303.9842224121094,32
Flickr30K/102575576.jpg,/content/Image_captioning_Local/Flickr30K/flickr30k_images/flickr30k_images/102575576.jpg,vase,0.27328258752822876,252.55902099609375,283.44195556640625,264.0318908691406,303.6659851074219,32
Flickr30K/102575576.jpg,/content/Image_captioning_Local/Flickr30K/flickr30k_images/flickr30k_images/102575576.jpg,cake,0.27263152599334717,173.9991455078125,228.3191375732422,245.40289306640625,264.1590576171875,32
Flickr30K/102575576.jpg,/content/Image_captioning_Local/Flickr30K/flickr30k_images/flickr30k_images/102575576.jpg,dining table,0.264622300863266,89.17354583740234,127.61856842041016,332.3193359375,394.9452209472656,32
Flickr30K/102575576.jpg,/content/Image_captioning_Local/Flickr30K/flickr30k_images/flickr30k_images/102575576.jpg,bowl,0.25807249546051025,369.4634094238281,283.91864013671875,408.6731872558594,304.0127258300781,32
Flickr30K/102617084.jpg,/content/Image_captioning_Local/Flickr30K/flickr30k_images/flickr30k_images/102617084.jpg,person,0.9525109529495239,281.4466857910156,24.089075088500977,423.1169128417969,374.2646179199219,15
Flickr30K/102617084.jpg,/content/Image_captioning_Local/Flickr30K/flickr30k_images/flickr30k_images/102617084.jpg,person,0.9524340033531189,209.67373657226562,49.378482818603516,302.76580810546875,316.6322937011719,15
Flickr30K/102617084.jpg,/content/Image_captioning_Local/Flickr30K/flickr30k_images/flickr30k_images/102617084.jpg,person,0.9476921558380127,1.264248013496399,63.837188720703125,92.59046936035156,307.267333984375,15
Flickr30K/102617084.jpg,/content/Image_captioning_Local/Flickr30K/flickr30k_images/flickr30k_images/102617084.jpg,person,0.9274090528488159,122.1511459350586,78.3977279663086,193.0176544189453,303.6109619140625,15
Flickr30K/102617084.jpg,/content/Image_captioning_Local/Flickr30K/flickr30k_images/flickr30k_images/102617084.jpg,snowboard,0.597309947013855,218.83236694335938,236.48553466796875,314.6049499511719,264.8150634765625,15
Flickr30K/102617084.jpg,/content/Image_captioning_Local/Flickr30K/flickr30k_images/flickr30k_images/102617084.jpg,person,0.5927937626838684,426.115966796875,36.40157699584961,500.040283203125,373.5636901855469,15
Flickr30K/102617084.jpg,/content/Image_captioning_Local/Flickr30K/flickr30k_images/flickr30k_images/102617084.jpg,person,0.4410995841026306,427.6170654296875,-0.18806755542755127,499.8996887207031,374.7782287597656,15
Flickr30K/102617084.jpg,/content/Image_captioning_Local/Flickr30K/flickr30k_images/flickr30k_images/102617084.jpg,snowboard,0.41844186186790466,0.34700334072113037,221.59580993652344,186.8423309326172,254.22296142578125,15
Flickr30K/102617084.jpg,/content/Image_captioning_Local/Flickr30K/flickr30k_images/flickr30k_images/102617084.jpg,person,0.3556688129901886,455.23388671875,-0.5476986765861511,499.8127136230469,82.34375,15
Flickr30K/102617084.jpg,/content/Image_captioning_Local/Flickr30K/flickr30k_images/flickr30k_images/102617084.jpg,snowboard,0.32786861062049866,77.78125762939453,194.17147827148438,126.16539001464844,212.47921752929688,15
Flickr30K/102617084.jpg,/content/Image_captioning_Local/Flickr30K/flickr30k_images/flickr30k_images/102617084.jpg,snowboard,0.31686753034591675,392.1924743652344,234.21885681152344,458.0703430175781,255.92327880859375,15
Flickr30K/102617084.jpg,/content/Image_captioning_Local/Flickr30K/flickr30k_images/flickr30k_images/102617084.jpg,skis,0.3136412799358368,218.83236694335938,236.48553466796875,314.6049499511719,264.8150634765625,15
Flickr30K/102617084.jpg,/content/Image_captioning_Local/Flickr30K/flickr30k_images/flickr30k_images/102617084.jpg,backpack,0.26740649342536926,12.62109375,105.93993377685547,77.59772491455078,166.6543731689453,15
Flickr30K/102617084.jpg,/content/Image_captioning_Local/Flickr30K/flickr30k_images/flickr30k_images/102617084.jpg,snowboard,0.26136037707328796,72.43303680419922,218.7576141357422,185.856689453125,252.5124053955078,15
Flickr30K/102617084.jpg,/content/Image_captioning_Local/Flickr30K/flickr30k_images/flickr30k_images/102617084.jpg,snowboard,0.25069600343704224,-0.10740011930465698,221.59170532226562,186.4007110595703,253.007568359375,15
Flickr30K/1026685415.jpg,/content/Image_captioning_Local/Flickr30K/flickr30k_images/flickr30k_images/1026685415.jpg,dog,0.9646614193916321,102.22338104248047,57.37092208862305,500.043212890625,321.73321533203125,2
Flickr30K/1026685415.jpg,/content/Image_captioning_Local/Flickr30K/flickr30k_images/flickr30k_images/1026685415.jpg,frisbee,0.9326431155204773,90.16911315917969,111.49945831298828,185.91917419433594,153.744384765625,2
Flickr30K/1026792563.jpg,/content/Image_captioning_Local/Flickr30K/flickr30k_images/flickr30k_images/1026792563.jpg,person,0.9357303380966187,15.360812187194824,0.04389137029647827,98.41861724853516,228.39515686035156,32
Flickr30K/1026792563.jpg,/content/Image_captioning_Local/Flickr30K/flickr30k_images/flickr30k_images/1026792563.jpg,person,0.9235951900482178,101.10530853271484,117.4395980834961,192.86131286621094,223.00845336914062,32
Flickr30K/1026792563.jpg,/content/Image_captioning_Local/Flickr30K/flickr30k_images/flickr30k_images/1026792563.jpg,person,0.888929009437561,106.45935821533203,-0.07411092519760132,167.62921142578125,174.44842529296875,32
Flickr30K/1026792563.jpg,/content/Image_captioning_Local/Flickr30K/flickr30k_images/flickr30k_images/1026792563.jpg,person,0.7668436169624329,163.66127014160156,85.3281021118164,223.3910369873047,166.9226837158203,32
Flickr30K/1026792563.jpg,/content/Image_captioning_Local/Flickr30K/flickr30k_images/flickr30k_images/1026792563.jpg,person,0.6953981518745422,0.0748923048377037,54.989784240722656,55.70051956176758,297.7474060058594,32
Flickr30K/1026792563.jpg,/content/Image_captioning_Local/Flickr30K/flickr30k_images/flickr30k_images/1026792563.jpg,person,0.5889767408370972,201.7991180419922,73.5337905883789,266.0846862792969,131.9834747314453,32
Flickr30K/1026792563.jpg,/content/Image_captioning_Local/Flickr30K/flickr30k_images/flickr30k_images/1026792563.jpg,person,0.5456491112709045,247.58843994140625,67.4708023071289,292.6724853515625,120.13074493408203,32
Flickr30K/1026792563.jpg,/content/Image_captioning_Local/Flickr30K/flickr30k_images/flickr30k_images/1026792563.jpg,banana,0.5433287620544434,343.83154296875,129.0430145263672,375.0117492675781,165.26278686523438,32
Flickr30K/1026792563.jpg,/content/Image_captioning_Local/Flickr30K/flickr30k_images/flickr30k_images/1026792563.jpg,person,0.5380675792694092,80.14125061035156,-0.06222724914550781,117.14429473876953,156.36495971679688,32
Flickr30K/1026792563.jpg,/content/Image_captioning_Local/Flickr30K/flickr30k_images/flickr30k_images/1026792563.jpg,person,0.49392738938331604,1.1462000608444214,0.2623461186885834,38.95841598510742,69.05077362060547,32
Flickr30K/1026792563.jpg,/content/Image_captioning_Local/Flickr30K/flickr30k_images/flickr30k_images/1026792563.jpg,person,0.4828113615512848,243.4048309326172,47.34423065185547,270.290771484375,111.48580169677734,32
Flickr30K/1026792563.jpg,/content/Image_captioning_Local/Flickr30K/flickr30k_images/flickr30k_images/1026792563.jpg,person,0.4615413248538971,276.46746826171875,16.457124710083008,293.0735168457031,46.97816848754883,32
Flickr30K/1026792563.jpg,/content/Image_captioning_Local/Flickr30K/flickr30k_images/flickr30k_images/1026792563.jpg,handbag,0.45372697710990906,108.81532287597656,24.849384307861328,131.9789276123047,80.43072509765625,32
Flickr30K/1026792563.jpg,/content/Image_captioning_Local/Flickr30K/flickr30k_images/flickr30k_images/1026792563.jpg,banana,0.445250004529953,0.02515409141778946,421.76123046875,26.8909969329834,487.0525817871094,32
Flickr30K/1026792563.jpg,/content/Image_captioning_Local/Flickr30K/flickr30k_images/flickr30k_images/1026792563.jpg,person,0.44446587562561035,240.28379821777344,0.09119324386119843,252.81185913085938,41.08250045776367,32
Flickr30K/1026792563.jpg,/content/Image_captioning_Local/Flickr30K/flickr30k_images/flickr30k_images/1026792563.jpg,person,0.44159257411956787,285.220458984375,-0.08598342537879944,297.6277770996094,36.68992233276367,32
Flickr30K/1026792563.jpg,/content/Image_captioning_Local/Flickr30K/flickr30k_images/flickr30k_images/1026792563.jpg,person,0.4332291781902313,313.42059326171875,22.19628143310547,327.45928955078125,47.81980514526367,32
Flickr30K/1026792563.jpg,/content/Image_captioning_Local/Flickr30K/flickr30k_images/flickr30k_images/1026792563.jpg,person,0.42436903715133667,263.8227844238281,-0.0844709575176239,275.8390808105469,42.35852813720703,32
Flickr30K/1026792563.jpg,/content/Image_captioning_Local/Flickr30K/flickr30k_images/flickr30k_images/1026792563.jpg,person,0.42386358976364136,279.9532165527344,44.77518844604492,298.80126953125,81.70732879638672,32
Flickr30K/1026792563.jpg,/content/Image_captioning_Local/Flickr30K/flickr30k_images/flickr30k_images/1026792563.jpg,person,0.4226023554801941,187.2887725830078,79.35134887695312,250.54791259765625,155.02439880371094,32
Flickr30K/1026792563.jpg,/content/Image_captioning_Local/Flickr30K/flickr30k_images/flickr30k_images/1026792563.jpg,person,0.4149644672870636,187.30453491210938,80.10467529296875,250.30859375,154.7143096923828,32
Flickr30K/1026792563.jpg,/content/Image_captioning_Local/Flickr30K/flickr30k_images/flickr30k_images/1026792563.jpg,person,0.4036567211151123,253.62728881835938,0.2183765172958374,264.5135192871094,35.54596710205078,32
Flickr30K/1026792563.jpg,/content/Image_captioning_Local/Flickr30K/flickr30k_images/flickr30k_images/1026792563.jpg,banana,0.36956679821014404,0.39782190322875977,420.0246276855469,91.69558715820312,499.7823181152344,32
Flickr30K/1026792563.jpg,/content/Image_captioning_Local/Flickr30K/flickr30k_images/flickr30k_images/1026792563.jpg,person,0.3370448052883148,274.7218017578125,0.38904881477355957,286.54522705078125,37.78614807128906,32
Flickr30K/1026792563.jpg,/content/Image_captioning_Local/Flickr30K/flickr30k_images/flickr30k_images/1026792563.jpg,banana,0.30673113465309143,292.0382385253906,244.978759765625,333.5709228515625,319.36773681640625,32
Flickr30K/1026792563.jpg,/content/Image_captioning_Local/Flickr30K/flickr30k_images/flickr30k_images/1026792563.jpg,person,0.30568355321884155,310.0367126464844,0.4761340022087097,323.9632873535156,31.266571044921875,32
Flickr30K/1026792563.jpg,/content/Image_captioning_Local/Flickr30K/flickr30k_images/flickr30k_images/1026792563.jpg,person,0.29363128542900085,202.16253662109375,73.32007598876953,232.99449157714844,120.6667251586914,32
Flickr30K/1026792563.jpg,/content/Image_captioning_Local/Flickr30K/flickr30k_images/flickr30k_images/1026792563.jpg,person,0.2878323495388031,213.809814453125,0.2506673336029053,229.65138244628906,27.17246437072754,32
Flickr30K/1026792563.jpg,/content/Image_captioning_Local/Flickr30K/flickr30k_images/flickr30k_images/1026792563.jpg,banana,0.26812833547592163,28.151199340820312,453.8293762207031,78.52316284179688,483.7590026855469,32
Flickr30K/1026792563.jpg,/content/Image_captioning_Local/Flickr30K/flickr30k_images/flickr30k_images/1026792563.jpg,person,0.2581871449947357,287.25164794921875,37.35279846191406,310.1300964355469,77.0665283203125,32
Flickr30K/1026792563.jpg,/content/Image_captioning_Local/Flickr30K/flickr30k_images/flickr30k_images/1026792563.jpg,banana,0.2538760304450989,266.0580139160156,212.9102325439453,295.3822326660156,293.6011657714844,32
Flickr30K/1026792563.jpg,/content/Image_captioning_Local/Flickr30K/flickr30k_images/flickr30k_images/1026792563.jpg,carrot,0.2504996061325073,274.19482421875,163.68539428710938,342.07318115234375,203.58999633789062,32
Flickr30K/1027149103.jpg,/content/Image_captioning_Local/Flickr30K/flickr30k_images/flickr30k_images/1027149103.jpg,person,0.905694842338562,0.31669437885284424,113.16838836669922,97.38227081298828,319.78900146484375,26
Flickr30K/1027149103.jpg,/content/Image_captioning_Local/Flickr30K/flickr30k_images/flickr30k_images/1027149103.jpg,person,0.8859906196594238,198.18446350097656,99.67391204833984,335.71514892578125,317.1146240234375,26
Flickr30K/1027149103.jpg,/content/Image_captioning_Local/Flickr30K/flickr30k_images/flickr30k_images/1027149103.jpg,person,0.8759875893592834,134.75677490234375,169.46475219726562,276.360595703125,326.0032958984375,26
Flickr30K/1027149103.jpg,/content/Image_captioning_Local/Flickr30K/flickr30k_images/flickr30k_images/1027149103.jpg,person,0.676825761795044,444.9303894042969,156.53602600097656,499.98626708984375,256.3401184082031,26
Flickr30K/1027149103.jpg,/content/Image_captioning_Local/Flickr30K/flickr30k_images/flickr30k_images/1027149103.jpg,person,0.5925232768058777,286.1241149902344,123.77989196777344,477.58502197265625,373.5761413574219,26
Flickr30K/1027149103.jpg,/content/Image_captioning_Local/Flickr30K/flickr30k_images/flickr30k_images/1027149103.jpg,handbag,0.5647314190864563,15.200553894042969,150.2970428466797,69.8215560913086,254.5048065185547,26
Flickr30K/1027149103.jpg,/content/Image_captioning_Local/Flickr30K/flickr30k_images/flickr30k_images/1027149103.jpg,person,0.5584444403648376,36.20060348510742,311.3565368652344,98.46963500976562,359.59234619140625,26
Flickr30K/1027149103.jpg,/content/Image_captioning_Local/Flickr30K/flickr30k_images/flickr30k_images/1027149103.jpg,person,0.5472849607467651,0.1698508858680725,141.07266235351562,33.203548431396484,229.59112548828125,26
Flickr30K/1027149103.jpg,/content/Image_captioning_Local/Flickr30K/flickr30k_images/flickr30k_images/1027149103.jpg,person,0.5462627410888672,62.122047424316406,333.00311279296875,243.7213134765625,374.9862976074219,26
Flickr30K/1027149103.jpg,/content/Image_captioning_Local/Flickr30K/flickr30k_images/flickr30k_images/1027149103.jpg,person,0.5422487258911133,86.38480377197266,248.64346313476562,203.94432067871094,342.531005859375,26
Flickr30K/1027149103.jpg,/content/Image_captioning_Local/Flickr30K/flickr30k_images/flickr30k_images/1027149103.jpg,person,0.5273747444152832,0.17844513058662415,331.0208740234375,72.7110366821289,374.99334716796875,26
Flickr30K/1027149103.jpg,/content/Image_captioning_Local/Flickr30K/flickr30k_images/flickr30k_images/1027149103.jpg,person,0.4743412733078003,394.6369323730469,263.6696472167969,474.31500244140625,351.3462219238281,26
Flickr30K/1027149103.jpg,/content/Image_captioning_Local/Flickr30K/flickr30k_images/flickr30k_images/1027149103.jpg,person,0.4729727506637573,209.22084045410156,300.9397277832031,279.1220703125,359.4990539550781,26
Flickr30K/1027149103.jpg,/content/Image_captioning_Local/Flickr30K/flickr30k_images/flickr30k_images/1027149103.jpg,person,0.4640059769153595,240.37664794921875,320.7375183105469,296.9709777832031,374.69140625,26
Flickr30K/1027149103.jpg,/content/Image_captioning_Local/Flickr30K/flickr30k_images/flickr30k_images/1027149103.jpg,person,0.4493531882762909,148.59231567382812,149.50238037109375,205.65423583984375,214.1407928466797,26
Flickr30K/1027149103.jpg,/content/Image_captioning_Local/Flickr30K/flickr30k_images/flickr30k_images/1027149103.jpg,person,0.3898718059062958,95.90984344482422,313.0797424316406,148.5209503173828,343.0909118652344,26
Flickr30K/1027149103.jpg,/content/Image_captioning_Local/Flickr30K/flickr30k_images/flickr30k_images/1027149103.jpg,person,0.3580898940563202,285.76507568359375,125.68740844726562,422.59600830078125,373.5343017578125,26
Flickr30K/1027149103.jpg,/content/Image_captioning_Local/Flickr30K/flickr30k_images/flickr30k_images/1027149103.jpg,person,0.3368859887123108,448.6077575683594,334.6786193847656,499.865234375,375.03155517578125,26
Flickr30K/1027149103.jpg,/content/Image_captioning_Local/Flickr30K/flickr30k_images/flickr30k_images/1027149103.jpg,person,0.31844043731689453,210.73046875,154.01235961914062,240.40147399902344,184.60110473632812,26
Flickr30K/1027149103.jpg,/content/Image_captioning_Local/Flickr30K/flickr30k_images/flickr30k_images/1027149103.jpg,person,0.30520498752593994,287.13018798828125,122.98294830322266,499.1853332519531,373.71588134765625,26
Flickr30K/1027149103.jpg,/content/Image_captioning_Local/Flickr30K/flickr30k_images/flickr30k_images/1027149103.jpg,person,0.3026532828807831,450.931396484375,265.3707580566406,499.759033203125,337.572265625,26
Flickr30K/1027149103.jpg,/content/Image_captioning_Local/Flickr30K/flickr30k_images/flickr30k_images/1027149103.jpg,person,0.29781773686408997,393.0708923339844,336.9268493652344,448.9751281738281,366.2480773925781,26
Flickr30K/1027149103.jpg,/content/Image_captioning_Local/Flickr30K/flickr30k_images/flickr30k_images/1027149103.jpg,person,0.288908988237381,34.75656509399414,246.09178161621094,203.5224151611328,352.359619140625,26
Flickr30K/1027149103.jpg,/content/Image_captioning_Local/Flickr30K/flickr30k_images/flickr30k_images/1027149103.jpg,sports ball,0.2828446924686432,356.03082275390625,39.40133285522461,387.9557800292969,73.88492584228516,26
Flickr30K/1027149103.jpg,/content/Image_captioning_Local/Flickr30K/flickr30k_images/flickr30k_images/1027149103.jpg,person,0.2793993651866913,451.2193298339844,251.85556030273438,499.836669921875,336.45733642578125,26
Flickr30K/1027149103.jpg,/content/Image_captioning_Local/Flickr30K/flickr30k_images/flickr30k_images/1027149103.jpg,person,0.2712869942188263,364.45062255859375,264.0557556152344,412.5888977050781,370.7124328613281,26
Flickr30K/1027211271.jpg,/content/Image_captioning_Local/Flickr30K/flickr30k_images/flickr30k_images/1027211271.jpg,person,0.9560129046440125,83.24857330322266,58.57381820678711,312.1817626953125,301.65155029296875,16
Flickr30K/1027211271.jpg,/content/Image_captioning_Local/Flickr30K/flickr30k_images/flickr30k_images/1027211271.jpg,person,0.9155471324920654,141.08470153808594,354.627197265625,183.92071533203125,443.4298400878906,16
Flickr30K/1027211271.jpg,/content/Image_captioning_Local/Flickr30K/flickr30k_images/flickr30k_images/1027211271.jpg,skateboard,0.9068902730941772,200.92396545410156,269.323974609375,289.49713134765625,331.34295654296875,16
Flickr30K/1027211271.jpg,/content/Image_captioning_Local/Flickr30K/flickr30k_images/flickr30k_images/1027211271.jpg,person,0.906200647354126,93.40384674072266,349.2606201171875,131.1227264404297,435.290283203125,16
Flickr30K/1027211271.jpg,/content/Image_captioning_Local/Flickr30K/flickr30k_images/flickr30k_images/1027211271.jpg,person,0.9045438766479492,171.10560607910156,347.50347900390625,205.11708068847656,444.74072265625,16
Flickr30K/1027211271.jpg,/content/Image_captioning_Local/Flickr30K/flickr30k_images/flickr30k_images/1027211271.jpg,person,0.8985914587974548,200.3785858154297,359.5901184082031,240.22837829589844,446.767578125,16
Flickr30K/1027211271.jpg,/content/Image_captioning_Local/Flickr30K/flickr30k_images/flickr30k_images/1027211271.jpg,person,0.8975185751914978,59.63759231567383,354.94384765625,96.47588348388672,437.70172119140625,16
Flickr30K/1027211271.jpg,/content/Image_captioning_Local/Flickr30K/flickr30k_images/flickr30k_images/1027211271.jpg,person,0.8697771430015564,15.640218734741211,362.36114501953125,55.15499496459961,435.6603088378906,16
Flickr30K/1027211271.jpg,/content/Image_captioning_Local/Flickr30K/flickr30k_images/flickr30k_images/1027211271.jpg,person,0.7542474865913391,49.4654655456543,414.2462463378906,79.68785858154297,437.8020324707031,16
Flickr30K/1027211271.jpg,/content/Image_captioning_Local/Flickr30K/flickr30k_images/flickr30k_images/1027211271.jpg,person,0.7160547375679016,237.3099365234375,358.2763977050781,266.8862609863281,407.70562744140625,16
Flickr30K/1027211271.jpg,/content/Image_captioning_Local/Flickr30K/flickr30k_images/flickr30k_images/1027211271.jpg,person,0.6471424698829651,82.90470123291016,415.0285949707031,111.4515151977539,439.965087890625,16
Flickr30K/1027211271.jpg,/content/Image_captioning_Local/Flickr30K/flickr30k_images/flickr30k_images/1027211271.jpg,person,0.6398457288742065,17.762908935546875,342.43853759765625,57.495361328125,389.6208801269531,16
Flickr30K/1027211271.jpg,/content/Image_captioning_Local/Flickr30K/flickr30k_images/flickr30k_images/1027211271.jpg,person,0.5815134644508362,0.2926366925239563,352.38800048828125,20.59099769592285,434.693603515625,16
Flickr30K/1027211271.jpg,/content/Image_captioning_Local/Flickr30K/flickr30k_images/flickr30k_images/1027211271.jpg,person,0.5242067575454712,111.9053955078125,421.2008972167969,139.23452758789062,442.23870849609375,16
Flickr30K/1027211271.jpg,/content/Image_captioning_Local/Flickr30K/flickr30k_images/flickr30k_images/1027211271.jpg,person,0.3448229730129242,272.632568359375,361.7659606933594,288.5100402832031,372.9053955078125,16
Flickr30K/1027211271.jpg,/content/Image_captioning_Local/Flickr30K/flickr30k_images/flickr30k_images/1027211271.jpg,person,0.3346760869026184,17.023500442504883,342.4486389160156,57.531314849853516,434.66461181640625,16
Flickr30K/1028205764.jpg,/content/Image_captioning_Local/Flickr30K/flickr30k_images/flickr30k_images/1028205764.jpg,boat,0.9026437997817993,-0.12905895709991455,154.23817443847656,499.86297607421875,231.55029296875,6
Flickr30K/1028205764.jpg,/content/Image_captioning_Local/Flickr30K/flickr30k_images/flickr30k_images/1028205764.jpg,person,0.7444677948951721,198.6473846435547,38.291015625,365.68206787109375,186.98915100097656,6
Flickr30K/1028205764.jpg,/content/Image_captioning_Local/Flickr30K/flickr30k_images/flickr30k_images/1028205764.jpg,person,0.5331137776374817,97.49241638183594,131.95166015625,273.82525634765625,178.8870849609375,6
Flickr30K/1028205764.jpg,/content/Image_captioning_Local/Flickr30K/flickr30k_images/flickr30k_images/1028205764.jpg,person,0.42259886860847473,97.50942993164062,38.42962646484375,368.3658142089844,186.94277954101562,6
Flickr30K/1028205764.jpg,/content/Image_captioning_Local/Flickr30K/flickr30k_images/flickr30k_images/1028205764.jpg,person,0.37713342905044556,97.22262573242188,132.3633575439453,203.68495178222656,177.69839477539062,6
Flickr30K/1028205764.jpg,/content/Image_captioning_Local/Flickr30K/flickr30k_images/flickr30k_images/1028205764.jpg,person,0.30816590785980225,151.95025634765625,132.70980834960938,203.23751831054688,177.51541137695312,6
Flickr30K/102851549.jpg,/content/Image_captioning_Local/Flickr30K/flickr30k_images/flickr30k_images/102851549.jpg,person,0.9452509880065918,282.8043212890625,129.17259216308594,374.92462158203125,455.60321044921875,21
Flickr30K/102851549.jpg,/content/Image_captioning_Local/Flickr30K/flickr30k_images/flickr30k_images/102851549.jpg,person,0.9196308851242065,74.62799072265625,258.9123229980469,189.53176879882812,476.60882568359375,21
Flickr30K/102851549.jpg,/content/Image_captioning_Local/Flickr30K/flickr30k_images/flickr30k_images/102851549.jpg,person,0.8855009078979492,183.58969116210938,132.46913146972656,210.65081787109375,218.43792724609375,21
Flickr30K/102851549.jpg,/content/Image_captioning_Local/Flickr30K/flickr30k_images/flickr30k_images/102851549.jpg,person,0.8687300682067871,164.5560302734375,129.97120666503906,183.4192657470703,202.68759155273438,21
Flickr30K/102851549.jpg,/content/Image_captioning_Local/Flickr30K/flickr30k_images/flickr30k_images/102851549.jpg,chair,0.8495495915412903,22.763132095336914,272.2383728027344,163.57992553710938,497.8055419921875,21
Flickr30K/102851549.jpg,/content/Image_captioning_Local/Flickr30K/flickr30k_images/flickr30k_images/102851549.jpg,bench,0.6883679032325745,217.1574249267578,199.33853149414062,257.9541320800781,241.35276794433594,21
Flickr30K/102851549.jpg,/content/Image_captioning_Local/Flickr30K/flickr30k_images/flickr30k_images/102851549.jpg,person,0.6620532274246216,7.951073169708252,241.03518676757812,223.76425170898438,404.1497497558594,21
Flickr30K/102851549.jpg,/content/Image_captioning_Local/Flickr30K/flickr30k_images/flickr30k_images/102851549.jpg,person,0.4716709852218628,210.54901123046875,154.8661346435547,235.84312438964844,203.40875244140625,21
Flickr30K/102851549.jpg,/content/Image_captioning_Local/Flickr30K/flickr30k_images/flickr30k_images/102851549.jpg,handbag,0.46030867099761963,176.38343811035156,156.3358917236328,185.1706085205078,172.07479858398438,21
Flickr30K/102851549.jpg,/content/Image_captioning_Local/Flickr30K/flickr30k_images/flickr30k_images/102851549.jpg,chair,0.43075674772262573,0.30118972063064575,398.9010009765625,166.16009521484375,499.39874267578125,21
Flickr30K/102851549.jpg,/content/Image_captioning_Local/Flickr30K/flickr30k_images/flickr30k_images/102851549.jpg,person,0.4220949113368988,202.10789489746094,131.8982391357422,213.70245361328125,168.56961059570312,21
Flickr30K/102851549.jpg,/content/Image_captioning_Local/Flickr30K/flickr30k_images/flickr30k_images/102851549.jpg,person,0.4149899184703827,210.18617248535156,133.98245239257812,236.72743225097656,202.36605834960938,21
Flickr30K/102851549.jpg,/content/Image_captioning_Local/Flickr30K/flickr30k_images/flickr30k_images/102851549.jpg,chair,0.37203219532966614,0.1187492161989212,398.8816223144531,40.48295211791992,497.7101745605469,21
Flickr30K/102851549.jpg,/content/Image_captioning_Local/Flickr30K/flickr30k_images/flickr30k_images/102851549.jpg,person,0.36486539244651794,201.6249542236328,131.86492919921875,215.19613647460938,197.9342041015625,21
Flickr30K/102851549.jpg,/content/Image_captioning_Local/Flickr30K/flickr30k_images/flickr30k_images/102851549.jpg,person,0.3645077645778656,8.079110145568848,240.1329345703125,110.65721130371094,323.28350830078125,21
Flickr30K/102851549.jpg,/content/Image_captioning_Local/Flickr30K/flickr30k_images/flickr30k_images/102851549.jpg,handbag,0.3346591591835022,175.8480987548828,143.44862365722656,185.20919799804688,172.40306091308594,21
Flickr30K/102851549.jpg,/content/Image_captioning_Local/Flickr30K/flickr30k_images/flickr30k_images/102851549.jpg,person,0.3065964877605438,209.28762817382812,133.86080932617188,223.5509033203125,193.2256317138672,21
Flickr30K/102851549.jpg,/content/Image_captioning_Local/Flickr30K/flickr30k_images/flickr30k_images/102851549.jpg,person,0.2991989254951477,124.73662567138672,261.1771240234375,223.7686004638672,402.81890869140625,21
Flickr30K/102851549.jpg,/content/Image_captioning_Local/Flickr30K/flickr30k_images/flickr30k_images/102851549.jpg,person,0.2740817070007324,202.63389587402344,131.79701232910156,212.63880920410156,146.4683380126953,21
Flickr30K/102851549.jpg,/content/Image_captioning_Local/Flickr30K/flickr30k_images/flickr30k_images/102851549.jpg,person,0.26693129539489746,87.3247299194336,258.81768798828125,223.86834716796875,402.664794921875,21
Flickr30K/102851549.jpg,/content/Image_captioning_Local/Flickr30K/flickr30k_images/flickr30k_images/102851549.jpg,person,0.2532552480697632,69.84967041015625,258.9042053222656,223.6485595703125,403.25872802734375,21
Flickr30K/102860573.jpg,/content/Image_captioning_Local/Flickr30K/flickr30k_images/flickr30k_images/102860573.jpg,person,0.9360531568527222,293.6363830566406,76.50541687011719,354.5594787597656,229.8824920654297,7
Flickr30K/102860573.jpg,/content/Image_captioning_Local/Flickr30K/flickr30k_images/flickr30k_images/102860573.jpg,fire hydrant,0.9327507615089417,125.1485366821289,218.60784912109375,177.240966796875,335.387939453125,7
Flickr30K/102860573.jpg,/content/Image_captioning_Local/Flickr30K/flickr30k_images/flickr30k_images/102860573.jpg,person,0.9122647047042847,388.887451171875,98.2735824584961,499.3702087402344,276.1058654785156,7
Flickr30K/102860573.jpg,/content/Image_captioning_Local/Flickr30K/flickr30k_images/flickr30k_images/102860573.jpg,person,0.8137542009353638,39.97883987426758,91.73206329345703,80.36791229248047,206.21629333496094,7
Flickr30K/102860573.jpg,/content/Image_captioning_Local/Flickr30K/flickr30k_images/flickr30k_images/102860573.jpg,car,0.7078274488449097,97.66104125976562,86.69123840332031,177.54489135742188,161.1736602783203,7
Flickr30K/102860573.jpg,/content/Image_captioning_Local/Flickr30K/flickr30k_images/flickr30k_images/102860573.jpg,car,0.25856029987335205,25.520917892456055,81.90401458740234,55.1324462890625,125.57565307617188,7
Flickr30K/102860573.jpg,/content/Image_captioning_Local/Flickr30K/flickr30k_images/flickr30k_images/102860573.jpg,truck,0.2547503709793091,97.93040466308594,86.53103637695312,180.3439483642578,162.18223571777344,7
Flickr30K/10287332.jpg,/content/Image_captioning_Local/Flickr30K/flickr30k_images/flickr30k_images/10287332.jpg,person,0.9293316006660461,198.93621826171875,190.2569122314453,252.65777587890625,251.93260192871094,4
Flickr30K/10287332.jpg,/content/Image_captioning_Local/Flickr30K/flickr30k_images/flickr30k_images/10287332.jpg,person,0.9277856349945068,340.1886901855469,255.12327575683594,428.2879943847656,375.20733642578125,4
Flickr30K/10287332.jpg,/content/Image_captioning_Local/Flickr30K/flickr30k_images/flickr30k_images/10287332.jpg,person,0.8673280477523804,115.93446350097656,181.4903106689453,175.3799285888672,220.5108184814453,4
Flickr30K/10287332.jpg,/content/Image_captioning_Local/Flickr30K/flickr30k_images/flickr30k_images/10287332.jpg,skateboard,0.28983670473098755,234.08753967285156,244.81558227539062,252.52264404296875,252.90879821777344,4
Flickr30K/1028982826.jpg,/content/Image_captioning_Local/Flickr30K/flickr30k_images/flickr30k_images/1028982826.jpg,person,0.9466018676757812,296.461669921875,210.31065368652344,348.6337890625,334.9531555175781,10
Flickr30K/1028982826.jpg,/content/Image_captioning_Local/Flickr30K/flickr30k_images/flickr30k_images/1028982826.jpg,person,0.9368317723274231,227.03720092773438,209.17648315429688,288.92938232421875,336.21392822265625,10
Flickr30K/1028982826.jpg,/content/Image_captioning_Local/Flickr30K/flickr30k_images/flickr30k_images/1028982826.jpg,suitcase,0.7622973918914795,373.4775695800781,227.14256286621094,421.46856689453125,330.61651611328125,10
Flickr30K/1028982826.jpg,/content/Image_captioning_Local/Flickr30K/flickr30k_images/flickr30k_images/1028982826.jpg,bench,0.7516993284225464,156.6040802001953,262.7274475097656,375.5956115722656,331.89434814453125,10
Flickr30K/1028982826.jpg,/content/Image_captioning_Local/Flickr30K/flickr30k_images/flickr30k_images/1028982826.jpg,person,0.5559360384941101,65.85338592529297,116.8645248413086,154.9090576171875,227.18731689453125,10
Flickr30K/1028982826.jpg,/content/Image_captioning_Local/Flickr30K/flickr30k_images/flickr30k_images/1028982826.jpg,person,0.5144751071929932,148.51583862304688,117.98924255371094,222.84718322753906,227.22996520996094,10
Flickr30K/1028982826.jpg,/content/Image_captioning_Local/Flickr30K/flickr30k_images/flickr30k_images/1028982826.jpg,handbag,0.45288053154945374,352.3742370605469,265.7401123046875,375.5313415527344,286.9744873046875,10
Flickr30K/1028982826.jpg,/content/Image_captioning_Local/Flickr30K/flickr30k_images/flickr30k_images/1028982826.jpg,handbag,0.41193222999572754,253.6793670654297,280.2301940917969,269.9910583496094,302.75946044921875,10
Flickr30K/1028982826.jpg,/content/Image_captioning_Local/Flickr30K/flickr30k_images/flickr30k_images/1028982826.jpg,backpack,0.3564521074295044,352.3742370605469,265.7401123046875,375.5313415527344,286.9744873046875,10
Flickr30K/1028982826.jpg,/content/Image_captioning_Local/Flickr30K/flickr30k_images/flickr30k_images/1028982826.jpg,suitcase,0.30491843819618225,373.44927978515625,257.8894958496094,420.94439697265625,330.3011779785156,10
Flickr30K/1029450589.jpg,/content/Image_captioning_Local/Flickr30K/flickr30k_images/flickr30k_images/1029450589.jpg,person,0.9356326460838318,-0.24040043354034424,215.0999755859375,299.5086975097656,332.8779296875,28
Flickr30K/1029450589.jpg,/content/Image_captioning_Local/Flickr30K/flickr30k_images/flickr30k_images/1029450589.jpg,bottle,0.9162203073501587,377.089599609375,159.43145751953125,413.8145751953125,278.0340576171875,28
Flickr30K/1029450589.jpg,/content/Image_captioning_Local/Flickr30K/flickr30k_images/flickr30k_images/1029450589.jpg,couch,0.6649491786956787,-0.10107457637786865,167.757080078125,357.88238525390625,334.09698486328125,28
Flickr30K/1029450589.jpg,/content/Image_captioning_Local/Flickr30K/flickr30k_images/flickr30k_images/1029450589.jpg,book,0.5693728923797607,411.6565246582031,36.89339065551758,452.5755310058594,106.62123107910156,28
Flickr30K/1029450589.jpg,/content/Image_captioning_Local/Flickr30K/flickr30k_images/flickr30k_images/1029450589.jpg,book,0.5638841390609741,432.46405029296875,49.11861038208008,467.9967041015625,106.11873626708984,28
Flickr30K/1029450589.jpg,/content/Image_captioning_Local/Flickr30K/flickr30k_images/flickr30k_images/1029450589.jpg,book,0.5234200954437256,412.5468444824219,39.595420837402344,445.3307189941406,106.65587615966797,28
Flickr30K/1029450589.jpg,/content/Image_captioning_Local/Flickr30K/flickr30k_images/flickr30k_images/1029450589.jpg,book,0.4901195466518402,431.40338134765625,50.11109924316406,455.641845703125,104.46503448486328,28
Flickr30K/1029450589.jpg,/content/Image_captioning_Local/Flickr30K/flickr30k_images/flickr30k_images/1029450589.jpg,bottle,0.446662038564682,430.48858642578125,184.87973022460938,450.56610107421875,276.98699951171875,28
Flickr30K/1029450589.jpg,/content/Image_captioning_Local/Flickr30K/flickr30k_images/flickr30k_images/1029450589.jpg,bed,0.4233063757419586,-0.10107457637786865,167.757080078125,357.88238525390625,334.09698486328125,28
Flickr30K/1029450589.jpg,/content/Image_captioning_Local/Flickr30K/flickr30k_images/flickr30k_images/1029450589.jpg,book,0.403442919254303,389.72100830078125,264.91436767578125,437.65924072265625,277.7286071777344,28
Flickr30K/1029450589.jpg,/content/Image_captioning_Local/Flickr30K/flickr30k_images/flickr30k_images/1029450589.jpg,person,0.3713068962097168,260.7310485839844,148.07252502441406,275.7604064941406,171.56439208984375,28
Flickr30K/1029450589.jpg,/content/Image_captioning_Local/Flickr30K/flickr30k_images/flickr30k_images/1029450589.jpg,book,0.33992695808410645,421.6519470214844,61.05402374267578,440.9425354003906,106.94702911376953,28
Flickr30K/1029450589.jpg,/content/Image_captioning_Local/Flickr30K/flickr30k_images/flickr30k_images/1029450589.jpg,book,0.33314332365989685,412.51690673828125,41.524681091308594,424.9534606933594,107.12964630126953,28
Flickr30K/1029450589.jpg,/content/Image_captioning_Local/Flickr30K/flickr30k_images/flickr30k_images/1029450589.jpg,book,0.3210122585296631,434.4188537597656,49.03340530395508,479.3765563964844,106.12322998046875,28
Flickr30K/1029450589.jpg,/content/Image_captioning_Local/Flickr30K/flickr30k_images/flickr30k_images/1029450589.jpg,book,0.29869669675827026,407.14215087890625,29.89153289794922,482.07281494140625,108.45489501953125,28
Flickr30K/1029450589.jpg,/content/Image_captioning_Local/Flickr30K/flickr30k_images/flickr30k_images/1029450589.jpg,bed,0.29564976692199707,0.30525028705596924,213.4290313720703,357.0090637207031,333.72528076171875,28
Flickr30K/1029450589.jpg,/content/Image_captioning_Local/Flickr30K/flickr30k_images/flickr30k_images/1029450589.jpg,book,0.27662894129753113,439.6256408691406,49.420074462890625,471.3713684082031,106.08733367919922,28
Flickr30K/1029450589.jpg,/content/Image_captioning_Local/Flickr30K/flickr30k_images/flickr30k_images/1029450589.jpg,person,0.2753976285457611,277.51690673828125,153.4689483642578,287.0446472167969,171.7334747314453,28
Flickr30K/1029450589.jpg,/content/Image_captioning_Local/Flickr30K/flickr30k_images/flickr30k_images/1029450589.jpg,book,0.2695198357105255,446.5644836425781,63.86775207519531,468.9704284667969,106.04820251464844,28
Flickr30K/1029450589.jpg,/content/Image_captioning_Local/Flickr30K/flickr30k_images/flickr30k_images/1029450589.jpg,person,0.26938965916633606,315.7270812988281,151.87034606933594,332.35284423828125,171.33824157714844,28
Flickr30K/1029450589.jpg,/content/Image_captioning_Local/Flickr30K/flickr30k_images/flickr30k_images/1029450589.jpg,book,0.2666469216346741,417.6086120605469,55.50310134887695,425.42529296875,107.13605499267578,28
Flickr30K/1029450589.jpg,/content/Image_captioning_Local/Flickr30K/flickr30k_images/flickr30k_images/1029450589.jpg,book,0.26385244727134705,417.2332763671875,54.49703598022461,425.7083435058594,107.17495727539062,28
Flickr30K/1029450589.jpg,/content/Image_captioning_Local/Flickr30K/flickr30k_images/flickr30k_images/1029450589.jpg,bottle,0.2615196704864502,448.84912109375,182.9253692626953,492.4362487792969,282.71063232421875,28
Flickr30K/1029450589.jpg,/content/Image_captioning_Local/Flickr30K/flickr30k_images/flickr30k_images/1029450589.jpg,book,0.2608175277709961,387.4014892578125,273.4807434082031,450.2313537597656,286.4396667480469,28
Flickr30K/1029450589.jpg,/content/Image_captioning_Local/Flickr30K/flickr30k_images/flickr30k_images/1029450589.jpg,bed,0.2605147659778595,0.1252591609954834,206.9695281982422,356.7522277832031,333.6791076660156,28
Flickr30K/1029450589.jpg,/content/Image_captioning_Local/Flickr30K/flickr30k_images/flickr30k_images/1029450589.jpg,book,0.26004981994628906,0.1574135422706604,29.638933181762695,8.8212251663208,66.08220672607422,28
Flickr30K/1029450589.jpg,/content/Image_captioning_Local/Flickr30K/flickr30k_images/flickr30k_images/1029450589.jpg,book,0.2528429329395294,418.6568298339844,57.03693771362305,426.1310119628906,107.15118408203125,28
Flickr30K/1029450589.jpg,/content/Image_captioning_Local/Flickr30K/flickr30k_images/flickr30k_images/1029450589.jpg,remote,0.25192004442214966,391.2067565917969,256.6954650878906,431.51495361328125,266.9607238769531,28
Flickr30K/1029737941.jpg,/content/Image_captioning_Local/Flickr30K/flickr30k_images/flickr30k_images/1029737941.jpg,person,0.8847138285636902,308.47772216796875,246.3729248046875,375.11114501953125,499.3191223144531,24
Flickr30K/1029737941.jpg,/content/Image_captioning_Local/Flickr30K/flickr30k_images/flickr30k_images/1029737941.jpg,person,0.8774965405464172,30.256982803344727,72.73411560058594,267.6777648925781,499.38189697265625,24
Flickr30K/1029737941.jpg,/content/Image_captioning_Local/Flickr30K/flickr30k_images/flickr30k_images/1029737941.jpg,person,0.8440589308738708,23.984500885009766,154.84463500976562,77.35688781738281,213.7040252685547,24
Flickr30K/1029737941.jpg,/content/Image_captioning_Local/Flickr30K/flickr30k_images/flickr30k_images/1029737941.jpg,person,0.6130037307739258,274.80712890625,292.8231506347656,328.0506896972656,429.4292907714844,24
Flickr30K/1029737941.jpg,/content/Image_captioning_Local/Flickr30K/flickr30k_images/flickr30k_images/1029737941.jpg,person,0.5855391025543213,236.30198669433594,297.8987121582031,361.5621032714844,499.83245849609375,24
Flickr30K/1029737941.jpg,/content/Image_captioning_Local/Flickr30K/flickr30k_images/flickr30k_images/1029737941.jpg,person,0.5030906200408936,168.40301513671875,298.52838134765625,364.7731018066406,499.9349670410156,24
Flickr30K/1029737941.jpg,/content/Image_captioning_Local/Flickr30K/flickr30k_images/flickr30k_images/1029737941.jpg,person,0.47518080472946167,264.7799072265625,274.7857360839844,299.2645263671875,302.5102844238281,24
Flickr30K/1029737941.jpg,/content/Image_captioning_Local/Flickr30K/flickr30k_images/flickr30k_images/1029737941.jpg,person,0.4672747552394867,185.8575439453125,265.8135070800781,219.7636260986328,314.02447509765625,24
Flickr30K/1029737941.jpg,/content/Image_captioning_Local/Flickr30K/flickr30k_images/flickr30k_images/1029737941.jpg,umbrella,0.4325597882270813,346.89459228515625,122.38138580322266,375.0933532714844,142.79534912109375,24
Flickr30K/1029737941.jpg,/content/Image_captioning_Local/Flickr30K/flickr30k_images/flickr30k_images/1029737941.jpg,person,0.3923344612121582,239.00717163085938,170.0691375732422,269.38818359375,200.38153076171875,24
Flickr30K/1029737941.jpg,/content/Image_captioning_Local/Flickr30K/flickr30k_images/flickr30k_images/1029737941.jpg,person,0.3902362883090973,213.3822021484375,170.24673461914062,269.4375915527344,212.63433837890625,24
Flickr30K/1029737941.jpg,/content/Image_captioning_Local/Flickr30K/flickr30k_images/flickr30k_images/1029737941.jpg,potted plant,0.3310793936252594,-0.09359791874885559,194.98011779785156,73.12574005126953,278.7747802734375,24
Flickr30K/1029737941.jpg,/content/Image_captioning_Local/Flickr30K/flickr30k_images/flickr30k_images/1029737941.jpg,person,0.3191021680831909,354.8921813964844,291.832763671875,374.9909362792969,329.3484802246094,24
Flickr30K/1029737941.jpg,/content/Image_captioning_Local/Flickr30K/flickr30k_images/flickr30k_images/1029737941.jpg,person,0.318842351436615,169.8694305419922,206.16864013671875,372.3783264160156,499.1769104003906,24
Flickr30K/1029737941.jpg,/content/Image_captioning_Local/Flickr30K/flickr30k_images/flickr30k_images/1029737941.jpg,donut,0.3005673289299011,227.7335205078125,197.3890838623047,253.0723419189453,209.5743865966797,24
Flickr30K/1029737941.jpg,/content/Image_captioning_Local/Flickr30K/flickr30k_images/flickr30k_images/1029737941.jpg,person,0.2950379550457001,183.2578887939453,200.06405639648438,271.6466064453125,375.28741455078125,24
Flickr30K/1029737941.jpg,/content/Image_captioning_Local/Flickr30K/flickr30k_images/flickr30k_images/1029737941.jpg,person,0.28450533747673035,167.39735412597656,312.632568359375,313.6490478515625,499.926025390625,24
Flickr30K/1029737941.jpg,/content/Image_captioning_Local/Flickr30K/flickr30k_images/flickr30k_images/1029737941.jpg,person,0.28018224239349365,0.17117244005203247,336.3109130859375,61.17877197265625,500.05072021484375,24
Flickr30K/1029737941.jpg,/content/Image_captioning_Local/Flickr30K/flickr30k_images/flickr30k_images/1029737941.jpg,potted plant,0.27539175748825073,160.35104370117188,202.4945831298828,214.2894287109375,242.24082946777344,24
Flickr30K/1029737941.jpg,/content/Image_captioning_Local/Flickr30K/flickr30k_images/flickr30k_images/1029737941.jpg,person,0.2703828811645508,362.9398498535156,269.08721923828125,374.9853820800781,297.46356201171875,24
Flickr30K/1029737941.jpg,/content/Image_captioning_Local/Flickr30K/flickr30k_images/flickr30k_images/1029737941.jpg,potted plant,0.2647607922554016,160.3739776611328,202.7589111328125,202.517822265625,242.55455017089844,24
Flickr30K/1029737941.jpg,/content/Image_captioning_Local/Flickr30K/flickr30k_images/flickr30k_images/1029737941.jpg,potted plant,0.2608071565628052,-0.12896674871444702,186.4129638671875,73.79729461669922,336.3634033203125,24
Flickr30K/1029737941.jpg,/content/Image_captioning_Local/Flickr30K/flickr30k_images/flickr30k_images/1029737941.jpg,person,0.2606494724750519,184.37449645996094,310.38916015625,236.90504455566406,394.4171142578125,24
Flickr30K/1029737941.jpg,/content/Image_captioning_Local/Flickr30K/flickr30k_images/flickr30k_images/1029737941.jpg,book,0.250163733959198,320.91693115234375,378.0014953613281,364.9457092285156,413.0721435546875,24
